feature,classification,rationale,pearson_abs,spearman_abs,permutation_importance,shap_importance,pearson_rank,spearman_rank,permutation_rank,shap_rank,cluster_rank,cooccurrence_rank,fold_stability_cv,fold_top20_count
MaskSetSupplyChipsCount,nonlinear_predictor,high SHAP/permutation importance despite weak linear/monotonic correlation -- signal is not capturable by Pearson/Spearman alone (e.g. process-window/threshold shape),0.06647667675036277,0.04601770621567218,0.04003377768707479,0.02186537971148144,1148.0,1354.0,17.0,31.0,436.0,1223.0,0.2972937706327795,0
ANODE_ET_C_AN_2,currently_inconclusive,does not cleanly satisfy any strong/nonlinear/interaction/cluster/weak criterion -- insufficient evidence either way,0.12198121778043453,0.10100733103015563,3.3944681138148304e-05,0.00022740564619168392,632.0,824.0,796.0,762.0,946.0,886.0,1.2009686872062537,0
ANODE_ET_C_AN_2_OW_CR,interaction_dependent_predictor,weak individual importance but frequently co-occurs with important features in the same trees,0.15800989452636885,0.14966478799373498,-5.5742162416300145e-06,0.001968956991348954,427.0,465.0,1536.0,323.0,636.0,27.0,1.4383714389861837,0
ANODE_ET_Probe_Number,interaction_dependent_predictor,weak individual importance but frequently co-occurs with important features in the same trees,0.04466413890150569,0.02904419958019115,0.0009523362697816756,0.0016662402670543546,1343.0,1494.0,291.0,351.0,655.0,133.0,0.9812025637417364,0
ANODE_ET_Ran_con_1,nonlinear_predictor,high SHAP/permutation importance despite weak linear/monotonic correlation -- signal is not capturable by Pearson/Spearman alone (e.g. process-window/threshold shape),0.1027955569982206,0.14562013007772268,0.005999118717230076,0.012696909992139037,782.0,499.0,75.0,50.0,448.0,1223.0,0.46231861463801105,0
ANODE_ET_Ran_con_1_OW_CR,interaction_dependent_predictor,weak individual importance but frequently co-occurs with important features in the same trees,0.11551088594273426,0.14729644077335352,3.480765804627084e-05,0.0004091669230052252,677.0,482.0,791.0,615.0,848.0,191.0,1.8729045409865541,0
ANODE_ET_Ran_con_2,currently_inconclusive,does not cleanly satisfy any strong/nonlinear/interaction/cluster/weak criterion -- insufficient evidence either way,0.004021557754397713,0.015132576454671717,1.1862806333509668e-05,0.00012038269657426652,1681.0,1605.0,974.0,964.0,1082.0,609.0,1.0546210834756857,0
ANODE_ET_Ran_con_2_OW_CR,currently_inconclusive,does not cleanly satisfy any strong/nonlinear/interaction/cluster/weak criterion -- insufficient evidence either way,0.12935991807842145,0.16288126331918373,0.003816029723690209,0.006068586349606256,585.0,386.0,113.0,114.0,499.0,1223.0,0.27310210907785926,0
ANODE_ET_Ran_con_3,currently_inconclusive,does not cleanly satisfy any strong/nonlinear/interaction/cluster/weak criterion -- insufficient evidence either way,0.15788542845102926,0.1988500505919588,-1.0467943025727067e-06,3.420234548431517e-05,428.0,245.0,1471.0,1313.0,1294.0,609.0,1.0321614897746365,0
ANODE_ET_Ran_con_3_OW_CR,currently_inconclusive,does not cleanly satisfy any strong/nonlinear/interaction/cluster/weak criterion -- insufficient evidence either way,0.06433435857498163,0.06691975415622915,2.1926288787765812e-05,0.00019961764084896132,1171.0,1153.0,867.0,801.0,970.0,411.0,1.5381044921780278,0
ANODE_ET_Rc_an_ct2,cluster_family_supported_predictor,weak individual importance but belongs to a correlation cluster with high aggregate importance,0.15676344955916688,0.14354313156766493,1.0302273146978181e-05,0.0003598194268079514,432.0,508.0,993.0,645.0,155.0,411.0,0.6556865450149522,0
ANODE_ET_Rc_an_ct2_OW_CR,nonlinear_predictor,high SHAP/permutation importance despite weak linear/monotonic correlation -- signal is not capturable by Pearson/Spearman alone (e.g. process-window/threshold shape),0.2050138490044569,0.1548526173558993,0.08813186614474619,0.056372203875096595,265.0,426.0,9.0,9.0,155.0,1223.0,0.44084677370084174,3
ANODE_ET_Rsh_an_ct2,currently_inconclusive,does not cleanly satisfy any strong/nonlinear/interaction/cluster/weak criterion -- insufficient evidence either way,0.07435120957850241,0.09883743872840045,0.0014595077173129357,0.0021964684838839178,1054.0,848.0,225.0,297.0,620.0,411.0,1.0908840894201657,0
ANODE_ET_Rsh_an_ct2_OW_CR,interaction_dependent_predictor,weak individual importance but frequently co-occurs with important features in the same trees,0.05074288429648689,0.09475966795362523,6.179030010597664e-05,0.0006421066283586851,1304.0,887.0,678.0,529.0,782.0,96.0,0.7329045209451237,0
BRGM_ET_ABVIETCH,cluster_family_supported_predictor,weak individual importance but belongs to a correlation cluster with high aggregate importance,0.0941355048056614,0.10327922871561682,0.00031490008639676047,0.0008868376536066327,854.0,800.0,432.0,472.0,221.0,886.0,1.969783044513061,0
BRGM_ET_C100,cluster_family_supported_predictor,weak individual importance but belongs to a correlation cluster with high aggregate importance,0.06587424232710545,0.06890897025547232,4.8688553460179974e-05,6.0763576602488494e-05,1155.0,1123.0,722.0,1190.0,221.0,886.0,inf,0
BRGM_ET_C200,cluster_family_supported_predictor,weak individual importance but belongs to a correlation cluster with high aggregate importance,0.07922286818585704,0.09086679582643908,0.0,0.0,989.0,915.0,1210.0,1471.0,221.0,1223.0,0.732446684946332,0
BRGM_ET_C200_0,cluster_family_supported_predictor,weak individual importance but belongs to a correlation cluster with high aggregate importance,0.15170809105789088,0.1467928586394148,2.0489012947136344e-05,5.330044775238761e-05,458.0,493.0,882.0,1217.0,221.0,886.0,1.4549497359187629,0
BRGM_ET_C300,cluster_family_supported_predictor,weak individual importance but belongs to a correlation cluster with high aggregate importance,0.15517954916138674,0.16396043138732416,3.6359420624298977e-07,1.3499733315183784e-05,440.0,380.0,1203.0,1429.0,221.0,1223.0,1.3693100871707562,0
BRGM_ET_C300_0,cluster_family_supported_predictor,weak individual importance but belongs to a correlation cluster with high aggregate importance,0.028744006633343363,0.03805956428782142,0.0,0.0,1483.0,1413.0,1210.0,1471.0,221.0,1223.0,2.027626741667591,0
BRGM_ET_Cap_C300,cluster_family_supported_predictor,weak individual importance but belongs to a correlation cluster with high aggregate importance,0.040767942633008564,0.07480039230786167,7.5472463236664344e-06,4.123862411624476e-05,1381.0,1077.0,1032.0,1283.0,221.0,1223.0,1.576092248902619,0
BRGM_ET_F_AB,cluster_family_supported_predictor,weak individual importance but belongs to a correlation cluster with high aggregate importance,0.13913686277976364,0.15741497481587854,9.886003624995366e-06,2.2275268363207483e-05,518.0,410.0,997.0,1379.0,221.0,886.0,1.5580865746616583,0
BRGM_ET_i5021_1,cluster_family_supported_predictor,weak individual importance but belongs to a correlation cluster with high aggregate importance,0.09559331308767992,0.08339529037938781,0.0,0.0,833.0,994.0,1210.0,1471.0,221.0,1223.0,1.5685369265851474,0
BRGM_ET_i5021_2,cluster_family_supported_predictor,weak individual importance but belongs to a correlation cluster with high aggregate importance,0.06950530706116526,0.0791772899812607,0.0,0.0,1112.0,1038.0,1210.0,1471.0,221.0,1223.0,1.4135287511833439,0
BRGM_ET_i5021_3,cluster_family_supported_predictor,weak individual importance but belongs to a correlation cluster with high aggregate importance,0.0545265105943811,0.0653965626531331,-8.790885487927613e-06,1.3077725704096771e-05,1267.0,1176.0,1577.0,1432.0,221.0,886.0,2.1316977642471193,0
BRGM_ET_KLV_F_AB_4u,cluster_family_supported_predictor,weak individual importance but belongs to a correlation cluster with high aggregate importance,0.06139994110003689,0.04941394133424451,5.498103219872819e-05,0.0002828561946479857,1189.0,1319.0,699.0,708.0,221.0,411.0,1.122302550234158,0
BRGM_ET_KLV_F_M1_4u,cluster_family_supported_predictor,weak individual importance but belongs to a correlation cluster with high aggregate importance,0.05763135215347649,0.06348757301035586,8.936764264422248e-06,2.2928521865454376e-05,1232.0,1196.0,1011.0,1373.0,221.0,886.0,1.4179987794528448,0
BRGM_ET_lkg_C200,cluster_family_supported_predictor,weak individual importance but belongs to a correlation cluster with high aggregate importance,0.10881431800783153,0.12097082912099631,0.0,0.0,734.0,657.0,1210.0,1471.0,221.0,1223.0,1.2717283902281067,0
BRGM_ET_lkg_C300,cluster_family_supported_predictor,weak individual importance but belongs to a correlation cluster with high aggregate importance,0.07146127686459189,0.09511768684937773,0.0,0.0,1090.0,884.0,1210.0,1471.0,221.0,1223.0,2.2360679774997894,0
BRGM_ET_lkg_SY07_10,cluster_family_supported_predictor,weak individual importance but belongs to a correlation cluster with high aggregate importance,0.0943502700812844,0.11401557314311518,0.0,0.0,850.0,712.0,1210.0,1471.0,221.0,1223.0,1.7859651188116312,0
BRGM_ET_lkg_SY8_80,cluster_family_supported_predictor,weak individual importance but belongs to a correlation cluster with high aggregate importance,0.07567381725923542,0.1069627564605566,5.317592161990792e-07,2.5220628622086747e-05,1035.0,775.0,1200.0,1354.0,221.0,1223.0,1.4342875662663002,0
BRGM_ET_Probe_Number,interaction_dependent_predictor,weak individual importance but frequently co-occurs with important features in the same trees,0.13824806710553547,0.11545276010700813,4.6543066950757714e-05,0.0004109581904517139,524.0,702.0,730.0,613.0,846.0,27.0,0.8434274722316693,0
BRGM_ET_Rc_F_AB_2,cluster_family_supported_predictor,weak individual importance but belongs to a correlation cluster with high aggregate importance,0.03071563140673839,0.04973218035269119,9.498853755840475e-07,1.225089839179083e-05,1469.0,1312.0,1188.0,1435.0,221.0,886.0,1.1827579898412393,0
BRGM_ET_Rsh_F_AB_2,cluster_family_supported_predictor,weak individual importance but belongs to a correlation cluster with high aggregate importance,0.06846582578585782,0.10238607046482268,-8.79213682899449e-06,0.0001237164477510229,1124.0,806.0,1578.0,955.0,221.0,609.0,inf,0
BRGM_ET_TR_1F,cluster_family_supported_predictor,weak individual importance but belongs to a correlation cluster with high aggregate importance,0.08040212948383166,0.10160602929530604,0.0,0.0,978.0,816.0,1210.0,1471.0,221.0,1223.0,1.6666784804021832,0
CATHODE_ET_C_CAT_2,interaction_dependent_predictor,weak individual importance but frequently co-occurs with important features in the same trees,0.24091046482831205,0.18941355254637013,0.00045397215909336595,0.0007888502862807914,185.0,289.0,383.0,498.0,757.0,96.0,1.682604760698172,0
CATHODE_ET_C_CAT_2_OW_ST,interaction_dependent_predictor,weak individual importance but frequently co-occurs with important features in the same trees,0.16069446230438403,0.20920126358163027,6.20243848095281e-05,0.00014374211069764214,413.0,218.0,674.0,894.0,1035.0,133.0,1.1552120900673315,0
CATHODE_ET_Probe_Number,interaction_dependent_predictor,weak individual importance but frequently co-occurs with important features in the same trees,0.03905555412699263,0.029757570564279034,0.00026162565057068486,0.000742044039938458,1395.0,1487.0,456.0,508.0,764.0,191.0,1.3552005734801131,0
CATHODE_ET_Rc_cat_ct2,currently_inconclusive,does not cleanly satisfy any strong/nonlinear/interaction/cluster/weak criterion -- insufficient evidence either way,0.22037201201608922,0.19470316505828908,0.00019735161542138168,0.0003938123300766605,217.0,261.0,502.0,631.0,774.0,886.0,1.9432356003246374,0
CATHODE_ET_Rc_cat_ct2_OW_ST,cluster_family_supported_predictor,weak individual importance but belongs to a correlation cluster with high aggregate importance,0.20266801783241428,0.17506590640814648,1.989369160096399e-06,3.131705621635004e-05,277.0,338.0,1154.0,1326.0,155.0,886.0,1.0612101746789944,0
CATHODE_ET_Rcat_cn_1,cluster_family_supported_predictor,weak individual importance but belongs to a correlation cluster with high aggregate importance,0.1700650164027543,0.1087712963572878,0.0005065287513271149,0.0014227192234484041,378.0,754.0,369.0,379.0,155.0,411.0,0.8516788203996033,0
CATHODE_ET_Rcat_cn_1_OW_ST,cluster_family_supported_predictor,weak individual importance but belongs to a correlation cluster with high aggregate importance,0.14687988391811446,0.06477008514405404,0.0,0.0,484.0,1183.0,1210.0,1471.0,155.0,1223.0,0.8014803249685265,0
CATHODE_ET_Rcat_cn_2,nonlinear_predictor,high SHAP/permutation importance despite weak linear/monotonic correlation -- signal is not capturable by Pearson/Spearman alone (e.g. process-window/threshold shape),0.1770948675097286,0.20594575842714324,0.050362079073638065,0.04397427333332839,351.0,225.0,13.0,13.0,155.0,1223.0,0.6228696668629896,3
CATHODE_ET_Rcat_cn_2_OW_ST,cluster_family_supported_predictor,weak individual importance but belongs to a correlation cluster with high aggregate importance,0.2388957763288135,0.18741322474955546,1.6516584272985303e-06,6.109901578460845e-06,190.0,295.0,1165.0,1467.0,155.0,1223.0,1.895971940717463,0
CATHODE_ET_Rcat_cn_3,cluster_family_supported_predictor,weak individual importance but belongs to a correlation cluster with high aggregate importance,0.20495223785116065,0.19062250524214522,3.1767691031797664e-05,6.049176947387401e-05,266.0,285.0,810.0,1191.0,155.0,609.0,1.0859970006022652,0
CATHODE_ET_Rcat_cn_3_OW_ST,cluster_family_supported_predictor,weak individual importance but belongs to a correlation cluster with high aggregate importance,0.20128896633948667,0.16568141110719226,4.2805785768010304e-05,0.00031982480275723863,282.0,370.0,749.0,681.0,155.0,609.0,1.7732678596690246,0
CATHODE_ET_Rsh_cat_c2,currently_inconclusive,does not cleanly satisfy any strong/nonlinear/interaction/cluster/weak criterion -- insufficient evidence either way,0.11153357535656166,0.10123556529827347,8.041895484894867e-07,9.603652487086845e-06,702.0,821.0,1193.0,1451.0,1359.0,1223.0,1.0892000049814656,0
CATHODE_ET_Rsh_cat_c2_OW_ST,currently_inconclusive,does not cleanly satisfy any strong/nonlinear/interaction/cluster/weak criterion -- insufficient evidence either way,0.05455842659122024,0.0607029815989474,-2.773805895068815e-05,0.00019576894836096653,1265.0,1218.0,1651.0,809.0,976.0,886.0,1.0404443510976742,0
FIC_ET_Bad_Gates,currently_inconclusive,does not cleanly satisfy any strong/nonlinear/interaction/cluster/weak criterion -- insufficient evidence either way,0.1517955621491796,0.14072787187095925,0.006489863730571352,0.008407958192258869,454.0,523.0,67.0,79.0,469.0,1223.0,0.22629928100915006,0
FIC_ET_C100S1,cluster_family_supported_predictor,weak individual importance but belongs to a correlation cluster with high aggregate importance,0.029359579680955195,0.08711770906582769,0.0,0.0,1475.0,950.0,1210.0,1471.0,73.0,1223.0,1.0265305794424338,0
FIC_ET_C200_0S1,cluster_family_supported_predictor,weak individual importance but belongs to a correlation cluster with high aggregate importance,0.14851733183096041,0.12729471844286697,5.83901518186214e-05,0.00010250006361343731,478.0,604.0,688.0,1021.0,73.0,886.0,1.0313572564994746,0
FIC_ET_C200S1,cluster_family_supported_predictor,weak individual importance but belongs to a correlation cluster with high aggregate importance,0.08471136578267928,0.11345465464970776,-1.0687642254036954e-06,3.220962373663469e-05,942.0,720.0,1472.0,1321.0,73.0,886.0,0.6182309792763044,0
FIC_ET_FC_lin_4,currently_inconclusive,does not cleanly satisfy any strong/nonlinear/interaction/cluster/weak criterion -- insufficient evidence either way,0.11115614477882219,0.06967678855766038,2.299676715455945e-06,3.3816802444857255e-05,706.0,1117.0,1150.0,1315.0,1295.0,1223.0,1.306458191822572,0
FIC_ET_G_per_15,interaction_dependent_predictor,weak individual importance but frequently co-occurs with important features in the same trees,0.2100359101139866,0.16256302430073702,-1.2220436044074745e-05,0.0006891764141509364,251.0,388.0,1601.0,518.0,770.0,55.0,1.6308986648268307,0
FIC_ET_G_per_25,nonlinear_predictor,high SHAP/permutation importance despite weak linear/monotonic correlation -- signal is not capturable by Pearson/Spearman alone (e.g. process-window/threshold shape),0.3035849941555859,0.30122812063453,0.011990507021199377,0.009700587811073285,109.0,59.0,42.0,68.0,461.0,1223.0,0.8520700488254037,0
FIC_ET_G_per_2p75K,currently_inconclusive,does not cleanly satisfy any strong/nonlinear/interaction/cluster/weak criterion -- insufficient evidence either way,0.039761346190302874,0.03242926712836144,0.0024558687547456435,0.004265055613616732,1390.0,1457.0,165.0,168.0,529.0,191.0,0.6495698133223891,0
FIC_ET_G_per_6K,currently_inconclusive,does not cleanly satisfy any strong/nonlinear/interaction/cluster/weak criterion -- insufficient evidence either way,0.016995110905254567,0.06668818637883987,0.0004011823114579482,0.0013256709494300902,1564.0,1158.0,397.0,387.0,679.0,886.0,1.2968431495110488,0
FIC_ET_G2_per_6K,currently_inconclusive,does not cleanly satisfy any strong/nonlinear/interaction/cluster/weak criterion -- insufficient evidence either way,0.0984815616824508,0.0532717004971048,1.6264962928008718e-05,0.00010341432665479,812.0,1283.0,921.0,1016.0,1119.0,296.0,0.840031079000236,0
FIC_ET_Gate_res,currently_inconclusive,does not cleanly satisfy any strong/nonlinear/interaction/cluster/weak criterion -- insufficient evidence either way,0.09626066618790803,0.10965889875929623,0.0,0.0,824.0,750.0,1210.0,1471.0,1367.0,1223.0,1.0201257268957022,0
FIC_ET_Gm_m2,currently_inconclusive,does not cleanly satisfy any strong/nonlinear/interaction/cluster/weak criterion -- insufficient evidence either way,0.11481451142171324,0.11506007271483264,0.003082554606833743,0.0034827171653060434,685.0,704.0,141.0,200.0,221.0,411.0,1.104461574938423,0
FIC_ET_Gm_max,currently_inconclusive,does not cleanly satisfy any strong/nonlinear/interaction/cluster/weak criterion -- insufficient evidence either way,0.1432127551096621,0.15843302854737593,0.0012255412000742928,0.0046600462270956575,499.0,404.0,250.0,147.0,221.0,411.0,1.5448573645106254,0
FIC_ET_GT_lin25,currently_inconclusive,does not cleanly satisfy any strong/nonlinear/interaction/cluster/weak criterion -- insufficient evidence either way,0.2077306696542129,0.21311591463605645,1.484849146768108e-05,5.7535744753683634e-05,256.0,205.0,942.0,1204.0,1235.0,609.0,1.417463094968902,0
FIC_ET_HIRS,currently_inconclusive,does not cleanly satisfy any strong/nonlinear/interaction/cluster/weak criterion -- insufficient evidence either way,0.22849998632750215,0.24575608178432423,0.00028754321315386524,0.0006277431956428342,203.0,146.0,444.0,536.0,788.0,296.0,1.3161597389515083,0
FIC_ET_Id_mAmm_at_Vd_cond,currently_inconclusive,does not cleanly satisfy any strong/nonlinear/interaction/cluster/weak criterion -- insufficient evidence either way,0.05041526330505387,0.08510782520910158,-7.04260277181179e-06,4.6832305997933184e-05,1306.0,970.0,1560.0,1247.0,1258.0,609.0,1.0624933622142871,0
FIC_ET_Ids_m2,currently_inconclusive,does not cleanly satisfy any strong/nonlinear/interaction/cluster/weak criterion -- insufficient evidence either way,0.053480210496736194,0.06053297262610401,6.167013534923992e-05,8.520854684391888e-05,1275.0,1220.0,679.0,1086.0,1159.0,609.0,1.6862830905116188,0
FIC_ET_Ig_mAmm_at_Vd_cond,currently_inconclusive,does not cleanly satisfy any strong/nonlinear/interaction/cluster/weak criterion -- insufficient evidence either way,0.054441306242404904,0.01239220959959767,1.5390825016864396e-05,0.0007864662382359008,1268.0,1634.0,934.0,500.0,759.0,411.0,0.4194583055366809,0
FIC_ET_lkg_5,cluster_family_supported_predictor,weak individual importance but belongs to a correlation cluster with high aggregate importance,0.48733792182664265,0.3116837835813732,0.00012885298067009666,0.00035505522894303186,36.0,35.0,569.0,650.0,1.0,886.0,0.9215966660155737,0
FIC_ET_lkg_SY07_10,cluster_family_supported_predictor,weak individual importance but belongs to a correlation cluster with high aggregate importance,0.48471944951039225,0.33100969246556344,3.074720074200399e-06,9.839279766972171e-05,38.0,14.0,1131.0,1036.0,1.0,886.0,1.868330920973842,0
FIC_ET_lkg_SY8_80,currently_inconclusive,does not cleanly satisfy any strong/nonlinear/interaction/cluster/weak criterion -- insufficient evidence either way,0.49057265305827374,0.3513834344307425,0.0028375541714761032,0.00606702103785109,32.0,7.0,147.0,115.0,1.0,1223.0,1.1721540198504603,0
FIC_ET_OHMC,currently_inconclusive,does not cleanly satisfy any strong/nonlinear/interaction/cluster/weak criterion -- insufficient evidence either way,0.0788526504767514,0.06668463063561701,0.00023162171388745045,0.001005601511948806,996.0,1159.0,473.0,446.0,723.0,411.0,1.4701011663249202,0
FIC_ET_Probe_Number,currently_inconclusive,does not cleanly satisfy any strong/nonlinear/interaction/cluster/weak criterion -- insufficient evidence either way,0.06741685215287552,0.0392258480649221,0.00830279887725644,0.011049691730783963,1138.0,1401.0,55.0,57.0,454.0,1223.0,0.5273201196805728,0
FIC_ET_R_f_hr_1,weak_unstable_predictor,"weak on every signal (correlation, SHAP, permutation, cluster, co-occurrence) and never stable across folds",0.05585877340614088,0.008752684177040894,0.0,0.0,1254.0,1653.0,1210.0,1471.0,1367.0,1223.0,0.6964425384671138,0
FIC_ET_R_f_hr_2,currently_inconclusive,does not cleanly satisfy any strong/nonlinear/interaction/cluster/weak criterion -- insufficient evidence either way,0.07877590495872648,0.04809276049299763,2.5917812636888637e-05,0.00010866387891526254,997.0,1331.0,840.0,1005.0,1111.0,886.0,1.2367317914065814,0
FIC_ET_R_f_hr_3,currently_inconclusive,does not cleanly satisfy any strong/nonlinear/interaction/cluster/weak criterion -- insufficient evidence either way,0.09536621053995128,0.04432611725022332,3.7277263739698974e-06,4.0008482099424096e-05,840.0,1367.0,1110.0,1291.0,1281.0,886.0,0.5063747150002482,0
FIC_ET_R_f_tn_1,currently_inconclusive,does not cleanly satisfy any strong/nonlinear/interaction/cluster/weak criterion -- insufficient evidence either way,0.052643697420829375,0.004704914985708589,4.480222785840926e-06,2.679560160312874e-05,1280.0,1677.0,1091.0,1346.0,1312.0,886.0,1.7072250363259889,0
FIC_ET_R_f_tn_2,interaction_dependent_predictor,weak individual importance but frequently co-occurs with important features in the same trees,0.2795453838792482,0.20533039261563565,0.0008579634450430973,0.0012779511847496993,133.0,228.0,308.0,395.0,684.0,69.0,1.001905449075702,0
FIC_ET_R_f_tn_3,currently_inconclusive,does not cleanly satisfy any strong/nonlinear/interaction/cluster/weak criterion -- insufficient evidence either way,0.13660800678799023,0.087638180980075,3.934726205716832e-05,0.00012642721798266604,538.0,945.0,767.0,946.0,1067.0,886.0,0.8261342187648364,0
FIC_ET_R114,currently_inconclusive,does not cleanly satisfy any strong/nonlinear/interaction/cluster/weak criterion -- insufficient evidence either way,0.02457947077687813,0.0038630927776946004,0.00025719162663800644,0.0008232691041123335,1509.0,1683.0,461.0,490.0,753.0,296.0,0.7022177884524958,0
FIC_ET_R214,currently_inconclusive,does not cleanly satisfy any strong/nonlinear/interaction/cluster/weak criterion -- insufficient evidence either way,0.09545917503825613,0.13658920899349236,8.182783399930115e-05,0.00012413226377043895,838.0,551.0,638.0,953.0,1074.0,609.0,1.2648782460911978,0
FIC_ET_R314,currently_inconclusive,does not cleanly satisfy any strong/nonlinear/interaction/cluster/weak criterion -- insufficient evidence either way,0.029110552833268258,0.025415341387302975,1.8197708334052876e-05,0.00016342092151087876,1477.0,1519.0,901.0,859.0,1008.0,411.0,1.5044028132188263,0
FIC_ET_Rc_f_hr_23,cluster_family_supported_predictor,weak individual importance but belongs to a correlation cluster with high aggregate importance,0.1458829928740602,0.0847415836571462,0.00018248524522126996,0.0016793940241923162,488.0,975.0,516.0,349.0,155.0,411.0,0.8612512092676897,0
FIC_ET_Rc_f_tn_23,cluster_family_supported_predictor,weak individual importance but belongs to a correlation cluster with high aggregate importance,0.16009599828171284,0.16075315100029725,0.0002863579459386811,0.0005555039673296863,416.0,396.0,445.0,559.0,155.0,609.0,0.9227609485166843,0
FIC_ET_Rc_OG142,cluster_family_supported_predictor,weak individual importance but belongs to a correlation cluster with high aggregate importance,0.13406034140258416,0.1022540634976737,6.652591207018666e-05,0.0005329695415829194,558.0,809.0,668.0,564.0,155.0,411.0,1.5708540387520205,0
FIC_ET_sh_f_hr_23,currently_inconclusive,does not cleanly satisfy any strong/nonlinear/interaction/cluster/weak criterion -- insufficient evidence either way,0.041768137846185174,0.02292898793871256,1.4644326184606871e-05,0.00013693953041153282,1366.0,1539.0,946.0,914.0,1048.0,411.0,0.3224924290793701,0
FIC_ET_sh_f_tn_23,currently_inconclusive,does not cleanly satisfy any strong/nonlinear/interaction/cluster/weak criterion -- insufficient evidence either way,0.1677748431612301,0.20739783506578194,0.004092120713694922,0.006871984059401035,383.0,220.0,102.0,99.0,485.0,1223.0,0.3466120690454085,0
FIC_ET_sh_GA142,currently_inconclusive,does not cleanly satisfy any strong/nonlinear/interaction/cluster/weak criterion -- insufficient evidence either way,0.17527675933796322,0.14236306928557563,-5.78025428252138e-05,0.00032442034531655927,356.0,516.0,1689.0,675.0,886.0,609.0,0.5838537191583812,0
FIC_ET_TANR,currently_inconclusive,does not cleanly satisfy any strong/nonlinear/interaction/cluster/weak criterion -- insufficient evidence either way,0.12462508849276463,0.12135951630204607,1.3041500873359203e-05,0.00011083774933177535,611.0,652.0,965.0,996.0,1106.0,609.0,1.7966651138493417,0
FIC_ET_TR_1F,currently_inconclusive,does not cleanly satisfy any strong/nonlinear/interaction/cluster/weak criterion -- insufficient evidence either way,0.13594763418725186,0.11012581229124906,-1.560141219850153e-05,8.341760487515318e-05,543.0,747.0,1624.0,1092.0,1163.0,886.0,1.5365194092345715,0
FIC_ET_Vd_at_Id_cut_cond,currently_inconclusive,does not cleanly satisfy any strong/nonlinear/interaction/cluster/weak criterion -- insufficient evidence either way,0.30490433443189136,0.25776204877633785,5.240396469349817e-05,0.00010530480297614469,108.0,129.0,711.0,1013.0,1117.0,609.0,0.542868972796088,0
FIC_ET_Vdg_max,currently_inconclusive,does not cleanly satisfy any strong/nonlinear/interaction/cluster/weak criterion -- insufficient evidence either way,0.08775252225518118,0.19760309589048927,1.4221011709911191e-05,9.380337182091393e-05,916.0,249.0,950.0,1054.0,1143.0,609.0,1.4644849770196298,0
FIC_ET_Vds_max,currently_inconclusive,does not cleanly satisfy any strong/nonlinear/interaction/cluster/weak criterion -- insufficient evidence either way,0.29020002273463436,0.30016606458064965,2.437135883198993e-05,0.00041422899181047705,122.0,60.0,848.0,610.0,843.0,609.0,1.4247845779720987,0
FIC_ET_Vg_gm_max,cluster_family_supported_predictor,weak individual importance but belongs to a correlation cluster with high aggregate importance,0.09065394880488366,0.09973993080515464,5.659028583096248e-05,0.00022649870954569707,889.0,837.0,693.0,763.0,221.0,886.0,1.7520397509737042,0
FIC_ET_Vg_Vds_max,currently_inconclusive,does not cleanly satisfy any strong/nonlinear/interaction/cluster/weak criterion -- insufficient evidence either way,0.271148945041481,0.2053423932490128,9.490181032159595e-06,0.00011358059909304714,143.0,227.0,1000.0,987.0,1100.0,609.0,0.964011399799019,0
FIC_ET_Vp_1,cluster_family_supported_predictor,weak individual importance but belongs to a correlation cluster with high aggregate importance,0.023526428405509035,0.020726427246097294,0.0,0.0,1522.0,1557.0,1210.0,1471.0,221.0,1223.0,0.9326147195867485,0
FIC_ET_DC_PIV_Drain_Lag_0,cluster_family_supported_predictor,weak individual importance but belongs to a correlation cluster with high aggregate importance,0.28135656521114727,0.22741244696545135,0.0,0.0,127.0,175.0,1210.0,1471.0,208.0,1223.0,1.6445878023763043,0
FIC_ET_DC_PIV_Drain_Lag_1,currently_inconclusive,does not cleanly satisfy any strong/nonlinear/interaction/cluster/weak criterion -- insufficient evidence either way,0.22127857832279074,0.16715482220516814,0.001803752876076692,0.005525780412109765,215.0,365.0,196.0,124.0,208.0,609.0,0.7650894368706542,0
FIC_ET_DC_PIV_Gate_Lag_0,interaction_dependent_predictor,weak individual importance but frequently co-occurs with important features in the same trees,0.2357789194067744,0.22623238468336201,-0.0001274785070819545,0.0016144483969350453,194.0,177.0,1704.0,357.0,208.0,96.0,0.856019658288047,0
FIC_ET_DC_PIV_Gate_Lag_1,currently_inconclusive,does not cleanly satisfy any strong/nonlinear/interaction/cluster/weak criterion -- insufficient evidence either way,0.2590251244774155,0.25938035641064566,0.003066361974402046,0.0054851254571207896,156.0,126.0,144.0,126.0,208.0,69.0,0.803565688606783,0
FIC_ET_DC_PIV_Ids0_QP1,interaction_dependent_predictor,weak individual importance but frequently co-occurs with important features in the same trees,0.11522364374214675,0.0358832272014748,-8.298035108903201e-05,0.0005586208130575007,681.0,1429.0,1696.0,558.0,805.0,19.0,1.144148272996381,0
FIC_ET_DC_PIV_Ids0_QP2,interaction_dependent_predictor,weak individual importance but frequently co-occurs with important features in the same trees,0.09844314860176558,0.16819065465277988,0.0004169898323284543,0.0014697668389233945,814.0,359.0,391.0,372.0,669.0,69.0,1.0692741369822891,0
FIC_ET_DC_PIV_Ids0_QP3,currently_inconclusive,does not cleanly satisfy any strong/nonlinear/interaction/cluster/weak criterion -- insufficient evidence either way,0.07552089183880156,0.04220156067455972,-5.652007660636449e-06,0.00015107496390284544,1039.0,1380.0,1538.0,884.0,1027.0,886.0,0.45126637422240046,0
FIC_ET_DC_PIV_Ids1_QP1,currently_inconclusive,does not cleanly satisfy any strong/nonlinear/interaction/cluster/weak criterion -- insufficient evidence either way,0.012133101934853093,0.05649253715516889,6.670990624587647e-05,0.00035407773985063784,1601.0,1255.0,667.0,651.0,873.0,609.0,0.8235592324473227,0
FIC_ET_DC_PIV_Ids1_QP2,currently_inconclusive,does not cleanly satisfy any strong/nonlinear/interaction/cluster/weak criterion -- insufficient evidence either way,0.05653132124980376,0.0895660605087237,7.37518864847575e-06,3.077010025107759e-05,1246.0,931.0,1037.0,1330.0,1301.0,886.0,1.1938819951165993,0
FIC_ET_DC_PIV_Ids1_QP3,interaction_dependent_predictor,weak individual importance but frequently co-occurs with important features in the same trees,0.049411676128200195,0.06433161755788415,0.001036319720793269,0.0015375327457462914,1313.0,1188.0,274.0,367.0,666.0,96.0,0.8432009949121506,0
FIC_ET_DC_RF_Gm_0,cluster_family_supported_predictor,weak individual importance but belongs to a correlation cluster with high aggregate importance,0.12288071907777974,0.1488031869640438,9.301132549627278e-07,5.675140511500504e-06,622.0,472.0,1190.0,1469.0,221.0,886.0,2.001044934024919,0
FIC_ET_DC_RF_Gm_m0p2,cluster_family_supported_predictor,weak individual importance but belongs to a correlation cluster with high aggregate importance,0.0862380182479997,0.09373139146036209,0.0,0.0,928.0,894.0,1210.0,1471.0,221.0,1223.0,1.9827040834737326,0
FIC_ET_DC_RF_Gm_max,cluster_family_supported_predictor,weak individual importance but belongs to a correlation cluster with high aggregate importance,0.07490176419859802,0.07237426426010858,0.0,0.0,1050.0,1093.0,1210.0,1471.0,221.0,1223.0,1.5808137933439361,0
FIC_ET_DC_RF_Id_gm_max,cluster_family_supported_predictor,weak individual importance but belongs to a correlation cluster with high aggregate importance,0.0619850540871679,0.09069678685359572,-1.8341725046000512e-06,6.198411269511207e-06,1186.0,920.0,1488.0,1466.0,221.0,1223.0,1.1247136926460286,0
FIC_ET_DC_RF_Ids_m0p2,weak_unstable_predictor,"weak on every signal (correlation, SHAP, permutation, cluster, co-occurrence) and never stable across folds",0.0036710820158621167,0.002432572832344538,0.0,0.0,1685.0,1697.0,1210.0,1471.0,1367.0,1223.0,1.4581642562791508,0
FIC_ET_DC_RF_Idss,cluster_family_supported_predictor,weak individual importance but belongs to a correlation cluster with high aggregate importance,0.09565545550220307,0.08679146962512957,-1.6326764805399407e-05,9.064381732877636e-05,831.0,954.0,1627.0,1063.0,221.0,1223.0,1.765207424817855,0
FIC_ET_DC_RF_Imax,cluster_family_supported_predictor,weak individual importance but belongs to a correlation cluster with high aggregate importance,0.07973054789036658,0.08315794451926138,1.131921290302429e-05,9.749095549309302e-05,984.0,999.0,978.0,1042.0,221.0,886.0,1.4988208822929687,0
FIC_ET_DC_RF_n_gd,interaction_dependent_predictor,weak individual importance but frequently co-occurs with important features in the same trees,0.19362000041332086,0.15381189576135615,0.00019575015735924517,0.0003752735990195607,299.0,429.0,506.0,639.0,865.0,191.0,1.2753453960460075,0
FIC_ET_DC_RF_n_gs,currently_inconclusive,does not cleanly satisfy any strong/nonlinear/interaction/cluster/weak criterion -- insufficient evidence either way,0.10784402351715706,0.07138465647439414,9.33859765938072e-06,0.00015260074829443336,740.0,1104.0,1007.0,882.0,1025.0,609.0,1.262637091797121,0
FIC_ET_DC_RF_Vbgd_0p01,currently_inconclusive,does not cleanly satisfy any strong/nonlinear/interaction/cluster/weak criterion -- insufficient evidence either way,0.13218527343947634,0.1157383307345947,0.0,0.0,571.0,701.0,1210.0,1471.0,1367.0,1223.0,0.9443545830332732,0
FIC_ET_DC_RF_Vbgd_0p1,currently_inconclusive,does not cleanly satisfy any strong/nonlinear/interaction/cluster/weak criterion -- insufficient evidence either way,0.2548958036568558,0.2155742666067668,0.002946345484197044,0.0023136579594368136,164.0,197.0,146.0,284.0,612.0,296.0,0.4387546400674371,0
FIC_ET_DC_RF_Vbgd1,currently_inconclusive,does not cleanly satisfy any strong/nonlinear/interaction/cluster/weak criterion -- insufficient evidence either way,0.27374416364388293,0.2850437108877437,0.0001509326516852122,0.0004615111321299841,138.0,87.0,547.0,590.0,832.0,411.0,1.558570857705948,0
FIC_ET_DC_RF_Vbgs_0p01,nonlinear_predictor,high SHAP/permutation importance despite weak linear/monotonic correlation -- signal is not capturable by Pearson/Spearman alone (e.g. process-window/threshold shape),0.2966659468294235,0.2759425638748617,0.03859271659639144,0.03476757830858863,116.0,103.0,18.0,17.0,429.0,1223.0,0.7036278269298984,2
FIC_ET_DC_RF_Vbgs_0p1,currently_inconclusive,does not cleanly satisfy any strong/nonlinear/interaction/cluster/weak criterion -- insufficient evidence either way,0.23453891595841916,0.22022895671945233,0.0025591018745125733,0.004501232568277621,197.0,188.0,160.0,160.0,524.0,13.0,0.6316197973184596,0
FIC_ET_DC_RF_Vbgs1,currently_inconclusive,does not cleanly satisfy any strong/nonlinear/interaction/cluster/weak criterion -- insufficient evidence either way,0.31065811806014354,0.2950617951842227,6.329380659803041e-06,2.500824110728614e-05,104.0,67.0,1059.0,1358.0,1317.0,1223.0,0.797684446775449,0
FIC_ET_DC_RF_Vbin_gd,currently_inconclusive,does not cleanly satisfy any strong/nonlinear/interaction/cluster/weak criterion -- insufficient evidence either way,0.22646508489216727,0.1527376168401472,3.9229432243556574e-05,6.990954430701465e-05,207.0,437.0,769.0,1149.0,1200.0,886.0,0.6580802043865689,0
FIC_ET_DC_RF_Vbin_gs,currently_inconclusive,does not cleanly satisfy any strong/nonlinear/interaction/cluster/weak criterion -- insufficient evidence either way,0.27247357452212867,0.2207269830046053,0.001982083087739872,0.006260481497199162,140.0,186.0,185.0,109.0,494.0,1223.0,0.5905958342001371,0
FIC_ET_DC_RF_Vboff,currently_inconclusive,does not cleanly satisfy any strong/nonlinear/interaction/cluster/weak criterion -- insufficient evidence either way,0.19101536039476766,0.1739080675212001,-1.2184685224209125e-06,2.0524044310704196e-05,309.0,346.0,1474.0,1393.0,1331.0,886.0,1.109704275172691,0
FIC_ET_DC_RF_Vdg_max,currently_inconclusive,does not cleanly satisfy any strong/nonlinear/interaction/cluster/weak criterion -- insufficient evidence either way,0.0191397482854821,0.05181006779855464,0.001676172915064078,0.004327958461501901,1548.0,1298.0,203.0,165.0,526.0,2.0,0.8764643415481053,0
FIC_ET_DC_RF_Vdg_max_0p1,currently_inconclusive,does not cleanly satisfy any strong/nonlinear/interaction/cluster/weak criterion -- insufficient evidence either way,0.07403695975475628,0.006409893861073772,-4.512700228486155e-05,0.00022278647535615122,1056.0,1665.0,1680.0,768.0,950.0,886.0,0.6967211281998575,0
FIC_ET_DC_RF_Vdg_max_0p1mA,currently_inconclusive,does not cleanly satisfy any strong/nonlinear/interaction/cluster/weak criterion -- insufficient evidence either way,0.04085874841895459,0.014189193330854565,-1.4646880599489265e-07,1.9414564390452617e-05,1376.0,1612.0,1457.0,1400.0,1335.0,886.0,0.9818614560668077,0
FIC_ET_DC_RF_Vds_max,currently_inconclusive,does not cleanly satisfy any strong/nonlinear/interaction/cluster/weak criterion -- insufficient evidence either way,0.0655918519385347,0.016286637364443798,0.00013303178816639338,0.0006849715797014115,1160.0,1593.0,566.0,520.0,772.0,411.0,0.8212419455000952,0
FIC_ET_DC_RF_Vds_max_0p1,currently_inconclusive,does not cleanly satisfy any strong/nonlinear/interaction/cluster/weak criterion -- insufficient evidence either way,0.09431831957947208,0.12339406812738082,-1.1472922572114408e-06,7.656041858435439e-05,852.0,638.0,1473.0,1112.0,1175.0,609.0,2.098813946230789,0
FIC_ET_DC_RF_Vds_max_0p1mA,currently_inconclusive,does not cleanly satisfy any strong/nonlinear/interaction/cluster/weak criterion -- insufficient evidence either way,0.21463145025667024,0.23679849790406554,-8.724125031265296e-05,0.0001483817706677086,234.0,158.0,1698.0,886.0,1029.0,886.0,0.6548204396678629,0
FIC_ET_DC_RF_Vg_gm_max,cluster_family_supported_predictor,weak individual importance but belongs to a correlation cluster with high aggregate importance,0.07192570867611284,0.08301215904712379,1.6305690619372593e-05,8.283144641627597e-05,1082.0,1000.0,920.0,1093.0,221.0,1223.0,1.3016659977526144,0
FIC_ET_DC_RF_Vg_max_Vd,currently_inconclusive,does not cleanly satisfy any strong/nonlinear/interaction/cluster/weak criterion -- insufficient evidence either way,0.0073053372137459275,0.011283706649868589,0.0018105333754602105,0.003400342612214192,1648.0,1644.0,195.0,204.0,552.0,296.0,1.3029282305093046,0
FIC_ET_DC_RF_Vg_max_Vd_0p1,currently_inconclusive,does not cleanly satisfy any strong/nonlinear/interaction/cluster/weak criterion -- insufficient evidence either way,0.25671036775997286,0.22442006680945653,6.831121626405535e-05,0.0002427623089662369,162.0,183.0,663.0,750.0,935.0,609.0,1.1637479458927238,0
FIC_ET_DC_RF_Vg_max_Vd_0p1mA,nonlinear_predictor,high SHAP/permutation importance despite weak linear/monotonic correlation -- signal is not capturable by Pearson/Spearman alone (e.g. process-window/threshold shape),0.12272627148118108,0.18857017470069615,0.011259677503971586,0.015000799787330462,624.0,290.0,44.0,42.0,440.0,1223.0,0.5045666005931874,1
FIC_ET_DC_RF_Vg_optt,currently_inconclusive,does not cleanly satisfy any strong/nonlinear/interaction/cluster/weak criterion -- insufficient evidence either way,0.21532514278679407,0.15316230592132848,0.0005941382676234924,0.0006681452701023727,230.0,435.0,346.0,522.0,776.0,296.0,0.825682173772083,0
FIC_ET_DC_RF_Vg_optt1,currently_inconclusive,does not cleanly satisfy any strong/nonlinear/interaction/cluster/weak criterion -- insufficient evidence either way,0.0843238205025398,0.05007442063789223,1.926660231255095e-06,7.486579489671293e-05,946.0,1308.0,1157.0,1124.0,1185.0,609.0,1.8749464593240124,0
FIC_ET_DC_RF_Vg_optt2,currently_inconclusive,does not cleanly satisfy any strong/nonlinear/interaction/cluster/weak criterion -- insufficient evidence either way,0.0002633948154960717,0.029806684267544896,2.3031758477254362e-05,0.00012640273143327803,1712.0,1486.0,858.0,947.0,1068.0,886.0,1.081132217984251,0
FIC_ET_DC_RF_Vg_optt3,currently_inconclusive,does not cleanly satisfy any strong/nonlinear/interaction/cluster/weak criterion -- insufficient evidence either way,0.011866002282510758,0.016581541817990406,2.3478282463240684e-06,3.902532320231417e-05,1607.0,1590.0,1149.0,1296.0,1285.0,886.0,0.9299005356094926,0
FIC_ET_DC_RF_Vp_01,cluster_family_supported_predictor,weak individual importance but belongs to a correlation cluster with high aggregate importance,0.004129798910012891,0.012407988210149152,-1.94966470634661e-07,2.1147403885369393e-05,1679.0,1633.0,1458.0,1390.0,221.0,1223.0,2.0783032589810517,0
FIC_ET_DC_RF_Vp_1,cluster_family_supported_predictor,weak individual importance but belongs to a correlation cluster with high aggregate importance,0.07261976994157235,0.07997244305947455,3.575702593558161e-05,0.0006631043694600544,1073.0,1031.0,787.0,524.0,221.0,886.0,2.1470128370258754,0
FIC_ET_DC_RF_Vt_gd,currently_inconclusive,does not cleanly satisfy any strong/nonlinear/interaction/cluster/weak criterion -- insufficient evidence either way,0.0033831491601552218,0.021838485939049246,4.965394606587514e-06,0.00016039380387403574,1690.0,1548.0,1080.0,872.0,1018.0,296.0,1.050872884157847,0
FIC_ET_DC_RF_Vt_gs,currently_inconclusive,does not cleanly satisfy any strong/nonlinear/interaction/cluster/weak criterion -- insufficient evidence either way,0.17927920568101827,0.1899558033878575,4.335046676835763e-05,0.00015791610354095467,341.0,287.0,746.0,878.0,1023.0,411.0,0.7746737687889249,0
FMESA_ET_Probe_Number,currently_inconclusive,does not cleanly satisfy any strong/nonlinear/interaction/cluster/weak criterion -- insufficient evidence either way,0.16253647414579167,0.1276605155269195,-2.459327958781454e-08,0.00010297893405413254,405.0,598.0,1453.0,1017.0,1120.0,411.0,1.3353948873243666,0
FMESA_ET_Vbkd,currently_inconclusive,does not cleanly satisfy any strong/nonlinear/interaction/cluster/weak criterion -- insufficient evidence either way,0.005900488339207744,0.012499993066040856,1.5446991440951073e-05,5.994889131100355e-05,1667.0,1632.0,932.0,1194.0,1228.0,609.0,0.807661052597111,0
MEASURE_ET_ABVIETCH,nonlinear_predictor,high SHAP/permutation importance despite weak linear/monotonic correlation -- signal is not capturable by Pearson/Spearman alone (e.g. process-window/threshold shape),0.30724582005268947,0.2448760353366644,0.1576234320477343,0.11146816979031705,107.0,148.0,7.0,4.0,219.0,1223.0,1.067971121561109,2
MEASURE_ET_C_AN_2,currently_inconclusive,does not cleanly satisfy any strong/nonlinear/interaction/cluster/weak criterion -- insufficient evidence either way,0.0786834929706361,0.052487214648559564,-9.73401516169814e-05,0.00032827190712921223,998.0,1292.0,1699.0,671.0,883.0,411.0,0.3482023310593518,0
MEASURE_ET_C_AN_2_OW_CR,currently_inconclusive,does not cleanly satisfy any strong/nonlinear/interaction/cluster/weak criterion -- insufficient evidence either way,0.03500340452125624,0.030264930675392005,0.005866819621206126,0.009500219440097449,1432.0,1481.0,80.0,71.0,464.0,1223.0,0.7510239183664986,0
MEASURE_ET_C_CAT_2,currently_inconclusive,does not cleanly satisfy any strong/nonlinear/interaction/cluster/weak criterion -- insufficient evidence either way,0.0013499332804973053,0.030396937642540978,0.0020653097317266944,0.0030486443031981125,1705.0,1480.0,179.0,224.0,567.0,133.0,0.9159782941662385,0
MEASURE_ET_C_CAT_2_OW_ST,currently_inconclusive,does not cleanly satisfy any strong/nonlinear/interaction/cluster/weak criterion -- insufficient evidence either way,0.16051728426576156,0.10389281665551298,-1.707523872213068e-05,9.580792226877059e-05,414.0,792.0,1631.0,1048.0,1141.0,296.0,0.6236004729721559,0
MEASURE_ET_C100,currently_inconclusive,does not cleanly satisfy any strong/nonlinear/interaction/cluster/weak criterion -- insufficient evidence either way,0.059826010056081444,0.08345262673885656,0.0033490847500878664,0.004364657574804305,1202.0,991.0,129.0,163.0,73.0,609.0,0.8920551684630654,0
MEASURE_ET_C100C175pf,cluster_family_supported_predictor,weak individual importance but belongs to a correlation cluster with high aggregate importance,0.028814727913911663,0.026822526767752968,0.0,0.0,1482.0,1511.0,1210.0,1471.0,73.0,1223.0,1.3377729739978979,0
MEASURE_ET_C100C300pf,cluster_family_supported_predictor,weak individual importance but belongs to a correlation cluster with high aggregate importance,0.0945647429550756,0.15502573760406269,0.0011016487029497785,0.002465510858461379,848.0,421.0,263.0,272.0,73.0,411.0,1.849897691717787,0
MEASURE_ET_C100C385pf,cluster_family_supported_predictor,weak individual importance but belongs to a correlation cluster with high aggregate importance,0.028381518845838394,0.07443437298985771,0.00019716279747309106,0.0005992510976615612,1485.0,1078.0,503.0,545.0,73.0,609.0,1.785485175513753,0
MEASURE_ET_C100C500pf,currently_inconclusive,does not cleanly satisfy any strong/nonlinear/interaction/cluster/weak criterion -- insufficient evidence either way,0.10642842553880284,0.13700256414315076,0.0031309688245835187,0.00560463647894251,751.0,548.0,137.0,120.0,73.0,411.0,1.3126410532404222,0
MEASURE_ET_C100Cap1pf,cluster_family_supported_predictor,weak individual importance but belongs to a correlation cluster with high aggregate importance,0.002276391283730926,0.04759206740042753,0.0,0.0,1701.0,1332.0,1210.0,1471.0,73.0,1223.0,0.941016907512182,0
MEASURE_ET_C100Cap2pf,cluster_family_supported_predictor,weak individual importance but belongs to a correlation cluster with high aggregate importance,0.035209904712119836,0.06855050689181696,0.00029862478509030954,0.0006360039046939293,1431.0,1131.0,438.0,534.0,73.0,609.0,1.0775807283687593,0
MEASURE_ET_C100Cap3pf,cluster_family_supported_predictor,weak individual importance but belongs to a correlation cluster with high aggregate importance,0.05235227043709283,0.10699031347053382,-1.4484664454528229e-06,6.908178196048447e-05,1286.0,774.0,1481.0,1152.0,73.0,1223.0,1.3660989967861672,0
MEASURE_ET_C100CapFICBRGM,currently_inconclusive,does not cleanly satisfy any strong/nonlinear/interaction/cluster/weak criterion -- insufficient evidence either way,0.0888735607331323,0.10371280715485529,0.00363107423640896,0.0038325678080187377,907.0,795.0,118.0,181.0,221.0,296.0,1.3668818492570214,0
MEASURE_ET_C100CapFICM1,cluster_family_supported_predictor,weak individual importance but belongs to a correlation cluster with high aggregate importance,0.057050540553721225,0.15127153946256844,0.0005311969628750857,0.0013118424961716176,1239.0,446.0,362.0,388.0,73.0,609.0,1.4101152685130605,0
MEASURE_ET_C100CapM1BRGM,cluster_family_supported_predictor,weak individual importance but belongs to a correlation cluster with high aggregate importance,0.08358675933981126,0.08947894479976345,-4.113920581169661e-06,5.406377090009266e-05,952.0,932.0,1512.0,1215.0,221.0,886.0,inf,0
MEASURE_ET_C100CapPARCAP,currently_inconclusive,does not cleanly satisfy any strong/nonlinear/interaction/cluster/weak criterion -- insufficient evidence either way,0.13534726480708748,0.09932502001783623,0.0027944639898619646,0.004568054930685348,546.0,844.0,150.0,156.0,155.0,191.0,0.6517019965239934,0
MEASURE_ET_C100CapUSV,currently_inconclusive,does not cleanly satisfy any strong/nonlinear/interaction/cluster/weak criterion -- insufficient evidence either way,0.06542706725006185,0.12451057149936137,0.002675076702686638,0.002976691614557675,1162.0,627.0,155.0,232.0,73.0,19.0,0.9610250931882888,0
MEASURE_ET_C100USV_Cappf,cluster_family_supported_predictor,weak individual importance but belongs to a correlation cluster with high aggregate importance,0.08439908393318697,0.15632936196314667,0.0003706130085993825,0.0012324062283168803,945.0,415.0,411.0,404.0,73.0,609.0,1.5731188327242132,0
MEASURE_ET_C175pf,interaction_dependent_predictor,weak individual importance but frequently co-occurs with important features in the same trees,0.16560850301795424,0.15714207152352344,5.750731277255894e-05,0.0009517061501466522,394.0,411.0,690.0,456.0,728.0,191.0,0.9445002829581558,0
MEASURE_ET_C175pf_0,currently_inconclusive,does not cleanly satisfy any strong/nonlinear/interaction/cluster/weak criterion -- insufficient evidence either way,0.06554764994093269,0.08394420823941805,2.4012357632308133e-05,0.00016329453115907896,1161.0,985.0,852.0,861.0,1009.0,296.0,0.7270095519124914,0
MEASURE_ET_C20,interaction_dependent_predictor,weak individual importance but frequently co-occurs with important features in the same trees,0.061215067526845475,0.050535778321059335,9.964991930494493e-05,0.000544906292085224,1190.0,1304.0,608.0,561.0,807.0,133.0,0.8080965630703164,0
MEASURE_ET_C20_0,currently_inconclusive,does not cleanly satisfy any strong/nonlinear/interaction/cluster/weak criterion -- insufficient evidence either way,0.008194027507819458,0.030515388338652766,0.00011686691180397557,0.0003222935413942726,1638.0,1479.0,583.0,676.0,887.0,886.0,0.5212804074636397,0
MEASURE_ET_C200,cluster_family_supported_predictor,weak individual importance but belongs to a correlation cluster with high aggregate importance,0.07076769090159209,0.0794926399583388,0.00021715132534826375,0.00043842233467919646,1097.0,1036.0,483.0,602.0,73.0,886.0,1.1381327611978294,0
MEASURE_ET_C200_0,nonlinear_predictor,high SHAP/permutation importance despite weak linear/monotonic correlation -- signal is not capturable by Pearson/Spearman alone (e.g. process-window/threshold shape),0.05053588976931724,0.09729091266040434,0.06422317588892566,0.03435121594715555,1305.0,864.0,10.0,18.0,73.0,1223.0,0.7895168878702614,1
MEASURE_ET_C300,currently_inconclusive,does not cleanly satisfy any strong/nonlinear/interaction/cluster/weak criterion -- insufficient evidence either way,0.07901173244755019,0.11881471532422976,0.006003116156477642,0.008466646415997096,994.0,680.0,74.0,78.0,73.0,1223.0,1.4922615868310034,0
MEASURE_ET_C300_0,currently_inconclusive,does not cleanly satisfy any strong/nonlinear/interaction/cluster/weak criterion -- insufficient evidence either way,0.10812963114709827,0.1507932919990927,0.002301636787456965,0.002958503098161459,737.0,451.0,169.0,235.0,73.0,191.0,0.5448783650973803,0
MEASURE_ET_C300FB,cluster_family_supported_predictor,weak individual importance but belongs to a correlation cluster with high aggregate importance,0.008107818364260971,0.07951041867445315,0.00026060019348178863,0.0014067236747447617,1640.0,1035.0,457.0,383.0,73.0,411.0,1.5662577897403838,0
MEASURE_ET_C300FB_0,cluster_family_supported_predictor,weak individual importance but belongs to a correlation cluster with high aggregate importance,0.009044421326220919,0.10643272848639783,0.00036253513151731644,0.00122299020620552,1632.0,778.0,413.0,409.0,73.0,296.0,0.4754368168336778,0
MEASURE_ET_C300FM1,currently_inconclusive,does not cleanly satisfy any strong/nonlinear/interaction/cluster/weak criterion -- insufficient evidence either way,0.15738684033203185,0.15793744683568872,0.00125779219095771,0.0018217022699169268,429.0,406.0,247.0,335.0,73.0,191.0,0.6919642075197879,0
MEASURE_ET_C300FM1_0,cluster_family_supported_predictor,weak individual importance but belongs to a correlation cluster with high aggregate importance,0.10303178678173927,0.1578203295432855,0.0,0.0,781.0,407.0,1210.0,1471.0,73.0,1223.0,1.0572390044307796,0
MEASURE_ET_C300M1B,cluster_family_supported_predictor,weak individual importance but belongs to a correlation cluster with high aggregate importance,0.03498029813803783,0.12105061110955942,0.0,0.0,1433.0,656.0,1210.0,1471.0,73.0,1223.0,1.3046805566587745,0
MEASURE_ET_C300M1B_0,cluster_family_supported_predictor,weak individual importance but belongs to a correlation cluster with high aggregate importance,0.01142643895120536,0.06698620210770649,0.0,0.0,1613.0,1152.0,1210.0,1471.0,73.0,1223.0,1.6962286825477944,0
MEASURE_ET_C300pf,cluster_family_supported_predictor,weak individual importance but belongs to a correlation cluster with high aggregate importance,0.014280626474822155,0.10310188602237629,0.00012182829294606624,0.00027918543973860625,1583.0,801.0,574.0,710.0,73.0,296.0,0.7936633103834936,0
MEASURE_ET_C300pf_0,cluster_family_supported_predictor,weak individual importance but belongs to a correlation cluster with high aggregate importance,0.12955039152335884,0.1476437924394374,4.691223477022721e-05,0.00025627332959823033,581.0,481.0,729.0,737.0,73.0,886.0,1.7453891065801586,0
MEASURE_ET_C385pf,currently_inconclusive,does not cleanly satisfy any strong/nonlinear/interaction/cluster/weak criterion -- insufficient evidence either way,0.287687477515891,0.21110447514167033,0.0015667841750179323,0.0021132351872992752,123.0,212.0,210.0,306.0,627.0,27.0,0.3050427257019464,0
MEASURE_ET_C385pf_0,interaction_dependent_predictor,weak individual importance but frequently co-occurs with important features in the same trees,0.17000734466009212,0.14984768653576128,3.498480021054961e-05,0.0004260938266063293,380.0,460.0,790.0,606.0,839.0,191.0,0.5545007492977493,0
MEASURE_ET_C500pf,currently_inconclusive,does not cleanly satisfy any strong/nonlinear/interaction/cluster/weak criterion -- insufficient evidence either way,0.11315725950468374,0.12055125142069792,0.0009495686784855905,0.0019569909482279094,695.0,663.0,292.0,324.0,637.0,411.0,0.31774696758072096,0
MEASURE_ET_C500pf_0,currently_inconclusive,does not cleanly satisfy any strong/nonlinear/interaction/cluster/weak criterion -- insufficient evidence either way,0.1231687454266572,0.13558671163859504,0.00026961071630375035,0.0007501724375345138,621.0,555.0,452.0,507.0,763.0,886.0,1.2840442996858914,0
MEASURE_ET_Cap_C300,cluster_family_supported_predictor,weak individual importance but belongs to a correlation cluster with high aggregate importance,0.08657955531842494,0.14872029370016068,0.00042810689393919246,0.0008434093379104248,924.0,474.0,387.0,486.0,73.0,609.0,0.9876774477257314,0
MEASURE_ET_Cap_C300FB,cluster_family_supported_predictor,weak individual importance but belongs to a correlation cluster with high aggregate importance,0.03537114033581757,0.11779977286805239,0.0007010723650030248,0.0016704444118578088,1430.0,683.0,330.0,350.0,73.0,886.0,1.5676462651210001,0
MEASURE_ET_Cap_C300FM1,cluster_family_supported_predictor,weak individual importance but belongs to a correlation cluster with high aggregate importance,0.07316070564525179,0.09205485853077985,0.0,0.0,1068.0,905.0,1210.0,1471.0,73.0,1223.0,1.3252612261169128,0
MEASURE_ET_Cap_C300M1B,cluster_family_supported_predictor,weak individual importance but belongs to a correlation cluster with high aggregate importance,0.08572719878861572,0.13694922799480774,1.122857754770612e-06,4.9090420311543714e-05,933.0,549.0,1182.0,1234.0,73.0,886.0,1.1498199397507023,0
MEASURE_ET_Cap_USV,cluster_family_supported_predictor,weak individual importance but belongs to a correlation cluster with high aggregate importance,0.039747353266101654,0.09319758550902903,0.0,0.0,1391.0,897.0,1210.0,1471.0,73.0,1223.0,0.9729029362135175,0
MEASURE_ET_Cap1pf,cluster_family_supported_predictor,weak individual importance but belongs to a correlation cluster with high aggregate importance,0.02425739521072715,0.08272458831397435,0.0006907024739009143,0.002405815766615869,1513.0,1002.0,333.0,278.0,73.0,411.0,0.9657473765967566,0
MEASURE_ET_Cap1pf_0,cluster_family_supported_predictor,weak individual importance but belongs to a correlation cluster with high aggregate importance,0.01628743196783497,0.08384553636498346,0.00038838636416293484,0.0011629723305708335,1568.0,986.0,403.0,415.0,73.0,1223.0,0.9102817469017879,0
MEASURE_ET_Cap20,cluster_family_supported_predictor,weak individual importance but belongs to a correlation cluster with high aggregate importance,0.06958847782810147,0.11989655019978734,9.492071816052938e-07,9.452569765056492e-06,1111.0,668.0,1189.0,1452.0,73.0,1223.0,1.5561224971959273,0
MEASURE_ET_Cap2pf,cluster_family_supported_predictor,weak individual importance but belongs to a correlation cluster with high aggregate importance,0.06394621225761782,0.03929829633308804,0.0,0.0,1176.0,1399.0,1210.0,1471.0,73.0,1223.0,1.6089655601407713,0
MEASURE_ET_Cap2pf_0,cluster_family_supported_predictor,weak individual importance but belongs to a correlation cluster with high aggregate importance,0.1222231694069381,0.16047824760237928,0.0,0.0,631.0,397.0,1210.0,1471.0,73.0,1223.0,0.9918044517072205,0
MEASURE_ET_Cap3pf,cluster_family_supported_predictor,weak individual importance but belongs to a correlation cluster with high aggregate importance,0.10575736284847172,0.15233181764483736,0.0,0.0,757.0,438.0,1210.0,1471.0,73.0,1223.0,1.0722804918764597,0
MEASURE_ET_Cap3pf_0,currently_inconclusive,does not cleanly satisfy any strong/nonlinear/interaction/cluster/weak criterion -- insufficient evidence either way,0.0781582144084618,0.134113745008522,0.0083817338343485,0.01047224345972856,1006.0,565.0,53.0,66.0,73.0,1223.0,0.6581789817657959,0
MEASURE_ET_CapFICBRGM,cluster_family_supported_predictor,weak individual importance but belongs to a correlation cluster with high aggregate importance,0.0484829466850344,0.04142418631246021,0.0,0.0,1323.0,1386.0,1210.0,1471.0,221.0,1223.0,1.9998624067777184,0
MEASURE_ET_CapFICBRGM_0,cluster_family_supported_predictor,weak individual importance but belongs to a correlation cluster with high aggregate importance,0.10794295195663024,0.1240305461642742,-6.547424034758498e-06,1.9375040060185807e-05,738.0,634.0,1550.0,1401.0,221.0,1223.0,1.3926290056126605,0
MEASURE_ET_CapFICM1,cluster_family_supported_predictor,weak individual importance but belongs to a correlation cluster with high aggregate importance,0.0355078916301397,0.08336617773175058,-5.576151321989853e-06,4.3941051601235646e-05,1427.0,995.0,1537.0,1268.0,73.0,886.0,2.023843779132156,0
MEASURE_ET_CapFICM1_0,cluster_family_supported_predictor,weak individual importance but belongs to a correlation cluster with high aggregate importance,0.02990868389642273,0.10085843428269806,0.00015020036673642212,0.0004501292964847231,1473.0,825.0,548.0,596.0,73.0,411.0,0.9932601849079702,0
MEASURE_ET_CapM1BRGM,cluster_family_supported_predictor,weak individual importance but belongs to a correlation cluster with high aggregate importance,0.1094919956996668,0.10988357728419118,-8.234425926822997e-06,6.026101042715804e-05,726.0,749.0,1570.0,1192.0,221.0,1223.0,1.771578580084693,0
MEASURE_ET_CapM1BRGM_0,cluster_family_supported_predictor,weak individual importance but belongs to a correlation cluster with high aggregate importance,0.07953227258856586,0.06089765854039942,2.9685859950268067e-05,0.00010984316610015807,986.0,1217.0,820.0,1001.0,221.0,1223.0,1.857568513715885,0
MEASURE_ET_CapPARCAP,cluster_family_supported_predictor,weak individual importance but belongs to a correlation cluster with high aggregate importance,0.1565328037062597,0.14432717294830733,0.0,0.0,433.0,505.0,1210.0,1471.0,155.0,1223.0,1.3590040806164376,0
MEASURE_ET_CapPARCAP_0,nonlinear_predictor,high SHAP/permutation importance despite weak linear/monotonic correlation -- signal is not capturable by Pearson/Spearman alone (e.g. process-window/threshold shape),0.2535492527946349,0.2426941424015321,0.009314523723381285,0.01753177039518495,166.0,153.0,50.0,36.0,155.0,1223.0,0.4170671710606961,0
MEASURE_ET_CapUSV,cluster_family_supported_predictor,weak individual importance but belongs to a correlation cluster with high aggregate importance,0.08226760912181348,0.12684069448009702,-1.4206287339402213e-05,7.382192065090299e-05,965.0,611.0,1613.0,1135.0,73.0,609.0,1.086681627374252,0
MEASURE_ET_CapUSV_0,cluster_family_supported_predictor,weak individual importance but belongs to a correlation cluster with high aggregate importance,0.012062818223787306,0.02246585238393401,8.066299977016745e-05,0.00021221078121047462,1602.0,1544.0,640.0,782.0,73.0,411.0,1.2281410056214217,0
MEASURE_ET_Er,currently_inconclusive,does not cleanly satisfy any strong/nonlinear/interaction/cluster/weak criterion -- insufficient evidence either way,0.011885088092823973,0.03886671799941244,1.6733653836387143e-05,6.716236610032613e-05,1606.0,1405.0,912.0,1162.0,1210.0,1223.0,0.9369893091987602,0
MEASURE_ET_F_AB,currently_inconclusive,does not cleanly satisfy any strong/nonlinear/interaction/cluster/weak criterion -- insufficient evidence either way,0.038738272120068175,0.06548745633926766,3.4006297713218283e-06,6.583096219471947e-05,1397.0,1174.0,1123.0,1169.0,1216.0,609.0,1.5773802805982287,0
MEASURE_ET_G_per_6K,currently_inconclusive,does not cleanly satisfy any strong/nonlinear/interaction/cluster/weak criterion -- insufficient evidence either way,0.03202525751129998,0.05560804602848048,1.4246440623597034e-05,0.0010474698156513534,1457.0,1267.0,949.0,438.0,718.0,411.0,1.4691934783060951,0
MEASURE_ET_G2_per_6K,currently_inconclusive,does not cleanly satisfy any strong/nonlinear/interaction/cluster/weak criterion -- insufficient evidence either way,0.14581704370983933,0.10163225290157468,2.1319712687273285e-05,0.0005009448804711717,489.0,815.0,873.0,573.0,816.0,609.0,1.1080673247349146,0
MEASURE_ET_Gate_res,currently_inconclusive,does not cleanly satisfy any strong/nonlinear/interaction/cluster/weak criterion -- insufficient evidence either way,0.13238696079641396,0.1483829425618911,2.4578933797131387e-05,0.00014352006173150655,569.0,475.0,846.0,896.0,1037.0,296.0,0.8596168871187521,0
MEASURE_ET_Gm_m2,cluster_family_supported_predictor,weak individual importance but belongs to a correlation cluster with high aggregate importance,0.056074945276598225,0.08031490557862701,8.935738974069351e-05,0.0003584320298779735,1253.0,1027.0,620.0,646.0,221.0,1223.0,1.114119172689283,0
MEASURE_ET_Gm_max,cluster_family_supported_predictor,weak individual importance but belongs to a correlation cluster with high aggregate importance,0.06732567616393445,0.07692828239279671,0.0008687175754850784,0.0014111101960093144,1139.0,1059.0,306.0,380.0,221.0,886.0,0.45418158958628874,0
MEASURE_ET_HIRS,currently_inconclusive,does not cleanly satisfy any strong/nonlinear/interaction/cluster/weak criterion -- insufficient evidence either way,0.003519846662358841,0.0011040582707004993,0.003936302898301924,0.006737877785494064,1688.0,1705.0,107.0,102.0,488.0,1223.0,0.5100560956585196,0
MEASURE_ET_I_5,currently_inconclusive,does not cleanly satisfy any strong/nonlinear/interaction/cluster/weak criterion -- insufficient evidence either way,0.15346507209190377,0.17730313559718472,-4.262626671462377e-05,0.00012167037802603934,446.0,331.0,1678.0,961.0,1080.0,609.0,1.7400400548772728,0
MEASURE_ET_i5021_1,interaction_dependent_predictor,weak individual importance but frequently co-occurs with important features in the same trees,0.0520873236510752,0.027161211309731138,0.000993730785180094,0.0022567437110767546,1292.0,1505.0,285.0,291.0,615.0,96.0,0.8074277510518303,0
MEASURE_ET_i5021_2,currently_inconclusive,does not cleanly satisfy any strong/nonlinear/interaction/cluster/weak criterion -- insufficient evidence either way,0.08964161897413929,0.09262022170321585,1.5011918805124536e-06,8.052787476730801e-05,898.0,901.0,1171.0,1100.0,1167.0,609.0,0.9407188486059643,0
MEASURE_ET_i5021_3,currently_inconclusive,does not cleanly satisfy any strong/nonlinear/interaction/cluster/weak criterion -- insufficient evidence either way,0.1537278235611694,0.22006783710466615,0.002474731993438448,0.007209605034466988,444.0,189.0,164.0,94.0,481.0,1223.0,0.6786061093383116,0
MEASURE_ET_Ids_m2,currently_inconclusive,does not cleanly satisfy any strong/nonlinear/interaction/cluster/weak criterion -- insufficient evidence either way,0.05951589902387777,0.04163086388728941,2.662944203460915e-05,0.00011370434027775004,1203.0,1384.0,834.0,986.0,1099.0,609.0,0.8744600655978243,0
MEASURE_ET_KLV_F_AB_4u,currently_inconclusive,does not cleanly satisfy any strong/nonlinear/interaction/cluster/weak criterion -- insufficient evidence either way,0.25596304075235626,0.24833155104743776,0.00021929310779225108,0.0006472126177959807,163.0,140.0,482.0,528.0,781.0,886.0,0.7184395261655698,0
MEASURE_ET_lkg_10,cluster_family_supported_predictor,weak individual importance but belongs to a correlation cluster with high aggregate importance,0.5317713010950109,0.3276035126920074,0.0,0.0,12.0,20.0,1210.0,1471.0,1.0,1223.0,1.9798997000260379,0
MEASURE_ET_lkg_100,cluster_family_supported_predictor,weak individual importance but belongs to a correlation cluster with high aggregate importance,0.4944146428155918,0.31148421749298977,0.0,0.0,29.0,36.0,1210.0,1471.0,1.0,1223.0,1.4440977847051277,0
MEASURE_ET_lkg_100_at20V,cluster_family_supported_predictor,weak individual importance but belongs to a correlation cluster with high aggregate importance,0.463802948056061,0.2862873320799417,3.755698342545188e-05,0.0001066715750233803,57.0,82.0,778.0,1009.0,1.0,886.0,1.1304262000451137,0
MEASURE_ET_lkg_5,cluster_family_supported_predictor,weak individual importance but belongs to a correlation cluster with high aggregate importance,0.5390852683873051,0.24326439472089953,8.007330778408151e-05,0.0003219530837715426,10.0,151.0,641.0,677.0,1.0,886.0,0.5835604786194559,0
MEASURE_ET_lkg_50,cluster_family_supported_predictor,weak individual importance but belongs to a correlation cluster with high aggregate importance,0.5374238192557916,0.27969542861264746,6.507506977215805e-06,4.1971194143784526e-05,11.0,98.0,1058.0,1278.0,1.0,886.0,1.3807819206781153,0
MEASURE_ET_lkg_50_at20V,strong_individual_predictor,"top-ranked on correlation AND SHAP/permutation importance, stable across folds",0.5455882962065887,0.3062786094147111,1.0090572455310864,0.3461740632640202,4.0,47.0,1.0,1.0,1.0,1223.0,0.1559169835596767,5
MEASURE_ET_lkg_70,currently_inconclusive,does not cleanly satisfy any strong/nonlinear/interaction/cluster/weak criterion -- insufficient evidence either way,0.46300107704085613,0.3342849764417276,0.0010547370551881013,0.003165328809717122,58.0,12.0,269.0,216.0,1.0,886.0,1.2940038287864342,0
MEASURE_ET_lkg_70_at20V,currently_inconclusive,does not cleanly satisfy any strong/nonlinear/interaction/cluster/weak criterion -- insufficient evidence either way,0.4763080252349534,0.26458618672287576,0.0035868300340824166,0.007014123168927558,46.0,116.0,119.0,98.0,1.0,1223.0,1.1712421664053094,0
MEASURE_ET_lkg_C175pf,cluster_family_supported_predictor,weak individual importance but belongs to a correlation cluster with high aggregate importance,0.454117616458483,0.27272394955631196,0.0,0.0,59.0,107.0,1210.0,1471.0,1.0,1223.0,0.8211430019091449,0
MEASURE_ET_lkg_C20,cluster_family_supported_predictor,weak individual importance but belongs to a correlation cluster with high aggregate importance,0.4270461395458401,0.2920763042807222,0.00021193605868535527,0.0008193595166038655,70.0,72.0,490.0,491.0,1.0,886.0,1.3235941167301064,0
MEASURE_ET_lkg_C200,cluster_family_supported_predictor,weak individual importance but belongs to a correlation cluster with high aggregate importance,0.5286701277012235,0.3042542803511421,2.965735480604248e-05,0.00021838004022842894,14.0,53.0,821.0,774.0,1.0,886.0,1.0809357633839145,0
MEASURE_ET_lkg_C300,cluster_family_supported_predictor,weak individual importance but belongs to a correlation cluster with high aggregate importance,0.4923244684426138,0.2853677279889275,0.00010655242746054338,0.0003297550036511707,30.0,86.0,597.0,668.0,1.0,609.0,0.7999328343769009,0
MEASURE_ET_lkg_C300FB,cluster_family_supported_predictor,weak individual importance but belongs to a correlation cluster with high aggregate importance,0.48944405432787064,0.28013522960252585,6.811201591483406e-06,4.390232620389748e-05,34.0,96.0,1049.0,1270.0,1.0,1223.0,1.1037360857702312,0
MEASURE_ET_lkg_C300FM1,cluster_family_supported_predictor,weak individual importance but belongs to a correlation cluster with high aggregate importance,0.5521943134755163,0.3290429219954146,0.0,0.0,2.0,16.0,1210.0,1471.0,1.0,1223.0,0.9658291479137516,0
MEASURE_ET_lkg_C300M1B,cluster_family_supported_predictor,weak individual importance but belongs to a correlation cluster with high aggregate importance,0.4651861037101065,0.25848964273331726,8.806282328398807e-05,4.8913102759654556e-05,55.0,128.0,624.0,1235.0,1.0,886.0,1.2950795457707271,0
MEASURE_ET_lkg_C300pf,cluster_family_supported_predictor,weak individual importance but belongs to a correlation cluster with high aggregate importance,0.47724568345688834,0.2840987721262665,0.0,0.0,45.0,90.0,1210.0,1471.0,1.0,1223.0,1.4298972568820258,0
MEASURE_ET_lkg_C385pf,cluster_family_supported_predictor,weak individual importance but belongs to a correlation cluster with high aggregate importance,0.5428559448073534,0.2903013217106568,6.639394249263742e-06,2.632779557048496e-05,9.0,74.0,1055.0,1348.0,1.0,886.0,2.2360679774997902,0
MEASURE_ET_lkg_C500pf,cluster_family_supported_predictor,weak individual importance but belongs to a correlation cluster with high aggregate importance,0.46595427192061734,0.32223145138410814,-3.778050501435093e-06,0.00019866036532053202,54.0,24.0,1508.0,803.0,1.0,609.0,0.57924591447684,0
MEASURE_ET_lkg_Cap_USV,cluster_family_supported_predictor,weak individual importance but belongs to a correlation cluster with high aggregate importance,0.5127311297065905,0.3110521946914114,0.0002697229152130165,0.0008119306360270253,22.0,37.0,451.0,492.0,1.0,886.0,1.1756893230429275,0
MEASURE_ET_lkg_Cap1,cluster_family_supported_predictor,weak individual importance but belongs to a correlation cluster with high aggregate importance,0.4729679125607829,0.3257154130406645,-3.69389994608893e-07,4.599900726926171e-05,50.0,21.0,1462.0,1252.0,1.0,886.0,2.23606797749979,0
MEASURE_ET_lkg_Cap2,cluster_family_supported_predictor,weak individual importance but belongs to a correlation cluster with high aggregate importance,0.5126420686460922,0.27799333877865084,0.000578484717898689,0.00048740983320157805,23.0,100.0,348.0,576.0,1.0,886.0,2.2103624338197267,0
MEASURE_ET_lkg_Cap3,cluster_family_supported_predictor,weak individual importance but belongs to a correlation cluster with high aggregate importance,0.45286711233560767,0.25489456410104633,6.934515011393083e-05,0.0001713380027173769,60.0,134.0,660.0,842.0,1.0,609.0,1.406066690430386,0
MEASURE_ET_lkg_CapFICBRGM,cluster_family_supported_predictor,weak individual importance but belongs to a correlation cluster with high aggregate importance,0.08968709022846268,0.07894794454338572,0.0001584804363605502,0.00023958440684505473,897.0,1039.0,540.0,754.0,221.0,886.0,0.9768132059446094,0
MEASURE_ET_lkg_CapFICM1,currently_inconclusive,does not cleanly satisfy any strong/nonlinear/interaction/cluster/weak criterion -- insufficient evidence either way,0.5157538767306064,0.31386167630537987,0.0014490727736939045,0.0036408456365708552,20.0,31.0,226.0,192.0,1.0,886.0,1.469630994465924,0
MEASURE_ET_lkg_CapM1BRGM,cluster_family_supported_predictor,weak individual importance but belongs to a correlation cluster with high aggregate importance,0.1014215056576727,0.11276995184535425,0.0,0.0,791.0,730.0,1210.0,1471.0,221.0,1223.0,1.5710803893585041,0
MEASURE_ET_lkg_CapPARCAP,cluster_family_supported_predictor,weak individual importance but belongs to a correlation cluster with high aggregate importance,0.4830549950099033,0.3097730160669846,1.8704104331571102e-05,0.00014095565479453417,39.0,39.0,898.0,900.0,1.0,886.0,2.2360679774997902,0
MEASURE_ET_lkg_CapUSV,cluster_family_supported_predictor,weak individual importance but belongs to a correlation cluster with high aggregate importance,0.4803864797114756,0.3042038332441676,4.182667903890047e-05,0.0001267945804866626,42.0,54.0,752.0,944.0,1.0,1223.0,1.210797622244745,0
MEASURE_ET_lkg_PAD_10,currently_inconclusive,does not cleanly satisfy any strong/nonlinear/interaction/cluster/weak criterion -- insufficient evidence either way,0.5115498625821804,0.3381100672137278,0.0010092578010698766,0.0030321994616412887,24.0,10.0,281.0,226.0,1.0,886.0,1.2414032639298782,0
MEASURE_ET_lkg_SY07_10,currently_inconclusive,does not cleanly satisfy any strong/nonlinear/interaction/cluster/weak criterion -- insufficient evidence either way,0.44601439247754754,0.29225253580420557,0.00046211841983893334,0.0034126560697121952,62.0,71.0,378.0,203.0,1.0,609.0,1.3652130894059806,0
MEASURE_ET_lkg_SY8_80,cluster_family_supported_predictor,weak individual importance but belongs to a correlation cluster with high aggregate importance,0.4415067235264339,0.26616160320455773,0.0,0.0,63.0,114.0,1210.0,1471.0,1.0,1223.0,1.2486552681521486,0
MEASURE_ET_lkg_USV_Cap,cluster_family_supported_predictor,weak individual importance but belongs to a correlation cluster with high aggregate importance,0.49022136759095325,0.2979712820763344,0.0,0.0,33.0,62.0,1210.0,1471.0,1.0,1223.0,1.6974368961060011,0
MEASURE_ET_OHMC,interaction_dependent_predictor,weak individual importance but frequently co-occurs with important features in the same trees,0.030035737315399037,0.022749867373860585,7.201217379920744e-05,0.0008053322021524164,1471.0,1541.0,654.0,493.0,754.0,55.0,0.5018524350804676,0
MEASURE_ET_OHMC_GN,currently_inconclusive,does not cleanly satisfy any strong/nonlinear/interaction/cluster/weak criterion -- insufficient evidence either way,0.2187275993423088,0.18819126581350923,0.00034747007838526747,0.00047333958732854667,220.0,292.0,418.0,585.0,828.0,296.0,1.8328376793456742,0
MEASURE_ET_Probe_Number,currently_inconclusive,does not cleanly satisfy any strong/nonlinear/interaction/cluster/weak criterion -- insufficient evidence either way,0.10407268675132363,0.05688811358871294,0.00043007627552830996,0.0008590416006410294,768.0,1250.0,386.0,482.0,747.0,609.0,0.8617205379381124,0
MEASURE_ET_R_400_HOR,currently_inconclusive,does not cleanly satisfy any strong/nonlinear/interaction/cluster/weak criterion -- insufficient evidence either way,0.21427817606396515,0.2259748155336555,-5.880543938796556e-06,2.5749700104026175e-05,236.0,178.0,1539.0,1351.0,1314.0,1223.0,0.9736161945624121,0
MEASURE_ET_R_400_VER,interaction_dependent_predictor,weak individual importance but frequently co-occurs with important features in the same trees,0.2784421885451875,0.20675357884058856,2.1352401807850364e-05,7.633616108653998e-05,134.0,222.0,872.0,1113.0,1176.0,191.0,0.3341145677246453,0
MEASURE_ET_R_4000_HOR,weak_unstable_predictor,"weak on every signal (correlation, SHAP, permutation, cluster, co-occurrence) and never stable across folds",0.07573499781310197,0.005644520132351445,-6.818625387383648e-06,2.326632109138945e-05,1034.0,1673.0,1553.0,1370.0,1325.0,1223.0,1.3168191491103989,0
MEASURE_ET_R_4000_VER,currently_inconclusive,does not cleanly satisfy any strong/nonlinear/interaction/cluster/weak criterion -- insufficient evidence either way,0.031059376547351452,0.01200307795064506,0.000599315167854067,0.0010834010051293983,1464.0,1639.0,345.0,432.0,713.0,411.0,0.668194315631579,0
MEASURE_ET_R_660_HOR,currently_inconclusive,does not cleanly satisfy any strong/nonlinear/interaction/cluster/weak criterion -- insufficient evidence either way,0.11845196755765412,0.08146207723590479,4.476063283378184e-05,0.0005940156084788886,647.0,1014.0,739.0,547.0,797.0,411.0,0.9500051514748808,0
MEASURE_ET_R_660_VER,currently_inconclusive,does not cleanly satisfy any strong/nonlinear/interaction/cluster/weak criterion -- insufficient evidence either way,0.11137818282440516,0.12196843732896222,0.0010342454285183766,0.00311896638539815,705.0,649.0,275.0,217.0,562.0,411.0,0.9990394570372042,0
MEASURE_ET_R_f_hr_1,interaction_dependent_predictor,weak individual importance but frequently co-occurs with important features in the same trees,0.1874917083607486,0.17450032100175902,0.00018615434483219284,0.00040190655270131624,320.0,344.0,513.0,619.0,851.0,35.0,0.2834376208633161,0
MEASURE_ET_R_f_hr_2,interaction_dependent_predictor,weak individual importance but frequently co-occurs with important features in the same trees,0.12183143859391374,0.078711487619065,0.0001784543418120621,0.0003982536086407061,633.0,1040.0,518.0,624.0,854.0,191.0,0.9018266489897908,0
MEASURE_ET_R_f_hr_3,currently_inconclusive,does not cleanly satisfy any strong/nonlinear/interaction/cluster/weak criterion -- insufficient evidence either way,0.08971949741342282,0.13862042730955568,0.0062783684165712925,0.008544058338548762,896.0,534.0,71.0,77.0,468.0,1223.0,0.7185039712931469,0
MEASURE_ET_R_f_tn_1,currently_inconclusive,does not cleanly satisfy any strong/nonlinear/interaction/cluster/weak criterion -- insufficient evidence either way,0.09102342927255588,0.08212455664511537,0.0014012849488835605,0.004898342529168765,885.0,1008.0,232.0,141.0,517.0,69.0,0.5277169866398581,0
MEASURE_ET_R_f_tn_2,currently_inconclusive,does not cleanly satisfy any strong/nonlinear/interaction/cluster/weak criterion -- insufficient evidence either way,0.1123297448072205,0.15993088538000905,-1.536920911550388e-05,6.731355421178929e-05,701.0,398.0,1621.0,1161.0,1209.0,609.0,1.405184817366072,0
MEASURE_ET_R_f_tn_3,currently_inconclusive,does not cleanly satisfy any strong/nonlinear/interaction/cluster/weak criterion -- insufficient evidence either way,0.17201390732095087,0.15115086642694234,0.0019838673046931737,0.0035060280473580363,372.0,448.0,184.0,198.0,550.0,69.0,1.44347417881813,0
MEASURE_ET_R114,currently_inconclusive,does not cleanly satisfy any strong/nonlinear/interaction/cluster/weak criterion -- insufficient evidence either way,0.18975247902948764,0.14621238355828164,-2.9006759592470344e-06,0.00013735696765351132,314.0,496.0,1502.0,912.0,1046.0,411.0,0.29100737494670303,0
MEASURE_ET_R214,currently_inconclusive,does not cleanly satisfy any strong/nonlinear/interaction/cluster/weak criterion -- insufficient evidence either way,0.003900004171765874,0.058259074835079964,-1.4709709494303836e-05,7.48090218203754e-05,1682.0,1237.0,1616.0,1127.0,1187.0,886.0,1.2342733797910086,0
MEASURE_ET_R314,currently_inconclusive,does not cleanly satisfy any strong/nonlinear/interaction/cluster/weak criterion -- insufficient evidence either way,0.20384090442764935,0.21345637704964604,-1.1580354389997827e-05,0.00019403996453139756,273.0,202.0,1594.0,811.0,978.0,296.0,0.6571070854570856,0
MEASURE_ET_R414,nonlinear_predictor,high SHAP/permutation importance despite weak linear/monotonic correlation -- signal is not capturable by Pearson/Spearman alone (e.g. process-window/threshold shape),0.060485289020605355,0.10664718424952707,0.008353027058925424,0.014528356874033517,1194.0,777.0,54.0,43.0,443.0,1223.0,0.8273815538025859,1
MEASURE_ET_R514,currently_inconclusive,does not cleanly satisfy any strong/nonlinear/interaction/cluster/weak criterion -- insufficient evidence either way,0.006746975026647464,0.040055891873510344,-2.048877307345154e-06,1.6013132928469448e-05,1655.0,1394.0,1492.0,1417.0,1345.0,886.0,0.7615132017458804,0
MEASURE_ET_Ran_con_1,currently_inconclusive,does not cleanly satisfy any strong/nonlinear/interaction/cluster/weak criterion -- insufficient evidence either way,0.14024864638455273,0.1240396577562828,0.0007805089119100134,0.0037886234258256175,514.0,633.0,318.0,184.0,542.0,133.0,0.9097136859410682,0
MEASURE_ET_Ran_con_1_OW_CR,currently_inconclusive,does not cleanly satisfy any strong/nonlinear/interaction/cluster/weak criterion -- insufficient evidence either way,0.1552232074955932,0.1309535782191981,8.585590692840595e-05,0.0003688737295012995,439.0,578.0,631.0,641.0,867.0,411.0,0.748073248335188,0
MEASURE_ET_Ran_con_2,currently_inconclusive,does not cleanly satisfy any strong/nonlinear/interaction/cluster/weak criterion -- insufficient evidence either way,0.12386327188365795,0.1513762116536916,-1.0582064040809414e-05,1.7896007079169637e-05,618.0,445.0,1589.0,1408.0,1339.0,609.0,0.8464837105882153,0
MEASURE_ET_Ran_con_2_OW_CR,currently_inconclusive,does not cleanly satisfy any strong/nonlinear/interaction/cluster/weak criterion -- insufficient evidence either way,0.2159696424606085,0.20963573095667443,-5.197745225268835e-05,0.00014811956061369053,228.0,216.0,1686.0,888.0,1031.0,886.0,0.9463402574065,0
MEASURE_ET_Ran_con_3,currently_inconclusive,does not cleanly satisfy any strong/nonlinear/interaction/cluster/weak criterion -- insufficient evidence either way,0.07385190573609834,0.012886680141527745,5.196475877503326e-05,0.0002104503772588161,1058.0,1629.0,712.0,787.0,960.0,886.0,0.6241812338319815,0
MEASURE_ET_Ran_con_3_OW_CR,currently_inconclusive,does not cleanly satisfy any strong/nonlinear/interaction/cluster/weak criterion -- insufficient evidence either way,0.08860152235184074,0.0965597629602021,1.291803707329786e-05,6.37657094597375e-05,909.0,867.0,966.0,1179.0,1221.0,886.0,1.171307371086239,0
MEASURE_ET_Rc_an_ct2,cluster_family_supported_predictor,weak individual importance but belongs to a correlation cluster with high aggregate importance,0.1416494741763684,0.10517288421574543,9.131306258830519e-06,3.118570572815965e-05,506.0,786.0,1010.0,1328.0,155.0,886.0,1.3603714482015967,0
MEASURE_ET_Rc_an_ct2_OW_CR,nonlinear_predictor,high SHAP/permutation importance despite weak linear/monotonic correlation -- signal is not capturable by Pearson/Spearman alone (e.g. process-window/threshold shape),0.25005062602909833,0.20304538312704012,0.0244330677771801,0.027668431403737214,171.0,232.0,26.0,22.0,422.0,1223.0,0.4896344767935793,3
MEASURE_ET_Rc_cat_ct2,currently_inconclusive,does not cleanly satisfy any strong/nonlinear/interaction/cluster/weak criterion -- insufficient evidence either way,0.1427209177487094,0.07747631131702125,0.005266028706079745,0.01156011036172033,503.0,1057.0,87.0,55.0,155.0,1223.0,0.7323646561798655,0
MEASURE_ET_Rc_cat_ct2_OW_ST,currently_inconclusive,does not cleanly satisfy any strong/nonlinear/interaction/cluster/weak criterion -- insufficient evidence either way,0.21099848474457492,0.16209344396136707,0.007164252208634131,0.01077232150561635,247.0,391.0,60.0,59.0,155.0,1223.0,0.5560628057708716,0
MEASURE_ET_Rc_F_AB_2,currently_inconclusive,does not cleanly satisfy any strong/nonlinear/interaction/cluster/weak criterion -- insufficient evidence either way,0.08009443893575305,0.04872368268110526,0.002298932105617138,0.004821199456012204,980.0,1324.0,170.0,142.0,155.0,609.0,0.827675129475295,0
MEASURE_ET_Rc_f_hr_23,currently_inconclusive,does not cleanly satisfy any strong/nonlinear/interaction/cluster/weak criterion -- insufficient evidence either way,0.1741783779657289,0.13977782172859923,0.0004254257348026896,0.001871930437227163,360.0,528.0,389.0,331.0,441.0,1223.0,0.9860152604673017,0
MEASURE_ET_Rc_f_tn_23,cluster_family_supported_predictor,weak individual importance but belongs to a correlation cluster with high aggregate importance,0.040839560215900475,0.004017989841840787,0.00017596771394058907,0.001364687098046951,1377.0,1682.0,521.0,384.0,155.0,411.0,1.3338240928717617,0
MEASURE_ET_Rc_OG142,cluster_family_supported_predictor,weak individual importance but belongs to a correlation cluster with high aggregate importance,0.10747381121832596,0.08977384925331006,0.00018529888800349615,0.0004472255850061585,746.0,928.0,515.0,598.0,155.0,609.0,1.0837914222932967,0
MEASURE_ET_Rc_OG142_GN,currently_inconclusive,does not cleanly satisfy any strong/nonlinear/interaction/cluster/weak criterion -- insufficient evidence either way,0.16440307202925913,0.163252616252022,0.0031174093194662245,0.0043572816462284095,397.0,385.0,139.0,164.0,155.0,133.0,0.7248571418953125,0
MEASURE_ET_Rc_OG144,weak_unstable_predictor,"weak on every signal (correlation, SHAP, permutation, cluster, co-occurrence) and never stable across folds",0.010195025083580778,0.022646973054348846,0.0,0.0,1621.0,1542.0,1210.0,1471.0,1367.0,1223.0,2.012036447526207,0
MEASURE_ET_Rc_TF_AB_2,cluster_family_supported_predictor,weak individual importance but belongs to a correlation cluster with high aggregate importance,0.14423322619923565,0.1647349167080551,0.0,0.0,494.0,375.0,1210.0,1471.0,155.0,1223.0,1.2521326555042123,0
MEASURE_ET_Rcat_cn_1,cluster_family_supported_predictor,weak individual importance but belongs to a correlation cluster with high aggregate importance,0.1751005067780014,0.15744342076166148,0.0,0.0,358.0,409.0,1210.0,1471.0,155.0,1223.0,1.7692249707292864,0
MEASURE_ET_Rcat_cn_1_OW_ST,cluster_family_supported_predictor,weak individual importance but belongs to a correlation cluster with high aggregate importance,0.11426314831147623,0.07060661541044037,0.0,0.0,691.0,1112.0,1210.0,1471.0,155.0,1223.0,1.2434101087259155,0
MEASURE_ET_Rcat_cn_2,currently_inconclusive,does not cleanly satisfy any strong/nonlinear/interaction/cluster/weak criterion -- insufficient evidence either way,0.11342570588116718,0.08546495516904838,0.007182951164826407,0.010199057120449656,694.0,968.0,59.0,67.0,155.0,1223.0,0.4572197063361155,0
MEASURE_ET_Rcat_cn_2_OW_ST,cluster_family_supported_predictor,weak individual importance but belongs to a correlation cluster with high aggregate importance,0.08882456179977631,0.07635625220181783,0.0,0.0,908.0,1064.0,1210.0,1471.0,155.0,1223.0,1.1197606603986734,0
MEASURE_ET_Rcat_cn_3,cluster_family_supported_predictor,weak individual importance but belongs to a correlation cluster with high aggregate importance,0.16340605702350786,0.18158291703380916,5.3982293268103886e-05,0.0005591322461351789,404.0,317.0,704.0,556.0,155.0,886.0,1.2969579549708856,0
MEASURE_ET_Rcat_cn_3_OW_ST,currently_inconclusive,does not cleanly satisfy any strong/nonlinear/interaction/cluster/weak criterion -- insufficient evidence either way,0.15697439798733182,0.1563224727106524,7.685328976574646e-05,0.000275704466494915,430.0,416.0,648.0,713.0,774.0,296.0,0.1886361157907166,0
MEASURE_ET_RGAN1,currently_inconclusive,does not cleanly satisfy any strong/nonlinear/interaction/cluster/weak criterion -- insufficient evidence either way,0.1155575720299087,0.08509182436459868,0.006690603257672348,0.010703752140953478,676.0,971.0,64.0,63.0,458.0,1223.0,0.18648093635851393,0
MEASURE_ET_RGAN2,currently_inconclusive,does not cleanly satisfy any strong/nonlinear/interaction/cluster/weak criterion -- insufficient evidence either way,0.13370266396362007,0.10366902706642372,0.0067535139623777826,0.005152873943644773,560.0,796.0,63.0,134.0,513.0,13.0,0.5827095278739975,0
MEASURE_ET_RGAN3,currently_inconclusive,does not cleanly satisfy any strong/nonlinear/interaction/cluster/weak criterion -- insufficient evidence either way,0.05933017230300019,0.0735618824965465,3.131450667392954e-06,4.958396847081215e-05,1207.0,1084.0,1128.0,1232.0,1253.0,609.0,0.7122951635636982,0
MEASURE_ET_Rsh_an_ct2,interaction_dependent_predictor,weak individual importance but frequently co-occurs with important features in the same trees,0.008585188840827745,0.020929993545606485,-3.113866016392075e-05,0.0006051386869228447,1634.0,1555.0,1663.0,541.0,792.0,96.0,1.0027700815318505,0
MEASURE_ET_Rsh_an_ct2_OW_CR,currently_inconclusive,does not cleanly satisfy any strong/nonlinear/interaction/cluster/weak criterion -- insufficient evidence either way,0.044311277395133686,0.026941421931767618,9.421807333018228e-06,0.0005729988587590195,1346.0,1507.0,1005.0,552.0,801.0,609.0,0.9245814955712708,0
MEASURE_ET_Rsh_cat_c2,currently_inconclusive,does not cleanly satisfy any strong/nonlinear/interaction/cluster/weak criterion -- insufficient evidence either way,0.007925524007193879,0.017612040650767827,3.4118951500136664e-05,0.00016178234158521152,1644.0,1578.0,795.0,864.0,1011.0,411.0,1.6435607749301473,0
MEASURE_ET_Rsh_cat_c2_OW_ST,currently_inconclusive,does not cleanly satisfy any strong/nonlinear/interaction/cluster/weak criterion -- insufficient evidence either way,0.02632591116977336,0.014301421476326332,1.033019964745696e-05,4.73045993641506e-05,1492.0,1610.0,991.0,1243.0,1255.0,609.0,0.9701628035923677,0
MEASURE_ET_Rsh_F_AB_2,weak_unstable_predictor,"weak on every signal (correlation, SHAP, permutation, cluster, co-occurrence) and never stable across folds",0.0693303680534842,0.06687975204497189,0.0,0.0,1113.0,1154.0,1210.0,1471.0,1367.0,1223.0,1.2411055416889534,0
MEASURE_ET_Rsh_TF_AB2,currently_inconclusive,does not cleanly satisfy any strong/nonlinear/interaction/cluster/weak criterion -- insufficient evidence either way,0.02522570744403382,0.05874043357387571,3.005088135098477e-05,4.097714537013974e-05,1503.0,1235.0,818.0,1284.0,1276.0,886.0,1.1576732483218724,0
MEASURE_ET_sh_f_hr_23,interaction_dependent_predictor,weak individual importance but frequently co-occurs with important features in the same trees,0.10107705298876539,0.0633837897550384,0.00037204817272582235,0.00254949096971866,793.0,1197.0,410.0,266.0,599.0,96.0,0.7722324727798704,0
MEASURE_ET_sh_f_tn_23,currently_inconclusive,does not cleanly satisfy any strong/nonlinear/interaction/cluster/weak criterion -- insufficient evidence either way,0.14346373596690937,0.15191023983897609,1.4864243367301854e-06,7.486180919484455e-05,498.0,443.0,1172.0,1125.0,1186.0,886.0,1.1446550916301992,0
MEASURE_ET_sh_GA142,currently_inconclusive,does not cleanly satisfy any strong/nonlinear/interaction/cluster/weak criterion -- insufficient evidence either way,0.18091027512467034,0.16461202133291472,2.7955432682996718e-06,0.00024572097823756344,334.0,376.0,1136.0,745.0,931.0,411.0,0.9628149399362959,0
MEASURE_ET_sh_GA142_GN,currently_inconclusive,does not cleanly satisfy any strong/nonlinear/interaction/cluster/weak criterion -- insufficient evidence either way,0.2386217620510354,0.2301094781999967,1.9392902942433344e-05,6.777266587581412e-05,191.0,169.0,893.0,1159.0,1207.0,609.0,1.0299687799568167,0
MEASURE_ET_sh_GA144,currently_inconclusive,does not cleanly satisfy any strong/nonlinear/interaction/cluster/weak criterion -- insufficient evidence either way,0.21004568295289994,0.15933596509203296,0.0015309399310509564,0.002644785027939221,250.0,401.0,214.0,257.0,592.0,411.0,0.8647054176235008,0
MEASURE_ET_TANR,currently_inconclusive,does not cleanly satisfy any strong/nonlinear/interaction/cluster/weak criterion -- insufficient evidence either way,0.2999122812026769,0.2889950305441557,0.0010233996983155553,0.003040232033666487,112.0,75.0,276.0,225.0,568.0,886.0,0.6470648557901044,0
MEASURE_ET_TF_AB_1,currently_inconclusive,does not cleanly satisfy any strong/nonlinear/interaction/cluster/weak criterion -- insufficient evidence either way,0.1615853933821357,0.13908156275877137,-4.713588540694591e-06,9.614697281101707e-05,409.0,531.0,1523.0,1045.0,1139.0,609.0,0.5297584347276442,0
MEASURE_ET_TF_AB_2,currently_inconclusive,does not cleanly satisfy any strong/nonlinear/interaction/cluster/weak criterion -- insufficient evidence either way,0.09709624857133341,0.07312452608013373,0.0010641856878356032,0.002101989453903418,822.0,1086.0,268.0,307.0,628.0,411.0,0.7987530178004483,0
MEASURE_ET_TF_AB_3,interaction_dependent_predictor,weak individual importance but frequently co-occurs with important features in the same trees,0.11249334784726547,0.07835324648936105,-0.0001460727441616433,0.00108895361845109,698.0,1047.0,1706.0,430.0,711.0,19.0,0.7006012119177158,0
MEASURE_ET_TFR_AB,currently_inconclusive,does not cleanly satisfy any strong/nonlinear/interaction/cluster/weak criterion -- insufficient evidence either way,0.14393743978113097,0.1345651021638748,-5.16328408017852e-07,7.441260763826405e-05,496.0,561.0,1465.0,1131.0,1190.0,609.0,1.6543764991522696,0
MEASURE_ET_TR_1F,currently_inconclusive,does not cleanly satisfy any strong/nonlinear/interaction/cluster/weak criterion -- insufficient evidence either way,0.2845979687488915,0.2118138459146325,4.5221180650534265e-05,0.00016775031561542072,125.0,210.0,737.0,852.0,1005.0,609.0,0.8228877116381526,0
MEASURE_ET_USV_Cappf,currently_inconclusive,does not cleanly satisfy any strong/nonlinear/interaction/cluster/weak criterion -- insufficient evidence either way,0.010076295552848068,0.07863237233235619,0.007918527854660674,0.010763733932833874,1622.0,1042.0,56.0,60.0,73.0,1223.0,0.31720032510365515,0
MEASURE_ET_USV_Cappf_0,cluster_family_supported_predictor,weak individual importance but belongs to a correlation cluster with high aggregate importance,0.11028111880997885,0.1895313365406276,1.2474065095524623e-06,7.315401389081502e-06,720.0,288.0,1180.0,1463.0,73.0,1223.0,1.2365760639679484,0
MEASURE_ET_Vbkdn_C300pf,cluster_family_supported_predictor,weak individual importance but belongs to a correlation cluster with high aggregate importance,0.031577632803901516,0.030224039628329025,-6.138167651140169e-06,6.31457333275895e-05,1462.0,1482.0,1543.0,1181.0,73.0,1223.0,1.6175745938417898,0
MEASURE_ET_Vbkdn_C385pf,currently_inconclusive,does not cleanly satisfy any strong/nonlinear/interaction/cluster/weak criterion -- insufficient evidence either way,0.0080725085582793,0.04071748234691521,-6.713190906856848e-06,2.1042371531916726e-05,1643.0,1391.0,1552.0,1392.0,1330.0,886.0,0.43572669154415367,0
MEASURE_ET_Vbkdn_Cap100,currently_inconclusive,does not cleanly satisfy any strong/nonlinear/interaction/cluster/weak criterion -- insufficient evidence either way,0.07800154073769916,0.13707390124155955,0.0012558392258161717,0.0024290125212311333,1007.0,546.0,248.0,276.0,73.0,609.0,1.5722696595851493,0
MEASURE_ET_Vbkdn_Cap100_Long,currently_inconclusive,does not cleanly satisfy any strong/nonlinear/interaction/cluster/weak criterion -- insufficient evidence either way,0.05429669949462327,0.08355263201699971,0.001261044349423135,0.0017709427264157177,1270.0,988.0,246.0,341.0,73.0,609.0,1.4488000995131012,0
MEASURE_ET_Vbkdn_CapBig,cluster_family_supported_predictor,weak individual importance but belongs to a correlation cluster with high aggregate importance,0.02399528705888714,0.0978033841524002,4.0723409388515595e-06,4.1622943395499126e-05,1517.0,861.0,1103.0,1281.0,73.0,1223.0,1.6013684504588186,0
MEASURE_ET_Vbpin,currently_inconclusive,does not cleanly satisfy any strong/nonlinear/interaction/cluster/weak criterion -- insufficient evidence either way,0.25724898861970114,0.18588758867299365,-6.97729108188605e-06,7.448603112078687e-05,161.0,302.0,1559.0,1130.0,1189.0,886.0,1.3614737843557487,0
MEASURE_ET_Vbpin_D60,currently_inconclusive,does not cleanly satisfy any strong/nonlinear/interaction/cluster/weak criterion -- insufficient evidence either way,0.3164949317936544,0.23502551543956304,1.6232820161116156e-05,6.696592814668167e-05,101.0,164.0,922.0,1163.0,1211.0,886.0,1.5423015055262193,0
MEASURE_ET_Vg_gm_max,cluster_family_supported_predictor,weak individual importance but belongs to a correlation cluster with high aggregate importance,0.10037517748930021,0.09542325853259295,7.401199893064536e-06,4.687788199740696e-05,797.0,882.0,1036.0,1246.0,221.0,1223.0,1.6335508863158548,0
MEASURE_ET_VIA_KLV,nonlinear_predictor,high SHAP/permutation importance despite weak linear/monotonic correlation -- signal is not capturable by Pearson/Spearman alone (e.g. process-window/threshold shape),0.11715424942771305,0.1528836245462362,0.012553687397428579,0.016652201539113506,661.0,436.0,38.0,39.0,438.0,1223.0,0.5418571896191915,1
MEASURE_ET_VIA_KLV_2,currently_inconclusive,does not cleanly satisfy any strong/nonlinear/interaction/cluster/weak criterion -- insufficient evidence either way,0.15088634391756728,0.15196024247804768,0.0014292076179537676,0.0031933598406486264,461.0,442.0,230.0,214.0,561.0,191.0,0.5152044528363571,0
MEASURE_ET_VIA_KLV_8p5,currently_inconclusive,does not cleanly satisfy any strong/nonlinear/interaction/cluster/weak criterion -- insufficient evidence either way,0.12107538939793097,0.11136965571739856,-1.6729886967339902e-05,7.200970168343245e-05,635.0,739.0,1629.0,1142.0,1196.0,609.0,0.7898618022330373,0
MEASURE_ET_Vk,currently_inconclusive,does not cleanly satisfy any strong/nonlinear/interaction/cluster/weak criterion -- insufficient evidence either way,0.12989357569046042,0.12595042527067146,-1.8002770771299858e-05,0.00013803137080251886,578.0,617.0,1635.0,909.0,1045.0,886.0,1.239348126914906,0
MEASURE_ET_Vp_1,cluster_family_supported_predictor,weak individual importance but belongs to a correlation cluster with high aggregate importance,0.008511893531462755,0.016841333307211197,1.370837387140722e-06,9.61254206227421e-06,1635.0,1587.0,1176.0,1450.0,221.0,1223.0,1.8633984478213281,0
MEASURE_ET_DC_Big_Ft,currently_inconclusive,does not cleanly satisfy any strong/nonlinear/interaction/cluster/weak criterion -- insufficient evidence either way,0.05297078280875084,0.04524661027704326,1.9372728667754744e-06,3.29330573327242e-05,1279.0,1357.0,1156.0,1318.0,1296.0,609.0,1.4723665733718636,0
MEASURE_ET_DC_Big_Gm_0,cluster_family_supported_predictor,weak individual importance but belongs to a correlation cluster with high aggregate importance,0.08957145586600082,0.10995091417147425,0.00011648764170935633,0.00031104616604376613,900.0,748.0,584.0,685.0,221.0,609.0,1.571378947547717,0
MEASURE_ET_DC_Big_Gm_m0p2,cluster_family_supported_predictor,weak individual importance but belongs to a correlation cluster with high aggregate importance,0.11545706034108753,0.12375897627562765,7.348375808347018e-07,3.553654058718529e-05,678.0,636.0,1195.0,1308.0,221.0,886.0,1.9807810685062377,0
MEASURE_ET_DC_Big_Gm_max,cluster_family_supported_predictor,weak individual importance but belongs to a correlation cluster with high aggregate importance,0.09092068512480854,0.10935288260817815,0.0,0.0,886.0,751.0,1210.0,1471.0,221.0,1223.0,2.1015193671569636,0
MEASURE_ET_DC_Big_Id_gm_max,cluster_family_supported_predictor,weak individual importance but belongs to a correlation cluster with high aggregate importance,0.18219036906858435,0.19100119189538065,0.0,0.0,331.0,281.0,1210.0,1471.0,221.0,1223.0,1.447101082065989,0
MEASURE_ET_DC_Big_Ids_m0p2,currently_inconclusive,does not cleanly satisfy any strong/nonlinear/interaction/cluster/weak criterion -- insufficient evidence either way,0.12425438233858778,0.05766726582242388,-1.1081026556258866e-05,9.768897573875737e-05,614.0,1244.0,1592.0,1039.0,1135.0,886.0,1.4710464457980696,0
MEASURE_ET_DC_Big_Idss,cluster_family_supported_predictor,weak individual importance but belongs to a correlation cluster with high aggregate importance,0.10938245824272123,0.09068123047699567,0.0,0.0,728.0,921.0,1210.0,1471.0,221.0,1223.0,2.2360679774997894,0
MEASURE_ET_DC_Big_Imax,cluster_family_supported_predictor,weak individual importance but belongs to a correlation cluster with high aggregate importance,0.06285928437265327,0.07688694687783089,0.0,0.0,1182.0,1060.0,1210.0,1471.0,221.0,1223.0,1.9862963307293338,0
MEASURE_ET_DC_Big_K,currently_inconclusive,does not cleanly satisfy any strong/nonlinear/interaction/cluster/weak criterion -- insufficient evidence either way,0.07828155307392312,0.03926007209344221,-1.2629172805075917e-05,7.705015158124284e-05,1004.0,1400.0,1606.0,1107.0,1171.0,886.0,0.7150387325139269,0
MEASURE_ET_DC_Big_MAG_10GHz,currently_inconclusive,does not cleanly satisfy any strong/nonlinear/interaction/cluster/weak criterion -- insufficient evidence either way,0.14277179611001417,0.12407588189036575,0.0044655158465537635,0.006530469643817067,502.0,631.0,98.0,103.0,489.0,1223.0,1.0434335977845168,0
MEASURE_ET_DC_Big_MAG_18GHz,currently_inconclusive,does not cleanly satisfy any strong/nonlinear/interaction/cluster/weak criterion -- insufficient evidence either way,0.08561574402132763,0.10700742548479389,1.2171173382230504e-06,7.343275457831482e-06,934.0,773.0,1181.0,1462.0,1364.0,886.0,1.8634732017199238,0
MEASURE_ET_DC_Big_S11ang_10GHz,currently_inconclusive,does not cleanly satisfy any strong/nonlinear/interaction/cluster/weak criterion -- insufficient evidence either way,0.18557909835683895,0.14059208692663597,0.003071975056857365,0.0051416262446587644,326.0,524.0,143.0,135.0,514.0,191.0,0.722815826186891,0
MEASURE_ET_DC_Big_S11dB_10GHz,currently_inconclusive,does not cleanly satisfy any strong/nonlinear/interaction/cluster/weak criterion -- insufficient evidence either way,0.08681401419950678,0.08269458673053139,0.0006826663868599037,0.002857446603963513,923.0,1003.0,334.0,244.0,581.0,296.0,0.4071793893238451,0
MEASURE_ET_DC_Big_S12ang_10GHz,currently_inconclusive,does not cleanly satisfy any strong/nonlinear/interaction/cluster/weak criterion -- insufficient evidence either way,0.04186609829636659,0.006638794831045896,0.0021804117932442022,0.006481307666348738,1365.0,1663.0,176.0,104.0,490.0,1223.0,0.763627276041344,0
MEASURE_ET_DC_Big_S12dB_10GHz,nonlinear_predictor,high SHAP/permutation importance despite weak linear/monotonic correlation -- signal is not capturable by Pearson/Spearman alone (e.g. process-window/threshold shape),0.14910527187196743,0.2091765956130216,0.15265847362158522,0.09228528728986696,476.0,219.0,8.0,7.0,220.0,1223.0,0.49340738807564843,5
MEASURE_ET_DC_Big_S21ang_10GHz,currently_inconclusive,does not cleanly satisfy any strong/nonlinear/interaction/cluster/weak criterion -- insufficient evidence either way,0.09315243086957294,0.09907789586384691,1.6338268033905257e-06,1.3312960329810843e-05,863.0,846.0,1166.0,1431.0,1350.0,1223.0,0.7096097820244511,0
MEASURE_ET_DC_Big_S21dB_10GHz,currently_inconclusive,does not cleanly satisfy any strong/nonlinear/interaction/cluster/weak criterion -- insufficient evidence either way,0.037936258449681196,0.09457899175111323,1.5463504520418781e-06,4.7101676352436604e-05,1405.0,888.0,1168.0,1244.0,1256.0,411.0,1.2200982267148548,0
MEASURE_ET_DC_Big_S22ang_10GHz,currently_inconclusive,does not cleanly satisfy any strong/nonlinear/interaction/cluster/weak criterion -- insufficient evidence either way,0.009526509109655757,0.011876849066233246,0.005696446230831265,0.006096160624869841,1629.0,1640.0,82.0,112.0,497.0,1223.0,2.0081598386079578,0
MEASURE_ET_DC_Big_S22dB_10GHz,weak_unstable_predictor,"weak on every signal (correlation, SHAP, permutation, cluster, co-occurrence) and never stable across folds",0.005393647515910678,0.021573360834994153,0.0,0.0,1673.0,1553.0,1210.0,1471.0,1367.0,1223.0,1.0822349833131764,0
MEASURE_ET_DC_Big_Vdg_max,interaction_dependent_predictor,weak individual importance but frequently co-occurs with important features in the same trees,0.1295842608094573,0.10720810274293449,-1.3456537716893813e-07,0.00018427397984216215,580.0,772.0,1456.0,821.0,983.0,191.0,1.5200877413347558,0
MEASURE_ET_DC_Big_Vdg_max_0p1mA,currently_inconclusive,does not cleanly satisfy any strong/nonlinear/interaction/cluster/weak criterion -- insufficient evidence either way,0.09705573662255078,0.05338837332160516,-1.466423476167711e-05,0.00011687537261491796,823.0,1280.0,1615.0,975.0,1091.0,886.0,0.5604461231952764,0
MEASURE_ET_DC_Big_Vds_max,interaction_dependent_predictor,weak individual importance but frequently co-occurs with important features in the same trees,0.16105052259859085,0.15702673210273166,0.00012116074606768334,0.0005359608766236803,411.0,412.0,576.0,563.0,808.0,96.0,0.4941379138887687,0
MEASURE_ET_DC_Big_Vds_max_0p1mA,currently_inconclusive,does not cleanly satisfy any strong/nonlinear/interaction/cluster/weak criterion -- insufficient evidence either way,0.004032658587872068,0.00418510977331558,-2.7039672499556967e-05,0.00011816109334891522,1680.0,1681.0,1648.0,972.0,1089.0,411.0,1.0149174244663914,0
MEASURE_ET_DC_Big_Vg_gm_max,cluster_family_supported_predictor,weak individual importance but belongs to a correlation cluster with high aggregate importance,0.11581383943131926,0.10786613747311649,8.213940185448353e-05,0.00018520636911449495,674.0,761.0,636.0,819.0,221.0,411.0,1.9524453880305874,0
MEASURE_ET_DC_Big_Vg_max_Vd,currently_inconclusive,does not cleanly satisfy any strong/nonlinear/interaction/cluster/weak criterion -- insufficient evidence either way,0.17282318870693966,0.15492484339011384,0.000587293803388475,0.0015831060902046343,367.0,422.0,347.0,359.0,659.0,296.0,0.8496687257933141,0
MEASURE_ET_DC_Big_Vg_max_Vd_0p1mA,currently_inconclusive,does not cleanly satisfy any strong/nonlinear/interaction/cluster/weak criterion -- insufficient evidence either way,0.11659107478780069,0.13173117481524904,0.0008755403994174377,0.0026948545443735306,669.0,573.0,303.0,254.0,589.0,35.0,0.20393215142660412,0
MEASURE_ET_DC_Big_Vg_optt1,currently_inconclusive,does not cleanly satisfy any strong/nonlinear/interaction/cluster/weak criterion -- insufficient evidence either way,0.3176161007242802,0.30145813277425926,0.000721702537199348,0.0025259711148513534,99.0,58.0,328.0,268.0,601.0,609.0,0.7771441294092454,0
MEASURE_ET_DC_Big_Vg_optt2,nonlinear_predictor,high SHAP/permutation importance despite weak linear/monotonic correlation -- signal is not capturable by Pearson/Spearman alone (e.g. process-window/threshold shape),0.08191398629742183,0.08412866241910433,0.034566783833526474,0.03337174575829234,969.0,982.0,21.0,19.0,430.0,1223.0,0.3061644010864033,2
MEASURE_ET_DC_Big_Vg_optt3,currently_inconclusive,does not cleanly satisfy any strong/nonlinear/interaction/cluster/weak criterion -- insufficient evidence either way,0.04822769177745203,0.02514799394373359,1.529997030559893e-05,0.0001694218537877142,1325.0,1521.0,938.0,848.0,1002.0,609.0,0.9839178780049098,0
MEASURE_ET_DC_Big_Vp_01,currently_inconclusive,does not cleanly satisfy any strong/nonlinear/interaction/cluster/weak criterion -- insufficient evidence either way,0.03566663261297346,0.017334470445432695,0.002729796679159338,0.00293462040753474,1424.0,1581.0,153.0,236.0,221.0,886.0,1.6519997772268729,0
MEASURE_ET_DC_Big_Vp_1,cluster_family_supported_predictor,weak individual importance but belongs to a correlation cluster with high aggregate importance,0.001241744634549375,0.011443937328849074,0.0,0.0,1706.0,1642.0,1210.0,1471.0,221.0,1223.0,2.223293172619956,0
MEASURE_ET_DC_Diode_D_leak_65V,cluster_family_supported_predictor,weak individual importance but belongs to a correlation cluster with high aggregate importance,0.510661386810765,0.30540589668744844,1.4156121291519774e-05,4.4295140110533935e-05,25.0,49.0,951.0,1267.0,1.0,1223.0,1.674587498978227,0
MEASURE_ET_DC_Diode_Rs,interaction_dependent_predictor,weak individual importance but frequently co-occurs with important features in the same trees,0.0434441567365564,0.026891419292696034,0.00045750017644683447,0.001168759997982019,1355.0,1509.0,381.0,413.0,697.0,191.0,1.7511911843700152,0
MEASURE_ET_DC_Diode_Rs_9p5,nonlinear_predictor,high SHAP/permutation importance despite weak linear/monotonic correlation -- signal is not capturable by Pearson/Spearman alone (e.g. process-window/threshold shape),0.008777528947234811,0.08492826017634675,0.005932446128185495,0.012901431677880175,1633.0,973.0,78.0,49.0,447.0,1223.0,0.7407338844405206,0
MEASURE_ET_DC_Diode_S11_dB_forw,currently_inconclusive,does not cleanly satisfy any strong/nonlinear/interaction/cluster/weak criterion -- insufficient evidence either way,0.05211385209940447,0.08922359798957125,0.0045999464851687825,0.007427983932543105,1290.0,934.0,95.0,92.0,480.0,1223.0,0.7663958225993358,0
MEASURE_ET_DC_Diode_S11_dB_forw_9p5,interaction_dependent_predictor,weak individual importance but frequently co-occurs with important features in the same trees,0.09585106791718766,0.13131670849583346,0.0002674822623328132,0.001436704818812753,829.0,575.0,453.0,375.0,672.0,191.0,1.2012365322673864,0
MEASURE_ET_DC_Diode_S11_dB_rev,currently_inconclusive,does not cleanly satisfy any strong/nonlinear/interaction/cluster/weak criterion -- insufficient evidence either way,0.11239418647827831,0.11319641879814696,0.0035335459268476172,0.005925532779823835,699.0,721.0,123.0,117.0,501.0,1223.0,0.7331942055820573,0
MEASURE_ET_DC_Diode_S11_dB_rev_9p5,currently_inconclusive,does not cleanly satisfy any strong/nonlinear/interaction/cluster/weak criterion -- insufficient evidence either way,0.07587476022291238,0.0030421605611149626,0.0005605382890579242,0.0008928828280779785,1033.0,1690.0,353.0,470.0,738.0,609.0,1.2180667929775728,0
MEASURE_ET_DC_Diode_S21_dB_forw,currently_inconclusive,does not cleanly satisfy any strong/nonlinear/interaction/cluster/weak criterion -- insufficient evidence either way,0.09306099886663673,0.11420002732280146,0.0,0.0,865.0,710.0,1210.0,1471.0,1367.0,1223.0,1.1789024596963902,0
MEASURE_ET_DC_Diode_S21_dB_forw_9p5,currently_inconclusive,does not cleanly satisfy any strong/nonlinear/interaction/cluster/weak criterion -- insufficient evidence either way,0.08465917185184772,0.08401621203968111,0.0017642759830517496,0.003990917062946328,944.0,983.0,200.0,175.0,536.0,133.0,0.5492654374776292,0
MEASURE_ET_DC_Diode_S21_dB_rev,currently_inconclusive,does not cleanly satisfy any strong/nonlinear/interaction/cluster/weak criterion -- insufficient evidence either way,0.11516995695362386,0.19973520842050146,0.0013544493540074616,0.004198082954086002,682.0,239.0,237.0,169.0,530.0,411.0,0.8171681299285896,0
MEASURE_ET_DC_Diode_S21_dB_rev_9p5,currently_inconclusive,does not cleanly satisfy any strong/nonlinear/interaction/cluster/weak criterion -- insufficient evidence either way,0.031848830522475356,0.049550615214373483,0.00011569852984640306,0.00017907249831121283,1459.0,1316.0,585.0,830.0,988.0,411.0,1.5819482843551886,0
MEASURE_ET_DC_Diode_Vbpin,interaction_dependent_predictor,weak individual importance but frequently co-occurs with important features in the same trees,0.28746882672930407,0.22810026104512487,0.0006145359495475788,0.002265907527625562,124.0,172.0,341.0,288.0,614.0,96.0,1.0234700386365545,0
MEASURE_ET_DC_PIV_Drain_Lag_0,cluster_family_supported_predictor,weak individual importance but belongs to a correlation cluster with high aggregate importance,0.3027222402374293,0.27509251901064485,0.0,0.0,110.0,106.0,1210.0,1471.0,208.0,1223.0,1.556508565379263,0
MEASURE_ET_DC_PIV_Drain_Lag_1,cluster_family_supported_predictor,weak individual importance but belongs to a correlation cluster with high aggregate importance,0.257632343549029,0.22929721310752274,3.928902113273236e-05,0.00010195032711223331,159.0,170.0,768.0,1025.0,208.0,1223.0,1.3238636755648108,0
MEASURE_ET_DC_PIV_Drain_Lag_Idss,currently_inconclusive,does not cleanly satisfy any strong/nonlinear/interaction/cluster/weak criterion -- insufficient evidence either way,0.06421783167948374,0.08231745571495597,0.004007884158616365,0.003947377165145623,1173.0,1005.0,104.0,178.0,221.0,411.0,0.9457989548253549,0
MEASURE_ET_DC_PIV_Drain_Lag_Imax,cluster_family_supported_predictor,weak individual importance but belongs to a correlation cluster with high aggregate importance,0.1046793495244735,0.08496603994808972,0.0,0.0,764.0,972.0,1210.0,1471.0,221.0,1223.0,0.8401312560698705,0
MEASURE_ET_DC_PIV_Gate_Lag_0,interaction_dependent_predictor,weak individual importance but frequently co-occurs with important features in the same trees,0.1866670925544782,0.15601979006880573,-0.00028897421918828157,0.0024181597410114883,322.0,418.0,1711.0,277.0,607.0,191.0,1.3929867344878513,0
MEASURE_ET_DC_PIV_Gate_Lag_1,cluster_family_supported_predictor,weak individual importance but belongs to a correlation cluster with high aggregate importance,0.29551880347657616,0.28665357363189714,8.555941947110957e-06,6.0205241918410004e-05,117.0,81.0,1018.0,1193.0,208.0,886.0,0.3555436209025443,0
MEASURE_ET_DC_PIV_Gate_Lag_Idss,cluster_family_supported_predictor,weak individual importance but belongs to a correlation cluster with high aggregate importance,0.13696465256736068,0.13797817118992514,4.197243498178793e-05,0.00013794734921590337,536.0,536.0,751.0,910.0,221.0,886.0,0.8389707950045161,0
MEASURE_ET_DC_PIV_Gate_Lag_Imax,cluster_family_supported_predictor,weak individual importance but belongs to a correlation cluster with high aggregate importance,0.08790580589800677,0.08251235489035942,0.00010534571137392479,0.00032773898260655016,915.0,1004.0,600.0,672.0,221.0,886.0,1.7556495561933476,0
MEASURE_ET_DC_PIV_Ids0_QP1,currently_inconclusive,does not cleanly satisfy any strong/nonlinear/interaction/cluster/weak criterion -- insufficient evidence either way,0.05666053701178425,0.039588756107606066,0.003840185796352635,0.007943151358451587,1244.0,1398.0,112.0,84.0,473.0,1223.0,0.6256614879481088,0
MEASURE_ET_DC_PIV_Ids0_QP2,currently_inconclusive,does not cleanly satisfy any strong/nonlinear/interaction/cluster/weak criterion -- insufficient evidence either way,0.14984555516309644,0.14822693432798772,6.674154450611591e-06,5.8091468453238945e-05,474.0,478.0,1054.0,1203.0,1234.0,609.0,0.5520275549047762,0
MEASURE_ET_DC_PIV_Ids0_QP3,currently_inconclusive,does not cleanly satisfy any strong/nonlinear/interaction/cluster/weak criterion -- insufficient evidence either way,0.0020045218468639427,0.032382597998561295,0.0014904271472588938,0.004322195485617268,1702.0,1458.0,221.0,166.0,527.0,133.0,0.9576919874280998,0
MEASURE_ET_DC_PIV_Ids1_QP1,currently_inconclusive,does not cleanly satisfy any strong/nonlinear/interaction/cluster/weak criterion -- insufficient evidence either way,0.16219012066707547,0.12251579955133245,8.138632404577906e-06,0.00014388463131618983,408.0,644.0,1022.0,893.0,1034.0,296.0,1.5211098730998072,0
MEASURE_ET_DC_PIV_Ids1_QP2,interaction_dependent_predictor,weak individual importance but frequently co-occurs with important features in the same trees,0.2403215955778807,0.19680260919744114,0.00021417865333615838,0.0011228388418008932,186.0,250.0,487.0,421.0,702.0,6.0,1.8304380571188152,0
MEASURE_ET_DC_PIV_Ids1_QP3,currently_inconclusive,does not cleanly satisfy any strong/nonlinear/interaction/cluster/weak criterion -- insufficient evidence either way,0.045138663447314056,0.01289445832982777,3.0474175944764092e-05,0.00034623252916278794,1341.0,1628.0,817.0,658.0,877.0,411.0,0.7302970135078499,0
MEASURE_ET_DC_PIV_Idss_QP1,cluster_family_supported_predictor,weak individual importance but belongs to a correlation cluster with high aggregate importance,0.09345875702121144,0.08537961733169956,0.00019828440449116969,0.0015446887979826394,857.0,969.0,500.0,364.0,221.0,609.0,inf,0
MEASURE_ET_DC_PIV_Idss_QP2,cluster_family_supported_predictor,weak individual importance but belongs to a correlation cluster with high aggregate importance,0.10351373305878049,0.11318108465549835,-1.484605856491572e-06,2.295136683173339e-05,776.0,723.0,1483.0,1372.0,221.0,1223.0,1.1788269158995286,0
MEASURE_ET_DC_PIV_Idss_QP3,cluster_family_supported_predictor,weak individual importance but belongs to a correlation cluster with high aggregate importance,0.08836179204287277,0.06489342498709727,0.0,0.0,913.0,1181.0,1210.0,1471.0,221.0,1223.0,1.5172405654594283,0
MEASURE_ET_DC_PIV_Imax_QP1,cluster_family_supported_predictor,weak individual importance but belongs to a correlation cluster with high aggregate importance,0.06913512998169295,0.09835607998960473,0.0,0.0,1117.0,854.0,1210.0,1471.0,221.0,1223.0,1.7555023189689154,0
MEASURE_ET_DC_PIV_Imax_QP2,cluster_family_supported_predictor,weak individual importance but belongs to a correlation cluster with high aggregate importance,0.0976160147356874,0.11360666267248537,0.0,0.0,818.0,718.0,1210.0,1471.0,221.0,1223.0,1.0562195331800437,0
MEASURE_ET_DC_PIV_Imax_QP3,cluster_family_supported_predictor,weak individual importance but belongs to a correlation cluster with high aggregate importance,0.07088387867331776,0.07787699913144817,0.0009957221648705273,0.002083246983857586,1096.0,1054.0,283.0,310.0,221.0,886.0,1.3967713507395556,0
MEASURE_ET_DC_RD_Ft,interaction_dependent_predictor,weak individual importance but frequently co-occurs with important features in the same trees,0.1597132328742395,0.1921292514328355,0.0004883165260688993,0.0014083151117661793,417.0,269.0,371.0,382.0,676.0,191.0,0.7563723559938578,0
MEASURE_ET_DC_RD_Id_Vbon_max,interaction_dependent_predictor,weak individual importance but frequently co-occurs with important features in the same trees,0.03494660672729558,0.05644364568585445,4.851739667011135e-06,0.00041153471856628744,1434.0,1257.0,1082.0,612.0,845.0,55.0,0.7527043840043383,0
MEASURE_ET_DC_RD_Id_Vbon_min,currently_inconclusive,does not cleanly satisfy any strong/nonlinear/interaction/cluster/weak criterion -- insufficient evidence either way,0.14733422378967795,0.08632033364809955,1.6813074945620788e-05,5.40078832477328e-05,480.0,958.0,911.0,1216.0,1241.0,411.0,0.49186636649041204,0
MEASURE_ET_DC_RD_K,currently_inconclusive,does not cleanly satisfy any strong/nonlinear/interaction/cluster/weak criterion -- insufficient evidence either way,0.1203694155426311,0.19903983838647935,0.00396521755047857,0.006101580836540916,642.0,244.0,105.0,111.0,496.0,1223.0,0.280047207043165,0
MEASURE_ET_DC_RD_MSG_18GHz,currently_inconclusive,does not cleanly satisfy any strong/nonlinear/interaction/cluster/weak criterion -- insufficient evidence either way,0.16406140765893817,0.12815854181207248,-5.171540671311537e-07,1.0845293325210074e-05,399.0,590.0,1466.0,1446.0,1357.0,886.0,0.7649379583141773,0
MEASURE_ET_DC_RD_MSG_35GHz,currently_inconclusive,does not cleanly satisfy any strong/nonlinear/interaction/cluster/weak criterion -- insufficient evidence either way,0.11365332088481932,0.032715726691753745,0.0013207735047689462,0.004485194401456134,693.0,1456.0,243.0,161.0,525.0,191.0,1.2442318122449683,0
MEASURE_ET_DC_RD_S11ang_18GHz,currently_inconclusive,does not cleanly satisfy any strong/nonlinear/interaction/cluster/weak criterion -- insufficient evidence either way,0.09988066078231793,0.11126142778305251,0.0031761065900078127,0.007028727118786036,803.0,741.0,136.0,97.0,484.0,1223.0,1.1550304109266107,0
MEASURE_ET_DC_RD_S11dB_18GHz,currently_inconclusive,does not cleanly satisfy any strong/nonlinear/interaction/cluster/weak criterion -- insufficient evidence either way,0.08592442156460632,0.09420474977690638,0.0,0.0,931.0,891.0,1210.0,1471.0,1367.0,1223.0,1.3975975310600335,0
MEASURE_ET_DC_RD_S12ang_18GHz,currently_inconclusive,does not cleanly satisfy any strong/nonlinear/interaction/cluster/weak criterion -- insufficient evidence either way,0.10405325376470316,0.0832037247132558,0.00016296356895064424,0.0001873205458052978,769.0,998.0,536.0,817.0,980.0,609.0,1.6162417692914173,0
MEASURE_ET_DC_RD_S12dB_18GHz,currently_inconclusive,does not cleanly satisfy any strong/nonlinear/interaction/cluster/weak criterion -- insufficient evidence either way,0.04598936521335151,0.0916768385793987,0.0004090478634654615,0.0010661723268744578,1339.0,907.0,393.0,436.0,716.0,609.0,1.566032352214534,0
MEASURE_ET_DC_RD_S21ang_18GHz,currently_inconclusive,does not cleanly satisfy any strong/nonlinear/interaction/cluster/weak criterion -- insufficient evidence either way,0.06044422313454393,0.05615740835641357,-5.21728753522771e-05,0.00023421830964607247,1195.0,1261.0,1687.0,756.0,940.0,609.0,1.2737089251126152,0
MEASURE_ET_DC_RD_S21dB_18GHz,currently_inconclusive,does not cleanly satisfy any strong/nonlinear/interaction/cluster/weak criterion -- insufficient evidence either way,0.00762734791624949,0.04388964976961628,4.566524284771723e-05,0.0008738438578505678,1646.0,1368.0,735.0,476.0,742.0,609.0,1.221056662889878,0
MEASURE_ET_DC_RD_S22ang_18GHz,currently_inconclusive,does not cleanly satisfy any strong/nonlinear/interaction/cluster/weak criterion -- insufficient evidence either way,0.07656216858469939,0.1169077257870154,0.0012890322815327232,0.00238655777788957,1024.0,691.0,244.0,282.0,610.0,191.0,0.5239248774259376,0
MEASURE_ET_DC_RD_S22dB_18GHz,currently_inconclusive,does not cleanly satisfy any strong/nonlinear/interaction/cluster/weak criterion -- insufficient evidence either way,0.08899825836202167,0.05924001549668866,0.0005611094604231398,0.0018064471196452914,905.0,1234.0,352.0,338.0,647.0,609.0,0.8843743450368602,0
MEASURE_ET_DC_RD_Vboff,weak_unstable_predictor,"weak on every signal (correlation, SHAP, permutation, cluster, co-occurrence) and never stable across folds",0.06470322903555535,0.022780091191254966,0.0,0.0,1168.0,1540.0,1210.0,1471.0,1367.0,1223.0,1.2452135709949845,0
MEASURE_ET_DC_RD_Vboff_ON,weak_unstable_predictor,"weak on every signal (correlation, SHAP, permutation, cluster, co-occurrence) and never stable across folds",0.023946299715419526,0.0025341337481477036,0.0,0.0,1518.0,1695.0,1210.0,1471.0,1367.0,1223.0,1.1002578418293125,0
MEASURE_ET_DC_RD_Vbon_max,currently_inconclusive,does not cleanly satisfy any strong/nonlinear/interaction/cluster/weak criterion -- insufficient evidence either way,0.009570177295966256,0.10622493974181149,0.00565063918450302,0.002539017814568098,1628.0,783.0,83.0,267.0,600.0,35.0,1.743016817348404,0
MEASURE_ET_DC_RD_Vbon_min,currently_inconclusive,does not cleanly satisfy any strong/nonlinear/interaction/cluster/weak criterion -- insufficient evidence either way,0.14408008978407597,0.0681275956822471,-1.8118784686466105e-06,4.5245452419082196e-05,495.0,1137.0,1487.0,1258.0,1266.0,886.0,1.0279258671897593,0
MEASURE_ET_DC_RD_Vg_Vbon_max,weak_unstable_predictor,"weak on every signal (correlation, SHAP, permutation, cluster, co-occurrence) and never stable across folds",0.04005070975595424,0.030945633268619793,0.0,0.0,1388.0,1475.0,1210.0,1471.0,1367.0,1223.0,0.8634240897563958,0
MEASURE_ET_DC_RD_Vg_Vbon_min,currently_inconclusive,does not cleanly satisfy any strong/nonlinear/interaction/cluster/weak criterion -- insufficient evidence either way,0.11693665820594627,0.11299751941161779,-0.000101442241414601,0.003235070257154545,665.0,728.0,1700.0,212.0,559.0,411.0,0.9116196949195543,0
MEASURE_ET_DC_RF_CF_S11_Mag_L1002,currently_inconclusive,does not cleanly satisfy any strong/nonlinear/interaction/cluster/weak criterion -- insufficient evidence either way,0.11664697850397344,0.1424504072284873,-2.7581828962175424e-07,9.912192240464469e-05,668.0,514.0,1459.0,1034.0,1131.0,296.0,1.4869685256654208,0
MEASURE_ET_DC_RF_CF_S11_Mag_L1018,currently_inconclusive,does not cleanly satisfy any strong/nonlinear/interaction/cluster/weak criterion -- insufficient evidence either way,0.046377284349802976,0.08959650656006952,0.00014066893750335207,0.000347382991335652,1335.0,930.0,559.0,657.0,876.0,609.0,1.0840632213106574,0
MEASURE_ET_DC_RF_CF_S11_Mag_L2180,currently_inconclusive,does not cleanly satisfy any strong/nonlinear/interaction/cluster/weak criterion -- insufficient evidence either way,0.1309798937435045,0.1655778500858262,7.254977414078434e-07,1.0874830416647558e-05,573.0,371.0,1196.0,1445.0,1356.0,609.0,1.7429160287952594,0
MEASURE_ET_DC_RF_CF_S11_Ph_L1002,currently_inconclusive,does not cleanly satisfy any strong/nonlinear/interaction/cluster/weak criterion -- insufficient evidence either way,0.1176546893715065,0.11756309370978026,0.002675903243788727,0.005531640364382645,654.0,688.0,154.0,123.0,505.0,133.0,0.6561202065898161,0
MEASURE_ET_DC_RF_CF_S11_Ph_L1018,currently_inconclusive,does not cleanly satisfy any strong/nonlinear/interaction/cluster/weak criterion -- insufficient evidence either way,0.04768552111364007,0.0988976641292378,0.0002674418963174802,0.000576467899831748,1327.0,847.0,454.0,551.0,800.0,411.0,0.6085908565317597,0
MEASURE_ET_DC_RF_CF_S11_Ph_L2180,currently_inconclusive,does not cleanly satisfy any strong/nonlinear/interaction/cluster/weak criterion -- insufficient evidence either way,0.06299449936751518,0.13081068178842908,0.0009963919269341925,0.0032496488386831897,1180.0,579.0,282.0,210.0,557.0,69.0,0.445715930977438,0
MEASURE_ET_DC_RF_CF_S12_Mag_L1002,nonlinear_predictor,high SHAP/permutation importance despite weak linear/monotonic correlation -- signal is not capturable by Pearson/Spearman alone (e.g. process-window/threshold shape),0.22647618724021282,0.2465741249595353,0.029206945335846113,0.03803082491890282,206.0,143.0,22.0,15.0,427.0,1223.0,0.4384071852568655,3
MEASURE_ET_DC_RF_CF_S12_Mag_L1018,currently_inconclusive,does not cleanly satisfy any strong/nonlinear/interaction/cluster/weak criterion -- insufficient evidence either way,0.07030470189723324,0.10262763877002627,1.341146676391014e-05,2.9917834989325836e-05,1102.0,805.0,957.0,1333.0,1304.0,609.0,1.307176660415668,0
MEASURE_ET_DC_RF_CF_S12_Mag_L2180,interaction_dependent_predictor,weak individual importance but frequently co-occurs with important features in the same trees,0.032464539325025,0.0014967456628759788,9.988135928900854e-05,0.00025368281393818744,1453.0,1704.0,607.0,740.0,927.0,191.0,1.0586672870046967,0
MEASURE_ET_DC_RF_CF_S12_Ph_L1002,weak_unstable_predictor,"weak on every signal (correlation, SHAP, permutation, cluster, co-occurrence) and never stable across folds",0.06577118880025214,0.02980935107496205,0.0,0.0,1157.0,1485.0,1210.0,1471.0,1367.0,1223.0,1.3768574026393625,0
MEASURE_ET_DC_RF_CF_S12_Ph_L1018,currently_inconclusive,does not cleanly satisfy any strong/nonlinear/interaction/cluster/weak criterion -- insufficient evidence either way,0.020356192101669588,0.04098016287750458,5.286174555299283e-05,0.000184927160133083,1540.0,1389.0,710.0,820.0,982.0,609.0,0.5384125531357581,0
MEASURE_ET_DC_RF_CF_S12_Ph_L2180,currently_inconclusive,does not cleanly satisfy any strong/nonlinear/interaction/cluster/weak criterion -- insufficient evidence either way,0.005879273601829735,0.012357541103174708,0.0021954352089818886,0.00267759015679484,1668.0,1636.0,175.0,255.0,590.0,609.0,1.2220938784417024,0
MEASURE_ET_DC_RF_CF_S21_Mag_L1002,currently_inconclusive,does not cleanly satisfy any strong/nonlinear/interaction/cluster/weak criterion -- insufficient evidence either way,0.0009455941301274142,0.016521094183201655,2.4737138501068623e-06,1.1235661978915606e-05,1709.0,1591.0,1145.0,1442.0,1353.0,609.0,0.6507352697579416,0
MEASURE_ET_DC_RF_CF_S21_Mag_L1018,currently_inconclusive,does not cleanly satisfy any strong/nonlinear/interaction/cluster/weak criterion -- insufficient evidence either way,0.07513387457297323,0.12405632530263998,0.003931819451852228,0.006455073411245041,1043.0,632.0,108.0,105.0,491.0,1223.0,0.9653468199028106,0
MEASURE_ET_DC_RF_CF_S21_Mag_L2180,interaction_dependent_predictor,weak individual importance but frequently co-occurs with important features in the same trees,0.02778349548874528,0.016856222981956957,0.0005132231713148,0.0015705229851404356,1486.0,1586.0,366.0,363.0,663.0,191.0,1.6887816983714117,0
MEASURE_ET_DC_RF_CF_S21_Ph_L1002,currently_inconclusive,does not cleanly satisfy any strong/nonlinear/interaction/cluster/weak criterion -- insufficient evidence either way,0.04647601329360975,0.1165354839183714,-2.016052495765197e-06,0.00021012040322627087,1334.0,693.0,1491.0,788.0,961.0,296.0,1.6388092101155594,0
MEASURE_ET_DC_RF_CF_S21_Ph_L1018,currently_inconclusive,does not cleanly satisfy any strong/nonlinear/interaction/cluster/weak criterion -- insufficient evidence either way,0.04307030607520479,0.0027281439877454364,2.7553526869811273e-05,6.138423144902948e-05,1356.0,1692.0,829.0,1187.0,1227.0,609.0,0.8172997042616822,0
MEASURE_ET_DC_RF_CF_S21_Ph_L2180,currently_inconclusive,does not cleanly satisfy any strong/nonlinear/interaction/cluster/weak criterion -- insufficient evidence either way,0.11606157831472183,0.09821740600391286,0.0003242634031373981,0.0011353575807175691,673.0,855.0,428.0,418.0,701.0,609.0,1.0179519611983634,0
MEASURE_ET_DC_RF_CF_S22_Mag_L1002,currently_inconclusive,does not cleanly satisfy any strong/nonlinear/interaction/cluster/weak criterion -- insufficient evidence either way,0.05195286078749011,0.06359846775211905,3.6088272329543035e-05,0.00010553114405061679,1294.0,1194.0,785.0,1011.0,1115.0,886.0,0.904780011358401,0
MEASURE_ET_DC_RF_CF_S22_Mag_L1018,currently_inconclusive,does not cleanly satisfy any strong/nonlinear/interaction/cluster/weak criterion -- insufficient evidence either way,0.08693460789584832,0.1480609255662701,8.72898126537125e-06,4.7948236983419734e-05,922.0,479.0,1016.0,1239.0,1254.0,886.0,0.6189184122992871,0
MEASURE_ET_DC_RF_CF_S22_Mag_L2180,currently_inconclusive,does not cleanly satisfy any strong/nonlinear/interaction/cluster/weak criterion -- insufficient evidence either way,0.1601313448770572,0.199631425165184,0.006500570072726752,0.008163430953582266,415.0,240.0,66.0,82.0,472.0,1223.0,1.0881746288723293,0
MEASURE_ET_DC_RF_CF_S22_Ph_L1002,currently_inconclusive,does not cleanly satisfy any strong/nonlinear/interaction/cluster/weak criterion -- insufficient evidence either way,0.05358360626508011,0.0003424625191524697,3.375697821717261e-05,0.00011103778417320811,1274.0,1710.0,799.0,995.0,1105.0,886.0,0.9237164783571906,0
MEASURE_ET_DC_RF_CF_S22_Ph_L1018,currently_inconclusive,does not cleanly satisfy any strong/nonlinear/interaction/cluster/weak criterion -- insufficient evidence either way,0.054274003721977646,0.004393342985804784,0.0014459377031710492,0.0029708237879371,1271.0,1680.0,227.0,233.0,573.0,133.0,0.6404819828118312,0
MEASURE_ET_DC_RF_CF_S22_Ph_L2180,currently_inconclusive,does not cleanly satisfy any strong/nonlinear/interaction/cluster/weak criterion -- insufficient evidence either way,0.016436189964433523,0.05754970406211781,0.0032127480171288024,0.004519022399081098,1567.0,1245.0,135.0,159.0,523.0,296.0,0.9428066459024501,0
MEASURE_ET_DC_RF_Freq_cut_L1002,currently_inconclusive,does not cleanly satisfy any strong/nonlinear/interaction/cluster/weak criterion -- insufficient evidence either way,0.0012120605567970007,0.00363596967933391,0.00014784986687061964,0.0028965858121664345,1707.0,1686.0,552.0,240.0,577.0,411.0,2.0726507093925304,0
MEASURE_ET_DC_RF_Freq_cut_L1018,currently_inconclusive,does not cleanly satisfy any strong/nonlinear/interaction/cluster/weak criterion -- insufficient evidence either way,0.02689581631868343,0.035954564299883585,0.00024289804859017606,0.0009275532405859044,1490.0,1428.0,469.0,460.0,732.0,296.0,0.6534278527461563,0
MEASURE_ET_DC_RF_Freq_cut_L2180,interaction_dependent_predictor,weak individual importance but frequently co-occurs with important features in the same trees,0.1819068938767423,0.12129729079564588,-1.550443832918913e-05,0.00047929307774108076,332.0,654.0,1623.0,581.0,825.0,96.0,0.7141269610833273,0
MEASURE_ET_DC_RF_Ft,currently_inconclusive,does not cleanly satisfy any strong/nonlinear/interaction/cluster/weak criterion -- insufficient evidence either way,0.021647865070729803,0.011242815602805607,4.596120009497939e-06,8.84186119057294e-06,1531.0,1645.0,1087.0,1456.0,1361.0,886.0,1.2335282426585792,0
MEASURE_ET_DC_RF_Ft_W,currently_inconclusive,does not cleanly satisfy any strong/nonlinear/interaction/cluster/weak criterion -- insufficient evidence either way,0.18495826892305298,0.1678959724331847,8.971784890985656e-05,0.00012744383082855947,328.0,362.0,618.0,941.0,1064.0,411.0,0.35388591044483625,0
MEASURE_ET_DC_RF_Gm_0,cluster_family_supported_predictor,weak individual importance but belongs to a correlation cluster with high aggregate importance,0.023503320685174505,0.048461224384467316,-1.5432418487479337e-05,4.873075863149588e-05,1523.0,1329.0,1622.0,1237.0,221.0,1223.0,1.8913058626891601,0
MEASURE_ET_DC_RF_Gm_0_W,cluster_family_supported_predictor,weak individual importance but belongs to a correlation cluster with high aggregate importance,0.10137262635425864,0.11308352395082091,2.6175187966659406e-06,1.5759783455303504e-05,792.0,727.0,1143.0,1419.0,221.0,1223.0,1.4274363598511355,0
MEASURE_ET_DC_RF_Gm_m0p2,cluster_family_supported_predictor,weak individual importance but belongs to a correlation cluster with high aggregate importance,0.0904582091684194,0.09439142629610695,1.1296291331847064e-05,0.00025881631898919637,892.0,889.0,979.0,734.0,221.0,886.0,1.7557290023238727,0
MEASURE_ET_DC_RF_Gm_m0p2_W,cluster_family_supported_predictor,weak individual importance but belongs to a correlation cluster with high aggregate importance,0.058923627443149974,0.06869451449234312,9.300889017957448e-06,6.43926691833361e-05,1211.0,1129.0,1008.0,1176.0,221.0,886.0,1.7268165694907398,0
MEASURE_ET_DC_RF_Gm_max,cluster_family_supported_predictor,weak individual importance but belongs to a correlation cluster with high aggregate importance,0.07284437090776781,0.07398390477031062,2.426461115456746e-06,7.153511861654667e-06,1070.0,1082.0,1147.0,1464.0,221.0,886.0,1.6210163988935902,0
MEASURE_ET_DC_RF_Gm_max_W,cluster_family_supported_predictor,weak individual importance but belongs to a correlation cluster with high aggregate importance,0.10775597427339378,0.11769332280531777,0.0,0.0,741.0,685.0,1210.0,1471.0,221.0,1223.0,2.010449847152398,0
MEASURE_ET_DC_RF_Id_gm_max,cluster_family_supported_predictor,weak individual importance but belongs to a correlation cluster with high aggregate importance,0.07011555361568146,0.08451890523781408,-1.2302956683346578e-05,2.5044120646303003e-05,1105.0,976.0,1602.0,1356.0,221.0,886.0,2.1844423609546357,0
MEASURE_ET_DC_RF_Id_gm_max_W,cluster_family_supported_predictor,weak individual importance but belongs to a correlation cluster with high aggregate importance,0.06156520450503459,0.07437325865321466,2.069521920477213e-05,0.00010828776571339974,1188.0,1080.0,880.0,1007.0,221.0,886.0,0.8051463622449441,0
MEASURE_ET_DC_RF_Id_Vbon_max,interaction_dependent_predictor,weak individual importance but frequently co-occurs with important features in the same trees,0.1227550075742862,0.09674999522262556,-8.357238956868684e-06,0.000306085010416477,623.0,866.0,1571.0,692.0,894.0,191.0,0.5908095116600172,0
MEASURE_ET_DC_RF_Id_Vbon_min,currently_inconclusive,does not cleanly satisfy any strong/nonlinear/interaction/cluster/weak criterion -- insufficient evidence either way,0.06754491817406832,0.08003244622636044,2.6303479569908526e-05,0.00012976182063763957,1137.0,1030.0,838.0,934.0,1059.0,886.0,0.7808932930496426,0
MEASURE_ET_DC_RF_Ids_m0p2,interaction_dependent_predictor,weak individual importance but frequently co-occurs with important features in the same trees,0.07556173521835145,0.08381997946056909,0.0002658965013000336,0.0008912549199198524,1037.0,987.0,455.0,471.0,739.0,191.0,1.4003679611602438,0
MEASURE_ET_DC_RF_ids_m0p2_W,currently_inconclusive,does not cleanly satisfy any strong/nonlinear/interaction/cluster/weak criterion -- insufficient evidence either way,0.18480419333265533,0.12250602125746955,1.5337881835075785e-05,7.780053464159329e-05,329.0,645.0,937.0,1104.0,1170.0,411.0,1.6577322004692208,0
MEASURE_ET_DC_RF_Idss,cluster_family_supported_predictor,weak individual importance but belongs to a correlation cluster with high aggregate importance,0.11426746441061657,0.08487003488107228,5.462160461885967e-06,0.0001772302802838307,690.0,974.0,1074.0,834.0,221.0,609.0,2.2360679774997894,0
MEASURE_ET_DC_RF_Idss_W,currently_inconclusive,does not cleanly satisfy any strong/nonlinear/interaction/cluster/weak criterion -- insufficient evidence either way,0.09316575914275758,0.09395895902662564,0.002587635659109996,0.003672171379116774,862.0,893.0,159.0,190.0,221.0,609.0,0.5222733707959263,0
MEASURE_ET_DC_RF_Imax,cluster_family_supported_predictor,weak individual importance but belongs to a correlation cluster with high aggregate importance,0.07352782540619557,0.06556323811670502,3.202745137609042e-05,0.0001824133464599877,1064.0,1173.0,807.0,824.0,221.0,609.0,2.1217230959046165,0
MEASURE_ET_DC_RF_Imax_W,cluster_family_supported_predictor,weak individual importance but belongs to a correlation cluster with high aggregate importance,0.04436888533305819,0.05393595777792682,0.00022327772144203062,0.0005033811576241016,1345.0,1277.0,480.0,571.0,221.0,411.0,1.9447972815381704,0
MEASURE_ET_DC_RF_K,currently_inconclusive,does not cleanly satisfy any strong/nonlinear/interaction/cluster/weak criterion -- insufficient evidence either way,0.0004390280785490064,0.003625524683616736,-1.775352220941273e-05,0.00017107536342862915,1711.0,1687.0,1632.0,844.0,999.0,609.0,0.752201344529807,0
MEASURE_ET_DC_RF_K_W,nonlinear_predictor,high SHAP/permutation importance despite weak linear/monotonic correlation -- signal is not capturable by Pearson/Spearman alone (e.g. process-window/threshold shape),0.1472573346491858,0.2196884837495764,0.025801902676234823,0.027210335102212598,481.0,191.0,24.0,23.0,431.0,1223.0,0.39978370634495847,1
MEASURE_ET_DC_RF_MAG_26GHz,currently_inconclusive,does not cleanly satisfy any strong/nonlinear/interaction/cluster/weak criterion -- insufficient evidence either way,0.07708483961667434,0.09102302629429385,0.0007690004683974544,0.0019496935853926098,1015.0,913.0,320.0,325.0,638.0,609.0,0.9998000930331783,0
MEASURE_ET_DC_RF_MAG_26GHz_W,currently_inconclusive,does not cleanly satisfy any strong/nonlinear/interaction/cluster/weak criterion -- insufficient evidence either way,0.0828351366948107,0.07841791656922696,9.62115178367029e-06,7.349759311573536e-05,963.0,1045.0,998.0,1137.0,1194.0,609.0,0.9535080471142128,0
MEASURE_ET_DC_RF_MAG_35GHz,currently_inconclusive,does not cleanly satisfy any strong/nonlinear/interaction/cluster/weak criterion -- insufficient evidence either way,0.06982525671481991,0.09113236539839703,3.8744782724187135e-05,0.00011054767014102675,1106.0,911.0,772.0,997.0,1107.0,886.0,2.2030622966123246,0
MEASURE_ET_DC_RF_MAG_35GHz_W,currently_inconclusive,does not cleanly satisfy any strong/nonlinear/interaction/cluster/weak criterion -- insufficient evidence either way,0.09423900948371329,0.14456696338189948,1.551808856877501e-05,9.585737393638823e-05,853.0,502.0,930.0,1047.0,1140.0,886.0,1.0598282241728363,0
MEASURE_ET_DC_RF_Max_S11_Freq_L1002,currently_inconclusive,does not cleanly satisfy any strong/nonlinear/interaction/cluster/weak criterion -- insufficient evidence either way,0.04140519118775548,0.04235379093128876,9.021219833652561e-05,0.0014293407173915868,1370.0,1378.0,617.0,378.0,675.0,609.0,1.0979062399661663,0
MEASURE_ET_DC_RF_Max_S11_Freq_L1018,currently_inconclusive,does not cleanly satisfy any strong/nonlinear/interaction/cluster/weak criterion -- insufficient evidence either way,0.079983017189353,0.07718785164806609,0.0,0.0,981.0,1058.0,1210.0,1471.0,1367.0,1223.0,0.5010047839481447,0
MEASURE_ET_DC_RF_Max_S11_Freq_L2180,currently_inconclusive,does not cleanly satisfy any strong/nonlinear/interaction/cluster/weak criterion -- insufficient evidence either way,0.0435964489774643,0.06036274141930921,0.0014358813808407866,0.003237995130167457,1351.0,1224.0,228.0,211.0,558.0,35.0,0.3263871984810482,0
MEASURE_ET_DC_RF_Max_S11_Mag_L1002,weak_unstable_predictor,"weak on every signal (correlation, SHAP, permutation, cluster, co-occurrence) and never stable across folds",0.04399344231702978,0.03755976013105704,0.0,0.0,1350.0,1416.0,1210.0,1471.0,1367.0,1223.0,1.4501538063938393,0
MEASURE_ET_DC_RF_Max_S11_Mag_L1018,currently_inconclusive,does not cleanly satisfy any strong/nonlinear/interaction/cluster/weak criterion -- insufficient evidence either way,0.11149797543466736,0.08767751638947796,0.0006968546505023626,0.0005854833531301532,703.0,944.0,332.0,548.0,798.0,886.0,0.8996910435753331,0
MEASURE_ET_DC_RF_Max_S11_Mag_L2180,currently_inconclusive,does not cleanly satisfy any strong/nonlinear/interaction/cluster/weak criterion -- insufficient evidence either way,0.15123676378517176,0.17904367190477857,0.0,0.0,460.0,322.0,1210.0,1471.0,1367.0,1223.0,1.3129185858042354,0
MEASURE_ET_DC_RF_Max_S11_Ph_L1002,currently_inconclusive,does not cleanly satisfy any strong/nonlinear/interaction/cluster/weak criterion -- insufficient evidence either way,0.07355041875493254,0.09630641625557276,0.00038666687455102267,0.0006676666918468931,1063.0,874.0,406.0,523.0,777.0,886.0,0.8347073788040122,0
MEASURE_ET_DC_RF_Max_S11_Ph_L1018,currently_inconclusive,does not cleanly satisfy any strong/nonlinear/interaction/cluster/weak criterion -- insufficient evidence either way,0.09550234937232872,0.031078084703671623,0.004383723503964704,0.002445806674704757,836.0,1474.0,99.0,274.0,605.0,191.0,0.5236281125833314,0
MEASURE_ET_DC_RF_Max_S11_Ph_L2180,currently_inconclusive,does not cleanly satisfy any strong/nonlinear/interaction/cluster/weak criterion -- insufficient evidence either way,0.20605469732955967,0.18127312290551678,0.0035644818265170436,0.005545938113338493,262.0,318.0,122.0,122.0,504.0,133.0,0.8218453898523289,0
MEASURE_ET_DC_RF_Min_S21_Freq_L1002,currently_inconclusive,does not cleanly satisfy any strong/nonlinear/interaction/cluster/weak criterion -- insufficient evidence either way,0.18929255152267965,0.23577355492007387,0.000323635304096298,0.0017431600541061897,316.0,162.0,429.0,344.0,651.0,411.0,0.9111064684185134,0
MEASURE_ET_DC_RF_Min_S21_Freq_L1018,nonlinear_predictor,high SHAP/permutation importance despite weak linear/monotonic correlation -- signal is not capturable by Pearson/Spearman alone (e.g. process-window/threshold shape),0.19193470739206878,0.2506818973177535,0.009489932136476458,0.014406736434084471,305.0,138.0,48.0,44.0,444.0,1223.0,0.7269942473898331,1
MEASURE_ET_DC_RF_Min_S21_Freq_L2180,currently_inconclusive,does not cleanly satisfy any strong/nonlinear/interaction/cluster/weak criterion -- insufficient evidence either way,0.07075358961617885,0.08712904299735058,0.0,0.0,1099.0,949.0,1210.0,1471.0,1367.0,1223.0,0.9253539455068255,0
MEASURE_ET_DC_RF_Min_S21_Mag_L1002,currently_inconclusive,does not cleanly satisfy any strong/nonlinear/interaction/cluster/weak criterion -- insufficient evidence either way,0.11723722082362795,0.12289204163110218,-1.8501231332460066e-05,6.185540622137554e-05,659.0,640.0,1636.0,1185.0,1225.0,886.0,1.4507062734851568,0
MEASURE_ET_DC_RF_Min_S21_Mag_L1018,currently_inconclusive,does not cleanly satisfy any strong/nonlinear/interaction/cluster/weak criterion -- insufficient evidence either way,0.1596546317272352,0.12764273681080518,0.00011972232049037579,0.000493957574460948,419.0,599.0,578.0,575.0,818.0,609.0,1.5294633411984817,0
MEASURE_ET_DC_RF_Min_S21_Mag_L2180,currently_inconclusive,does not cleanly satisfy any strong/nonlinear/interaction/cluster/weak criterion -- insufficient evidence either way,0.05883794992847022,0.01859875939511368,5.155787549085966e-05,0.00023016419374245506,1215.0,1571.0,713.0,760.0,944.0,411.0,1.2995572034045162,0
MEASURE_ET_DC_RF_Min_S21_Ph_L1002,currently_inconclusive,does not cleanly satisfy any strong/nonlinear/interaction/cluster/weak criterion -- insufficient evidence either way,0.11665711324310198,0.19128476241740436,0.008734468315467755,0.012474978321711717,667.0,278.0,52.0,52.0,450.0,1223.0,0.9377934456085624,0
MEASURE_ET_DC_RF_Min_S21_Ph_L1018,currently_inconclusive,does not cleanly satisfy any strong/nonlinear/interaction/cluster/weak criterion -- insufficient evidence either way,0.10933706678216054,0.16438578717035973,4.365362840866305e-05,0.00015902779125927534,729.0,378.0,745.0,875.0,1020.0,296.0,0.9931677266596171,0
MEASURE_ET_DC_RF_Min_S21_Ph_L2180,currently_inconclusive,does not cleanly satisfy any strong/nonlinear/interaction/cluster/weak criterion -- insufficient evidence either way,0.07537362259161987,0.14709331894174715,3.177367151752375e-05,5.278761664113699e-05,1040.0,485.0,809.0,1222.0,1245.0,886.0,1.5253490549635111,0
MEASURE_ET_DC_RF_MSG_10GHz,currently_inconclusive,does not cleanly satisfy any strong/nonlinear/interaction/cluster/weak criterion -- insufficient evidence either way,0.1387356139427696,0.11925140503878826,0.0,0.0,523.0,674.0,1210.0,1471.0,1367.0,1223.0,0.6512998879712811,0
MEASURE_ET_DC_RF_MSG_18GHz,currently_inconclusive,does not cleanly satisfy any strong/nonlinear/interaction/cluster/weak criterion -- insufficient evidence either way,0.05463291338609771,0.03965653746279198,1.2756871329927534e-06,1.9988223623259662e-05,1264.0,1396.0,1179.0,1397.0,1333.0,886.0,1.6193031029702885,0
MEASURE_ET_DC_RF_n_gd,interaction_dependent_predictor,weak individual importance but frequently co-occurs with important features in the same trees,0.19101638693826303,0.1278967502172888,0.0001404956396974799,0.00021675031492482104,308.0,594.0,560.0,777.0,956.0,96.0,1.1621140737074096,0
MEASURE_ET_DC_RF_n_gs,interaction_dependent_predictor,weak individual importance but frequently co-occurs with important features in the same trees,0.12419577296481583,0.19171411841156566,-0.0002631664343327039,0.0003033672893722942,616.0,271.0,1710.0,694.0,896.0,133.0,1.0769349077009425,0
MEASURE_ET_DC_RF_S11ang_10GHz,currently_inconclusive,does not cleanly satisfy any strong/nonlinear/interaction/cluster/weak criterion -- insufficient evidence either way,0.07291805177423115,0.025812473458507044,0.0008748781339974282,0.0012840313732327803,1069.0,1516.0,304.0,391.0,680.0,296.0,0.9310747270198895,0
MEASURE_ET_DC_RF_S11ang_26GHz,currently_inconclusive,does not cleanly satisfy any strong/nonlinear/interaction/cluster/weak criterion -- insufficient evidence either way,0.08364409991181303,0.07931107482002112,0.001070549096533352,0.0030072789756425767,951.0,1037.0,267.0,230.0,571.0,96.0,0.37273593047284376,0
MEASURE_ET_DC_RF_S11ang_26GHz_W,currently_inconclusive,does not cleanly satisfy any strong/nonlinear/interaction/cluster/weak criterion -- insufficient evidence either way,0.014672978341959296,0.09858831446884829,0.00021670652681046455,0.0033787227288938734,1580.0,852.0,484.0,206.0,553.0,69.0,0.6295700146812029,0
MEASURE_ET_DC_RF_S11dB_10GHz,currently_inconclusive,does not cleanly satisfy any strong/nonlinear/interaction/cluster/weak criterion -- insufficient evidence either way,0.04669156022286882,0.06047341392712099,0.0014898160047554843,0.003027348462287229,1332.0,1221.0,222.0,228.0,570.0,609.0,0.8106014401341894,0
MEASURE_ET_DC_RF_S11dB_26GHz,currently_inconclusive,does not cleanly satisfy any strong/nonlinear/interaction/cluster/weak criterion -- insufficient evidence either way,0.09054478721292239,0.012355763231563276,0.006102463852019865,0.005069223270123615,891.0,1637.0,72.0,137.0,515.0,69.0,1.364700469874989,0
MEASURE_ET_DC_RF_S11dB_26GHz_W,currently_inconclusive,does not cleanly satisfy any strong/nonlinear/interaction/cluster/weak criterion -- insufficient evidence either way,0.07129299027689111,0.09052633341284948,0.0046691231659608725,0.0067656559226926235,1092.0,922.0,94.0,101.0,487.0,1223.0,0.4196338421148415,0
MEASURE_ET_DC_RF_S12ang_10GHz,currently_inconclusive,does not cleanly satisfy any strong/nonlinear/interaction/cluster/weak criterion -- insufficient evidence either way,0.0019300630454015843,0.024774863139283884,0.0003755391958498472,0.0007164353068351651,1703.0,1525.0,409.0,514.0,768.0,886.0,1.2195283737168394,0
MEASURE_ET_DC_RF_S12ang_26GHz,currently_inconclusive,does not cleanly satisfy any strong/nonlinear/interaction/cluster/weak criterion -- insufficient evidence either way,0.14630701464388057,0.06659618152294816,0.000994415709796101,0.0019910170123535018,487.0,1161.0,284.0,319.0,634.0,296.0,1.1690626282485324,0
MEASURE_ET_DC_RF_S12ang_26GHz_W,currently_inconclusive,does not cleanly satisfy any strong/nonlinear/interaction/cluster/weak criterion -- insufficient evidence either way,0.009865601350101338,0.020183731936707073,1.3184341336644479e-05,0.0011683853493848573,1625.0,1565.0,960.0,414.0,698.0,411.0,1.4363552003819324,0
MEASURE_ET_DC_RF_S12dB_10GHz,currently_inconclusive,does not cleanly satisfy any strong/nonlinear/interaction/cluster/weak criterion -- insufficient evidence either way,0.10493865683859051,0.12499393034371999,0.00022291206976476352,0.0003967864873134145,762.0,625.0,481.0,626.0,856.0,886.0,0.5996152753454893,0
MEASURE_ET_DC_RF_S12dB_26GHz,currently_inconclusive,does not cleanly satisfy any strong/nonlinear/interaction/cluster/weak criterion -- insufficient evidence either way,0.020841942657150503,0.013800283915853381,3.364090792635776e-05,0.00013839202377821297,1537.0,1617.0,800.0,908.0,1044.0,886.0,1.093901123252807,0
MEASURE_ET_DC_RF_S12dB_26GHz_W,interaction_dependent_predictor,weak individual importance but frequently co-occurs with important features in the same trees,0.03858613992280378,0.01426675297990337,0.0005313823768159032,0.0022478019440314288,1400.0,1611.0,361.0,292.0,616.0,191.0,0.8491043457530665,0
MEASURE_ET_DC_RF_S21ang_10GHz,currently_inconclusive,does not cleanly satisfy any strong/nonlinear/interaction/cluster/weak criterion -- insufficient evidence either way,0.13553844993187347,0.12767762754117956,6.248810181466724e-06,7.494561415918916e-05,544.0,597.0,1060.0,1123.0,1184.0,886.0,1.3894858682998137,0
MEASURE_ET_DC_RF_S21ang_26GHz,currently_inconclusive,does not cleanly satisfy any strong/nonlinear/interaction/cluster/weak criterion -- insufficient evidence either way,0.0579238227463464,0.01123303730894272,2.75461298164692e-05,7.406403727490965e-05,1227.0,1646.0,830.0,1133.0,1192.0,886.0,0.893117442822884,0
MEASURE_ET_DC_RF_S21ang_26GHz_W,currently_inconclusive,does not cleanly satisfy any strong/nonlinear/interaction/cluster/weak criterion -- insufficient evidence either way,0.13343860486254105,0.20169975655113603,1.7801633375516546e-05,4.557854204132227e-05,563.0,237.0,902.0,1255.0,1264.0,609.0,0.9430971936094423,0
MEASURE_ET_DC_RF_S21dB_10GHz,currently_inconclusive,does not cleanly satisfy any strong/nonlinear/interaction/cluster/weak criterion -- insufficient evidence either way,0.025808375341125275,0.04656179080160155,8.357420916181024e-05,0.00039411409554418816,1498.0,1345.0,634.0,629.0,859.0,886.0,1.376269324470989,0
MEASURE_ET_DC_RF_S21dB_26GHz,currently_inconclusive,does not cleanly satisfy any strong/nonlinear/interaction/cluster/weak criterion -- insufficient evidence either way,0.07272620925420893,0.11352021366537939,7.803375807168556e-05,0.000398730227759493,1071.0,719.0,646.0,623.0,853.0,609.0,1.1007453579359878,0
MEASURE_ET_DC_RF_S21dB_26GHz_W,currently_inconclusive,does not cleanly satisfy any strong/nonlinear/interaction/cluster/weak criterion -- insufficient evidence either way,0.0358516509280545,0.03693906070471515,8.547793266756032e-05,0.00027075118972501674,1421.0,1419.0,632.0,722.0,914.0,609.0,1.1044553662133318,0
MEASURE_ET_DC_RF_S22ang_10GHz,currently_inconclusive,does not cleanly satisfy any strong/nonlinear/interaction/cluster/weak criterion -- insufficient evidence either way,0.05096977630063363,0.000519138510538721,2.703146331534123e-06,4.57569510484088e-05,1302.0,1709.0,1139.0,1253.0,1262.0,886.0,1.4522838033620429,0
MEASURE_ET_DC_RF_S22ang_26GHz,currently_inconclusive,does not cleanly satisfy any strong/nonlinear/interaction/cluster/weak criterion -- insufficient evidence either way,0.08525704263216043,0.07201757876806464,0.00046829807101697596,0.0011408213263766715,936.0,1098.0,376.0,417.0,700.0,411.0,0.970885121101567,0
MEASURE_ET_DC_RF_S22ang_26GHz_W,interaction_dependent_predictor,weak individual importance but frequently co-occurs with important features in the same trees,0.05626025157485861,0.06275797894781364,0.00017647625612734753,0.00035700102189189636,1250.0,1200.0,520.0,647.0,871.0,191.0,2.013505251477212,0
MEASURE_ET_DC_RF_S22dB_10GHz,interaction_dependent_predictor,weak individual importance but frequently co-occurs with important features in the same trees,0.00949177703857651,0.0002693475491322474,0.0001670114069667633,0.0006529587808748797,1630.0,1711.0,531.0,526.0,779.0,133.0,0.6159986468890651,0
MEASURE_ET_DC_RF_S22dB_26GHz,currently_inconclusive,does not cleanly satisfy any strong/nonlinear/interaction/cluster/weak criterion -- insufficient evidence either way,0.013506214103950061,0.013190473953131526,0.003247091427709475,0.0053852603493952066,1592.0,1621.0,132.0,130.0,509.0,35.0,0.5124326606102803,0
MEASURE_ET_DC_RF_S22dB_26GHz_W,currently_inconclusive,does not cleanly satisfy any strong/nonlinear/interaction/cluster/weak criterion -- insufficient evidence either way,0.15450867080449218,0.10787102662004792,0.0015132751569986807,0.0022785105961000886,442.0,760.0,216.0,287.0,613.0,191.0,0.727927160405626,0
MEASURE_ET_DC_RF_Vbgd_0p01,interaction_dependent_predictor,weak individual importance but frequently co-occurs with important features in the same trees,0.26268153269836186,0.22514832746829017,0.00042674696707880043,0.0010833105905559152,152.0,181.0,388.0,433.0,714.0,191.0,1.2762148944195197,0
MEASURE_ET_DC_RF_Vbgd_0p1,currently_inconclusive,does not cleanly satisfy any strong/nonlinear/interaction/cluster/weak criterion -- insufficient evidence either way,0.21582150520057827,0.17414274657390938,1.539504529693425e-06,9.203819630337427e-06,229.0,345.0,1170.0,1454.0,1360.0,1223.0,1.862516864868722,0
MEASURE_ET_DC_RF_Vbgd1,currently_inconclusive,does not cleanly satisfy any strong/nonlinear/interaction/cluster/weak criterion -- insufficient evidence either way,0.3267087238932456,0.2620731652001138,0.00038768521593770535,0.0005098522974298425,92.0,121.0,405.0,570.0,814.0,411.0,1.7218653232755217,0
MEASURE_ET_DC_RF_Vbgs_0p01,currently_inconclusive,does not cleanly satisfy any strong/nonlinear/interaction/cluster/weak criterion -- insufficient evidence either way,0.33013347271317256,0.33103747170949205,0.012286904533916057,0.012468934065391079,89.0,13.0,41.0,53.0,451.0,1223.0,0.22914041223555973,0
MEASURE_ET_DC_RF_Vbgs_0p1,currently_inconclusive,does not cleanly satisfy any strong/nonlinear/interaction/cluster/weak criterion -- insufficient evidence either way,0.32777145856041173,0.22835760796087992,4.678390770371244e-06,1.0388045192764591e-05,90.0,171.0,1085.0,1448.0,1358.0,1223.0,1.1097401533170796,0
MEASURE_ET_DC_RF_Vbgs1,currently_inconclusive,does not cleanly satisfy any strong/nonlinear/interaction/cluster/weak criterion -- insufficient evidence either way,0.2127889953895599,0.17835941356832793,0.0010811882545183615,0.002401621588227327,242.0,325.0,265.0,280.0,608.0,609.0,1.5624237893765751,0
MEASURE_ET_DC_RF_Vbin_gd,interaction_dependent_predictor,weak individual importance but frequently co-occurs with important features in the same trees,0.23484492182709055,0.17764826492375432,0.00027737121867786596,0.00102230085327535,196.0,329.0,449.0,441.0,721.0,191.0,0.8292357639685746,0
MEASURE_ET_DC_RF_Vbin_gs,currently_inconclusive,does not cleanly satisfy any strong/nonlinear/interaction/cluster/weak criterion -- insufficient evidence either way,0.29766703018257235,0.18734144318324378,0.0028025728969160333,0.0037856849604519286,114.0,296.0,149.0,185.0,543.0,191.0,0.8166079445518444,0
MEASURE_ET_DC_RF_Vboff,currently_inconclusive,does not cleanly satisfy any strong/nonlinear/interaction/cluster/weak criterion -- insufficient evidence either way,0.0010288662131491895,0.016210633353054997,0.0042507096212712255,0.0060766622819024944,1708.0,1596.0,100.0,113.0,498.0,1223.0,1.3000535472367338,0
MEASURE_ET_DC_RF_Vboff_ON,currently_inconclusive,does not cleanly satisfy any strong/nonlinear/interaction/cluster/weak criterion -- insufficient evidence either way,0.11720547371543055,0.02490531446877285,0.0001111755098174766,0.00022943951574918195,660.0,1523.0,592.0,761.0,945.0,609.0,0.7488917937728875,0
MEASURE_ET_DC_RF_Vbon_max,currently_inconclusive,does not cleanly satisfy any strong/nonlinear/interaction/cluster/weak criterion -- insufficient evidence either way,0.06843714945318152,0.06669285329181988,0.00013246392535269934,0.0003935916022275634,1125.0,1157.0,567.0,632.0,860.0,411.0,1.4426780248234579,0
MEASURE_ET_DC_RF_Vbon_min,currently_inconclusive,does not cleanly satisfy any strong/nonlinear/interaction/cluster/weak criterion -- insufficient evidence either way,0.06574832936672116,0.07675227310326475,0.0013567619547355941,0.003970647326091898,1158.0,1062.0,236.0,176.0,537.0,133.0,1.1841303847544382,0
MEASURE_ET_DC_RF_Vdg_max,interaction_dependent_predictor,weak individual importance but frequently co-occurs with important features in the same trees,0.2451835889968518,0.2401631199287044,1.4456182259811601e-05,0.0001964154456553674,175.0,157.0,947.0,807.0,974.0,96.0,0.843203795227955,0
MEASURE_ET_DC_RF_Vdg_max_0p1,currently_inconclusive,does not cleanly satisfy any strong/nonlinear/interaction/cluster/weak criterion -- insufficient evidence either way,0.059382004683898634,0.06754000911466818,6.19565551734369e-05,0.00016105580590383678,1204.0,1144.0,676.0,867.0,1014.0,1223.0,1.1028485780544393,0
MEASURE_ET_DC_RF_Vdg_max_0p1mA,currently_inconclusive,does not cleanly satisfy any strong/nonlinear/interaction/cluster/weak criterion -- insufficient evidence either way,0.03458468807008553,0.00480180898853174,0.003064304450794436,0.001981704923440748,1442.0,1676.0,145.0,320.0,635.0,411.0,0.7654306296255579,0
MEASURE_ET_DC_RF_Vds_max,currently_inconclusive,does not cleanly satisfy any strong/nonlinear/interaction/cluster/weak criterion -- insufficient evidence either way,0.17197994452832724,0.07835013521404105,0.0,0.0,374.0,1048.0,1210.0,1471.0,1367.0,1223.0,1.482247743403702,0
MEASURE_ET_DC_RF_Vds_max_0p1,interaction_dependent_predictor,weak individual importance but frequently co-occurs with important features in the same trees,0.13056346609420239,0.04691803182574263,5.5054163846759983e-05,0.00017757226963080483,575.0,1344.0,698.0,833.0,991.0,133.0,1.6244488918959592,0
MEASURE_ET_DC_RF_Vds_max_0p1mA,currently_inconclusive,does not cleanly satisfy any strong/nonlinear/interaction/cluster/weak criterion -- insufficient evidence either way,0.14930190747640587,0.07236493043414856,2.445381146843062e-05,7.822101691510678e-05,475.0,1094.0,847.0,1102.0,1169.0,886.0,1.0556464090082296,0
MEASURE_ET_DC_RF_Vg_gm_max,cluster_family_supported_predictor,weak individual importance but belongs to a correlation cluster with high aggregate importance,0.09560167036519392,0.09404585250163448,0.0,0.0,832.0,892.0,1210.0,1471.0,221.0,1223.0,1.284301889864141,0
MEASURE_ET_DC_RF_Vg_gm_max_W,cluster_family_supported_predictor,weak individual importance but belongs to a correlation cluster with high aggregate importance,0.11235314563933362,0.12274670062686743,2.3192467350835465e-05,4.603336585573684e-05,700.0,641.0,857.0,1251.0,221.0,411.0,2.23606797749979,0
MEASURE_ET_DC_RF_Vg_max_Vd,currently_inconclusive,does not cleanly satisfy any strong/nonlinear/interaction/cluster/weak criterion -- insufficient evidence either way,0.25111818095697075,0.2755054296924004,0.0017906246302127975,0.003729606852114653,168.0,105.0,197.0,189.0,545.0,35.0,0.8039315790351754,0
MEASURE_ET_DC_RF_Vg_max_Vd_0p1,currently_inconclusive,does not cleanly satisfy any strong/nonlinear/interaction/cluster/weak criterion -- insufficient evidence either way,0.35734617728778006,0.3104490517472323,0.0014089291408635157,0.0024381340581828143,78.0,38.0,231.0,275.0,606.0,19.0,0.6322391678375984,0
MEASURE_ET_DC_RF_Vg_max_Vd_0p1mA,currently_inconclusive,does not cleanly satisfy any strong/nonlinear/interaction/cluster/weak criterion -- insufficient evidence either way,0.21628305511004517,0.1608400444753061,4.016457251593275e-07,6.439325335178838e-05,225.0,395.0,1202.0,1175.0,1219.0,609.0,1.170412408775891,0
MEASURE_ET_DC_RF_Vg_optt,currently_inconclusive,does not cleanly satisfy any strong/nonlinear/interaction/cluster/weak criterion -- insufficient evidence either way,0.044786346010621626,0.027215214159928447,0.00012042076642730659,0.00012230268355039413,1342.0,1504.0,577.0,958.0,1077.0,411.0,0.675341113157826,0
MEASURE_ET_DC_RF_Vg_Vbon_max,interaction_dependent_predictor,weak individual importance but frequently co-occurs with important features in the same trees,0.10086875115634324,0.07585755921481062,0.00018886881339277574,0.001108290465440531,795.0,1067.0,511.0,425.0,706.0,96.0,1.0756599596172092,0
MEASURE_ET_DC_RF_Vg_Vbon_min,currently_inconclusive,does not cleanly satisfy any strong/nonlinear/interaction/cluster/weak criterion -- insufficient evidence either way,0.07627276116207019,0.11892538783204154,0.0015059642783027572,0.0032803868988232686,1026.0,679.0,218.0,209.0,556.0,35.0,0.6556603457764895,0
MEASURE_ET_DC_RF_Vp_01,cluster_family_supported_predictor,weak individual importance but belongs to a correlation cluster with high aggregate importance,0.049487810464416256,0.0578452752175187,0.0,0.0,1312.0,1241.0,1210.0,1471.0,221.0,1223.0,2.1106165026203816,0
MEASURE_ET_DC_RF_Vp_01_W,currently_inconclusive,does not cleanly satisfy any strong/nonlinear/interaction/cluster/weak criterion -- insufficient evidence either way,0.0755702343272322,0.056203188550408005,0.0015650789881482218,0.0019153452709728817,1036.0,1260.0,211.0,327.0,221.0,886.0,1.0603813391930392,0
MEASURE_ET_DC_RF_Vp_1,cluster_family_supported_predictor,weak individual importance but belongs to a correlation cluster with high aggregate importance,0.017222379645167995,0.026675407891906807,6.6167066910594045e-06,7.549055660857349e-05,1563.0,1513.0,1056.0,1117.0,221.0,886.0,0.8131210406182446,0
MEASURE_ET_DC_RF_Vp_1_W,cluster_family_supported_predictor,weak individual importance but belongs to a correlation cluster with high aggregate importance,0.05137090935134193,0.04978596096893706,0.0,0.0,1300.0,1311.0,1210.0,1471.0,221.0,1223.0,1.0196361245602492,0
MEASURE_ET_DC_RF_Vt_gd,currently_inconclusive,does not cleanly satisfy any strong/nonlinear/interaction/cluster/weak criterion -- insufficient evidence either way,0.006612514343738588,0.0675917896253512,0.0003078240595058623,0.0007863948028954193,1657.0,1143.0,437.0,501.0,760.0,609.0,0.7254865544181629,0
MEASURE_ET_DC_RF_Vt_gs,currently_inconclusive,does not cleanly satisfy any strong/nonlinear/interaction/cluster/weak criterion -- insufficient evidence either way,0.021493312383707486,0.031235648575234955,0.0008731064694728619,0.002635529909731122,1532.0,1473.0,305.0,259.0,594.0,411.0,1.5389412251449908,0
MEASURE_ET_DC_RF2_Ft,currently_inconclusive,does not cleanly satisfy any strong/nonlinear/interaction/cluster/weak criterion -- insufficient evidence either way,0.09980418264788733,0.08026468070560401,0.0004779479543244036,0.002933665137781061,804.0,1028.0,373.0,237.0,574.0,27.0,0.8112952028540961,0
MEASURE_ET_DC_RF2_K,currently_inconclusive,does not cleanly satisfy any strong/nonlinear/interaction/cluster/weak criterion -- insufficient evidence either way,0.11789823450952597,0.08942871992674044,1.0815860346419236e-05,5.327079783401718e-05,651.0,933.0,982.0,1218.0,1242.0,886.0,1.3787104821623188,0
MEASURE_ET_DC_RF2_MAG_26GHz,nonlinear_predictor,high SHAP/permutation importance despite weak linear/monotonic correlation -- signal is not capturable by Pearson/Spearman alone (e.g. process-window/threshold shape),0.1484879759792381,0.1994631940639521,0.04366330921624524,0.04766691946238565,479.0,243.0,16.0,11.0,421.0,1223.0,0.4550588249919571,3
MEASURE_ET_DC_RF2_MAG_35GHz,currently_inconclusive,does not cleanly satisfy any strong/nonlinear/interaction/cluster/weak criterion -- insufficient evidence either way,0.038103098838940315,0.13322814271207645,5.4685533720991165e-05,0.0002341744544236019,1402.0,569.0,701.0,757.0,941.0,886.0,1.7338600620272495,0
MEASURE_ET_DC_RF2_S11ang_26GHz,currently_inconclusive,does not cleanly satisfy any strong/nonlinear/interaction/cluster/weak criterion -- insufficient evidence either way,0.06922418653255122,0.025123325975124945,0.003863355433542068,0.005510257123889671,1116.0,1522.0,110.0,125.0,506.0,6.0,0.39484051537647097,0
MEASURE_ET_DC_RF2_S11dB_26GHz,currently_inconclusive,does not cleanly satisfy any strong/nonlinear/interaction/cluster/weak criterion -- insufficient evidence either way,0.12450575058066177,0.0806955923374253,0.0070157587819120295,0.008229616706593773,612.0,1021.0,62.0,81.0,471.0,1223.0,1.5357458919164297,0
MEASURE_ET_DC_RF2_S12ang_26GHz,interaction_dependent_predictor,weak individual importance but frequently co-occurs with important features in the same trees,0.09484356645609364,0.07611357272685709,0.00017429094910502985,0.00035525643843933353,845.0,1066.0,525.0,649.0,872.0,191.0,1.2291160947728352,0
MEASURE_ET_DC_RF2_S12dB_26GHz,currently_inconclusive,does not cleanly satisfy any strong/nonlinear/interaction/cluster/weak criterion -- insufficient evidence either way,0.13427413855740303,0.09605840316577774,0.0030960153167032185,0.002616761629093593,553.0,876.0,140.0,261.0,596.0,296.0,0.3745314817547255,0
MEASURE_ET_DC_RF2_S21ang_26GHz,nonlinear_predictor,high SHAP/permutation importance despite weak linear/monotonic correlation -- signal is not capturable by Pearson/Spearman alone (e.g. process-window/threshold shape),0.20034753384519075,0.20609421070669795,0.01907853989568875,0.02599401541738637,285.0,224.0,32.0,25.0,432.0,1223.0,0.41295292611167356,1
MEASURE_ET_DC_RF2_S21dB_26GHz,currently_inconclusive,does not cleanly satisfy any strong/nonlinear/interaction/cluster/weak criterion -- insufficient evidence either way,0.06606646265221623,0.06510876968603221,-1.8851933261510024e-06,2.731033994834853e-05,1150.0,1178.0,1489.0,1344.0,1311.0,886.0,1.0631004321940183,0
MEASURE_ET_DC_RF2_S22ang_26GHz,currently_inconclusive,does not cleanly satisfy any strong/nonlinear/interaction/cluster/weak criterion -- insufficient evidence either way,0.1160651302398107,0.0840068782137211,0.0005088142652286215,0.0027257314341182287,672.0,984.0,368.0,252.0,587.0,886.0,1.1732507350595534,0
MEASURE_ET_DC_RF2_S22dB_26GHz,nonlinear_predictor,high SHAP/permutation importance despite weak linear/monotonic correlation -- signal is not capturable by Pearson/Spearman alone (e.g. process-window/threshold shape),0.0749561960405164,0.14047719197374706,0.024059094510571567,0.02440975460154235,1049.0,525.0,27.0,28.0,434.0,1223.0,0.4131907554609091,2
MEASURE_ET_DC_SEC_Gm_0,cluster_family_supported_predictor,weak individual importance but belongs to a correlation cluster with high aggregate importance,0.08225019496586894,0.08038113129615293,1.3596675446608807e-05,8.84806870926518e-05,966.0,1026.0,956.0,1068.0,221.0,886.0,1.9545526549205177,0
MEASURE_ET_DC_SEC_Gm_m0p2,cluster_family_supported_predictor,weak individual importance but belongs to a correlation cluster with high aggregate importance,0.07723843895887857,0.08848667020663185,0.0,0.0,1012.0,938.0,1210.0,1471.0,221.0,1223.0,1.580517227039484,0
MEASURE_ET_DC_SEC_Gm_max,cluster_family_supported_predictor,weak individual importance but belongs to a correlation cluster with high aggregate importance,0.07962181056184081,0.0714419928338629,0.0,0.0,985.0,1103.0,1210.0,1471.0,221.0,1223.0,inf,0
MEASURE_ET_DC_SEC_Id_gm_max,cluster_family_supported_predictor,weak individual importance but belongs to a correlation cluster with high aggregate importance,0.12268253002540984,0.12244846266404938,1.122488069829619e-06,4.984915881089722e-05,625.0,647.0,1183.0,1230.0,221.0,609.0,1.425593898891387,0
MEASURE_ET_DC_SEC_Ids_m0p2,interaction_dependent_predictor,weak individual importance but frequently co-occurs with important features in the same trees,0.22964287298972114,0.13977382151747347,-4.934038148157183e-05,0.00015580990631996116,200.0,529.0,1684.0,879.0,1024.0,191.0,1.2259211337971725,0
MEASURE_ET_DC_SEC_Ids_max_ON,currently_inconclusive,does not cleanly satisfy any strong/nonlinear/interaction/cluster/weak criterion -- insufficient evidence either way,0.0035144830371951464,0.03171478497451641,0.0034543899656614974,0.006324095944443132,1689.0,1466.0,127.0,106.0,492.0,1223.0,0.6461923694885584,0
MEASURE_ET_DC_SEC_Ids_min_ON,currently_inconclusive,does not cleanly satisfy any strong/nonlinear/interaction/cluster/weak criterion -- insufficient evidence either way,0.13307361713236154,0.22000738946987738,0.007069576236796532,0.0077514215140052495,564.0,190.0,61.0,88.0,477.0,1223.0,0.46571066804364225,0
MEASURE_ET_DC_SEC_Idss,cluster_family_supported_predictor,weak individual importance but belongs to a correlation cluster with high aggregate importance,0.0721260113635811,0.06018650989582582,2.1161024310956124e-05,0.0003361834399563065,1078.0,1225.0,876.0,667.0,221.0,886.0,0.7907906416354287,0
MEASURE_ET_DC_SEC_Imax,cluster_family_supported_predictor,weak individual importance but belongs to a correlation cluster with high aggregate importance,0.0916162801971623,0.0965117604266934,0.0,0.0,877.0,869.0,1210.0,1471.0,221.0,1223.0,0.3322967331256795,0
MEASURE_ET_DC_SEC_Imax_6V,cluster_family_supported_predictor,weak individual importance but belongs to a correlation cluster with high aggregate importance,0.06824109693006751,0.06622949550308992,0.0,0.0,1130.0,1168.0,1210.0,1471.0,221.0,1223.0,0.717424876928241,0
MEASURE_ET_DC_SEC_Imax_7V,cluster_family_supported_predictor,weak individual importance but belongs to a correlation cluster with high aggregate importance,0.057784027960003884,0.06856850784188273,-2.8394061671321857e-08,1.2887302157751338e-05,1230.0,1130.0,1454.0,1433.0,221.0,886.0,1.8079324170424473,0
MEASURE_ET_DC_SEC_n_gs,currently_inconclusive,does not cleanly satisfy any strong/nonlinear/interaction/cluster/weak criterion -- insufficient evidence either way,0.06880440743376924,0.02066842418477426,0.0010717366593537363,0.002480604003246505,1118.0,1559.0,266.0,271.0,603.0,411.0,0.6605886480582785,0
MEASURE_ET_DC_SEC_Vbin_gs,currently_inconclusive,does not cleanly satisfy any strong/nonlinear/interaction/cluster/weak criterion -- insufficient evidence either way,0.21438765019456582,0.17773982531174318,6.1002950871377747e-05,0.0009775521254580103,235.0,327.0,680.0,451.0,726.0,411.0,1.018208136839246,0
MEASURE_ET_DC_SEC_Vboff_1,currently_inconclusive,does not cleanly satisfy any strong/nonlinear/interaction/cluster/weak criterion -- insufficient evidence either way,0.11376282402477976,0.0795495318499047,0.00019467147800375783,0.0012275898496051701,692.0,1034.0,507.0,406.0,691.0,296.0,1.584785536494231,0
MEASURE_ET_DC_SEC_Vboff_2_1,interaction_dependent_predictor,weak individual importance but frequently co-occurs with important features in the same trees,0.06566388082007642,0.10481975446692438,0.000311051299699136,0.0004967521075624093,1159.0,787.0,435.0,574.0,817.0,133.0,0.598357016113228,0
MEASURE_ET_DC_SEC_Vboff_Vds_min_ON,currently_inconclusive,does not cleanly satisfy any strong/nonlinear/interaction/cluster/weak criterion -- insufficient evidence either way,0.06604825624008873,0.02951466885536686,-3.74215197743305e-05,2.8582177488716685e-05,1151.0,1490.0,1672.0,1338.0,1307.0,886.0,1.0705902160003566,0
MEASURE_ET_DC_SEC_Vds_max_ON,currently_inconclusive,does not cleanly satisfy any strong/nonlinear/interaction/cluster/weak criterion -- insufficient evidence either way,0.044187278499307335,0.016265525139058018,4.740008516917748e-05,7.376321625604091e-05,1348.0,1595.0,726.0,1136.0,1193.0,609.0,0.6025328236511194,0
MEASURE_ET_DC_SEC_Vds_min_ON,currently_inconclusive,does not cleanly satisfy any strong/nonlinear/interaction/cluster/weak criterion -- insufficient evidence either way,0.09103707320462434,0.06812003972789851,0.0003114634566178637,0.003294396969775973,884.0,1139.0,434.0,208.0,555.0,886.0,0.8609834875134086,0
MEASURE_ET_DC_SEC_Vg_gm_max,cluster_family_supported_predictor,weak individual importance but belongs to a correlation cluster with high aggregate importance,0.05792981402282185,0.05926868367642303,0.0,0.0,1226.0,1233.0,1210.0,1471.0,221.0,1223.0,2.2360679774997894,0
MEASURE_ET_DC_SEC_Vg_max_ON,currently_inconclusive,does not cleanly satisfy any strong/nonlinear/interaction/cluster/weak criterion -- insufficient evidence either way,0.16410585788766474,0.12763495862250515,4.596528630745611e-05,0.00012759435919858795,398.0,600.0,733.0,940.0,1063.0,609.0,1.767432443228483,0
MEASURE_ET_DC_SEC_Vg_min_ON,interaction_dependent_predictor,weak individual importance but frequently co-occurs with important features in the same trees,0.1610010962411099,0.10894174979803405,5.3134238049723505e-05,0.00016880330554258435,412.0,753.0,707.0,850.0,1004.0,191.0,1.0161848837755216,0
MEASURE_ET_DC_SEC_Vgs_0p1V,currently_inconclusive,does not cleanly satisfy any strong/nonlinear/interaction/cluster/weak criterion -- insufficient evidence either way,0.06090153288467988,0.08803153507410476,0.00024252601965620013,0.0006536102088898189,1191.0,941.0,470.0,525.0,778.0,609.0,0.5021559900713379,0
MEASURE_ET_DC_SEC_Vgs_0p5V,interaction_dependent_predictor,weak individual importance but frequently co-occurs with important features in the same trees,0.20397236830901247,0.19514541062163326,0.0001548148627166873,0.0003645842185136093,272.0,257.0,544.0,643.0,869.0,96.0,1.5944663628914562,0
MEASURE_ET_DC_SEC_Vgs_1V,currently_inconclusive,does not cleanly satisfy any strong/nonlinear/interaction/cluster/weak criterion -- insufficient evidence either way,0.05673440222997839,0.03401068392673197,0.001880601046158964,0.003843112512632564,1242.0,1450.0,191.0,180.0,539.0,609.0,0.7076947193250115,0
MEASURE_ET_DC_SEC_Vgs_back_0p1V,currently_inconclusive,does not cleanly satisfy any strong/nonlinear/interaction/cluster/weak criterion -- insufficient evidence either way,0.20909901047201235,0.19531653076423375,3.524085853323644e-06,0.00013988392436534305,253.0,256.0,1117.0,904.0,1041.0,411.0,1.0310159479020147,0
MEASURE_ET_DC_SEC_Vgs_back_0p5V,currently_inconclusive,does not cleanly satisfy any strong/nonlinear/interaction/cluster/weak criterion -- insufficient evidence either way,0.010986633826264788,0.013879621436513622,0.0011954238573726572,0.001438797420955437,1615.0,1616.0,252.0,374.0,671.0,133.0,0.6859933817607637,0
MEASURE_ET_DC_SEC_Vgs_back_1V,interaction_dependent_predictor,weak individual importance but frequently co-occurs with important features in the same trees,0.13232029316826235,0.14197327093476875,-3.6125952310619994e-05,0.0002865062256728319,570.0,521.0,1671.0,706.0,905.0,191.0,0.9077707370435278,0
MEASURE_ET_DC_SEC_Vp_10mA,currently_inconclusive,does not cleanly satisfy any strong/nonlinear/interaction/cluster/weak criterion -- insufficient evidence either way,0.04164435257825161,0.04693536607395411,0.00101915052963375,0.00305905903728009,1368.0,1343.0,279.0,223.0,221.0,609.0,2.1912170927887806,0
MEASURE_ET_DC_SEC_Vp_1mA,cluster_family_supported_predictor,weak individual importance but belongs to a correlation cluster with high aggregate importance,0.0712949676760536,0.08979073903361867,0.00010895207990447298,0.00021151202572923823,1091.0,927.0,595.0,784.0,221.0,609.0,1.9086445698292076,0
MEASURE_ET_DC_SEC_Vt_gs,currently_inconclusive,does not cleanly satisfy any strong/nonlinear/interaction/cluster/weak criterion -- insufficient evidence either way,0.06432189642281104,0.07247604740986319,-1.4880378847489939e-05,0.00012511304815119862,1172.0,1091.0,1617.0,949.0,1070.0,886.0,1.2080300273202533,0
MEASURE_ET_DC_SEC_S_Bin,currently_inconclusive,does not cleanly satisfy any strong/nonlinear/interaction/cluster/weak criterion -- insufficient evidence either way,0.09263629202481423,0.12704492748146048,1.20515781479702e-05,6.648554592043601e-05,867.0,607.0,972.0,1166.0,1213.0,609.0,0.8392109232514222,0
MEASURE_ET_DC_SEC_S_Bin_FPSD3p2,interaction_dependent_predictor,weak individual importance but frequently co-occurs with important features in the same trees,0.15677332307131137,0.1499808046726674,4.5763613526292327e-05,0.00020703446572284108,431.0,458.0,734.0,792.0,964.0,96.0,1.0168905407954658,0
MEASURE_ET_DC_SEC_S_Bin_SD3p5,currently_inconclusive,does not cleanly satisfy any strong/nonlinear/interaction/cluster/weak criterion -- insufficient evidence either way,0.19268153816663175,0.17919123524852762,6.337455662475954e-05,0.00012685028436397791,301.0,321.0,673.0,943.0,1066.0,411.0,0.3474443378488394,0
MEASURE_ET_DC_SEC_S_ChipStatus,interaction_dependent_predictor,weak individual importance but frequently co-occurs with important features in the same trees,0.1427991879521512,0.1329981305723472,0.00024389362438774763,0.0006361843999297105,501.0,570.0,468.0,533.0,786.0,133.0,1.029505471550319,0
MEASURE_ET_DC_SEC_S_Id_at_Vboff_mA_mm,interaction_dependent_predictor,weak individual importance but frequently co-occurs with important features in the same trees,0.20329763207818027,0.20924904388118756,2.539716249712054e-05,0.00017974834652984302,274.0,217.0,843.0,828.0,986.0,96.0,1.2819902483018037,0
MEASURE_ET_DC_SEC_S_Id_at_Vboff_mA_mm_FPSD3p2,currently_inconclusive,does not cleanly satisfy any strong/nonlinear/interaction/cluster/weak criterion -- insufficient evidence either way,0.3303689088029087,0.23580288980166253,0.006081233001567035,0.007899635105351384,88.0,161.0,73.0,86.0,475.0,1223.0,1.1274805994012183,0
MEASURE_ET_DC_SEC_S_Id_at_Vboff_mA_mm_SD3p5,currently_inconclusive,does not cleanly satisfy any strong/nonlinear/interaction/cluster/weak criterion -- insufficient evidence either way,0.05688779684098698,0.035366977732304655,0.00028121559033736365,0.0011592465239618308,1241.0,1436.0,448.0,416.0,699.0,886.0,1.5918822374625896,0
MEASURE_ET_DC_SEC_S_Id_mA_mm_at_Vg1,currently_inconclusive,does not cleanly satisfy any strong/nonlinear/interaction/cluster/weak criterion -- insufficient evidence either way,0.10971339889122723,0.09015275814049692,7.93141863500435e-06,0.00013326293464337524,724.0,924.0,1024.0,923.0,1053.0,609.0,0.5912113677667509,0
MEASURE_ET_DC_SEC_S_Id_mA_mm_at_Vg1_FPSD3p2,currently_inconclusive,does not cleanly satisfy any strong/nonlinear/interaction/cluster/weak criterion -- insufficient evidence either way,0.2577498339349843,0.2562459687596875,0.002035625895570309,0.004266534937736832,158.0,133.0,181.0,167.0,528.0,55.0,1.0611310112794219,0
MEASURE_ET_DC_SEC_S_Id_mA_mm_at_Vg1_SD3p5,currently_inconclusive,does not cleanly satisfy any strong/nonlinear/interaction/cluster/weak criterion -- insufficient evidence either way,0.1507982921087385,0.20474702849313386,0.00046070385311235417,0.0012465499493268877,463.0,230.0,379.0,400.0,689.0,609.0,1.4377856680378882,0
MEASURE_ET_DC_SEC_S_Id_mA_mm_at_Vg2,interaction_dependent_predictor,weak individual importance but frequently co-occurs with important features in the same trees,0.19194305553183555,0.2131310265447536,8.487456587810693e-06,0.00030504315281644116,304.0,204.0,1019.0,693.0,895.0,96.0,1.6510842487509652,0
MEASURE_ET_DC_SEC_S_Id_mA_mm_at_Vg2_FPSD3p2,currently_inconclusive,does not cleanly satisfy any strong/nonlinear/interaction/cluster/weak criterion -- insufficient evidence either way,0.011796620078060704,0.031340098532406706,-1.5137943117946028e-05,7.18074749222522e-05,1608.0,1472.0,1619.0,1144.0,1197.0,886.0,0.9577541639991562,0
MEASURE_ET_DC_SEC_S_Id_mA_mm_at_Vg2_SD3p5,currently_inconclusive,does not cleanly satisfy any strong/nonlinear/interaction/cluster/weak criterion -- insufficient evidence either way,0.06390959951616469,0.07405813091008799,-4.1544295544557185e-05,0.00022179859007550267,1177.0,1081.0,1676.0,769.0,951.0,411.0,0.37290964774997354,0
MEASURE_ET_DC_SEC_S_Id_mA_mm_at_Vg3,interaction_dependent_predictor,weak individual importance but frequently co-occurs with important features in the same trees,0.021857231535548673,0.023096107870187357,9.604343773353952e-05,0.00034382838875820083,1529.0,1537.0,612.0,661.0,878.0,191.0,1.27612999708142,0
MEASURE_ET_DC_SEC_S_Id_mA_mm_at_Vg3_FPSD3p2,currently_inconclusive,does not cleanly satisfy any strong/nonlinear/interaction/cluster/weak criterion -- insufficient evidence either way,0.0846971252678606,0.035855447957546145,0.0007760929075030732,0.002808453132771014,943.0,1430.0,319.0,246.0,583.0,411.0,0.5098810086663143,0
MEASURE_ET_DC_SEC_S_Id_mA_mm_at_Vg3_SD3p5,currently_inconclusive,does not cleanly satisfy any strong/nonlinear/interaction/cluster/weak criterion -- insufficient evidence either way,0.03601341388706623,0.03135809948247247,0.002148002456035902,0.0025911913222146,1420.0,1471.0,177.0,263.0,597.0,296.0,0.6891267689625852,0
MEASURE_ET_DC_SEC_S_Id_plus_Ig_at_Vboff_mA_mm,currently_inconclusive,does not cleanly satisfy any strong/nonlinear/interaction/cluster/weak criterion -- insufficient evidence either way,0.02052638694758291,0.028887746878384964,2.4086681911372752e-05,5.4275598933743195e-05,1538.0,1495.0,851.0,1214.0,1240.0,609.0,1.2748987340326314,0
MEASURE_ET_DC_SEC_S_Id_plus_Ig_at_Vboff_mA_mm_FPSD3p2,interaction_dependent_predictor,weak individual importance but frequently co-occurs with important features in the same trees,0.19201857046504606,0.17468810869071677,4.1415593782678785e-06,0.0003491052903721294,303.0,343.0,1101.0,654.0,874.0,35.0,0.8592354088352401,0
MEASURE_ET_DC_SEC_S_Id_plus_Ig_at_Vboff_mA_mm_SD3p5,currently_inconclusive,does not cleanly satisfy any strong/nonlinear/interaction/cluster/weak criterion -- insufficient evidence either way,0.18047409092347136,0.13715457216592838,2.8107289326756434e-06,0.0002192855224401035,336.0,545.0,1135.0,773.0,954.0,411.0,0.9122151985015055,0
MEASURE_ET_DC_SEC_S_Ids_max,interaction_dependent_predictor,weak individual importance but frequently co-occurs with important features in the same trees,0.1500353265787682,0.09618752109155812,0.0009074504097595637,0.0012591452196771271,471.0,875.0,297.0,397.0,686.0,96.0,1.1829087914530485,0
MEASURE_ET_DC_SEC_S_Ids_max_FPSD3p2,currently_inconclusive,does not cleanly satisfy any strong/nonlinear/interaction/cluster/weak criterion -- insufficient evidence either way,0.22370997486086414,0.2449564840270818,0.0013356041329247754,0.001539026338887857,211.0,147.0,239.0,365.0,664.0,411.0,0.8466080487857569,0
MEASURE_ET_DC_SEC_S_Ids_max_norm,currently_inconclusive,does not cleanly satisfy any strong/nonlinear/interaction/cluster/weak criterion -- insufficient evidence either way,0.05818743444091466,0.017600484485293506,0.000538791358217966,0.001851440980655997,1223.0,1579.0,357.0,332.0,642.0,411.0,0.8211003763890693,0
MEASURE_ET_DC_SEC_S_Ids_max_norm_FPSD3p2,interaction_dependent_predictor,weak individual importance but frequently co-occurs with important features in the same trees,0.27612267595102297,0.29490200897314506,0.00015885262875693363,0.00020073796553759336,135.0,68.0,538.0,798.0,968.0,27.0,1.3567124380048445,0
MEASURE_ET_DC_SEC_S_Ids_max_norm_SD3p5,currently_inconclusive,does not cleanly satisfy any strong/nonlinear/interaction/cluster/weak criterion -- insufficient evidence either way,0.20722212322245662,0.10212272323237905,6.767589747039838e-05,0.0001598191125292877,259.0,812.0,665.0,873.0,1019.0,886.0,0.8495265328868515,0
MEASURE_ET_DC_SEC_S_Ids_max_SD3p5,currently_inconclusive,does not cleanly satisfy any strong/nonlinear/interaction/cluster/weak criterion -- insufficient evidence either way,0.08095293616499054,0.08991674568407906,5.3240413436783654e-05,0.00011897941390961058,977.0,926.0,706.0,967.0,1085.0,609.0,1.3922049901390454,0
MEASURE_ET_DC_SEC_S_Ig_cut1_mAmm_neg,currently_inconclusive,does not cleanly satisfy any strong/nonlinear/interaction/cluster/weak criterion -- insufficient evidence either way,0.10491394002539658,0.06766068215029426,1.3047918516950752e-05,0.0002743318494530478,763.0,1141.0,964.0,717.0,911.0,609.0,1.0886977140851837,0
MEASURE_ET_DC_SEC_S_Ig_cut1_mAmm_neg_FPSD3p2,currently_inconclusive,does not cleanly satisfy any strong/nonlinear/interaction/cluster/weak criterion -- insufficient evidence either way,0.03305769323333808,0.061889266431676714,0.0003534166829859076,0.0005146774143822517,1452.0,1208.0,416.0,569.0,813.0,411.0,1.4539248023123181,0
MEASURE_ET_DC_SEC_S_Ig_cut1_mAmm_neg_SD3p5,currently_inconclusive,does not cleanly satisfy any strong/nonlinear/interaction/cluster/weak criterion -- insufficient evidence either way,0.053609014547602855,0.0909367995211393,4.799602910868228e-06,4.52435802221301e-05,1273.0,914.0,1083.0,1259.0,1267.0,886.0,0.6851376021208553,0
MEASURE_ET_DC_SEC_S_Ig_cut1_mAmm_pos,interaction_dependent_predictor,weak individual importance but frequently co-occurs with important features in the same trees,0.08942030446518225,0.07081573755873528,1.7184192819488796e-05,0.00029791360790640823,901.0,1109.0,910.0,698.0,898.0,55.0,1.1467246649412381,0
MEASURE_ET_DC_SEC_S_Ig_cut1_mAmm_pos_FPSD3p2,currently_inconclusive,does not cleanly satisfy any strong/nonlinear/interaction/cluster/weak criterion -- insufficient evidence either way,0.22885358456206323,0.16597587109283599,7.786482686039653e-06,4.56942374848401e-05,201.0,367.0,1026.0,1254.0,1263.0,886.0,0.5578318547978424,0
MEASURE_ET_DC_SEC_S_Ig_cut1_mAmm_pos_SD3p5,currently_inconclusive,does not cleanly satisfy any strong/nonlinear/interaction/cluster/weak criterion -- insufficient evidence either way,0.15060329008169202,0.14643217293624516,-1.2662096025656267e-06,5.0032506612252317e-05,467.0,494.0,1477.0,1229.0,1251.0,886.0,0.8690315555788354,0
MEASURE_ET_DC_SEC_S_Ig_cut2_mAmm_neg,currently_inconclusive,does not cleanly satisfy any strong/nonlinear/interaction/cluster/weak criterion -- insufficient evidence either way,0.07123791683192783,0.10760434587833283,1.0349438900797425e-05,6.487183673475682e-05,1093.0,766.0,989.0,1173.0,1218.0,411.0,0.7254462093287,0
MEASURE_ET_DC_SEC_S_Ig_cut2_mAmm_neg_FPSD3p2,currently_inconclusive,does not cleanly satisfy any strong/nonlinear/interaction/cluster/weak criterion -- insufficient evidence either way,0.05468396695802309,0.005790527838440461,6.542767710209508e-05,0.00027465754801656283,1263.0,1672.0,670.0,716.0,910.0,411.0,0.700542981690041,0
MEASURE_ET_DC_SEC_S_Ig_cut2_mAmm_neg_SD3p5,currently_inconclusive,does not cleanly satisfy any strong/nonlinear/interaction/cluster/weak criterion -- insufficient evidence either way,0.07198049558407263,0.03083829427007946,0.0008966207678308025,0.0011045306167909402,1081.0,1476.0,301.0,426.0,707.0,609.0,0.5961365787655238,0
MEASURE_ET_DC_SEC_S_Ig_cut2_mAmm_pos,currently_inconclusive,does not cleanly satisfy any strong/nonlinear/interaction/cluster/weak criterion -- insufficient evidence either way,0.22514761451658297,0.2258385861214294,-7.910078496523032e-06,0.0001385804979291197,210.0,179.0,1568.0,906.0,1043.0,1223.0,0.8784704713564874,0
MEASURE_ET_DC_SEC_S_Ig_cut2_mAmm_pos_FPSD3p2,currently_inconclusive,does not cleanly satisfy any strong/nonlinear/interaction/cluster/weak criterion -- insufficient evidence either way,0.16357138540403435,0.15378278311371893,1.5682580008313794e-05,0.00012893467690686938,403.0,431.0,927.0,937.0,1061.0,609.0,0.7720264662767149,0
MEASURE_ET_DC_SEC_S_Ig_cut2_mAmm_pos_SD3p5,currently_inconclusive,does not cleanly satisfy any strong/nonlinear/interaction/cluster/weak criterion -- insufficient evidence either way,0.10599396928961882,0.07302140952667056,0.00040269187085781034,0.0006369131060552744,754.0,1087.0,396.0,532.0,785.0,886.0,0.6482407956623907,0
MEASURE_ET_DC_SEC_S_Ig_cut3_mAmm_neg,interaction_dependent_predictor,weak individual importance but frequently co-occurs with important features in the same trees,0.24274357000868788,0.28479925354117147,0.00017678612386452797,0.0005831688666885865,179.0,88.0,519.0,549.0,799.0,191.0,1.8760452635693248,0
MEASURE_ET_DC_SEC_S_Ig_cut3_mAmm_neg_FPSD3p2,currently_inconclusive,does not cleanly satisfy any strong/nonlinear/interaction/cluster/weak criterion -- insufficient evidence either way,0.0488833253237132,0.030701620389950474,0.00017091505390167682,0.00045369456172908456,1319.0,1477.0,528.0,595.0,835.0,296.0,1.716809129181637,0
MEASURE_ET_DC_SEC_S_Ig_cut3_mAmm_neg_SD3p5,currently_inconclusive,does not cleanly satisfy any strong/nonlinear/interaction/cluster/weak criterion -- insufficient evidence either way,0.10748257320465948,0.06743578139144786,0.0018723323879975967,0.0036050314454534713,745.0,1146.0,192.0,195.0,547.0,411.0,0.7499095418606503,0
MEASURE_ET_DC_SEC_S_Ig_cut3_mAmm_pos,currently_inconclusive,does not cleanly satisfy any strong/nonlinear/interaction/cluster/weak criterion -- insufficient evidence either way,0.23211526970251695,0.14793336327814974,5.6534400360919165e-05,0.0002435625025076797,198.0,480.0,694.0,749.0,934.0,411.0,1.3215787326147244,0
MEASURE_ET_DC_SEC_S_Ig_cut3_mAmm_pos_FPSD3p2,currently_inconclusive,does not cleanly satisfy any strong/nonlinear/interaction/cluster/weak criterion -- insufficient evidence either way,0.17607896141731874,0.1852648891410889,0.00013962278683568862,0.000437869470898881,354.0,304.0,561.0,603.0,838.0,296.0,1.2196284478180401,0
MEASURE_ET_DC_SEC_S_Ig_cut3_mAmm_pos_SD3p5,currently_inconclusive,does not cleanly satisfy any strong/nonlinear/interaction/cluster/weak criterion -- insufficient evidence either way,0.1304225824066511,0.15837769229347004,8.130102476688883e-06,8.601213842543531e-05,576.0,405.0,1023.0,1082.0,1156.0,411.0,0.9756604233891103,0
MEASURE_ET_DC_SEC_S_Ig_mAmm_at_Vg_cond_neg,interaction_dependent_predictor,weak individual importance but frequently co-occurs with important features in the same trees,0.3198343325207271,0.3085893980416724,8.197423125834158e-05,0.00029392269984697823,98.0,40.0,637.0,701.0,900.0,55.0,0.6602624226586046,0
MEASURE_ET_DC_SEC_S_Ig_mAmm_at_Vg_cond_neg_FPSD3p2,interaction_dependent_predictor,weak individual importance but frequently co-occurs with important features in the same trees,0.16373013166281794,0.1358516145086987,0.00019313800506408907,0.0009269080875942992,402.0,554.0,509.0,462.0,734.0,96.0,1.4144668024962317,0
MEASURE_ET_DC_SEC_S_Ig_mAmm_at_Vg_cond_neg_SD3p5,currently_inconclusive,does not cleanly satisfy any strong/nonlinear/interaction/cluster/weak criterion -- insufficient evidence either way,0.1051323085422322,0.12466946877463328,0.0006247100547574324,0.0015884151191413573,760.0,626.0,340.0,358.0,658.0,411.0,1.2207686234786717,0
MEASURE_ET_DC_SEC_S_Ig_mAmm_at_Vg_cond_pos,currently_inconclusive,does not cleanly satisfy any strong/nonlinear/interaction/cluster/weak criterion -- insufficient evidence either way,0.04841356552995093,0.06909720241233291,4.2467222593683965e-06,7.41225755865315e-05,1324.0,1120.0,1099.0,1132.0,1191.0,609.0,1.1277690174895534,0
MEASURE_ET_DC_SEC_S_Ig_mAmm_at_Vg_cond_pos_FPSD3p2,currently_inconclusive,does not cleanly satisfy any strong/nonlinear/interaction/cluster/weak criterion -- insufficient evidence either way,0.11471666951928913,0.11828357618031386,0.0,0.0,687.0,681.0,1210.0,1471.0,1367.0,1223.0,1.2472118525680418,0
MEASURE_ET_DC_SEC_S_Ig_mAmm_at_Vg_cond_pos_SD3p5,currently_inconclusive,does not cleanly satisfy any strong/nonlinear/interaction/cluster/weak criterion -- insufficient evidence either way,0.019023390814958366,0.002493687168987581,0.00015018146725836735,0.00045924764267507134,1549.0,1696.0,549.0,591.0,833.0,609.0,1.575102306242393,0
MEASURE_ET_DC_SEC_S_Ron,currently_inconclusive,does not cleanly satisfy any strong/nonlinear/interaction/cluster/weak criterion -- insufficient evidence either way,0.02333908210792585,0.04839566536879569,0.00019437735184451855,0.0005324928337691992,1524.0,1330.0,508.0,566.0,810.0,886.0,0.8711327394455087,0
MEASURE_ET_DC_SEC_S_Ron_FPSD3p2,currently_inconclusive,does not cleanly satisfy any strong/nonlinear/interaction/cluster/weak criterion -- insufficient evidence either way,0.026490606965592217,0.06768512788495147,0.0005704428470939826,0.001773715922374659,1491.0,1140.0,349.0,340.0,649.0,296.0,0.48946889425248047,0
MEASURE_ET_DC_SEC_S_Ron_SD3p5,currently_inconclusive,does not cleanly satisfy any strong/nonlinear/interaction/cluster/weak criterion -- insufficient evidence either way,0.08179269284665554,0.06047230275736383,-6.022268515160078e-06,0.00016149197089946238,970.0,1222.0,1541.0,865.0,1012.0,609.0,1.1129192407213917,0
MEASURE_ET_DC_SEC_S_Vboff_Id,currently_inconclusive,does not cleanly satisfy any strong/nonlinear/interaction/cluster/weak criterion -- insufficient evidence either way,0.24885010665846666,0.2574835896351971,0.0001369613184503321,0.001114616336264338,172.0,130.0,562.0,423.0,704.0,296.0,1.3798685507432444,0
MEASURE_ET_DC_SEC_S_Vboff_Id_FPSD3p2,currently_inconclusive,does not cleanly satisfy any strong/nonlinear/interaction/cluster/weak criterion -- insufficient evidence either way,0.024085111300726766,0.05394084692485827,3.401379226875001e-06,0.00032880839865017254,1516.0,1276.0,1122.0,670.0,882.0,411.0,0.5540976319242448,0
MEASURE_ET_DC_SEC_S_Vboff_Id_plus_Ig,currently_inconclusive,does not cleanly satisfy any strong/nonlinear/interaction/cluster/weak criterion -- insufficient evidence either way,0.04967053495619561,0.10150535731530858,-1.2461629078142077e-06,6.820038158768534e-05,1309.0,818.0,1475.0,1156.0,1204.0,886.0,1.1178711306646627,0
MEASURE_ET_DC_SEC_S_Vboff_Id_plus_Ig_FPSD3p2,currently_inconclusive,does not cleanly satisfy any strong/nonlinear/interaction/cluster/weak criterion -- insufficient evidence either way,0.112534310268858,0.10083887769497225,0.0,0.0,697.0,826.0,1210.0,1471.0,1367.0,1223.0,1.5938407689401413,0
MEASURE_ET_DC_SEC_S_Vboff_Id_plus_Ig_SD3p5,currently_inconclusive,does not cleanly satisfy any strong/nonlinear/interaction/cluster/weak criterion -- insufficient evidence either way,0.10236686173781195,0.08133629281939582,1.0472625264912328e-05,0.00012461817838834878,786.0,1015.0,986.0,950.0,1071.0,886.0,1.336811364779339,0
MEASURE_ET_DC_SEC_S_Vboff_Id_SD3p5,currently_inconclusive,does not cleanly satisfy any strong/nonlinear/interaction/cluster/weak criterion -- insufficient evidence either way,0.15000198598581724,0.14986657642163273,8.61182302024699e-05,0.00013107210550234667,472.0,459.0,629.0,931.0,1057.0,609.0,1.3398517688667462,0
MEASURE_ET_DC_SEC_S_Vg_at_I1_neg,weak_unstable_predictor,"weak on every signal (correlation, SHAP, permutation, cluster, co-occurrence) and never stable across folds",0.018633332742559686,0.05325925539582477,0.0,0.0,1552.0,1284.0,1210.0,1471.0,1367.0,1223.0,0.781840227944745,0
MEASURE_ET_DC_SEC_S_Vg_at_I1_neg_FPSD3p2,currently_inconclusive,does not cleanly satisfy any strong/nonlinear/interaction/cluster/weak criterion -- insufficient evidence either way,0.29279415683381155,0.2756643269676723,-1.2018273852756889e-05,3.269057538169241e-05,121.0,104.0,1599.0,1320.0,1298.0,886.0,0.8910460202559841,0
MEASURE_ET_DC_SEC_S_Vg_at_I1_neg_SD3p5,currently_inconclusive,does not cleanly satisfy any strong/nonlinear/interaction/cluster/weak criterion -- insufficient evidence either way,0.0771106369072228,0.10159269525822028,0.0,0.0,1013.0,817.0,1210.0,1471.0,1367.0,1223.0,0.9516230365438412,0
MEASURE_ET_DC_SEC_S_Vg_at_I1_pos,currently_inconclusive,does not cleanly satisfy any strong/nonlinear/interaction/cluster/weak criterion -- insufficient evidence either way,0.18547537906983733,0.1863491685901122,-1.9054933692072562e-05,8.093316419433366e-05,327.0,301.0,1638.0,1097.0,1165.0,886.0,0.9652356690174785,0
MEASURE_ET_DC_SEC_S_Vg_at_I1_pos_FPSD3p2,weak_unstable_predictor,"weak on every signal (correlation, SHAP, permutation, cluster, co-occurrence) and never stable across folds",0.037438425083107726,0.05701234236756189,0.0,0.0,1410.0,1249.0,1210.0,1471.0,1367.0,1223.0,1.3528933341314284,0
MEASURE_ET_DC_SEC_S_Vg_at_I1_pos_SD3p5,currently_inconclusive,does not cleanly satisfy any strong/nonlinear/interaction/cluster/weak criterion -- insufficient evidence either way,0.11035270001921021,0.11763354187238331,1.969422648229191e-06,7.544158937914825e-05,719.0,687.0,1155.0,1119.0,1180.0,411.0,0.9455901339966261,0
MEASURE_ET_DC_SEC_S_Vg_at_I2_neg,currently_inconclusive,does not cleanly satisfy any strong/nonlinear/interaction/cluster/weak criterion -- insufficient evidence either way,0.14235829415866308,0.1267364667568767,6.026708115058898e-08,5.297112634031105e-05,505.0,613.0,1208.0,1220.0,1243.0,411.0,0.969087624837433,0
MEASURE_ET_DC_SEC_S_Vg_at_I2_neg_FPSD3p2,currently_inconclusive,does not cleanly satisfy any strong/nonlinear/interaction/cluster/weak criterion -- insufficient evidence either way,0.14994566658408226,0.09223864600861185,-2.9481416750984367e-05,0.00013659533659498056,473.0,904.0,1658.0,916.0,1049.0,886.0,0.9334531922926178,0
MEASURE_ET_DC_SEC_S_Vg_at_I2_neg_SD3p5,currently_inconclusive,does not cleanly satisfy any strong/nonlinear/interaction/cluster/weak criterion -- insufficient evidence either way,0.10751301512283096,0.1428642068460486,-8.621049033982753e-06,0.00017153805850542988,744.0,513.0,1574.0,841.0,997.0,609.0,0.7343624668502237,0
MEASURE_ET_DC_SEC_S_Vg_at_I2_pos,currently_inconclusive,does not cleanly satisfy any strong/nonlinear/interaction/cluster/weak criterion -- insufficient evidence either way,0.19093177634479513,0.24365641541122068,-2.3886331998693167e-05,0.00011517458031962187,310.0,149.0,1645.0,980.0,1095.0,886.0,1.4176619896231348,0
MEASURE_ET_DC_SEC_S_Vg_at_I2_pos_FPSD3p2,currently_inconclusive,does not cleanly satisfy any strong/nonlinear/interaction/cluster/weak criterion -- insufficient evidence either way,0.17797583415420465,0.130778013397569,3.9078781138982e-05,0.0001770262312934109,350.0,580.0,770.0,835.0,992.0,411.0,0.7947623804241631,0
MEASURE_ET_DC_SEC_S_Vg_at_I2_pos_SD3p5,interaction_dependent_predictor,weak individual importance but frequently co-occurs with important features in the same trees,0.044139327742324895,0.05219853274565297,-0.0001264108355019583,0.0005451499437438236,1349.0,1295.0,1703.0,560.0,806.0,55.0,0.4039928357844689,0
MEASURE_ET_DC_SEC_S_Vg_at_I3_neg,currently_inconclusive,does not cleanly satisfy any strong/nonlinear/interaction/cluster/weak criterion -- insufficient evidence either way,0.09438172253856365,0.12197621551726223,3.4286115369186464e-05,8.484547612451664e-05,849.0,648.0,793.0,1088.0,1161.0,886.0,0.9346363941663743,0
MEASURE_ET_DC_SEC_S_Vg_at_I3_neg_FPSD3p2,currently_inconclusive,does not cleanly satisfy any strong/nonlinear/interaction/cluster/weak criterion -- insufficient evidence either way,0.06480879271487718,0.03881871546590372,7.557626884341362e-06,0.00041748420950417755,1166.0,1407.0,1031.0,609.0,842.0,296.0,0.8052780175860467,0
MEASURE_ET_DC_SEC_S_Vg_at_I3_neg_SD3p5,currently_inconclusive,does not cleanly satisfy any strong/nonlinear/interaction/cluster/weak criterion -- insufficient evidence either way,0.10333906379930237,0.06979946169884933,0.0,0.0,778.0,1116.0,1210.0,1471.0,1367.0,1223.0,0.9568962673201972,0
MEASURE_ET_DC_SEC_S_Vg_at_I3_pos,interaction_dependent_predictor,weak individual importance but frequently co-occurs with important features in the same trees,0.2139542371161943,0.19047960881137618,8.715953005947741e-05,0.0005202195122522467,238.0,286.0,625.0,568.0,812.0,96.0,1.9123134397423056,0
MEASURE_ET_DC_SEC_S_Vg_at_I3_pos_FPSD3p2,currently_inconclusive,does not cleanly satisfy any strong/nonlinear/interaction/cluster/weak criterion -- insufficient evidence either way,0.13639678666627683,0.13508001822933635,0.0005105758394033571,0.0007872744393014045,540.0,558.0,367.0,499.0,758.0,609.0,0.9256684368388715,0
MEASURE_ET_DC_SEC_S_Vg_at_I3_pos_SD3p5,interaction_dependent_predictor,weak individual importance but frequently co-occurs with important features in the same trees,0.03767607637216941,0.008220656097319276,1.0446684413517593e-05,0.00021610925973537907,1408.0,1655.0,987.0,778.0,957.0,191.0,1.7141908285772383,0
MEASURE_ET_DC_SEC_S_Vp_0p7_mA_mm,cluster_family_supported_predictor,weak individual importance but belongs to a correlation cluster with high aggregate importance,0.03866340220655252,0.044937260616653756,0.0,0.0,1399.0,1363.0,1210.0,1471.0,221.0,1223.0,1.700158532856821,0
MEASURE_ET_DC_SEC_S_Vp_1_mA_mm,cluster_family_supported_predictor,weak individual importance but belongs to a correlation cluster with high aggregate importance,0.008339849816391515,0.003652637225691104,-5.221295681190341e-06,2.2250497842415108e-05,1637.0,1685.0,1532.0,1380.0,221.0,1223.0,2.23606797749979,0
MEASURE_ET_DC_SEC_S_Vp_1_mA_mm_first,cluster_family_supported_predictor,weak individual importance but belongs to a correlation cluster with high aggregate importance,0.05540478974868497,0.07502595976856237,0.0005366899511917045,0.002036194661409388,1259.0,1076.0,358.0,314.0,221.0,886.0,1.4526215236480302,0
MEASURE_ET_DC_SEC_S_Vp_1_mA_mm_first_FPSD3p2,cluster_family_supported_predictor,weak individual importance but belongs to a correlation cluster with high aggregate importance,0.08037560743947285,0.06676396815627725,0.0,0.0,979.0,1156.0,1210.0,1471.0,221.0,1223.0,2.23606797749979,0
MEASURE_ET_DC_SEC_S_Vp_1_mA_mm_first_SD3p5,cluster_family_supported_predictor,weak individual importance but belongs to a correlation cluster with high aggregate importance,0.05608769852274183,0.050245540780492745,0.00024953189023924625,0.0005420264165937823,1252.0,1307.0,465.0,562.0,221.0,609.0,0.9944511750084372,0
MEASURE_ET_DC_SEC_S_Vp_1_mA_mm_second,cluster_family_supported_predictor,weak individual importance but belongs to a correlation cluster with high aggregate importance,0.024119917566458007,0.043482294936646466,1.5449658568839065e-06,9.11329886964042e-06,1515.0,1373.0,1169.0,1455.0,221.0,1223.0,1.860438387176249,0
MEASURE_ET_DC_SEC_S_Vp_1_mA_mm_second_FPSD3p2,cluster_family_supported_predictor,weak individual importance but belongs to a correlation cluster with high aggregate importance,0.08417836148438838,0.08689080820141844,2.1901189702383528e-05,0.00012779501114746974,947.0,952.0,868.0,939.0,221.0,886.0,1.3693086301326824,0
MEASURE_ET_DC_SEC_S_Vp_1_mA_mm_second_SD3p5,currently_inconclusive,does not cleanly satisfy any strong/nonlinear/interaction/cluster/weak criterion -- insufficient evidence either way,0.038088331626234484,0.037652653922754464,0.0012425545780272052,0.0022933863673808125,1403.0,1415.0,249.0,285.0,221.0,411.0,1.3554508549638005,0
MEASURE_ET_DC_SEC_X_Bin,currently_inconclusive,does not cleanly satisfy any strong/nonlinear/interaction/cluster/weak criterion -- insufficient evidence either way,0.22661484134571283,0.14426428074005285,7.340896063847136e-05,0.0006369752856792904,205.0,506.0,652.0,531.0,784.0,296.0,1.0050170551908477,0
MEASURE_ET_DC_SEC_X_Bin_FPSD3p2,currently_inconclusive,does not cleanly satisfy any strong/nonlinear/interaction/cluster/weak criterion -- insufficient evidence either way,0.03732787747014044,0.0448236990674734,2.5258423089596914e-05,0.00012430237058961506,1412.0,1364.0,844.0,952.0,1073.0,411.0,0.8416966432372838,0
MEASURE_ET_DC_SEC_X_Bin_SD3p5,currently_inconclusive,does not cleanly satisfy any strong/nonlinear/interaction/cluster/weak criterion -- insufficient evidence either way,0.08217568052624058,0.16335128812645658,-1.680649950013824e-05,0.00019577294280795484,968.0,383.0,1630.0,808.0,975.0,609.0,1.2513760306831494,0
MEASURE_ET_DC_SEC_X_ChipStatus,currently_inconclusive,does not cleanly satisfy any strong/nonlinear/interaction/cluster/weak criterion -- insufficient evidence either way,0.09020729404985793,0.03882360461283516,3.63095171669825e-05,5.93337066871763e-05,893.0,1406.0,783.0,1199.0,1232.0,1223.0,0.6083700042856063,0
MEASURE_ET_DC_SEC_X_Id_at_Vboff_mA_mm,currently_inconclusive,does not cleanly satisfy any strong/nonlinear/interaction/cluster/weak criterion -- insufficient evidence either way,0.0849364111916699,0.0455964065165929,6.694774091303701e-06,3.5284518863685174e-05,940.0,1356.0,1053.0,1310.0,1293.0,609.0,1.38751860631853,0
MEASURE_ET_DC_SEC_X_Id_at_Vboff_mA_mm_FPSD3p2,currently_inconclusive,does not cleanly satisfy any strong/nonlinear/interaction/cluster/weak criterion -- insufficient evidence either way,0.20079759503030692,0.2055186247724962,-6.218685322942341e-06,2.9791237422856064e-05,284.0,226.0,1547.0,1334.0,1305.0,609.0,1.1541620363257232,0
MEASURE_ET_DC_SEC_X_Id_at_Vboff_mA_mm_SD3p5,currently_inconclusive,does not cleanly satisfy any strong/nonlinear/interaction/cluster/weak criterion -- insufficient evidence either way,0.10403946271580126,0.13149116214770543,0.0038547560653773793,0.009070921030061204,770.0,574.0,111.0,73.0,465.0,1223.0,0.43424748906185073,0
MEASURE_ET_DC_SEC_X_Id_mA_mm_at_Vg1,currently_inconclusive,does not cleanly satisfy any strong/nonlinear/interaction/cluster/weak criterion -- insufficient evidence either way,0.13494380368086778,0.060423633522000836,1.6365485530933645e-05,4.463858868002468e-05,548.0,1223.0,919.0,1264.0,1269.0,411.0,0.4616754579369165,0
MEASURE_ET_DC_SEC_X_Id_mA_mm_at_Vg1_FPSD3p2,weak_unstable_predictor,"weak on every signal (correlation, SHAP, permutation, cluster, co-occurrence) and never stable across folds",0.015360778375569841,0.025737802850826816,3.7070570938879664e-06,4.293210937829395e-05,1574.0,1518.0,1112.0,1273.0,1272.0,1223.0,0.9300415977270228,0
MEASURE_ET_DC_SEC_X_Id_mA_mm_at_Vg1_SD3p5,currently_inconclusive,does not cleanly satisfy any strong/nonlinear/interaction/cluster/weak criterion -- insufficient evidence either way,0.038039434428567664,0.0029786016510061977,4.7500510562092925e-05,0.00015255849861165867,1404.0,1691.0,725.0,883.0,1026.0,411.0,0.7620675813319607,0
MEASURE_ET_DC_SEC_X_Id_mA_mm_at_Vg2,currently_inconclusive,does not cleanly satisfy any strong/nonlinear/interaction/cluster/weak criterion -- insufficient evidence either way,0.02694524022861923,0.011432158929423324,4.2485548190168695e-06,6.419312709059499e-05,1489.0,1643.0,1098.0,1177.0,1220.0,609.0,1.0940235608428603,0
MEASURE_ET_DC_SEC_X_Id_mA_mm_at_Vg2_FPSD3p2,currently_inconclusive,does not cleanly satisfy any strong/nonlinear/interaction/cluster/weak criterion -- insufficient evidence either way,0.0032094090190436754,0.005800306132303348,1.3253383037428734e-05,0.00010549822483421688,1692.0,1671.0,958.0,1012.0,1116.0,886.0,1.682988812953348,0
MEASURE_ET_DC_SEC_X_Id_mA_mm_at_Vg2_SD3p5,currently_inconclusive,does not cleanly satisfy any strong/nonlinear/interaction/cluster/weak criterion -- insufficient evidence either way,0.0993632913332097,0.0928964585048424,1.44400606143541e-05,0.000278873472322264,809.0,899.0,948.0,711.0,907.0,609.0,1.0468149875929147,0
MEASURE_ET_DC_SEC_X_Id_mA_mm_at_Vg3,currently_inconclusive,does not cleanly satisfy any strong/nonlinear/interaction/cluster/weak criterion -- insufficient evidence either way,0.046918987966441165,0.03681305405425477,0.0013311046853360404,0.0027719349352322577,1331.0,1422.0,241.0,248.0,584.0,191.0,1.070076614724779,0
MEASURE_ET_DC_SEC_X_Id_mA_mm_at_Vg3_FPSD3p2,currently_inconclusive,does not cleanly satisfy any strong/nonlinear/interaction/cluster/weak criterion -- insufficient evidence either way,0.18945983489673643,0.13847130832814666,0.0001967504786810126,0.0007305501178993011,315.0,535.0,504.0,511.0,765.0,411.0,1.6463204677442487,0
MEASURE_ET_DC_SEC_X_Id_mA_mm_at_Vg3_SD3p5,interaction_dependent_predictor,weak individual importance but frequently co-occurs with important features in the same trees,0.0983543642371805,0.1036156909180807,0.00016066057389578227,0.0010798932969423873,815.0,797.0,537.0,434.0,715.0,96.0,0.7462664226602959,0
MEASURE_ET_DC_SEC_X_Id_plus_Ig_at_Vboff_mA_mm,currently_inconclusive,does not cleanly satisfy any strong/nonlinear/interaction/cluster/weak criterion -- insufficient evidence either way,0.050236438723596795,0.08599053846417856,0.004908947069364228,0.005385346251019512,1307.0,960.0,90.0,129.0,508.0,609.0,1.0556504312455324,0
MEASURE_ET_DC_SEC_X_Id_plus_Ig_at_Vboff_mA_mm_FPSD3p2,nonlinear_predictor,high SHAP/permutation importance despite weak linear/monotonic correlation -- signal is not capturable by Pearson/Spearman alone (e.g. process-window/threshold shape),0.21404075360363214,0.22760290146182618,0.009991872592296575,0.008401643209507521,237.0,173.0,46.0,80.0,470.0,1223.0,1.005656517482352,0
MEASURE_ET_DC_SEC_X_Id_plus_Ig_at_Vboff_mA_mm_SD3p5,currently_inconclusive,does not cleanly satisfy any strong/nonlinear/interaction/cluster/weak criterion -- insufficient evidence either way,0.09253718401557584,0.09802272906246086,0.00020271090299412708,0.0035844075195521677,870.0,859.0,497.0,197.0,549.0,191.0,0.6654356654922625,0
MEASURE_ET_DC_SEC_X_Ids_max,currently_inconclusive,does not cleanly satisfy any strong/nonlinear/interaction/cluster/weak criterion -- insufficient evidence either way,0.004844447116215267,0.006109433558741429,0.00025633809514437333,0.0008409120756454794,1675.0,1670.0,463.0,487.0,750.0,296.0,1.0222580057777997,0
MEASURE_ET_DC_SEC_X_Ids_max_FPSD3p2,interaction_dependent_predictor,weak individual importance but frequently co-occurs with important features in the same trees,0.30155566716909077,0.2218768214693002,0.00013330434781359536,0.0008700965537316796,111.0,185.0,564.0,477.0,743.0,6.0,1.6295965071497256,0
MEASURE_ET_DC_SEC_X_Ids_max_norm,interaction_dependent_predictor,weak individual importance but frequently co-occurs with important features in the same trees,0.07110605571752408,0.10846305786665544,-2.204948939059925e-05,0.00015890287510065328,1094.0,756.0,1641.0,876.0,1021.0,191.0,1.2190091358081991,0
MEASURE_ET_DC_SEC_X_Ids_max_norm_FPSD3p2,currently_inconclusive,does not cleanly satisfy any strong/nonlinear/interaction/cluster/weak criterion -- insufficient evidence either way,0.0242434575742931,0.031390545639381144,0.0034830243782991545,0.004811468724058977,1514.0,1469.0,125.0,143.0,518.0,96.0,0.6122470395953797,0
MEASURE_ET_DC_SEC_X_Ids_max_norm_SD3p5,currently_inconclusive,does not cleanly satisfy any strong/nonlinear/interaction/cluster/weak criterion -- insufficient evidence either way,0.029006532063883657,0.003579744489622311,6.632402758713074e-05,0.002146364614232429,1478.0,1688.0,669.0,303.0,625.0,411.0,0.8146977758410576,0
MEASURE_ET_DC_SEC_X_Ids_max_SD3p5,currently_inconclusive,does not cleanly satisfy any strong/nonlinear/interaction/cluster/weak criterion -- insufficient evidence either way,0.15144427454819448,0.1121921435716382,1.060751822781758e-06,5.7521053489345705e-05,459.0,731.0,1185.0,1205.0,1236.0,886.0,1.0326993755121903,0
MEASURE_ET_DC_SEC_X_Ig_cut1_mAmm_neg,currently_inconclusive,does not cleanly satisfy any strong/nonlinear/interaction/cluster/weak criterion -- insufficient evidence either way,0.045537181394245306,0.10798969955011115,0.003950241023506338,0.006268759306937375,1340.0,759.0,106.0,108.0,493.0,1223.0,0.5488431607599181,0
MEASURE_ET_DC_SEC_X_Ig_cut1_mAmm_neg_FPSD3p2,currently_inconclusive,does not cleanly satisfy any strong/nonlinear/interaction/cluster/weak criterion -- insufficient evidence either way,0.13775864219868175,0.11528852921690191,-7.684939475330333e-06,0.0003966994975757681,526.0,703.0,1565.0,627.0,857.0,296.0,0.8037198962353939,0
MEASURE_ET_DC_SEC_X_Ig_cut1_mAmm_neg_SD3p5,currently_inconclusive,does not cleanly satisfy any strong/nonlinear/interaction/cluster/weak criterion -- insufficient evidence either way,0.09941795640792248,0.06407960425696337,1.6075121886605092e-05,0.00022098063153754303,807.0,1191.0,924.0,771.0,952.0,609.0,1.4396460581080766,0
MEASURE_ET_DC_SEC_X_Ig_cut1_mAmm_pos,nonlinear_predictor,high SHAP/permutation importance despite weak linear/monotonic correlation -- signal is not capturable by Pearson/Spearman alone (e.g. process-window/threshold shape),0.15364602613832828,0.1564209223511355,0.02022531264220142,0.01500920937277066,445.0,414.0,31.0,41.0,439.0,1223.0,0.5863327825069701,0
MEASURE_ET_DC_SEC_X_Ig_cut1_mAmm_pos_FPSD3p2,currently_inconclusive,does not cleanly satisfy any strong/nonlinear/interaction/cluster/weak criterion -- insufficient evidence either way,0.3164990622259053,0.227540675955426,0.00764870598003721,0.012393563133988018,100.0,174.0,57.0,54.0,452.0,1223.0,0.41518603475435273,0
MEASURE_ET_DC_SEC_X_Ig_cut1_mAmm_pos_SD3p5,interaction_dependent_predictor,weak individual importance but frequently co-occurs with important features in the same trees,0.12945146537552768,0.08418488760881593,1.6584835970515077e-05,0.00030096837225504237,582.0,979.0,917.0,696.0,897.0,96.0,0.4683451510116685,0
MEASURE_ET_DC_SEC_X_Ig_cut2_mAmm_neg,nonlinear_predictor,high SHAP/permutation importance despite weak linear/monotonic correlation -- signal is not capturable by Pearson/Spearman alone (e.g. process-window/threshold shape),0.08595830836685613,0.10026618080213909,0.013786648033907906,0.013989323877546124,930.0,828.0,37.0,45.0,445.0,1223.0,0.8460822421819723,0
MEASURE_ET_DC_SEC_X_Ig_cut2_mAmm_neg_FPSD3p2,currently_inconclusive,does not cleanly satisfy any strong/nonlinear/interaction/cluster/weak criterion -- insufficient evidence either way,0.055825743362595284,0.053698389683848956,0.00014838071223715333,0.00041369056423436174,1255.0,1278.0,550.0,611.0,844.0,886.0,1.2649989343133288,0
MEASURE_ET_DC_SEC_X_Ig_cut2_mAmm_neg_SD3p5,currently_inconclusive,does not cleanly satisfy any strong/nonlinear/interaction/cluster/weak criterion -- insufficient evidence either way,0.14122199233673202,0.10470508174798687,1.002924499358404e-05,7.671823589913167e-05,511.0,788.0,996.0,1110.0,1173.0,886.0,1.6746214273939526,0
MEASURE_ET_DC_SEC_X_Ig_cut2_mAmm_pos,currently_inconclusive,does not cleanly satisfy any strong/nonlinear/interaction/cluster/weak criterion -- insufficient evidence either way,0.02569962601445615,0.010219872724376782,-8.641806517281636e-06,0.0002531055659220984,1500.0,1649.0,1576.0,741.0,928.0,296.0,0.6024010333277271,0
MEASURE_ET_DC_SEC_X_Ig_cut2_mAmm_pos_FPSD3p2,interaction_dependent_predictor,weak individual importance but frequently co-occurs with important features in the same trees,0.1640482354736068,0.21820351648612618,-2.868172996560725e-05,0.00020283660871422667,400.0,193.0,1655.0,795.0,967.0,191.0,0.6804542051004326,0
MEASURE_ET_DC_SEC_X_Ig_cut2_mAmm_pos_SD3p5,currently_inconclusive,does not cleanly satisfy any strong/nonlinear/interaction/cluster/weak criterion -- insufficient evidence either way,0.1181178485498603,0.14224284071785243,0.00038208292075442296,0.001093779629115676,649.0,518.0,408.0,427.0,708.0,296.0,1.4751279811273406,0
MEASURE_ET_DC_SEC_X_Ig_cut3_mAmm_neg,currently_inconclusive,does not cleanly satisfy any strong/nonlinear/interaction/cluster/weak criterion -- insufficient evidence either way,0.12002422124065816,0.0957010509718795,2.7800382968984348e-06,1.3348557850981138e-05,643.0,877.0,1137.0,1430.0,1349.0,1223.0,1.3946170582563422,0
MEASURE_ET_DC_SEC_X_Ig_cut3_mAmm_neg_FPSD3p2,currently_inconclusive,does not cleanly satisfy any strong/nonlinear/interaction/cluster/weak criterion -- insufficient evidence either way,0.033445348183156344,0.007930640790704109,1.8540347682555193e-05,0.00040820247008418315,1449.0,1657.0,899.0,617.0,850.0,296.0,0.5865513759360186,0
MEASURE_ET_DC_SEC_X_Ig_cut3_mAmm_neg_SD3p5,currently_inconclusive,does not cleanly satisfy any strong/nonlinear/interaction/cluster/weak criterion -- insufficient evidence either way,0.06714942907462079,0.017571594071607702,-4.41892203231764e-06,3.905242258649601e-05,1141.0,1580.0,1518.0,1295.0,1284.0,886.0,1.9702939916319169,0
MEASURE_ET_DC_SEC_X_Ig_cut3_mAmm_pos,currently_inconclusive,does not cleanly satisfy any strong/nonlinear/interaction/cluster/weak criterion -- insufficient evidence either way,0.006131152191296015,0.026902975458170355,0.00018124484250513218,0.001283325337094944,1665.0,1508.0,517.0,392.0,681.0,411.0,1.028434762482468,0
MEASURE_ET_DC_SEC_X_Ig_cut3_mAmm_pos_FPSD3p2,interaction_dependent_predictor,weak individual importance but frequently co-occurs with important features in the same trees,0.15506900269599783,0.19499051355748703,0.0008052922415949237,0.002033519707337288,441.0,259.0,312.0,315.0,632.0,133.0,0.8541366722834802,0
MEASURE_ET_DC_SEC_X_Ig_cut3_mAmm_pos_SD3p5,currently_inconclusive,does not cleanly satisfy any strong/nonlinear/interaction/cluster/weak criterion -- insufficient evidence either way,0.13431728957422479,0.0907696795896645,0.0001337192305133239,0.0006230072337902835,552.0,916.0,563.0,538.0,790.0,296.0,0.34093886032906945,0
MEASURE_ET_DC_SEC_X_Ig_mAmm_at_Vg_cond_neg,currently_inconclusive,does not cleanly satisfy any strong/nonlinear/interaction/cluster/weak criterion -- insufficient evidence either way,0.28044013819728825,0.2797409865726904,0.005347736037289069,0.00967430706589042,129.0,97.0,86.0,69.0,462.0,1223.0,0.3168556403424334,0
MEASURE_ET_DC_SEC_X_Ig_mAmm_at_Vg_cond_neg_FPSD3p2,weak_unstable_predictor,"weak on every signal (correlation, SHAP, permutation, cluster, co-occurrence) and never stable across folds",0.04116166872064424,0.019837713674331736,-7.955712950019623e-06,0.00010001486024188919,1372.0,1567.0,1569.0,1030.0,1128.0,1223.0,1.0709008892133147,0
MEASURE_ET_DC_SEC_X_Ig_mAmm_at_Vg_cond_neg_SD3p5,currently_inconclusive,does not cleanly satisfy any strong/nonlinear/interaction/cluster/weak criterion -- insufficient evidence either way,0.12041594944159172,0.03413669057719235,-1.4672754964306645e-06,5.894330826660861e-05,641.0,1446.0,1482.0,1201.0,1233.0,886.0,0.4687367765163343,0
MEASURE_ET_DC_SEC_X_Ig_mAmm_at_Vg_cond_pos,interaction_dependent_predictor,weak individual importance but frequently co-occurs with important features in the same trees,0.0687319887216591,0.01711201426005202,6.958823756845755e-05,0.00023339002651667957,1121.0,1584.0,659.0,759.0,943.0,191.0,1.5466759118606204,0
MEASURE_ET_DC_SEC_X_Ig_mAmm_at_Vg_cond_pos_FPSD3p2,currently_inconclusive,does not cleanly satisfy any strong/nonlinear/interaction/cluster/weak criterion -- insufficient evidence either way,0.21834277922236242,0.22723177076293938,2.998348233276826e-06,2.380770595119097e-05,222.0,176.0,1132.0,1365.0,1323.0,1223.0,0.9312950450287725,0
MEASURE_ET_DC_SEC_X_Ig_mAmm_at_Vg_cond_pos_SD3p5,currently_inconclusive,does not cleanly satisfy any strong/nonlinear/interaction/cluster/weak criterion -- insufficient evidence either way,0.21614418939227084,0.21402174022208206,8.934587095732472e-06,0.0003269925425891222,227.0,200.0,1012.0,674.0,885.0,296.0,1.2544993503752884,0
MEASURE_ET_DC_SEC_X_Ron,currently_inconclusive,does not cleanly satisfy any strong/nonlinear/interaction/cluster/weak criterion -- insufficient evidence either way,0.2802761605470618,0.26404282471163126,4.603764979617675e-05,0.00020813679042049247,131.0,117.0,732.0,790.0,963.0,886.0,1.2986871598201584,0
MEASURE_ET_DC_SEC_X_Ron_FPSD3p2,weak_unstable_predictor,"weak on every signal (correlation, SHAP, permutation, cluster, co-occurrence) and never stable across folds",0.018033143619973966,0.03871248763712054,0.0,0.0,1556.0,1409.0,1210.0,1471.0,1367.0,1223.0,1.3054280759266166,0
MEASURE_ET_DC_SEC_X_Ron_SD3p5,currently_inconclusive,does not cleanly satisfy any strong/nonlinear/interaction/cluster/weak criterion -- insufficient evidence either way,0.20739193866487723,0.17474855632550554,0.0015733602507630368,0.002736878819089778,258.0,341.0,208.0,250.0,585.0,191.0,1.0186033808135966,0
MEASURE_ET_DC_SEC_X_Vboff_Id,currently_inconclusive,does not cleanly satisfy any strong/nonlinear/interaction/cluster/weak criterion -- insufficient evidence either way,0.1937221266649768,0.18550823531790395,0.0023997942174348945,0.004899335210074983,298.0,303.0,167.0,140.0,516.0,191.0,0.7010491847862412,0
MEASURE_ET_DC_SEC_X_Vboff_Id_FPSD3p2,interaction_dependent_predictor,weak individual importance but frequently co-occurs with important features in the same trees,0.040452590063028135,0.029830685534299257,0.0005997410071842402,0.0020574873583262187,1383.0,1484.0,344.0,311.0,630.0,6.0,0.8606928919533325,0
MEASURE_ET_DC_SEC_X_Vboff_Id_plus_Ig,currently_inconclusive,does not cleanly satisfy any strong/nonlinear/interaction/cluster/weak criterion -- insufficient evidence either way,0.1042474308440624,0.18686497359137952,7.915327825458451e-06,2.2823619660298616e-05,767.0,300.0,1025.0,1374.0,1326.0,1223.0,2.0585051651199753,0
MEASURE_ET_DC_SEC_X_Vboff_Id_plus_Ig_FPSD3p2,currently_inconclusive,does not cleanly satisfy any strong/nonlinear/interaction/cluster/weak criterion -- insufficient evidence either way,0.12518043198911247,0.11919673548673664,-7.637161570497875e-06,2.4025825907787817e-05,606.0,675.0,1564.0,1364.0,1322.0,609.0,0.46088758903204863,0
MEASURE_ET_DC_SEC_X_Vboff_Id_plus_Ig_SD3p5,currently_inconclusive,does not cleanly satisfy any strong/nonlinear/interaction/cluster/weak criterion -- insufficient evidence either way,0.24226750552650786,0.19090163108514033,0.0003177536611554649,0.0009099477817966621,180.0,282.0,431.0,466.0,735.0,296.0,1.1351735931710356,0
MEASURE_ET_DC_SEC_X_Vboff_Id_SD3p5,interaction_dependent_predictor,weak individual importance but frequently co-occurs with important features in the same trees,0.2487642871186863,0.15696139532101144,0.00020845275688621267,0.0008015581359402549,173.0,413.0,493.0,494.0,755.0,133.0,0.6760477944671922,0
MEASURE_ET_DC_SEC_X_Vg_at_I1_neg,interaction_dependent_predictor,weak individual importance but frequently co-occurs with important features in the same trees,0.19074555313640046,0.17664954554603132,4.461135113472681e-05,0.0002466050282973786,313.0,334.0,740.0,744.0,930.0,133.0,0.5913395006233089,0
MEASURE_ET_DC_SEC_X_Vg_at_I1_neg_FPSD3p2,interaction_dependent_predictor,weak individual importance but frequently co-occurs with important features in the same trees,0.14481731014306837,0.13114447718347583,6.184812017528407e-05,0.0002884357578300906,493.0,577.0,677.0,705.0,904.0,69.0,0.6132053408345147,0
MEASURE_ET_DC_SEC_X_Vg_at_I1_neg_SD3p5,currently_inconclusive,does not cleanly satisfy any strong/nonlinear/interaction/cluster/weak criterion -- insufficient evidence either way,0.15067289058464622,0.12692403221188298,0.00011225308226275598,0.00037385725663148305,466.0,609.0,590.0,640.0,866.0,411.0,1.347839315980513,0
MEASURE_ET_DC_SEC_X_Vg_at_I1_pos,currently_inconclusive,does not cleanly satisfy any strong/nonlinear/interaction/cluster/weak criterion -- insufficient evidence either way,0.03741065750945055,0.02141779706899368,1.4214814674951004e-06,1.7065890288371267e-05,1411.0,1554.0,1175.0,1414.0,1343.0,886.0,0.6278963216662062,0
MEASURE_ET_DC_SEC_X_Vg_at_I1_pos_FPSD3p2,currently_inconclusive,does not cleanly satisfy any strong/nonlinear/interaction/cluster/weak criterion -- insufficient evidence either way,0.05176565253679311,0.11432758961092185,0.0011725486863369077,0.0015129470884792959,1299.0,708.0,258.0,369.0,667.0,411.0,1.0086437848387857,0
MEASURE_ET_DC_SEC_X_Vg_at_I1_pos_SD3p5,currently_inconclusive,does not cleanly satisfy any strong/nonlinear/interaction/cluster/weak criterion -- insufficient evidence either way,0.07259673173007512,0.07287384618292155,0.0006440087673174527,0.002188663498044568,1074.0,1088.0,338.0,299.0,621.0,609.0,0.6405267493318346,0
MEASURE_ET_DC_SEC_X_Vg_at_I2_neg,currently_inconclusive,does not cleanly satisfy any strong/nonlinear/interaction/cluster/weak criterion -- insufficient evidence either way,0.029258613530146436,0.020297071251935993,0.00014473732196188804,0.000396563152378423,1476.0,1563.0,553.0,628.0,858.0,609.0,0.8001538293539606,0
MEASURE_ET_DC_SEC_X_Vg_at_I2_neg_FPSD3p2,interaction_dependent_predictor,weak individual importance but frequently co-occurs with important features in the same trees,0.23525790731270826,0.2822886765918753,0.0004011133628258418,0.0021386485805491404,195.0,92.0,398.0,304.0,626.0,13.0,0.8557300838445935,0
MEASURE_ET_DC_SEC_X_Vg_at_I2_neg_SD3p5,currently_inconclusive,does not cleanly satisfy any strong/nonlinear/interaction/cluster/weak criterion -- insufficient evidence either way,0.35881632326875057,0.28671891041361736,0.0037835855269891723,0.0037596095182282686,77.0,80.0,115.0,186.0,544.0,35.0,0.8285900372825274,0
MEASURE_ET_DC_SEC_X_Vg_at_I2_pos,currently_inconclusive,does not cleanly satisfy any strong/nonlinear/interaction/cluster/weak criterion -- insufficient evidence either way,0.017709209013442966,0.054599326122943125,9.062630051675236e-05,0.0009304552531693672,1557.0,1274.0,616.0,459.0,731.0,886.0,1.2443404282264807,0
MEASURE_ET_DC_SEC_X_Vg_at_I2_pos_FPSD3p2,currently_inconclusive,does not cleanly satisfy any strong/nonlinear/interaction/cluster/weak criterion -- insufficient evidence either way,0.05223612583297684,0.0464026712923782,0.00108479856718528,0.0013368541085315001,1288.0,1353.0,264.0,386.0,678.0,609.0,0.5546082186084302,0
MEASURE_ET_DC_SEC_X_Vg_at_I2_pos_SD3p5,currently_inconclusive,does not cleanly satisfy any strong/nonlinear/interaction/cluster/weak criterion -- insufficient evidence either way,0.02537816954306796,0.015274806183586434,1.572535694866206e-05,5.140764884760262e-05,1501.0,1604.0,926.0,1225.0,1248.0,609.0,0.6296077378742905,0
MEASURE_ET_DC_SEC_X_Vg_at_I3_neg,interaction_dependent_predictor,weak individual importance but frequently co-occurs with important features in the same trees,0.04305851846327567,0.05814062413896817,0.0010521537749943548,0.0008773451309042207,1357.0,1238.0,271.0,475.0,741.0,191.0,0.8361047798511777,0
MEASURE_ET_DC_SEC_X_Vg_at_I3_neg_FPSD3p2,interaction_dependent_predictor,weak individual importance but frequently co-occurs with important features in the same trees,0.15899367384611773,0.1446765247199541,3.132936565026223e-05,0.0006474943194500955,422.0,501.0,811.0,527.0,780.0,19.0,0.9345940987752331,0
MEASURE_ET_DC_SEC_X_Vg_at_I3_neg_SD3p5,currently_inconclusive,does not cleanly satisfy any strong/nonlinear/interaction/cluster/weak criterion -- insufficient evidence either way,0.016960892913521906,0.03554765393481663,1.482602684919343e-05,7.701414207857222e-05,1565.0,1433.0,943.0,1108.0,1172.0,609.0,0.19852910897202986,0
MEASURE_ET_DC_SEC_X_Vg_at_I3_pos,currently_inconclusive,does not cleanly satisfy any strong/nonlinear/interaction/cluster/weak criterion -- insufficient evidence either way,0.1780296152630652,0.251157922441715,0.0038050686128698217,0.0071922646607677325,349.0,136.0,114.0,95.0,482.0,1223.0,0.8023419480140717,0
MEASURE_ET_DC_SEC_X_Vg_at_I3_pos_FPSD3p2,currently_inconclusive,does not cleanly satisfy any strong/nonlinear/interaction/cluster/weak criterion -- insufficient evidence either way,0.0863824465958758,0.08415244145190724,0.0020478528284106597,0.0027270250294006795,925.0,981.0,180.0,251.0,586.0,411.0,1.166460169997978,0
MEASURE_ET_DC_SEC_X_Vg_at_I3_pos_SD3p5,currently_inconclusive,does not cleanly satisfy any strong/nonlinear/interaction/cluster/weak criterion -- insufficient evidence either way,0.08962530184020938,0.08118117352129822,1.299775751334442e-07,8.080815327594771e-05,899.0,1017.0,1207.0,1098.0,1166.0,411.0,1.2706122842291199,0
MEASURE_ET_DC_SEC_X_Vp_0p7_mA_mm,cluster_family_supported_predictor,weak individual importance but belongs to a correlation cluster with high aggregate importance,0.08221818148554115,0.07546753863005227,0.0,0.0,967.0,1070.0,1210.0,1471.0,221.0,1223.0,1.730863837158413,0
MEASURE_ET_DC_SEC_X_Vp_1_mA_mm,cluster_family_supported_predictor,weak individual importance but belongs to a correlation cluster with high aggregate importance,0.052096350268185924,0.04849389277532742,4.925391459323358e-06,4.144256694199934e-05,1291.0,1328.0,1081.0,1282.0,221.0,886.0,2.1488739485514876,0
MEASURE_ET_DC_SEC_X_Vp_1_mA_mm_first,cluster_family_supported_predictor,weak individual importance but belongs to a correlation cluster with high aggregate importance,0.04240895380069247,0.05929112930551738,3.312199757871115e-06,2.26633022227317e-05,1363.0,1232.0,1124.0,1375.0,221.0,886.0,1.3746859926980688,0
MEASURE_ET_DC_SEC_X_Vp_1_mA_mm_first_FPSD3p2,cluster_family_supported_predictor,weak individual importance but belongs to a correlation cluster with high aggregate importance,0.050011368836192435,0.055133354308227606,1.6094432416235983e-07,3.346055667030093e-05,1308.0,1270.0,1206.0,1316.0,221.0,1223.0,1.8964774184721305,0
MEASURE_ET_DC_SEC_X_Vp_1_mA_mm_first_SD3p5,cluster_family_supported_predictor,weak individual importance but belongs to a correlation cluster with high aggregate importance,0.02587500076550509,0.036890835937255,0.00015874575927712632,0.0009631954047476523,1496.0,1421.0,539.0,455.0,221.0,609.0,1.2559636946808757,0
MEASURE_ET_DC_SEC_X_Vp_1_mA_mm_second,cluster_family_supported_predictor,weak individual importance but belongs to a correlation cluster with high aggregate importance,0.024433544800545465,0.029889799765379435,7.677791504692166e-05,0.0014787746417570101,1511.0,1483.0,649.0,371.0,221.0,609.0,1.0955831535822944,0
MEASURE_ET_DC_SEC_X_Vp_1_mA_mm_second_FPSD3p2,currently_inconclusive,does not cleanly satisfy any strong/nonlinear/interaction/cluster/weak criterion -- insufficient evidence either way,0.10012639781708263,0.09302202068739993,0.0015724755778166177,0.002287447650832231,800.0,898.0,209.0,286.0,221.0,609.0,1.0843851701970277,0
MEASURE_ET_DC_SEC_X_Vp_1_mA_mm_second_SD3p5,cluster_family_supported_predictor,weak individual importance but belongs to a correlation cluster with high aggregate importance,0.003606589342842076,0.0193845786473675,0.00017510390437039668,0.00033700755184505317,1686.0,1569.0,523.0,666.0,221.0,609.0,1.6004376040668384,0
MEASURE_ET_DC_SMALL_Gm_0,cluster_family_supported_predictor,weak individual importance but belongs to a correlation cluster with high aggregate importance,0.097181687568047,0.11691439280555826,0.0,0.0,821.0,690.0,1210.0,1471.0,221.0,1223.0,1.9371540865819943,0
MEASURE_ET_DC_SMALL_Gm_m0p2,cluster_family_supported_predictor,weak individual importance but belongs to a correlation cluster with high aggregate importance,0.02994033144020141,0.03349532339336754,0.0,0.0,1472.0,1453.0,1210.0,1471.0,221.0,1223.0,1.386930432443291,0
MEASURE_ET_DC_SMALL_Gm_max,cluster_family_supported_predictor,weak individual importance but belongs to a correlation cluster with high aggregate importance,0.09623891213219658,0.13464843989566075,8.924492054124267e-06,1.5586872942543384e-05,825.0,560.0,1014.0,1420.0,221.0,1223.0,2.069435721573276,0
MEASURE_ET_DC_SMALL_Id_gm_max,cluster_family_supported_predictor,weak individual importance but belongs to a correlation cluster with high aggregate importance,0.10263015019783604,0.09003852988946229,0.0,0.0,783.0,925.0,1210.0,1471.0,221.0,1223.0,1.369946346427122,0
MEASURE_ET_DC_SMALL_Ids_m0p2,nonlinear_predictor,high SHAP/permutation importance despite weak linear/monotonic correlation -- signal is not capturable by Pearson/Spearman alone (e.g. process-window/threshold shape),0.2184282218989147,0.27698617451077345,0.05295962550782361,0.04740637723426689,221.0,101.0,12.0,12.0,426.0,1223.0,0.498831844719025,4
MEASURE_ET_DC_SMALL_Idss,cluster_family_supported_predictor,weak individual importance but belongs to a correlation cluster with high aggregate importance,0.135467932445216,0.13451687739641466,0.0,0.0,545.0,562.0,1210.0,1471.0,221.0,1223.0,1.0569076211480894,0
MEASURE_ET_DC_SMALL_Imax,cluster_family_supported_predictor,weak individual importance but belongs to a correlation cluster with high aggregate importance,0.08720664291281123,0.07687250167098798,-3.5912541783533756e-06,2.6284662596599053e-05,919.0,1061.0,1507.0,1349.0,221.0,886.0,1.7352172197272004,0
MEASURE_ET_DC_SMALL_n_gd,currently_inconclusive,does not cleanly satisfy any strong/nonlinear/interaction/cluster/weak criterion -- insufficient evidence either way,0.025025256675699315,0.04743072555168991,0.0001062213623121866,0.0002563737282226474,1507.0,1338.0,599.0,736.0,924.0,609.0,1.1781818210704043,0
MEASURE_ET_DC_SMALL_n_gs,interaction_dependent_predictor,weak individual importance but frequently co-occurs with important features in the same trees,0.27481555415404835,0.21174361998598087,0.0007378252530523099,0.0009026382659858515,136.0,211.0,326.0,469.0,737.0,35.0,1.21877345019231,0
MEASURE_ET_DC_SMALL_Vbgd_0p01,currently_inconclusive,does not cleanly satisfy any strong/nonlinear/interaction/cluster/weak criterion -- insufficient evidence either way,0.19139615490542145,0.1787529898963091,0.00015596884111136188,0.00040903116318515725,307.0,324.0,543.0,616.0,849.0,609.0,0.6111268129948608,0
MEASURE_ET_DC_SMALL_Vbgd_0p1,currently_inconclusive,does not cleanly satisfy any strong/nonlinear/interaction/cluster/weak criterion -- insufficient evidence either way,0.25107327828372716,0.26970312345453423,-3.479151912716416e-06,7.541773808596443e-05,169.0,110.0,1505.0,1120.0,1181.0,886.0,1.8033517927482194,0
MEASURE_ET_DC_SMALL_Vbgd1,currently_inconclusive,does not cleanly satisfy any strong/nonlinear/interaction/cluster/weak criterion -- insufficient evidence either way,0.15810816637039687,0.09857631383547108,0.0003909410894851473,0.0015743362241415898,426.0,853.0,401.0,362.0,662.0,296.0,0.6604000468478257,0
MEASURE_ET_DC_SMALL_Vbgs_0p01,currently_inconclusive,does not cleanly satisfy any strong/nonlinear/interaction/cluster/weak criterion -- insufficient evidence either way,0.3236655643783882,0.286748245295206,0.0037402528360374137,0.005437744846782097,95.0,79.0,116.0,127.0,507.0,191.0,0.8623822995717569,0
MEASURE_ET_DC_SMALL_Vbgs_0p1,currently_inconclusive,does not cleanly satisfy any strong/nonlinear/interaction/cluster/weak criterion -- insufficient evidence either way,0.26974584291449266,0.2425994707382232,0.00010345019082383667,0.00060165639558115,146.0,154.0,602.0,543.0,794.0,609.0,1.2289589056883743,0
MEASURE_ET_DC_SMALL_Vbgs1,currently_inconclusive,does not cleanly satisfy any strong/nonlinear/interaction/cluster/weak criterion -- insufficient evidence either way,0.31446704664899966,0.2590167816661074,3.090236168914739e-05,4.009198050053829e-05,102.0,127.0,815.0,1290.0,1280.0,1223.0,2.1530732598915954,0
MEASURE_ET_DC_SMALL_Vbin_gd,currently_inconclusive,does not cleanly satisfy any strong/nonlinear/interaction/cluster/weak criterion -- insufficient evidence either way,0.23764751349359312,0.19067895266580823,0.00023885023554429675,0.0018106328578040732,193.0,283.0,471.0,336.0,645.0,411.0,1.6050337863670945,0
MEASURE_ET_DC_SMALL_Vbin_gs,currently_inconclusive,does not cleanly satisfy any strong/nonlinear/interaction/cluster/weak criterion -- insufficient evidence either way,0.2588502907056412,0.23540197975328417,0.0005630247870618249,0.0016930725535710684,157.0,163.0,351.0,348.0,654.0,609.0,0.959924586992215,0
MEASURE_ET_DC_SMALL_Vboff,currently_inconclusive,does not cleanly satisfy any strong/nonlinear/interaction/cluster/weak criterion -- insufficient evidence either way,0.06501909964124092,0.016823110123194,7.903594327248465e-05,0.00016184833798173692,1163.0,1588.0,644.0,863.0,1010.0,296.0,1.0518682301284936,0
MEASURE_ET_DC_SMALL_Vdg_max,currently_inconclusive,does not cleanly satisfy any strong/nonlinear/interaction/cluster/weak criterion -- insufficient evidence either way,0.0474585318731155,0.1379272796150479,0.00012136273199681025,0.0004460751393814382,1329.0,538.0,575.0,599.0,836.0,411.0,0.9059982793106748,0
MEASURE_ET_DC_SMALL_Vdg_max_0p1,currently_inconclusive,does not cleanly satisfy any strong/nonlinear/interaction/cluster/weak criterion -- insufficient evidence either way,0.14146839513431386,0.1596668714457111,2.6625468120566877e-05,0.0001691328849749244,509.0,400.0,835.0,849.0,1003.0,609.0,1.1926151959527027,0
MEASURE_ET_DC_SMALL_Vds_max,currently_inconclusive,does not cleanly satisfy any strong/nonlinear/interaction/cluster/weak criterion -- insufficient evidence either way,0.1981643572022431,0.17900700330279276,1.3657607730416243e-05,2.4487412233533484e-05,290.0,323.0,955.0,1361.0,1320.0,609.0,1.8722029182685838,0
MEASURE_ET_DC_SMALL_Vds_max_0p1,currently_inconclusive,does not cleanly satisfy any strong/nonlinear/interaction/cluster/weak criterion -- insufficient evidence either way,0.21217254027411406,0.21663098904581285,2.0150974876667614e-05,0.00016135364209469465,245.0,196.0,884.0,866.0,1013.0,296.0,0.3653526244735224,0
MEASURE_ET_DC_SMALL_Vg_gm_max,cluster_family_supported_predictor,weak individual importance but belongs to a correlation cluster with high aggregate importance,0.09874591132003731,0.13706078943842523,0.0005328096398771187,0.0009749573314608612,811.0,547.0,360.0,452.0,221.0,886.0,0.6408801365921573,0
MEASURE_ET_DC_SMALL_Vg_max_Vd,currently_inconclusive,does not cleanly satisfy any strong/nonlinear/interaction/cluster/weak criterion -- insufficient evidence either way,0.17000924383800392,0.1472119918718104,0.00014454152809851016,0.0004003556639378519,379.0,483.0,554.0,620.0,852.0,411.0,1.6991993618752057,0
MEASURE_ET_DC_SMALL_Vg_max_Vd_0p1,currently_inconclusive,does not cleanly satisfy any strong/nonlinear/interaction/cluster/weak criterion -- insufficient evidence either way,0.025774449329907245,0.03185501459786826,7.096174143930711e-06,9.74426190391432e-05,1499.0,1465.0,1041.0,1043.0,1138.0,609.0,1.063188925399394,0
MEASURE_ET_DC_SMALL_Vg_optt,currently_inconclusive,does not cleanly satisfy any strong/nonlinear/interaction/cluster/weak criterion -- insufficient evidence either way,0.08813570112818796,0.033336203884144204,1.8964716089800436e-05,8.645781367584625e-05,914.0,1454.0,897.0,1077.0,1154.0,609.0,0.8191682471896107,0
MEASURE_ET_DC_SMALL_Vp_01,cluster_family_supported_predictor,weak individual importance but belongs to a correlation cluster with high aggregate importance,0.016239404105678378,0.02308344053495589,0.0006977167548854774,0.002132341768137625,1569.0,1538.0,331.0,305.0,221.0,411.0,2.23606797749979,0
MEASURE_ET_DC_SMALL_Vp_1,cluster_family_supported_predictor,weak individual importance but belongs to a correlation cluster with high aggregate importance,0.04958580028299845,0.054982012987304284,5.2984795902907836e-05,0.00015407956855148402,1311.0,1272.0,709.0,880.0,221.0,886.0,2.006427553495541,0
MEASURE_ET_DC_SMALL_Vt_gd,interaction_dependent_predictor,weak individual importance but frequently co-occurs with important features in the same trees,0.1425067483025101,0.12882457696450592,0.00017575392771159158,0.0002590863354876524,504.0,588.0,522.0,733.0,922.0,69.0,0.6362190457569868,0
MEASURE_ET_DC_SMALL_Vt_gs,currently_inconclusive,does not cleanly satisfy any strong/nonlinear/interaction/cluster/weak criterion -- insufficient evidence either way,0.2573082182476648,0.2940250738008053,-6.9014759549734794e-06,4.538566313080758e-05,160.0,69.0,1557.0,1257.0,1265.0,886.0,0.706890912011232,0
MEASURE_ET_DC_Stress_Gm_max_after,cluster_family_supported_predictor,weak individual importance but belongs to a correlation cluster with high aggregate importance,0.07383337749628406,0.09344737647043551,0.0,0.0,1059.0,895.0,1210.0,1471.0,221.0,1223.0,1.2942577645425168,0
MEASURE_ET_DC_Stress_Gm_max_before,cluster_family_supported_predictor,weak individual importance but belongs to a correlation cluster with high aggregate importance,0.11015652091153606,0.13071445448746022,0.0001126180155613693,0.00030847376029460025,721.0,582.0,589.0,689.0,221.0,886.0,1.3492763447964051,0
MEASURE_ET_DC_Stress_Id_gm_max_after,cluster_family_supported_predictor,weak individual importance but belongs to a correlation cluster with high aggregate importance,0.08993744559898852,0.0964197555708017,3.0995712189377246e-05,5.92618072225966e-05,894.0,870.0,813.0,1200.0,221.0,609.0,2.23606797749979,0
MEASURE_ET_DC_Stress_Id_gm_max_before,cluster_family_supported_predictor,weak individual importance but belongs to a correlation cluster with high aggregate importance,0.08352958286540915,0.0963955320700959,5.413252759584042e-06,1.5467097887230676e-05,954.0,872.0,1077.0,1421.0,221.0,1223.0,1.4645965783984862,0
MEASURE_ET_DC_Stress_Id_max_Ig_after,currently_inconclusive,does not cleanly satisfy any strong/nonlinear/interaction/cluster/weak criterion -- insufficient evidence either way,0.08305990081268133,0.020710870869497248,0.0035838821031694834,0.006233638078425175,958.0,1558.0,120.0,110.0,495.0,1223.0,0.5954242052854309,0
MEASURE_ET_DC_Stress_Id_max_Ig_before,interaction_dependent_predictor,weak individual importance but frequently co-occurs with important features in the same trees,0.014226085504353949,0.013045799650751087,-4.619242229479959e-05,0.00025710154621458645,1586.0,1627.0,1681.0,735.0,923.0,191.0,1.5819125046359928,0
MEASURE_ET_DC_Stress_Id_stress_after,currently_inconclusive,does not cleanly satisfy any strong/nonlinear/interaction/cluster/weak criterion -- insufficient evidence either way,0.08915618703119524,0.1706718967204874,-1.4214635432538425e-05,2.4841292171936247e-05,903.0,356.0,1614.0,1359.0,1318.0,609.0,1.7282247475212846,0
MEASURE_ET_DC_Stress_Id_stress_before,nonlinear_predictor,high SHAP/permutation importance despite weak linear/monotonic correlation -- signal is not capturable by Pearson/Spearman alone (e.g. process-window/threshold shape),0.11607853934036261,0.11580166741075203,0.296715351129387,0.15408574844205025,671.0,700.0,2.0,2.0,207.0,1223.0,0.07394665370045636,5
MEASURE_ET_DC_Stress_Idss_after,cluster_family_supported_predictor,weak individual importance but belongs to a correlation cluster with high aggregate importance,0.10938653661844903,0.10001505643702403,1.0347160128340583e-05,2.1331484765516946e-05,727.0,833.0,990.0,1387.0,221.0,1223.0,1.8587678730015764,0
MEASURE_ET_DC_Stress_Idss_before,cluster_family_supported_predictor,weak individual importance but belongs to a correlation cluster with high aggregate importance,0.05763280667525518,0.047125153868474684,0.0,0.0,1231.0,1341.0,1210.0,1471.0,221.0,1223.0,1.8513525284965706,0
MEASURE_ET_DC_Stress_Ig_max_after,currently_inconclusive,does not cleanly satisfy any strong/nonlinear/interaction/cluster/weak criterion -- insufficient evidence either way,0.052156850498084696,0.04366208220335273,0.0015339305507638152,0.002197910081638495,1289.0,1371.0,213.0,296.0,619.0,133.0,0.5531130002782206,0
MEASURE_ET_DC_Stress_Ig_max_before,currently_inconclusive,does not cleanly satisfy any strong/nonlinear/interaction/cluster/weak criterion -- insufficient evidence either way,0.07931281542705103,0.06750600732009951,3.756379586196123e-05,9.98786974383175e-05,988.0,1145.0,777.0,1031.0,1129.0,886.0,0.5531842874729876,0
MEASURE_ET_DC_Stress_Stress_time,interaction_dependent_predictor,weak individual importance but frequently co-occurs with important features in the same trees,0.1871293292913201,0.16861223245864115,6.925861483241536e-05,0.00012437770972525218,321.0,358.0,661.0,951.0,1072.0,191.0,0.9207898322838396,0
MEASURE_ET_DC_Stress_Vd_stress,currently_inconclusive,does not cleanly satisfy any strong/nonlinear/interaction/cluster/weak criterion -- insufficient evidence either way,0.029832191366465373,0.05112114254912398,2.424114775967656e-05,8.607075535756666e-05,1474.0,1300.0,849.0,1081.0,1155.0,886.0,1.016358319635731,0
MEASURE_ET_DC_Stress_Vg_gm_max_after,cluster_family_supported_predictor,weak individual importance but belongs to a correlation cluster with high aggregate importance,0.03220627371619356,0.0561051833778277,4.997991982005901e-06,2.827824209316414e-05,1456.0,1262.0,1079.0,1339.0,221.0,1223.0,1.094271099115746,0
MEASURE_ET_DC_Stress_Vg_gm_max_before,cluster_family_supported_predictor,weak individual importance but belongs to a correlation cluster with high aggregate importance,0.1077422510144151,0.11047516406289584,0.000634772175129103,0.0020254652022213596,742.0,744.0,339.0,316.0,221.0,886.0,1.2526168007550482,0
MEASURE_ET_DC_Stress_Vg_max_Ig_after,currently_inconclusive,does not cleanly satisfy any strong/nonlinear/interaction/cluster/weak criterion -- insufficient evidence either way,0.19082167918846266,0.13490356447190152,-1.7880245748722046e-05,8.393642677397502e-05,311.0,559.0,1633.0,1091.0,1162.0,411.0,0.7755650804290398,0
MEASURE_ET_DC_Stress_Vg_max_Ig_before,currently_inconclusive,does not cleanly satisfy any strong/nonlinear/interaction/cluster/weak criterion -- insufficient evidence either way,0.05868258644051984,0.06055497378729552,0.001218290905266356,0.0034376439097268062,1217.0,1219.0,251.0,202.0,551.0,296.0,1.625666546060891,0
MEASURE_ET_DC_Stress_Vp_after,currently_inconclusive,does not cleanly satisfy any strong/nonlinear/interaction/cluster/weak criterion -- insufficient evidence either way,0.031994650797596724,0.03745442123807958,0.001485991038785936,0.003500398906321797,1458.0,1417.0,223.0,199.0,221.0,609.0,1.1650977593980767,0
MEASURE_ET_DC_Stress_Vp_before,cluster_family_supported_predictor,weak individual importance but belongs to a correlation cluster with high aggregate importance,0.0030639869415060982,0.0006909253549935289,0.0,0.0,1696.0,1708.0,1210.0,1471.0,221.0,1223.0,1.9751310319972415,0
MEASURE_ET_DC_Stress_Vp_delta,cluster_family_supported_predictor,weak individual importance but belongs to a correlation cluster with high aggregate importance,0.033266207655840874,0.022518299596471312,0.0,0.0,1450.0,1543.0,1210.0,1471.0,221.0,1223.0,0.7951812295178318,0
MEASURE_ET_Load_Pull_Freq,currently_inconclusive,does not cleanly satisfy any strong/nonlinear/interaction/cluster/weak criterion -- insufficient evidence either way,0.1596655275241765,0.11145943823377596,-4.970173289245427e-06,2.533164928533217e-05,418.0,737.0,1525.0,1353.0,1315.0,609.0,1.819284891682365,0
MEASURE_ET_Load_Pull_Gain_comp_Last,currently_inconclusive,does not cleanly satisfy any strong/nonlinear/interaction/cluster/weak criterion -- insufficient evidence either way,0.09750433880113098,0.14834227374877954,6.526284492779644e-05,0.0001455462135711636,819.0,476.0,672.0,889.0,1032.0,886.0,1.1537754589975764,0
MEASURE_ET_Load_Pull_GL_meas,currently_inconclusive,does not cleanly satisfy any strong/nonlinear/interaction/cluster/weak criterion -- insufficient evidence either way,0.006587795200663888,0.02164736474082009,-2.809778259382778e-05,0.0002143338783425743,1658.0,1552.0,1652.0,779.0,958.0,886.0,1.315031246544551,0
MEASURE_ET_Load_Pull_GL_set,currently_inconclusive,does not cleanly satisfy any strong/nonlinear/interaction/cluster/weak criterion -- insufficient evidence either way,0.11946480198525772,0.09524169339427527,0.004534068404636419,0.0046224882060338195,645.0,883.0,96.0,152.0,521.0,69.0,0.42835320893129497,0
MEASURE_ET_Load_Pull_Gss,currently_inconclusive,does not cleanly satisfy any strong/nonlinear/interaction/cluster/weak criterion -- insufficient evidence either way,0.07862312413187873,0.10003816876797267,0.0015091675580252485,0.003953573280783366,999.0,832.0,217.0,177.0,538.0,411.0,0.403944131578348,0
MEASURE_ET_Load_Pull_ID_comp_Last_mA,currently_inconclusive,does not cleanly satisfy any strong/nonlinear/interaction/cluster/weak criterion -- insufficient evidence either way,0.04920379753835847,0.056452757277863044,0.0007612056338863804,0.0011192427759641516,1317.0,1256.0,322.0,422.0,703.0,411.0,1.6463842936774657,0
MEASURE_ET_Load_Pull_Id_ini,currently_inconclusive,does not cleanly satisfy any strong/nonlinear/interaction/cluster/weak criterion -- insufficient evidence either way,0.11713488972613197,0.12805831429997785,0.0009454426794047622,0.002911093266749622,662.0,592.0,293.0,239.0,576.0,191.0,1.3437663084803397,0
MEASURE_ET_Load_Pull_Id_ord,currently_inconclusive,does not cleanly satisfy any strong/nonlinear/interaction/cluster/weak criterion -- insufficient evidence either way,0.09457546956720508,0.06266152941289335,3.817573307818289e-06,5.6808675324589695e-05,847.0,1201.0,1106.0,1208.0,1238.0,886.0,1.037941428685383,0
MEASURE_ET_Load_Pull_Id_SS,interaction_dependent_predictor,weak individual importance but frequently co-occurs with important features in the same trees,0.10369460860989035,0.1508564064412986,5.686166074505006e-05,0.0002453981898247736,774.0,450.0,692.0,747.0,932.0,133.0,0.5690590255059829,0
MEASURE_ET_Load_Pull_IG_comp_Last_uA,currently_inconclusive,does not cleanly satisfy any strong/nonlinear/interaction/cluster/weak criterion -- insufficient evidence either way,0.1336048037123632,0.12732027534728133,-3.495147479953831e-06,2.1238141956962436e-05,562.0,602.0,1506.0,1388.0,1329.0,609.0,0.6903293352263415,0
MEASURE_ET_Load_Pull_P.A.E_Last,currently_inconclusive,does not cleanly satisfy any strong/nonlinear/interaction/cluster/weak criterion -- insufficient evidence either way,0.22869294560176268,0.18502065402846818,-5.9342521776889475e-06,5.594839488359154e-05,202.0,307.0,1540.0,1211.0,478.0,411.0,1.9377534508025211,0
MEASURE_ET_Load_Pull_PhL_meas,currently_inconclusive,does not cleanly satisfy any strong/nonlinear/interaction/cluster/weak criterion -- insufficient evidence either way,0.1979041936452085,0.2017619820575362,7.224183224185943e-07,7.603303215312215e-05,291.0,236.0,1197.0,1114.0,1177.0,1223.0,1.2207104516914613,0
MEASURE_ET_Load_Pull_PhL_set,currently_inconclusive,does not cleanly satisfy any strong/nonlinear/interaction/cluster/weak criterion -- insufficient evidence either way,0.15578215759814296,0.08188854418869751,0.0016131010143117046,0.0016294343692234536,435.0,1012.0,206.0,354.0,656.0,296.0,1.329611007769296,0
MEASURE_ET_Load_Pull_Pin_Cut,currently_inconclusive,does not cleanly satisfy any strong/nonlinear/interaction/cluster/weak criterion -- insufficient evidence either way,0.1149112792115734,0.12428522627261211,1.9680449422965207e-05,0.00011639274967567697,684.0,629.0,888.0,976.0,1092.0,886.0,1.728523000589242,0
MEASURE_ET_Load_Pull_Pin_Last,currently_inconclusive,does not cleanly satisfy any strong/nonlinear/interaction/cluster/weak criterion -- insufficient evidence either way,0.04022575241321783,0.023917929022572712,0.001618426816342372,0.00380912088602496,1386.0,1529.0,205.0,183.0,541.0,133.0,1.1068864772985954,0
MEASURE_ET_Load_Pull_Pout_Last,currently_inconclusive,does not cleanly satisfy any strong/nonlinear/interaction/cluster/weak criterion -- insufficient evidence either way,0.06328741066887589,0.1374214751415949,1.6635626022348803e-05,0.0001299948247218725,1179.0,542.0,914.0,933.0,1058.0,609.0,1.0585761405475818,0
MEASURE_ET_Load_Pull_Pout_W_last,interaction_dependent_predictor,weak individual importance but frequently co-occurs with important features in the same trees,0.058909826383216776,0.07357899451080653,2.792583510403679e-05,0.00048244086110695803,1212.0,1083.0,825.0,580.0,824.0,133.0,1.299921699620231,0
MEASURE_ET_Load_Pull_Pout_W_mm_last,interaction_dependent_predictor,weak individual importance but frequently co-occurs with important features in the same trees,0.11672376350752144,0.17707201228769828,0.00015688289711774384,0.00047091075015721814,666.0,332.0,542.0,587.0,822.0,191.0,0.8426185856637036,0
MEASURE_ET_Load_Pull_Vg,currently_inconclusive,does not cleanly satisfy any strong/nonlinear/interaction/cluster/weak criterion -- insufficient evidence either way,0.07447795192201713,0.015398146026629667,8.453400570829218e-06,3.092876462070387e-05,1053.0,1603.0,1020.0,1329.0,1300.0,886.0,1.7978510575948519,0
MEASURE_ET_LT_SEC_ChipStatus,currently_inconclusive,does not cleanly satisfy any strong/nonlinear/interaction/cluster/weak criterion -- insufficient evidence either way,0.02893303841540359,0.035969898442532205,3.1096342399764e-05,0.00013990944941138155,1479.0,1427.0,812.0,903.0,1040.0,296.0,0.8119851861906255,0
MEASURE_ET_LT_SEC_Id_min_mA_mm,currently_inconclusive,does not cleanly satisfy any strong/nonlinear/interaction/cluster/weak criterion -- insufficient evidence either way,0.0767583982056442,0.12709715246004638,0.00038834672200875885,0.0020042846190389397,1019.0,605.0,404.0,317.0,633.0,296.0,0.8812313247103,0
MEASURE_ET_LT_SEC_Id_min_mA_mm_Vd3,currently_inconclusive,does not cleanly satisfy any strong/nonlinear/interaction/cluster/weak criterion -- insufficient evidence either way,0.0400520054128596,0.11396868177936362,7.906574823759172e-05,0.0003276085394737551,1387.0,714.0,643.0,673.0,884.0,296.0,0.9122462627527251,0
MEASURE_ET_LT_SEC_Id_min_mA_mm_Vd7,currently_inconclusive,does not cleanly satisfy any strong/nonlinear/interaction/cluster/weak criterion -- insufficient evidence either way,0.1877636775606412,0.1959885662333558,7.5905282090060755e-06,7.090439545409991e-05,319.0,254.0,1030.0,1146.0,1198.0,1223.0,0.9932428504896041,0
MEASURE_ET_LT_SEC_Id_min_mA_mm_Vd8,currently_inconclusive,does not cleanly satisfy any strong/nonlinear/interaction/cluster/weak criterion -- insufficient evidence either way,0.11284495798120052,0.062086610180545884,0.0020855754422374863,0.005352690530391959,696.0,1206.0,178.0,131.0,510.0,133.0,0.8631339126038658,0
MEASURE_ET_LT_SEC_Ig_Id_min_mA_mm,currently_inconclusive,does not cleanly satisfy any strong/nonlinear/interaction/cluster/weak criterion -- insufficient evidence either way,0.09073685860468671,0.04856767444720193,5.897508399349549e-06,7.599723993418367e-05,888.0,1326.0,1063.0,1115.0,1178.0,609.0,1.5134504327159772,0
MEASURE_ET_LT_SEC_Ig_Id_min_mA_mm_Vd3,currently_inconclusive,does not cleanly satisfy any strong/nonlinear/interaction/cluster/weak criterion -- insufficient evidence either way,0.07589068240500475,0.08597120411040421,9.348258073824112e-06,1.7945685884984705e-05,1032.0,961.0,1006.0,1407.0,1338.0,1223.0,1.4015346499278984,0
MEASURE_ET_LT_SEC_Ig_Id_min_mA_mm_Vd7,interaction_dependent_predictor,weak individual importance but frequently co-occurs with important features in the same trees,0.35536875424780334,0.3700259739142877,0.0009197381747469869,0.0018857456200499375,80.0,3.0,296.0,328.0,640.0,4.0,0.4674202808090595,0
MEASURE_ET_LT_SEC_Ig_Id_min_mA_mm_Vd8,interaction_dependent_predictor,weak individual importance but frequently co-occurs with important features in the same trees,0.18599815665654543,0.1748198934239143,-4.2354725475007845e-06,8.548197610735929e-05,325.0,340.0,1515.0,1085.0,1158.0,133.0,0.4430482779529996,0
MEASURE_ET_LT_SEC_Ileak_m10p5V_mA_mm,nonlinear_predictor,high SHAP/permutation importance despite weak linear/monotonic correlation -- signal is not capturable by Pearson/Spearman alone (e.g. process-window/threshold shape),0.4664502467906272,0.28427522588370135,0.03480027897191111,0.023353926517122578,53.0,89.0,20.0,29.0,1.0,1223.0,1.327579977442528,2
MEASURE_ET_LT_SEC_Ileak_m10V_mA_mm,cluster_family_supported_predictor,weak individual importance but belongs to a correlation cluster with high aggregate importance,0.46691465360720213,0.29739725177979265,0.0,0.0,52.0,63.0,1210.0,1471.0,1.0,1223.0,2.23606797749979,0
MEASURE_ET_LT_SEC_Ileak_m12p5V_mA_mm,currently_inconclusive,does not cleanly satisfy any strong/nonlinear/interaction/cluster/weak criterion -- insufficient evidence either way,0.4811117507800861,0.3031911131275046,0.000987887548134289,0.003758175502692019,41.0,55.0,286.0,187.0,1.0,411.0,0.661357159416635,0
MEASURE_ET_LT_SEC_Ileak_m16p5V_mA_mm,cluster_family_supported_predictor,weak individual importance but belongs to a correlation cluster with high aggregate importance,0.4787115897609812,0.29035688019851413,0.0,0.0,43.0,73.0,1210.0,1471.0,1.0,1223.0,1.5747636284322994,0
MEASURE_ET_LT_SEC_Ileak_m5p5V_mA_mm,strong_individual_predictor,"top-ranked on correlation AND SHAP/permutation importance, stable across folds",0.5163100609245586,0.30554212609967457,0.025442393076525915,0.025545368378247696,18.0,48.0,25.0,26.0,1.0,1223.0,0.28107712372739463,3
MEASURE_ET_LT_SEC_Ileak_m5V_mA_mm,cluster_family_supported_predictor,weak individual importance but belongs to a correlation cluster with high aggregate importance,0.4148447866991201,0.2835562990508277,-5.105393066623387e-06,3.4140641476220424e-05,73.0,91.0,1530.0,1314.0,1.0,886.0,1.6547567542493569,0
MEASURE_ET_LT_SEC_Ileak_m7V_mA_mm,cluster_family_supported_predictor,weak individual importance but belongs to a correlation cluster with high aggregate importance,0.4967001006969421,0.2650295434559771,4.1209582525617015e-05,0.00012665001275328797,28.0,115.0,756.0,945.0,1.0,609.0,1.6573167703172684,0
MEASURE_ET_LT_SEC_Ileak_m9p5V_mA_mm,cluster_family_supported_predictor,weak individual importance but belongs to a correlation cluster with high aggregate importance,0.47432489972449304,0.36236268056715304,2.6296490993971135e-05,0.00011345086360421062,48.0,4.0,839.0,989.0,1.0,886.0,1.2028431019536985,0
MEASURE_ET_LT_SEC_Ileak_m9V_mA_mm,cluster_family_supported_predictor,weak individual importance but belongs to a correlation cluster with high aggregate importance,0.426893796365699,0.2681761539742638,0.00016761642574465995,0.000774956262131765,71.0,111.0,530.0,502.0,1.0,886.0,1.6616404478503968,0
MEASURE_ET_LT_SEC_Vbgd1,currently_inconclusive,does not cleanly satisfy any strong/nonlinear/interaction/cluster/weak criterion -- insufficient evidence either way,0.3494853570631112,0.31217158710476045,6.6972460935454945e-06,3.856867257089372e-05,82.0,34.0,1052.0,1298.0,1286.0,1223.0,1.2554863848370859,0
MEASURE_ET_LT_SEC_Vbgd1_Vd3,currently_inconclusive,does not cleanly satisfy any strong/nonlinear/interaction/cluster/weak criterion -- insufficient evidence either way,0.3364010137041739,0.31893616635231525,0.0010368660305594911,0.0026734181444992467,86.0,28.0,273.0,256.0,591.0,886.0,1.1288804430390669,0
MEASURE_ET_LT_SEC_Vbgd1_Vd7,currently_inconclusive,does not cleanly satisfy any strong/nonlinear/interaction/cluster/weak criterion -- insufficient evidence either way,0.24281110214480156,0.18687586305499956,0.0038736586604341816,0.005223083567466624,178.0,299.0,109.0,133.0,512.0,133.0,1.0836370787685965,0
MEASURE_ET_LT_SEC_Vbgd1_Vd8,interaction_dependent_predictor,weak individual importance but frequently co-occurs with important features in the same trees,0.12260257392674503,0.05585317007690694,0.0003278084224463934,0.0008672373425597918,627.0,1264.0,427.0,478.0,744.0,133.0,1.0541276989229649,0
MEASURE_ET_LT_SEC_Vd_Id_min,currently_inconclusive,does not cleanly satisfy any strong/nonlinear/interaction/cluster/weak criterion -- insufficient evidence either way,0.13414849779945687,0.11654437327642858,0.00021033464992555596,0.0004872610909756125,557.0,692.0,491.0,577.0,819.0,609.0,0.8035913633242204,0
MEASURE_ET_LT_SEC_Vd_Id_min_Vd3,currently_inconclusive,does not cleanly satisfy any strong/nonlinear/interaction/cluster/weak criterion -- insufficient evidence either way,0.06490732734667858,0.05033843457219017,0.0016904977406105276,0.0027061712092834827,1164.0,1305.0,201.0,253.0,588.0,191.0,0.8308861492397561,0
MEASURE_ET_LT_SEC_Vd_Id_min_Vd7,currently_inconclusive,does not cleanly satisfy any strong/nonlinear/interaction/cluster/weak criterion -- insufficient evidence either way,0.1785797512205958,0.1962903599393967,0.0007917472294302702,0.0015823581717176423,343.0,251.0,317.0,360.0,660.0,609.0,0.7795990173640563,0
MEASURE_ET_LT_SEC_Vd_Id_min_Vd8,currently_inconclusive,does not cleanly satisfy any strong/nonlinear/interaction/cluster/weak criterion -- insufficient evidence either way,0.017232058555367094,0.024894647239104253,0.00021292182932147464,0.0012570526235438225,1560.0,1524.0,488.0,398.0,687.0,411.0,1.0288295479987537,0
MEASURE_ET_LT_SEC_Vg_Id_min,currently_inconclusive,does not cleanly satisfy any strong/nonlinear/interaction/cluster/weak criterion -- insufficient evidence either way,0.11477277561614187,0.053602606850782955,0.00033177859303248626,0.0012237464595390524,686.0,1279.0,425.0,407.0,692.0,886.0,0.7504477366645983,0
MEASURE_ET_LT_SEC_Vg_Id_min_Vd3,currently_inconclusive,does not cleanly satisfy any strong/nonlinear/interaction/cluster/weak criterion -- insufficient evidence either way,0.14689103478568866,0.1270647063031377,1.4758298646444513e-06,4.087803705075863e-05,483.0,606.0,1173.0,1286.0,1278.0,609.0,0.5617117295797383,0
MEASURE_ET_LT_SEC_Vg_Id_min_Vd7,currently_inconclusive,does not cleanly satisfy any strong/nonlinear/interaction/cluster/weak criterion -- insufficient evidence either way,0.10639731473730794,0.05152338600121091,4.43373486399834e-06,0.00022348033549131105,752.0,1299.0,1092.0,766.0,949.0,411.0,0.9430087159267404,0
MEASURE_ET_LT_SEC_Vg_Id_min_Vd8,currently_inconclusive,does not cleanly satisfy any strong/nonlinear/interaction/cluster/weak criterion -- insufficient evidence either way,0.09767772901314523,0.10189871140933834,8.609116268001871e-05,0.00039046531228202576,817.0,813.0,630.0,634.0,861.0,296.0,1.1102232864256039,0
MEASURE_ET_RF_Modeling_Cds,currently_inconclusive,does not cleanly satisfy any strong/nonlinear/interaction/cluster/weak criterion -- insufficient evidence either way,0.0005221423561757852,0.05095757836087206,0.0016445446689410058,0.003061882365324894,1710.0,1301.0,204.0,222.0,566.0,96.0,0.8195449449872609,0
MEASURE_ET_RF_Modeling_Cds_err,currently_inconclusive,does not cleanly satisfy any strong/nonlinear/interaction/cluster/weak criterion -- insufficient evidence either way,0.07018055170375427,0.04508549066225706,1.0691593174921853e-05,3.8232965056263414e-05,1104.0,1361.0,984.0,1299.0,1287.0,609.0,1.0475165780095839,0
MEASURE_ET_RF_Modeling_Cgd,currently_inconclusive,does not cleanly satisfy any strong/nonlinear/interaction/cluster/weak criterion -- insufficient evidence either way,0.08712489310816074,0.049452387807841766,-4.2725775735413805e-06,3.80371793973301e-05,920.0,1317.0,1516.0,1301.0,1289.0,411.0,1.0782899036912332,0
MEASURE_ET_RF_Modeling_Cgd_err,currently_inconclusive,does not cleanly satisfy any strong/nonlinear/interaction/cluster/weak criterion -- insufficient evidence either way,0.34003565252375606,0.34174359231959606,0.001321909738977095,0.0028879727936423237,83.0,9.0,242.0,242.0,579.0,69.0,1.1933274927220432,0
MEASURE_ET_RF_Modeling_Cgs,interaction_dependent_predictor,weak individual importance but frequently co-occurs with important features in the same trees,0.12798870529540476,0.11379600599910308,4.04596985322303e-05,9.890614205049079e-05,591.0,715.0,761.0,1035.0,1132.0,191.0,0.44373555354195865,0
MEASURE_ET_RF_Modeling_Cgs_err,currently_inconclusive,does not cleanly satisfy any strong/nonlinear/interaction/cluster/weak criterion -- insufficient evidence either way,0.056675107338308765,0.04168486673748672,1.7750980172259734e-05,0.00011194168722110209,1243.0,1383.0,904.0,993.0,1104.0,609.0,0.8947973289620855,0
MEASURE_ET_RF_Modeling_Delta_MAG_19G,interaction_dependent_predictor,weak individual importance but frequently co-occurs with important features in the same trees,0.09617044423985517,0.0843184502136249,5.734731982153518e-05,0.00011317810856535224,827.0,977.0,691.0,990.0,1101.0,96.0,0.6288531307781993,0
MEASURE_ET_RF_Modeling_Delta_MAG_25G,currently_inconclusive,does not cleanly satisfy any strong/nonlinear/interaction/cluster/weak criterion -- insufficient evidence either way,0.008092812345804586,0.010679452535932466,2.2276744678226267e-05,9.355474135492763e-05,1642.0,1647.0,865.0,1056.0,1144.0,886.0,1.539021733323173,0
MEASURE_ET_RF_Modeling_Delta_S21_19G,currently_inconclusive,does not cleanly satisfy any strong/nonlinear/interaction/cluster/weak criterion -- insufficient evidence either way,0.2043386710088841,0.19105097230050078,2.3389225121131507e-05,0.0003969079612547171,268.0,280.0,855.0,625.0,855.0,609.0,0.4446112004803195,0
MEASURE_ET_RF_Modeling_Delta_S21_25G,currently_inconclusive,does not cleanly satisfy any strong/nonlinear/interaction/cluster/weak criterion -- insufficient evidence either way,0.1072236060692669,0.1365018710505807,4.3312079792495736e-06,4.640331849130829e-05,748.0,552.0,1095.0,1250.0,1261.0,886.0,0.6969414619335869,0
MEASURE_ET_RF_Modeling_Fmax,currently_inconclusive,does not cleanly satisfy any strong/nonlinear/interaction/cluster/weak criterion -- insufficient evidence either way,0.01283762759390875,0.004400232238299092,0.00037052420255853646,0.0008594401589882161,1595.0,1679.0,412.0,481.0,746.0,886.0,0.6925591699276339,0
MEASURE_ET_RF_Modeling_Fmax_ext,currently_inconclusive,does not cleanly satisfy any strong/nonlinear/interaction/cluster/weak criterion -- insufficient evidence either way,0.04762877554238037,0.03617435367784711,1.1402117409936574e-05,6.862893753007887e-05,1328.0,1426.0,977.0,1155.0,1203.0,411.0,1.813706544488839,0
MEASURE_ET_RF_Modeling_Fmax_int,currently_inconclusive,does not cleanly satisfy any strong/nonlinear/interaction/cluster/weak criterion -- insufficient evidence either way,0.14642617804047015,0.15121931448398257,1.5559274653811905e-05,9.764383812779763e-05,486.0,447.0,928.0,1040.0,1136.0,296.0,0.8850090671798085,0
MEASURE_ET_RF_Modeling_Ft,currently_inconclusive,does not cleanly satisfy any strong/nonlinear/interaction/cluster/weak criterion -- insufficient evidence either way,0.08724650003258919,0.1351898018013424,0.005023350625428244,0.010542384995540588,918.0,556.0,88.0,64.0,459.0,1223.0,0.31872926182346206,0
MEASURE_ET_RF_Modeling_Ft_ext,currently_inconclusive,does not cleanly satisfy any strong/nonlinear/interaction/cluster/weak criterion -- insufficient evidence either way,0.16153486826924723,0.12930371336378735,-7.966997305375311e-07,1.376235335376112e-05,410.0,586.0,1469.0,1428.0,1348.0,886.0,0.8260643128246065,0
MEASURE_ET_RF_Modeling_Ft_int,interaction_dependent_predictor,weak individual importance but frequently co-occurs with important features in the same trees,0.16725970846736754,0.1521715869658569,1.9318041574534207e-05,0.00016060601154493587,386.0,440.0,895.0,871.0,1017.0,69.0,1.1437382616880385,0
MEASURE_ET_RF_Modeling_Gds,currently_inconclusive,does not cleanly satisfy any strong/nonlinear/interaction/cluster/weak criterion -- insufficient evidence either way,0.06023196403591071,0.06812870685200426,3.8266842008544136e-05,0.00019142123648431628,1197.0,1136.0,774.0,813.0,979.0,609.0,1.1603802536330112,0
MEASURE_ET_RF_Modeling_Gds_err,currently_inconclusive,does not cleanly satisfy any strong/nonlinear/interaction/cluster/weak criterion -- insufficient evidence either way,0.09432229402878436,0.08343751483015938,-6.8850085855637346e-06,2.0235459021994356e-05,851.0,992.0,1556.0,1395.0,1332.0,886.0,1.0718678749601795,0
MEASURE_ET_RF_Modeling_Gm,cluster_family_supported_predictor,weak individual importance but belongs to a correlation cluster with high aggregate importance,0.05791476672710082,0.0710750845800532,0.0,0.0,1228.0,1107.0,1210.0,1471.0,221.0,1223.0,0.6434231247434845,0
MEASURE_ET_RF_Modeling_Gm_0_W,cluster_family_supported_predictor,weak individual importance but belongs to a correlation cluster with high aggregate importance,0.06874612281155543,0.07155888789231468,0.0,0.0,1120.0,1100.0,1210.0,1471.0,221.0,1223.0,1.7138639435215548,0
MEASURE_ET_RF_Modeling_Gm_err,cluster_family_supported_predictor,weak individual importance but belongs to a correlation cluster with high aggregate importance,0.13179918453855802,0.15359210638339266,0.0,0.0,572.0,432.0,1210.0,1471.0,221.0,1223.0,1.6831314381712843,0
MEASURE_ET_RF_Modeling_Gm_m0p2_W,cluster_family_supported_predictor,weak individual importance but belongs to a correlation cluster with high aggregate importance,0.16762654318905942,0.17208463794972315,0.0,0.0,384.0,349.0,1210.0,1471.0,221.0,1223.0,1.738103242907123,0
MEASURE_ET_RF_Modeling_Gm_max_W,cluster_family_supported_predictor,weak individual importance but belongs to a correlation cluster with high aggregate importance,0.150505280980448,0.111983910359149,0.0,0.0,470.0,732.0,1210.0,1471.0,221.0,1223.0,inf,0
MEASURE_ET_RF_Modeling_Id_gm_max_W,cluster_family_supported_predictor,weak individual importance but belongs to a correlation cluster with high aggregate importance,0.07091929265142394,0.07099063567851009,0.0,0.0,1095.0,1108.0,1210.0,1471.0,221.0,1223.0,2.23606797749979,0
MEASURE_ET_RF_Modeling_Id_search,cluster_family_supported_predictor,weak individual importance but belongs to a correlation cluster with high aggregate importance,0.092539113997001,0.05438731493327962,0.0,0.0,869.0,1275.0,1210.0,1471.0,155.0,1223.0,2.0518687803793636,0
MEASURE_ET_RF_Modeling_ids_m0p2_W,currently_inconclusive,does not cleanly satisfy any strong/nonlinear/interaction/cluster/weak criterion -- insufficient evidence either way,0.055588286003083354,0.06306332839707743,1.6645747734220228e-05,8.584848931631339e-05,1257.0,1198.0,913.0,1083.0,1157.0,886.0,1.9211340820133445,0
MEASURE_ET_RF_Modeling_Idss_W,cluster_family_supported_predictor,weak individual importance but belongs to a correlation cluster with high aggregate importance,0.07498399042158575,0.058041063328727875,-5.04441427492952e-07,1.2147019381843714e-05,1048.0,1240.0,1463.0,1436.0,221.0,1223.0,1.6409559899772432,0
MEASURE_ET_RF_Modeling_K,currently_inconclusive,does not cleanly satisfy any strong/nonlinear/interaction/cluster/weak criterion -- insufficient evidence either way,0.07467831887102314,0.06263263899920754,0.001133337155658992,0.002037670722900458,1051.0,1202.0,260.0,313.0,631.0,296.0,1.2245122792816172,0
MEASURE_ET_RF_Modeling_L_Gd,currently_inconclusive,does not cleanly satisfy any strong/nonlinear/interaction/cluster/weak criterion -- insufficient evidence either way,0.0891192409713838,0.033750225735656884,2.173908692042481e-05,7.867228106882806e-05,904.0,1452.0,869.0,1101.0,1168.0,296.0,0.8254883006169268,0
MEASURE_ET_RF_Modeling_L_Gg,currently_inconclusive,does not cleanly satisfy any strong/nonlinear/interaction/cluster/weak criterion -- insufficient evidence either way,0.13976970217431905,0.10010950586638147,-2.841492938743251e-06,1.2017057897053888e-05,515.0,830.0,1501.0,1437.0,1351.0,1223.0,1.2850881747527692,0
MEASURE_ET_RF_Modeling_L_Gs,currently_inconclusive,does not cleanly satisfy any strong/nonlinear/interaction/cluster/weak criterion -- insufficient evidence either way,0.14357818259957747,0.11927451736973689,-1.644169207717927e-06,0.0001358088681975142,497.0,671.0,1485.0,917.0,1050.0,609.0,0.6629789962315487,0
MEASURE_ET_RF_Modeling_Ld,currently_inconclusive,does not cleanly satisfy any strong/nonlinear/interaction/cluster/weak criterion -- insufficient evidence either way,0.1726555722150621,0.14895986189980143,2.358907157296031e-06,1.981071631643511e-05,368.0,471.0,1148.0,1398.0,1334.0,1223.0,1.6132710098577536,0
MEASURE_ET_RF_Modeling_Lg,interaction_dependent_predictor,weak individual importance but frequently co-occurs with important features in the same trees,0.07851938636447944,0.09112547614590273,0.0007473928125791285,0.0022158439954132266,1001.0,912.0,324.0,294.0,617.0,133.0,0.9959576616687195,0
MEASURE_ET_RF_Modeling_Ls,currently_inconclusive,does not cleanly satisfy any strong/nonlinear/interaction/cluster/weak criterion -- insufficient evidence either way,0.32767063984397055,0.30650884378839177,0.0013600046148609269,0.003819295481224713,91.0,45.0,235.0,182.0,540.0,133.0,0.9962773146182704,0
MEASURE_ET_RF_Modeling_MAG_18,currently_inconclusive,does not cleanly satisfy any strong/nonlinear/interaction/cluster/weak criterion -- insufficient evidence either way,0.026015512998109284,0.0037666432427743077,4.387719853894689e-05,0.00012729230730664103,1495.0,1684.0,744.0,942.0,1065.0,1223.0,1.448905402873018,0
MEASURE_ET_RF_Modeling_MAG_19G_After,currently_inconclusive,does not cleanly satisfy any strong/nonlinear/interaction/cluster/weak criterion -- insufficient evidence either way,0.15215069589065852,0.1849530949072337,7.002874900025047e-06,7.47401639536176e-05,452.0,308.0,1044.0,1128.0,1188.0,1223.0,1.1747599126815127,0
MEASURE_ET_RF_Modeling_MAG_19G_Before,currently_inconclusive,does not cleanly satisfy any strong/nonlinear/interaction/cluster/weak criterion -- insufficient evidence either way,0.10977280520982036,0.14004650257587717,0.003246843648577044,0.007778983589634012,723.0,526.0,133.0,87.0,476.0,1223.0,1.2486011605944065,0
MEASURE_ET_RF_Modeling_MAG_25G_After,currently_inconclusive,does not cleanly satisfy any strong/nonlinear/interaction/cluster/weak criterion -- insufficient evidence either way,0.059349010705386424,0.09547903925440168,9.135188095022728e-05,0.00012047817069946091,1206.0,881.0,615.0,963.0,1081.0,886.0,1.518558295135301,0
MEASURE_ET_RF_Modeling_MAG_25G_Before,currently_inconclusive,does not cleanly satisfy any strong/nonlinear/interaction/cluster/weak criterion -- insufficient evidence either way,0.086234131049143,0.07863770594719048,0.00014216984792434772,0.0002756196108663897,929.0,1041.0,557.0,714.0,909.0,296.0,0.8706166326396179,0
MEASURE_ET_RF_Modeling_Mag_d,currently_inconclusive,does not cleanly satisfy any strong/nonlinear/interaction/cluster/weak criterion -- insufficient evidence either way,0.020183926510426355,0.05590961750056996,0.0006526086905068562,0.002386729785795045,1542.0,1263.0,337.0,281.0,609.0,296.0,0.6716764694365494,0
MEASURE_ET_RF_Modeling_Mag_i,currently_inconclusive,does not cleanly satisfy any strong/nonlinear/interaction/cluster/weak criterion -- insufficient evidence either way,0.07392304045547075,0.1379432804595508,0.002204832286254754,0.007054494002558481,1057.0,537.0,174.0,96.0,483.0,1223.0,0.45213704280569217,0
MEASURE_ET_RF_Modeling_Mag_m,currently_inconclusive,does not cleanly satisfy any strong/nonlinear/interaction/cluster/weak criterion -- insufficient evidence either way,0.09112665908199845,0.1312331485300961,0.0005339970790137122,0.002635465103208123,879.0,576.0,359.0,260.0,595.0,609.0,1.9129179784283485,1
MEASURE_ET_RF_Modeling_R_Gd,currently_inconclusive,does not cleanly satisfy any strong/nonlinear/interaction/cluster/weak criterion -- insufficient evidence either way,0.13766023791433488,0.06275864564966793,5.698750380336848e-06,3.1273335578594566e-05,530.0,1199.0,1068.0,1327.0,1299.0,886.0,0.983929525700401,0
MEASURE_ET_RF_Modeling_R_Gg,interaction_dependent_predictor,weak individual importance but frequently co-occurs with important features in the same trees,0.10892076665740238,0.06400093343815742,3.6467828829975235e-05,0.00045519226578665146,733.0,1192.0,782.0,594.0,834.0,55.0,0.969659143712856,0
MEASURE_ET_RF_Modeling_R_Gs,interaction_dependent_predictor,weak individual importance but frequently co-occurs with important features in the same trees,0.20227522227208147,0.22388892766554064,0.00040747126394712616,0.001111378152206417,278.0,184.0,394.0,424.0,705.0,133.0,0.7157393478433096,0
MEASURE_ET_RF_Modeling_Rd,currently_inconclusive,does not cleanly satisfy any strong/nonlinear/interaction/cluster/weak criterion -- insufficient evidence either way,0.2058358191597827,0.24363263637841776,0.00010476455488303004,0.0002560813108608253,263.0,150.0,601.0,738.0,925.0,411.0,0.5765209850794982,0
MEASURE_ET_RF_Modeling_Rg,currently_inconclusive,does not cleanly satisfy any strong/nonlinear/interaction/cluster/weak criterion -- insufficient evidence either way,0.005693802349199898,0.02381725704257526,0.00011330101388021819,0.00010878851484959163,1669.0,1531.0,588.0,1004.0,1110.0,296.0,0.6280795124805589,0
MEASURE_ET_RF_Modeling_Rgd,currently_inconclusive,does not cleanly satisfy any strong/nonlinear/interaction/cluster/weak criterion -- insufficient evidence either way,0.06269643642114169,0.08217411481628409,0.0,0.0,1183.0,1007.0,1210.0,1471.0,1367.0,1223.0,1.9647405578573465,0
MEASURE_ET_RF_Modeling_Rgd_err,interaction_dependent_predictor,weak individual importance but frequently co-occurs with important features in the same trees,0.29367005590611706,0.2855244029246851,0.00013319703756817513,0.00016980194463869208,119.0,83.0,565.0,846.0,1001.0,133.0,1.187938380456765,0
MEASURE_ET_RF_Modeling_Rgs,interaction_dependent_predictor,weak individual importance but frequently co-occurs with important features in the same trees,0.2182604966899822,0.1795052518218971,0.00010727349142014564,0.00020701225633047805,223.0,319.0,596.0,793.0,965.0,133.0,0.8744211923832695,0
MEASURE_ET_RF_Modeling_Rgs_err,currently_inconclusive,does not cleanly satisfy any strong/nonlinear/interaction/cluster/weak criterion -- insufficient evidence either way,0.22347615083661976,0.14240418256659004,4.707927382396892e-06,5.193013161428727e-05,212.0,515.0,1084.0,1224.0,1247.0,886.0,0.9851833077504648,0
MEASURE_ET_RF_Modeling_Rs,currently_inconclusive,does not cleanly satisfy any strong/nonlinear/interaction/cluster/weak criterion -- insufficient evidence either way,0.076189378264244,0.004559796215425291,4.650799823398555e-05,0.00020501022943974058,1028.0,1678.0,731.0,794.0,966.0,609.0,1.2976920507645882,0
MEASURE_ET_RF_Modeling_S11ang_10GHz,currently_inconclusive,does not cleanly satisfy any strong/nonlinear/interaction/cluster/weak criterion -- insufficient evidence either way,0.02581642366924246,0.01207108153978241,0.000977113590335879,0.0012292074978924967,1497.0,1638.0,288.0,405.0,690.0,411.0,1.2740348925780003,0
MEASURE_ET_RF_Modeling_S11dB_10GHz,currently_inconclusive,does not cleanly satisfy any strong/nonlinear/interaction/cluster/weak criterion -- insufficient evidence either way,0.04870067604573297,0.08330061871607894,0.00034689458060643277,0.0007172937401280489,1321.0,997.0,419.0,513.0,767.0,609.0,0.5849745512980877,0
MEASURE_ET_RF_Modeling_S12ang_10GHz,nonlinear_predictor,high SHAP/permutation importance despite weak linear/monotonic correlation -- signal is not capturable by Pearson/Spearman alone (e.g. process-window/threshold shape),0.10589034620861706,0.006211438942447454,0.011842821100096924,0.01071076313133162,756.0,1668.0,43.0,62.0,457.0,1223.0,1.1180460880869134,0
MEASURE_ET_RF_Modeling_S12dB_10GHz,currently_inconclusive,does not cleanly satisfy any strong/nonlinear/interaction/cluster/weak criterion -- insufficient evidence either way,0.08934074118082645,0.16585275348374418,1.0414640132735965e-05,2.784384247702909e-05,902.0,368.0,988.0,1341.0,1309.0,1223.0,1.1673096641085268,0
MEASURE_ET_RF_Modeling_S21_19G_After,currently_inconclusive,does not cleanly satisfy any strong/nonlinear/interaction/cluster/weak criterion -- insufficient evidence either way,0.11073368013994542,0.19501051461311567,0.00225482263031995,0.006064939795290123,713.0,258.0,172.0,116.0,500.0,1223.0,0.7708271536514915,0
MEASURE_ET_RF_Modeling_S21_19G_Before,currently_inconclusive,does not cleanly satisfy any strong/nonlinear/interaction/cluster/weak criterion -- insufficient evidence either way,0.04878421117219163,0.10231828910963676,-5.083897429647433e-06,4.20199626607981e-05,1320.0,808.0,1529.0,1277.0,1274.0,1223.0,1.0070116588719678,0
MEASURE_ET_RF_Modeling_S21_25G_After,currently_inconclusive,does not cleanly satisfy any strong/nonlinear/interaction/cluster/weak criterion -- insufficient evidence either way,0.01808855638178352,0.05566404898424064,0.0002144694659076102,0.00036836503052066775,1555.0,1266.0,485.0,642.0,868.0,411.0,1.4860030118277339,0
MEASURE_ET_RF_Modeling_S21_25G_Before,nonlinear_predictor,high SHAP/permutation importance despite weak linear/monotonic correlation -- signal is not capturable by Pearson/Spearman alone (e.g. process-window/threshold shape),0.13691421377273388,0.22037229761812424,0.016758420178320053,0.021282015032578507,537.0,187.0,34.0,32.0,437.0,1223.0,0.16931141531537952,1
MEASURE_ET_RF_Modeling_S21ang_10GHz,weak_unstable_predictor,"weak on every signal (correlation, SHAP, permutation, cluster, co-occurrence) and never stable across folds",0.06681777183396917,0.06370958472783367,0.0,0.0,1145.0,1193.0,1210.0,1471.0,1367.0,1223.0,1.3058867234031242,0
MEASURE_ET_RF_Modeling_S21dB_10GHz,currently_inconclusive,does not cleanly satisfy any strong/nonlinear/interaction/cluster/weak criterion -- insufficient evidence either way,0.06652937320822895,0.08206877592330664,-1.667938549070047e-05,0.00011748389806452884,1147.0,1009.0,1628.0,973.0,1090.0,609.0,1.2621477883631314,0
MEASURE_ET_RF_Modeling_S22ang_10GHz,currently_inconclusive,does not cleanly satisfy any strong/nonlinear/interaction/cluster/weak criterion -- insufficient evidence either way,0.013034796666406386,0.016189743361620646,0.003463900132144845,0.002933359814182968,1594.0,1597.0,126.0,238.0,575.0,411.0,0.37811166378634986,0
MEASURE_ET_RF_Modeling_S22dB_10GHz,currently_inconclusive,does not cleanly satisfy any strong/nonlinear/interaction/cluster/weak criterion -- insufficient evidence either way,0.11826810384157334,0.06116433928211451,0.00045587148990029194,0.0008651470169919108,648.0,1216.0,382.0,480.0,745.0,609.0,1.5585847448643564,0
MEASURE_ET_RF_Modeling_Stress_time,currently_inconclusive,does not cleanly satisfy any strong/nonlinear/interaction/cluster/weak criterion -- insufficient evidence either way,0.10173508229040387,0.057677488584189626,5.561232379083791e-06,5.2067304774395847e-05,788.0,1243.0,1072.0,1223.0,1246.0,1223.0,0.5167163451042464,0
MEASURE_ET_RF_Modeling_Tau,currently_inconclusive,does not cleanly satisfy any strong/nonlinear/interaction/cluster/weak criterion -- insufficient evidence either way,0.14888336877741176,0.09158772276487556,0.005992375427440755,0.009029958124102256,477.0,908.0,76.0,74.0,466.0,1223.0,1.267961895657287,0
MEASURE_ET_RF_Modeling_Tau_err,currently_inconclusive,does not cleanly satisfy any strong/nonlinear/interaction/cluster/weak criterion -- insufficient evidence either way,0.01945081790126021,0.06187482122483382,0.0001307862982090069,0.0012059875326597253,1546.0,1209.0,568.0,412.0,696.0,886.0,1.5462466406795166,0
MEASURE_ET_RF_Modeling_Vd_set,interaction_dependent_predictor,weak individual importance but frequently co-occurs with important features in the same trees,0.20762190931254487,0.19628524855851384,-1.798231215898727e-05,0.0001229367817012111,257.0,252.0,1634.0,957.0,1076.0,191.0,1.3432949030557568,0
MEASURE_ET_RF_Modeling_Vd_stress,currently_inconclusive,does not cleanly satisfy any strong/nonlinear/interaction/cluster/weak criterion -- insufficient evidence either way,0.09912448205660217,0.1339581812425215,5.226170187355716e-06,4.178423097976664e-05,810.0,566.0,1078.0,1279.0,1275.0,411.0,0.44698410147461126,0
MEASURE_ET_RF_Modeling_Vg_gm_max_W,cluster_family_supported_predictor,weak individual importance but belongs to a correlation cluster with high aggregate importance,0.07740170540260441,0.0863745587322483,1.4878029792550485e-05,6.381482270189055e-05,1011.0,957.0,941.0,1178.0,221.0,1223.0,1.7170592293801379,0
MEASURE_ET_RF_Modeling_Vg_Stress,interaction_dependent_predictor,weak individual importance but frequently co-occurs with important features in the same trees,0.09109001197711467,0.10775190922208185,4.315276182539907e-06,9.462272175203874e-05,880.0,763.0,1097.0,1052.0,1142.0,191.0,0.5007217430418797,0
MEASURE_ET_RF_Modeling_Vp_01_W,cluster_family_supported_predictor,weak individual importance but belongs to a correlation cluster with high aggregate importance,0.04146241640254207,0.05026220832684994,0.0,0.0,1369.0,1306.0,1210.0,1471.0,221.0,1223.0,1.6723449587307484,0
MEASURE_ET_RF_Modeling_Vp_1_W,cluster_family_supported_predictor,weak individual importance but belongs to a correlation cluster with high aggregate importance,0.07161978373664826,0.062335956674049495,3.953423838615189e-06,2.1358675127628435e-05,1087.0,1205.0,1104.0,1386.0,221.0,886.0,1.517479114838912,0
MEASURE_ET_RF_Modeling_Vth,currently_inconclusive,does not cleanly satisfy any strong/nonlinear/interaction/cluster/weak criterion -- insufficient evidence either way,0.009670383277579287,0.035074295618272334,0.00018569310192539102,0.0004691005496921141,1626.0,1438.0,514.0,589.0,831.0,886.0,0.7525814489965555,0
MESA_ET_Probe_Number,currently_inconclusive,does not cleanly satisfy any strong/nonlinear/interaction/cluster/weak criterion -- insufficient evidence either way,0.02429215040059278,0.018274075592075553,3.562480156226455e-05,0.00019864898948817632,1512.0,1575.0,788.0,804.0,972.0,609.0,1.483193226667873,0
MESA_ET_Vbkd,currently_inconclusive,does not cleanly satisfy any strong/nonlinear/interaction/cluster/weak criterion -- insufficient evidence either way,0.05664565181236279,0.09239198743509801,9.57997978181524e-06,6.253783045701553e-05,1245.0,903.0,999.0,1184.0,1224.0,609.0,1.0118811360220192,0
OHMIC_ET_lkg_5,cluster_family_supported_predictor,weak individual importance but belongs to a correlation cluster with high aggregate importance,0.48727509676398817,0.31928551812396205,0.00023067401416692335,0.0010687830592612459,37.0,27.0,474.0,435.0,1.0,411.0,0.8217495447728358,0
OHMIC_ET_OHMC,currently_inconclusive,does not cleanly satisfy any strong/nonlinear/interaction/cluster/weak criterion -- insufficient evidence either way,0.09515166196847298,0.12180065069563313,0.0003993900064921896,0.001007639617025171,842.0,650.0,399.0,445.0,722.0,609.0,0.7474344216137517,0
OHMIC_ET_OHMIC_conc,currently_inconclusive,does not cleanly satisfy any strong/nonlinear/interaction/cluster/weak criterion -- insufficient evidence either way,0.05547973235455205,0.057756159402995576,4.119914704632799e-05,0.00010223492127680186,1258.0,1242.0,757.0,1023.0,1123.0,411.0,1.9286066137885218,0
OHMIC_ET_Probe_Number,currently_inconclusive,does not cleanly satisfy any strong/nonlinear/interaction/cluster/weak criterion -- insufficient evidence either way,0.16594227924695942,0.1351806902093338,4.1456029166220265e-05,0.00019443695044801118,393.0,557.0,755.0,810.0,977.0,411.0,0.8469188307447918,0
OHMIC_ET_R114,currently_inconclusive,does not cleanly satisfy any strong/nonlinear/interaction/cluster/weak criterion -- insufficient evidence either way,0.07710322627233568,0.09640219908863878,0.00045932205579236884,0.0012486176053303406,1014.0,871.0,380.0,399.0,688.0,296.0,0.4592500242095165,0
OHMIC_ET_R214,currently_inconclusive,does not cleanly satisfy any strong/nonlinear/interaction/cluster/weak criterion -- insufficient evidence either way,0.11433668751481625,0.11909339669932205,1.76081133492767e-06,5.876716199693021e-06,689.0,676.0,1162.0,1468.0,1365.0,1223.0,1.2165381962286572,0
OHMIC_ET_R314,currently_inconclusive,does not cleanly satisfy any strong/nonlinear/interaction/cluster/weak criterion -- insufficient evidence either way,0.17633583508081588,0.12888635800300322,9.478233186244189e-06,0.00013249258500963674,352.0,587.0,1002.0,926.0,1054.0,609.0,0.483715028186469,0
OHMIC_ET_Ran_con_1,currently_inconclusive,does not cleanly satisfy any strong/nonlinear/interaction/cluster/weak criterion -- insufficient evidence either way,0.2798721240681235,0.30725999454422265,-6.174715748016868e-06,5.7402395809933207e-05,132.0,42.0,1546.0,1206.0,1237.0,609.0,0.6600242569326182,0
OHMIC_ET_Ran_con_2,currently_inconclusive,does not cleanly satisfy any strong/nonlinear/interaction/cluster/weak criterion -- insufficient evidence either way,0.07555357588234696,0.0670462052745924,3.514430115814093e-08,1.4099017661528783e-05,1038.0,1151.0,1209.0,1426.0,1347.0,886.0,0.9844942134240666,0
OHMIC_ET_Ran_con_3,currently_inconclusive,does not cleanly satisfy any strong/nonlinear/interaction/cluster/weak criterion -- insufficient evidence either way,0.19675852292739646,0.13987182669005377,2.9675407459156535e-06,0.00011010618420816002,294.0,527.0,1133.0,1000.0,1108.0,411.0,1.3409023664902127,0
OHMIC_ET_Rc_an_ct2,nonlinear_predictor,high SHAP/permutation importance despite weak linear/monotonic correlation -- signal is not capturable by Pearson/Spearman alone (e.g. process-window/threshold shape),0.1702317556109062,0.14094343880384563,0.012489858684469352,0.017511305189311707,376.0,522.0,39.0,37.0,155.0,1223.0,0.7246412312014173,0
OHMIC_ET_Rc_OG142,cluster_family_supported_predictor,weak individual importance but belongs to a correlation cluster with high aggregate importance,0.13886556639271608,0.07627024766261471,3.8127298517182106e-06,0.00014330401363315151,521.0,1065.0,1107.0,897.0,155.0,411.0,1.185664859858615,0
OHMIC_ET_Rsh_an_ct2,nonlinear_predictor,high SHAP/permutation importance despite weak linear/monotonic correlation -- signal is not capturable by Pearson/Spearman alone (e.g. process-window/threshold shape),0.07695912353816509,0.107798578351882,0.05708163632663822,0.054858552789613275,1017.0,762.0,11.0,10.0,420.0,1223.0,0.19388402185605716,5
OHMIC_ET_sh_GA142,nonlinear_predictor,high SHAP/permutation importance despite weak linear/monotonic correlation -- signal is not capturable by Pearson/Spearman alone (e.g. process-window/threshold shape),0.22606700179067,0.24748195065112377,0.01008232521504524,0.013512410720231684,208.0,141.0,45.0,47.0,446.0,1223.0,1.5034090545926226,0
SIN_ET_lkg_SY07_10,currently_inconclusive,does not cleanly satisfy any strong/nonlinear/interaction/cluster/weak criterion -- insufficient evidence either way,0.5194138241190088,0.29635764135500664,0.0033119274070511433,0.007448534577626253,17.0,66.0,130.0,91.0,1.0,1223.0,0.9090958374409517,0
SIN_ET_lkg_SY8_80,cluster_family_supported_predictor,weak individual importance but belongs to a correlation cluster with high aggregate importance,0.47012284390637815,0.32848555924523004,4.455275314006746e-05,8.799663266822822e-05,51.0,17.0,741.0,1072.0,1.0,609.0,1.8401275189430326,0
SIN_ET_Probe_Number,currently_inconclusive,does not cleanly satisfy any strong/nonlinear/interaction/cluster/weak criterion -- insufficient evidence either way,0.08159655530152955,0.15165244845531817,0.0017831327692111516,0.001923496519074096,971.0,444.0,198.0,326.0,639.0,133.0,0.564496629097436,0
SIN_ET_TR_1F,currently_inconclusive,does not cleanly satisfy any strong/nonlinear/interaction/cluster/weak criterion -- insufficient evidence either way,0.062259452200558986,0.04499281910451106,0.00016816703302874602,0.00010952333612387248,1185.0,1362.0,529.0,1002.0,1109.0,296.0,1.3425879335136772,0
SIN_ET_DC_PIV_Drain_Lag_Idss,cluster_family_supported_predictor,weak individual importance but belongs to a correlation cluster with high aggregate importance,0.06627297421863006,0.05713723784826512,0.0,0.0,1149.0,1247.0,1210.0,1471.0,221.0,1223.0,1.5158516242397273,0
SIN_ET_DC_PIV_Drain_Lag_Imax,cluster_family_supported_predictor,weak individual importance but belongs to a correlation cluster with high aggregate importance,0.06414392582858391,0.07758720605878443,0.0,0.0,1175.0,1056.0,1210.0,1471.0,221.0,1223.0,1.4498031758480834,0
SIN_ET_DC_PIV_Gate_Lag_Idss,cluster_family_supported_predictor,weak individual importance but belongs to a correlation cluster with high aggregate importance,0.07644629258030515,0.06678019123473158,0.0,0.0,1025.0,1155.0,1210.0,1471.0,221.0,1223.0,1.841120497112624,0
SIN_ET_DC_PIV_Gate_Lag_Imax,cluster_family_supported_predictor,weak individual importance but belongs to a correlation cluster with high aggregate importance,0.11980624462687142,0.13779660605160746,-1.1626065071065894e-05,5.6741105954725135e-05,644.0,539.0,1595.0,1209.0,221.0,886.0,1.5689532078545796,0
SIN_ET_DC_PIV_Idss_QP1,cluster_family_supported_predictor,weak individual importance but belongs to a correlation cluster with high aggregate importance,0.11725385022770128,0.1026963090610179,0.0,0.0,658.0,804.0,1210.0,1471.0,221.0,1223.0,2.038828108140295,0
SIN_ET_DC_PIV_Idss_QP2,cluster_family_supported_predictor,weak individual importance but belongs to a correlation cluster with high aggregate importance,0.0592205523825871,0.05331148037441064,-7.888271508562362e-05,0.00011354310060448355,1209.0,1281.0,1694.0,988.0,221.0,609.0,1.780094084929687,0
SIN_ET_DC_PIV_Idss_QP3,cluster_family_supported_predictor,weak individual importance but belongs to a correlation cluster with high aggregate importance,0.07826489390643286,0.07960131236058769,0.0,0.0,1005.0,1033.0,1210.0,1471.0,221.0,1223.0,1.1979847088575528,0
SIN_ET_DC_PIV_Imax_QP1,cluster_family_supported_predictor,weak individual importance but belongs to a correlation cluster with high aggregate importance,0.06810678698233179,0.08836933068027722,0.0,0.0,1134.0,939.0,1210.0,1471.0,221.0,1223.0,2.23606797749979,0
SIN_ET_DC_PIV_Imax_QP2,cluster_family_supported_predictor,weak individual importance but belongs to a correlation cluster with high aggregate importance,0.062586747255102,0.0664079493660876,0.0,0.0,1184.0,1165.0,1210.0,1471.0,221.0,1223.0,1.3715730229887384,0
SIN_ET_DC_PIV_Imax_QP3,cluster_family_supported_predictor,weak individual importance but belongs to a correlation cluster with high aggregate importance,0.06756324194672113,0.0783185779929381,0.0,0.0,1136.0,1049.0,1210.0,1471.0,221.0,1223.0,1.5910820227686362,0
SIN_ET_DC_RF_Gm_0,cluster_family_supported_predictor,weak individual importance but belongs to a correlation cluster with high aggregate importance,0.08301216099164384,0.12030034928953429,0.0,0.0,961.0,665.0,1210.0,1471.0,221.0,1223.0,1.379410292073873,0
SIN_ET_DC_RF_Gm_m0p2,cluster_family_supported_predictor,weak individual importance but belongs to a correlation cluster with high aggregate importance,0.1059928849158966,0.11131698627090984,1.1015304703909657e-05,2.540202547725769e-05,755.0,740.0,981.0,1352.0,221.0,886.0,1.376013146638673,0
SIN_ET_DC_RF_Gm_max,cluster_family_supported_predictor,weak individual importance but belongs to a correlation cluster with high aggregate importance,0.11786120352321151,0.10759034513939278,0.0,0.0,652.0,768.0,1210.0,1471.0,221.0,1223.0,1.8037982265146217,0
SIN_ET_DC_RF_Id_gm_max,cluster_family_supported_predictor,weak individual importance but belongs to a correlation cluster with high aggregate importance,0.026282252126404893,0.046940032986934124,0.0,0.0,1493.0,1342.0,1210.0,1471.0,221.0,1223.0,1.5829990314083087,0
SIN_ET_DC_RF_Ids_m0p2,currently_inconclusive,does not cleanly satisfy any strong/nonlinear/interaction/cluster/weak criterion -- insufficient evidence either way,0.24326001387804544,0.19129520741312153,-1.1869917986639945e-05,6.925631359848625e-05,177.0,277.0,1597.0,1151.0,1202.0,609.0,0.7950466548243258,0
SIN_ET_DC_RF_Idss,cluster_family_supported_predictor,weak individual importance but belongs to a correlation cluster with high aggregate importance,0.05238537924164177,0.05477155743530079,0.0,0.0,1285.0,1273.0,1210.0,1471.0,221.0,1223.0,1.1504383058725658,0
SIN_ET_DC_RF_Imax,cluster_family_supported_predictor,weak individual importance but belongs to a correlation cluster with high aggregate importance,0.10374198538134624,0.07561954665282988,0.0,0.0,772.0,1069.0,1210.0,1471.0,221.0,1223.0,1.3575726720929386,0
SIN_ET_DC_RF_n_gd,interaction_dependent_predictor,weak individual importance but frequently co-occurs with important features in the same trees,0.08701976174598028,0.13730480231709455,0.0003382474739737906,0.001086756351200604,921.0,544.0,422.0,431.0,712.0,19.0,1.6018751045852209,0
SIN_ET_DC_RF_n_gs,currently_inconclusive,does not cleanly satisfy any strong/nonlinear/interaction/cluster/weak criterion -- insufficient evidence either way,0.04228655335762643,0.0808360441947286,0.00017202047722876534,0.0025563638192421132,1364.0,1020.0,527.0,265.0,598.0,609.0,0.7249148337215375,0
SIN_ET_DC_RF_Vbgd_0p01,currently_inconclusive,does not cleanly satisfy any strong/nonlinear/interaction/cluster/weak criterion -- insufficient evidence either way,0.26251452874394887,0.17766982161704298,-1.5717724732910997e-06,1.774087620763426e-05,153.0,328.0,1484.0,1410.0,1340.0,886.0,1.7363065439826866,0
SIN_ET_DC_RF_Vbgd_0p1,currently_inconclusive,does not cleanly satisfy any strong/nonlinear/interaction/cluster/weak criterion -- insufficient evidence either way,0.23858385729237264,0.20985996501366655,3.806211158736972e-05,0.0003857899484261549,192.0,215.0,776.0,635.0,862.0,886.0,1.2453608962751637,0
SIN_ET_DC_RF_Vbgd1,currently_inconclusive,does not cleanly satisfy any strong/nonlinear/interaction/cluster/weak criterion -- insufficient evidence either way,0.3230036431777544,0.2607122044815612,1.1873414838534102e-05,4.095042124780132e-05,96.0,122.0,973.0,1285.0,1277.0,609.0,1.4924678844036667,0
SIN_ET_DC_RF_Vbgs_0p01,interaction_dependent_predictor,weak individual importance but frequently co-occurs with important features in the same trees,0.21494052800862767,0.26353368672890687,-0.0002630634903496076,0.0005604918260597292,231.0,118.0,1709.0,555.0,803.0,191.0,0.6531296807793656,0
SIN_ET_DC_RF_Vbgs_0p1,currently_inconclusive,does not cleanly satisfy any strong/nonlinear/interaction/cluster/weak criterion -- insufficient evidence either way,0.21249196944578977,0.17498412431402052,-4.82701977316452e-05,0.0006159341698224424,243.0,339.0,1682.0,539.0,791.0,609.0,1.4573201666811402,0
SIN_ET_DC_RF_Vbgs1,currently_inconclusive,does not cleanly satisfy any strong/nonlinear/interaction/cluster/weak criterion -- insufficient evidence either way,0.20306402837265386,0.17469433124135678,0.003411595969344475,0.0030314351876000317,275.0,342.0,128.0,227.0,569.0,133.0,1.2504504628682345,0
SIN_ET_DC_RF_Vbin_gd,currently_inconclusive,does not cleanly satisfy any strong/nonlinear/interaction/cluster/weak criterion -- insufficient evidence either way,0.17260450203151784,0.16258747003539425,3.507080245027938e-05,0.00011612411670421677,369.0,387.0,789.0,977.0,1093.0,1223.0,1.0737119025093347,0
SIN_ET_DC_RF_Vbin_gs,currently_inconclusive,does not cleanly satisfy any strong/nonlinear/interaction/cluster/weak criterion -- insufficient evidence either way,0.3737399185577355,0.3195804225775087,0.04905076855031867,0.036891361805092844,75.0,26.0,14.0,16.0,428.0,1223.0,0.31132489384719253,2
SIN_ET_DC_RF_Vboff,currently_inconclusive,does not cleanly satisfy any strong/nonlinear/interaction/cluster/weak criterion -- insufficient evidence either way,0.06061047685706807,0.0661017109810181,1.2496268807932199e-05,3.535291994715334e-05,1193.0,1170.0,967.0,1309.0,1292.0,609.0,1.5126594896954337,0
SIN_ET_DC_RF_Vdg_max,currently_inconclusive,does not cleanly satisfy any strong/nonlinear/interaction/cluster/weak criterion -- insufficient evidence either way,0.02507332108457057,0.04237179188135452,-2.963657562102262e-05,5.112143184885924e-05,1506.0,1377.0,1659.0,1226.0,1249.0,411.0,1.0749572689823528,0
SIN_ET_DC_RF_Vdg_max_0p1,currently_inconclusive,does not cleanly satisfy any strong/nonlinear/interaction/cluster/weak criterion -- insufficient evidence either way,0.1336864805472898,0.17935591060653666,0.0005154385923067439,0.0015035408186348676,561.0,320.0,365.0,370.0,668.0,411.0,1.384635705625896,0
SIN_ET_DC_RF_Vdg_max_0p1mA,currently_inconclusive,does not cleanly satisfy any strong/nonlinear/interaction/cluster/weak criterion -- insufficient evidence either way,0.04620616418644171,0.01715334977501786,3.7153683299845363e-06,0.0001664630532759106,1336.0,1583.0,1111.0,854.0,1006.0,411.0,0.9260369346363018,0
SIN_ET_DC_RF_Vds_max,currently_inconclusive,does not cleanly satisfy any strong/nonlinear/interaction/cluster/weak criterion -- insufficient evidence either way,0.11042051639303654,0.13756370487050962,0.00012585513353967072,0.0002917279489886255,717.0,541.0,570.0,702.0,901.0,411.0,1.283121938332559,0
SIN_ET_DC_RF_Vds_max_0p1,interaction_dependent_predictor,weak individual importance but frequently co-occurs with important features in the same trees,0.1742963691294351,0.1850979914435656,0.00010230489490413441,0.0002914138629836362,359.0,306.0,606.0,703.0,902.0,191.0,0.622693511824418,0
SIN_ET_DC_RF_Vds_max_0p1mA,currently_inconclusive,does not cleanly satisfy any strong/nonlinear/interaction/cluster/weak criterion -- insufficient evidence either way,0.1021143396302894,0.02001283402805798,-3.343491342165661e-05,0.0006016280033214766,787.0,1566.0,1667.0,544.0,795.0,411.0,1.6953884870991773,0
SIN_ET_DC_RF_Vg_gm_max,cluster_family_supported_predictor,weak individual importance but belongs to a correlation cluster with high aggregate importance,0.110668989253807,0.13626163614908568,9.486281074511105e-06,2.3451383900161023e-05,714.0,553.0,1001.0,1367.0,221.0,886.0,1.2776526658858962,0
SIN_ET_DC_RF_Vg_max_Vd,currently_inconclusive,does not cleanly satisfy any strong/nonlinear/interaction/cluster/weak criterion -- insufficient evidence either way,0.14719317533248033,0.12431967253508366,0.00017506118908784674,0.0003476963444538734,482.0,628.0,524.0,656.0,875.0,609.0,1.6307955796593803,0
SIN_ET_DC_RF_Vg_max_Vd_0p1,interaction_dependent_predictor,weak individual importance but frequently co-occurs with important features in the same trees,0.35894957417361584,0.3045196276891486,0.0009023082074034683,0.001577275847508665,76.0,52.0,300.0,361.0,661.0,133.0,1.2886230892005226,0
SIN_ET_DC_RF_Vg_max_Vd_0p1mA,currently_inconclusive,does not cleanly satisfy any strong/nonlinear/interaction/cluster/weak criterion -- insufficient evidence either way,0.20616792722904007,0.15866526302661949,0.0,0.0,261.0,403.0,1210.0,1471.0,1367.0,1223.0,0.882409108222884,0
SIN_ET_DC_RF_Vg_optt,currently_inconclusive,does not cleanly satisfy any strong/nonlinear/interaction/cluster/weak criterion -- insufficient evidence either way,0.09266200213114319,0.16218144860613304,3.189717679447923e-05,0.00011997273651624339,866.0,390.0,808.0,966.0,1084.0,886.0,0.829170842121313,0
SIN_ET_DC_RF_Vg_optt1,currently_inconclusive,does not cleanly satisfy any strong/nonlinear/interaction/cluster/weak criterion -- insufficient evidence either way,0.19261795700342949,0.12614932465720063,2.6546382802999923e-06,0.00010436874638410994,302.0,615.0,1140.0,1014.0,1118.0,609.0,1.08660752220752,0
SIN_ET_DC_RF_Vg_optt2,currently_inconclusive,does not cleanly satisfy any strong/nonlinear/interaction/cluster/weak criterion -- insufficient evidence either way,0.11453328808509362,0.11373578059826576,0.00023659887783291923,0.0009468447175179323,688.0,717.0,472.0,457.0,729.0,411.0,0.677680465188042,0
SIN_ET_DC_RF_Vg_optt3,currently_inconclusive,does not cleanly satisfy any strong/nonlinear/interaction/cluster/weak criterion -- insufficient evidence either way,0.07163199378852392,0.1430339935849405,-3.162115220300687e-05,0.0008556474149271783,1086.0,511.0,1664.0,484.0,748.0,411.0,0.6911076529906234,0
SIN_ET_DC_RF_Vp_01,cluster_family_supported_predictor,weak individual importance but belongs to a correlation cluster with high aggregate importance,0.014182939004916689,0.015444815156429809,0.0,0.0,1587.0,1602.0,1210.0,1471.0,221.0,1223.0,2.17326027388916,0
SIN_ET_DC_RF_Vp_1,cluster_family_supported_predictor,weak individual importance but belongs to a correlation cluster with high aggregate importance,0.03224772656921983,0.045152160847685835,0.0,0.0,1455.0,1359.0,1210.0,1471.0,221.0,1223.0,2.113044919156721,0
SIN_ET_DC_RF_Vt_gd,currently_inconclusive,does not cleanly satisfy any strong/nonlinear/interaction/cluster/weak criterion -- insufficient evidence either way,0.09748405450111441,0.02341923603556548,4.02905607655768e-05,6.312725582234118e-05,820.0,1534.0,762.0,1182.0,1222.0,609.0,0.7717284700041896,0
SIN_ET_DC_RF_Vt_gs,currently_inconclusive,does not cleanly satisfy any strong/nonlinear/interaction/cluster/weak criterion -- insufficient evidence either way,0.16875583555804935,0.14872229380572352,5.897403010973745e-06,2.340519675258179e-05,382.0,473.0,1064.0,1368.0,1324.0,1223.0,1.6444575272079764,0
SIN_GATE_ET_I_5,interaction_dependent_predictor,weak individual importance but frequently co-occurs with important features in the same trees,0.2146726571320755,0.19171189607205136,3.2321036404847626e-05,0.00013977227349500242,233.0,272.0,805.0,905.0,1042.0,96.0,0.809067927969081,0
SIN_GATE_ET_lkg_5,cluster_family_supported_predictor,weak individual importance but belongs to a correlation cluster with high aggregate importance,0.5681994707578762,0.37205941456986535,1.724230614566502e-06,1.685198975152221e-05,1.0,2.0,1163.0,1415.0,1.0,886.0,0.9714891516008111,0
SIN_GATE_ET_lkg_SY07_10,cluster_family_supported_predictor,weak individual importance but belongs to a correlation cluster with high aggregate importance,0.4642360454672728,0.28537483947537323,1.963192308807593e-05,0.00047458549833088044,56.0,85.0,889.0,584.0,1.0,411.0,1.273383599269299,0
SIN_GATE_ET_lkg_SY8_80,currently_inconclusive,does not cleanly satisfy any strong/nonlinear/interaction/cluster/weak criterion -- insufficient evidence either way,0.47451711534354923,0.3200831157756416,0.005936272153188801,0.009499854172974507,47.0,25.0,77.0,72.0,1.0,1223.0,1.1913760242852935,2
SIN_GATE_ET_OHMC,currently_inconclusive,does not cleanly satisfy any strong/nonlinear/interaction/cluster/weak criterion -- insufficient evidence either way,0.16718281050349582,0.16433489559548242,1.5539768973871214e-05,2.506107801376044e-05,387.0,379.0,929.0,1355.0,1316.0,886.0,0.68117737917113,0
SIN_GATE_ET_OHMC_GN,currently_inconclusive,does not cleanly satisfy any strong/nonlinear/interaction/cluster/weak criterion -- insufficient evidence either way,0.19717497936119902,0.21882932729335097,1.659120172031736e-05,0.00011223259219868937,293.0,192.0,915.0,992.0,1103.0,411.0,1.119469597114359,0
SIN_GATE_ET_OHMIC_conc,interaction_dependent_predictor,weak individual importance but frequently co-occurs with important features in the same trees,0.1753158333726784,0.16810220554011104,1.3103934450253707e-05,0.000410272230640433,355.0,360.0,963.0,614.0,847.0,191.0,0.9581123632968683,0
SIN_GATE_ET_Probe_Number,currently_inconclusive,does not cleanly satisfy any strong/nonlinear/interaction/cluster/weak criterion -- insufficient evidence either way,0.03225379767548638,0.04122795373334819,0.0005249696033157586,0.0012734611682656291,1454.0,1387.0,363.0,396.0,685.0,609.0,0.7471761411209706,0
SIN_GATE_ET_R114,currently_inconclusive,does not cleanly satisfy any strong/nonlinear/interaction/cluster/weak criterion -- insufficient evidence either way,0.12782057972204705,0.07147643909633443,-5.259474301601286e-05,0.0002142845698277613,592.0,1102.0,1688.0,780.0,959.0,411.0,1.4872356952677068,0
SIN_GATE_ET_R214,currently_inconclusive,does not cleanly satisfy any strong/nonlinear/interaction/cluster/weak criterion -- insufficient evidence either way,0.10014236758728279,0.0676511260903828,-3.4651643075656044e-05,0.0001607560205388642,798.0,1142.0,1670.0,870.0,1016.0,609.0,0.8041970748920643,0
SIN_GATE_ET_R314,currently_inconclusive,does not cleanly satisfy any strong/nonlinear/interaction/cluster/weak criterion -- insufficient evidence either way,0.1795775878573366,0.14983768600794695,1.676195312794171e-06,7.548650250563295e-05,340.0,461.0,1164.0,1118.0,1179.0,886.0,1.8858276342934879,0
SIN_GATE_ET_R414,interaction_dependent_predictor,weak individual importance but frequently co-occurs with important features in the same trees,0.07838420027239594,0.07057172468006596,-2.761352070148604e-05,0.00012595330833919214,1002.0,1113.0,1649.0,948.0,1069.0,191.0,0.960041720546991,0
SIN_GATE_ET_R514,currently_inconclusive,does not cleanly satisfy any strong/nonlinear/interaction/cluster/weak criterion -- insufficient evidence either way,0.17519069525599054,0.15514818851130022,4.425638917334995e-05,0.00024408684320448127,357.0,420.0,742.0,748.0,933.0,296.0,1.3115411638336538,0
SIN_GATE_ET_Ran_con_1,interaction_dependent_predictor,weak individual importance but frequently co-occurs with important features in the same trees,0.24121057171938695,0.21211163940954766,5.465163495136649e-05,0.0008300214396005091,183.0,209.0,702.0,488.0,751.0,133.0,0.9242322441273917,0
SIN_GATE_ET_Ran_con_2,currently_inconclusive,does not cleanly satisfy any strong/nonlinear/interaction/cluster/weak criterion -- insufficient evidence either way,0.16222396188990862,0.18812592903178904,4.001648986742823e-05,0.00023401855683696421,406.0,293.0,763.0,758.0,942.0,609.0,0.9581651256149678,0
SIN_GATE_ET_Ran_con_3,currently_inconclusive,does not cleanly satisfy any strong/nonlinear/interaction/cluster/weak criterion -- insufficient evidence either way,0.1525908414105753,0.12548462290847576,-4.866088888620668e-05,0.0001779005767213244,450.0,622.0,1683.0,831.0,989.0,609.0,0.4912518956483402,0
SIN_GATE_ET_Rc_an_ct2,currently_inconclusive,does not cleanly satisfy any strong/nonlinear/interaction/cluster/weak criterion -- insufficient evidence either way,0.1702053035690158,0.18295876742710765,0.0025972507626627174,0.005421994747294937,377.0,314.0,158.0,128.0,155.0,55.0,0.7127019923846265,0
SIN_GATE_ET_Rc_OG142_GN,currently_inconclusive,does not cleanly satisfy any strong/nonlinear/interaction/cluster/weak criterion -- insufficient evidence either way,0.1739753610614622,0.15457704725612703,0.0013339404376002477,0.002614749349993637,361.0,427.0,240.0,262.0,155.0,411.0,0.803866638333636,0
SIN_GATE_ET_Rc_OG144,cluster_family_supported_predictor,weak individual importance but belongs to a correlation cluster with high aggregate importance,0.09492266024123583,0.11777399372968661,0.0,0.0,844.0,684.0,1210.0,1471.0,155.0,1223.0,0.6624717952803442,0
SIN_GATE_ET_RGAN1,currently_inconclusive,does not cleanly satisfy any strong/nonlinear/interaction/cluster/weak criterion -- insufficient evidence either way,0.011789155095710548,0.036925504433677966,0.0006091226921758147,0.0016246285245250507,1609.0,1420.0,343.0,355.0,657.0,411.0,0.9003447250891673,0
SIN_GATE_ET_RGAN2,currently_inconclusive,does not cleanly satisfy any strong/nonlinear/interaction/cluster/weak criterion -- insufficient evidence either way,0.273405225257362,0.288262102972342,0.004502932695507433,0.010733713065706219,139.0,76.0,97.0,61.0,456.0,1223.0,0.36952778320703356,0
SIN_GATE_ET_RGAN3,currently_inconclusive,does not cleanly satisfy any strong/nonlinear/interaction/cluster/weak criterion -- insufficient evidence either way,0.10242252863402389,0.0707170656843007,-3.168967374493625e-05,0.0002181191027698132,785.0,1110.0,1665.0,775.0,955.0,296.0,1.1920644837110925,0
SIN_GATE_ET_Rsh_an_ct2,currently_inconclusive,does not cleanly satisfy any strong/nonlinear/interaction/cluster/weak criterion -- insufficient evidence either way,0.027128704235364644,0.035601434551062516,6.988179757108637e-06,2.674718268789081e-05,1487.0,1432.0,1045.0,1347.0,1313.0,886.0,1.1940923704832542,0
SIN_GATE_ET_sh_GA142_GN,currently_inconclusive,does not cleanly satisfy any strong/nonlinear/interaction/cluster/weak criterion -- insufficient evidence either way,0.18785704516310592,0.20202710716159128,0.00029795492368828446,0.0018462083037387791,318.0,234.0,440.0,333.0,643.0,296.0,0.9933086890709203,0
SIN_GATE_ET_sh_GA144,currently_inconclusive,does not cleanly satisfy any strong/nonlinear/interaction/cluster/weak criterion -- insufficient evidence either way,0.15286003698324696,0.14233817908301555,0.0008057987165499686,0.0024651499538577946,449.0,517.0,311.0,273.0,604.0,296.0,0.5342587592817502,0
SIN_GATE_ET_TR_1F,interaction_dependent_predictor,weak individual importance but frequently co-occurs with important features in the same trees,0.0930956175485693,0.12258446984232407,7.695189405105274e-05,0.000200201781307708,864.0,643.0,647.0,799.0,969.0,133.0,1.2498313927045903,0
TFRP_ET_Probe_Number,weak_unstable_predictor,"weak on every signal (correlation, SHAP, permutation, cluster, co-occurrence) and never stable across folds",0.06877891456498751,0.03404024104227205,-1.7532886322724207e-06,1.8269803100069083e-05,1119.0,1449.0,1486.0,1404.0,1337.0,1223.0,1.2053414510935192,0
TFRP_ET_Rc_TF_AB_2,cluster_family_supported_predictor,weak individual importance but belongs to a correlation cluster with high aggregate importance,0.08367466222601992,0.02578602761828696,0.0,0.0,950.0,1517.0,1210.0,1471.0,155.0,1223.0,0.838977911044748,0
TFRP_ET_Rsh_TFR2,currently_inconclusive,does not cleanly satisfy any strong/nonlinear/interaction/cluster/weak criterion -- insufficient evidence either way,0.035502074572713364,0.036279914804776006,0.006299576484215363,0.008970104017065172,1428.0,1425.0,69.0,75.0,467.0,1223.0,1.6011233704027343,0
TFRP_ET_TF_AB_1,currently_inconclusive,does not cleanly satisfy any strong/nonlinear/interaction/cluster/weak criterion -- insufficient evidence either way,0.13930641699500432,0.11763976442302335,0.0,0.0,517.0,686.0,1210.0,1471.0,1367.0,1223.0,0.8210832774284964,0
TFRP_ET_TF_AB_2,currently_inconclusive,does not cleanly satisfy any strong/nonlinear/interaction/cluster/weak criterion -- insufficient evidence either way,0.2521821910430228,0.23599112195852312,1.9156986277718557e-06,1.8828211849311294e-05,167.0,160.0,1158.0,1403.0,1336.0,1223.0,0.8781258238072315,0
TFRP_ET_TF_AB_3,currently_inconclusive,does not cleanly satisfy any strong/nonlinear/interaction/cluster/weak criterion -- insufficient evidence either way,0.20023721437835962,0.1956892171007806,-3.1621849377438947e-06,4.2167249545211567e-05,286.0,255.0,1504.0,1276.0,1273.0,1223.0,0.7089171407439722,0
TFRP_ET_TFRP,currently_inconclusive,does not cleanly satisfy any strong/nonlinear/interaction/cluster/weak criterion -- insufficient evidence either way,0.1365003840591478,0.11897250142974454,6.772000977639525e-06,6.621978238561009e-05,539.0,678.0,1051.0,1167.0,1214.0,1223.0,1.3680238828724869,0
THIN_ET_C_AN_2,currently_inconclusive,does not cleanly satisfy any strong/nonlinear/interaction/cluster/weak criterion -- insufficient evidence either way,0.0575691963709211,0.0804189110678959,0.006546102378572577,0.009547636707828237,1233.0,1025.0,65.0,70.0,463.0,1223.0,0.7612634256640861,0
THIN_ET_C_AN_2_OW_CR,weak_unstable_predictor,"weak on every signal (correlation, SHAP, permutation, cluster, co-occurrence) and never stable across folds",0.07186526165302373,0.014922787604522508,5.4430156058965505e-06,0.0001007032907896443,1084.0,1608.0,1075.0,1029.0,1127.0,1223.0,1.162583565875647,0
THIN_ET_C_CAT_2,interaction_dependent_predictor,weak individual importance but frequently co-occurs with important features in the same trees,0.0025657685641946016,0.05967403840382998,0.0007129514970428547,0.0014342695447480827,1699.0,1230.0,329.0,376.0,673.0,133.0,1.315207587634001,0
THIN_ET_C_CAT_2_OW_ST,currently_inconclusive,does not cleanly satisfy any strong/nonlinear/interaction/cluster/weak criterion -- insufficient evidence either way,0.06975433477412421,0.0663608357683846,0.00011451038426373017,0.0006846625632795037,1107.0,1166.0,586.0,521.0,773.0,886.0,1.814091766158789,0
THIN_ET_C100,cluster_family_supported_predictor,weak individual importance but belongs to a correlation cluster with high aggregate importance,0.10533685114876011,0.1649122594012956,9.842668247109221e-05,0.00020178174410911672,758.0,374.0,610.0,796.0,73.0,296.0,0.7107242600963551,0
THIN_ET_C20,weak_unstable_predictor,"weak on every signal (correlation, SHAP, permutation, cluster, co-occurrence) and never stable across folds",0.034853454822631885,0.02209227711158145,0.0,0.0,1435.0,1546.0,1210.0,1471.0,1367.0,1223.0,1.1788884389706744,0
THIN_ET_C20_0,currently_inconclusive,does not cleanly satisfy any strong/nonlinear/interaction/cluster/weak criterion -- insufficient evidence either way,0.08727188707901447,0.0026848083672167335,0.0035010577187250813,0.004787586152356042,917.0,1694.0,124.0,144.0,519.0,296.0,0.32756135257185526,0
THIN_ET_C200,cluster_family_supported_predictor,weak individual importance but belongs to a correlation cluster with high aggregate importance,0.010608781731137733,0.06262397187510181,0.00016643263965690768,0.00039386859204580736,1616.0,1203.0,532.0,630.0,73.0,609.0,0.5786886258244892,0
THIN_ET_C200_0,cluster_family_supported_predictor,weak individual importance but belongs to a correlation cluster with high aggregate importance,0.031659095748433334,0.07061417136478895,3.222627031748415e-05,0.00017552006414441222,1461.0,1111.0,806.0,837.0,73.0,609.0,1.3897264854568996,0
THIN_ET_C300,cluster_family_supported_predictor,weak individual importance but belongs to a correlation cluster with high aggregate importance,0.10247815842682363,0.15001680657279892,3.556910511934297e-06,2.1421719398368025e-05,784.0,457.0,1116.0,1385.0,73.0,886.0,0.951431842011063,0
THIN_ET_C300_0,currently_inconclusive,does not cleanly satisfy any strong/nonlinear/interaction/cluster/weak criterion -- insufficient evidence either way,0.1152919002780735,0.19834157931108867,0.0023462304337997786,0.0034794439903621734,680.0,247.0,168.0,201.0,73.0,191.0,0.733888928418803,0
THIN_ET_Cap_C300,cluster_family_supported_predictor,weak individual importance but belongs to a correlation cluster with high aggregate importance,0.06810849138361597,0.1421903935053151,3.249738000396518e-05,9.958981978642619e-05,1133.0,519.0,802.0,1033.0,73.0,609.0,1.069453554529883,0
THIN_ET_Cap20,cluster_family_supported_predictor,weak individual importance but belongs to a correlation cluster with high aggregate importance,0.10336569562875615,0.19601856781679874,0.00022755835378624189,0.00021193083264860408,777.0,253.0,478.0,783.0,73.0,886.0,0.41843813076664044,0
THIN_ET_Er,currently_inconclusive,does not cleanly satisfy any strong/nonlinear/interaction/cluster/weak criterion -- insufficient evidence either way,0.04296914509476771,0.03739086232797081,0.00016463527535615086,0.0021603420829033083,1358.0,1418.0,534.0,301.0,623.0,296.0,0.7145946425878711,0
THIN_ET_F_AB,currently_inconclusive,does not cleanly satisfy any strong/nonlinear/interaction/cluster/weak criterion -- insufficient evidence either way,0.150727241674215,0.19159989016053103,2.2689314692284078e-05,9.7839197864415e-05,464.0,273.0,860.0,1037.0,1133.0,609.0,0.6700321104801908,0
THIN_ET_HIRS,currently_inconclusive,does not cleanly satisfy any strong/nonlinear/interaction/cluster/weak criterion -- insufficient evidence either way,0.150844647131521,0.12518527377590055,4.8024760244999576e-05,0.00016347986037129145,462.0,623.0,724.0,858.0,1007.0,886.0,0.49156303967147097,0
THIN_ET_i5021_1,currently_inconclusive,does not cleanly satisfy any strong/nonlinear/interaction/cluster/weak criterion -- insufficient evidence either way,0.3109766138858592,0.2973414710579839,-7.432829631795479e-06,0.00010183505033446013,103.0,64.0,1563.0,1026.0,1125.0,296.0,1.3543668644425828,0
THIN_ET_i5021_2,currently_inconclusive,does not cleanly satisfy any strong/nonlinear/interaction/cluster/weak criterion -- insufficient evidence either way,0.007232965195730278,0.023638580945626146,0.0009670482826599852,0.004119114351422076,1649.0,1532.0,290.0,171.0,532.0,411.0,0.6741385895084074,0
THIN_ET_i5021_3,currently_inconclusive,does not cleanly satisfy any strong/nonlinear/interaction/cluster/weak criterion -- insufficient evidence either way,0.05916982380877836,0.04222311736784835,2.06993611294809e-05,9.166761191408619e-05,1210.0,1379.0,879.0,1061.0,1147.0,411.0,0.802654034234025,0
THIN_ET_KLV_F_AB_4u,currently_inconclusive,does not cleanly satisfy any strong/nonlinear/interaction/cluster/weak criterion -- insufficient evidence either way,0.11057775482064723,0.13381772938521821,0.0004884492617102526,0.0017025984333962445,715.0,567.0,370.0,347.0,653.0,296.0,0.5580743392288677,0
THIN_ET_lkg_10,strong_individual_predictor,"top-ranked on correlation AND SHAP/permutation importance, stable across folds",0.5148507800020532,0.3346618852233516,0.1857701163646736,0.09238531208967239,21.0,11.0,4.0,6.0,1.0,1223.0,0.5379703524253855,4
THIN_ET_lkg_100_at20V,currently_inconclusive,does not cleanly satisfy any strong/nonlinear/interaction/cluster/weak criterion -- insufficient evidence either way,0.4405256619436345,0.32360374603418374,0.012322399365410117,0.01696861759286356,64.0,22.0,40.0,38.0,1.0,1223.0,1.337465419688006,2
THIN_ET_lkg_5,cluster_family_supported_predictor,weak individual importance but belongs to a correlation cluster with high aggregate importance,0.43771203643333734,0.2868373611097291,0.0,0.0,66.0,78.0,1210.0,1471.0,1.0,1223.0,1.972900681430859,0
THIN_ET_lkg_50_at20V,cluster_family_supported_predictor,weak individual importance but belongs to a correlation cluster with high aggregate importance,0.4465219526154559,0.3017745939210945,0.0,0.0,61.0,57.0,1210.0,1471.0,1.0,1223.0,1.561388239788275,0
THIN_ET_lkg_70_at20V,cluster_family_supported_predictor,weak individual importance but belongs to a correlation cluster with high aggregate importance,0.521078522976651,0.298085510327369,0.0,0.0,16.0,61.0,1210.0,1471.0,1.0,1223.0,1.375680731792624,0
THIN_ET_lkg_C20,cluster_family_supported_predictor,weak individual importance but belongs to a correlation cluster with high aggregate importance,0.427079467894213,0.2528164544212314,0.0003620180186276911,0.001011684143847309,69.0,135.0,415.0,442.0,1.0,609.0,1.4366246706089318,0
THIN_ET_lkg_C200,cluster_family_supported_predictor,weak individual importance but belongs to a correlation cluster with high aggregate importance,0.4886762577846532,0.3163226950835073,0.0,0.0,35.0,29.0,1210.0,1471.0,1.0,1223.0,1.4667947685079625,0
THIN_ET_lkg_C300,cluster_family_supported_predictor,weak individual importance but belongs to a correlation cluster with high aggregate importance,0.5520456866656752,0.328053758677603,0.0,0.0,3.0,18.0,1210.0,1471.0,1.0,1223.0,2.1098551020110787,0
THIN_ET_lkg_PAD_10,cluster_family_supported_predictor,weak individual importance but belongs to a correlation cluster with high aggregate importance,0.543027469971204,0.3469125317958889,2.4602343025120766e-06,1.4660618775527673e-05,8.0,8.0,1146.0,1423.0,1.0,1223.0,2.097233378259656,0
THIN_ET_OHMC,currently_inconclusive,does not cleanly satisfy any strong/nonlinear/interaction/cluster/weak criterion -- insufficient evidence either way,0.13741014151903508,0.15346676643478652,0.00014821860257799025,0.0004245333868473288,531.0,434.0,551.0,608.0,841.0,886.0,0.8748066572260311,0
THIN_ET_Probe_Number,interaction_dependent_predictor,weak individual importance but frequently co-occurs with important features in the same trees,0.0166440420252608,0.02587803247417867,0.0004039050607701211,0.0008822272808325534,1566.0,1514.0,395.0,474.0,740.0,35.0,1.5595641257437176,0
THIN_ET_R_400_HOR,currently_inconclusive,does not cleanly satisfy any strong/nonlinear/interaction/cluster/weak criterion -- insufficient evidence either way,0.044279630698381284,0.06621727263576131,0.0003103489724559927,0.00048343883424441567,1347.0,1169.0,436.0,579.0,821.0,609.0,1.9663330902049274,0
THIN_ET_R_400_VER,interaction_dependent_predictor,weak individual importance but frequently co-occurs with important features in the same trees,0.15183785015769688,0.1439144845005032,0.00045010999019576005,0.0014323773100395297,453.0,507.0,384.0,377.0,674.0,191.0,0.8881100990392912,0
THIN_ET_R_4000_HOR,currently_inconclusive,does not cleanly satisfy any strong/nonlinear/interaction/cluster/weak criterion -- insufficient evidence either way,0.011784478704768947,0.0351416325055554,0.0011857622526377759,0.003367163502110611,1610.0,1437.0,255.0,207.0,554.0,133.0,0.59844040630692,0
THIN_ET_R_4000_VER,currently_inconclusive,does not cleanly satisfy any strong/nonlinear/interaction/cluster/weak criterion -- insufficient evidence either way,0.1170170967122934,0.09193640783466805,5.570399128720926e-06,3.0189967023743018e-05,664.0,906.0,1071.0,1331.0,1302.0,1223.0,0.4829737001136028,0
THIN_ET_R_660_HOR,currently_inconclusive,does not cleanly satisfy any strong/nonlinear/interaction/cluster/weak criterion -- insufficient evidence either way,0.10056169262002333,0.08128873475378998,0.0016807195249397139,0.004092981559628037,796.0,1016.0,202.0,173.0,534.0,411.0,2.037317094606275,0
THIN_ET_R_660_VER,currently_inconclusive,does not cleanly satisfy any strong/nonlinear/interaction/cluster/weak criterion -- insufficient evidence either way,0.04602532219927857,0.01613818508488906,2.0565241204675845e-05,9.758933477331344e-05,1338.0,1598.0,881.0,1041.0,1137.0,296.0,1.4896948037126818,0
THIN_ET_R_f_hr_1,interaction_dependent_predictor,weak individual importance but frequently co-occurs with important features in the same trees,0.17199316814987264,0.18353413112735792,0.000569076734449625,0.0014544704932195954,373.0,311.0,350.0,373.0,670.0,6.0,1.2182377278513552,0
THIN_ET_R_f_hr_2,currently_inconclusive,does not cleanly satisfy any strong/nonlinear/interaction/cluster/weak criterion -- insufficient evidence either way,0.11578666031208754,0.061483245002415476,6.968441828705818e-06,0.00011550196396936264,675.0,1211.0,1047.0,979.0,1094.0,296.0,0.7267639839286624,0
THIN_ET_R_f_hr_3,interaction_dependent_predictor,weak individual importance but frequently co-occurs with important features in the same trees,0.1654245741624185,0.12601642875424596,0.00012195403540003202,0.0005026131642223388,395.0,616.0,572.0,572.0,815.0,69.0,1.035029781156063,0
THIN_ET_R_f_tn_1,currently_inconclusive,does not cleanly satisfy any strong/nonlinear/interaction/cluster/weak criterion -- insufficient evidence either way,0.07785745728219534,0.013128248446731338,0.001341174662698244,0.002894689309934482,1009.0,1626.0,238.0,241.0,578.0,609.0,0.986619306475119,0
THIN_ET_R_f_tn_2,currently_inconclusive,does not cleanly satisfy any strong/nonlinear/interaction/cluster/weak criterion -- insufficient evidence either way,0.15331414132342255,0.10589870030111337,1.750326332511931e-05,8.830497698286923e-05,447.0,785.0,905.0,1069.0,1151.0,609.0,0.9306631620412936,0
THIN_ET_R_f_tn_3,currently_inconclusive,does not cleanly satisfy any strong/nonlinear/interaction/cluster/weak criterion -- insufficient evidence either way,0.1388461935853132,0.14585103115325768,-6.401474117276318e-06,2.2609060041075552e-05,522.0,498.0,1548.0,1376.0,1327.0,1223.0,1.2799619069677834,0
THIN_ET_R114,currently_inconclusive,does not cleanly satisfy any strong/nonlinear/interaction/cluster/weak criterion -- insufficient evidence either way,0.10438052825098994,0.029167317189282956,0.00014192063160499424,0.0005228260858494897,766.0,1493.0,558.0,567.0,811.0,411.0,1.6437228597168987,0
THIN_ET_R214,interaction_dependent_predictor,weak individual importance but frequently co-occurs with important features in the same trees,0.07173205133545618,0.1102340402255951,-8.970479271988574e-06,0.0001128066885029722,1085.0,746.0,1579.0,991.0,1102.0,69.0,0.7104674225467037,0
THIN_ET_R314,currently_inconclusive,does not cleanly satisfy any strong/nonlinear/interaction/cluster/weak criterion -- insufficient evidence either way,0.08311795862260134,0.06240196015762398,2.229895966704698e-05,0.00011434239335731747,956.0,1204.0,863.0,981.0,1096.0,609.0,1.8657167380718924,0
THIN_ET_Ran_con_1,currently_inconclusive,does not cleanly satisfy any strong/nonlinear/interaction/cluster/weak criterion -- insufficient evidence either way,0.0863184501728408,0.057504368336026235,5.916709139136278e-05,0.0003787982318992499,927.0,1246.0,686.0,637.0,863.0,886.0,0.8752785947849088,0
THIN_ET_Ran_con_1_OW_CR,interaction_dependent_predictor,weak individual importance but frequently co-occurs with important features in the same trees,0.03571526974461097,0.0819903273384521,0.00011168215979302231,0.0007187870446842351,1423.0,1010.0,591.0,512.0,766.0,191.0,1.8491189616185864,0
THIN_ET_Ran_con_2,currently_inconclusive,does not cleanly satisfy any strong/nonlinear/interaction/cluster/weak criterion -- insufficient evidence either way,0.04264092259351187,0.11901450364656467,0.00036218920355441384,0.0007580781287610188,1361.0,677.0,414.0,504.0,761.0,296.0,1.2732387653265298,0
THIN_ET_Ran_con_2_OW_CR,currently_inconclusive,does not cleanly satisfy any strong/nonlinear/interaction/cluster/weak criterion -- insufficient evidence either way,0.07675751822902993,0.09877654662570885,-9.603637611185766e-06,7.538253644887702e-05,1020.0,849.0,1584.0,1121.0,1182.0,886.0,1.4358310428971286,0
THIN_ET_Ran_con_3,currently_inconclusive,does not cleanly satisfy any strong/nonlinear/interaction/cluster/weak criterion -- insufficient evidence either way,0.12081265819224903,0.12703981610057763,8.612778535302123e-05,0.0005589953333067637,636.0,608.0,628.0,557.0,804.0,411.0,0.9331770972846005,0
THIN_ET_Ran_con_3_OW_CR,currently_inconclusive,does not cleanly satisfy any strong/nonlinear/interaction/cluster/weak criterion -- insufficient evidence either way,0.173463244966863,0.19810334451515652,3.3833857542289734e-05,0.00023773081261151954,363.0,248.0,797.0,755.0,939.0,296.0,1.4058199052138682,0
THIN_ET_Rc_an_ct2,cluster_family_supported_predictor,weak individual importance but belongs to a correlation cluster with high aggregate importance,0.07835672424061131,0.06012739566474564,0.0,0.0,1003.0,1226.0,1210.0,1471.0,155.0,1223.0,0.6396640736916662,0
THIN_ET_Rc_an_ct2_OW_CR,currently_inconclusive,does not cleanly satisfy any strong/nonlinear/interaction/cluster/weak criterion -- insufficient evidence either way,0.10856659217549448,0.10462485529152092,0.0019886516013785773,0.006271755359100197,736.0,789.0,183.0,107.0,155.0,1223.0,0.6742476267524447,0
THIN_ET_Rc_cat_ct2,cluster_family_supported_predictor,weak individual importance but belongs to a correlation cluster with high aggregate importance,0.15070840584420106,0.09018631546716274,0.0,0.0,465.0,923.0,1210.0,1471.0,155.0,1223.0,1.0126623048251595,0
THIN_ET_Rc_cat_ct2_OW_ST,cluster_family_supported_predictor,weak individual importance but belongs to a correlation cluster with high aggregate importance,0.1394993530990341,0.1163392513392594,0.0,0.0,516.0,696.0,1210.0,1471.0,155.0,1223.0,1.5748041283892609,0
THIN_ET_Rc_F_AB_2,cluster_family_supported_predictor,weak individual importance but belongs to a correlation cluster with high aggregate importance,0.09321065044731845,0.07535508825062909,2.2225504286160767e-05,0.00013855769289268548,861.0,1071.0,866.0,907.0,155.0,411.0,1.3731340006783945,0
THIN_ET_Rc_f_hr_23,currently_inconclusive,does not cleanly satisfy any strong/nonlinear/interaction/cluster/weak criterion -- insufficient evidence either way,0.141626478147878,0.11623657925369907,0.0013678110822869377,0.004432858567645585,507.0,697.0,233.0,162.0,155.0,411.0,1.2233825563407705,0
THIN_ET_Rc_f_tn_23,currently_inconclusive,does not cleanly satisfy any strong/nonlinear/interaction/cluster/weak criterion -- insufficient evidence either way,0.24408858846346534,0.2181684035218004,1.953901732539287e-05,0.00011385799584049827,176.0,194.0,891.0,985.0,1098.0,886.0,0.8282921149408035,0
THIN_ET_Rc_OG142,nonlinear_predictor,high SHAP/permutation importance despite weak linear/monotonic correlation -- signal is not capturable by Pearson/Spearman alone (e.g. process-window/threshold shape),0.20778263636975758,0.23209558302391986,0.014429768507170385,0.019964770531039035,255.0,166.0,36.0,35.0,422.0,1223.0,0.6404090102379949,0
THIN_ET_Rc_TF_AB_2,currently_inconclusive,does not cleanly satisfy any strong/nonlinear/interaction/cluster/weak criterion -- insufficient evidence either way,0.1971894215864386,0.1522269232197628,0.005404705587440067,0.004730831139334403,292.0,439.0,85.0,146.0,155.0,296.0,1.0887091871395584,0
THIN_ET_Rcat_cn_1,cluster_family_supported_predictor,weak individual importance but belongs to a correlation cluster with high aggregate importance,0.21977771270174853,0.22557501665503435,0.0001218821841851958,0.0006146924529406139,219.0,180.0,573.0,540.0,155.0,411.0,1.0789977260837151,0
THIN_ET_Rcat_cn_1_OW_ST,nonlinear_predictor,high SHAP/permutation importance despite weak linear/monotonic correlation -- signal is not capturable by Pearson/Spearman alone (e.g. process-window/threshold shape),0.15557100610519273,0.12354785402176986,0.0058627920635670626,0.013006939504346556,436.0,637.0,81.0,48.0,441.0,1223.0,0.5695256557942632,0
THIN_ET_Rcat_cn_2,currently_inconclusive,does not cleanly satisfy any strong/nonlinear/interaction/cluster/weak criterion -- insufficient evidence either way,0.1948744297221603,0.18523088734652027,0.0,0.0,297.0,305.0,1210.0,1471.0,422.0,1223.0,1.1849814830466807,0
THIN_ET_Rcat_cn_2_OW_ST,cluster_family_supported_predictor,weak individual importance but belongs to a correlation cluster with high aggregate importance,0.11037906004400574,0.052955461584220986,0.0,0.0,718.0,1286.0,1210.0,1471.0,155.0,1223.0,inf,0
THIN_ET_Rcat_cn_3,currently_inconclusive,does not cleanly satisfy any strong/nonlinear/interaction/cluster/weak criterion -- insufficient evidence either way,0.20128327322905432,0.17129059604126645,0.0,0.0,283.0,352.0,1210.0,1471.0,422.0,1223.0,0.39807762801225377,0
THIN_ET_Rcat_cn_3_OW_ST,cluster_family_supported_predictor,weak individual importance but belongs to a correlation cluster with high aggregate importance,0.10087486000781173,0.052702114879591644,0.0,0.0,794.0,1290.0,1210.0,1471.0,155.0,1223.0,1.1398741916288326,0
THIN_ET_Rsh_an_ct2,currently_inconclusive,does not cleanly satisfy any strong/nonlinear/interaction/cluster/weak criterion -- insufficient evidence either way,0.15254795418395573,0.1718435141124224,1.0484927077225592e-06,2.2026125185334743e-05,451.0,351.0,1186.0,1383.0,1328.0,609.0,0.8783181482904497,0
THIN_ET_Rsh_an_ct2_OW_CR,currently_inconclusive,does not cleanly satisfy any strong/nonlinear/interaction/cluster/weak criterion -- insufficient evidence either way,0.02275970772188345,0.018494753905844794,7.710508390884608e-06,6.797274504402954e-05,1527.0,1572.0,1027.0,1158.0,1206.0,609.0,0.9248656650323579,0
THIN_ET_Rsh_cat_c2,currently_inconclusive,does not cleanly satisfy any strong/nonlinear/interaction/cluster/weak criterion -- insufficient evidence either way,0.0518816680457009,0.052214755824107305,-8.459025496593275e-06,0.0001200132706831652,1296.0,1294.0,1572.0,965.0,1083.0,609.0,1.4209238669098188,0
THIN_ET_Rsh_cat_c2_OW_ST,weak_unstable_predictor,"weak on every signal (correlation, SHAP, permutation, cluster, co-occurrence) and never stable across folds",0.07201282660221453,0.0010867240224890179,0.0,0.0,1080.0,1706.0,1210.0,1471.0,1367.0,1223.0,1.3283263276688493,0
THIN_ET_Rsh_F_AB_2,currently_inconclusive,does not cleanly satisfy any strong/nonlinear/interaction/cluster/weak criterion -- insufficient evidence either way,0.09937513208883014,0.08225500797460433,0.0013646458193837447,0.004091309860211985,808.0,1006.0,234.0,174.0,535.0,411.0,0.9751780809038696,0
THIN_ET_Rsh_TF_AB2,currently_inconclusive,does not cleanly satisfy any strong/nonlinear/interaction/cluster/weak criterion -- insufficient evidence either way,0.030821021094319997,0.05227298111938177,-2.8289329175781864e-05,0.000603761231073265,1465.0,1293.0,1653.0,542.0,793.0,609.0,1.8620087699395182,0
THIN_ET_sh_f_hr_23,currently_inconclusive,does not cleanly satisfy any strong/nonlinear/interaction/cluster/weak criterion -- insufficient evidence either way,0.10162475664151634,0.12246246340298944,0.00033505001293747394,0.0010912843241457377,789.0,646.0,424.0,429.0,710.0,411.0,0.5600769029641641,0
THIN_ET_sh_f_tn_23,currently_inconclusive,does not cleanly satisfy any strong/nonlinear/interaction/cluster/weak criterion -- insufficient evidence either way,0.1176846957095646,0.10449173715461478,0.00018914003216824736,0.00102596742121333,653.0,790.0,510.0,440.0,720.0,411.0,0.8859145188439741,0
THIN_ET_sh_GA142,currently_inconclusive,does not cleanly satisfy any strong/nonlinear/interaction/cluster/weak criterion -- insufficient evidence either way,0.06798089811515336,0.004804475795948892,-7.099057443962775e-06,8.363006774957248e-06,1135.0,1675.0,1561.0,1458.0,1362.0,886.0,1.7896279340862669,0
THIN_ET_TANR,currently_inconclusive,does not cleanly satisfy any strong/nonlinear/interaction/cluster/weak criterion -- insufficient evidence either way,0.1254706262865378,0.1428939861955401,6.196518904026393e-05,0.00014119100344072263,604.0,512.0,675.0,899.0,1038.0,609.0,1.2380877227271725,0
THIN_ET_TF_AB_1,nonlinear_predictor,high SHAP/permutation importance despite weak linear/monotonic correlation -- signal is not capturable by Pearson/Spearman alone (e.g. process-window/threshold shape),0.02618984526375382,0.03872782177976917,0.02155106689360072,0.02475948227610042,1494.0,1408.0,29.0,27.0,433.0,1223.0,0.21130014798897803,0
THIN_ET_TF_AB_2,currently_inconclusive,does not cleanly satisfy any strong/nonlinear/interaction/cluster/weak criterion -- insufficient evidence either way,0.018691648653557685,0.06146791085976687,0.0005237680220068569,0.0012789552741591316,1550.0,1212.0,364.0,394.0,683.0,886.0,0.8295585519865303,0
THIN_ET_TF_AB_3,currently_inconclusive,does not cleanly satisfy any strong/nonlinear/interaction/cluster/weak criterion -- insufficient evidence either way,0.1564919058160096,0.15889683080400877,1.7366607340424388e-05,0.00022564243932395297,434.0,402.0,908.0,764.0,947.0,411.0,1.8211155126715362,0
THIN_ET_TFR_AB,interaction_dependent_predictor,weak individual importance but frequently co-occurs with important features in the same trees,0.1991675453381737,0.20504726656151478,6.754487004752563e-05,0.0004731296901758673,287.0,229.0,666.0,586.0,829.0,55.0,1.216603345981314,0
THIN_ET_Vbpin,currently_inconclusive,does not cleanly satisfy any strong/nonlinear/interaction/cluster/weak criterion -- insufficient evidence either way,0.35322598600245353,0.30637328107802,0.0014709469707708922,0.0012797592203483785,81.0,46.0,224.0,393.0,682.0,609.0,0.9231007715865466,0
THIN_ET_Vbpin_D60,interaction_dependent_predictor,weak individual importance but frequently co-occurs with important features in the same trees,0.17197568635987678,0.19222770107331866,0.0007956936435352724,0.0012169784030582034,375.0,268.0,314.0,410.0,694.0,133.0,1.7292889733546082,0
THIN_ET_Vk,currently_inconclusive,does not cleanly satisfy any strong/nonlinear/interaction/cluster/weak criterion -- insufficient evidence either way,0.12879528887266,0.07246760251970887,6.067668155413375e-05,0.00032085543976580633,588.0,1092.0,681.0,680.0,890.0,296.0,0.5771693956769632,0
THIN_ET_DC_RD_Vboff,interaction_dependent_predictor,weak individual importance but frequently co-occurs with important features in the same trees,0.17288301117555224,0.12070414837928121,-2.18890055325438e-06,0.00025910419651420304,365.0,662.0,1495.0,732.0,921.0,191.0,1.061323716499885,0
THIN_ET_DC_RF_Gm_0,cluster_family_supported_predictor,weak individual importance but belongs to a correlation cluster with high aggregate importance,0.1404669481338302,0.15097841288063327,0.0,0.0,512.0,449.0,1210.0,1471.0,221.0,1223.0,1.160006277822632,0
THIN_ET_DC_RF_Gm_m0p2,cluster_family_supported_predictor,weak individual importance but belongs to a correlation cluster with high aggregate importance,0.08307532600306984,0.09245776868472107,0.0,0.0,957.0,902.0,1210.0,1471.0,221.0,1223.0,2.081607170614672,0
THIN_ET_DC_RF_Gm_max,cluster_family_supported_predictor,weak individual importance but belongs to a correlation cluster with high aggregate importance,0.09622762091340806,0.08751017422405175,0.0,0.0,826.0,946.0,1210.0,1471.0,221.0,1223.0,1.8394290991784623,0
THIN_ET_DC_RF_Id_gm_max,currently_inconclusive,does not cleanly satisfy any strong/nonlinear/interaction/cluster/weak criterion -- insufficient evidence either way,0.08302984334173152,0.08422222291265603,0.0024906355370519773,0.004647081999031663,960.0,978.0,162.0,149.0,221.0,886.0,1.5159552825030622,0
THIN_ET_DC_RF_Ids_m0p2,interaction_dependent_predictor,weak individual importance but frequently co-occurs with important features in the same trees,0.21248674490691866,0.20677802457524572,3.2024024158056054e-06,0.00018313080367873087,244.0,221.0,1126.0,823.0,984.0,133.0,1.8723924154197982,0
THIN_ET_DC_RF_Idss,cluster_family_supported_predictor,weak individual importance but belongs to a correlation cluster with high aggregate importance,0.06481558043553926,0.06874585053512328,0.0,0.0,1165.0,1128.0,1210.0,1471.0,221.0,1223.0,2.23606797749979,0
THIN_ET_DC_RF_Imax,cluster_family_supported_predictor,weak individual importance but belongs to a correlation cluster with high aggregate importance,0.06297186778097044,0.0732694226164656,0.0,0.0,1181.0,1085.0,1210.0,1471.0,221.0,1223.0,1.0080501311461119,0
THIN_ET_DC_RF_n_gd,interaction_dependent_predictor,weak individual importance but frequently co-occurs with important features in the same trees,0.13371502181109135,0.09336003852752381,4.578384997150353e-06,0.0001318237477634438,559.0,896.0,1088.0,928.0,1056.0,191.0,1.0594619195968367,0
THIN_ET_DC_RF_n_gs,interaction_dependent_predictor,weak individual importance but frequently co-occurs with important features in the same trees,0.19873707476586264,0.18378792229989016,2.30136946278936e-05,0.00022409011085202903,288.0,309.0,859.0,765.0,948.0,191.0,0.7274134383548191,0
THIN_ET_DC_RF_Vbgd_0p01,currently_inconclusive,does not cleanly satisfy any strong/nonlinear/interaction/cluster/weak criterion -- insufficient evidence either way,0.30760030249018855,0.3023344012447448,0.00010235975627744532,0.0001235050795934077,105.0,56.0,605.0,956.0,1075.0,886.0,0.2562575873644284,0
THIN_ET_DC_RF_Vbgd_0p1,currently_inconclusive,does not cleanly satisfy any strong/nonlinear/interaction/cluster/weak criterion -- insufficient evidence either way,0.2975000774338601,0.20339540160054115,2.992132614570153e-05,4.452688280781822e-05,115.0,231.0,819.0,1265.0,1270.0,1223.0,0.6513407901507572,0
THIN_ET_DC_RF_Vbgd1,currently_inconclusive,does not cleanly satisfy any strong/nonlinear/interaction/cluster/weak criterion -- insufficient evidence either way,0.23928114513017984,0.18321967008608556,6.784717076767088e-05,0.00014822909180977036,189.0,312.0,664.0,887.0,1030.0,609.0,1.9461851513753923,0
THIN_ET_DC_RF_Vbgs_0p01,currently_inconclusive,does not cleanly satisfy any strong/nonlinear/interaction/cluster/weak criterion -- insufficient evidence either way,0.24011002019843122,0.13732591454248033,0.004131506412102989,0.005916906007467721,187.0,543.0,101.0,118.0,502.0,1223.0,1.020273742089231,0
THIN_ET_DC_RF_Vbgs_0p1,currently_inconclusive,does not cleanly satisfy any strong/nonlinear/interaction/cluster/weak criterion -- insufficient evidence either way,0.3386818354131064,0.28101016466930284,7.622663224880477e-05,0.00026452923267503045,84.0,94.0,651.0,726.0,917.0,609.0,0.7445767612396993,0
THIN_ET_DC_RF_Vbgs1,currently_inconclusive,does not cleanly satisfy any strong/nonlinear/interaction/cluster/weak criterion -- insufficient evidence either way,0.09074806474587303,0.11952364162928907,0.00034561027361644514,0.0005968277343218164,887.0,669.0,421.0,546.0,796.0,609.0,0.7352154509173983,0
THIN_ET_DC_RF_Vbin_gd,currently_inconclusive,does not cleanly satisfy any strong/nonlinear/interaction/cluster/weak criterion -- insufficient evidence either way,0.2500904830237661,0.14635372435139063,0.00016409288261624855,0.0010920502380991337,170.0,495.0,535.0,428.0,709.0,411.0,0.8918007503468807,0
THIN_ET_DC_RF_Vbin_gs,currently_inconclusive,does not cleanly satisfy any strong/nonlinear/interaction/cluster/weak criterion -- insufficient evidence either way,0.20618702749721876,0.15631536122420664,-0.00022628286424971055,0.0021881896609853364,260.0,417.0,1708.0,300.0,622.0,411.0,0.8684252256373701,0
THIN_ET_DC_RF_Vdg_max,currently_inconclusive,does not cleanly satisfy any strong/nonlinear/interaction/cluster/weak criterion -- insufficient evidence either way,0.15882174729221255,0.12006811481029073,1.933432015322756e-05,3.700510348999209e-05,424.0,667.0,894.0,1303.0,1290.0,1223.0,1.4782922686221687,0
THIN_ET_DC_RF_Vdg_max_0p1mA,currently_inconclusive,does not cleanly satisfy any strong/nonlinear/interaction/cluster/weak criterion -- insufficient evidence either way,0.04056631891622632,0.048838355400042756,1.3774837254842964e-05,5.9356742907029865e-05,1382.0,1322.0,954.0,1198.0,1231.0,296.0,1.2592427137320514,0
THIN_ET_DC_RF_Vds_max,interaction_dependent_predictor,weak individual importance but frequently co-occurs with important features in the same trees,0.21990046089438187,0.2510185817541688,0.0001519503438535269,0.0006384908964733281,218.0,137.0,546.0,530.0,783.0,191.0,0.6332391267076349,0
THIN_ET_DC_RF_Vds_max_0p1mA,currently_inconclusive,does not cleanly satisfy any strong/nonlinear/interaction/cluster/weak criterion -- insufficient evidence either way,0.2810680000312715,0.1906398394903567,0.0009378190731761382,0.0026365555905665215,128.0,284.0,294.0,258.0,593.0,411.0,0.713161239576622,0
THIN_ET_DC_RF_Vg_gm_max,cluster_family_supported_predictor,weak individual importance but belongs to a correlation cluster with high aggregate importance,0.05937097959270832,0.0666679630892598,1.6588795385830134e-05,0.00022284537317687758,1205.0,1160.0,916.0,767.0,221.0,1223.0,1.4963318464127058,0
THIN_ET_DC_RF_Vg_max_Vd,currently_inconclusive,does not cleanly satisfy any strong/nonlinear/interaction/cluster/weak criterion -- insufficient evidence either way,0.05255974505710793,0.021868487522492194,0.00020100991091218378,0.0002538146890196871,1284.0,1547.0,499.0,739.0,926.0,609.0,0.6696733437591335,0
THIN_ET_DC_RF_Vg_max_Vd_0p1mA,currently_inconclusive,does not cleanly satisfy any strong/nonlinear/interaction/cluster/weak criterion -- insufficient evidence either way,0.15288128134183046,0.1753350317233273,-1.3498104662140742e-05,4.679412227474672e-05,448.0,337.0,1608.0,1248.0,1259.0,886.0,1.4279107463010245,0
THIN_ET_DC_RF_Vg_optt1,currently_inconclusive,does not cleanly satisfy any strong/nonlinear/interaction/cluster/weak criterion -- insufficient evidence either way,0.07219812139733524,0.03226703634381809,0.0018616582304094326,0.0028781198298927276,1077.0,1460.0,193.0,243.0,580.0,35.0,0.7967417869021374,0
THIN_ET_DC_RF_Vg_optt2,currently_inconclusive,does not cleanly satisfy any strong/nonlinear/interaction/cluster/weak criterion -- insufficient evidence either way,0.19344201364740823,0.17118014576740612,3.4183928194764235e-06,9.063360036927416e-05,300.0,353.0,1120.0,1064.0,1148.0,1223.0,1.6842526187398088,0
THIN_ET_DC_RF_Vg_optt3,currently_inconclusive,does not cleanly satisfy any strong/nonlinear/interaction/cluster/weak criterion -- insufficient evidence either way,0.07029512082764941,0.024682191581537893,0.0022724587791925184,0.004750886946723449,1103.0,1526.0,171.0,145.0,520.0,27.0,0.45376024366765344,0
THIN_ET_DC_RF_Vp_01,cluster_family_supported_predictor,weak individual importance but belongs to a correlation cluster with high aggregate importance,0.046962036045276115,0.06176748222629349,0.0002564059570119154,0.0012381751462503475,1330.0,1210.0,462.0,402.0,221.0,886.0,1.4839661340120682,0
THIN_ET_DC_RF_Vp_1,cluster_family_supported_predictor,weak individual importance but belongs to a correlation cluster with high aggregate importance,0.0031234234433988144,0.03223881263198658,1.316830091933896e-05,2.7339788592360067e-05,1695.0,1464.0,962.0,1343.0,221.0,886.0,2.029588276512739,0
THIN_ET_DC_RF_Vt_gd,interaction_dependent_predictor,weak individual importance but frequently co-occurs with important features in the same trees,0.21491178830637078,0.2110989192928846,1.5894440108799035e-05,0.000340405207276814,232.0,213.0,925.0,664.0,880.0,69.0,0.7696882535375187,0
THIN_ET_DC_RF_Vt_gs,currently_inconclusive,does not cleanly satisfy any strong/nonlinear/interaction/cluster/weak criterion -- insufficient evidence either way,0.02132033119887815,0.09426408624193798,2.3365092840202385e-05,0.00011429450490796087,1533.0,890.0,856.0,983.0,1097.0,609.0,1.3415962088257374,0
TOPSIN_ET_ABVIETCH,currently_inconclusive,does not cleanly satisfy any strong/nonlinear/interaction/cluster/weak criterion -- insufficient evidence either way,0.14579363460508601,0.09765293176728257,4.292326030495841e-05,0.00016100143525048314,490.0,862.0,748.0,868.0,1015.0,411.0,1.341396089267328,0
TOPSIN_ET_C100C175pf,cluster_family_supported_predictor,weak individual importance but belongs to a correlation cluster with high aggregate importance,0.042696079283329684,0.12384431411297649,3.655010569481865e-05,0.0003068190506910719,1360.0,635.0,781.0,690.0,73.0,609.0,2.1146914171898983,0
TOPSIN_ET_C100C300pf,cluster_family_supported_predictor,weak individual importance but belongs to a correlation cluster with high aggregate importance,0.05079215526493007,0.09743758706834764,-4.689737223864676e-06,1.2005813040362289e-05,1303.0,863.0,1522.0,1438.0,73.0,886.0,1.1804168089988205,0
TOPSIN_ET_C100C385pf,cluster_family_supported_predictor,weak individual importance but belongs to a correlation cluster with high aggregate importance,0.04895347402825388,0.08781885718258696,-4.0943836383414144e-05,8.483187323156986e-05,1318.0,942.0,1675.0,1089.0,73.0,411.0,2.050605174469788,0
TOPSIN_ET_C100C450pf,cluster_family_supported_predictor,weak individual importance but belongs to a correlation cluster with high aggregate importance,0.09324806370593802,0.139472250045384,0.0,0.0,860.0,530.0,1210.0,1471.0,73.0,1223.0,2.0214268072000308,0
TOPSIN_ET_C100C500pf,currently_inconclusive,does not cleanly satisfy any strong/nonlinear/interaction/cluster/weak criterion -- insufficient evidence either way,0.007121044051135533,0.03289351385289714,0.004774783385120907,0.004557107529989474,1650.0,1455.0,92.0,158.0,73.0,411.0,0.6873952496254415,0
TOPSIN_ET_C100Cap1pf,nonlinear_predictor,high SHAP/permutation importance despite weak linear/monotonic correlation -- signal is not capturable by Pearson/Spearman alone (e.g. process-window/threshold shape),0.10622685320620885,0.20631555572232146,0.1718575683448496,0.1277463387245419,753.0,223.0,5.0,3.0,73.0,1223.0,0.28526812044393873,5
TOPSIN_ET_C100Cap2pf,nonlinear_predictor,high SHAP/permutation importance despite weak linear/monotonic correlation -- signal is not capturable by Pearson/Spearman alone (e.g. process-window/threshold shape),0.1649757322861881,0.19197302096498073,0.020239037454009384,0.026705019159424477,396.0,270.0,30.0,24.0,73.0,1223.0,0.5184334820759076,1
TOPSIN_ET_C100Cap3pf,currently_inconclusive,does not cleanly satisfy any strong/nonlinear/interaction/cluster/weak criterion -- insufficient evidence either way,0.10457132882328468,0.14337912291151017,0.0014958528044102526,0.003640299207773959,765.0,509.0,219.0,193.0,73.0,96.0,0.559559847218379,0
TOPSIN_ET_C100CapFICBRGM,cluster_family_supported_predictor,weak individual importance but belongs to a correlation cluster with high aggregate importance,0.0785896671450044,0.08713993246097063,0.0,0.0,1000.0,948.0,1210.0,1471.0,221.0,1223.0,1.3749627983063852,0
TOPSIN_ET_C100CapFICM1,cluster_family_supported_predictor,weak individual importance but belongs to a correlation cluster with high aggregate importance,0.02700002446428488,0.08821443361613103,0.0004234079689381526,0.001623051170368029,1488.0,940.0,390.0,356.0,73.0,886.0,0.8446667167720899,0
TOPSIN_ET_C100CapM1BRGM,cluster_family_supported_predictor,weak individual importance but belongs to a correlation cluster with high aggregate importance,0.13434836928291624,0.14834205151482813,1.8095332885825766e-06,2.2410526848266728e-05,550.0,477.0,1160.0,1378.0,221.0,1223.0,1.165363443865566,0
TOPSIN_ET_C100CapPARCAP,cluster_family_supported_predictor,weak individual importance but belongs to a correlation cluster with high aggregate importance,0.22604566434886378,0.23068061945516985,0.00015726460099858565,0.0008589532097679592,209.0,168.0,541.0,483.0,155.0,411.0,0.6852434334423443,0
TOPSIN_ET_C100CapUSV,currently_inconclusive,does not cleanly satisfy any strong/nonlinear/interaction/cluster/weak criterion -- insufficient evidence either way,0.03759350914044681,0.08781885718258696,0.0015817495335932324,0.003188223073151038,1409.0,942.0,207.0,215.0,73.0,69.0,1.1610757009965298,0
TOPSIN_ET_C175pf,interaction_dependent_predictor,weak individual importance but frequently co-occurs with important features in the same trees,0.06729538209670173,0.049186373767980955,4.547900259755932e-05,0.00018543516277592137,1140.0,1320.0,736.0,818.0,981.0,191.0,1.6432644508534588,0
TOPSIN_ET_C175pf_0,currently_inconclusive,does not cleanly satisfy any strong/nonlinear/interaction/cluster/weak criterion -- insufficient evidence either way,0.20148621102280995,0.17009875535975139,-1.8829918503840415e-05,0.00012225526515047917,281.0,357.0,1637.0,959.0,1078.0,886.0,0.6158257406598496,0
TOPSIN_ET_C300,cluster_family_supported_predictor,weak individual importance but belongs to a correlation cluster with high aggregate importance,0.04105664942442039,0.07837013626966967,0.0,0.0,1373.0,1046.0,1210.0,1471.0,73.0,1223.0,1.2652517646617094,0
TOPSIN_ET_C300_0,currently_inconclusive,does not cleanly satisfy any strong/nonlinear/interaction/cluster/weak criterion -- insufficient evidence either way,0.053412200679710115,0.11818068186080213,0.004690829288018797,0.007738624927868518,1276.0,682.0,93.0,89.0,73.0,1223.0,0.7081183782113831,0
TOPSIN_ET_C300pf,cluster_family_supported_predictor,weak individual importance but belongs to a correlation cluster with high aggregate importance,0.006827778306915621,0.06508721299274359,9.016467921646454e-07,2.2080676738958636e-05,1653.0,1179.0,1191.0,1382.0,73.0,1223.0,1.6358900472031481,0
TOPSIN_ET_C300pf_0,currently_inconclusive,does not cleanly satisfy any strong/nonlinear/interaction/cluster/weak criterion -- insufficient evidence either way,0.12074949165818792,0.19266661312739145,0.001526320370744677,0.0030804014445362515,637.0,267.0,215.0,221.0,73.0,609.0,0.8992768573537318,0
TOPSIN_ET_C385pf,currently_inconclusive,does not cleanly satisfy any strong/nonlinear/interaction/cluster/weak criterion -- insufficient evidence either way,0.003152035471441377,0.0034415149718333192,0.000260155051449118,0.000753494797771739,1693.0,1689.0,458.0,505.0,762.0,609.0,1.252201630417173,0
TOPSIN_ET_C385pf_0,currently_inconclusive,does not cleanly satisfy any strong/nonlinear/interaction/cluster/weak criterion -- insufficient evidence either way,0.13889092842630027,0.18709031881812876,-3.328614907517346e-05,6.160264294234645e-05,520.0,298.0,1666.0,1186.0,1226.0,296.0,1.1538019962439279,0
TOPSIN_ET_C450pf,interaction_dependent_predictor,weak individual importance but frequently co-occurs with important features in the same trees,0.035393794413114674,0.03236926396147555,0.00024857811140771016,0.0008296141558988043,1429.0,1459.0,466.0,489.0,752.0,13.0,1.1017957515374548,0
TOPSIN_ET_C450pf_0,interaction_dependent_predictor,weak individual importance but frequently co-occurs with important features in the same trees,0.1720464188761972,0.17184818102540242,4.7290041316341844e-05,0.000321244799017353,371.0,350.0,727.0,679.0,889.0,96.0,0.5775757114453619,0
TOPSIN_ET_C500pf,currently_inconclusive,does not cleanly satisfy any strong/nonlinear/interaction/cluster/weak criterion -- insufficient evidence either way,0.1403139053611281,0.05329059038297629,0.0017648286630119804,0.0053386274387435765,513.0,1282.0,199.0,132.0,511.0,96.0,0.3142375156797322,0
TOPSIN_ET_C500pf_0,currently_inconclusive,does not cleanly satisfy any strong/nonlinear/interaction/cluster/weak criterion -- insufficient evidence either way,0.07604891306342496,0.08863556695408946,-4.07608003045179e-06,2.454146213908325e-05,1031.0,936.0,1511.0,1360.0,1319.0,886.0,0.8362227780701541,0
TOPSIN_ET_Cap_C300,interaction_dependent_predictor,weak individual importance but frequently co-occurs with important features in the same trees,0.003534778629580728,0.09278734163469064,0.0007227383640998175,0.0022606073803491753,1687.0,900.0,327.0,289.0,73.0,191.0,0.6486881929874582,0
TOPSIN_ET_Cap_USV,cluster_family_supported_predictor,weak individual importance but belongs to a correlation cluster with high aggregate importance,0.07791214165387446,0.12772096316170828,2.791300582528633e-05,0.00013161320078108722,1008.0,596.0,826.0,929.0,73.0,886.0,1.4326518378150892,0
TOPSIN_ET_Cap1pf,currently_inconclusive,does not cleanly satisfy any strong/nonlinear/interaction/cluster/weak criterion -- insufficient evidence either way,0.01119399268138448,0.07795722558791414,0.0007990530475975255,0.0048995803333434776,1614.0,1050.0,313.0,139.0,73.0,886.0,1.61582038240357,0
TOPSIN_ET_Cap1pf_0,currently_inconclusive,does not cleanly satisfy any strong/nonlinear/interaction/cluster/weak criterion -- insufficient evidence either way,0.08587447137352985,0.1344315395590658,0.003668311533510232,0.00881306524647058,932.0,563.0,117.0,76.0,73.0,1223.0,0.993262186366883,0
TOPSIN_ET_Cap2pf,cluster_family_supported_predictor,weak individual importance but belongs to a correlation cluster with high aggregate importance,0.04170376006077701,0.07132576447726541,1.4942699030576211e-05,0.00011044958101520903,1367.0,1105.0,940.0,998.0,73.0,886.0,1.4833630142657206,0
TOPSIN_ET_Cap2pf_0,cluster_family_supported_predictor,weak individual importance but belongs to a correlation cluster with high aggregate importance,0.08338060374516713,0.13075423436476608,0.0007925412399458736,0.0016422390124487243,955.0,581.0,316.0,352.0,73.0,296.0,1.0579775063681507,0
TOPSIN_ET_Cap3pf,nonlinear_predictor,high SHAP/permutation importance despite weak linear/monotonic correlation -- signal is not capturable by Pearson/Spearman alone (e.g. process-window/threshold shape),0.07511862399318828,0.1459141455954636,0.014762248155117192,0.020040261770650786,1044.0,497.0,35.0,34.0,73.0,1223.0,0.6277680277844734,1
TOPSIN_ET_Cap3pf_0,nonlinear_predictor,high SHAP/permutation importance despite weak linear/monotonic correlation -- signal is not capturable by Pearson/Spearman alone (e.g. process-window/threshold shape),0.07691929889245486,0.14971479063280657,0.017717769906747532,0.02106616685570809,1018.0,463.0,33.0,33.0,73.0,1223.0,0.3278120308516885,2
TOPSIN_ET_CapFICBRGM,cluster_family_supported_predictor,weak individual importance but belongs to a correlation cluster with high aggregate importance,0.09171700501214954,0.1027585345674181,6.6033714302943245e-06,4.026933588734212e-05,876.0,803.0,1057.0,1289.0,221.0,1223.0,0.8074042848950194,0
TOPSIN_ET_CapFICBRGM_0,cluster_family_supported_predictor,weak individual importance but belongs to a correlation cluster with high aggregate importance,0.12442168647053554,0.12419211024696325,6.000088455906938e-05,0.00035645825155365717,613.0,630.0,683.0,648.0,221.0,886.0,1.4089894786574384,0
TOPSIN_ET_CapFICM1,currently_inconclusive,does not cleanly satisfy any strong/nonlinear/interaction/cluster/weak criterion -- insufficient evidence either way,0.06871507610168692,0.12682847161276842,0.0011861781469881788,0.0030132690958708038,1122.0,612.0,254.0,229.0,73.0,191.0,0.4195310792516481,0
TOPSIN_ET_CapFICM1_0,cluster_family_supported_predictor,weak individual importance but belongs to a correlation cluster with high aggregate importance,0.008173040576613978,0.10759323418076137,0.00014248499425347782,0.0003011523703922223,1639.0,767.0,556.0,695.0,73.0,411.0,1.2484663858135605,0
TOPSIN_ET_CapM1BRGM,cluster_family_supported_predictor,weak individual importance but belongs to a correlation cluster with high aggregate importance,0.09969976202722294,0.08107716803202933,0.0,0.0,806.0,1019.0,1210.0,1471.0,221.0,1223.0,1.9698266652890766,0
TOPSIN_ET_CapM1BRGM_0,cluster_family_supported_predictor,weak individual importance but belongs to a correlation cluster with high aggregate importance,0.08304891065878399,0.09936057745006491,0.0,0.0,959.0,843.0,1210.0,1471.0,221.0,1223.0,1.9913607440349115,0
TOPSIN_ET_CapPARCAP,cluster_family_supported_predictor,weak individual importance but belongs to a correlation cluster with high aggregate importance,0.13696576551225628,0.1001986216809046,0.0,0.0,535.0,829.0,1210.0,1471.0,155.0,1223.0,1.213672202076715,0
TOPSIN_ET_CapPARCAP_0,cluster_family_supported_predictor,weak individual importance but belongs to a correlation cluster with high aggregate importance,0.16683023527502383,0.12116150585132261,0.00020634883758159083,0.0007974865577824921,391.0,655.0,495.0,496.0,155.0,886.0,1.2037486529175274,0
TOPSIN_ET_CapUSV_0,currently_inconclusive,does not cleanly satisfy any strong/nonlinear/interaction/cluster/weak criterion -- insufficient evidence either way,0.05126499843680154,0.1634646274416855,0.0030749052656500546,0.004655476460718442,1301.0,382.0,142.0,148.0,73.0,133.0,0.8946216520025029,2
TOPSIN_ET_G_per_6K,interaction_dependent_predictor,weak individual importance but frequently co-occurs with important features in the same trees,0.07534530618381328,0.04513527106737721,4.879389092605491e-05,0.0007118584656072583,1041.0,1360.0,721.0,515.0,769.0,13.0,0.47958643235603565,0
TOPSIN_ET_G2_per_6K,currently_inconclusive,does not cleanly satisfy any strong/nonlinear/interaction/cluster/weak criterion -- insufficient evidence either way,0.039076116926613245,0.0752944183818889,5.069452439678823e-05,0.00014496833644378552,1394.0,1072.0,717.0,890.0,1033.0,411.0,1.1286299785601224,0
TOPSIN_ET_Gate_res,interaction_dependent_predictor,weak individual importance but frequently co-occurs with important features in the same trees,0.12571935289651956,0.08734749897160554,0.00025939926727523157,0.0009637157481641153,601.0,947.0,460.0,454.0,727.0,191.0,1.9699248885158422,0
TOPSIN_ET_GC_Igs,interaction_dependent_predictor,weak individual importance but frequently co-occurs with important features in the same trees,0.09242739513120769,0.08975407043163285,1.3178687821965852e-05,0.00010597625299548665,871.0,929.0,961.0,1010.0,1114.0,191.0,0.5353322396036594,0
TOPSIN_ET_Gm_m2,cluster_family_supported_predictor,weak individual importance but belongs to a correlation cluster with high aggregate importance,0.11085744671436926,0.15354165927641822,0.0,0.0,707.0,433.0,1210.0,1471.0,221.0,1223.0,1.3768849054758472,0
TOPSIN_ET_Gm_max,cluster_family_supported_predictor,weak individual importance but belongs to a correlation cluster with high aggregate importance,0.20570971902585125,0.19119853564424982,2.938491207646332e-06,1.8189758704357198e-05,264.0,279.0,1134.0,1406.0,221.0,1223.0,1.5571379665246365,0
TOPSIN_ET_HIRS,currently_inconclusive,does not cleanly satisfy any strong/nonlinear/interaction/cluster/weak criterion -- insufficient evidence either way,0.10325634016486966,0.10141401916127116,0.0011822142573621381,0.0015385521620822045,779.0,820.0,256.0,366.0,665.0,69.0,0.47833713703040737,0
TOPSIN_ET_I_5,currently_inconclusive,does not cleanly satisfy any strong/nonlinear/interaction/cluster/weak criterion -- insufficient evidence either way,0.2161751179885583,0.19840669385885745,1.0674342456490349e-05,0.00017102157966602437,226.0,246.0,985.0,845.0,1000.0,1223.0,1.3345874345212727,0
TOPSIN_ET_Ids_m2,interaction_dependent_predictor,weak individual importance but frequently co-occurs with important features in the same trees,0.02513044467695002,0.012629555459724107,0.00039715413638316543,0.0024831390101709497,1505.0,1631.0,400.0,270.0,602.0,6.0,1.0093723106767396,0
TOPSIN_ET_KLV_F_AB_4u,currently_inconclusive,does not cleanly satisfy any strong/nonlinear/interaction/cluster/weak criterion -- insufficient evidence either way,0.06381565634011409,0.08868512512525817,0.00017385129814298793,0.0001342878767849765,1178.0,935.0,526.0,920.0,1052.0,886.0,1.4767435332931795,0
TOPSIN_ET_KLV_F_AB_4u_FEMSO,interaction_dependent_predictor,weak individual importance but frequently co-occurs with important features in the same trees,0.07889812699523935,0.050690008683351245,3.6705243774304288e-06,0.00047843491610471967,995.0,1303.0,1114.0,582.0,826.0,191.0,0.9941658363805874,0
TOPSIN_ET_KLV_F_M1_4u,currently_inconclusive,does not cleanly satisfy any strong/nonlinear/interaction/cluster/weak criterion -- insufficient evidence either way,0.04937786961757738,0.04113950462067935,2.1599933185434404e-05,8.489646374866337e-05,1315.0,1388.0,870.0,1087.0,1160.0,296.0,1.1990151013644839,0
TOPSIN_ET_lkg_5,strong_individual_predictor,"top-ranked on correlation AND SHAP/permutation importance, stable across folds",0.5433564894306896,0.3302503190535297,0.028314720656612957,0.029348817269227365,7.0,15.0,23.0,20.0,1.0,1223.0,0.842683728756647,3
TOPSIN_ET_lkg_C175pf,cluster_family_supported_predictor,weak individual importance but belongs to a correlation cluster with high aggregate importance,0.4827569212565471,0.3085825087891781,0.0,0.0,40.0,41.0,1210.0,1471.0,1.0,1223.0,1.3699838722197892,0
TOPSIN_ET_lkg_C300,cluster_family_supported_predictor,weak individual importance but belongs to a correlation cluster with high aggregate importance,0.4397026329794709,0.2805712526152301,0.0001958784151329107,0.000911567045788676,65.0,95.0,505.0,465.0,1.0,886.0,2.2290602683249428,0
TOPSIN_ET_lkg_C300pf,currently_inconclusive,does not cleanly satisfy any strong/nonlinear/interaction/cluster/weak criterion -- insufficient evidence either way,0.4775656570244655,0.3588553843456966,0.004988760783530033,0.00510234345252565,44.0,5.0,89.0,136.0,1.0,35.0,0.7967670827515478,0
TOPSIN_ET_lkg_C385pf,cluster_family_supported_predictor,weak individual importance but belongs to a correlation cluster with high aggregate importance,0.4913986195303352,0.2925801086486123,0.00034677553367124246,0.0005610004190453774,31.0,70.0,420.0,554.0,1.0,1223.0,1.6600198402072062,0
TOPSIN_ET_lkg_C450pf,currently_inconclusive,does not cleanly satisfy any strong/nonlinear/interaction/cluster/weak criterion -- insufficient evidence either way,0.5309575430793492,0.38985324259290227,0.049050388212471784,0.04175032603763308,13.0,1.0,15.0,14.0,1.0,1223.0,0.7604588275923805,2
TOPSIN_ET_lkg_C500pf,cluster_family_supported_predictor,weak individual importance but belongs to a correlation cluster with high aggregate importance,0.43310709125574337,0.2626431952855299,3.16858874470638e-06,4.7946379004136734e-05,68.0,120.0,1127.0,1240.0,1.0,886.0,1.4693812230529373,0
TOPSIN_ET_lkg_Cap_USV,cluster_family_supported_predictor,weak individual importance but belongs to a correlation cluster with high aggregate importance,0.5449539388594546,0.32263191696458365,0.00022989424632615106,0.0009718033383522645,5.0,23.0,475.0,453.0,1.0,411.0,1.4967209799306522,0
TOPSIN_ET_lkg_Cap1,cluster_family_supported_predictor,weak individual importance but belongs to a correlation cluster with high aggregate importance,0.5269537779609051,0.31232248395778084,4.152173295736139e-05,9.517536335753542e-05,15.0,33.0,754.0,1050.0,1.0,886.0,2.23606797749979,0
TOPSIN_ET_lkg_Cap2,cluster_family_supported_predictor,weak individual importance but belongs to a correlation cluster with high aggregate importance,0.5162164655778572,0.31337320608013836,1.6104539676237151e-06,1.5086422210171414e-05,19.0,32.0,1167.0,1422.0,1.0,1223.0,1.8614335382098195,0
TOPSIN_ET_lkg_Cap3,cluster_family_supported_predictor,weak individual importance but belongs to a correlation cluster with high aggregate importance,0.4738612487166442,0.3066061822591178,7.918836776893423e-07,0.00011190852987111438,49.0,44.0,1194.0,994.0,1.0,1223.0,1.4332872924221196,0
TOPSIN_ET_lkg_CapFICBRGM,cluster_family_supported_predictor,weak individual importance but belongs to a correlation cluster with high aggregate importance,0.09116379878839498,0.11925851652523398,-6.164179749262866e-06,1.1941016429032191e-05,878.0,673.0,1545.0,1441.0,221.0,886.0,2.1944064568051616,0
TOPSIN_ET_lkg_CapFICM1,cluster_family_supported_predictor,weak individual importance but belongs to a correlation cluster with high aggregate importance,0.43507047291641243,0.3045507404423487,0.0,0.0,67.0,51.0,1210.0,1471.0,1.0,1223.0,1.3028070590353218,0
TOPSIN_ET_lkg_CapM1BRGM,cluster_family_supported_predictor,weak individual importance but belongs to a correlation cluster with high aggregate importance,0.05990324055469982,0.0785101436590701,6.9030108453022045e-06,2.222024742228954e-05,1201.0,1044.0,1048.0,1381.0,221.0,1223.0,1.2743206107656584,0
TOPSIN_ET_lkg_CapPARCAP,cluster_family_supported_predictor,weak individual importance but belongs to a correlation cluster with high aggregate importance,0.5448332133748603,0.3528401779823612,4.4038826682274435e-05,2.6915238701370863e-05,6.0,6.0,743.0,1345.0,1.0,1223.0,2.23606797749979,0
TOPSIN_ET_lkg_SY07_10,cluster_family_supported_predictor,weak individual importance but belongs to a correlation cluster with high aggregate importance,0.5061378624523087,0.32763262533964455,0.0,0.0,27.0,19.0,1210.0,1471.0,1.0,1223.0,1.3919101007268218,0
TOPSIN_ET_lkg_SY8_80,cluster_family_supported_predictor,weak individual importance but belongs to a correlation cluster with high aggregate importance,0.5100961304633417,0.27656459670491224,0.0,0.0,26.0,102.0,1210.0,1471.0,1.0,1223.0,2.0254053727195864,0
TOPSIN_ET_OHMC,currently_inconclusive,does not cleanly satisfy any strong/nonlinear/interaction/cluster/weak criterion -- insufficient evidence either way,0.011895823581191846,0.027494117768972155,-2.2749816544487267e-08,8.296011893068573e-06,1605.0,1501.0,1452.0,1459.0,1363.0,886.0,1.0454484694381931,0
TOPSIN_ET_OHMC_GN,currently_inconclusive,does not cleanly satisfy any strong/nonlinear/interaction/cluster/weak criterion -- insufficient evidence either way,0.12936174176355963,0.12809031598898368,6.92245682761633e-05,0.0001748106548362075,584.0,591.0,662.0,838.0,994.0,296.0,1.2053985572688526,0
TOPSIN_ET_Probe_Number,currently_inconclusive,does not cleanly satisfy any strong/nonlinear/interaction/cluster/weak criterion -- insufficient evidence either way,0.020494556850158625,0.016648212003419184,0.0024332078526360574,0.004582131884013522,1539.0,1589.0,166.0,154.0,522.0,13.0,0.9909251600996932,0
TOPSIN_ET_R_f_hr_1,currently_inconclusive,does not cleanly satisfy any strong/nonlinear/interaction/cluster/weak criterion -- insufficient evidence either way,0.15405068556344131,0.1943071441568421,0.0027312827623822587,0.005579583665067125,443.0,263.0,152.0,121.0,503.0,886.0,1.2633722503966196,0
TOPSIN_ET_R_f_hr_2,currently_inconclusive,does not cleanly satisfy any strong/nonlinear/interaction/cluster/weak criterion -- insufficient evidence either way,0.09845668106904154,0.10822882328184902,-2.0898888537235205e-06,2.8189475800436587e-05,813.0,758.0,1493.0,1340.0,1308.0,1223.0,1.4686848358870401,0
TOPSIN_ET_R_f_hr_3,nonlinear_predictor,high SHAP/permutation importance despite weak linear/monotonic correlation -- signal is not capturable by Pearson/Spearman alone (e.g. process-window/threshold shape),0.11544142597783182,0.02078020786234317,0.03757934834806668,0.022917088508576454,679.0,1556.0,19.0,30.0,435.0,1223.0,0.4550550478000292,0
TOPSIN_ET_R_f_tn_1,interaction_dependent_predictor,weak individual importance but frequently co-occurs with important features in the same trees,0.29866814945880327,0.31623291256712993,0.00011715187135132588,0.00026914497605836843,113.0,30.0,581.0,723.0,915.0,96.0,0.6158136565477681,0
TOPSIN_ET_R_f_tn_2,currently_inconclusive,does not cleanly satisfy any strong/nonlinear/interaction/cluster/weak criterion -- insufficient evidence either way,0.10989181277703429,0.10735677725644066,-4.664286545419394e-06,6.60768032914541e-05,722.0,769.0,1521.0,1168.0,1215.0,609.0,1.3931456660115296,0
TOPSIN_ET_R_f_tn_3,currently_inconclusive,does not cleanly satisfy any strong/nonlinear/interaction/cluster/weak criterion -- insufficient evidence either way,0.058056292776629485,0.08340640207695926,0.0,0.0,1225.0,993.0,1210.0,1471.0,1367.0,1223.0,1.1372733985714711,0
TOPSIN_ET_R114,currently_inconclusive,does not cleanly satisfy any strong/nonlinear/interaction/cluster/weak criterion -- insufficient evidence either way,0.12914506548993346,0.10419772163687391,0.00038854940643317793,0.00047626195761087136,587.0,791.0,402.0,583.0,827.0,609.0,0.729394075696441,0
TOPSIN_ET_R214,interaction_dependent_predictor,weak individual importance but frequently co-occurs with important features in the same trees,0.09206705817051218,0.13768571130984428,3.426373487540879e-05,0.00031940763775391035,872.0,540.0,794.0,682.0,891.0,191.0,0.8372040051858642,0
TOPSIN_ET_R314,currently_inconclusive,does not cleanly satisfy any strong/nonlinear/interaction/cluster/weak criterion -- insufficient evidence either way,0.12932260022989225,0.11040560483609847,6.177224163297912e-06,3.970469551016044e-05,586.0,745.0,1061.0,1292.0,1282.0,886.0,0.6877125156489596,0
TOPSIN_ET_R414,currently_inconclusive,does not cleanly satisfy any strong/nonlinear/interaction/cluster/weak criterion -- insufficient evidence either way,0.12838905176478554,0.12132218099820596,0.006399820982651699,0.007924207512283727,590.0,653.0,68.0,85.0,474.0,1223.0,0.4353209165668112,0
TOPSIN_ET_R514,currently_inconclusive,does not cleanly satisfy any strong/nonlinear/interaction/cluster/weak criterion -- insufficient evidence either way,0.01829873428090315,0.016275081198969477,-1.2004837409390622e-05,0.0002621294648042405,1554.0,1594.0,1598.0,729.0,919.0,411.0,0.800948066676008,0
TOPSIN_ET_Rc_f_hr_23,cluster_family_supported_predictor,weak individual importance but belongs to a correlation cluster with high aggregate importance,0.11704331616004636,0.1159518975619182,5.55882944339392e-05,0.00013759013260778303,663.0,699.0,695.0,911.0,155.0,886.0,1.384298015010096,0
TOPSIN_ET_Rc_f_tn_23,nonlinear_predictor,high SHAP/permutation importance despite weak linear/monotonic correlation -- signal is not capturable by Pearson/Spearman alone (e.g. process-window/threshold shape),0.17292895407230005,0.1172101861949106,0.18607667267685685,0.06666087447813555,364.0,689.0,3.0,8.0,155.0,1223.0,0.3621214019521452,5
TOPSIN_ET_Rc_OG142_GN,cluster_family_supported_predictor,weak individual importance but belongs to a correlation cluster with high aggregate importance,0.10371870154224423,0.07789455561361108,5.381466645498212e-05,0.0003455829834413467,773.0,1053.0,705.0,660.0,155.0,609.0,2.017765750830147,0
TOPSIN_ET_Rc_OG144,cluster_family_supported_predictor,weak individual importance but belongs to a correlation cluster with high aggregate importance,0.19834837675056427,0.14212594565940062,7.215480652189577e-07,2.4075675393349194e-05,289.0,520.0,1198.0,1363.0,155.0,886.0,0.9957263518061099,0
TOPSIN_ET_RGAN1,currently_inconclusive,does not cleanly satisfy any strong/nonlinear/interaction/cluster/weak criterion -- insufficient evidence either way,0.02260992748885756,0.09130704128422042,4.906273322875798e-05,0.00027281135262723484,1528.0,910.0,720.0,721.0,913.0,886.0,0.724263608646236,0
TOPSIN_ET_RGAN2,currently_inconclusive,does not cleanly satisfy any strong/nonlinear/interaction/cluster/weak criterion -- insufficient evidence either way,0.10313838749638558,0.0796804276472965,0.001021853593359101,0.003590460657107501,780.0,1032.0,277.0,196.0,548.0,886.0,1.1916037316946724,0
TOPSIN_ET_RGAN3,currently_inconclusive,does not cleanly satisfy any strong/nonlinear/interaction/cluster/weak criterion -- insufficient evidence either way,0.12633645530322957,0.10375747617909256,0.0,0.0,595.0,793.0,1210.0,1471.0,1367.0,1223.0,0.8390982135882084,0
TOPSIN_ET_sh_f_hr_23,currently_inconclusive,does not cleanly satisfy any strong/nonlinear/interaction/cluster/weak criterion -- insufficient evidence either way,0.055087479681934635,0.05665676804527509,1.0326832351073567e-05,4.690239130685914e-05,1261.0,1251.0,992.0,1245.0,1257.0,609.0,1.2993634873247875,0
TOPSIN_ET_sh_f_tn_23,currently_inconclusive,does not cleanly satisfy any strong/nonlinear/interaction/cluster/weak criterion -- insufficient evidence either way,0.03668502640347505,0.12260580430166128,0.0028092896713902693,0.0031020172244979674,1415.0,642.0,148.0,219.0,564.0,296.0,0.9494760903648308,0
TOPSIN_ET_sh_GA142_GN,currently_inconclusive,does not cleanly satisfy any strong/nonlinear/interaction/cluster/weak criterion -- insufficient evidence either way,0.13447793056886745,0.11318886284379838,-3.391832406760831e-05,0.00029109502393681613,549.0,722.0,1668.0,704.0,903.0,609.0,0.27963870135564706,0
TOPSIN_ET_sh_GA144,currently_inconclusive,does not cleanly satisfy any strong/nonlinear/interaction/cluster/weak criterion -- insufficient evidence either way,0.02183210715630275,0.002014106301803266,0.0014928872871556808,0.0021544835307945914,1530.0,1698.0,220.0,302.0,624.0,133.0,0.5279373415593742,0
TOPSIN_ET_TANR,currently_inconclusive,does not cleanly satisfy any strong/nonlinear/interaction/cluster/weak criterion -- insufficient evidence either way,0.046581115345576754,0.0498417416907458,0.0019320955617963265,0.002347628216766657,1333.0,1310.0,186.0,283.0,611.0,69.0,1.4207178982434125,0
TOPSIN_ET_TR_1F,currently_inconclusive,does not cleanly satisfy any strong/nonlinear/interaction/cluster/weak criterion -- insufficient evidence either way,0.13820412582066488,0.07579266690099327,0.00021205005644516216,0.0012231346233179553,525.0,1068.0,489.0,408.0,693.0,886.0,0.8366351350426966,0
TOPSIN_ET_Vdg_max,currently_inconclusive,does not cleanly satisfy any strong/nonlinear/interaction/cluster/weak criterion -- insufficient evidence either way,0.21093375989656682,0.231438659463495,0.001039131137829863,0.0028299203490071696,248.0,167.0,272.0,245.0,582.0,55.0,1.2071747608579146,0
TOPSIN_ET_Vds_max,interaction_dependent_predictor,weak individual importance but frequently co-occurs with important features in the same trees,0.15841694492734454,0.05093602166758341,0.0008133279989049419,0.001827584344259848,425.0,1302.0,310.0,334.0,644.0,96.0,1.2253484402732195,0
TOPSIN_ET_Vg_gm_max,cluster_family_supported_predictor,weak individual importance but belongs to a correlation cluster with high aggregate importance,0.0835853538238072,0.10215383598557912,1.63793589120248e-05,7.235348416763817e-05,953.0,810.0,918.0,1140.0,221.0,886.0,1.4896526745725527,0
TOPSIN_ET_Vg_Vds_max,currently_inconclusive,does not cleanly satisfy any strong/nonlinear/interaction/cluster/weak criterion -- insufficient evidence either way,0.005482783265339239,0.02236206912861655,4.320912821882405e-05,0.00017921090861354677,1672.0,1545.0,747.0,829.0,987.0,296.0,1.2848967670088005,0
TOPSIN_ET_Vp_1,cluster_family_supported_predictor,weak individual importance but belongs to a correlation cluster with high aggregate importance,0.03701167639767746,0.047330498039595305,0.0,0.0,1414.0,1339.0,1210.0,1471.0,221.0,1223.0,2.23606797749979,0
TOPSIN_ET_DC_PIV_Drain_Lag_0,nonlinear_predictor,high SHAP/permutation importance despite weak linear/monotonic correlation -- signal is not capturable by Pearson/Spearman alone (e.g. process-window/threshold shape),0.3566942190538282,0.28544550987192774,0.16112298838694838,0.09457011475528244,79.0,84.0,6.0,5.0,208.0,1223.0,0.504496499817279,5
TOPSIN_ET_DC_PIV_Drain_Lag_1,cluster_family_supported_predictor,weak individual importance but belongs to a correlation cluster with high aggregate importance,0.32371767388463996,0.3070115369865248,0.0011220606401195709,0.0020454315775141996,94.0,43.0,261.0,312.0,208.0,1223.0,1.3291934096515212,0
TOPSIN_ET_DC_PIV_Gate_Lag_0,currently_inconclusive,does not cleanly satisfy any strong/nonlinear/interaction/cluster/weak criterion -- insufficient evidence either way,0.23993705880386046,0.21375750405383268,0.0011883535192220545,0.002580220285279841,188.0,201.0,253.0,264.0,208.0,133.0,1.0123790959443815,0
TOPSIN_ET_DC_PIV_Gate_Lag_1,cluster_family_supported_predictor,weak individual importance but belongs to a correlation cluster with high aggregate importance,0.2707597997502449,0.19487295179718098,-6.856885978365202e-06,3.6095316867889857e-05,144.0,260.0,1555.0,1305.0,208.0,1223.0,1.5869398876382224,0
TOPSIN_ET_DC_PIV_Ids0_QP1,currently_inconclusive,does not cleanly satisfy any strong/nonlinear/interaction/cluster/weak criterion -- insufficient evidence either way,0.08404707840258788,0.018327411740418572,3.6122511394248716e-05,0.00026246367789656803,948.0,1574.0,784.0,728.0,918.0,609.0,0.8932697484913933,0
TOPSIN_ET_DC_PIV_Ids0_QP2,currently_inconclusive,does not cleanly satisfy any strong/nonlinear/interaction/cluster/weak criterion -- insufficient evidence either way,0.1266409958708664,0.1598439919050002,1.4273637589601319e-06,2.9280830079478858e-05,594.0,399.0,1174.0,1335.0,1306.0,1223.0,1.08671962994577,0
TOPSIN_ET_DC_PIV_Ids0_QP3,currently_inconclusive,does not cleanly satisfy any strong/nonlinear/interaction/cluster/weak criterion -- insufficient evidence either way,0.012648409671096919,0.06190482280827676,0.0009070224032466017,0.0018744224405134835,1599.0,1207.0,298.0,329.0,641.0,411.0,0.8833231774313212,0
TOPSIN_ET_DC_PIV_Ids1_QP1,currently_inconclusive,does not cleanly satisfy any strong/nonlinear/interaction/cluster/weak criterion -- insufficient evidence either way,0.20986257517381396,0.125091268814446,0.0015523760918030095,0.004118554893193434,252.0,624.0,212.0,172.0,533.0,296.0,1.608243813607246,0
TOPSIN_ET_DC_PIV_Ids1_QP2,interaction_dependent_predictor,weak individual importance but frequently co-occurs with important features in the same trees,0.03423740952670233,0.0600427245292511,0.00020277535678429325,0.00048430747891923224,1446.0,1227.0,496.0,578.0,820.0,191.0,0.5099696397958401,0
TOPSIN_ET_DC_PIV_Ids1_QP3,currently_inconclusive,does not cleanly satisfy any strong/nonlinear/interaction/cluster/weak criterion -- insufficient evidence either way,0.04083490539260612,0.06492387103844308,0.001899037987951352,0.0032157079486679935,1378.0,1180.0,189.0,213.0,560.0,411.0,1.1695216270758548,0
TOPSIN_ET_DC_RF_Gm_0,cluster_family_supported_predictor,weak individual importance but belongs to a correlation cluster with high aggregate importance,0.09989083992556771,0.09864009497953129,0.0,0.0,802.0,851.0,1210.0,1471.0,221.0,1223.0,2.1045432554511647,0
TOPSIN_ET_DC_RF_Gm_m0p2,cluster_family_supported_predictor,weak individual importance but belongs to a correlation cluster with high aggregate importance,0.12353430083144454,0.12036946404842878,0.0,0.0,619.0,664.0,1210.0,1471.0,221.0,1223.0,1.5526688659436063,0
TOPSIN_ET_DC_RF_Gm_max,currently_inconclusive,does not cleanly satisfy any strong/nonlinear/interaction/cluster/weak criterion -- insufficient evidence either way,0.0520427705664225,0.04072214925989522,0.0018245684260121213,0.004565752702152223,1293.0,1390.0,194.0,157.0,221.0,296.0,1.2995159280602997,0
TOPSIN_ET_DC_RF_Id_gm_max,cluster_family_supported_predictor,weak individual importance but belongs to a correlation cluster with high aggregate importance,0.09580099586599305,0.1063518353280776,0.0,0.0,830.0,779.0,1210.0,1471.0,221.0,1223.0,1.5000255839216365,0
TOPSIN_ET_DC_RF_Ids_m0p2,currently_inconclusive,does not cleanly satisfy any strong/nonlinear/interaction/cluster/weak criterion -- insufficient evidence either way,0.26363943764790115,0.2167978867433362,2.091107225801747e-06,1.4277699284532983e-05,151.0,195.0,1153.0,1425.0,1346.0,886.0,1.2511169930554262,0
TOPSIN_ET_DC_RF_Idss,currently_inconclusive,does not cleanly satisfy any strong/nonlinear/interaction/cluster/weak criterion -- insufficient evidence either way,0.08477810039223478,0.09655798508859068,0.004020068147325528,0.003915363013043818,941.0,868.0,103.0,179.0,221.0,191.0,0.3886031459017241,0
TOPSIN_ET_DC_RF_Imax,cluster_family_supported_predictor,weak individual importance but belongs to a correlation cluster with high aggregate importance,0.06707395219436306,0.08280614817414889,-4.650397560695962e-06,2.2490293388669018e-05,1142.0,1001.0,1520.0,1377.0,221.0,1223.0,1.8072821636046439,0
TOPSIN_ET_DC_RF_n_gd,currently_inconclusive,does not cleanly satisfy any strong/nonlinear/interaction/cluster/weak criterion -- insufficient evidence either way,0.16402424429835002,0.15379722832056184,1.902201593461661e-05,3.928951399675968e-05,401.0,430.0,896.0,1294.0,1283.0,886.0,0.7696673650789652,0
TOPSIN_ET_DC_RF_n_gs,interaction_dependent_predictor,weak individual importance but frequently co-occurs with important features in the same trees,0.12606561258607552,0.06812604004458711,0.0003517991884655458,0.0004445719240886429,599.0,1138.0,417.0,600.0,837.0,191.0,1.1785580368751165,0
TOPSIN_ET_DC_RF_Vbgd_0p01,interaction_dependent_predictor,weak individual importance but frequently co-occurs with important features in the same trees,0.18632398896516855,0.16665257347493806,0.00024825071081100434,0.0009272633192674974,324.0,366.0,467.0,461.0,733.0,191.0,1.2704936506398934,0
TOPSIN_ET_DC_RF_Vbgd_0p1,currently_inconclusive,does not cleanly satisfy any strong/nonlinear/interaction/cluster/weak criterion -- insufficient evidence either way,0.26483383598684324,0.268056147640492,0.0,0.0,150.0,112.0,1210.0,1471.0,1367.0,1223.0,0.9857589608668714,0
TOPSIN_ET_DC_RF_Vbgd1,currently_inconclusive,does not cleanly satisfy any strong/nonlinear/interaction/cluster/weak criterion -- insufficient evidence either way,0.12115189237100615,0.09937324478529638,3.2365745219661844e-05,0.0001025203232546764,634.0,842.0,804.0,1020.0,1122.0,886.0,2.163093054740878,0
TOPSIN_ET_DC_RF_Vbgs_0p01,currently_inconclusive,does not cleanly satisfy any strong/nonlinear/interaction/cluster/weak criterion -- insufficient evidence either way,0.3205732433930067,0.21411596741748803,0.0,0.0,97.0,199.0,1210.0,1471.0,1367.0,1223.0,1.3830411924904267,0
TOPSIN_ET_DC_RF_Vbgs_0p1,currently_inconclusive,does not cleanly satisfy any strong/nonlinear/interaction/cluster/weak criterion -- insufficient evidence either way,0.3075248969901175,0.24052402786582547,0.0,0.0,106.0,156.0,1210.0,1471.0,1367.0,1223.0,1.0287673883059234,0
TOPSIN_ET_DC_RF_Vbgs1,currently_inconclusive,does not cleanly satisfy any strong/nonlinear/interaction/cluster/weak criterion -- insufficient evidence either way,0.33806613639838173,0.2869842577516239,2.2542858322940895e-05,0.00017773186200112929,85.0,77.0,861.0,832.0,990.0,609.0,0.7536430374994656,0
TOPSIN_ET_DC_RF_Vbin_gd,currently_inconclusive,does not cleanly satisfy any strong/nonlinear/interaction/cluster/weak criterion -- insufficient evidence either way,0.3253966364046137,0.26024417977985115,1.5480070993531547e-05,8.715859927130482e-05,93.0,123.0,931.0,1075.0,1153.0,886.0,2.1807453212792836,0
TOPSIN_ET_DC_RF_Vbin_gs,interaction_dependent_predictor,weak individual importance but frequently co-occurs with important features in the same trees,0.2465631956091515,0.16514360494473346,0.001173875573338748,0.0017535294520516006,174.0,373.0,257.0,342.0,650.0,191.0,0.8229524420808212,0
TOPSIN_ET_DC_RF_Vboff,currently_inconclusive,does not cleanly satisfy any strong/nonlinear/interaction/cluster/weak criterion -- insufficient evidence either way,0.2276191771419219,0.2460636535731023,-1.2337649403892925e-05,6.753453027840958e-05,204.0,145.0,1603.0,1160.0,1208.0,609.0,0.999849739267121,0
TOPSIN_ET_DC_RF_Vdg_max,currently_inconclusive,does not cleanly satisfy any strong/nonlinear/interaction/cluster/weak criterion -- insufficient evidence either way,0.008487481203880654,0.047218936595977826,3.115773093545493e-06,4.450115324111807e-05,1636.0,1340.0,1130.0,1266.0,1271.0,886.0,0.7644748845209386,0
TOPSIN_ET_DC_RF_Vdg_max_0p1,currently_inconclusive,does not cleanly satisfy any strong/nonlinear/interaction/cluster/weak criterion -- insufficient evidence either way,0.18060808750594362,0.13323880994174503,7.123097831857606e-05,0.00037541624316700915,335.0,568.0,655.0,638.0,864.0,411.0,0.7882642173797402,0
TOPSIN_ET_DC_RF_Vds_max,currently_inconclusive,does not cleanly satisfy any strong/nonlinear/interaction/cluster/weak criterion -- insufficient evidence either way,0.01861696253126083,0.027315663905974466,0.005610402284782498,0.011298729420151834,1553.0,1502.0,84.0,56.0,453.0,1223.0,0.49130185911321445,0
TOPSIN_ET_DC_RF_Vds_max_0p1,currently_inconclusive,does not cleanly satisfy any strong/nonlinear/interaction/cluster/weak criterion -- insufficient evidence either way,0.19077186006638877,0.17541659158350184,0.000152104634737521,0.001026692178988954,312.0,336.0,545.0,439.0,719.0,411.0,1.1794666207883102,0
TOPSIN_ET_DC_RF_Vg_gm_max,cluster_family_supported_predictor,weak individual importance but belongs to a correlation cluster with high aggregate importance,0.12061215493681735,0.09866476294813994,0.0,0.0,639.0,850.0,1210.0,1471.0,221.0,1223.0,1.3080430490762045,0
TOPSIN_ET_DC_RF_Vg_max_Vd,interaction_dependent_predictor,weak individual importance but frequently co-occurs with important features in the same trees,0.015579893552072122,0.028316827857163225,0.0011113411531555955,0.0018092495798883253,1573.0,1497.0,262.0,337.0,646.0,69.0,0.8824353280539462,0
TOPSIN_ET_DC_RF_Vg_max_Vd_0p1,currently_inconclusive,does not cleanly satisfy any strong/nonlinear/interaction/cluster/weak criterion -- insufficient evidence either way,0.15956631589312753,0.12785608140417726,1.9145591445834943e-07,5.292071549458207e-05,420.0,595.0,1205.0,1221.0,1244.0,609.0,1.7790178399490892,0
TOPSIN_ET_DC_RF_Vg_optt,currently_inconclusive,does not cleanly satisfy any strong/nonlinear/interaction/cluster/weak criterion -- insufficient evidence either way,0.2723564677496758,0.19452826693851422,4.100872238449182e-05,0.0001580495458502909,141.0,262.0,759.0,877.0,1022.0,886.0,0.8835061550268317,0
TOPSIN_ET_DC_RF_Vp_01,cluster_family_supported_predictor,weak individual importance but belongs to a correlation cluster with high aggregate importance,0.06581351505975978,0.0767222715198218,3.994664591549235e-05,0.0003067899292943993,1156.0,1063.0,765.0,691.0,221.0,609.0,1.5673350040886818,0
TOPSIN_ET_DC_RF_Vp_1,cluster_family_supported_predictor,weak individual importance but belongs to a correlation cluster with high aggregate importance,0.013811585495513189,0.008076204028890265,0.0002886307462633825,0.0012464276512620907,1590.0,1656.0,443.0,401.0,221.0,296.0,0.8209691000401301,0
TOPSIN_ET_DC_RF_Vt_gd,currently_inconclusive,does not cleanly satisfy any strong/nonlinear/interaction/cluster/weak criterion -- insufficient evidence either way,0.21039367064949993,0.22496965137134106,-6.836608512200693e-06,1.7428891203290632e-05,249.0,182.0,1554.0,1411.0,1341.0,609.0,1.9335055820118114,0
TOPSIN_ET_DC_RF_Vt_gs,currently_inconclusive,does not cleanly satisfy any strong/nonlinear/interaction/cluster/weak criterion -- insufficient evidence either way,0.16628927577815197,0.20229889928418923,-3.406602608023168e-05,5.9363426039288416e-05,392.0,233.0,1669.0,1197.0,1230.0,886.0,0.8466838072970755,0
TOPSIN_ET_DC_SMALL_Gm_0,cluster_family_supported_predictor,weak individual importance but belongs to a correlation cluster with high aggregate importance,0.10951270790752249,0.10144402074471409,0.0,0.0,725.0,819.0,1210.0,1471.0,221.0,1223.0,0.754483853296346,0
TOPSIN_ET_DC_SMALL_Gm_m0p2,cluster_family_supported_predictor,weak individual importance but belongs to a correlation cluster with high aggregate importance,0.038197431416557265,0.05840463807326612,0.0,0.0,1401.0,1236.0,1210.0,1471.0,221.0,1223.0,1.8427311552965555,0
TOPSIN_ET_DC_SMALL_Gm_max,cluster_family_supported_predictor,weak individual importance but belongs to a correlation cluster with high aggregate importance,0.083004257025653,0.111793900330677,1.4711769439207378e-05,7.469764759264239e-05,962.0,736.0,944.0,1129.0,221.0,886.0,1.5503965125552328,0
TOPSIN_ET_DC_SMALL_Id_gm_max,cluster_family_supported_predictor,weak individual importance but belongs to a correlation cluster with high aggregate importance,0.09387793337193687,0.09999483314744399,-2.7572971783573763e-06,8.390748394047788e-06,855.0,834.0,1499.0,1457.0,221.0,1223.0,1.7448847365657107,0
TOPSIN_ET_DC_SMALL_Ids_m0p2,currently_inconclusive,does not cleanly satisfy any strong/nonlinear/interaction/cluster/weak criterion -- insufficient evidence either way,0.1595471683166815,0.18718099027031188,-1.3778293546873321e-05,6.257264704947339e-05,421.0,297.0,1610.0,1183.0,1223.0,411.0,0.6611970950376445,0
TOPSIN_ET_DC_SMALL_Idss,cluster_family_supported_predictor,weak individual importance but belongs to a correlation cluster with high aggregate importance,0.07263852546523392,0.058046174709610744,0.0,0.0,1072.0,1239.0,1210.0,1471.0,221.0,1223.0,1.514408145318271,0
TOPSIN_ET_DC_SMALL_Imax,cluster_family_supported_predictor,weak individual importance but belongs to a correlation cluster with high aggregate importance,0.09060288117743093,0.08416221974577014,0.0,0.0,890.0,980.0,1210.0,1471.0,221.0,1223.0,1.8463230026270845,0
TOPSIN_ET_DC_SMALL_n_gd,currently_inconclusive,does not cleanly satisfy any strong/nonlinear/interaction/cluster/weak criterion -- insufficient evidence either way,0.07330688520101246,0.07784899765356809,-6.602985249601345e-06,0.0001297289281225018,1066.0,1055.0,1551.0,935.0,1060.0,609.0,1.4705480854031827,0
TOPSIN_ET_DC_SMALL_n_gs,currently_inconclusive,does not cleanly satisfy any strong/nonlinear/interaction/cluster/weak criterion -- insufficient evidence either way,0.0064160203460782985,0.05710679179691932,0.00041455522503412723,0.0012147919345131407,1661.0,1248.0,392.0,411.0,695.0,886.0,1.1389237059936619,0
TOPSIN_ET_DC_SMALL_Vbgd_0p01,currently_inconclusive,does not cleanly satisfy any strong/nonlinear/interaction/cluster/weak criterion -- insufficient evidence either way,0.2702846006131166,0.23399457213888275,2.0060719984402177e-05,0.00014887226095225376,145.0,165.0,885.0,885.0,1028.0,411.0,0.8563228059903453,0
TOPSIN_ET_DC_SMALL_Vbgd_0p1,currently_inconclusive,does not cleanly satisfy any strong/nonlinear/interaction/cluster/weak criterion -- insufficient evidence either way,0.2417609611150377,0.2461636588512455,0.006280356802411638,0.010482921301858072,182.0,144.0,70.0,65.0,460.0,1223.0,0.6061666174299195,0
TOPSIN_ET_DC_SMALL_Vbgd1,currently_inconclusive,does not cleanly satisfy any strong/nonlinear/interaction/cluster/weak criterion -- insufficient evidence either way,0.27472876159804765,0.2599932776486875,-7.259445702845202e-07,1.1983976005341315e-05,137.0,125.0,1468.0,1439.0,1352.0,886.0,1.282347072516927,0
TOPSIN_ET_DC_SMALL_Vbgs_0p01,currently_inconclusive,does not cleanly satisfy any strong/nonlinear/interaction/cluster/weak criterion -- insufficient evidence either way,0.22975437192612888,0.21482133797932448,0.0,0.0,199.0,198.0,1210.0,1471.0,1367.0,1223.0,1.8733188634475013,0
TOPSIN_ET_DC_SMALL_Vbgs_0p1,currently_inconclusive,does not cleanly satisfy any strong/nonlinear/interaction/cluster/weak criterion -- insufficient evidence either way,0.33345015656147425,0.278149791480457,0.001165312672167193,0.0006282315500192611,87.0,99.0,259.0,535.0,787.0,411.0,0.5896376643981229,0
TOPSIN_ET_DC_SMALL_Vbgs1,currently_inconclusive,does not cleanly satisfy any strong/nonlinear/interaction/cluster/weak criterion -- insufficient evidence either way,0.28292607980758455,0.2106028931132945,0.0007933635095262653,0.00309168331607936,126.0,214.0,315.0,220.0,565.0,886.0,0.20926289149814317,0
TOPSIN_ET_DC_SMALL_Vbin_gd,currently_inconclusive,does not cleanly satisfy any strong/nonlinear/interaction/cluster/weak criterion -- insufficient evidence either way,0.28040565053837935,0.30456629681894876,0.0049066744522307274,0.006787850239577844,130.0,50.0,91.0,100.0,486.0,1223.0,0.5567046371976296,0
TOPSIN_ET_DC_SMALL_Vbin_gs,currently_inconclusive,does not cleanly satisfy any strong/nonlinear/interaction/cluster/weak criterion -- insufficient evidence either way,0.24190550950304987,0.18309388566957663,8.80643683746546e-05,0.000981919197226959,181.0,313.0,623.0,448.0,724.0,609.0,1.247323274236262,0
TOPSIN_ET_DC_SMALL_Vboff,currently_inconclusive,does not cleanly satisfy any strong/nonlinear/interaction/cluster/weak criterion -- insufficient evidence either way,0.29402331293354855,0.21324792160320544,-2.4420552874881984e-06,9.26183931828991e-05,118.0,203.0,1497.0,1058.0,1146.0,296.0,1.0311222936308553,0
TOPSIN_ET_DC_SMALL_Vdg_max,currently_inconclusive,does not cleanly satisfy any strong/nonlinear/interaction/cluster/weak criterion -- insufficient evidence either way,0.11076104561467354,0.11467805255232577,0.0005420573052736105,0.0010566806628661872,712.0,706.0,355.0,437.0,717.0,411.0,1.1475519632941173,0
TOPSIN_ET_DC_SMALL_Vdg_max_0p1,interaction_dependent_predictor,weak individual importance but frequently co-occurs with important features in the same trees,0.29279781525733684,0.2707767356738889,0.0002014577859990596,0.0009035764718124694,120.0,108.0,498.0,468.0,736.0,133.0,1.1938216083200874,0
TOPSIN_ET_DC_SMALL_Vds_max,nonlinear_predictor,high SHAP/permutation importance despite weak linear/monotonic correlation -- signal is not capturable by Pearson/Spearman alone (e.g. process-window/threshold shape),0.020901071739536634,0.06881852103724063,0.009730123832367491,0.010786652460039929,1536.0,1127.0,47.0,58.0,455.0,1223.0,0.3944160116699145,0
TOPSIN_ET_DC_SMALL_Vds_max_0p1,currently_inconclusive,does not cleanly satisfy any strong/nonlinear/interaction/cluster/weak criterion -- insufficient evidence either way,0.1728711554211449,0.1766137658798512,-1.3511616540740069e-05,0.00019761550565509437,366.0,335.0,1609.0,805.0,973.0,609.0,1.2118220105508266,0
TOPSIN_ET_DC_SMALL_Vg_gm_max,cluster_family_supported_predictor,weak individual importance but belongs to a correlation cluster with high aggregate importance,0.10007647826489302,0.09987504904762362,0.0,0.0,801.0,835.0,1210.0,1471.0,221.0,1223.0,0.750176230058471,0
TOPSIN_ET_DC_SMALL_Vg_max_Vd,currently_inconclusive,does not cleanly satisfy any strong/nonlinear/interaction/cluster/weak criterion -- insufficient evidence either way,0.05749924329285867,0.06589925585126605,2.7173447476452894e-05,0.0001184602642201014,1235.0,1172.0,831.0,969.0,1087.0,411.0,1.0561673118822446,0
TOPSIN_ET_DC_SMALL_Vg_max_Vd_0p1,interaction_dependent_predictor,weak individual importance but frequently co-occurs with important features in the same trees,0.05875204113755275,0.04864678973391074,0.0001183531116772496,0.0004693563753504778,1216.0,1325.0,579.0,588.0,830.0,35.0,1.0709265509924824,0
TOPSIN_ET_DC_SMALL_Vg_optt,interaction_dependent_predictor,weak individual importance but frequently co-occurs with important features in the same trees,0.09177143973143723,0.06608993258159233,0.00018677891952182947,0.0002405762424588778,875.0,1171.0,512.0,753.0,938.0,96.0,0.9738905684768431,0
TOPSIN_ET_DC_SMALL_Vp_01,cluster_family_supported_predictor,weak individual importance but belongs to a correlation cluster with high aggregate importance,0.03868244596970754,0.034186915450215356,0.0,0.0,1398.0,1445.0,1210.0,1471.0,221.0,1223.0,1.276985136422463,0
TOPSIN_ET_DC_SMALL_Vp_1,cluster_family_supported_predictor,weak individual importance but belongs to a correlation cluster with high aggregate importance,0.05232489413076199,0.03487872974101461,1.3252932796664618e-05,2.108470682146123e-05,1287.0,1441.0,959.0,1391.0,221.0,886.0,1.9590197737801947,0
TOPSIN_ET_DC_SMALL_Vt_gd,currently_inconclusive,does not cleanly satisfy any strong/nonlinear/interaction/cluster/weak criterion -- insufficient evidence either way,0.1256505114337061,0.12731427503059276,0.00014386931573759089,0.0001371215944276542,603.0,603.0,555.0,913.0,1047.0,609.0,1.0285569773095276,0
TOPSIN_ET_DC_SMALL_Vt_gs,currently_inconclusive,does not cleanly satisfy any strong/nonlinear/interaction/cluster/weak criterion -- insufficient evidence either way,0.058482812225725586,0.041607084854486484,0.00016548621255651764,0.0006238370916812104,1219.0,1385.0,533.0,537.0,789.0,609.0,0.412090268580706,0
TOPSIN_ET_Load_Pull_Freq,currently_inconclusive,does not cleanly satisfy any strong/nonlinear/interaction/cluster/weak criterion -- insufficient evidence either way,0.08636341828868291,0.07035749115088817,1.467285435083343e-05,0.0002208387876163954,926.0,1114.0,945.0,772.0,953.0,296.0,1.6979405647025527,0
TOPSIN_ET_Load_Pull_Gain_comp_Last,currently_inconclusive,does not cleanly satisfy any strong/nonlinear/interaction/cluster/weak criterion -- insufficient evidence either way,0.13070354850940183,0.18360946843689246,-4.114230284477105e-06,4.081008861032312e-05,574.0,310.0,1513.0,1287.0,1279.0,886.0,1.212182228255049,0
TOPSIN_ET_Load_Pull_GL_meas,currently_inconclusive,does not cleanly satisfy any strong/nonlinear/interaction/cluster/weak criterion -- insufficient evidence either way,0.1189380610836494,0.12867145777197117,-1.3437184491182919e-05,8.935267866417758e-05,646.0,589.0,1607.0,1065.0,1149.0,886.0,1.197734877736472,0
TOPSIN_ET_Load_Pull_GL_set,currently_inconclusive,does not cleanly satisfy any strong/nonlinear/interaction/cluster/weak criterion -- insufficient evidence either way,0.15898750029750205,0.10119156297589046,3.067797378256687e-05,7.332550585233702e-05,423.0,822.0,816.0,1138.0,1195.0,886.0,0.5122933863328816,0
TOPSIN_ET_Load_Pull_Gss,currently_inconclusive,does not cleanly satisfy any strong/nonlinear/interaction/cluster/weak criterion -- insufficient evidence either way,0.2207309964772294,0.25685111180942943,1.5149474292197595e-05,0.0001085732941974237,216.0,131.0,939.0,1006.0,1112.0,886.0,1.7792148025924657,0
TOPSIN_ET_Load_Pull_ID_comp_Last_mA,currently_inconclusive,does not cleanly satisfy any strong/nonlinear/interaction/cluster/weak criterion -- insufficient evidence either way,0.030089229239707433,0.00930582448214829,-9.29093999458841e-06,3.8195661683057924e-05,1470.0,1651.0,1582.0,1300.0,1288.0,609.0,1.093498951769465,0
TOPSIN_ET_Load_Pull_Id_ini,currently_inconclusive,does not cleanly satisfy any strong/nonlinear/interaction/cluster/weak criterion -- insufficient evidence either way,0.0681157595732334,0.04942638643552454,0.0008773449177309989,0.0030065911420202327,1132.0,1318.0,302.0,231.0,572.0,411.0,2.0521646206064403,0
TOPSIN_ET_Load_Pull_Id_ord,currently_inconclusive,does not cleanly satisfy any strong/nonlinear/interaction/cluster/weak criterion -- insufficient evidence either way,0.08113941600690323,0.08346484960618517,0.0022162455759450308,0.0036618988725414174,976.0,990.0,173.0,191.0,546.0,296.0,1.4789425129761873,0
TOPSIN_ET_Load_Pull_Id_SS,currently_inconclusive,does not cleanly satisfy any strong/nonlinear/interaction/cluster/weak criterion -- insufficient evidence either way,0.005978948471414822,0.0663441682220274,-1.0085650738320128e-05,0.00017119635960714086,1666.0,1167.0,1586.0,843.0,998.0,609.0,1.4020769724693456,0
TOPSIN_ET_Load_Pull_IG_comp_Last_uA,currently_inconclusive,does not cleanly satisfy any strong/nonlinear/interaction/cluster/weak criterion -- insufficient evidence either way,0.2599850565607918,0.28119861906011484,1.3126443276972876e-06,0.00013547973550155997,155.0,93.0,1177.0,918.0,1051.0,609.0,0.9972061292383789,0
TOPSIN_ET_Load_Pull_P.A.E_Last,currently_inconclusive,does not cleanly satisfy any strong/nonlinear/interaction/cluster/weak criterion -- insufficient evidence either way,0.26106921880252987,0.2631612226263114,0.0031179423966955196,0.007493192709301761,154.0,119.0,138.0,90.0,478.0,1223.0,0.588894360432483,0
TOPSIN_ET_Load_Pull_PhL_meas,nonlinear_predictor,high SHAP/permutation importance despite weak linear/monotonic correlation -- signal is not capturable by Pearson/Spearman alone (e.g. process-window/threshold shape),0.17619880188566342,0.2697269024873371,0.0074732229593365476,0.012528287963540054,353.0,109.0,58.0,51.0,449.0,1223.0,0.7690885201456139,0
TOPSIN_ET_Load_Pull_PhL_set,currently_inconclusive,does not cleanly satisfy any strong/nonlinear/interaction/cluster/weak criterion -- insufficient evidence either way,0.05574005571192874,0.04335762168989466,0.00048425177033782906,0.0013396081340596362,1256.0,1374.0,372.0,385.0,677.0,609.0,0.8431711464771129,0
TOPSIN_ET_Load_Pull_Pin_Cut,interaction_dependent_predictor,weak individual importance but frequently co-occurs with important features in the same trees,0.13434328285242847,0.11113564336654357,7.083024270915228e-06,0.00024147975420890107,551.0,742.0,1042.0,751.0,936.0,191.0,0.7353865682515208,0
TOPSIN_ET_Load_Pull_Pin_Last,currently_inconclusive,does not cleanly satisfy any strong/nonlinear/interaction/cluster/weak criterion -- insufficient evidence either way,0.040281525954536726,0.03420980554721257,1.824545678871803e-06,1.1163992287114416e-05,1384.0,1443.0,1159.0,1444.0,1355.0,886.0,1.1046555941534744,0
TOPSIN_ET_Load_Pull_Pout_Last,interaction_dependent_predictor,weak individual importance but frequently co-occurs with important features in the same trees,0.07245017810920336,0.03919495754567344,6.530152199296924e-05,0.0002406474948328554,1075.0,1402.0,671.0,752.0,937.0,191.0,0.9009752890237528,0
TOPSIN_ET_Load_Pull_Pout_W_last,currently_inconclusive,does not cleanly satisfy any strong/nonlinear/interaction/cluster/weak criterion -- insufficient evidence either way,0.019704223723640436,0.039615424181777575,2.6248679091650516e-06,1.120183128722193e-05,1544.0,1397.0,1141.0,1443.0,1354.0,886.0,0.36887924896864205,0
TOPSIN_ET_Load_Pull_Pout_W_mm_last,currently_inconclusive,does not cleanly satisfy any strong/nonlinear/interaction/cluster/weak criterion -- insufficient evidence either way,0.08899608920691351,0.16131984757644185,5.55438224503213e-07,1.1962628520982945e-05,906.0,394.0,1199.0,1440.0,822.0,1223.0,1.3058165740018608,0
TOPSIN_ET_Load_Pull_Vg,currently_inconclusive,does not cleanly satisfy any strong/nonlinear/interaction/cluster/weak criterion -- insufficient evidence either way,0.2670707782247776,0.24925315524401487,9.460970619393216e-06,3.2807795280226845e-05,149.0,139.0,1004.0,1319.0,1297.0,886.0,0.8171014785292054,0
ABVIA_CD_AB_VIA_litho,currently_inconclusive,does not cleanly satisfy any strong/nonlinear/interaction/cluster/weak criterion -- insufficient evidence either way,0.06038646054113168,0.043306730115017365,-8.315203277745598e-05,0.00042523550181632796,1196.0,1375.0,1697.0,607.0,840.0,411.0,0.7073902570725428,0
ANODE_CD_Anode_CD_litho,currently_inconclusive,does not cleanly satisfy any strong/nonlinear/interaction/cluster/weak criterion -- insufficient evidence either way,0.03464340856565598,0.030670729870701813,-1.119537610366761e-07,0.00012214202244202233,1440.0,1478.0,1455.0,960.0,1079.0,886.0,0.7105759699624863,0
BFIC_Height_FIC_metal_thickness,currently_inconclusive,does not cleanly satisfy any strong/nonlinear/interaction/cluster/weak criterion -- insufficient evidence either way,0.07910917444042878,0.10856106303923574,1.7467144954147475e-05,6.932980595587822e-05,993.0,755.0,906.0,1150.0,1201.0,1223.0,1.4736942732816682,0
BMETAL1_Height_Metal1_metal_thickness,interaction_dependent_predictor,weak individual importance but frequently co-occurs with important features in the same trees,0.09549041552974569,0.08679169185908099,8.718916581704206e-06,6.801377454118618e-05,837.0,953.0,1017.0,1157.0,1205.0,133.0,0.859906676383538,0
BPLATE_Height_BPLATE_metal_thickness,currently_inconclusive,does not cleanly satisfy any strong/nonlinear/interaction/cluster/weak criterion -- insufficient evidence either way,0.00679889900983421,0.04850211543153031,2.349117876231377e-05,0.0001767679804972257,1654.0,1327.0,854.0,836.0,993.0,886.0,0.7002582508560573,0
BRGM_Cd_Litho_BRGM_litho_CD,currently_inconclusive,does not cleanly satisfy any strong/nonlinear/interaction/cluster/weak criterion -- insufficient evidence either way,0.010427771163674418,0.041871543256687294,2.662175541153222e-05,5.975990204531257e-05,1620.0,1382.0,836.0,1195.0,1229.0,411.0,1.6866281131630405,0
BRGM_Cd_Metal_BRGM_Final_metal_CD,currently_inconclusive,does not cleanly satisfy any strong/nonlinear/interaction/cluster/weak criterion -- insufficient evidence either way,0.04127368818131266,0.005077823556206865,-2.9748172926422067e-05,8.73723460147459e-05,1371.0,1674.0,1660.0,1074.0,1152.0,411.0,0.5446735172357331,0
BRGM_Height2_BRGM_Height2,currently_inconclusive,does not cleanly satisfy any strong/nonlinear/interaction/cluster/weak criterion -- insufficient evidence either way,0.09610226992767608,0.0652567774976841,3.853213594080529e-05,8.87401872919474e-05,828.0,1177.0,773.0,1067.0,1150.0,886.0,1.5954749469953207,0
BRGM_Height3_TOP_metal_thickness,currently_inconclusive,does not cleanly satisfy any strong/nonlinear/interaction/cluster/weak criterion -- insufficient evidence either way,0.07364358237263251,0.03789866690698664,0.000259535366122407,0.0008478516784723435,1061.0,1414.0,459.0,485.0,749.0,411.0,1.1315925345373385,0
BRIDGE_METAL_CD_BRGM_Final_metal_CD,interaction_dependent_predictor,weak individual importance but frequently co-occurs with important features in the same trees,0.02857129407252272,0.07197735442285595,0.00010337706804159075,0.0003431804114603759,1484.0,1099.0,603.0,662.0,879.0,96.0,0.47666816344469226,0
BRIDGE_METAL_Height_Final_TOP_metal_thickness,currently_inconclusive,does not cleanly satisfy any strong/nonlinear/interaction/cluster/weak criterion -- insufficient evidence either way,0.12070586739740356,0.012688891924755717,6.805938638995701e-06,3.667132864959337e-05,638.0,1630.0,1050.0,1304.0,1291.0,886.0,1.8792675119813835,0
BRIDGE_METAL_Height2_BRGM_Height2,currently_inconclusive,does not cleanly satisfy any strong/nonlinear/interaction/cluster/weak criterion -- insufficient evidence either way,0.09979555684569472,0.11280395363992293,2.785724619787655e-05,0.0001081794161450971,805.0,729.0,827.0,1008.0,1113.0,609.0,0.8651875706008917,0
CHRE_Ali_Litho_Channel_to_Ohmic_Alignment,currently_inconclusive,does not cleanly satisfy any strong/nonlinear/interaction/cluster/weak criterion -- insufficient evidence either way,0.02496667013548662,0.010279209189408391,0.0020170442962607086,0.004185519593099353,1508.0,1648.0,182.0,170.0,531.0,96.0,0.5767060567998381,0
CHRE_CD_Channel_recess_CD,currently_inconclusive,does not cleanly satisfy any strong/nonlinear/interaction/cluster/weak criterion -- insufficient evidence either way,0.023213932250931924,0.0672157697795329,7.86091017190016e-05,0.000173188995483936,1525.0,1150.0,645.0,839.0,995.0,411.0,0.7045890582278996,0
CHRE_CD_2_Channel_recess_CD_Etch,currently_inconclusive,does not cleanly satisfy any strong/nonlinear/interaction/cluster/weak criterion -- insufficient evidence either way,0.0025014001367149896,0.024113717133781874,-1.2188453478473305e-05,0.00018069891659641823,1700.0,1528.0,1600.0,827.0,985.0,296.0,0.67650156496412,0
CHRE_ET_Ids_Channel_recess_current,interaction_dependent_predictor,weak individual importance but frequently co-occurs with important features in the same trees,0.10698266441728316,0.10213916854478479,2.5814686405631336e-05,0.00027856787144564505,750.0,811.0,841.0,712.0,908.0,69.0,1.1661915235847071,0
EBCR2_Ali_Litho_Gate_to_ohmic_alignment,currently_inconclusive,does not cleanly satisfy any strong/nonlinear/interaction/cluster/weak criterion -- insufficient evidence either way,0.09536826332638829,0.02728566232253152,0.0004688237199399148,0.0009813277222893468,839.0,1503.0,375.0,449.0,725.0,411.0,2.0144215352050687,0
EBCR2_CD_Gate_Leg_Length,cluster_family_supported_predictor,weak individual importance but belongs to a correlation cluster with high aggregate importance,0.0031371106387848204,0.028262825006965916,0.0,0.0,1694.0,1498.0,1210.0,1471.0,221.0,1223.0,1.3318750797866183,0
EBCR2_CD_2_EBCR_cd_etch,currently_inconclusive,does not cleanly satisfy any strong/nonlinear/interaction/cluster/weak criterion -- insufficient evidence either way,0.03386003751361497,0.01477789106819064,3.4548275425400065e-06,6.659311769281378e-05,1448.0,1609.0,1118.0,1164.0,1212.0,886.0,0.9045044467480241,0
EBCR2_ET_Ids_EBCR_recess_current,currently_inconclusive,does not cleanly satisfy any strong/nonlinear/interaction/cluster/weak criterion -- insufficient evidence either way,0.2541409802616805,0.2417185353547577,0.00010985843712367493,0.0005325023095616073,165.0,155.0,594.0,565.0,809.0,886.0,0.828014653103477,0
FIC_Height_FIC_metal_thickness,currently_inconclusive,does not cleanly satisfy any strong/nonlinear/interaction/cluster/weak criterion -- insufficient evidence either way,0.013471662337982051,0.014024962440748351,1.302842312850272e-06,2.766358873500497e-05,1593.0,1613.0,1178.0,1342.0,1310.0,886.0,2.136369079210498,0
FIN_CD1_CD_PL_FIN,interaction_dependent_predictor,weak individual importance but frequently co-occurs with important features in the same trees,0.011963023130493147,0.013903844937219412,2.9067951814806813e-05,0.0005639654315310615,1604.0,1614.0,823.0,553.0,802.0,191.0,0.7221966966520321,0
FIN_CD2_CD_etch_FIN,currently_inconclusive,does not cleanly satisfy any strong/nonlinear/interaction/cluster/weak criterion -- insufficient evidence either way,0.0794921754184447,0.09506746197635473,4.380164735062753e-06,0.00033919071443871485,987.0,885.0,1093.0,665.0,881.0,411.0,0.8418622642853423,0
FIN_Etch_Hard_Bias,currently_inconclusive,does not cleanly satisfy any strong/nonlinear/interaction/cluster/weak criterion -- insufficient evidence either way,0.012038047994599203,0.006157880560153006,-1.1172279468749103e-05,7.664639460384387e-05,1603.0,1669.0,1593.0,1111.0,1174.0,886.0,0.9760379720243754,0
FIN_Etch_Soft_Bias,currently_inconclusive,does not cleanly satisfy any strong/nonlinear/interaction/cluster/weak criterion -- insufficient evidence either way,0.05718644541037447,0.020649534298902775,0.0002714228076407088,0.0007938676019558963,1236.0,1560.0,450.0,497.0,756.0,411.0,0.5189297254344151,0
FIN_FIN_Alignment_FIN_to_ohmic_alignment,currently_inconclusive,does not cleanly satisfy any strong/nonlinear/interaction/cluster/weak criterion -- insufficient evidence either way,0.17889331745707732,0.14716154476483595,0.0010205823594871349,0.0022058407501684267,342.0,484.0,278.0,295.0,618.0,411.0,1.0531178152633194,0
FMESA_Height_Fmesa_Height,interaction_dependent_predictor,weak individual importance but frequently co-occurs with important features in the same trees,0.14158595963165307,0.20129773533300052,2.702743830071408e-05,0.0006849942478680965,508.0,238.0,832.0,519.0,771.0,191.0,0.5044260845866555,0
FP2_Height1_FP2_Height1,currently_inconclusive,does not cleanly satisfy any strong/nonlinear/interaction/cluster/weak criterion -- insufficient evidence either way,0.013602102979716348,0.04275447874571569,-2.8382106749824666e-07,2.4098144494025145e-05,1591.0,1376.0,1460.0,1362.0,1321.0,609.0,1.1599310239334528,0
FP2_Height2_FP2_Height2,currently_inconclusive,does not cleanly satisfy any strong/nonlinear/interaction/cluster/weak criterion -- insufficient evidence either way,0.03617560217304543,0.07124642695660516,8.146869833866588e-06,9.28091416002783e-05,1419.0,1106.0,1021.0,1057.0,1145.0,886.0,0.8032516644353986,0
GATE1_Thickness1_Triple_E-beam_thickness,currently_inconclusive,does not cleanly satisfy any strong/nonlinear/interaction/cluster/weak criterion -- insufficient evidence either way,0.018655040016177835,0.02024129053012725,4.153256660086035e-06,3.016491705802815e-05,1551.0,1564.0,1100.0,1332.0,1303.0,886.0,1.0953070922326829,0
GATE2_Ali_Litho_Gate_to_recess_alignment,currently_inconclusive,does not cleanly satisfy any strong/nonlinear/interaction/cluster/weak criterion -- insufficient evidence either way,0.014592055048894405,0.017190018377003687,7.292925102636571e-06,5.084712677826977e-05,1581.0,1582.0,1038.0,1227.0,1250.0,886.0,1.033092982371486,0
GATE2_Ali_Litho2_Gate_to_ohmic_alignment,weak_unstable_predictor,"weak on every signal (correlation, SHAP, permutation, cluster, co-occurrence) and never stable across folds",0.0681239323068134,0.05520735821405355,0.0,0.0,1131.0,1269.0,1210.0,1471.0,1367.0,1223.0,1.0645047491271569,0
GATE2_CD_Gate_Leg_Length,currently_inconclusive,does not cleanly satisfy any strong/nonlinear/interaction/cluster/weak criterion -- insufficient evidence either way,0.003851428976157927,0.05510557506429895,0.002759907164163003,0.005625785345987656,1683.0,1271.0,151.0,119.0,221.0,609.0,1.6468518609423628,0
GATE2_CD_Gate_Win_Length,interaction_dependent_predictor,weak individual importance but frequently co-occurs with important features in the same trees,0.042417186842837525,0.02820237737217716,1.2288569994645116e-05,0.00019870124311619446,1362.0,1499.0,970.0,802.0,971.0,133.0,0.9298488084628506,0
GATE2_CD_310nm_Gate_Leg_Length,currently_inconclusive,does not cleanly satisfy any strong/nonlinear/interaction/cluster/weak criterion -- insufficient evidence either way,0.10376581999516696,0.026706076177204045,-5.357667923244769e-06,5.6035443741305685e-05,771.0,1512.0,1534.0,1210.0,1239.0,609.0,1.025680428532484,0
GATE2_CD_310nm_Gate_Win_Length,currently_inconclusive,does not cleanly satisfy any strong/nonlinear/interaction/cluster/weak criterion -- insufficient evidence either way,0.13020509586714188,0.05985627024400196,3.2807029971018695e-05,0.00014067075978861496,577.0,1229.0,801.0,901.0,1039.0,886.0,0.5858658855475042,0
GATE2_CD_330nm_Gate_Leg_Length,currently_inconclusive,does not cleanly satisfy any strong/nonlinear/interaction/cluster/weak criterion -- insufficient evidence either way,0.049352743750690826,0.017738047301228205,1.120505059096777e-05,9.768920580780605e-05,1316.0,1576.0,980.0,1038.0,1134.0,609.0,1.3156517837205792,0
GATE2_CD_330nm_Gate_Win_Length,interaction_dependent_predictor,weak individual importance but frequently co-occurs with important features in the same trees,0.01924215325644017,0.11377911621879447,-0.00012558149871626234,0.000321638725151326,1547.0,716.0,1702.0,678.0,888.0,191.0,0.8020329551673103,0
GATE2_CD_358nm_Gate_Leg_Length,currently_inconclusive,does not cleanly satisfy any strong/nonlinear/interaction/cluster/weak criterion -- insufficient evidence either way,0.03459771109638596,0.06545189890703897,-4.2302137659719353e-05,0.0002093009808450641,1441.0,1175.0,1677.0,789.0,962.0,886.0,0.5267217489257014,0
GATE2_CD_358nm_Gate_Win_Length,currently_inconclusive,does not cleanly satisfy any strong/nonlinear/interaction/cluster/weak criterion -- insufficient evidence either way,0.006931645265410308,0.05998338806421949,-5.337170433494798e-06,4.664369668736428e-05,1652.0,1228.0,1533.0,1249.0,1260.0,609.0,0.9516505307165639,0
GATE2_CD_HPA_CB_Gate_Win_Length,interaction_dependent_predictor,weak individual importance but frequently co-occurs with important features in the same trees,0.12939642633787388,0.10083332184618653,-7.709963834096612e-05,0.00010217179251848326,583.0,827.0,1693.0,1024.0,1124.0,191.0,0.7294025673405873,0
GATE2_ET_Ids2_Gate_recess_current,currently_inconclusive,does not cleanly satisfy any strong/nonlinear/interaction/cluster/weak criterion -- insufficient evidence either way,0.035653850907436634,0.039696984041952106,0.00022873647815666864,0.000364274282164455,1425.0,1395.0,477.0,644.0,870.0,296.0,1.1597242628180044,0
GATE2_Thickness4_PMMA_PR_etch_thickness,interaction_dependent_predictor,weak individual importance but frequently co-occurs with important features in the same trees,0.0592233922572917,0.08581208460118087,0.0006551615449935155,0.0020968582348591764,1208.0,962.0,335.0,309.0,629.0,3.0,1.152516557849844,0
HIRS_M_Gauge_P_E_MoSi,currently_inconclusive,does not cleanly satisfy any strong/nonlinear/interaction/cluster/weak criterion -- insufficient evidence either way,0.05183353224706853,0.078568591188296,0.00029715834976915825,0.0002822450161870328,1297.0,1043.0,441.0,709.0,906.0,609.0,0.7175219942850218,0
MESA_CD_Mesa_CD_Radius,interaction_dependent_predictor,weak individual importance but frequently co-occurs with important features in the same trees,0.007055195794174978,0.08655345706314883,-1.401997623223794e-06,0.0009329732726523865,1651.0,955.0,1479.0,458.0,730.0,35.0,0.7422357491370456,0
MESA_Height_Mesa_Height,currently_inconclusive,does not cleanly satisfy any strong/nonlinear/interaction/cluster/weak criterion -- insufficient evidence either way,0.02022328270762892,0.06446295782317883,-9.436608573867855e-06,8.280386389793844e-05,1541.0,1187.0,1583.0,1094.0,1164.0,886.0,1.0936063389882738,0
METAL1_Height_Metal1_metal_thickness,currently_inconclusive,does not cleanly satisfy any strong/nonlinear/interaction/cluster/weak criterion -- insufficient evidence either way,0.03982980970372299,0.05627674798833108,-4.420758222345722e-05,0.00013221982765478004,1389.0,1259.0,1679.0,927.0,1055.0,609.0,0.8672426535656493,0
OHMIC_CD_Ohmic_CD_litho,interaction_dependent_predictor,weak individual importance but frequently co-occurs with important features in the same trees,0.012682029044476835,0.0819856604254721,-1.6300120892853708e-05,0.00024996513266323955,1596.0,1011.0,1626.0,743.0,929.0,69.0,0.7463717152819734,0
OHMIC_Thickness_SiN_Thickness,cluster_family_supported_predictor,weak individual importance but belongs to a correlation cluster with high aggregate importance,0.14684160019317385,0.16186743203276352,2.549568775984945e-05,8.609322780878092e-05,485.0,392.0,842.0,1080.0,73.0,296.0,0.9228363073009281,0
SIN_Thickness_RefractiveIndex,interaction_dependent_predictor,weak individual importance but frequently co-occurs with important features in the same trees,0.04613731978397911,0.08652790015873447,7.014215752007557e-06,0.0001184550985048062,1337.0,956.0,1043.0,970.0,1088.0,191.0,0.17864580465746685,0
SIN_Thickness_SiN_Thickness,currently_inconclusive,does not cleanly satisfy any strong/nonlinear/interaction/cluster/weak criterion -- insufficient evidence either way,0.006715878561509294,0.08331261934945614,-1.178941431520808e-05,0.00010278079563373324,1656.0,996.0,1596.0,1019.0,1121.0,411.0,0.6450854879753293,0
SIN_Thickness1_RefractiveIndex,interaction_dependent_predictor,weak individual importance but frequently co-occurs with important features in the same trees,0.012618331395671666,0.0073657220861709635,-2.3413977302844115e-05,0.00014368459833745363,1600.0,1662.0,1643.0,895.0,1036.0,55.0,1.5958783620791557,0
SIN_Thickness1_SiN_Thickness_1st,interaction_dependent_predictor,weak individual importance but frequently co-occurs with important features in the same trees,0.014235527810049343,0.03869070870988047,-2.8718099208621673e-05,0.00026570057041494743,1585.0,1410.0,1656.0,724.0,916.0,191.0,0.6235974282632591,0
SIN_Thickness2_RefractiveIndex,currently_inconclusive,does not cleanly satisfy any strong/nonlinear/interaction/cluster/weak criterion -- insufficient evidence either way,0.009259246476258236,0.016919559658114293,-2.180287160393479e-05,0.00011861027346392127,1631.0,1585.0,1640.0,968.0,1086.0,609.0,1.0498416664150803,0
SIN_Thickness2_SiN_Thickness,currently_inconclusive,does not cleanly satisfy any strong/nonlinear/interaction/cluster/weak criterion -- insufficient evidence either way,0.07452229058077049,0.13883643871034493,7.643541922910946e-06,4.979843098150439e-05,1052.0,532.0,1029.0,1231.0,1252.0,609.0,0.6990167258763621,0
SIN_ThicknessGN2_RefractiveIndex,interaction_dependent_predictor,weak individual importance but frequently co-occurs with important features in the same trees,0.051888081223425704,0.10233896823824314,0.0004416519293590299,0.0017293436929688747,1295.0,807.0,385.0,346.0,652.0,1.0,1.124320510871039,0
SIN_ThicknessGN2_SiN_Thickness,interaction_dependent_predictor,weak individual importance but frequently co-occurs with important features in the same trees,0.06083973125989097,0.09925457185523315,-9.255849808750827e-06,0.0003137374836634124,1192.0,845.0,1581.0,683.0,892.0,191.0,0.6164671926877225,0
SIN_CAPACITOR_ThicknessGN1_RefractiveIndex,interaction_dependent_predictor,weak individual importance but frequently co-occurs with important features in the same trees,0.06928016107420613,0.0635866893526933,-0.0001451874487015059,0.001805507479430519,1115.0,1195.0,1705.0,339.0,648.0,35.0,0.7977227088307587,0
SIN_CAPACITOR_ThicknessGN1_SiN_Thickness,cluster_family_supported_predictor,weak individual importance but belongs to a correlation cluster with high aggregate importance,0.0815292146365645,0.12088371341203606,-4.143230244446627e-06,8.10497992554876e-06,972.0,658.0,1514.0,1460.0,73.0,1223.0,2.0625187884228926,0
STREETS_Height_Backside_metal_thickness,currently_inconclusive,does not cleanly satisfy any strong/nonlinear/interaction/cluster/weak criterion -- insufficient evidence either way,0.05493822252285875,0.06815293035271004,1.9430151824983977e-07,5.255058371866056e-06,1262.0,1135.0,1204.0,1470.0,1366.0,886.0,1.5174338184886869,0
TANR_M_Gauge_P_E_TaN,currently_inconclusive,does not cleanly satisfy any strong/nonlinear/interaction/cluster/weak criterion -- insufficient evidence either way,0.09528715105231043,0.10348990650157176,-4.3480134818779655e-06,1.632986560790134e-05,841.0,799.0,1517.0,1416.0,1344.0,886.0,0.8270769750450183,0
TFRP_M_Gauge_P_E_Resistors,currently_inconclusive,does not cleanly satisfy any strong/nonlinear/interaction/cluster/weak criterion -- insufficient evidence either way,0.07076615963851544,0.07441748320954908,8.84060222969496e-05,0.00026129305323533797,1098.0,1079.0,622.0,731.0,920.0,296.0,1.764554191057602,0
THIN_Measure1_Glue_thickness,currently_inconclusive,does not cleanly satisfy any strong/nonlinear/interaction/cluster/weak criterion -- insufficient evidence either way,0.06002621070554599,0.12750850750414192,0.001271546476616367,0.0031160533939146814,1200.0,601.0,245.0,218.0,563.0,191.0,0.7263418902601525,0
THIN_Measure1GN_Thickness_after_bonding,interaction_dependent_predictor,weak individual importance but frequently co-occurs with important features in the same trees,0.019595356660390348,0.0437165295214529,3.813328836999585e-05,0.0002739447173118608,1545.0,1370.0,775.0,718.0,912.0,191.0,1.278076806823082,0
THIN_Measure2_Thickness_after_grinding,currently_inconclusive,does not cleanly satisfy any strong/nonlinear/interaction/cluster/weak criterion -- insufficient evidence either way,0.05453486621689123,0.0017812051207054147,2.4146619883916308e-05,9.960750280018634e-05,1266.0,1703.0,850.0,1032.0,1130.0,296.0,0.7200232535873953,0
THIN_Measure2GN_Thickness_after_grinding,currently_inconclusive,does not cleanly satisfy any strong/nonlinear/interaction/cluster/weak criterion -- insufficient evidence either way,0.02535082210858805,0.034888730268828924,-3.0353608348160364e-06,7.507869407148991e-05,1502.0,1440.0,1503.0,1122.0,1183.0,296.0,0.5137176098000863,0
THIN_Measure3GN_Thickness_after_etchback,currently_inconclusive,does not cleanly satisfy any strong/nonlinear/interaction/cluster/weak criterion -- insufficient evidence either way,0.008102093898202094,0.06477786333235407,2.225714238240917e-06,0.0001017219626666864,1641.0,1182.0,1151.0,1027.0,1126.0,886.0,1.4257667172890789,0
THIN_Measure4_Wafer_thickness_final,currently_inconclusive,does not cleanly satisfy any strong/nonlinear/interaction/cluster/weak criterion -- insufficient evidence either way,0.1328369398146902,0.18808614915448318,-6.403197722124055e-06,6.537856105060108e-05,568.0,294.0,1549.0,1172.0,1217.0,886.0,0.7440514542501482,0
TOPSIN_ThicknessGN_RefractiveIndex,currently_inconclusive,does not cleanly satisfy any strong/nonlinear/interaction/cluster/weak criterion -- insufficient evidence either way,0.0543654673415191,0.008935360485115734,-1.5866708376319205e-05,0.00012888873229044458,1269.0,1652.0,1625.0,938.0,1062.0,296.0,0.7725758378557813,0
TOPSIN_ThicknessGN_SiN_Thickness,interaction_dependent_predictor,weak individual importance but frequently co-occurs with important features in the same trees,0.14280702635078948,0.17314402719618638,4.7188586749161156e-05,0.0003114627455791047,500.0,348.0,728.0,684.0,893.0,69.0,0.5813624721936258,0
VIA_Etch_Via_etch_end_point_time,currently_inconclusive,does not cleanly satisfy any strong/nonlinear/interaction/cluster/weak criterion -- insufficient evidence either way,0.13612297981791333,0.13877576884160472,1.2242663742309533e-05,0.00017205239674789274,542.0,533.0,971.0,840.0,996.0,411.0,1.7414155483651905,0
VIA_GaN_Height_Ni_height,currently_inconclusive,does not cleanly satisfy any strong/nonlinear/interaction/cluster/weak criterion -- insufficient evidence either way,0.12421567848559109,0.11602345689427843,2.679349368324979e-05,7.041511405155628e-05,615.0,698.0,833.0,1148.0,1199.0,609.0,1.0677282065050966,0
VIA_GaN_Measure4GN_Final_GaN_thickness,currently_inconclusive,does not cleanly satisfy any strong/nonlinear/interaction/cluster/weak criterion -- insufficient evidence either way,0.07232950804111146,0.08699392475488162,-2.5358934441804815e-05,0.0002972290146557253,1076.0,951.0,1647.0,699.0,899.0,296.0,0.7950699619388318,0
WIN_CD_WIN_CD,weak_unstable_predictor,"weak on every signal (correlation, SHAP, permutation, cluster, co-occurrence) and never stable across folds",0.05411515999429645,0.002688141876488172,4.105535455678488e-06,1.7126133952915876e-05,1272.0,1693.0,1102.0,1413.0,1342.0,1223.0,0.6396494750055117,0
WIN_WIN_Alignment_WIN_to_FIN_Alignment,currently_inconclusive,does not cleanly satisfy any strong/nonlinear/interaction/cluster/weak criterion -- insufficient evidence either way,0.0685446340585785,0.11424025166801013,-1.2541365263879501e-06,4.474311577782252e-05,1123.0,709.0,1476.0,1263.0,1268.0,609.0,1.0821468642943053,0
STAGE_RANGE_C_AN_2,currently_inconclusive,does not cleanly satisfy any strong/nonlinear/interaction/cluster/weak criterion -- insufficient evidence either way,0.13731531370764807,0.1258230852165025,3.709389693754006e-05,0.00035328608604700494,533.0,619.0,779.0,652.0,1367.0,411.0,1.1899532704623497,0
STAGE_STD_C_AN_2,currently_inconclusive,does not cleanly satisfy any strong/nonlinear/interaction/cluster/weak criterion -- insufficient evidence either way,0.13731531370764813,0.1258230852165025,0.0,0.0,532.0,619.0,1210.0,1471.0,1367.0,1223.0,1.8180977730446082,0
STAGE_DELTA_C_AN_2_ANODE_minus_THIN,currently_inconclusive,does not cleanly satisfy any strong/nonlinear/interaction/cluster/weak criterion -- insufficient evidence either way,0.13731531370764807,0.1258230852165025,0.0,0.0,533.0,619.0,1210.0,1471.0,1367.0,1223.0,1.586732676816866,0
STAGE_RANGE_C_AN_2_OW_CR,interaction_dependent_predictor,weak individual importance but frequently co-occurs with important features in the same trees,0.17857677603053496,0.11197902121221756,7.515943113356461e-06,0.00039985134399059757,344.0,733.0,1033.0,621.0,1367.0,191.0,1.3554193657853357,0
STAGE_STD_C_AN_2_OW_CR,currently_inconclusive,does not cleanly satisfy any strong/nonlinear/interaction/cluster/weak criterion -- insufficient evidence either way,0.17857677603053487,0.11197902121221756,-6.769970405218207e-07,6.668030995763026e-06,346.0,733.0,1467.0,1465.0,1367.0,886.0,1.7966120644563386,0
STAGE_DELTA_C_AN_2_OW_CR_ANODE_minus_THIN,currently_inconclusive,does not cleanly satisfy any strong/nonlinear/interaction/cluster/weak criterion -- insufficient evidence either way,0.17857677603053496,0.11197902121221756,-7.299043922234794e-06,1.9601980537121442e-05,344.0,733.0,1562.0,1399.0,1367.0,886.0,1.1121475535979526,0
STAGE_RANGE_Ran_con_1,currently_inconclusive,does not cleanly satisfy any strong/nonlinear/interaction/cluster/weak criterion -- insufficient evidence either way,0.16746169264763278,0.1679835326100478,0.00010321935305872276,0.0007505175517508832,385.0,361.0,604.0,506.0,1367.0,609.0,0.5682640617936198,0
STAGE_STD_Ran_con_1,currently_inconclusive,does not cleanly satisfy any strong/nonlinear/interaction/cluster/weak criterion -- insufficient evidence either way,0.17354707132163158,0.17695800627061511,9.90988924530395e-05,0.00021739279452183166,362.0,333.0,609.0,776.0,1367.0,609.0,0.9489461900935228,0
STAGE_RANGE_Ran_con_1_OW_CR,currently_inconclusive,does not cleanly satisfy any strong/nonlinear/interaction/cluster/weak criterion -- insufficient evidence either way,0.11746109402255368,0.14898986348324436,3.700992617303167e-06,4.4808450537409635e-05,656.0,466.0,1113.0,1262.0,1367.0,886.0,0.541677833100097,0
STAGE_STD_Ran_con_1_OW_CR,currently_inconclusive,does not cleanly satisfy any strong/nonlinear/interaction/cluster/weak criterion -- insufficient evidence either way,0.11746109402255371,0.14898986348324436,0.0,0.0,655.0,466.0,1210.0,1471.0,1367.0,1223.0,1.7568751201971418,0
STAGE_DELTA_Ran_con_1_OW_CR_ANODE_minus_THIN,currently_inconclusive,does not cleanly satisfy any strong/nonlinear/interaction/cluster/weak criterion -- insufficient evidence either way,0.11746109402255368,0.14898986348324436,0.0,0.0,656.0,466.0,1210.0,1471.0,1367.0,1223.0,2.2360679774997894,0
STAGE_RANGE_Ran_con_2,currently_inconclusive,does not cleanly satisfy any strong/nonlinear/interaction/cluster/weak criterion -- insufficient evidence either way,0.03465018517045591,0.06417760942954366,2.0816612097487864e-05,0.00011845242070982857,1439.0,1189.0,878.0,971.0,1367.0,609.0,0.5054063445686099,0
STAGE_STD_Ran_con_2,currently_inconclusive,does not cleanly satisfy any strong/nonlinear/interaction/cluster/weak criterion -- insufficient evidence either way,0.03152080457551682,0.055807612116863935,7.033131479301513e-05,0.00011409576869940629,1463.0,1265.0,657.0,984.0,1367.0,411.0,1.7505400043788135,0
STAGE_RANGE_Ran_con_2_OW_CR,currently_inconclusive,does not cleanly satisfy any strong/nonlinear/interaction/cluster/weak criterion -- insufficient evidence either way,0.03433594250488109,0.046542900915730066,-5.129135556225517e-07,2.5028975774784288e-05,1443.0,1346.0,1464.0,1357.0,1367.0,886.0,0.9234910116950266,0
STAGE_STD_Ran_con_2_OW_CR,weak_unstable_predictor,"weak on every signal (correlation, SHAP, permutation, cluster, co-occurrence) and never stable across folds",0.034335942504881055,0.046542900915730066,0.0,0.0,1445.0,1346.0,1210.0,1471.0,1367.0,1223.0,2.1316750737781636,0
STAGE_DELTA_Ran_con_2_OW_CR_ANODE_minus_THIN,weak_unstable_predictor,"weak on every signal (correlation, SHAP, permutation, cluster, co-occurrence) and never stable across folds",0.03433594250488109,0.046542900915730066,0.0,0.0,1443.0,1346.0,1210.0,1471.0,1367.0,1223.0,1.3699025843857608,0
STAGE_RANGE_Ran_con_3,interaction_dependent_predictor,weak individual importance but frequently co-occurs with important features in the same trees,0.016042950212423274,0.02920087451594877,7.677648177237262e-05,0.00034183658690439394,1570.0,1492.0,650.0,663.0,1367.0,191.0,1.247302097609609,0
STAGE_STD_Ran_con_3,interaction_dependent_predictor,weak individual importance but frequently co-occurs with important features in the same trees,0.019771293455208425,0.045792639095704926,5.959540615045056e-05,0.00026476386166692314,1543.0,1355.0,685.0,725.0,1367.0,133.0,1.2476808729240678,0
STAGE_RANGE_Ran_con_3_OW_CR,currently_inconclusive,does not cleanly satisfy any strong/nonlinear/interaction/cluster/weak criterion -- insufficient evidence either way,0.0799173706860012,0.10762968054879578,5.422632890947354e-06,2.5779833762718336e-05,983.0,764.0,1076.0,1350.0,1367.0,1223.0,0.8995613608714852,0
STAGE_STD_Ran_con_3_OW_CR,currently_inconclusive,does not cleanly satisfy any strong/nonlinear/interaction/cluster/weak criterion -- insufficient evidence either way,0.07991737068600126,0.10762968054879578,1.2424879637129571e-05,6.336489519187452e-05,982.0,764.0,969.0,1180.0,1367.0,886.0,1.5256554014790966,0
STAGE_DELTA_Ran_con_3_OW_CR_ANODE_minus_THIN,currently_inconclusive,does not cleanly satisfy any strong/nonlinear/interaction/cluster/weak criterion -- insufficient evidence either way,0.08261762999707556,0.11475672337113171,0.0003223128618106613,0.0010077073167201456,964.0,705.0,430.0,444.0,1367.0,886.0,1.682548421010053,0
STAGE_RANGE_Rc_an_ct2,currently_inconclusive,does not cleanly satisfy any strong/nonlinear/interaction/cluster/weak criterion -- insufficient evidence either way,0.12341042904032887,0.09486189557128265,1.2494617933953012e-05,0.00010283904476813935,620.0,886.0,968.0,1018.0,1367.0,886.0,0.7051107376458766,0
STAGE_STD_Rc_an_ct2,currently_inconclusive,does not cleanly satisfy any strong/nonlinear/interaction/cluster/weak criterion -- insufficient evidence either way,0.12857959029383753,0.10187159886726399,-9.120450762559185e-06,7.394407809672557e-05,589.0,814.0,1580.0,1134.0,1367.0,1223.0,1.3316927369166391,0
STAGE_RANGE_Rc_an_ct2_OW_CR,interaction_dependent_predictor,weak individual importance but frequently co-occurs with important features in the same trees,0.13289928443567114,0.13183095785944077,7.329968994344293e-05,0.00020743324587118328,566.0,571.0,653.0,791.0,1367.0,191.0,1.177726306420959,0
STAGE_STD_Rc_an_ct2_OW_CR,currently_inconclusive,does not cleanly satisfy any strong/nonlinear/interaction/cluster/weak criterion -- insufficient evidence either way,0.13289928443567112,0.13183095785944077,4.107083536518119e-05,0.0001681930790427324,567.0,571.0,758.0,851.0,1367.0,411.0,1.0604795258561717,0
STAGE_DELTA_Rc_an_ct2_OW_CR_ANODE_minus_THIN,interaction_dependent_predictor,weak individual importance but frequently co-occurs with important features in the same trees,0.11629342643666915,0.1265602352333933,0.000929970352160639,0.002258704816534604,670.0,614.0,295.0,290.0,1367.0,4.0,1.014290813426137,0
STAGE_RANGE_Rsh_an_ct2,currently_inconclusive,does not cleanly satisfy any strong/nonlinear/interaction/cluster/weak criterion -- insufficient evidence either way,0.04026332452001947,0.11142099176017872,-2.9182017992068764e-07,3.741727792635118e-05,1385.0,738.0,1461.0,1302.0,1367.0,886.0,0.8861152482777406,0
STAGE_STD_Rsh_an_ct2,currently_inconclusive,does not cleanly satisfy any strong/nonlinear/interaction/cluster/weak criterion -- insufficient evidence either way,0.041011019152973054,0.11926873928699973,-1.9495422340176648e-05,3.962124150952664e-05,1375.0,672.0,1639.0,1293.0,1367.0,609.0,1.1692360727133904,0
STAGE_RANGE_Rsh_an_ct2_OW_CR,currently_inconclusive,does not cleanly satisfy any strong/nonlinear/interaction/cluster/weak criterion -- insufficient evidence either way,0.07071684979234298,0.035461204927710654,2.6225512613498037e-06,9.110915426671476e-05,1100.0,1434.0,1142.0,1062.0,1367.0,411.0,0.843687354236255,0
STAGE_STD_Rsh_an_ct2_OW_CR,weak_unstable_predictor,"weak on every signal (correlation, SHAP, permutation, cluster, co-occurrence) and never stable across folds",0.07071684979234298,0.035461204927710654,-1.4194545786466727e-06,2.3314805372709536e-05,1100.0,1434.0,1480.0,1369.0,1367.0,1223.0,0.9626843001202766,0
STAGE_DELTA_Rsh_an_ct2_OW_CR_ANODE_minus_THIN,currently_inconclusive,does not cleanly satisfy any strong/nonlinear/interaction/cluster/weak criterion -- insufficient evidence either way,0.031727402816384954,0.05004219671493498,8.621077823175172e-05,0.0009201566098196197,1460.0,1309.0,627.0,463.0,1367.0,609.0,0.9144021135885557,0
STAGE_RANGE_ABVIETCH,currently_inconclusive,does not cleanly satisfy any strong/nonlinear/interaction/cluster/weak criterion -- insufficient evidence either way,0.08855326134812144,0.09811828966157542,0.0,0.0,911.0,856.0,1210.0,1471.0,1367.0,1223.0,2.23606797749979,0
STAGE_STD_ABVIETCH,currently_inconclusive,does not cleanly satisfy any strong/nonlinear/interaction/cluster/weak criterion -- insufficient evidence either way,0.08855326134812147,0.09811828966157542,0.0,0.0,910.0,856.0,1210.0,1471.0,1367.0,1223.0,inf,0
STAGE_DELTA_ABVIETCH_BRGM_minus_TOPSIN,currently_inconclusive,does not cleanly satisfy any strong/nonlinear/interaction/cluster/weak criterion -- insufficient evidence either way,0.08855326134812144,0.09811828966157542,0.0,0.0,911.0,856.0,1210.0,1471.0,1367.0,1223.0,inf,0
STAGE_RANGE_C100,weak_unstable_predictor,"weak on every signal (correlation, SHAP, permutation, cluster, co-occurrence) and never stable across folds",0.0660406726145992,0.06883674422125784,0.0,0.0,1152.0,1124.0,1210.0,1471.0,1367.0,1223.0,1.5275381310097587,0
STAGE_STD_C100,weak_unstable_predictor,"weak on every signal (correlation, SHAP, permutation, cluster, co-occurrence) and never stable across folds",0.06604067261459919,0.06883674422125784,0.0,0.0,1154.0,1124.0,1210.0,1471.0,1367.0,1223.0,inf,0
STAGE_DELTA_C100_BRGM_minus_THIN,weak_unstable_predictor,"weak on every signal (correlation, SHAP, permutation, cluster, co-occurrence) and never stable across folds",0.0660406726145992,0.06883674422125784,0.0,0.0,1152.0,1124.0,1210.0,1471.0,1367.0,1223.0,inf,0
STAGE_RANGE_C200,currently_inconclusive,does not cleanly satisfy any strong/nonlinear/interaction/cluster/weak criterion -- insufficient evidence either way,0.0791900892271824,0.09075190087355019,1.0785582583483499e-05,8.882546762032764e-05,990.0,917.0,983.0,1066.0,1367.0,886.0,2.23606797749979,0
STAGE_STD_C200,currently_inconclusive,does not cleanly satisfy any strong/nonlinear/interaction/cluster/weak criterion -- insufficient evidence either way,0.07919008922718238,0.09075190087355019,-3.0566895933989424e-05,9.21170708080076e-05,992.0,917.0,1662.0,1059.0,1367.0,1223.0,inf,0
STAGE_DELTA_C200_BRGM_minus_THIN,currently_inconclusive,does not cleanly satisfy any strong/nonlinear/interaction/cluster/weak criterion -- insufficient evidence either way,0.0791900892271824,0.09075190087355019,3.823779396924798e-06,2.906830510251667e-05,990.0,917.0,1105.0,1336.0,1367.0,1223.0,inf,0
STAGE_RANGE_C200_0,currently_inconclusive,does not cleanly satisfy any strong/nonlinear/interaction/cluster/weak criterion -- insufficient evidence either way,0.15170853633330858,0.14686352903596933,0.00011746773003851741,0.00044882563149593896,456.0,490.0,580.0,597.0,1367.0,886.0,inf,0
STAGE_STD_C200_0,currently_inconclusive,does not cleanly satisfy any strong/nonlinear/interaction/cluster/weak criterion -- insufficient evidence either way,0.15170853633330864,0.14686352903596933,0.0,0.0,455.0,490.0,1210.0,1471.0,1367.0,1223.0,2.23606797749979,0
STAGE_DELTA_C200_0_BRGM_minus_THIN,currently_inconclusive,does not cleanly satisfy any strong/nonlinear/interaction/cluster/weak criterion -- insufficient evidence either way,0.15170853633330858,0.14686352903596933,0.0,0.0,456.0,490.0,1210.0,1471.0,1367.0,1223.0,inf,0
STAGE_RANGE_C300,currently_inconclusive,does not cleanly satisfy any strong/nonlinear/interaction/cluster/weak criterion -- insufficient evidence either way,0.15529098167321514,0.16334417664001086,0.0,0.0,437.0,384.0,1210.0,1471.0,1367.0,1223.0,2.23606797749979,0
STAGE_STD_C300,currently_inconclusive,does not cleanly satisfy any strong/nonlinear/interaction/cluster/weak criterion -- insufficient evidence either way,0.15527850069601837,0.16355174315064577,0.0,0.0,438.0,381.0,1210.0,1471.0,1367.0,1223.0,inf,0
STAGE_RANGE_C300_0,weak_unstable_predictor,"weak on every signal (correlation, SHAP, permutation, cluster, co-occurrence) and never stable across folds",0.02889072746699062,0.03843225062436826,0.0,0.0,1480.0,1411.0,1210.0,1471.0,1367.0,1223.0,inf,0
STAGE_STD_C300_0,currently_inconclusive,does not cleanly satisfy any strong/nonlinear/interaction/cluster/weak criterion -- insufficient evidence either way,0.028881441483206052,0.03828290940900781,0.0009819208939235325,0.001410027878294788,1481.0,1412.0,287.0,381.0,1367.0,886.0,2.23606797749979,0
STAGE_RANGE_Cap_C300,weak_unstable_predictor,"weak on every signal (correlation, SHAP, permutation, cluster, co-occurrence) and never stable across folds",0.040831159442320755,0.07514018801959699,0.0,0.0,1379.0,1075.0,1210.0,1471.0,1367.0,1223.0,2.1018449264616534,0
STAGE_STD_Cap_C300,currently_inconclusive,does not cleanly satisfy any strong/nonlinear/interaction/cluster/weak criterion -- insufficient evidence either way,0.04082079897405323,0.0752086360766372,2.126688857578829e-06,2.1220473102735983e-05,1380.0,1074.0,1152.0,1389.0,1367.0,886.0,inf,0
STAGE_RANGE_F_AB,currently_inconclusive,does not cleanly satisfy any strong/nonlinear/interaction/cluster/weak criterion -- insufficient evidence either way,0.1341670656921943,0.15491084265117377,0.0,0.0,554.0,423.0,1210.0,1471.0,1367.0,1223.0,2.096297791649199,0
STAGE_STD_F_AB,currently_inconclusive,does not cleanly satisfy any strong/nonlinear/interaction/cluster/weak criterion -- insufficient evidence either way,0.1341670656921943,0.15491084265117377,0.0,0.0,554.0,423.0,1210.0,1471.0,1367.0,1223.0,inf,0
STAGE_DELTA_F_AB_BRGM_minus_THIN,currently_inconclusive,does not cleanly satisfy any strong/nonlinear/interaction/cluster/weak criterion -- insufficient evidence either way,0.1341670656921943,0.15491084265117377,0.0,0.0,554.0,423.0,1210.0,1471.0,1367.0,1223.0,inf,0
STAGE_RANGE_i5021_1,currently_inconclusive,does not cleanly satisfy any strong/nonlinear/interaction/cluster/weak criterion -- insufficient evidence either way,0.0850777991167057,0.07203046833724754,0.0,0.0,938.0,1095.0,1210.0,1471.0,1367.0,1223.0,1.0632009279096801,0
STAGE_STD_i5021_1,currently_inconclusive,does not cleanly satisfy any strong/nonlinear/interaction/cluster/weak criterion -- insufficient evidence either way,0.08507779911670571,0.07203046833724754,0.0,0.0,937.0,1095.0,1210.0,1471.0,1367.0,1223.0,2.23606797749979,0
STAGE_DELTA_i5021_1_BRGM_minus_THIN,currently_inconclusive,does not cleanly satisfy any strong/nonlinear/interaction/cluster/weak criterion -- insufficient evidence either way,0.0850777991167057,0.07203046833724754,0.0,0.0,938.0,1095.0,1210.0,1471.0,1367.0,1223.0,2.23606797749979,0
STAGE_RANGE_i5021_2,currently_inconclusive,does not cleanly satisfy any strong/nonlinear/interaction/cluster/weak criterion -- insufficient evidence either way,0.06973142391895401,0.08063558917053941,0.0,0.0,1109.0,1022.0,1210.0,1471.0,1367.0,1223.0,1.4714038794977666,0
STAGE_STD_i5021_2,currently_inconclusive,does not cleanly satisfy any strong/nonlinear/interaction/cluster/weak criterion -- insufficient evidence either way,0.06973142391895407,0.08063558917053941,0.0,0.0,1108.0,1022.0,1210.0,1471.0,1367.0,1223.0,2.23606797749979,0
STAGE_DELTA_i5021_2_BRGM_minus_THIN,currently_inconclusive,does not cleanly satisfy any strong/nonlinear/interaction/cluster/weak criterion -- insufficient evidence either way,0.06973142391895401,0.08063558917053941,0.0,0.0,1109.0,1022.0,1210.0,1471.0,1367.0,1223.0,inf,0
STAGE_RANGE_i5021_3,weak_unstable_predictor,"weak on every signal (correlation, SHAP, permutation, cluster, co-occurrence) and never stable across folds",0.052587954198516085,0.06646928593668207,4.616242166177731e-06,3.595862258393433e-05,1282.0,1162.0,1086.0,1306.0,1367.0,1223.0,2.23606797749979,0
STAGE_STD_i5021_3,weak_unstable_predictor,"weak on every signal (correlation, SHAP, permutation, cluster, co-occurrence) and never stable across folds",0.05258795419851611,0.06646928593668207,0.0,0.0,1281.0,1162.0,1210.0,1471.0,1367.0,1223.0,inf,0
STAGE_DELTA_i5021_3_BRGM_minus_THIN,weak_unstable_predictor,"weak on every signal (correlation, SHAP, permutation, cluster, co-occurrence) and never stable across folds",0.052587954198516085,0.06646928593668207,0.0,0.0,1282.0,1162.0,1210.0,1471.0,1367.0,1223.0,inf,0
STAGE_RANGE_KLV_F_AB_4u,weak_unstable_predictor,"weak on every signal (correlation, SHAP, permutation, cluster, co-occurrence) and never stable across folds",0.05779265797455703,0.045208386037397436,0.0,0.0,1229.0,1358.0,1210.0,1471.0,1367.0,1223.0,1.4851631086479988,0
STAGE_STD_KLV_F_AB_4u,weak_unstable_predictor,"weak on every signal (correlation, SHAP, permutation, cluster, co-occurrence) and never stable across folds",0.05866521035872435,0.04654267868177863,0.0,0.0,1218.0,1349.0,1210.0,1471.0,1367.0,1223.0,1.7356615473183288,0
STAGE_RANGE_KLV_F_M1_4u,currently_inconclusive,does not cleanly satisfy any strong/nonlinear/interaction/cluster/weak criterion -- insufficient evidence either way,0.0565094688561295,0.06459229798291065,3.4064652689569373e-06,9.338781468462953e-06,1247.0,1184.0,1121.0,1453.0,1367.0,886.0,1.8730022623471756,0
STAGE_STD_KLV_F_M1_4u,weak_unstable_predictor,"weak on every signal (correlation, SHAP, permutation, cluster, co-occurrence) and never stable across folds",0.056509468856129404,0.06459229798291065,0.0,0.0,1249.0,1184.0,1210.0,1471.0,1367.0,1223.0,2.2360679774997894,0
STAGE_DELTA_KLV_F_M1_4u_BRGM_minus_TOPSIN,weak_unstable_predictor,"weak on every signal (correlation, SHAP, permutation, cluster, co-occurrence) and never stable across folds",0.0565094688561295,0.06459229798291065,0.0,0.0,1247.0,1184.0,1210.0,1471.0,1367.0,1223.0,2.23606797749979,0
STAGE_RANGE_lkg_C200,currently_inconclusive,does not cleanly satisfy any strong/nonlinear/interaction/cluster/weak criterion -- insufficient evidence either way,0.10933364026539877,0.12076281814245855,7.2826651681845435e-06,8.803490057623012e-05,730.0,659.0,1039.0,1071.0,1367.0,886.0,1.5117997538074786,0
STAGE_STD_lkg_C200,currently_inconclusive,does not cleanly satisfy any strong/nonlinear/interaction/cluster/weak criterion -- insufficient evidence either way,0.10933364026539871,0.12076281814245855,0.0,0.0,732.0,659.0,1210.0,1471.0,1367.0,1223.0,1.8200616643981264,0
STAGE_DELTA_lkg_C200_BRGM_minus_THIN,currently_inconclusive,does not cleanly satisfy any strong/nonlinear/interaction/cluster/weak criterion -- insufficient evidence either way,0.10933364026539877,0.12076281814245855,0.0,0.0,730.0,659.0,1210.0,1471.0,1367.0,1223.0,2.2360679774997902,0
STAGE_RANGE_lkg_C300,currently_inconclusive,does not cleanly satisfy any strong/nonlinear/interaction/cluster/weak criterion -- insufficient evidence either way,0.07191770524562256,0.09560571260671637,0.0,0.0,1083.0,879.0,1210.0,1471.0,1367.0,1223.0,2.23606797749979,0
STAGE_STD_lkg_C300,currently_inconclusive,does not cleanly satisfy any strong/nonlinear/interaction/cluster/weak criterion -- insufficient evidence either way,0.07203015258595807,0.0956074904783278,0.0,0.0,1079.0,878.0,1210.0,1471.0,1367.0,1223.0,2.23606797749979,0
STAGE_RANGE_lkg_SY07_10,currently_inconclusive,does not cleanly satisfy any strong/nonlinear/interaction/cluster/weak criterion -- insufficient evidence either way,0.094786619490233,0.11397668220161507,0.0,0.0,846.0,713.0,1210.0,1471.0,1367.0,1223.0,2.128588937712646,0
STAGE_STD_lkg_SY07_10,currently_inconclusive,does not cleanly satisfy any strong/nonlinear/interaction/cluster/weak criterion -- insufficient evidence either way,0.09492805524292801,0.1140720205667782,0.0,0.0,843.0,711.0,1210.0,1471.0,1367.0,1223.0,inf,0
STAGE_RANGE_lkg_SY8_80,currently_inconclusive,does not cleanly satisfy any strong/nonlinear/interaction/cluster/weak criterion -- insufficient evidence either way,0.07611392912173057,0.10732877577856056,0.0,0.0,1030.0,771.0,1210.0,1471.0,1367.0,1223.0,inf,0
STAGE_STD_lkg_SY8_80,currently_inconclusive,does not cleanly satisfy any strong/nonlinear/interaction/cluster/weak criterion -- insufficient evidence either way,0.07619140448673228,0.10733033141622057,0.0,0.0,1027.0,770.0,1210.0,1471.0,1367.0,1223.0,inf,0
STAGE_RANGE_Rc_F_AB_2,weak_unstable_predictor,"weak on every signal (correlation, SHAP, permutation, cluster, co-occurrence) and never stable across folds",0.03076242672255352,0.04965439846969095,0.0,0.0,1467.0,1313.0,1210.0,1471.0,1367.0,1223.0,2.23606797749979,0
STAGE_STD_Rc_F_AB_2,weak_unstable_predictor,"weak on every signal (correlation, SHAP, permutation, cluster, co-occurrence) and never stable across folds",0.030762426722553537,0.04965439846969095,0.0,0.0,1466.0,1313.0,1210.0,1471.0,1367.0,1223.0,inf,0
STAGE_DELTA_Rc_F_AB_2_BRGM_minus_THIN,weak_unstable_predictor,"weak on every signal (correlation, SHAP, permutation, cluster, co-occurrence) and never stable across folds",0.03076242672255352,0.04965439846969095,0.0,0.0,1467.0,1313.0,1210.0,1471.0,1367.0,1223.0,inf,0
STAGE_RANGE_Rsh_F_AB_2,currently_inconclusive,does not cleanly satisfy any strong/nonlinear/interaction/cluster/weak criterion -- insufficient evidence either way,0.07671025015449459,0.10634494607558329,3.45190834757092e-06,4.162932256072041e-05,1021.0,780.0,1119.0,1280.0,1367.0,886.0,2.0258383559756754,0
STAGE_STD_Rsh_F_AB_2,currently_inconclusive,does not cleanly satisfy any strong/nonlinear/interaction/cluster/weak criterion -- insufficient evidence either way,0.07671025015449452,0.10634494607558329,0.0,0.0,1023.0,780.0,1210.0,1471.0,1367.0,1223.0,inf,0
STAGE_DELTA_Rsh_F_AB_2_BRGM_minus_THIN,currently_inconclusive,does not cleanly satisfy any strong/nonlinear/interaction/cluster/weak criterion -- insufficient evidence either way,0.07671025015449459,0.10634494607558329,0.0,0.0,1021.0,780.0,1210.0,1471.0,1367.0,1223.0,2.23606797749979,0
STAGE_RANGE_TR_1F,currently_inconclusive,does not cleanly satisfy any strong/nonlinear/interaction/cluster/weak criterion -- insufficient evidence either way,0.0761155075621622,0.0979320576102777,0.0,0.0,1029.0,860.0,1210.0,1471.0,1367.0,1223.0,1.0321059173162226,0
STAGE_STD_TR_1F,currently_inconclusive,does not cleanly satisfy any strong/nonlinear/interaction/cluster/weak criterion -- insufficient evidence either way,0.07698696518065357,0.09635241868351861,0.0,0.0,1016.0,873.0,1210.0,1471.0,1367.0,1223.0,inf,0
STAGE_RANGE_C_CAT_2,interaction_dependent_predictor,weak individual importance but frequently co-occurs with important features in the same trees,0.18028419631486398,0.08564696477526895,6.968127069372775e-05,0.00021123450253413445,338.0,964.0,658.0,785.0,1367.0,191.0,0.3682666125151475,0
STAGE_STD_C_CAT_2,currently_inconclusive,does not cleanly satisfy any strong/nonlinear/interaction/cluster/weak criterion -- insufficient evidence either way,0.180284196314864,0.08564696477526895,0.0,0.0,337.0,964.0,1210.0,1471.0,1367.0,1223.0,0.8648784931680514,0
STAGE_DELTA_C_CAT_2_CATHODE_minus_THIN,currently_inconclusive,does not cleanly satisfy any strong/nonlinear/interaction/cluster/weak criterion -- insufficient evidence either way,0.18028419631486398,0.08564696477526895,8.930283270866535e-06,1.9095854420339347e-05,338.0,964.0,1013.0,1402.0,1367.0,886.0,0.8996432544613933,0
STAGE_RANGE_C_CAT_2_OW_ST,currently_inconclusive,does not cleanly satisfy any strong/nonlinear/interaction/cluster/weak criterion -- insufficient evidence either way,0.1669298790956399,0.21295012810829023,3.585147830344748e-05,7.126477455953617e-05,388.0,206.0,786.0,1145.0,1367.0,609.0,1.4220226839210268,0
STAGE_STD_C_CAT_2_OW_ST,currently_inconclusive,does not cleanly satisfy any strong/nonlinear/interaction/cluster/weak criterion -- insufficient evidence either way,0.1669298790956399,0.21295012810829023,5.970446380375583e-05,0.00018332562464749643,388.0,206.0,684.0,822.0,1367.0,609.0,1.449543396335335,0
STAGE_DELTA_C_CAT_2_OW_ST_CATHODE_minus_THIN,currently_inconclusive,does not cleanly satisfy any strong/nonlinear/interaction/cluster/weak criterion -- insufficient evidence either way,0.1669298790956399,0.21295012810829023,0.0,0.0,388.0,206.0,1210.0,1471.0,1367.0,1223.0,1.4234272373978738,0
STAGE_RANGE_Rc_cat_ct2,currently_inconclusive,does not cleanly satisfy any strong/nonlinear/interaction/cluster/weak criterion -- insufficient evidence either way,0.06016753146638419,0.06815981960520434,9.490968163212987e-05,0.0004336624221150114,1198.0,1133.0,614.0,604.0,1367.0,411.0,0.9602228589325781,0
STAGE_STD_Rc_cat_ct2,currently_inconclusive,does not cleanly satisfy any strong/nonlinear/interaction/cluster/weak criterion -- insufficient evidence either way,0.06016753146638419,0.06815981960520434,2.246476086508742e-05,0.0003827101674646519,1198.0,1133.0,862.0,636.0,1367.0,886.0,0.8334179127708022,0
STAGE_DELTA_Rc_cat_ct2_CATHODE_minus_THIN,currently_inconclusive,does not cleanly satisfy any strong/nonlinear/interaction/cluster/weak criterion -- insufficient evidence either way,0.11809713560980446,0.17360605158120776,5.735981503623977e-06,6.111727643046565e-05,650.0,347.0,1066.0,1188.0,1367.0,886.0,0.8213171026857399,0
STAGE_RANGE_Rc_cat_ct2_OW_ST,currently_inconclusive,does not cleanly satisfy any strong/nonlinear/interaction/cluster/weak criterion -- insufficient evidence either way,0.021299378596757797,0.039156955539979034,1.0168757860590239e-05,1.8196985808874314e-05,1534.0,1403.0,995.0,1405.0,1367.0,886.0,1.3301269386316952,0
STAGE_STD_Rc_cat_ct2_OW_ST,weak_unstable_predictor,"weak on every signal (correlation, SHAP, permutation, cluster, co-occurrence) and never stable across folds",0.021299378596757772,0.039156955539979034,0.0,0.0,1535.0,1403.0,1210.0,1471.0,1367.0,1223.0,1.502090794611452,0
STAGE_DELTA_Rc_cat_ct2_OW_ST_CATHODE_minus_THIN,weak_unstable_predictor,"weak on every signal (correlation, SHAP, permutation, cluster, co-occurrence) and never stable across folds",0.05625080079568805,0.04756184358303316,0.0,0.0,1251.0,1333.0,1210.0,1471.0,1367.0,1223.0,1.989155719516991,0
STAGE_RANGE_Rcat_cn_1,weak_unstable_predictor,"weak on every signal (correlation, SHAP, permutation, cluster, co-occurrence) and never stable across folds",0.05885303063825754,0.0693343260385079,2.7667258043512223e-06,1.0499755760625201e-05,1214.0,1118.0,1138.0,1447.0,1367.0,1223.0,1.063778867279015,0
STAGE_STD_Rcat_cn_1,currently_inconclusive,does not cleanly satisfy any strong/nonlinear/interaction/cluster/weak criterion -- insufficient evidence either way,0.05885303063825757,0.0693343260385079,9.215482725366542e-06,3.338416126061827e-05,1213.0,1118.0,1009.0,1317.0,1367.0,1223.0,1.3553758183780364,0
STAGE_DELTA_Rcat_cn_1_CATHODE_minus_THIN,currently_inconclusive,does not cleanly satisfy any strong/nonlinear/interaction/cluster/weak criterion -- insufficient evidence either way,0.06703844599561594,0.1498039064473297,1.9398826103922407e-05,3.9002392894177753e-05,1143.0,462.0,892.0,1297.0,1367.0,886.0,1.2056684822496415,0
STAGE_RANGE_Rcat_cn_1_OW_ST,currently_inconclusive,does not cleanly satisfy any strong/nonlinear/interaction/cluster/weak criterion -- insufficient evidence either way,0.09182195588811173,0.03651726066490244,-3.004353481464994e-05,8.445081744177079e-05,873.0,1423.0,1661.0,1090.0,1367.0,1223.0,1.1807592746890725,0
STAGE_STD_Rcat_cn_1_OW_ST,currently_inconclusive,does not cleanly satisfy any strong/nonlinear/interaction/cluster/weak criterion -- insufficient evidence either way,0.09182195588811173,0.03651726066490244,-4.6260358461225335e-06,2.16346515340061e-05,873.0,1423.0,1519.0,1384.0,1367.0,886.0,1.3040386924917886,0
STAGE_DELTA_Rcat_cn_1_OW_ST_CATHODE_minus_THIN,currently_inconclusive,does not cleanly satisfy any strong/nonlinear/interaction/cluster/weak criterion -- insufficient evidence either way,0.003328052485792464,0.0203055161420903,-1.2534998674076924e-05,3.567875991899404e-05,1691.0,1562.0,1604.0,1307.0,1367.0,886.0,0.7581304002176926,0
STAGE_RANGE_Rcat_cn_2,currently_inconclusive,does not cleanly satisfy any strong/nonlinear/interaction/cluster/weak criterion -- insufficient evidence either way,0.08147972105475074,0.07795255867493411,0.002514106564618612,0.003616763883035218,973.0,1051.0,161.0,194.0,1367.0,411.0,1.5092804750050979,0
STAGE_STD_Rcat_cn_2,currently_inconclusive,does not cleanly satisfy any strong/nonlinear/interaction/cluster/weak criterion -- insufficient evidence either way,0.08147972105475072,0.07795255867493411,0.0,0.0,974.0,1051.0,1210.0,1471.0,1367.0,1223.0,1.3752576859810535,0
STAGE_DELTA_Rcat_cn_2_CATHODE_minus_THIN,currently_inconclusive,does not cleanly satisfy any strong/nonlinear/interaction/cluster/weak criterion -- insufficient evidence either way,0.014257877344727122,0.0402576803014081,0.002630961525600453,0.004579481199107042,1584.0,1392.0,157.0,155.0,1367.0,191.0,0.9039525341631106,0
STAGE_RANGE_Rcat_cn_2_OW_ST,currently_inconclusive,does not cleanly satisfy any strong/nonlinear/interaction/cluster/weak criterion -- insufficient evidence either way,0.09555403426254915,0.029529558530112625,0.0019147125269405262,0.003387627498648261,834.0,1488.0,187.0,205.0,1367.0,19.0,0.7405049100958824,0
STAGE_STD_Rcat_cn_2_OW_ST,currently_inconclusive,does not cleanly satisfy any strong/nonlinear/interaction/cluster/weak criterion -- insufficient evidence either way,0.0955540342625491,0.029529558530112625,0.0004712022843188834,0.000978014267305935,835.0,1488.0,374.0,450.0,1367.0,886.0,1.8837783536297394,0
STAGE_DELTA_Rcat_cn_2_OW_ST_CATHODE_minus_THIN,currently_inconclusive,does not cleanly satisfy any strong/nonlinear/interaction/cluster/weak criterion -- insufficient evidence either way,0.1839036888091194,0.1279247516951689,-6.15106530257592e-06,0.00016562386375275676,330.0,593.0,1544.0,855.0,1367.0,411.0,1.6523683374387383,0
STAGE_RANGE_Rcat_cn_3,currently_inconclusive,does not cleanly satisfy any strong/nonlinear/interaction/cluster/weak criterion -- insufficient evidence either way,0.0056598673485619535,0.05280478696515196,0.00038323229286300333,0.0002729523922242207,1671.0,1287.0,407.0,719.0,1367.0,411.0,1.8767546389519463,0
STAGE_STD_Rcat_cn_3,currently_inconclusive,does not cleanly satisfy any strong/nonlinear/interaction/cluster/weak criterion -- insufficient evidence either way,0.005659867348561957,0.05280478696515196,0.0010179747211839952,0.002403579408398005,1670.0,1287.0,280.0,279.0,1367.0,296.0,0.9952372186149273,0
STAGE_DELTA_Rcat_cn_3_CATHODE_minus_THIN,weak_unstable_predictor,"weak on every signal (correlation, SHAP, permutation, cluster, co-occurrence) and never stable across folds",0.004242519784095304,0.04743894820789278,-2.0989057575526716e-06,4.4852073130664986e-05,1678.0,1337.0,1494.0,1261.0,1367.0,1223.0,1.5833764476482604,0
STAGE_RANGE_Rcat_cn_3_OW_ST,currently_inconclusive,does not cleanly satisfy any strong/nonlinear/interaction/cluster/weak criterion -- insufficient evidence either way,0.0377535768442685,0.006262330517324752,-2.3498433946583797e-06,1.3947546084128035e-05,1407.0,1666.0,1496.0,1427.0,1367.0,886.0,0.6508750629991654,0
STAGE_STD_Rcat_cn_3_OW_ST,weak_unstable_predictor,"weak on every signal (correlation, SHAP, permutation, cluster, co-occurrence) and never stable across folds",0.037753576844268534,0.006262330517324752,0.0,0.0,1406.0,1666.0,1210.0,1471.0,1367.0,1223.0,1.1398112056260168,0
STAGE_DELTA_Rcat_cn_3_OW_ST_CATHODE_minus_THIN,currently_inconclusive,does not cleanly satisfy any strong/nonlinear/interaction/cluster/weak criterion -- insufficient evidence either way,0.15054098522316756,0.1623270118443192,5.305735735255945e-05,0.00032943941608597286,469.0,389.0,708.0,669.0,1367.0,296.0,0.7366071667457227,0
STAGE_RANGE_Rsh_cat_c2,interaction_dependent_predictor,weak individual importance but frequently co-occurs with important features in the same trees,0.1448240527104318,0.15065884045847797,3.090414917212847e-05,0.00013669371321296244,492.0,453.0,814.0,915.0,1367.0,191.0,1.2744161025211236,0
STAGE_STD_Rsh_cat_c2,currently_inconclusive,does not cleanly satisfy any strong/nonlinear/interaction/cluster/weak criterion -- insufficient evidence either way,0.14482405271043183,0.15065884045847797,3.578097893167098e-06,4.379163437060816e-05,491.0,453.0,1115.0,1271.0,1367.0,609.0,0.748008517505666,0
STAGE_DELTA_Rsh_cat_c2_CATHODE_minus_THIN,currently_inconclusive,does not cleanly satisfy any strong/nonlinear/interaction/cluster/weak criterion -- insufficient evidence either way,0.06686550310359025,0.07148021707350873,7.704195304639172e-06,5.9461919333341345e-05,1144.0,1101.0,1028.0,1196.0,1367.0,886.0,1.3186840935149455,0
STAGE_RANGE_Rsh_cat_c2_OW_ST,currently_inconclusive,does not cleanly satisfy any strong/nonlinear/interaction/cluster/weak criterion -- insufficient evidence either way,0.11077837207638642,0.14897497380849858,2.6476991077778454e-05,6.571349679655607e-05,710.0,469.0,837.0,1170.0,1367.0,886.0,1.0066682754371477,0
STAGE_STD_Rsh_cat_c2_OW_ST,currently_inconclusive,does not cleanly satisfy any strong/nonlinear/interaction/cluster/weak criterion -- insufficient evidence either way,0.11077837207638631,0.14897497380849858,-2.9345559327151328e-05,0.00034858952494217594,711.0,469.0,1657.0,655.0,1367.0,411.0,1.485880063422086,0
STAGE_DELTA_Rsh_cat_c2_OW_ST_CATHODE_minus_THIN,currently_inconclusive,does not cleanly satisfy any strong/nonlinear/interaction/cluster/weak criterion -- insufficient evidence either way,0.125045720385163,0.0998657152216636,1.9895705345962524e-05,6.46865768485389e-05,608.0,836.0,887.0,1174.0,1367.0,886.0,0.3624108705248749,0
STAGE_RANGE_G_per_6K,interaction_dependent_predictor,weak individual importance but frequently co-occurs with important features in the same trees,0.07508369979386448,0.06730444112615318,-0.00019150130709371104,0.00027478087504749797,1046.0,1147.0,1707.0,715.0,1367.0,191.0,0.9156164250889629,0
STAGE_STD_G_per_6K,currently_inconclusive,does not cleanly satisfy any strong/nonlinear/interaction/cluster/weak criterion -- insufficient evidence either way,0.07508369979386456,0.06730444112615318,-6.627397502127485e-05,0.00013386977825777726,1045.0,1147.0,1691.0,922.0,1367.0,411.0,0.559499181536186,0
STAGE_DELTA_G_per_6K_FIC_minus_TOPSIN,currently_inconclusive,does not cleanly satisfy any strong/nonlinear/interaction/cluster/weak criterion -- insufficient evidence either way,0.07508369979386448,0.06730444112615318,-8.214968407120049e-05,0.00029661858780063695,1046.0,1147.0,1695.0,700.0,1367.0,609.0,1.4731323942830026,0
STAGE_RANGE_G2_per_6K,currently_inconclusive,does not cleanly satisfy any strong/nonlinear/interaction/cluster/weak criterion -- insufficient evidence either way,0.04350215041895677,0.0018456529666198967,-6.9720746851104075e-06,9.202504269881498e-05,1353.0,1700.0,1558.0,1060.0,1367.0,609.0,1.3077815394047412,0
STAGE_STD_G2_per_6K,currently_inconclusive,does not cleanly satisfy any strong/nonlinear/interaction/cluster/weak criterion -- insufficient evidence either way,0.04350215041895678,0.0018456529666198967,2.095204565359665e-05,5.8403201607422105e-05,1352.0,1700.0,877.0,1202.0,1367.0,609.0,0.8265708037166777,0
STAGE_DELTA_G2_per_6K_FIC_minus_TOPSIN,weak_unstable_predictor,"weak on every signal (correlation, SHAP, permutation, cluster, co-occurrence) and never stable across folds",0.04350215041895677,0.0018456529666198967,2.614926937360984e-06,8.759812850570924e-05,1353.0,1700.0,1144.0,1073.0,1367.0,1223.0,1.5134579917528106,0
STAGE_RANGE_Gate_res,currently_inconclusive,does not cleanly satisfy any strong/nonlinear/interaction/cluster/weak criterion -- insufficient evidence either way,0.014948317762781788,0.013140693548011376,0.0019118534880489062,0.002502882048027913,1576.0,1623.0,188.0,269.0,1367.0,886.0,1.1984768477250067,0
STAGE_STD_Gate_res,weak_unstable_predictor,"weak on every signal (correlation, SHAP, permutation, cluster, co-occurrence) and never stable across folds",0.014948317762781788,0.013140693548011376,0.0,0.0,1576.0,1623.0,1210.0,1471.0,1367.0,1223.0,1.7161477129207432,0
STAGE_DELTA_Gate_res_FIC_minus_TOPSIN,currently_inconclusive,does not cleanly satisfy any strong/nonlinear/interaction/cluster/weak criterion -- insufficient evidence either way,0.014948317762781788,0.013140693548011376,-2.5061297567491316e-06,8.623083483884411e-05,1576.0,1623.0,1498.0,1079.0,1367.0,886.0,2.23606797749979,0
STAGE_RANGE_Gm_m2,currently_inconclusive,does not cleanly satisfy any strong/nonlinear/interaction/cluster/weak criterion -- insufficient evidence either way,0.1784918757468658,0.18169781198669807,1.3781990873770744e-05,0.00011747926848951433,347.0,315.0,953.0,974.0,1367.0,1223.0,1.0742595955551513,0
STAGE_STD_Gm_m2,currently_inconclusive,does not cleanly satisfy any strong/nonlinear/interaction/cluster/weak criterion -- insufficient evidence either way,0.17849187574686573,0.18169781198669807,2.4668299814181726e-05,9.514965435429062e-05,348.0,315.0,845.0,1051.0,1367.0,411.0,0.7064748182771502,0
STAGE_DELTA_Gm_m2_FIC_minus_TOPSIN,currently_inconclusive,does not cleanly satisfy any strong/nonlinear/interaction/cluster/weak criterion -- insufficient evidence either way,0.0017977240802859963,0.00013689611408041616,-1.0237273013816162e-05,0.00010944609432660346,1704.0,1712.0,1588.0,1003.0,1367.0,411.0,1.4981891157405538,0
STAGE_RANGE_Gm_max,interaction_dependent_predictor,weak individual importance but frequently co-occurs with important features in the same trees,0.26813745980526554,0.17084035005567078,-0.00011753013664970446,0.0004582607592556107,148.0,354.0,1701.0,593.0,1367.0,19.0,0.8755154457674275,0
STAGE_STD_Gm_max,interaction_dependent_predictor,weak individual importance but frequently co-occurs with important features in the same trees,0.2681374598052656,0.17084035005567078,1.5342684959565588e-05,0.00014213171898438327,147.0,354.0,936.0,898.0,1367.0,133.0,0.7056889434533775,0
STAGE_DELTA_Gm_max_FIC_minus_TOPSIN,interaction_dependent_predictor,weak individual importance but frequently co-occurs with important features in the same trees,0.2722532548991113,0.20196577059099685,0.00010627500525038913,0.00045834392927981987,142.0,235.0,598.0,592.0,1367.0,35.0,0.9007147757392154,0
STAGE_RANGE_HIRS,currently_inconclusive,does not cleanly satisfy any strong/nonlinear/interaction/cluster/weak criterion -- insufficient evidence either way,0.11078367250637265,0.1774989237083939,0.0002929143481540081,0.0006897482977778716,709.0,330.0,442.0,517.0,1367.0,411.0,1.5688169441351631,0
STAGE_STD_HIRS,currently_inconclusive,does not cleanly satisfy any strong/nonlinear/interaction/cluster/weak criterion -- insufficient evidence either way,0.11043355738843294,0.15763431972593922,-4.749947930715592e-06,4.240010679220736e-05,716.0,408.0,1524.0,1275.0,1367.0,1223.0,1.7434757058496506,0
STAGE_RANGE_Ids_m2,currently_inconclusive,does not cleanly satisfy any strong/nonlinear/interaction/cluster/weak criterion -- insufficient evidence either way,0.05837076998640789,0.05652276097256326,3.660827324591109e-05,0.0003107409645846803,1220.0,1252.0,780.0,686.0,1367.0,411.0,0.6403743241739457,0
STAGE_STD_Ids_m2,currently_inconclusive,does not cleanly satisfy any strong/nonlinear/interaction/cluster/weak criterion -- insufficient evidence either way,0.05837076998640786,0.05652276097256326,5.1535152173795565e-05,0.00016750517449095215,1222.0,1252.0,714.0,853.0,1367.0,609.0,1.996975560464382,0
STAGE_DELTA_Ids_m2_FIC_minus_TOPSIN,currently_inconclusive,does not cleanly satisfy any strong/nonlinear/interaction/cluster/weak criterion -- insufficient evidence either way,0.05837076998640789,0.05652276097256326,3.477411367076022e-05,7.718799149980388e-05,1220.0,1252.0,792.0,1106.0,1367.0,886.0,2.23606797749979,0
STAGE_RANGE_lkg_5,currently_inconclusive,does not cleanly satisfy any strong/nonlinear/interaction/cluster/weak criterion -- insufficient evidence either way,0.4126198184787614,0.25648375908771687,-1.0194256886017494e-05,2.0168404339657063e-05,74.0,132.0,1587.0,1396.0,1367.0,609.0,2.15790717433272,0
STAGE_STD_lkg_5,currently_inconclusive,does not cleanly satisfy any strong/nonlinear/interaction/cluster/weak criterion -- insufficient evidence either way,0.4156477329426862,0.26018328767715954,0.0005405764292083975,0.001744277881236027,72.0,124.0,356.0,343.0,1367.0,886.0,1.5815618727362306,0
STAGE_RANGE_OHMC,currently_inconclusive,does not cleanly satisfy any strong/nonlinear/interaction/cluster/weak criterion -- insufficient evidence either way,0.05324054846579149,0.0640851601057491,2.1297361908792502e-05,4.30124064105216e-05,1277.0,1190.0,874.0,1272.0,1367.0,886.0,1.00596730128406,0
STAGE_STD_OHMC,currently_inconclusive,does not cleanly satisfy any strong/nonlinear/interaction/cluster/weak criterion -- insufficient evidence either way,0.10735524188426565,0.11941163571776872,7.507433186779155e-06,5.299684395085653e-05,747.0,670.0,1034.0,1219.0,1367.0,1223.0,1.5001103803585705,0
STAGE_RANGE_R_f_hr_1,currently_inconclusive,does not cleanly satisfy any strong/nonlinear/interaction/cluster/weak criterion -- insufficient evidence either way,0.11080354270156362,0.15202446809001072,-9.975879865675718e-07,7.774895457458621e-05,708.0,441.0,1470.0,1105.0,1367.0,609.0,0.9775182034546733,0
STAGE_STD_R_f_hr_1,interaction_dependent_predictor,weak individual importance but frequently co-occurs with important features in the same trees,0.11137856222176076,0.15444126231180377,8.257651591828397e-05,0.00026320986517647477,704.0,428.0,635.0,727.0,1367.0,96.0,0.7651081056285376,0
STAGE_RANGE_R_f_hr_2,currently_inconclusive,does not cleanly satisfy any strong/nonlinear/interaction/cluster/weak criterion -- insufficient evidence either way,0.13303658706223045,0.1502645974286425,-1.3134583883078753e-06,3.2057850177209017e-05,565.0,456.0,1478.0,1323.0,1367.0,886.0,1.4908924089946076,0
STAGE_STD_R_f_hr_2,currently_inconclusive,does not cleanly satisfy any strong/nonlinear/interaction/cluster/weak criterion -- insufficient evidence either way,0.1622227099088516,0.17804806380237556,8.892859554207322e-05,0.0009858138916805576,407.0,326.0,621.0,447.0,1367.0,411.0,1.3750242648948126,0
STAGE_RANGE_R_f_hr_3,currently_inconclusive,does not cleanly satisfy any strong/nonlinear/interaction/cluster/weak criterion -- insufficient evidence either way,0.195285377128394,0.10921465309038915,0.0009731285898484654,0.002195585284002347,296.0,752.0,289.0,298.0,1367.0,296.0,1.1788919658488435,0
STAGE_STD_R_f_hr_3,currently_inconclusive,does not cleanly satisfy any strong/nonlinear/interaction/cluster/weak criterion -- insufficient evidence either way,0.20274388905633278,0.1107013982254508,5.705754705426224e-06,1.2254221839847227e-05,276.0,743.0,1067.0,1434.0,1367.0,1223.0,1.160628737043261,0
STAGE_RANGE_R_f_tn_1,currently_inconclusive,does not cleanly satisfy any strong/nonlinear/interaction/cluster/weak criterion -- insufficient evidence either way,0.21667105950848814,0.26726010562647246,0.00143002893592242,0.0022365498475723574,224.0,113.0,229.0,293.0,1367.0,133.0,0.8719718808078274,0
STAGE_STD_R_f_tn_1,nonlinear_predictor,high SHAP/permutation importance despite weak linear/monotonic correlation -- signal is not capturable by Pearson/Spearman alone (e.g. process-window/threshold shape),0.2411742276140736,0.29704923341185446,0.008818063396508266,0.01594251512287214,184.0,65.0,51.0,40.0,1367.0,1223.0,0.44940970799449176,0
STAGE_RANGE_R_f_tn_2,currently_inconclusive,does not cleanly satisfy any strong/nonlinear/interaction/cluster/weak criterion -- insufficient evidence either way,0.1016061277616127,0.08552118035875998,1.5399324707646157e-05,4.9321221805618405e-05,790.0,967.0,933.0,1233.0,1367.0,609.0,1.3203699428836433,0
STAGE_STD_R_f_tn_2,currently_inconclusive,does not cleanly satisfy any strong/nonlinear/interaction/cluster/weak criterion -- insufficient evidence either way,0.06470326398115814,0.052615665872485666,3.215714884183263e-06,1.7802567450919224e-05,1167.0,1291.0,1125.0,1409.0,1367.0,886.0,0.40123403738711727,0
STAGE_RANGE_R_f_tn_3,currently_inconclusive,does not cleanly satisfy any strong/nonlinear/interaction/cluster/weak criterion -- insufficient evidence either way,0.057030680909843014,0.04456235194059261,1.8269892975916746e-05,5.4578651205035586e-05,1240.0,1366.0,900.0,1212.0,1367.0,886.0,0.9217719442235721,0
STAGE_STD_R_f_tn_3,currently_inconclusive,does not cleanly satisfy any strong/nonlinear/interaction/cluster/weak criterion -- insufficient evidence either way,0.07321876993504373,0.044640133823592845,1.5375216946075797e-05,0.00018109020451831617,1067.0,1365.0,935.0,826.0,1367.0,886.0,1.0209191957839545,0
STAGE_RANGE_R114,currently_inconclusive,does not cleanly satisfy any strong/nonlinear/interaction/cluster/weak criterion -- insufficient evidence either way,0.16888927327905104,0.12013700733523379,1.3937835474636674e-05,4.517920703614505e-05,381.0,666.0,952.0,1260.0,1367.0,1223.0,1.5096248727432209,0
STAGE_STD_R114,currently_inconclusive,does not cleanly satisfy any strong/nonlinear/interaction/cluster/weak criterion -- insufficient evidence either way,0.1051748539103072,0.05302924325609549,1.955171037284209e-05,0.00016261318379334557,759.0,1285.0,890.0,862.0,1367.0,609.0,1.6045565756809226,0
STAGE_RANGE_R214,interaction_dependent_predictor,weak individual importance but frequently co-occurs with important features in the same trees,0.01503144170260979,0.0243935096786313,0.00012266720563666177,0.0004279306673043945,1575.0,1527.0,571.0,605.0,1367.0,69.0,0.6269930918839329,0
STAGE_STD_R214,currently_inconclusive,does not cleanly satisfy any strong/nonlinear/interaction/cluster/weak criterion -- insufficient evidence either way,0.005008190181330256,0.0356727716494713,0.00021431862689769987,0.0007393965375228947,1674.0,1431.0,486.0,509.0,1367.0,296.0,1.1096211111484917,0
STAGE_RANGE_R314,interaction_dependent_predictor,weak individual importance but frequently co-occurs with important features in the same trees,0.00628715425211607,0.027745908835941493,0.0008590995760210691,0.0020020950444518282,1664.0,1500.0,307.0,318.0,1367.0,191.0,0.9105300024319803,0
STAGE_STD_R314,interaction_dependent_predictor,weak individual importance but frequently co-occurs with important features in the same trees,0.02446951598921254,0.02935243807082352,0.0007562722374950453,0.0011311366148932845,1510.0,1491.0,323.0,419.0,1367.0,191.0,0.4961757886935536,0
STAGE_RANGE_Rc_f_hr_23,currently_inconclusive,does not cleanly satisfy any strong/nonlinear/interaction/cluster/weak criterion -- insufficient evidence either way,0.01489302452210399,0.018491864864476213,0.000312939197654688,0.0019720469696930844,1579.0,1573.0,433.0,322.0,1367.0,411.0,1.217283509946147,0
STAGE_STD_Rc_f_hr_23,currently_inconclusive,does not cleanly satisfy any strong/nonlinear/interaction/cluster/weak criterion -- insufficient evidence either way,0.015735748125751594,0.023279228646165055,0.00022494161556485813,0.001010358001090047,1572.0,1535.0,479.0,443.0,1367.0,886.0,0.6221902117309702,0
STAGE_RANGE_Rc_f_tn_23,currently_inconclusive,does not cleanly satisfy any strong/nonlinear/interaction/cluster/weak criterion -- insufficient evidence either way,0.11493047091320187,0.09145327122426088,7.162463107743267e-06,0.00013055229568230474,683.0,909.0,1040.0,932.0,1367.0,411.0,0.9661265821607178,0
STAGE_STD_Rc_f_tn_23,currently_inconclusive,does not cleanly satisfy any strong/nonlinear/interaction/cluster/weak criterion -- insufficient evidence either way,0.12498120642281046,0.1037510313945011,3.729182857759028e-06,7.04311614633847e-05,609.0,794.0,1108.0,1147.0,1367.0,296.0,2.069748609318168,0
STAGE_RANGE_Rc_OG142,currently_inconclusive,does not cleanly satisfy any strong/nonlinear/interaction/cluster/weak criterion -- insufficient evidence either way,0.04104431863971711,0.02536756108774569,5.556718785040826e-05,0.0003086288176461052,1374.0,1520.0,696.0,688.0,1367.0,609.0,1.2107584773678075,0
STAGE_STD_Rc_OG142,weak_unstable_predictor,"weak on every signal (correlation, SHAP, permutation, cluster, co-occurrence) and never stable across folds",0.03311972341033497,0.02319989112550481,4.76470497887127e-07,6.109959213330443e-05,1451.0,1536.0,1201.0,1189.0,1367.0,1223.0,2.054457621122046,0
STAGE_RANGE_sh_f_hr_23,currently_inconclusive,does not cleanly satisfy any strong/nonlinear/interaction/cluster/weak criterion -- insufficient evidence either way,0.09813458266463189,0.1068996420183507,1.720903285125086e-05,2.369131510854566e-05,816.0,776.0,909.0,1366.0,1367.0,1223.0,0.8745696139315178,0
STAGE_STD_sh_f_hr_23,currently_inconclusive,does not cleanly satisfy any strong/nonlinear/interaction/cluster/weak criterion -- insufficient evidence either way,0.10702963324797796,0.11637014185850805,0.0,0.0,749.0,695.0,1210.0,1471.0,1367.0,1223.0,0.6488543939326065,0
STAGE_RANGE_sh_f_tn_23,currently_inconclusive,does not cleanly satisfy any strong/nonlinear/interaction/cluster/weak criterion -- insufficient evidence either way,0.10359834221262287,0.13689478067670757,0.0006145021289395037,0.0028036574748166545,775.0,550.0,342.0,247.0,1367.0,296.0,1.0918122029806165,0
STAGE_STD_sh_f_tn_23,currently_inconclusive,does not cleanly satisfy any strong/nonlinear/interaction/cluster/weak criterion -- insufficient evidence either way,0.12517323191433308,0.16164719818689713,-6.063141343259915e-06,7.215899992409626e-05,607.0,393.0,1542.0,1141.0,1367.0,886.0,0.9353478422149446,0
STAGE_RANGE_sh_GA142,nonlinear_predictor,high SHAP/permutation importance despite weak linear/monotonic correlation -- signal is not capturable by Pearson/Spearman alone (e.g. process-window/threshold shape),0.13898990604410236,0.1995651994476581,0.023868938403780477,0.02806179490852239,519.0,242.0,28.0,21.0,1367.0,1223.0,0.5617118108819414,3
STAGE_STD_sh_GA142,currently_inconclusive,does not cleanly satisfy any strong/nonlinear/interaction/cluster/weak criterion -- insufficient evidence either way,0.1349802473571632,0.19957786678288958,0.0003369937007402429,0.0011257411895990589,547.0,241.0,423.0,420.0,1367.0,411.0,0.9514863667852602,0
STAGE_RANGE_TANR,interaction_dependent_predictor,weak individual importance but frequently co-occurs with important features in the same trees,0.07157302873228948,0.0810791681375922,2.758043538442778e-05,0.00011577482828910017,1088.0,1018.0,828.0,978.0,1367.0,191.0,1.0494557086751986,0
STAGE_STD_TANR,currently_inconclusive,does not cleanly satisfy any strong/nonlinear/interaction/cluster/weak criterion -- insufficient evidence either way,0.05315072221262764,0.08348729523527952,-5.024233612088702e-06,9.359340204131956e-05,1278.0,989.0,1528.0,1055.0,1367.0,609.0,0.9313553649226447,0
STAGE_RANGE_Vdg_max,currently_inconclusive,does not cleanly satisfy any strong/nonlinear/interaction/cluster/weak criterion -- insufficient evidence either way,0.09108026503877756,0.032248813159800896,-1.2555479956574688e-05,0.0001633236565055037,881.0,1461.0,1605.0,860.0,1367.0,886.0,0.9189025948976997,0
STAGE_STD_Vdg_max,currently_inconclusive,does not cleanly satisfy any strong/nonlinear/interaction/cluster/weak criterion -- insufficient evidence either way,0.09108026503877743,0.032248813159800896,0.0,0.0,883.0,1461.0,1210.0,1471.0,1367.0,1223.0,1.1553298588247425,0
STAGE_DELTA_Vdg_max_FIC_minus_TOPSIN,currently_inconclusive,does not cleanly satisfy any strong/nonlinear/interaction/cluster/weak criterion -- insufficient evidence either way,0.09108026503877756,0.032248813159800896,2.1576745496598716e-05,8.662726568680883e-05,881.0,1461.0,871.0,1076.0,1367.0,886.0,1.1504448228631132,0
STAGE_RANGE_Vds_max,currently_inconclusive,does not cleanly satisfy any strong/nonlinear/interaction/cluster/weak criterion -- insufficient evidence either way,0.12225526593567514,0.1913465434559017,0.0005568782663795153,0.0037516628362617007,628.0,274.0,354.0,188.0,1367.0,191.0,0.7058314294548053,0
STAGE_STD_Vds_max,currently_inconclusive,does not cleanly satisfy any strong/nonlinear/interaction/cluster/weak criterion -- insufficient evidence either way,0.12225526593567511,0.1913465434559017,-0.00037847647184428845,0.0016296512880632633,630.0,274.0,1712.0,353.0,1367.0,609.0,2.2134778457483937,0
STAGE_DELTA_Vds_max_FIC_minus_TOPSIN,currently_inconclusive,does not cleanly satisfy any strong/nonlinear/interaction/cluster/weak criterion -- insufficient evidence either way,0.12225526593567514,0.1913465434559017,7.954401696987357e-05,0.0009085718358521488,628.0,274.0,642.0,467.0,1367.0,609.0,2.23606797749979,0
STAGE_RANGE_Vg_gm_max,interaction_dependent_predictor,weak individual importance but frequently co-occurs with important features in the same trees,0.01165945932677399,0.015023237350568527,8.504425408490667e-05,0.0002210491941233394,1612.0,1606.0,633.0,770.0,1367.0,69.0,0.6747763040026241,0
STAGE_STD_Vg_gm_max,currently_inconclusive,does not cleanly satisfy any strong/nonlinear/interaction/cluster/weak criterion -- insufficient evidence either way,0.011659459326773997,0.015023237350568527,2.1179537973309294e-05,0.00010345352311213134,1611.0,1606.0,875.0,1015.0,1367.0,296.0,0.586039809334551,0
STAGE_DELTA_Vg_gm_max_FIC_minus_TOPSIN,currently_inconclusive,does not cleanly satisfy any strong/nonlinear/interaction/cluster/weak criterion -- insufficient evidence either way,0.006524551446573483,0.03461760484808524,5.550662617058444e-05,7.485917718350982e-05,1660.0,1442.0,697.0,1126.0,1367.0,886.0,0.6043370329541118,0
STAGE_RANGE_Vg_Vds_max,currently_inconclusive,does not cleanly satisfy any strong/nonlinear/interaction/cluster/weak criterion -- insufficient evidence either way,0.2128166046844984,0.1941458023081045,4.171112525459819e-05,0.0001237299857571225,239.0,264.0,753.0,954.0,1367.0,886.0,0.6660066430808297,0
STAGE_STD_Vg_Vds_max,currently_inconclusive,does not cleanly satisfy any strong/nonlinear/interaction/cluster/weak criterion -- insufficient evidence either way,0.2128166046844984,0.1941458023081045,2.9496985653978958e-05,8.57884134485883e-05,239.0,264.0,822.0,1084.0,1367.0,1223.0,1.196932890926108,0
STAGE_DELTA_Vg_Vds_max_FIC_minus_TOPSIN,currently_inconclusive,does not cleanly satisfy any strong/nonlinear/interaction/cluster/weak criterion -- insufficient evidence either way,0.2128166046844984,0.1941458023081045,0.0,0.0,239.0,264.0,1210.0,1471.0,1367.0,1223.0,1.1662692041151395,0
STAGE_RANGE_Vp_1,currently_inconclusive,does not cleanly satisfy any strong/nonlinear/interaction/cluster/weak criterion -- insufficient evidence either way,0.06467290008674148,0.05214075191828137,5.6046947854909716e-06,5.0451422087935406e-05,1170.0,1296.0,1070.0,1228.0,1367.0,411.0,0.8840220539902904,0
STAGE_STD_Vp_1,weak_unstable_predictor,"weak on every signal (correlation, SHAP, permutation, cluster, co-occurrence) and never stable across folds",0.0646729000867415,0.05214075191828137,0.0,0.0,1169.0,1296.0,1210.0,1471.0,1367.0,1223.0,1.3772561993548254,0
STAGE_DELTA_Vp_1_FIC_minus_TOPSIN,interaction_dependent_predictor,weak individual importance but frequently co-occurs with important features in the same trees,0.03928342230114897,0.08617921508894198,8.860731862528337e-06,9.708444612002335e-05,1392.0,959.0,1015.0,1044.0,1367.0,133.0,1.6638375345742682,0
STAGE_RANGE_DC_PIV_Drain_Lag_0,nonlinear_predictor,high SHAP/permutation importance despite weak linear/monotonic correlation -- signal is not capturable by Pearson/Spearman alone (e.g. process-window/threshold shape),0.004752960846584654,0.07253493940699193,0.009370905717990641,0.013598278389411958,1677.0,1089.0,49.0,46.0,1367.0,1223.0,0.48015887834441073,0
STAGE_STD_DC_PIV_Drain_Lag_0,currently_inconclusive,does not cleanly satisfy any strong/nonlinear/interaction/cluster/weak criterion -- insufficient evidence either way,0.004752960846584666,0.07253493940699193,0.001887668021379915,0.004605546585621079,1676.0,1089.0,190.0,153.0,1367.0,609.0,0.6183252357892252,0
STAGE_DELTA_DC_PIV_Drain_Lag_0_FIC_minus_TOPSIN,currently_inconclusive,does not cleanly satisfy any strong/nonlinear/interaction/cluster/weak criterion -- insufficient evidence either way,0.12463823610249063,0.14554434830028531,0.0032529649865416315,0.007299134104019666,610.0,500.0,131.0,93.0,1367.0,1223.0,0.507763045990374,0
STAGE_RANGE_DC_PIV_Drain_Lag_1,currently_inconclusive,does not cleanly satisfy any strong/nonlinear/interaction/cluster/weak criterion -- insufficient evidence either way,0.057086261148476654,0.06907764582460714,4.092127455188055e-05,0.00011017152844618933,1237.0,1121.0,760.0,999.0,1367.0,1223.0,0.6022315468618834,0
STAGE_STD_DC_PIV_Drain_Lag_1,weak_unstable_predictor,"weak on every signal (correlation, SHAP, permutation, cluster, co-occurrence) and never stable across folds",0.05708626114847664,0.06907764582460714,0.0,0.0,1238.0,1121.0,1210.0,1471.0,1367.0,1223.0,1.7858688061517203,0
STAGE_DELTA_DC_PIV_Drain_Lag_1_FIC_minus_TOPSIN,currently_inconclusive,does not cleanly satisfy any strong/nonlinear/interaction/cluster/weak criterion -- insufficient evidence either way,0.2233426884742317,0.23670760421793102,-5.1434492374990984e-06,0.00021375256260727102,213.0,159.0,1531.0,781.0,1367.0,609.0,1.7771913270678303,0
STAGE_RANGE_DC_PIV_Gate_Lag_0,currently_inconclusive,does not cleanly satisfy any strong/nonlinear/interaction/cluster/weak criterion -- insufficient evidence either way,0.09327497278222628,0.13051177712375675,0.0026710075150067234,0.002968563529860568,859.0,583.0,156.0,234.0,1367.0,6.0,0.1863388131445059,0
STAGE_STD_DC_PIV_Gate_Lag_0,currently_inconclusive,does not cleanly satisfy any strong/nonlinear/interaction/cluster/weak criterion -- insufficient evidence either way,0.09327497278222631,0.13051177712375675,0.0008289211215022796,0.0020970013513440544,858.0,583.0,309.0,308.0,1367.0,296.0,0.6817858444135609,0
STAGE_DELTA_DC_PIV_Gate_Lag_0_FIC_minus_TOPSIN,currently_inconclusive,does not cleanly satisfy any strong/nonlinear/interaction/cluster/weak criterion -- insufficient evidence either way,0.0025804527010438896,0.01962948046184253,0.003580106619768669,0.004635100060731763,1698.0,1568.0,121.0,151.0,1367.0,296.0,1.2826782945277784,0
STAGE_RANGE_DC_PIV_Gate_Lag_1,currently_inconclusive,does not cleanly satisfy any strong/nonlinear/interaction/cluster/weak criterion -- insufficient evidence either way,0.017680701710350976,0.14433406220080164,5.878392495353712e-06,3.149057311254829e-05,1559.0,503.0,1065.0,1325.0,1367.0,886.0,1.9493003722568676,0
STAGE_STD_DC_PIV_Gate_Lag_1,currently_inconclusive,does not cleanly satisfy any strong/nonlinear/interaction/cluster/weak criterion -- insufficient evidence either way,0.01768070171035099,0.14433406220080164,0.00011336108902426089,0.0004389343157171849,1558.0,503.0,587.0,601.0,1367.0,886.0,1.9162263152312844,0
STAGE_DELTA_DC_PIV_Gate_Lag_1_FIC_minus_TOPSIN,weak_unstable_predictor,"weak on every signal (correlation, SHAP, permutation, cluster, co-occurrence) and never stable across folds",0.038860362875861275,0.028342384761577587,0.0,0.0,1396.0,1496.0,1210.0,1471.0,1367.0,1223.0,1.8456443263320206,0
STAGE_RANGE_DC_PIV_Ids0_QP1,currently_inconclusive,does not cleanly satisfy any strong/nonlinear/interaction/cluster/weak criterion -- insufficient evidence either way,0.017228746607736184,0.03410113314496367,-5.014814947071345e-06,7.195579452181672e-05,1561.0,1447.0,1527.0,1143.0,1367.0,886.0,1.0051460867222222,0
STAGE_STD_DC_PIV_Ids0_QP1,currently_inconclusive,does not cleanly satisfy any strong/nonlinear/interaction/cluster/weak criterion -- insufficient evidence either way,0.01722874660773615,0.03410113314496367,-7.258293930193505e-05,0.0001823130025982764,1562.0,1447.0,1692.0,825.0,1367.0,609.0,1.2048343315238654,0
STAGE_DELTA_DC_PIV_Ids0_QP1_FIC_minus_TOPSIN,currently_inconclusive,does not cleanly satisfy any strong/nonlinear/interaction/cluster/weak criterion -- insufficient evidence either way,0.013974982746989186,0.03390045588682306,-3.991338708153602e-06,4.8782021113237774e-05,1588.0,1451.0,1510.0,1236.0,1367.0,886.0,0.9058926699377032,0
STAGE_RANGE_DC_PIV_Ids0_QP2,currently_inconclusive,does not cleanly satisfy any strong/nonlinear/interaction/cluster/weak criterion -- insufficient evidence either way,0.023802870526815612,0.015726385572890664,0.00011099976655045695,0.00027293830449361307,1520.0,1599.0,593.0,720.0,1367.0,609.0,1.0555131244521945,0
STAGE_STD_DC_PIV_Ids0_QP2,currently_inconclusive,does not cleanly satisfy any strong/nonlinear/interaction/cluster/weak criterion -- insufficient evidence either way,0.023802870526815654,0.015726385572890664,-1.1053545096162409e-05,4.787205731019701e-05,1519.0,1599.0,1591.0,1241.0,1367.0,886.0,1.9765045927232425,0
STAGE_DELTA_DC_PIV_Ids0_QP2_FIC_minus_TOPSIN,weak_unstable_predictor,"weak on every signal (correlation, SHAP, permutation, cluster, co-occurrence) and never stable across folds",0.023802870526815612,0.015726385572890664,0.0,0.0,1520.0,1599.0,1210.0,1471.0,1367.0,1223.0,inf,0
STAGE_RANGE_DC_PIV_Ids0_QP3,currently_inconclusive,does not cleanly satisfy any strong/nonlinear/interaction/cluster/weak criterion -- insufficient evidence either way,0.06840506145391911,0.0475127298797673,3.9706437333761337e-05,0.00014027150383199818,1127.0,1334.0,766.0,902.0,1367.0,609.0,1.0673760763839513,0
STAGE_STD_DC_PIV_Ids0_QP3,weak_unstable_predictor,"weak on every signal (correlation, SHAP, permutation, cluster, co-occurrence) and never stable across folds",0.06840506145391909,0.0475127298797673,0.0,0.0,1129.0,1334.0,1210.0,1471.0,1367.0,1223.0,1.1580026031932849,0
STAGE_DELTA_DC_PIV_Ids0_QP3_FIC_minus_TOPSIN,weak_unstable_predictor,"weak on every signal (correlation, SHAP, permutation, cluster, co-occurrence) and never stable across folds",0.06840506145391911,0.0475127298797673,0.0,0.0,1127.0,1334.0,1210.0,1471.0,1367.0,1223.0,1.2418503005505295,0
STAGE_RANGE_DC_PIV_Ids1_QP1,currently_inconclusive,does not cleanly satisfy any strong/nonlinear/interaction/cluster/weak criterion -- insufficient evidence either way,0.13769933671664994,0.09953347546427688,1.1829123897239002e-05,0.00014447694981955777,527.0,838.0,975.0,892.0,1367.0,609.0,1.0095394659641372,0
STAGE_STD_DC_PIV_Ids1_QP1,currently_inconclusive,does not cleanly satisfy any strong/nonlinear/interaction/cluster/weak criterion -- insufficient evidence either way,0.1376993367166498,0.09953347546427688,-1.523287705910148e-05,7.689415707330568e-05,529.0,838.0,1620.0,1109.0,1367.0,411.0,1.5571327397742492,0
STAGE_DELTA_DC_PIV_Ids1_QP1_FIC_minus_TOPSIN,currently_inconclusive,does not cleanly satisfy any strong/nonlinear/interaction/cluster/weak criterion -- insufficient evidence either way,0.13769933671664994,0.09953347546427688,-1.937195320630969e-06,1.5936016607715204e-05,527.0,838.0,1490.0,1418.0,1367.0,1223.0,1.9872651651645028,0
STAGE_RANGE_DC_PIV_Ids1_QP2,currently_inconclusive,does not cleanly satisfy any strong/nonlinear/interaction/cluster/weak criterion -- insufficient evidence either way,0.01047131698288515,0.007893749954766854,8.969477621496857e-05,0.000169597858684979,1617.0,1658.0,619.0,847.0,1367.0,296.0,0.8231482134221672,0
STAGE_STD_DC_PIV_Ids1_QP2,currently_inconclusive,does not cleanly satisfy any strong/nonlinear/interaction/cluster/weak criterion -- insufficient evidence either way,0.01047131698288511,0.007893749954766854,8.642114580974525e-05,7.567528958485132e-05,1619.0,1658.0,626.0,1116.0,1367.0,411.0,1.1191397647202623,0
STAGE_DELTA_DC_PIV_Ids1_QP2_FIC_minus_TOPSIN,interaction_dependent_predictor,weak individual importance but frequently co-occurs with important features in the same trees,0.01047131698288515,0.007893749954766854,4.838691587235322e-05,0.0002455099511269724,1617.0,1658.0,723.0,746.0,1367.0,191.0,1.017740561629244,0
STAGE_RANGE_DC_PIV_Ids1_QP3,currently_inconclusive,does not cleanly satisfy any strong/nonlinear/interaction/cluster/weak criterion -- insufficient evidence either way,0.006392328558471004,0.021821818392692052,0.0010535685048432026,0.0027449149562913896,1663.0,1549.0,270.0,249.0,1367.0,886.0,0.980157944041639,0
STAGE_STD_DC_PIV_Ids1_QP3,currently_inconclusive,does not cleanly satisfy any strong/nonlinear/interaction/cluster/weak criterion -- insufficient evidence either way,0.006392328558471041,0.021821818392692052,0.00011693709451869038,0.00035165968101656014,1662.0,1549.0,582.0,653.0,1367.0,609.0,1.0673823092618042,0
STAGE_DELTA_DC_PIV_Ids1_QP3_FIC_minus_TOPSIN,currently_inconclusive,does not cleanly satisfy any strong/nonlinear/interaction/cluster/weak criterion -- insufficient evidence either way,0.006531697357973185,0.021821818392692052,0.0006551285544359575,0.0018741622431165882,1659.0,1549.0,336.0,330.0,1367.0,886.0,1.4893909386768152,0
STAGE_RANGE_DC_RF_Gm_0,interaction_dependent_predictor,weak individual importance but frequently co-occurs with important features in the same trees,0.12568064284097008,0.1059020338103848,2.2290004524769257e-05,0.00010233745291844422,602.0,784.0,864.0,1022.0,1367.0,191.0,1.1218054151586285,0
STAGE_STD_DC_RF_Gm_0,currently_inconclusive,does not cleanly satisfy any strong/nonlinear/interaction/cluster/weak criterion -- insufficient evidence either way,0.12771463144719994,0.10010595012315861,1.739105706563271e-05,0.00018954838934087052,593.0,831.0,907.0,815.0,1367.0,296.0,0.965078811222062,0
STAGE_RANGE_DC_RF_Gm_m0p2,interaction_dependent_predictor,weak individual importance but frequently co-occurs with important features in the same trees,0.0615813808111818,0.10351524117203469,0.0002857932576388972,0.0007591659286614456,1187.0,798.0,446.0,503.0,1367.0,96.0,0.6458565804763035,0
STAGE_STD_DC_RF_Gm_m0p2,interaction_dependent_predictor,weak individual importance but frequently co-occurs with important features in the same trees,0.0684270004038971,0.09701889830385493,6.0369157766984594e-05,0.0001928016268884619,1126.0,865.0,682.0,812.0,1367.0,133.0,0.33351279515957294,0
STAGE_RANGE_DC_RF_Gm_max,currently_inconclusive,does not cleanly satisfy any strong/nonlinear/interaction/cluster/weak criterion -- insufficient evidence either way,0.044536312810367726,0.03138210074922683,-5.4086105395950715e-06,9.397129626735884e-05,1344.0,1470.0,1535.0,1053.0,1367.0,886.0,0.7695876594587209,0
STAGE_STD_DC_RF_Gm_max,currently_inconclusive,does not cleanly satisfy any strong/nonlinear/interaction/cluster/weak criterion -- insufficient evidence either way,0.04961100275538425,0.04005855868092749,4.323106802223142e-06,4.5529631578706615e-05,1310.0,1393.0,1096.0,1256.0,1367.0,609.0,1.7101828012012503,0
STAGE_RANGE_DC_RF_Id_gm_max,currently_inconclusive,does not cleanly satisfy any strong/nonlinear/interaction/cluster/weak criterion -- insufficient evidence either way,0.007582963241052639,0.0019763265300602934,-8.631627065155967e-06,2.0444752969642813e-05,1647.0,1699.0,1575.0,1394.0,1367.0,886.0,1.487408012252351,0
STAGE_STD_DC_RF_Id_gm_max,currently_inconclusive,does not cleanly satisfy any strong/nonlinear/interaction/cluster/weak criterion -- insufficient evidence either way,0.007853702169270574,0.023850592135289648,3.247057874189163e-05,0.0001592544224243243,1645.0,1530.0,803.0,874.0,1367.0,296.0,0.317250363139665,0
STAGE_RANGE_DC_RF_Ids_m0p2,interaction_dependent_predictor,weak individual importance but frequently co-occurs with important features in the same trees,0.19167574593626924,0.16532894806022547,0.00020926490277473896,0.0005776145605893994,306.0,372.0,492.0,550.0,1367.0,191.0,0.860253816863872,0
STAGE_STD_DC_RF_Ids_m0p2,currently_inconclusive,does not cleanly satisfy any strong/nonlinear/interaction/cluster/weak criterion -- insufficient evidence either way,0.20226244744879723,0.16579030574339257,-9.994322570713865e-06,7.784373000786483e-05,279.0,369.0,1585.0,1103.0,1367.0,609.0,0.7814856942486893,0
STAGE_RANGE_DC_RF_Idss,currently_inconclusive,does not cleanly satisfy any strong/nonlinear/interaction/cluster/weak criterion -- insufficient evidence either way,0.10013468180248855,0.08572474665826918,5.768058958542377e-05,0.00020102568448676135,799.0,963.0,689.0,797.0,1367.0,296.0,0.49016421383139136,0
STAGE_STD_DC_RF_Idss,currently_inconclusive,does not cleanly satisfy any strong/nonlinear/interaction/cluster/weak criterion -- insufficient evidence either way,0.10506259913633959,0.08857800836066927,3.897960665660005e-05,0.00019063289412895188,761.0,937.0,771.0,814.0,1367.0,296.0,0.6996951254816784,0
STAGE_RANGE_DC_RF_Imax,interaction_dependent_predictor,weak individual importance but frequently co-occurs with important features in the same trees,0.0038377710183053965,0.034956067156111985,-6.236537857778058e-05,0.00019984873074598749,1684.0,1439.0,1690.0,800.0,1367.0,133.0,0.22002112314457714,0
STAGE_STD_DC_RF_Imax,interaction_dependent_predictor,weak individual importance but frequently co-occurs with important features in the same trees,0.009943153417287314,0.04189554452344165,-2.4137737975615803e-05,0.00029809420494015783,1624.0,1381.0,1646.0,697.0,1367.0,69.0,0.49225035444082427,0
STAGE_RANGE_DC_RF_n_gd,currently_inconclusive,does not cleanly satisfy any strong/nonlinear/interaction/cluster/weak criterion -- insufficient evidence either way,0.07333116788289996,0.04351607449726372,-1.0792969751935444e-05,0.00011431503819402896,1065.0,1372.0,1590.0,982.0,1367.0,609.0,1.3004763563705686,0
STAGE_STD_DC_RF_n_gd,currently_inconclusive,does not cleanly satisfy any strong/nonlinear/interaction/cluster/weak criterion -- insufficient evidence either way,0.0641758251764958,0.016381753495655516,5.087263727867608e-05,0.00028296262170957764,1174.0,1592.0,716.0,707.0,1367.0,411.0,0.5597377471852009,0
STAGE_RANGE_DC_RF_n_gs,interaction_dependent_predictor,weak individual importance but frequently co-occurs with important features in the same trees,0.07421308652805902,0.02040329908071917,0.0007619545479132627,0.0015187842005437914,1055.0,1561.0,321.0,368.0,1367.0,191.0,1.3955329556897798,0
STAGE_STD_DC_RF_n_gs,currently_inconclusive,does not cleanly satisfy any strong/nonlinear/interaction/cluster/weak criterion -- insufficient evidence either way,0.1086960244154053,0.07522974830202298,9.835174754572462e-05,0.00012931315345846608,735.0,1073.0,611.0,936.0,1367.0,609.0,0.896914029819299,0
STAGE_RANGE_DC_RF_Vbgd_0p01,currently_inconclusive,does not cleanly satisfy any strong/nonlinear/interaction/cluster/weak criterion -- insufficient evidence either way,0.10760738275295381,0.12689203052287717,0.0004664544529077386,0.0012844036297024433,743.0,610.0,377.0,390.0,1367.0,609.0,1.1780259736516845,0
STAGE_STD_DC_RF_Vbgd_0p01,currently_inconclusive,does not cleanly satisfy any strong/nonlinear/interaction/cluster/weak criterion -- insufficient evidence either way,0.1253703765555311,0.13041732769439932,1.7800721561264666e-05,0.00019657526639573576,605.0,585.0,903.0,806.0,1367.0,609.0,0.8685512936562128,0
STAGE_RANGE_DC_RF_Vbgd_0p1,currently_inconclusive,does not cleanly satisfy any strong/nonlinear/interaction/cluster/weak criterion -- insufficient evidence either way,0.03554300643296398,0.02584158610614427,3.1289153409469472e-06,4.822855516337663e-05,1426.0,1515.0,1129.0,1238.0,1367.0,411.0,0.6928401355175925,0
STAGE_STD_DC_RF_Vbgd_0p1,weak_unstable_predictor,"weak on every signal (correlation, SHAP, permutation, cluster, co-occurrence) and never stable across folds",0.05181821470702858,0.03165344840392194,-8.576681662342267e-06,1.4496717011777085e-05,1298.0,1467.0,1573.0,1424.0,1367.0,1223.0,0.835975177891132,0
STAGE_RANGE_DC_RF_Vbgd1,currently_inconclusive,does not cleanly satisfy any strong/nonlinear/interaction/cluster/weak criterion -- insufficient evidence either way,0.20437863399269443,0.24321128080650792,3.3766667338763766e-05,7.245286310103395e-05,267.0,152.0,798.0,1139.0,1367.0,1223.0,1.1950045632752906,0
STAGE_STD_DC_RF_Vbgd1,currently_inconclusive,does not cleanly satisfy any strong/nonlinear/interaction/cluster/weak criterion -- insufficient evidence either way,0.20804867967496044,0.24672991095948718,0.0,0.0,254.0,142.0,1210.0,1471.0,1367.0,1223.0,1.6593077126081994,0
STAGE_RANGE_DC_RF_Vbgs_0p01,currently_inconclusive,does not cleanly satisfy any strong/nonlinear/interaction/cluster/weak criterion -- insufficient evidence either way,0.037133150054964786,0.05542448078459992,2.8101713614001046e-05,8.069897649756382e-05,1413.0,1268.0,824.0,1099.0,1367.0,609.0,1.6501406540317314,0
STAGE_STD_DC_RF_Vbgs_0p01,currently_inconclusive,does not cleanly satisfy any strong/nonlinear/interaction/cluster/weak criterion -- insufficient evidence either way,0.04848930203295062,0.02697275691891914,1.7628823476362188e-06,1.0357094109600112e-05,1322.0,1506.0,1161.0,1449.0,1367.0,886.0,1.2638368776079676,0
STAGE_RANGE_DC_RF_Vbgs_0p1,currently_inconclusive,does not cleanly satisfy any strong/nonlinear/interaction/cluster/weak criterion -- insufficient evidence either way,0.0392165890142595,0.0009007142051427381,0.005883380611511948,0.0080087474119372,1393.0,1707.0,79.0,83.0,1367.0,1223.0,0.7844906031887457,0
STAGE_STD_DC_RF_Vbgs_0p1,currently_inconclusive,does not cleanly satisfy any strong/nonlinear/interaction/cluster/weak criterion -- insufficient evidence either way,0.04793686396366686,0.019067450798677964,0.0032396434124399827,0.004926777001682341,1326.0,1570.0,134.0,138.0,1367.0,35.0,0.6059350168670155,0
STAGE_RANGE_DC_RF_Vbgs1,currently_inconclusive,does not cleanly satisfy any strong/nonlinear/interaction/cluster/weak criterion -- insufficient evidence either way,0.15055088964782093,0.06819337693187016,7.115814235201522e-05,0.0003994390526716992,468.0,1132.0,656.0,622.0,1367.0,886.0,1.4698857580701816,0
STAGE_STD_DC_RF_Vbgs1,currently_inconclusive,does not cleanly satisfy any strong/nonlinear/interaction/cluster/weak criterion -- insufficient evidence either way,0.10785387951810264,0.043859870420124764,4.5056572919141555e-05,0.0003460578748124388,739.0,1369.0,738.0,659.0,1367.0,609.0,0.7684062951920401,0
STAGE_RANGE_DC_RF_Vbin_gd,currently_inconclusive,does not cleanly satisfy any strong/nonlinear/interaction/cluster/weak criterion -- insufficient evidence either way,0.12409342338110171,0.1215466372891495,4.373512128991175e-06,1.7233260313488476e-05,617.0,651.0,1094.0,1412.0,1367.0,886.0,0.7364893983043699,0
STAGE_STD_DC_RF_Vbin_gd,currently_inconclusive,does not cleanly satisfy any strong/nonlinear/interaction/cluster/weak criterion -- insufficient evidence either way,0.14141177038217284,0.13430686631231398,2.3640071850752897e-05,0.00025179028621654146,510.0,564.0,853.0,742.0,1367.0,886.0,1.1508302253211193,0
STAGE_RANGE_DC_RF_Vbin_gs,currently_inconclusive,does not cleanly satisfy any strong/nonlinear/interaction/cluster/weak criterion -- insufficient evidence either way,0.010010201713143357,0.008578674993071795,-2.3592970529134893e-05,9.525617032666515e-05,1623.0,1654.0,1644.0,1049.0,1367.0,886.0,0.918595199863153,0
STAGE_STD_DC_RF_Vbin_gs,currently_inconclusive,does not cleanly satisfy any strong/nonlinear/interaction/cluster/weak criterion -- insufficient evidence either way,0.013889782987861742,0.011803067394358739,0.0002839243516234519,0.001237482282743608,1589.0,1641.0,447.0,403.0,1367.0,609.0,1.341699723214258,0
STAGE_RANGE_DC_RF_Vboff,currently_inconclusive,does not cleanly satisfy any strong/nonlinear/interaction/cluster/weak criterion -- insufficient evidence either way,0.06932034433283922,0.09552548615025039,-7.790477465344226e-06,0.00013315768650502957,1114.0,880.0,1567.0,924.0,1367.0,411.0,0.9853292930698845,0
STAGE_STD_DC_RF_Vboff,currently_inconclusive,does not cleanly satisfy any strong/nonlinear/interaction/cluster/weak criterion -- insufficient evidence either way,0.07765648805055744,0.09941680263977651,4.4843239646402685e-06,8.634892617474727e-05,1010.0,841.0,1090.0,1078.0,1367.0,296.0,0.7599812961044303,0
STAGE_RANGE_DC_RF_Vdg_max,currently_inconclusive,does not cleanly satisfy any strong/nonlinear/interaction/cluster/weak criterion -- insufficient evidence either way,0.015748277596221175,0.013190029485228669,-4.9967505190373626e-06,0.0001326538974665203,1571.0,1622.0,1526.0,925.0,1367.0,609.0,0.5427907549202236,0
STAGE_STD_DC_RF_Vdg_max,weak_unstable_predictor,"weak on every signal (correlation, SHAP, permutation, cluster, co-occurrence) and never stable across folds",0.023148821654941254,0.01236331918591187,1.0798316252197403e-06,8.006381523429207e-06,1526.0,1635.0,1184.0,1461.0,1367.0,1223.0,0.838739548357188,0
STAGE_RANGE_DC_RF_Vdg_max_0p1,interaction_dependent_predictor,weak individual importance but frequently co-occurs with important features in the same trees,0.06665978394613305,0.15571866306461912,0.0001977048740152365,0.0009174854720303549,1146.0,419.0,501.0,464.0,1367.0,55.0,0.46607996893521175,0
STAGE_STD_DC_RF_Vdg_max_0p1,currently_inconclusive,does not cleanly satisfy any strong/nonlinear/interaction/cluster/weak criterion -- insufficient evidence either way,0.08369151987547428,0.16758573383698946,1.0421952390954337e-06,8.095380465794251e-05,949.0,363.0,1187.0,1096.0,1367.0,411.0,1.0516112305653063,0
STAGE_RANGE_DC_RF_Vdg_max_0p1mA,currently_inconclusive,does not cleanly satisfy any strong/nonlinear/interaction/cluster/weak criterion -- insufficient evidence either way,0.058146629335051124,0.017681155409662322,-3.983574777265686e-05,0.00015274913086684244,1224.0,1577.0,1674.0,881.0,1367.0,296.0,0.7805781018922299,0
STAGE_STD_DC_RF_Vdg_max_0p1mA,currently_inconclusive,does not cleanly satisfy any strong/nonlinear/interaction/cluster/weak criterion -- insufficient evidence either way,0.05750746917515921,0.0065707912419085465,-2.773369110783408e-05,0.00026159315255421385,1234.0,1664.0,1650.0,730.0,1367.0,296.0,0.6149657840487338,0
STAGE_RANGE_DC_RF_Vds_max,interaction_dependent_predictor,weak individual importance but frequently co-occurs with important features in the same trees,0.1882080800748144,0.1671968244219883,8.161292582419266e-05,0.0006916805467912658,317.0,364.0,639.0,516.0,1367.0,133.0,1.8771202276766292,0
STAGE_STD_DC_RF_Vds_max,currently_inconclusive,does not cleanly satisfy any strong/nonlinear/interaction/cluster/weak criterion -- insufficient evidence either way,0.1725742354386314,0.1885206165295274,-3.835355605350532e-05,8.809092419072232e-05,370.0,291.0,1673.0,1070.0,1367.0,886.0,0.6743876946630039,0
STAGE_RANGE_DC_RF_Vds_max_0p1,interaction_dependent_predictor,weak individual importance but frequently co-occurs with important features in the same trees,0.049386630702559664,0.013402707376746458,9.565262900462223e-05,0.00039232896799654517,1314.0,1620.0,613.0,633.0,1367.0,35.0,0.632563325453094,0
STAGE_STD_DC_RF_Vds_max_0p1,interaction_dependent_predictor,weak individual importance but frequently co-occurs with important features in the same trees,0.07356177905566116,0.0314274364753184,0.00022879178865892468,0.0012963299183954174,1062.0,1468.0,476.0,389.0,1367.0,27.0,0.9118971124321223,0
STAGE_RANGE_DC_RF_Vds_max_0p1mA,weak_unstable_predictor,"weak on every signal (correlation, SHAP, permutation, cluster, co-occurrence) and never stable across folds",0.01445141938519614,0.023569688420683077,-1.5081588943594016e-05,5.7148114391493384e-05,1582.0,1533.0,1618.0,1207.0,1367.0,1223.0,0.9677454623882787,0
STAGE_STD_DC_RF_Vds_max_0p1mA,currently_inconclusive,does not cleanly satisfy any strong/nonlinear/interaction/cluster/weak criterion -- insufficient evidence either way,0.08540179712181377,0.11458271418716262,1.6078303416761087e-05,0.00010135294429799165,935.0,707.0,923.0,1028.0,1367.0,886.0,0.8863638020038378,0
STAGE_RANGE_DC_RF_Vg_gm_max,interaction_dependent_predictor,weak individual importance but frequently co-occurs with important features in the same trees,0.07156697757887016,0.056300971489036865,0.00029849501216169805,0.0007358230028022432,1089.0,1258.0,439.0,510.0,1367.0,35.0,0.7390276419166911,0
STAGE_STD_DC_RF_Vg_gm_max,currently_inconclusive,does not cleanly satisfy any strong/nonlinear/interaction/cluster/weak criterion -- insufficient evidence either way,0.07513779637009878,0.05961203513138122,5.002013602226629e-05,0.00013419576272345537,1042.0,1231.0,719.0,921.0,1367.0,609.0,1.2007534637569244,0
STAGE_RANGE_DC_RF_Vg_max_Vd,currently_inconclusive,does not cleanly satisfy any strong/nonlinear/interaction/cluster/weak criterion -- insufficient evidence either way,0.12590020991652545,0.10309010762295052,2.000543034132163e-05,4.276300660302275e-05,600.0,802.0,886.0,1274.0,1367.0,609.0,1.2472501333080601,0
STAGE_STD_DC_RF_Vg_max_Vd,currently_inconclusive,does not cleanly satisfy any strong/nonlinear/interaction/cluster/weak criterion -- insufficient evidence either way,0.12266297403696037,0.08004422462578618,-2.259384126984676e-05,4.075652571961678e-05,626.0,1029.0,1642.0,1288.0,1367.0,1223.0,0.7725960985551152,0
STAGE_RANGE_DC_RF_Vg_max_Vd_0p1,currently_inconclusive,does not cleanly satisfy any strong/nonlinear/interaction/cluster/weak criterion -- insufficient evidence either way,0.04275755472377875,0.0488143541332884,5.667310996071428e-06,5.431124315990523e-05,1359.0,1323.0,1069.0,1213.0,1367.0,886.0,0.5365787319779135,0
STAGE_STD_DC_RF_Vg_max_Vd_0p1,currently_inconclusive,does not cleanly satisfy any strong/nonlinear/interaction/cluster/weak criterion -- insufficient evidence either way,0.03575448022894894,0.034202694060766835,3.728686196935449e-06,8.116058037884179e-05,1422.0,1444.0,1109.0,1095.0,1367.0,609.0,0.6163156871724844,0
STAGE_RANGE_DC_RF_Vg_max_Vd_0p1mA,interaction_dependent_predictor,weak individual importance but frequently co-occurs with important features in the same trees,0.033915359701663574,0.01389562228101653,-2.7848386551204694e-06,0.00012110154238030635,1447.0,1615.0,1500.0,962.0,1367.0,191.0,0.707369712460118,0
STAGE_STD_DC_RF_Vg_max_Vd_0p1mA,currently_inconclusive,does not cleanly satisfy any strong/nonlinear/interaction/cluster/weak criterion -- insufficient evidence either way,0.055388079412127,0.007506173943474247,0.0009027073851697904,0.0019803662425252073,1260.0,1661.0,299.0,321.0,1367.0,411.0,0.7733777565004318,0
STAGE_RANGE_DC_RF_Vg_optt,interaction_dependent_predictor,weak individual importance but frequently co-occurs with important features in the same trees,0.002836196858386003,0.04901258681796328,0.00020765214461689329,0.000866227381118355,1697.0,1321.0,494.0,479.0,1367.0,55.0,0.5662914546154968,0
STAGE_STD_DC_RF_Vg_optt,interaction_dependent_predictor,weak individual importance but frequently co-occurs with important features in the same trees,0.025139104178980243,0.026849861543778764,5.437815731787754e-05,0.0008851598546517771,1504.0,1510.0,703.0,473.0,1367.0,27.0,0.7010426941919303,0
STAGE_RANGE_DC_RF_Vg_optt1,currently_inconclusive,does not cleanly satisfy any strong/nonlinear/interaction/cluster/weak criterion -- insufficient evidence either way,0.2016916328080673,0.164518460839363,-1.4162174599705036e-05,0.00016096273750807139,280.0,377.0,1612.0,869.0,1367.0,411.0,1.311288906586316,0
STAGE_STD_DC_RF_Vg_optt1,currently_inconclusive,does not cleanly satisfy any strong/nonlinear/interaction/cluster/weak criterion -- insufficient evidence either way,0.1866444976769187,0.14333112037800144,1.0244510201060098e-05,6.889386754943934e-05,323.0,510.0,994.0,1153.0,1367.0,886.0,0.6555757988917142,0
STAGE_RANGE_DC_RF_Vg_optt2,currently_inconclusive,does not cleanly satisfy any strong/nonlinear/interaction/cluster/weak criterion -- insufficient evidence either way,0.08124298224630846,0.05271278210926024,-3.894177618701811e-06,3.444900698444507e-05,975.0,1289.0,1509.0,1312.0,1367.0,886.0,0.9780196293820602,0
STAGE_STD_DC_RF_Vg_optt2,currently_inconclusive,does not cleanly satisfy any strong/nonlinear/interaction/cluster/weak criterion -- insufficient evidence either way,0.0936675777514831,0.06992969079438688,9.465016126472548e-06,4.7409426349116865e-05,856.0,1115.0,1003.0,1242.0,1367.0,886.0,0.9648227550893768,0
STAGE_RANGE_DC_RF_Vg_optt3,currently_inconclusive,does not cleanly satisfy any strong/nonlinear/interaction/cluster/weak criterion -- insufficient evidence either way,0.07378952572551566,0.00974562547202677,4.2359213015596975e-05,6.657030014497289e-05,1060.0,1650.0,750.0,1165.0,1367.0,609.0,1.2022785053417568,0
STAGE_STD_DC_RF_Vg_optt3,currently_inconclusive,does not cleanly satisfy any strong/nonlinear/interaction/cluster/weak criterion -- insufficient evidence either way,0.009641159846577005,0.08186454292194316,5.1189748124305656e-05,0.00014461306639314395,1627.0,1013.0,715.0,891.0,1367.0,886.0,0.3680474209728653,0
STAGE_RANGE_DC_RF_Vp_01,interaction_dependent_predictor,weak individual importance but frequently co-occurs with important features in the same trees,0.12987204183509546,0.1506768414085438,0.0007455372829192619,0.0017399857674206926,579.0,452.0,325.0,345.0,1367.0,133.0,1.2365547581238607,0
STAGE_STD_DC_RF_Vp_01,interaction_dependent_predictor,weak individual importance but frequently co-occurs with important features in the same trees,0.12054659909534192,0.14696686782338395,0.0003283858861033301,0.000799391230694747,640.0,489.0,426.0,495.0,1367.0,69.0,1.1868650023056966,0
STAGE_RANGE_DC_RF_Vp_1,currently_inconclusive,does not cleanly satisfy any strong/nonlinear/interaction/cluster/weak criterion -- insufficient evidence either way,0.09254795578303163,0.1231636115197487,3.997304337950147e-05,0.0001314853875693069,868.0,639.0,764.0,930.0,1367.0,296.0,0.9900732133192137,0
STAGE_STD_DC_RF_Vp_1,currently_inconclusive,does not cleanly satisfy any strong/nonlinear/interaction/cluster/weak criterion -- insufficient evidence either way,0.08976436746725681,0.1258566425431683,4.55500632727257e-06,0.00013500011188961427,895.0,618.0,1089.0,919.0,1367.0,609.0,1.4431308599648882,0
STAGE_RANGE_DC_RF_Vt_gd,currently_inconclusive,does not cleanly satisfy any strong/nonlinear/interaction/cluster/weak criterion -- insufficient evidence either way,0.21121778186218393,0.15034971303203995,5.915989577817693e-06,4.3914375234915595e-05,246.0,455.0,1062.0,1269.0,1367.0,609.0,1.1297659117596581,0
STAGE_STD_DC_RF_Vt_gd,currently_inconclusive,does not cleanly satisfy any strong/nonlinear/interaction/cluster/weak criterion -- insufficient evidence either way,0.1959059862830528,0.10824015721337191,0.00025121292377962013,0.0004054771447669598,295.0,757.0,464.0,618.0,1367.0,296.0,0.9162146921798378,0
STAGE_RANGE_DC_RF_Vt_gs,currently_inconclusive,does not cleanly satisfy any strong/nonlinear/interaction/cluster/weak criterion -- insufficient evidence either way,0.18119708450470906,0.10102555421417282,7.478343694836131e-06,3.1823481183717515e-05,333.0,823.0,1035.0,1324.0,1367.0,1223.0,0.9550156684818596,0
STAGE_STD_DC_RF_Vt_gs,currently_inconclusive,does not cleanly satisfy any strong/nonlinear/interaction/cluster/weak criterion -- insufficient evidence either way,0.2232079560752863,0.11645125725077973,2.0396874698264122e-05,3.219088064464076e-05,214.0,694.0,883.0,1322.0,1367.0,1223.0,0.5249141618552415,0
STAGE_RANGE_Vbkd,currently_inconclusive,does not cleanly satisfy any strong/nonlinear/interaction/cluster/weak criterion -- insufficient evidence either way,0.036538175835146534,0.046513566034141404,6.987023424367966e-06,2.895239321867463e-05,1416.0,1350.0,1046.0,1337.0,1367.0,886.0,1.6660581658474116,0
STAGE_STD_Vbkd,currently_inconclusive,does not cleanly satisfy any strong/nonlinear/interaction/cluster/weak criterion -- insufficient evidence either way,0.036538175835146486,0.046513566034141404,5.027488215071374e-05,0.00021075479939633185,1418.0,1350.0,718.0,786.0,1367.0,886.0,1.7361218571543853,0
STAGE_DELTA_Vbkd_FMESA_minus_MESA,weak_unstable_predictor,"weak on every signal (correlation, SHAP, permutation, cluster, co-occurrence) and never stable across folds",0.036538175835146534,0.046513566034141404,0.0,0.0,1416.0,1350.0,1210.0,1471.0,1367.0,1223.0,1.9318694899681952,0
STAGE_RANGE_Rc_TF_AB_2,currently_inconclusive,does not cleanly satisfy any strong/nonlinear/interaction/cluster/weak criterion -- insufficient evidence either way,0.012679610948044779,0.013645386851707195,-1.395585169982616e-05,0.00018924802868675635,1598.0,1618.0,1611.0,816.0,1367.0,609.0,1.841537042119926,0
STAGE_STD_Rc_TF_AB_2,currently_inconclusive,does not cleanly satisfy any strong/nonlinear/interaction/cluster/weak criterion -- insufficient evidence either way,0.012679610948044782,0.013645386851707195,1.153851213079593e-05,2.3081365894939016e-05,1597.0,1618.0,976.0,1371.0,1367.0,886.0,0.9816832498934741,0
STAGE_DELTA_Rc_TF_AB_2_TFRP_minus_THIN,currently_inconclusive,does not cleanly satisfy any strong/nonlinear/interaction/cluster/weak criterion -- insufficient evidence either way,0.1362412687565582,0.14969345617346935,5.483257360423266e-05,0.00031023548078916403,541.0,464.0,700.0,687.0,1367.0,609.0,0.9506194203214908,0
STAGE_RANGE_TF_AB_1,currently_inconclusive,does not cleanly satisfy any strong/nonlinear/interaction/cluster/weak criterion -- insufficient evidence either way,0.12626857837377317,0.11312774850715533,0.002489738963916721,0.004637429851916689,597.0,724.0,163.0,150.0,1367.0,886.0,1.5576437606149263,0
STAGE_STD_TF_AB_1,currently_inconclusive,does not cleanly satisfy any strong/nonlinear/interaction/cluster/weak criterion -- insufficient evidence either way,0.12626857837377325,0.11312774850715533,0.0,0.0,596.0,724.0,1210.0,1471.0,1367.0,1223.0,1.363537445531002,0
STAGE_DELTA_TF_AB_1_TFRP_minus_THIN,currently_inconclusive,does not cleanly satisfy any strong/nonlinear/interaction/cluster/weak criterion -- insufficient evidence either way,0.12626857837377317,0.11312774850715533,0.0,0.0,597.0,724.0,1210.0,1471.0,1367.0,1223.0,2.1879321262848284,0
STAGE_RANGE_TF_AB_2,currently_inconclusive,does not cleanly satisfy any strong/nonlinear/interaction/cluster/weak criterion -- insufficient evidence either way,0.20419535212682438,0.1469879800487697,-7.6893540994466e-06,9.590034311907612e-05,269.0,486.0,1566.0,1046.0,1367.0,411.0,0.7850694876401101,0
STAGE_STD_TF_AB_2,currently_inconclusive,does not cleanly satisfy any strong/nonlinear/interaction/cluster/weak criterion -- insufficient evidence either way,0.20419535212682427,0.1469879800487697,5.883681744302538e-05,6.543191940068329e-05,271.0,486.0,687.0,1171.0,1367.0,886.0,1.3138307674531167,0
STAGE_DELTA_TF_AB_2_TFRP_minus_THIN,currently_inconclusive,does not cleanly satisfy any strong/nonlinear/interaction/cluster/weak criterion -- insufficient evidence either way,0.20419535212682438,0.1469879800487697,8.423898119447327e-07,3.4782184009038685e-05,269.0,486.0,1192.0,1311.0,1367.0,886.0,2.23606797749979,0
STAGE_RANGE_TF_AB_3,interaction_dependent_predictor,weak individual importance but frequently co-occurs with important features in the same trees,0.034666609536717595,0.061351904737120794,-2.8380341399003583e-05,0.0001654328598408702,1437.0,1213.0,1654.0,856.0,1367.0,133.0,0.6787508240047428,0
STAGE_STD_TF_AB_3,weak_unstable_predictor,"weak on every signal (correlation, SHAP, permutation, cluster, co-occurrence) and never stable across folds",0.03466660953671764,0.061351904737120794,5.505243934536552e-06,6.881468104952436e-05,1436.0,1213.0,1073.0,1154.0,1367.0,1223.0,1.466909587211907,0
STAGE_DELTA_TF_AB_3_TFRP_minus_THIN,currently_inconclusive,does not cleanly satisfy any strong/nonlinear/interaction/cluster/weak criterion -- insufficient evidence either way,0.034666609536717595,0.061351904737120794,-4.934091233310956e-05,0.00016415701563096167,1437.0,1213.0,1685.0,857.0,1367.0,886.0,1.1475631594957239,0
