feature_name,source_type,present_in_original_csv,source_columns,modeling_status,exclusion_reason,feature_family,correlation_cluster_id,correlation_cluster_size
Sorting Date,metadata / identifier,yes,,excluded,"non-physical bookkeeping column (date/lot/wafer id/constant), not a process parameter",,,
Process,metadata / identifier,yes,,excluded,"non-physical bookkeeping column (date/lot/wafer id/constant), not a process parameter",,,
MaskSetName,categorical predictor,yes,,included,,,,
FinishLineDate,metadata / identifier,yes,,excluded,"non-physical bookkeeping column (date/lot/wafer id/constant), not a process parameter",,,
FinishLineYear,metadata / identifier,yes,,excluded,"non-physical bookkeeping column (date/lot/wafer id/constant), not a process parameter",,,
Actual Sorting Yield (%),leakage / forbidden predictor,yes,,excluded,yield-family metric (same/near-same measurement as target),,,
LotName,metadata / identifier,yes,,excluded,"non-physical bookkeeping column (date/lot/wafer id/constant), not a process parameter",,,
WaferNum,metadata / identifier,yes,,excluded,"non-physical bookkeeping column (date/lot/wafer id/constant), not a process parameter",,,
VendorName,categorical predictor,yes,,included,,,,
Version,categorical predictor,yes,,included,,,,
Lot_type,categorical predictor,yes,,included,,,,
Sort_WW,metadata / identifier,yes,,excluded,"non-physical bookkeeping column (date/lot/wafer id/constant), not a process parameter",,,
Year_WW,metadata / identifier,yes,,excluded,"non-physical bookkeeping column (date/lot/wafer id/constant), not a process parameter",,,
Exception,metadata / identifier,yes,,excluded,"non-physical bookkeeping column (date/lot/wafer id/constant), not a process parameter",,,
Customer,categorical predictor,yes,,included,,,,
Technology,categorical predictor,yes,,included,,,,
LineYield,leakage / forbidden predictor,yes,,excluded,yield-family metric (same/near-same measurement as target),,,
BackEndYield,leakage / forbidden predictor,yes,,excluded,yield-family metric (same/near-same measurement as target),,,
SortingYield,target,yes,,excluded,this IS the modeling target,,,
VIYield,leakage / forbidden predictor,yes,,excluded,yield-family metric (same/near-same measurement as target),,,
LTYield,leakage / forbidden predictor,yes,,excluded,yield-family metric (same/near-same measurement as target),,,
TotalYield,leakage / forbidden predictor,yes,,excluded,yield-family metric (same/near-same measurement as target),,,
MaskSetSupplyChipsCount,original raw CSV column (numeric predictor),yes,,included,,MaskSetSupplyChipsCount,9,1
EstimatedSupplyChipsCount,leakage / forbidden predictor,yes,,excluded,derived from actual yield outcome -- ratio to MaskSetSupplyChipsCount correlates r=0.92 with target,,,
Sort_Yield_target[%],categorical predictor,yes,,included,,,,
MaskSetName_group,duplicate / redundant column,yes,,excluded,exact duplicate of ['MaskSetName'],,,
ANODE_ET_C_AN_2,original raw CSV column (numeric predictor),yes,,included,,ANODE,426,1
ANODE_ET_C_AN_2_OW_CR,original raw CSV column (numeric predictor),yes,,included,,ANODE,892,1
ANODE_ET_Probe_Number,original raw CSV column (numeric predictor),yes,,included,,ANODE,131,1
ANODE_ET_Ran_con_1,original raw CSV column (numeric predictor),yes,,included,,ANODE,477,1
ANODE_ET_Ran_con_1_OW_CR,original raw CSV column (numeric predictor),yes,,included,,ANODE,681,1
ANODE_ET_Ran_con_2,original raw CSV column (numeric predictor),yes,,included,,ANODE,742,1
ANODE_ET_Ran_con_2_OW_CR,original raw CSV column (numeric predictor),yes,,included,,ANODE,391,1
ANODE_ET_Ran_con_3,original raw CSV column (numeric predictor),yes,,included,,ANODE,692,1
ANODE_ET_Ran_con_3_OW_CR,original raw CSV column (numeric predictor),yes,,included,,ANODE,606,1
ANODE_ET_Rc_an_ct2,original raw CSV column (numeric predictor),yes,,included,,ANODE,520,52
ANODE_ET_Rc_an_ct2_OW_CR,original raw CSV column (numeric predictor),yes,,included,,ANODE,520,52
ANODE_ET_Rsh_an_ct2,original raw CSV column (numeric predictor),yes,,included,,ANODE,515,1
ANODE_ET_Rsh_an_ct2_OW_CR,original raw CSV column (numeric predictor),yes,,included,,ANODE,530,1
BRGM_ET_ABVIETCH,original raw CSV column (numeric predictor),yes,,included,,BRGM,557,199
BRGM_ET_C100,original raw CSV column (numeric predictor),yes,,included,,BRGM,557,199
BRGM_ET_C200,original raw CSV column (numeric predictor),yes,,included,,BRGM,557,199
BRGM_ET_C200_0,original raw CSV column (numeric predictor),yes,,included,,BRGM,557,199
BRGM_ET_C300,original raw CSV column (numeric predictor),yes,,included,,BRGM,557,199
BRGM_ET_C300_0,original raw CSV column (numeric predictor),yes,,included,,BRGM,557,199
BRGM_ET_Cap_C300,original raw CSV column (numeric predictor),yes,,included,,BRGM,557,199
BRGM_ET_F_AB,original raw CSV column (numeric predictor),yes,,included,,BRGM,557,199
BRGM_ET_i5021_1,original raw CSV column (numeric predictor),yes,,included,,BRGM,557,199
BRGM_ET_i5021_2,original raw CSV column (numeric predictor),yes,,included,,BRGM,557,199
BRGM_ET_i5021_3,original raw CSV column (numeric predictor),yes,,included,,BRGM,557,199
BRGM_ET_KLV_F_AB_4u,original raw CSV column (numeric predictor),yes,,included,,BRGM,557,199
BRGM_ET_KLV_F_M1_4u,original raw CSV column (numeric predictor),yes,,included,,BRGM,557,199
BRGM_ET_lkg_C200,original raw CSV column (numeric predictor),yes,,included,,BRGM,557,199
BRGM_ET_lkg_C300,original raw CSV column (numeric predictor),yes,,included,,BRGM,557,199
BRGM_ET_lkg_SY07_10,original raw CSV column (numeric predictor),yes,,included,,BRGM,557,199
BRGM_ET_lkg_SY8_80,original raw CSV column (numeric predictor),yes,,included,,BRGM,557,199
BRGM_ET_Probe_Number,original raw CSV column (numeric predictor),yes,,included,,BRGM,12,1
BRGM_ET_Rc_F_AB_2,original raw CSV column (numeric predictor),yes,,included,,BRGM,557,199
BRGM_ET_Rsh_F_AB_2,original raw CSV column (numeric predictor),yes,,included,,BRGM,557,199
BRGM_ET_TR_1F,original raw CSV column (numeric predictor),yes,,included,,BRGM,557,199
CATHODE_ET_C_CAT_2,original raw CSV column (numeric predictor),yes,,included,,CATHODE,373,1
CATHODE_ET_C_CAT_2_OW_ST,original raw CSV column (numeric predictor),yes,,included,,CATHODE,904,1
CATHODE_ET_Probe_Number,original raw CSV column (numeric predictor),yes,,included,,CATHODE,14,1
CATHODE_ET_Rc_cat_ct2,original raw CSV column (numeric predictor),yes,,included,,CATHODE,519,2
CATHODE_ET_Rc_cat_ct2_OW_ST,original raw CSV column (numeric predictor),yes,,included,,CATHODE,520,52
CATHODE_ET_Rcat_cn_1,original raw CSV column (numeric predictor),yes,,included,,CATHODE,520,52
CATHODE_ET_Rcat_cn_1_OW_ST,original raw CSV column (numeric predictor),yes,,included,,CATHODE,520,52
CATHODE_ET_Rcat_cn_2,original raw CSV column (numeric predictor),yes,,included,,CATHODE,520,52
CATHODE_ET_Rcat_cn_2_OW_ST,original raw CSV column (numeric predictor),yes,,included,,CATHODE,520,52
CATHODE_ET_Rcat_cn_3,original raw CSV column (numeric predictor),yes,,included,,CATHODE,520,52
CATHODE_ET_Rcat_cn_3_OW_ST,original raw CSV column (numeric predictor),yes,,included,,CATHODE,520,52
CATHODE_ET_Rsh_cat_c2,original raw CSV column (numeric predictor),yes,,included,,CATHODE,531,1
CATHODE_ET_Rsh_cat_c2_OW_ST,original raw CSV column (numeric predictor),yes,,included,,CATHODE,534,1
FIC_ET_Bad_Gates,original raw CSV column (numeric predictor),yes,,included,,FIC,1,1
FIC_ET_C100S1,original raw CSV column (numeric predictor),yes,,included,,FIC,349,82
FIC_ET_C200_0S1,original raw CSV column (numeric predictor),yes,,included,,FIC,349,82
FIC_ET_C200S1,original raw CSV column (numeric predictor),yes,,included,,FIC,349,82
FIC_ET_FC_lin_4,original raw CSV column (numeric predictor),yes,,included,,FIC,854,1
FIC_ET_G_per_15,original raw CSV column (numeric predictor),yes,,included,,FIC,878,1
FIC_ET_G_per_25,original raw CSV column (numeric predictor),yes,,included,,FIC,675,1
FIC_ET_G_per_2p75K,original raw CSV column (numeric predictor),yes,,included,,FIC,210,1
FIC_ET_G_per_6K,original raw CSV column (numeric predictor),yes,,included,,FIC,142,1
FIC_ET_G2_per_6K,original raw CSV column (numeric predictor),yes,,included,,FIC,544,1
FIC_ET_Gate_res,original raw CSV column (numeric predictor),yes,,included,,FIC,153,1
FIC_ET_Gm_m2,original raw CSV column (numeric predictor),yes,,included,,FIC,557,199
FIC_ET_Gm_max,original raw CSV column (numeric predictor),yes,,included,,FIC,557,199
FIC_ET_GT_lin25,original raw CSV column (numeric predictor),yes,,included,,FIC,942,1
FIC_ET_HIRS,original raw CSV column (numeric predictor),yes,,included,,FIC,607,1
FIC_ET_Id_mAmm_at_Vd_cond,original raw CSV column (numeric predictor),yes,,included,,FIC,211,1
FIC_ET_Ids_m2,original raw CSV column (numeric predictor),yes,,included,,FIC,925,1
FIC_ET_Ig_mAmm_at_Vd_cond,original raw CSV column (numeric predictor),yes,,included,,FIC,883,1
FIC_ET_lkg_5,original raw CSV column (numeric predictor),yes,,included,,FIC,817,72
FIC_ET_lkg_SY07_10,original raw CSV column (numeric predictor),yes,,included,,FIC,817,72
FIC_ET_lkg_SY8_80,original raw CSV column (numeric predictor),yes,,included,,FIC,817,72
FIC_ET_OHMC,original raw CSV column (numeric predictor),yes,,included,,FIC,120,1
FIC_ET_Probe_Number,original raw CSV column (numeric predictor),yes,,included,,FIC,78,1
FIC_ET_R_f_hr_1,original raw CSV column (numeric predictor),yes,,included,,FIC,243,1
FIC_ET_R_f_hr_2,original raw CSV column (numeric predictor),yes,,included,,FIC,736,1
FIC_ET_R_f_hr_3,original raw CSV column (numeric predictor),yes,,included,,FIC,723,1
FIC_ET_R_f_tn_1,original raw CSV column (numeric predictor),yes,,included,,FIC,717,1
FIC_ET_R_f_tn_2,original raw CSV column (numeric predictor),yes,,included,,FIC,938,1
FIC_ET_R_f_tn_3,original raw CSV column (numeric predictor),yes,,included,,FIC,753,1
FIC_ET_R114,original raw CSV column (numeric predictor),yes,,included,,FIC,182,1
FIC_ET_R214,original raw CSV column (numeric predictor),yes,,included,,FIC,638,1
FIC_ET_R314,original raw CSV column (numeric predictor),yes,,included,,FIC,133,1
FIC_ET_Rc_f_hr_23,original raw CSV column (numeric predictor),yes,,included,,FIC,520,52
FIC_ET_Rc_f_tn_23,original raw CSV column (numeric predictor),yes,,included,,FIC,520,52
FIC_ET_Rc_OG142,original raw CSV column (numeric predictor),yes,,included,,FIC,520,52
FIC_ET_sh_f_hr_23,original raw CSV column (numeric predictor),yes,,included,,FIC,506,1
FIC_ET_sh_f_tn_23,original raw CSV column (numeric predictor),yes,,included,,FIC,74,1
FIC_ET_sh_GA142,original raw CSV column (numeric predictor),yes,,included,,FIC,374,1
FIC_ET_TANR,original raw CSV column (numeric predictor),yes,,included,,FIC,479,1
FIC_ET_TR_1F,original raw CSV column (numeric predictor),yes,,included,,FIC,835,1
FIC_ET_Vd_at_Id_cut_cond,original raw CSV column (numeric predictor),yes,,included,,FIC,985,1
FIC_ET_Vdg_max,original raw CSV column (numeric predictor),yes,,included,,FIC,467,1
FIC_ET_Vds_max,original raw CSV column (numeric predictor),yes,,included,,FIC,852,1
FIC_ET_Vg_gm_max,original raw CSV column (numeric predictor),yes,,included,,FIC,557,199
FIC_ET_Vg_Vds_max,original raw CSV column (numeric predictor),yes,,included,,FIC,864,1
FIC_ET_Vp_1,original raw CSV column (numeric predictor),yes,,included,,FIC,557,199
FIC_ET_DC_PIV_Drain_Lag_0,original raw CSV column (numeric predictor),yes,,included,,FIC,801,11
FIC_ET_DC_PIV_Drain_Lag_1,original raw CSV column (numeric predictor),yes,,included,,FIC,801,11
FIC_ET_DC_PIV_Gate_Lag_0,original raw CSV column (numeric predictor),yes,,included,,FIC,801,11
FIC_ET_DC_PIV_Gate_Lag_1,original raw CSV column (numeric predictor),yes,,included,,FIC,801,11
FIC_ET_DC_PIV_Ids0_QP1,original raw CSV column (numeric predictor),yes,,included,,FIC,922,1
FIC_ET_DC_PIV_Ids0_QP2,original raw CSV column (numeric predictor),yes,,included,,FIC,469,1
FIC_ET_DC_PIV_Ids0_QP3,original raw CSV column (numeric predictor),yes,,included,,FIC,884,1
FIC_ET_DC_PIV_Ids1_QP1,original raw CSV column (numeric predictor),yes,,included,,FIC,962,1
FIC_ET_DC_PIV_Ids1_QP2,original raw CSV column (numeric predictor),yes,,included,,FIC,330,1
FIC_ET_DC_PIV_Ids1_QP3,original raw CSV column (numeric predictor),yes,,included,,FIC,137,1
FIC_ET_DC_RF_Gm_0,original raw CSV column (numeric predictor),yes,,included,,FIC,557,199
FIC_ET_DC_RF_Gm_m0p2,original raw CSV column (numeric predictor),yes,,included,,FIC,557,199
FIC_ET_DC_RF_Gm_max,original raw CSV column (numeric predictor),yes,,included,,FIC,557,199
FIC_ET_DC_RF_Id_gm_max,original raw CSV column (numeric predictor),yes,,included,,FIC,557,199
FIC_ET_DC_RF_Ids_m0p2,original raw CSV column (numeric predictor),yes,,included,,FIC,410,1
FIC_ET_DC_RF_Idss,original raw CSV column (numeric predictor),yes,,included,,FIC,557,199
FIC_ET_DC_RF_Imax,original raw CSV column (numeric predictor),yes,,included,,FIC,557,199
FIC_ET_DC_RF_n_gd,original raw CSV column (numeric predictor),yes,,included,,FIC,218,1
FIC_ET_DC_RF_n_gs,original raw CSV column (numeric predictor),yes,,included,,FIC,683,1
FIC_ET_DC_RF_Vbgd_0p01,original raw CSV column (numeric predictor),yes,,included,,FIC,755,1
FIC_ET_DC_RF_Vbgd_0p1,original raw CSV column (numeric predictor),yes,,included,,FIC,759,1
FIC_ET_DC_RF_Vbgd1,original raw CSV column (numeric predictor),yes,,included,,FIC,799,1
FIC_ET_DC_RF_Vbgs_0p01,original raw CSV column (numeric predictor),yes,,included,,FIC,797,1
FIC_ET_DC_RF_Vbgs_0p1,original raw CSV column (numeric predictor),yes,,included,,FIC,765,1
FIC_ET_DC_RF_Vbgs1,original raw CSV column (numeric predictor),yes,,included,,FIC,821,1
FIC_ET_DC_RF_Vbin_gd,original raw CSV column (numeric predictor),yes,,included,,FIC,754,1
FIC_ET_DC_RF_Vbin_gs,original raw CSV column (numeric predictor),yes,,included,,FIC,775,1
FIC_ET_DC_RF_Vboff,original raw CSV column (numeric predictor),yes,,included,,FIC,730,1
FIC_ET_DC_RF_Vdg_max,original raw CSV column (numeric predictor),yes,,included,,FIC,203,1
FIC_ET_DC_RF_Vdg_max_0p1,original raw CSV column (numeric predictor),yes,,included,,FIC,701,1
FIC_ET_DC_RF_Vdg_max_0p1mA,original raw CSV column (numeric predictor),yes,,included,,FIC,157,1
FIC_ET_DC_RF_Vds_max,original raw CSV column (numeric predictor),yes,,included,,FIC,445,1
FIC_ET_DC_RF_Vds_max_0p1,original raw CSV column (numeric predictor),yes,,included,,FIC,21,1
FIC_ET_DC_RF_Vds_max_0p1mA,original raw CSV column (numeric predictor),yes,,included,,FIC,890,1
FIC_ET_DC_RF_Vg_gm_max,original raw CSV column (numeric predictor),yes,,included,,FIC,557,199
FIC_ET_DC_RF_Vg_max_Vd,original raw CSV column (numeric predictor),yes,,included,,FIC,31,1
FIC_ET_DC_RF_Vg_max_Vd_0p1,original raw CSV column (numeric predictor),yes,,included,,FIC,696,1
FIC_ET_DC_RF_Vg_max_Vd_0p1mA,original raw CSV column (numeric predictor),yes,,included,,FIC,28,1
FIC_ET_DC_RF_Vg_optt,original raw CSV column (numeric predictor),yes,,included,,FIC,947,1
FIC_ET_DC_RF_Vg_optt1,original raw CSV column (numeric predictor),yes,,included,,FIC,430,1
FIC_ET_DC_RF_Vg_optt2,original raw CSV column (numeric predictor),yes,,included,,FIC,16,1
FIC_ET_DC_RF_Vg_optt3,original raw CSV column (numeric predictor),yes,,included,,FIC,665,1
FIC_ET_DC_RF_Vp_01,original raw CSV column (numeric predictor),yes,,included,,FIC,557,199
FIC_ET_DC_RF_Vp_1,original raw CSV column (numeric predictor),yes,,included,,FIC,557,199
FIC_ET_DC_RF_Vt_gd,original raw CSV column (numeric predictor),yes,,included,,FIC,869,1
FIC_ET_DC_RF_Vt_gs,original raw CSV column (numeric predictor),yes,,included,,FIC,856,1
FMESA_ET_Probe_Number,original raw CSV column (numeric predictor),yes,,included,,FMESA,215,1
FMESA_ET_Vbkd,original raw CSV column (numeric predictor),yes,,included,,FMESA,201,1
MEASURE_ET_ABVIETCH,original raw CSV column (numeric predictor),yes,,included,,MEASURE,152,1
MEASURE_ET_C_AN_2,original raw CSV column (numeric predictor),yes,,included,,MEASURE,903,1
MEASURE_ET_C_AN_2_OW_CR,original raw CSV column (numeric predictor),yes,,included,,MEASURE,147,1
MEASURE_ET_C_CAT_2,original raw CSV column (numeric predictor),yes,,included,,MEASURE,150,1
MEASURE_ET_C_CAT_2_OW_ST,original raw CSV column (numeric predictor),yes,,included,,MEASURE,845,1
MEASURE_ET_C100,original raw CSV column (numeric predictor),yes,,included,,MEASURE,349,82
MEASURE_ET_C100C175pf,original raw CSV column (numeric predictor),yes,,included,,MEASURE,349,82
MEASURE_ET_C100C300pf,original raw CSV column (numeric predictor),yes,,included,,MEASURE,349,82
MEASURE_ET_C100C385pf,original raw CSV column (numeric predictor),yes,,included,,MEASURE,349,82
MEASURE_ET_C100C500pf,original raw CSV column (numeric predictor),yes,,included,,MEASURE,349,82
MEASURE_ET_C100Cap1pf,original raw CSV column (numeric predictor),yes,,included,,MEASURE,349,82
MEASURE_ET_C100Cap2pf,original raw CSV column (numeric predictor),yes,,included,,MEASURE,349,82
MEASURE_ET_C100Cap3pf,original raw CSV column (numeric predictor),yes,,included,,MEASURE,349,82
MEASURE_ET_C100CapFICBRGM,original raw CSV column (numeric predictor),yes,,included,,MEASURE,557,199
MEASURE_ET_C100CapFICM1,original raw CSV column (numeric predictor),yes,,included,,MEASURE,349,82
MEASURE_ET_C100CapM1BRGM,original raw CSV column (numeric predictor),yes,,included,,MEASURE,557,199
MEASURE_ET_C100CapPARCAP,original raw CSV column (numeric predictor),yes,,included,,MEASURE,520,52
MEASURE_ET_C100CapUSV,original raw CSV column (numeric predictor),yes,,included,,MEASURE,349,82
MEASURE_ET_C100USV_Cappf,original raw CSV column (numeric predictor),yes,,included,,MEASURE,349,82
MEASURE_ET_C175pf,original raw CSV column (numeric predictor),yes,,included,,MEASURE,708,1
MEASURE_ET_C175pf_0,original raw CSV column (numeric predictor),yes,,included,,MEASURE,830,1
MEASURE_ET_C20,original raw CSV column (numeric predictor),yes,,included,,MEASURE,609,1
MEASURE_ET_C20_0,original raw CSV column (numeric predictor),yes,,included,,MEASURE,141,1
MEASURE_ET_C200,original raw CSV column (numeric predictor),yes,,included,,MEASURE,349,82
MEASURE_ET_C200_0,original raw CSV column (numeric predictor),yes,,included,,MEASURE,349,82
MEASURE_ET_C300,original raw CSV column (numeric predictor),yes,,included,,MEASURE,349,82
MEASURE_ET_C300_0,original raw CSV column (numeric predictor),yes,,included,,MEASURE,349,82
MEASURE_ET_C300FB,original raw CSV column (numeric predictor),yes,,included,,MEASURE,349,82
MEASURE_ET_C300FB_0,original raw CSV column (numeric predictor),yes,,included,,MEASURE,349,82
MEASURE_ET_C300FM1,original raw CSV column (numeric predictor),yes,,included,,MEASURE,349,82
MEASURE_ET_C300FM1_0,original raw CSV column (numeric predictor),yes,,included,,MEASURE,349,82
MEASURE_ET_C300M1B,original raw CSV column (numeric predictor),yes,,included,,MEASURE,349,82
MEASURE_ET_C300M1B_0,original raw CSV column (numeric predictor),yes,,included,,MEASURE,349,82
MEASURE_ET_C300pf,original raw CSV column (numeric predictor),yes,,included,,MEASURE,349,82
MEASURE_ET_C300pf_0,original raw CSV column (numeric predictor),yes,,included,,MEASURE,349,82
MEASURE_ET_C385pf,original raw CSV column (numeric predictor),yes,,included,,MEASURE,452,1
MEASURE_ET_C385pf_0,original raw CSV column (numeric predictor),yes,,included,,MEASURE,837,1
MEASURE_ET_C500pf,original raw CSV column (numeric predictor),yes,,included,,MEASURE,326,1
MEASURE_ET_C500pf_0,original raw CSV column (numeric predictor),yes,,included,,MEASURE,608,1
MEASURE_ET_Cap_C300,original raw CSV column (numeric predictor),yes,,included,,MEASURE,349,82
MEASURE_ET_Cap_C300FB,original raw CSV column (numeric predictor),yes,,included,,MEASURE,349,82
MEASURE_ET_Cap_C300FM1,original raw CSV column (numeric predictor),yes,,included,,MEASURE,349,82
MEASURE_ET_Cap_C300M1B,original raw CSV column (numeric predictor),yes,,included,,MEASURE,349,82
MEASURE_ET_Cap_USV,original raw CSV column (numeric predictor),yes,,included,,MEASURE,349,82
MEASURE_ET_Cap1pf,original raw CSV column (numeric predictor),yes,,included,,MEASURE,349,82
MEASURE_ET_Cap1pf_0,original raw CSV column (numeric predictor),yes,,included,,MEASURE,349,82
MEASURE_ET_Cap20,original raw CSV column (numeric predictor),yes,,included,,MEASURE,349,82
MEASURE_ET_Cap2pf,original raw CSV column (numeric predictor),yes,,included,,MEASURE,349,82
MEASURE_ET_Cap2pf_0,original raw CSV column (numeric predictor),yes,,included,,MEASURE,349,82
MEASURE_ET_Cap3pf,original raw CSV column (numeric predictor),yes,,included,,MEASURE,349,82
MEASURE_ET_Cap3pf_0,original raw CSV column (numeric predictor),yes,,included,,MEASURE,349,82
MEASURE_ET_CapFICBRGM,original raw CSV column (numeric predictor),yes,,included,,MEASURE,557,199
MEASURE_ET_CapFICBRGM_0,original raw CSV column (numeric predictor),yes,,included,,MEASURE,557,199
MEASURE_ET_CapFICM1,original raw CSV column (numeric predictor),yes,,included,,MEASURE,349,82
MEASURE_ET_CapFICM1_0,original raw CSV column (numeric predictor),yes,,included,,MEASURE,349,82
MEASURE_ET_CapM1BRGM,original raw CSV column (numeric predictor),yes,,included,,MEASURE,557,199
MEASURE_ET_CapM1BRGM_0,original raw CSV column (numeric predictor),yes,,included,,MEASURE,557,199
MEASURE_ET_CapPARCAP,original raw CSV column (numeric predictor),yes,,included,,MEASURE,520,52
MEASURE_ET_CapPARCAP_0,original raw CSV column (numeric predictor),yes,,included,,MEASURE,520,52
MEASURE_ET_CapUSV,original raw CSV column (numeric predictor),yes,,included,,MEASURE,349,82
MEASURE_ET_CapUSV_0,original raw CSV column (numeric predictor),yes,,included,,MEASURE,349,82
MEASURE_ET_Er,original raw CSV column (numeric predictor),yes,,included,,MEASURE,622,1
MEASURE_ET_F_AB,original raw CSV column (numeric predictor),yes,,included,,MEASURE,457,1
MEASURE_ET_G_per_6K,original raw CSV column (numeric predictor),yes,,included,,MEASURE,443,1
MEASURE_ET_G2_per_6K,original raw CSV column (numeric predictor),yes,,included,,MEASURE,699,1
MEASURE_ET_Gate_res,original raw CSV column (numeric predictor),yes,,included,,MEASURE,826,1
MEASURE_ET_Gm_m2,original raw CSV column (numeric predictor),yes,,included,,MEASURE,557,199
MEASURE_ET_Gm_max,original raw CSV column (numeric predictor),yes,,included,,MEASURE,557,199
MEASURE_ET_HIRS,original raw CSV column (numeric predictor),yes,,included,,MEASURE,46,1
MEASURE_ET_I_5,original raw CSV column (numeric predictor),yes,,included,,MEASURE,693,1
MEASURE_ET_i5021_1,original raw CSV column (numeric predictor),yes,,included,,MEASURE,191,1
MEASURE_ET_i5021_2,original raw CSV column (numeric predictor),yes,,included,,MEASURE,82,1
MEASURE_ET_i5021_3,original raw CSV column (numeric predictor),yes,,included,,MEASURE,104,1
MEASURE_ET_Ids_m2,original raw CSV column (numeric predictor),yes,,included,,MEASURE,213,1
MEASURE_ET_KLV_F_AB_4u,original raw CSV column (numeric predictor),yes,,included,,MEASURE,690,1
MEASURE_ET_lkg_10,original raw CSV column (numeric predictor),yes,,included,,MEASURE,817,72
MEASURE_ET_lkg_100,original raw CSV column (numeric predictor),yes,,included,,MEASURE,817,72
MEASURE_ET_lkg_100_at20V,original raw CSV column (numeric predictor),yes,,included,,MEASURE,817,72
MEASURE_ET_lkg_5,original raw CSV column (numeric predictor),yes,,included,,MEASURE,817,72
MEASURE_ET_lkg_50,original raw CSV column (numeric predictor),yes,,included,,MEASURE,817,72
MEASURE_ET_lkg_50_at20V,original raw CSV column (numeric predictor),yes,,included,,MEASURE,817,72
MEASURE_ET_lkg_70,original raw CSV column (numeric predictor),yes,,included,,MEASURE,817,72
MEASURE_ET_lkg_70_at20V,original raw CSV column (numeric predictor),yes,,included,,MEASURE,817,72
MEASURE_ET_lkg_C175pf,original raw CSV column (numeric predictor),yes,,included,,MEASURE,817,72
MEASURE_ET_lkg_C20,original raw CSV column (numeric predictor),yes,,included,,MEASURE,817,72
MEASURE_ET_lkg_C200,original raw CSV column (numeric predictor),yes,,included,,MEASURE,817,72
MEASURE_ET_lkg_C300,original raw CSV column (numeric predictor),yes,,included,,MEASURE,817,72
MEASURE_ET_lkg_C300FB,original raw CSV column (numeric predictor),yes,,included,,MEASURE,817,72
MEASURE_ET_lkg_C300FM1,original raw CSV column (numeric predictor),yes,,included,,MEASURE,817,72
MEASURE_ET_lkg_C300M1B,original raw CSV column (numeric predictor),yes,,included,,MEASURE,817,72
MEASURE_ET_lkg_C300pf,original raw CSV column (numeric predictor),yes,,included,,MEASURE,817,72
MEASURE_ET_lkg_C385pf,original raw CSV column (numeric predictor),yes,,included,,MEASURE,817,72
MEASURE_ET_lkg_C500pf,original raw CSV column (numeric predictor),yes,,included,,MEASURE,817,72
MEASURE_ET_lkg_Cap_USV,original raw CSV column (numeric predictor),yes,,included,,MEASURE,817,72
MEASURE_ET_lkg_Cap1,original raw CSV column (numeric predictor),yes,,included,,MEASURE,817,72
MEASURE_ET_lkg_Cap2,original raw CSV column (numeric predictor),yes,,included,,MEASURE,817,72
MEASURE_ET_lkg_Cap3,original raw CSV column (numeric predictor),yes,,included,,MEASURE,817,72
MEASURE_ET_lkg_CapFICBRGM,original raw CSV column (numeric predictor),yes,,included,,MEASURE,557,199
MEASURE_ET_lkg_CapFICM1,original raw CSV column (numeric predictor),yes,,included,,MEASURE,817,72
MEASURE_ET_lkg_CapM1BRGM,original raw CSV column (numeric predictor),yes,,included,,MEASURE,557,199
MEASURE_ET_lkg_CapPARCAP,original raw CSV column (numeric predictor),yes,,included,,MEASURE,817,72
MEASURE_ET_lkg_CapUSV,original raw CSV column (numeric predictor),yes,,included,,MEASURE,817,72
MEASURE_ET_lkg_PAD_10,original raw CSV column (numeric predictor),yes,,included,,MEASURE,817,72
MEASURE_ET_lkg_SY07_10,original raw CSV column (numeric predictor),yes,,included,,MEASURE,817,72
MEASURE_ET_lkg_SY8_80,original raw CSV column (numeric predictor),yes,,included,,MEASURE,817,72
MEASURE_ET_lkg_USV_Cap,original raw CSV column (numeric predictor),yes,,included,,MEASURE,817,72
MEASURE_ET_OHMC,original raw CSV column (numeric predictor),yes,,included,,MEASURE,832,1
MEASURE_ET_OHMC_GN,original raw CSV column (numeric predictor),yes,,included,,MEASURE,454,1
MEASURE_ET_Probe_Number,original raw CSV column (numeric predictor),yes,,included,,MEASURE,110,1
MEASURE_ET_R_400_HOR,original raw CSV column (numeric predictor),yes,,included,,MEASURE,694,1
MEASURE_ET_R_400_VER,original raw CSV column (numeric predictor),yes,,included,,MEASURE,880,1
MEASURE_ET_R_4000_HOR,original raw CSV column (numeric predictor),yes,,included,,MEASURE,734,1
MEASURE_ET_R_4000_VER,original raw CSV column (numeric predictor),yes,,included,,MEASURE,223,1
MEASURE_ET_R_660_HOR,original raw CSV column (numeric predictor),yes,,included,,MEASURE,473,1
MEASURE_ET_R_660_VER,original raw CSV column (numeric predictor),yes,,included,,MEASURE,700,1
MEASURE_ET_R_f_hr_1,original raw CSV column (numeric predictor),yes,,included,,MEASURE,70,1
MEASURE_ET_R_f_hr_2,original raw CSV column (numeric predictor),yes,,included,,MEASURE,627,1
MEASURE_ET_R_f_hr_3,original raw CSV column (numeric predictor),yes,,included,,MEASURE,978,1
MEASURE_ET_R_f_tn_1,original raw CSV column (numeric predictor),yes,,included,,MEASURE,79,1
MEASURE_ET_R_f_tn_2,original raw CSV column (numeric predictor),yes,,included,,MEASURE,154,1
MEASURE_ET_R_f_tn_3,original raw CSV column (numeric predictor),yes,,included,,MEASURE,165,1
MEASURE_ET_R114,original raw CSV column (numeric predictor),yes,,included,,MEASURE,953,1
MEASURE_ET_R214,original raw CSV column (numeric predictor),yes,,included,,MEASURE,121,1
MEASURE_ET_R314,original raw CSV column (numeric predictor),yes,,included,,MEASURE,715,1
MEASURE_ET_R414,original raw CSV column (numeric predictor),yes,,included,,MEASURE,159,1
MEASURE_ET_R514,original raw CSV column (numeric predictor),yes,,included,,MEASURE,240,1
MEASURE_ET_Ran_con_1,original raw CSV column (numeric predictor),yes,,included,,MEASURE,10,1
MEASURE_ET_Ran_con_1_OW_CR,original raw CSV column (numeric predictor),yes,,included,,MEASURE,727,1
MEASURE_ET_Ran_con_2,original raw CSV column (numeric predictor),yes,,included,,MEASURE,748,1
MEASURE_ET_Ran_con_2_OW_CR,original raw CSV column (numeric predictor),yes,,included,,MEASURE,746,1
MEASURE_ET_Ran_con_3,original raw CSV column (numeric predictor),yes,,included,,MEASURE,546,1
MEASURE_ET_Ran_con_3_OW_CR,original raw CSV column (numeric predictor),yes,,included,,MEASURE,906,1
MEASURE_ET_Rc_an_ct2,original raw CSV column (numeric predictor),yes,,included,,MEASURE,520,52
MEASURE_ET_Rc_an_ct2_OW_CR,original raw CSV column (numeric predictor),yes,,included,,MEASURE,518,4
MEASURE_ET_Rc_cat_ct2,original raw CSV column (numeric predictor),yes,,included,,MEASURE,520,52
MEASURE_ET_Rc_cat_ct2_OW_ST,original raw CSV column (numeric predictor),yes,,included,,MEASURE,520,52
MEASURE_ET_Rc_F_AB_2,original raw CSV column (numeric predictor),yes,,included,,MEASURE,520,52
MEASURE_ET_Rc_f_hr_23,original raw CSV column (numeric predictor),yes,,included,,MEASURE,517,2
MEASURE_ET_Rc_f_tn_23,original raw CSV column (numeric predictor),yes,,included,,MEASURE,520,52
MEASURE_ET_Rc_OG142,original raw CSV column (numeric predictor),yes,,included,,MEASURE,520,52
MEASURE_ET_Rc_OG142_GN,original raw CSV column (numeric predictor),yes,,included,,MEASURE,520,52
MEASURE_ET_Rc_OG144,original raw CSV column (numeric predictor),yes,,included,,MEASURE,522,1
MEASURE_ET_Rc_TF_AB_2,original raw CSV column (numeric predictor),yes,,included,,MEASURE,520,52
MEASURE_ET_Rcat_cn_1,original raw CSV column (numeric predictor),yes,,included,,MEASURE,520,52
MEASURE_ET_Rcat_cn_1_OW_ST,original raw CSV column (numeric predictor),yes,,included,,MEASURE,520,52
MEASURE_ET_Rcat_cn_2,original raw CSV column (numeric predictor),yes,,included,,MEASURE,520,52
MEASURE_ET_Rcat_cn_2_OW_ST,original raw CSV column (numeric predictor),yes,,included,,MEASURE,520,52
MEASURE_ET_Rcat_cn_3,original raw CSV column (numeric predictor),yes,,included,,MEASURE,520,52
MEASURE_ET_Rcat_cn_3_OW_ST,original raw CSV column (numeric predictor),yes,,included,,MEASURE,519,2
MEASURE_ET_RGAN1,original raw CSV column (numeric predictor),yes,,included,,MEASURE,415,1
MEASURE_ET_RGAN2,original raw CSV column (numeric predictor),yes,,included,,MEASURE,178,1
MEASURE_ET_RGAN3,original raw CSV column (numeric predictor),yes,,included,,MEASURE,618,1
MEASURE_ET_Rsh_an_ct2,original raw CSV column (numeric predictor),yes,,included,,MEASURE,532,1
MEASURE_ET_Rsh_an_ct2_OW_CR,original raw CSV column (numeric predictor),yes,,included,,MEASURE,514,1
MEASURE_ET_Rsh_cat_c2,original raw CSV column (numeric predictor),yes,,included,,MEASURE,508,1
MEASURE_ET_Rsh_cat_c2_OW_ST,original raw CSV column (numeric predictor),yes,,included,,MEASURE,539,1
MEASURE_ET_Rsh_F_AB_2,original raw CSV column (numeric predictor),yes,,included,,MEASURE,525,1
MEASURE_ET_Rsh_TF_AB2,original raw CSV column (numeric predictor),yes,,included,,MEASURE,540,1
MEASURE_ET_sh_f_hr_23,original raw CSV column (numeric predictor),yes,,included,,MEASURE,713,1
MEASURE_ET_sh_f_tn_23,original raw CSV column (numeric predictor),yes,,included,,MEASURE,421,1
MEASURE_ET_sh_GA142,original raw CSV column (numeric predictor),yes,,included,,MEASURE,866,1
MEASURE_ET_sh_GA142_GN,original raw CSV column (numeric predictor),yes,,included,,MEASURE,964,1
MEASURE_ET_sh_GA144,original raw CSV column (numeric predictor),yes,,included,,MEASURE,487,1
MEASURE_ET_TANR,original raw CSV column (numeric predictor),yes,,included,,MEASURE,918,1
MEASURE_ET_TF_AB_1,original raw CSV column (numeric predictor),yes,,included,,MEASURE,919,1
MEASURE_ET_TF_AB_2,original raw CSV column (numeric predictor),yes,,included,,MEASURE,599,1
MEASURE_ET_TF_AB_3,original raw CSV column (numeric predictor),yes,,included,,MEASURE,860,1
MEASURE_ET_TFR_AB,original raw CSV column (numeric predictor),yes,,included,,MEASURE,228,1
MEASURE_ET_TR_1F,original raw CSV column (numeric predictor),yes,,included,,MEASURE,912,1
MEASURE_ET_USV_Cappf,original raw CSV column (numeric predictor),yes,,included,,MEASURE,349,82
MEASURE_ET_USV_Cappf_0,original raw CSV column (numeric predictor),yes,,included,,MEASURE,349,82
MEASURE_ET_Vbkdn_C300pf,original raw CSV column (numeric predictor),yes,,included,,MEASURE,349,82
MEASURE_ET_Vbkdn_C385pf,original raw CSV column (numeric predictor),yes,,included,,MEASURE,724,1
MEASURE_ET_Vbkdn_Cap100,original raw CSV column (numeric predictor),yes,,included,,MEASURE,349,82
MEASURE_ET_Vbkdn_Cap100_Long,original raw CSV column (numeric predictor),yes,,included,,MEASURE,349,82
MEASURE_ET_Vbkdn_CapBig,original raw CSV column (numeric predictor),yes,,included,,MEASURE,349,82
MEASURE_ET_Vbpin,original raw CSV column (numeric predictor),yes,,included,,MEASURE,814,1
MEASURE_ET_Vbpin_D60,original raw CSV column (numeric predictor),yes,,included,,MEASURE,769,1
MEASURE_ET_Vg_gm_max,original raw CSV column (numeric predictor),yes,,included,,MEASURE,557,199
MEASURE_ET_VIA_KLV,original raw CSV column (numeric predictor),yes,,included,,MEASURE,145,1
MEASURE_ET_VIA_KLV_2,original raw CSV column (numeric predictor),yes,,included,,MEASURE,33,1
MEASURE_ET_VIA_KLV_8p5,original raw CSV column (numeric predictor),yes,,included,,MEASURE,705,1
MEASURE_ET_Vk,original raw CSV column (numeric predictor),yes,,included,,MEASURE,718,1
MEASURE_ET_Vp_1,original raw CSV column (numeric predictor),yes,,included,,MEASURE,557,199
MEASURE_ET_DC_Big_Ft,original raw CSV column (numeric predictor),yes,,included,,MEASURE,205,1
MEASURE_ET_DC_Big_Gm_0,original raw CSV column (numeric predictor),yes,,included,,MEASURE,557,199
MEASURE_ET_DC_Big_Gm_m0p2,original raw CSV column (numeric predictor),yes,,included,,MEASURE,557,199
MEASURE_ET_DC_Big_Gm_max,original raw CSV column (numeric predictor),yes,,included,,MEASURE,557,199
MEASURE_ET_DC_Big_Id_gm_max,original raw CSV column (numeric predictor),yes,,included,,MEASURE,557,199
MEASURE_ET_DC_Big_Ids_m0p2,original raw CSV column (numeric predictor),yes,,included,,MEASURE,649,1
MEASURE_ET_DC_Big_Idss,original raw CSV column (numeric predictor),yes,,included,,MEASURE,557,199
MEASURE_ET_DC_Big_Imax,original raw CSV column (numeric predictor),yes,,included,,MEASURE,557,199
MEASURE_ET_DC_Big_K,original raw CSV column (numeric predictor),yes,,included,,MEASURE,905,1
MEASURE_ET_DC_Big_MAG_10GHz,original raw CSV column (numeric predictor),yes,,included,,MEASURE,263,1
MEASURE_ET_DC_Big_MAG_18GHz,original raw CSV column (numeric predictor),yes,,included,,MEASURE,256,1
MEASURE_ET_DC_Big_S11ang_10GHz,original raw CSV column (numeric predictor),yes,,included,,MEASURE,106,1
MEASURE_ET_DC_Big_S11dB_10GHz,original raw CSV column (numeric predictor),yes,,included,,MEASURE,226,1
MEASURE_ET_DC_Big_S12ang_10GHz,original raw CSV column (numeric predictor),yes,,included,,MEASURE,76,1
MEASURE_ET_DC_Big_S12dB_10GHz,original raw CSV column (numeric predictor),yes,,included,,MEASURE,92,1
MEASURE_ET_DC_Big_S21ang_10GHz,original raw CSV column (numeric predictor),yes,,included,,MEASURE,300,1
MEASURE_ET_DC_Big_S21dB_10GHz,original raw CSV column (numeric predictor),yes,,included,,MEASURE,303,1
MEASURE_ET_DC_Big_S22ang_10GHz,original raw CSV column (numeric predictor),yes,,included,,MEASURE,196,1
MEASURE_ET_DC_Big_S22dB_10GHz,original raw CSV column (numeric predictor),yes,,included,,MEASURE,180,1
MEASURE_ET_DC_Big_Vdg_max,original raw CSV column (numeric predictor),yes,,included,,MEASURE,666,1
MEASURE_ET_DC_Big_Vdg_max_0p1mA,original raw CSV column (numeric predictor),yes,,included,,MEASURE,643,1
MEASURE_ET_DC_Big_Vds_max,original raw CSV column (numeric predictor),yes,,included,,MEASURE,943,1
MEASURE_ET_DC_Big_Vds_max_0p1mA,original raw CSV column (numeric predictor),yes,,included,,MEASURE,187,1
MEASURE_ET_DC_Big_Vg_gm_max,original raw CSV column (numeric predictor),yes,,included,,MEASURE,557,199
MEASURE_ET_DC_Big_Vg_max_Vd,original raw CSV column (numeric predictor),yes,,included,,MEASURE,179,1
MEASURE_ET_DC_Big_Vg_max_Vd_0p1mA,original raw CSV column (numeric predictor),yes,,included,,MEASURE,236,1
MEASURE_ET_DC_Big_Vg_optt1,original raw CSV column (numeric predictor),yes,,included,,MEASURE,980,1
MEASURE_ET_DC_Big_Vg_optt2,original raw CSV column (numeric predictor),yes,,included,,MEASURE,71,1
MEASURE_ET_DC_Big_Vg_optt3,original raw CSV column (numeric predictor),yes,,included,,MEASURE,657,1
MEASURE_ET_DC_Big_Vp_01,original raw CSV column (numeric predictor),yes,,included,,MEASURE,557,199
MEASURE_ET_DC_Big_Vp_1,original raw CSV column (numeric predictor),yes,,included,,MEASURE,557,199
MEASURE_ET_DC_Diode_D_leak_65V,original raw CSV column (numeric predictor),yes,,included,,MEASURE,817,72
MEASURE_ET_DC_Diode_Rs,original raw CSV column (numeric predictor),yes,,included,,MEASURE,719,1
MEASURE_ET_DC_Diode_Rs_9p5,original raw CSV column (numeric predictor),yes,,included,,MEASURE,22,1
MEASURE_ET_DC_Diode_S11_dB_forw,original raw CSV column (numeric predictor),yes,,included,,MEASURE,346,1
MEASURE_ET_DC_Diode_S11_dB_forw_9p5,original raw CSV column (numeric predictor),yes,,included,,MEASURE,11,1
MEASURE_ET_DC_Diode_S11_dB_rev,original raw CSV column (numeric predictor),yes,,included,,MEASURE,172,1
MEASURE_ET_DC_Diode_S11_dB_rev_9p5,original raw CSV column (numeric predictor),yes,,included,,MEASURE,75,1
MEASURE_ET_DC_Diode_S21_dB_forw,original raw CSV column (numeric predictor),yes,,included,,MEASURE,264,1
MEASURE_ET_DC_Diode_S21_dB_forw_9p5,original raw CSV column (numeric predictor),yes,,included,,MEASURE,312,1
MEASURE_ET_DC_Diode_S21_dB_rev,original raw CSV column (numeric predictor),yes,,included,,MEASURE,294,1
MEASURE_ET_DC_Diode_S21_dB_rev_9p5,original raw CSV column (numeric predictor),yes,,included,,MEASURE,305,1
MEASURE_ET_DC_Diode_Vbpin,original raw CSV column (numeric predictor),yes,,included,,MEASURE,811,1
MEASURE_ET_DC_PIV_Drain_Lag_0,original raw CSV column (numeric predictor),yes,,included,,MEASURE,801,11
MEASURE_ET_DC_PIV_Drain_Lag_1,original raw CSV column (numeric predictor),yes,,included,,MEASURE,801,11
MEASURE_ET_DC_PIV_Drain_Lag_Idss,original raw CSV column (numeric predictor),yes,,included,,MEASURE,557,199
MEASURE_ET_DC_PIV_Drain_Lag_Imax,original raw CSV column (numeric predictor),yes,,included,,MEASURE,557,199
MEASURE_ET_DC_PIV_Gate_Lag_0,original raw CSV column (numeric predictor),yes,,included,,MEASURE,802,1
MEASURE_ET_DC_PIV_Gate_Lag_1,original raw CSV column (numeric predictor),yes,,included,,MEASURE,801,11
MEASURE_ET_DC_PIV_Gate_Lag_Idss,original raw CSV column (numeric predictor),yes,,included,,MEASURE,557,199
MEASURE_ET_DC_PIV_Gate_Lag_Imax,original raw CSV column (numeric predictor),yes,,included,,MEASURE,557,199
MEASURE_ET_DC_PIV_Ids0_QP1,original raw CSV column (numeric predictor),yes,,included,,MEASURE,425,1
MEASURE_ET_DC_PIV_Ids0_QP2,original raw CSV column (numeric predictor),yes,,included,,MEASURE,827,1
MEASURE_ET_DC_PIV_Ids0_QP3,original raw CSV column (numeric predictor),yes,,included,,MEASURE,595,1
MEASURE_ET_DC_PIV_Ids1_QP1,original raw CSV column (numeric predictor),yes,,included,,MEASURE,982,1
MEASURE_ET_DC_PIV_Ids1_QP2,original raw CSV column (numeric predictor),yes,,included,,MEASURE,969,1
MEASURE_ET_DC_PIV_Ids1_QP3,original raw CSV column (numeric predictor),yes,,included,,MEASURE,493,1
MEASURE_ET_DC_PIV_Idss_QP1,original raw CSV column (numeric predictor),yes,,included,,MEASURE,557,199
MEASURE_ET_DC_PIV_Idss_QP2,original raw CSV column (numeric predictor),yes,,included,,MEASURE,557,199
MEASURE_ET_DC_PIV_Idss_QP3,original raw CSV column (numeric predictor),yes,,included,,MEASURE,557,199
MEASURE_ET_DC_PIV_Imax_QP1,original raw CSV column (numeric predictor),yes,,included,,MEASURE,557,199
MEASURE_ET_DC_PIV_Imax_QP2,original raw CSV column (numeric predictor),yes,,included,,MEASURE,557,199
MEASURE_ET_DC_PIV_Imax_QP3,original raw CSV column (numeric predictor),yes,,included,,MEASURE,557,199
MEASURE_ET_DC_RD_Ft,original raw CSV column (numeric predictor),yes,,included,,MEASURE,439,1
MEASURE_ET_DC_RD_Id_Vbon_max,original raw CSV column (numeric predictor),yes,,included,,MEASURE,979,1
MEASURE_ET_DC_RD_Id_Vbon_min,original raw CSV column (numeric predictor),yes,,included,,MEASURE,97,1
MEASURE_ET_DC_RD_K,original raw CSV column (numeric predictor),yes,,included,,MEASURE,448,1
MEASURE_ET_DC_RD_MSG_18GHz,original raw CSV column (numeric predictor),yes,,included,,MEASURE,160,1
MEASURE_ET_DC_RD_MSG_35GHz,original raw CSV column (numeric predictor),yes,,included,,MEASURE,87,1
MEASURE_ET_DC_RD_S11ang_18GHz,original raw CSV column (numeric predictor),yes,,included,,MEASURE,214,1
MEASURE_ET_DC_RD_S11dB_18GHz,original raw CSV column (numeric predictor),yes,,included,,MEASURE,161,1
MEASURE_ET_DC_RD_S12ang_18GHz,original raw CSV column (numeric predictor),yes,,included,,MEASURE,387,1
MEASURE_ET_DC_RD_S12dB_18GHz,original raw CSV column (numeric predictor),yes,,included,,MEASURE,72,1
MEASURE_ET_DC_RD_S21ang_18GHz,original raw CSV column (numeric predictor),yes,,included,,MEASURE,306,1
MEASURE_ET_DC_RD_S21dB_18GHz,original raw CSV column (numeric predictor),yes,,included,,MEASURE,286,1
MEASURE_ET_DC_RD_S22ang_18GHz,original raw CSV column (numeric predictor),yes,,included,,MEASURE,336,1
MEASURE_ET_DC_RD_S22dB_18GHz,original raw CSV column (numeric predictor),yes,,included,,MEASURE,118,1
MEASURE_ET_DC_RD_Vboff,original raw CSV column (numeric predictor),yes,,included,,MEASURE,332,1
MEASURE_ET_DC_RD_Vboff_ON,original raw CSV column (numeric predictor),yes,,included,,MEASURE,241,1
MEASURE_ET_DC_RD_Vbon_max,original raw CSV column (numeric predictor),yes,,included,,MEASURE,465,1
MEASURE_ET_DC_RD_Vbon_min,original raw CSV column (numeric predictor),yes,,included,,MEASURE,658,1
MEASURE_ET_DC_RD_Vg_Vbon_max,original raw CSV column (numeric predictor),yes,,included,,MEASURE,624,1
MEASURE_ET_DC_RD_Vg_Vbon_min,original raw CSV column (numeric predictor),yes,,included,,MEASURE,632,1
MEASURE_ET_DC_RF_CF_S11_Mag_L1002,original raw CSV column (numeric predictor),yes,,included,,MEASURE,325,1
MEASURE_ET_DC_RF_CF_S11_Mag_L1018,original raw CSV column (numeric predictor),yes,,included,,MEASURE,271,1
MEASURE_ET_DC_RF_CF_S11_Mag_L2180,original raw CSV column (numeric predictor),yes,,included,,MEASURE,273,1
MEASURE_ET_DC_RF_CF_S11_Ph_L1002,original raw CSV column (numeric predictor),yes,,included,,MEASURE,193,1
MEASURE_ET_DC_RF_CF_S11_Ph_L1018,original raw CSV column (numeric predictor),yes,,included,,MEASURE,377,1
MEASURE_ET_DC_RF_CF_S11_Ph_L2180,original raw CSV column (numeric predictor),yes,,included,,MEASURE,232,1
MEASURE_ET_DC_RF_CF_S12_Mag_L1002,original raw CSV column (numeric predictor),yes,,included,,MEASURE,315,1
MEASURE_ET_DC_RF_CF_S12_Mag_L1018,original raw CSV column (numeric predictor),yes,,included,,MEASURE,268,1
MEASURE_ET_DC_RF_CF_S12_Mag_L2180,original raw CSV column (numeric predictor),yes,,included,,MEASURE,265,1
MEASURE_ET_DC_RF_CF_S12_Ph_L1002,original raw CSV column (numeric predictor),yes,,included,,MEASURE,98,1
MEASURE_ET_DC_RF_CF_S12_Ph_L1018,original raw CSV column (numeric predictor),yes,,included,,MEASURE,197,1
MEASURE_ET_DC_RF_CF_S12_Ph_L2180,original raw CSV column (numeric predictor),yes,,included,,MEASURE,119,1
MEASURE_ET_DC_RF_CF_S21_Mag_L1002,original raw CSV column (numeric predictor),yes,,included,,MEASURE,307,1
MEASURE_ET_DC_RF_CF_S21_Mag_L1018,original raw CSV column (numeric predictor),yes,,included,,MEASURE,288,1
MEASURE_ET_DC_RF_CF_S21_Mag_L2180,original raw CSV column (numeric predictor),yes,,included,,MEASURE,257,1
MEASURE_ET_DC_RF_CF_S21_Ph_L1002,original raw CSV column (numeric predictor),yes,,included,,MEASURE,308,1
MEASURE_ET_DC_RF_CF_S21_Ph_L1018,original raw CSV column (numeric predictor),yes,,included,,MEASURE,285,1
MEASURE_ET_DC_RF_CF_S21_Ph_L2180,original raw CSV column (numeric predictor),yes,,included,,MEASURE,291,1
MEASURE_ET_DC_RF_CF_S22_Mag_L1002,original raw CSV column (numeric predictor),yes,,included,,MEASURE,279,1
MEASURE_ET_DC_RF_CF_S22_Mag_L1018,original raw CSV column (numeric predictor),yes,,included,,MEASURE,266,1
MEASURE_ET_DC_RF_CF_S22_Mag_L2180,original raw CSV column (numeric predictor),yes,,included,,MEASURE,278,1
MEASURE_ET_DC_RF_CF_S22_Ph_L1002,original raw CSV column (numeric predictor),yes,,included,,MEASURE,155,1
MEASURE_ET_DC_RF_CF_S22_Ph_L1018,original raw CSV column (numeric predictor),yes,,included,,MEASURE,406,1
MEASURE_ET_DC_RF_CF_S22_Ph_L2180,original raw CSV column (numeric predictor),yes,,included,,MEASURE,23,1
MEASURE_ET_DC_RF_Freq_cut_L1002,original raw CSV column (numeric predictor),yes,,included,,MEASURE,481,1
MEASURE_ET_DC_RF_Freq_cut_L1018,original raw CSV column (numeric predictor),yes,,included,,MEASURE,247,1
MEASURE_ET_DC_RF_Freq_cut_L2180,original raw CSV column (numeric predictor),yes,,included,,MEASURE,933,1
MEASURE_ET_DC_RF_Ft,original raw CSV column (numeric predictor),yes,,included,,MEASURE,388,1
MEASURE_ET_DC_RF_Ft_W,original raw CSV column (numeric predictor),yes,,included,,MEASURE,986,1
MEASURE_ET_DC_RF_Gm_0,original raw CSV column (numeric predictor),yes,,included,,MEASURE,557,199
MEASURE_ET_DC_RF_Gm_0_W,original raw CSV column (numeric predictor),yes,,included,,MEASURE,557,199
MEASURE_ET_DC_RF_Gm_m0p2,original raw CSV column (numeric predictor),yes,,included,,MEASURE,557,199
MEASURE_ET_DC_RF_Gm_m0p2_W,original raw CSV column (numeric predictor),yes,,included,,MEASURE,557,199
MEASURE_ET_DC_RF_Gm_max,original raw CSV column (numeric predictor),yes,,included,,MEASURE,557,199
MEASURE_ET_DC_RF_Gm_max_W,original raw CSV column (numeric predictor),yes,,included,,MEASURE,557,199
MEASURE_ET_DC_RF_Id_gm_max,original raw CSV column (numeric predictor),yes,,included,,MEASURE,557,199
MEASURE_ET_DC_RF_Id_gm_max_W,original raw CSV column (numeric predictor),yes,,included,,MEASURE,557,199
MEASURE_ET_DC_RF_Id_Vbon_max,original raw CSV column (numeric predictor),yes,,included,,MEASURE,738,1
MEASURE_ET_DC_RF_Id_Vbon_min,original raw CSV column (numeric predictor),yes,,included,,MEASURE,642,1
MEASURE_ET_DC_RF_Ids_m0p2,original raw CSV column (numeric predictor),yes,,included,,MEASURE,400,1
MEASURE_ET_DC_RF_ids_m0p2_W,original raw CSV column (numeric predictor),yes,,included,,MEASURE,684,1
MEASURE_ET_DC_RF_Idss,original raw CSV column (numeric predictor),yes,,included,,MEASURE,557,199
MEASURE_ET_DC_RF_Idss_W,original raw CSV column (numeric predictor),yes,,included,,MEASURE,557,199
MEASURE_ET_DC_RF_Imax,original raw CSV column (numeric predictor),yes,,included,,MEASURE,557,199
MEASURE_ET_DC_RF_Imax_W,original raw CSV column (numeric predictor),yes,,included,,MEASURE,557,199
MEASURE_ET_DC_RF_K,original raw CSV column (numeric predictor),yes,,included,,MEASURE,385,1
MEASURE_ET_DC_RF_K_W,original raw CSV column (numeric predictor),yes,,included,,MEASURE,114,1
MEASURE_ET_DC_RF_MAG_26GHz,original raw CSV column (numeric predictor),yes,,included,,MEASURE,259,1
MEASURE_ET_DC_RF_MAG_26GHz_W,original raw CSV column (numeric predictor),yes,,included,,MEASURE,276,1
MEASURE_ET_DC_RF_MAG_35GHz,original raw CSV column (numeric predictor),yes,,included,,MEASURE,310,1
MEASURE_ET_DC_RF_MAG_35GHz_W,original raw CSV column (numeric predictor),yes,,included,,MEASURE,301,1
MEASURE_ET_DC_RF_Max_S11_Freq_L1002,original raw CSV column (numeric predictor),yes,,included,,MEASURE,122,1
MEASURE_ET_DC_RF_Max_S11_Freq_L1018,original raw CSV column (numeric predictor),yes,,included,,MEASURE,53,1
MEASURE_ET_DC_RF_Max_S11_Freq_L2180,original raw CSV column (numeric predictor),yes,,included,,MEASURE,344,1
MEASURE_ET_DC_RF_Max_S11_Mag_L1002,original raw CSV column (numeric predictor),yes,,included,,MEASURE,281,1
MEASURE_ET_DC_RF_Max_S11_Mag_L1018,original raw CSV column (numeric predictor),yes,,included,,MEASURE,277,1
MEASURE_ET_DC_RF_Max_S11_Mag_L2180,original raw CSV column (numeric predictor),yes,,included,,MEASURE,309,1
MEASURE_ET_DC_RF_Max_S11_Ph_L1002,original raw CSV column (numeric predictor),yes,,included,,MEASURE,176,1
MEASURE_ET_DC_RF_Max_S11_Ph_L1018,original raw CSV column (numeric predictor),yes,,included,,MEASURE,50,1
MEASURE_ET_DC_RF_Max_S11_Ph_L2180,original raw CSV column (numeric predictor),yes,,included,,MEASURE,77,1
MEASURE_ET_DC_RF_Min_S21_Freq_L1002,original raw CSV column (numeric predictor),yes,,included,,MEASURE,316,1
MEASURE_ET_DC_RF_Min_S21_Freq_L1018,original raw CSV column (numeric predictor),yes,,included,,MEASURE,298,1
MEASURE_ET_DC_RF_Min_S21_Freq_L2180,original raw CSV column (numeric predictor),yes,,included,,MEASURE,270,1
MEASURE_ET_DC_RF_Min_S21_Mag_L1002,original raw CSV column (numeric predictor),yes,,included,,MEASURE,295,1
MEASURE_ET_DC_RF_Min_S21_Mag_L1018,original raw CSV column (numeric predictor),yes,,included,,MEASURE,274,1
MEASURE_ET_DC_RF_Min_S21_Mag_L2180,original raw CSV column (numeric predictor),yes,,included,,MEASURE,321,1
MEASURE_ET_DC_RF_Min_S21_Ph_L1002,original raw CSV column (numeric predictor),yes,,included,,MEASURE,317,1
MEASURE_ET_DC_RF_Min_S21_Ph_L1018,original raw CSV column (numeric predictor),yes,,included,,MEASURE,293,1
MEASURE_ET_DC_RF_Min_S21_Ph_L2180,original raw CSV column (numeric predictor),yes,,included,,MEASURE,313,1
MEASURE_ET_DC_RF_MSG_10GHz,original raw CSV column (numeric predictor),yes,,included,,MEASURE,446,1
MEASURE_ET_DC_RF_MSG_18GHz,original raw CSV column (numeric predictor),yes,,included,,MEASURE,491,1
MEASURE_ET_DC_RF_n_gd,original raw CSV column (numeric predictor),yes,,included,,MEASURE,417,1
MEASURE_ET_DC_RF_n_gs,original raw CSV column (numeric predictor),yes,,included,,MEASURE,731,1
MEASURE_ET_DC_RF_S11ang_10GHz,original raw CSV column (numeric predictor),yes,,included,,MEASURE,398,1
MEASURE_ET_DC_RF_S11ang_26GHz,original raw CSV column (numeric predictor),yes,,included,,MEASURE,41,1
MEASURE_ET_DC_RF_S11ang_26GHz_W,original raw CSV column (numeric predictor),yes,,included,,MEASURE,174,1
MEASURE_ET_DC_RF_S11dB_10GHz,original raw CSV column (numeric predictor),yes,,included,,MEASURE,36,1
MEASURE_ET_DC_RF_S11dB_26GHz,original raw CSV column (numeric predictor),yes,,included,,MEASURE,437,1
MEASURE_ET_DC_RF_S11dB_26GHz_W,original raw CSV column (numeric predictor),yes,,included,,MEASURE,86,1
MEASURE_ET_DC_RF_S12ang_10GHz,original raw CSV column (numeric predictor),yes,,included,,MEASURE,135,1
MEASURE_ET_DC_RF_S12ang_26GHz,original raw CSV column (numeric predictor),yes,,included,,MEASURE,146,1
MEASURE_ET_DC_RF_S12ang_26GHz_W,original raw CSV column (numeric predictor),yes,,included,,MEASURE,459,1
MEASURE_ET_DC_RF_S12dB_10GHz,original raw CSV column (numeric predictor),yes,,included,,MEASURE,447,1
MEASURE_ET_DC_RF_S12dB_26GHz,original raw CSV column (numeric predictor),yes,,included,,MEASURE,39,1
MEASURE_ET_DC_RF_S12dB_26GHz_W,original raw CSV column (numeric predictor),yes,,included,,MEASURE,105,1
MEASURE_ET_DC_RF_S21ang_10GHz,original raw CSV column (numeric predictor),yes,,included,,MEASURE,323,1
MEASURE_ET_DC_RF_S21ang_26GHz,original raw CSV column (numeric predictor),yes,,included,,MEASURE,260,1
MEASURE_ET_DC_RF_S21ang_26GHz_W,original raw CSV column (numeric predictor),yes,,included,,MEASURE,267,1
MEASURE_ET_DC_RF_S21dB_10GHz,original raw CSV column (numeric predictor),yes,,included,,MEASURE,287,1
MEASURE_ET_DC_RF_S21dB_26GHz,original raw CSV column (numeric predictor),yes,,included,,MEASURE,280,1
MEASURE_ET_DC_RF_S21dB_26GHz_W,original raw CSV column (numeric predictor),yes,,included,,MEASURE,302,1
MEASURE_ET_DC_RF_S22ang_10GHz,original raw CSV column (numeric predictor),yes,,included,,MEASURE,402,1
MEASURE_ET_DC_RF_S22ang_26GHz,original raw CSV column (numeric predictor),yes,,included,,MEASURE,604,1
MEASURE_ET_DC_RF_S22ang_26GHz_W,original raw CSV column (numeric predictor),yes,,included,,MEASURE,59,1
MEASURE_ET_DC_RF_S22dB_10GHz,original raw CSV column (numeric predictor),yes,,included,,MEASURE,55,1
MEASURE_ET_DC_RF_S22dB_26GHz,original raw CSV column (numeric predictor),yes,,included,,MEASURE,111,1
MEASURE_ET_DC_RF_S22dB_26GHz_W,original raw CSV column (numeric predictor),yes,,included,,MEASURE,478,1
MEASURE_ET_DC_RF_Vbgd_0p01,original raw CSV column (numeric predictor),yes,,included,,MEASURE,784,1
MEASURE_ET_DC_RF_Vbgd_0p1,original raw CSV column (numeric predictor),yes,,included,,MEASURE,777,1
MEASURE_ET_DC_RF_Vbgd1,original raw CSV column (numeric predictor),yes,,included,,MEASURE,757,1
MEASURE_ET_DC_RF_Vbgs_0p01,original raw CSV column (numeric predictor),yes,,included,,MEASURE,804,1
MEASURE_ET_DC_RF_Vbgs_0p1,original raw CSV column (numeric predictor),yes,,included,,MEASURE,793,1
MEASURE_ET_DC_RF_Vbgs1,original raw CSV column (numeric predictor),yes,,included,,MEASURE,778,1
MEASURE_ET_DC_RF_Vbin_gd,original raw CSV column (numeric predictor),yes,,included,,MEASURE,785,1
MEASURE_ET_DC_RF_Vbin_gs,original raw CSV column (numeric predictor),yes,,included,,MEASURE,779,1
MEASURE_ET_DC_RF_Vboff,original raw CSV column (numeric predictor),yes,,included,,MEASURE,66,1
MEASURE_ET_DC_RF_Vboff_ON,original raw CSV column (numeric predictor),yes,,included,,MEASURE,173,1
MEASURE_ET_DC_RF_Vbon_max,original raw CSV column (numeric predictor),yes,,included,,MEASURE,677,1
MEASURE_ET_DC_RF_Vbon_min,original raw CSV column (numeric predictor),yes,,included,,MEASURE,396,1
MEASURE_ET_DC_RF_Vdg_max,original raw CSV column (numeric predictor),yes,,included,,MEASURE,548,1
MEASURE_ET_DC_RF_Vdg_max_0p1,original raw CSV column (numeric predictor),yes,,included,,MEASURE,338,1
MEASURE_ET_DC_RF_Vdg_max_0p1mA,original raw CSV column (numeric predictor),yes,,included,,MEASURE,194,1
MEASURE_ET_DC_RF_Vds_max,original raw CSV column (numeric predictor),yes,,included,,MEASURE,553,1
MEASURE_ET_DC_RF_Vds_max_0p1,original raw CSV column (numeric predictor),yes,,included,,MEASURE,413,1
MEASURE_ET_DC_RF_Vds_max_0p1mA,original raw CSV column (numeric predictor),yes,,included,,MEASURE,602,1
MEASURE_ET_DC_RF_Vg_gm_max,original raw CSV column (numeric predictor),yes,,included,,MEASURE,557,199
MEASURE_ET_DC_RF_Vg_gm_max_W,original raw CSV column (numeric predictor),yes,,included,,MEASURE,557,199
MEASURE_ET_DC_RF_Vg_max_Vd,original raw CSV column (numeric predictor),yes,,included,,MEASURE,876,1
MEASURE_ET_DC_RF_Vg_max_Vd_0p1,original raw CSV column (numeric predictor),yes,,included,,MEASURE,369,1
MEASURE_ET_DC_RF_Vg_max_Vd_0p1mA,original raw CSV column (numeric predictor),yes,,included,,MEASURE,655,1
MEASURE_ET_DC_RF_Vg_optt,original raw CSV column (numeric predictor),yes,,included,,MEASURE,242,1
MEASURE_ET_DC_RF_Vg_Vbon_max,original raw CSV column (numeric predictor),yes,,included,,MEASURE,931,1
MEASURE_ET_DC_RF_Vg_Vbon_min,original raw CSV column (numeric predictor),yes,,included,,MEASURE,25,1
MEASURE_ET_DC_RF_Vp_01,original raw CSV column (numeric predictor),yes,,included,,MEASURE,557,199
MEASURE_ET_DC_RF_Vp_01_W,original raw CSV column (numeric predictor),yes,,included,,MEASURE,557,199
MEASURE_ET_DC_RF_Vp_1,original raw CSV column (numeric predictor),yes,,included,,MEASURE,557,199
MEASURE_ET_DC_RF_Vp_1_W,original raw CSV column (numeric predictor),yes,,included,,MEASURE,557,199
MEASURE_ET_DC_RF_Vt_gd,original raw CSV column (numeric predictor),yes,,included,,MEASURE,126,1
MEASURE_ET_DC_RF_Vt_gs,original raw CSV column (numeric predictor),yes,,included,,MEASURE,207,1
MEASURE_ET_DC_RF2_Ft,original raw CSV column (numeric predictor),yes,,included,,MEASURE,901,1
MEASURE_ET_DC_RF2_K,original raw CSV column (numeric predictor),yes,,included,,MEASURE,926,1
MEASURE_ET_DC_RF2_MAG_26GHz,original raw CSV column (numeric predictor),yes,,included,,MEASURE,262,1
MEASURE_ET_DC_RF2_MAG_35GHz,original raw CSV column (numeric predictor),yes,,included,,MEASURE,289,1
MEASURE_ET_DC_RF2_S11ang_26GHz,original raw CSV column (numeric predictor),yes,,included,,MEASURE,32,1
MEASURE_ET_DC_RF2_S11dB_26GHz,original raw CSV column (numeric predictor),yes,,included,,MEASURE,2,1
MEASURE_ET_DC_RF2_S12ang_26GHz,original raw CSV column (numeric predictor),yes,,included,,MEASURE,60,1
MEASURE_ET_DC_RF2_S12dB_26GHz,original raw CSV column (numeric predictor),yes,,included,,MEASURE,551,1
MEASURE_ET_DC_RF2_S21ang_26GHz,original raw CSV column (numeric predictor),yes,,included,,MEASURE,269,1
MEASURE_ET_DC_RF2_S21dB_26GHz,original raw CSV column (numeric predictor),yes,,included,,MEASURE,283,1
MEASURE_ET_DC_RF2_S22ang_26GHz,original raw CSV column (numeric predictor),yes,,included,,MEASURE,26,1
MEASURE_ET_DC_RF2_S22dB_26GHz,original raw CSV column (numeric predictor),yes,,included,,MEASURE,151,1
MEASURE_ET_DC_SEC_Gm_0,original raw CSV column (numeric predictor),yes,,included,,MEASURE,557,199
MEASURE_ET_DC_SEC_Gm_m0p2,original raw CSV column (numeric predictor),yes,,included,,MEASURE,557,199
MEASURE_ET_DC_SEC_Gm_max,original raw CSV column (numeric predictor),yes,,included,,MEASURE,557,199
MEASURE_ET_DC_SEC_Id_gm_max,original raw CSV column (numeric predictor),yes,,included,,MEASURE,557,199
MEASURE_ET_DC_SEC_Ids_m0p2,original raw CSV column (numeric predictor),yes,,included,,MEASURE,910,1
MEASURE_ET_DC_SEC_Ids_max_ON,original raw CSV column (numeric predictor),yes,,included,,MEASURE,475,1
MEASURE_ET_DC_SEC_Ids_min_ON,original raw CSV column (numeric predictor),yes,,included,,MEASURE,389,1
MEASURE_ET_DC_SEC_Idss,original raw CSV column (numeric predictor),yes,,included,,MEASURE,557,199
MEASURE_ET_DC_SEC_Imax,original raw CSV column (numeric predictor),yes,,included,,MEASURE,557,199
MEASURE_ET_DC_SEC_Imax_6V,original raw CSV column (numeric predictor),yes,,included,,MEASURE,557,199
MEASURE_ET_DC_SEC_Imax_7V,original raw CSV column (numeric predictor),yes,,included,,MEASURE,557,199
MEASURE_ET_DC_SEC_n_gs,original raw CSV column (numeric predictor),yes,,included,,MEASURE,393,1
MEASURE_ET_DC_SEC_Vbin_gs,original raw CSV column (numeric predictor),yes,,included,,MEASURE,762,1
MEASURE_ET_DC_SEC_Vboff_1,original raw CSV column (numeric predictor),yes,,included,,MEASURE,855,1
MEASURE_ET_DC_SEC_Vboff_2_1,original raw CSV column (numeric predictor),yes,,included,,MEASURE,80,1
MEASURE_ET_DC_SEC_Vboff_Vds_min_ON,original raw CSV column (numeric predictor),yes,,included,,MEASURE,394,1
MEASURE_ET_DC_SEC_Vds_max_ON,original raw CSV column (numeric predictor),yes,,included,,MEASURE,833,1
MEASURE_ET_DC_SEC_Vds_min_ON,original raw CSV column (numeric predictor),yes,,included,,MEASURE,640,1
MEASURE_ET_DC_SEC_Vg_gm_max,original raw CSV column (numeric predictor),yes,,included,,MEASURE,557,199
MEASURE_ET_DC_SEC_Vg_max_ON,original raw CSV column (numeric predictor),yes,,included,,MEASURE,872,1
MEASURE_ET_DC_SEC_Vg_min_ON,original raw CSV column (numeric predictor),yes,,included,,MEASURE,981,1
MEASURE_ET_DC_SEC_Vgs_0p1V,original raw CSV column (numeric predictor),yes,,included,,MEASURE,334,1
MEASURE_ET_DC_SEC_Vgs_0p5V,original raw CSV column (numeric predictor),yes,,included,,MEASURE,929,1
MEASURE_ET_DC_SEC_Vgs_1V,original raw CSV column (numeric predictor),yes,,included,,MEASURE,661,1
MEASURE_ET_DC_SEC_Vgs_back_0p1V,original raw CSV column (numeric predictor),yes,,included,,MEASURE,879,1
MEASURE_ET_DC_SEC_Vgs_back_0p5V,original raw CSV column (numeric predictor),yes,,included,,MEASURE,139,1
MEASURE_ET_DC_SEC_Vgs_back_1V,original raw CSV column (numeric predictor),yes,,included,,MEASURE,975,1
MEASURE_ET_DC_SEC_Vp_10mA,original raw CSV column (numeric predictor),yes,,included,,MEASURE,557,199
MEASURE_ET_DC_SEC_Vp_1mA,original raw CSV column (numeric predictor),yes,,included,,MEASURE,557,199
MEASURE_ET_DC_SEC_Vt_gs,original raw CSV column (numeric predictor),yes,,included,,MEASURE,940,1
MEASURE_ET_DC_SEC_S_Bin,original raw CSV column (numeric predictor),yes,,included,,MEASURE,220,1
MEASURE_ET_DC_SEC_S_Bin_FPSD3p2,original raw CSV column (numeric predictor),yes,,included,,MEASURE,639,1
MEASURE_ET_DC_SEC_S_Bin_SD3p5,original raw CSV column (numeric predictor),yes,,included,,MEASURE,959,1
MEASURE_ET_DC_SEC_S_ChipStatus,original raw CSV column (numeric predictor),yes,,included,,MEASURE,603,1
MEASURE_ET_DC_SEC_S_Id_at_Vboff_mA_mm,original raw CSV column (numeric predictor),yes,,included,,MEASURE,630,1
MEASURE_ET_DC_SEC_S_Id_at_Vboff_mA_mm_FPSD3p2,original raw CSV column (numeric predictor),yes,,included,,MEASURE,823,1
MEASURE_ET_DC_SEC_S_Id_at_Vboff_mA_mm_SD3p5,original raw CSV column (numeric predictor),yes,,included,,MEASURE,168,1
MEASURE_ET_DC_SEC_S_Id_mA_mm_at_Vg1,original raw CSV column (numeric predictor),yes,,included,,MEASURE,936,1
MEASURE_ET_DC_SEC_S_Id_mA_mm_at_Vg1_FPSD3p2,original raw CSV column (numeric predictor),yes,,included,,MEASURE,914,1
MEASURE_ET_DC_SEC_S_Id_mA_mm_at_Vg1_SD3p5,original raw CSV column (numeric predictor),yes,,included,,MEASURE,709,1
MEASURE_ET_DC_SEC_S_Id_mA_mm_at_Vg2,original raw CSV column (numeric predictor),yes,,included,,MEASURE,897,1
MEASURE_ET_DC_SEC_S_Id_mA_mm_at_Vg2_FPSD3p2,original raw CSV column (numeric predictor),yes,,included,,MEASURE,663,1
MEASURE_ET_DC_SEC_S_Id_mA_mm_at_Vg2_SD3p5,original raw CSV column (numeric predictor),yes,,included,,MEASURE,590,1
MEASURE_ET_DC_SEC_S_Id_mA_mm_at_Vg3,original raw CSV column (numeric predictor),yes,,included,,MEASURE,739,1
MEASURE_ET_DC_SEC_S_Id_mA_mm_at_Vg3_FPSD3p2,original raw CSV column (numeric predictor),yes,,included,,MEASURE,221,1
MEASURE_ET_DC_SEC_S_Id_mA_mm_at_Vg3_SD3p5,original raw CSV column (numeric predictor),yes,,included,,MEASURE,175,1
MEASURE_ET_DC_SEC_S_Id_plus_Ig_at_Vboff_mA_mm,original raw CSV column (numeric predictor),yes,,included,,MEASURE,229,1
MEASURE_ET_DC_SEC_S_Id_plus_Ig_at_Vboff_mA_mm_FPSD3p2,original raw CSV column (numeric predictor),yes,,included,,MEASURE,697,1
MEASURE_ET_DC_SEC_S_Id_plus_Ig_at_Vboff_mA_mm_SD3p5,original raw CSV column (numeric predictor),yes,,included,,MEASURE,934,1
MEASURE_ET_DC_SEC_S_Ids_max,original raw CSV column (numeric predictor),yes,,included,,MEASURE,747,1
MEASURE_ET_DC_SEC_S_Ids_max_FPSD3p2,original raw CSV column (numeric predictor),yes,,included,,MEASURE,744,1
MEASURE_ET_DC_SEC_S_Ids_max_norm,original raw CSV column (numeric predictor),yes,,included,,MEASURE,333,1
MEASURE_ET_DC_SEC_S_Ids_max_norm_FPSD3p2,original raw CSV column (numeric predictor),yes,,included,,MEASURE,857,1
MEASURE_ET_DC_SEC_S_Ids_max_norm_SD3p5,original raw CSV column (numeric predictor),yes,,included,,MEASURE,834,1
MEASURE_ET_DC_SEC_S_Ids_max_SD3p5,original raw CSV column (numeric predictor),yes,,included,,MEASURE,5,1
MEASURE_ET_DC_SEC_S_Ig_cut1_mAmm_neg,original raw CSV column (numeric predictor),yes,,included,,MEASURE,212,1
MEASURE_ET_DC_SEC_S_Ig_cut1_mAmm_neg_FPSD3p2,original raw CSV column (numeric predictor),yes,,included,,MEASURE,382,1
MEASURE_ET_DC_SEC_S_Ig_cut1_mAmm_neg_SD3p5,original raw CSV column (numeric predictor),yes,,included,,MEASURE,189,1
MEASURE_ET_DC_SEC_S_Ig_cut1_mAmm_pos,original raw CSV column (numeric predictor),yes,,included,,MEASURE,419,1
MEASURE_ET_DC_SEC_S_Ig_cut1_mAmm_pos_FPSD3p2,original raw CSV column (numeric predictor),yes,,included,,MEASURE,967,1
MEASURE_ET_DC_SEC_S_Ig_cut1_mAmm_pos_SD3p5,original raw CSV column (numeric predictor),yes,,included,,MEASURE,496,1
MEASURE_ET_DC_SEC_S_Ig_cut2_mAmm_neg,original raw CSV column (numeric predictor),yes,,included,,MEASURE,368,1
MEASURE_ET_DC_SEC_S_Ig_cut2_mAmm_neg_FPSD3p2,original raw CSV column (numeric predictor),yes,,included,,MEASURE,183,1
MEASURE_ET_DC_SEC_S_Ig_cut2_mAmm_neg_SD3p5,original raw CSV column (numeric predictor),yes,,included,,MEASURE,401,1
MEASURE_ET_DC_SEC_S_Ig_cut2_mAmm_pos,original raw CSV column (numeric predictor),yes,,included,,MEASURE,927,1
MEASURE_ET_DC_SEC_S_Ig_cut2_mAmm_pos_FPSD3p2,original raw CSV column (numeric predictor),yes,,included,,MEASURE,706,1
MEASURE_ET_DC_SEC_S_Ig_cut2_mAmm_pos_SD3p5,original raw CSV column (numeric predictor),yes,,included,,MEASURE,397,1
MEASURE_ET_DC_SEC_S_Ig_cut3_mAmm_neg,original raw CSV column (numeric predictor),yes,,included,,MEASURE,908,1
MEASURE_ET_DC_SEC_S_Ig_cut3_mAmm_neg_FPSD3p2,original raw CSV column (numeric predictor),yes,,included,,MEASURE,427,1
MEASURE_ET_DC_SEC_S_Ig_cut3_mAmm_neg_SD3p5,original raw CSV column (numeric predictor),yes,,included,,MEASURE,143,1
MEASURE_ET_DC_SEC_S_Ig_cut3_mAmm_pos,original raw CSV column (numeric predictor),yes,,included,,MEASURE,984,1
MEASURE_ET_DC_SEC_S_Ig_cut3_mAmm_pos_FPSD3p2,original raw CSV column (numeric predictor),yes,,included,,MEASURE,843,1
MEASURE_ET_DC_SEC_S_Ig_cut3_mAmm_pos_SD3p5,original raw CSV column (numeric predictor),yes,,included,,MEASURE,885,1
MEASURE_ET_DC_SEC_S_Ig_mAmm_at_Vg_cond_neg,original raw CSV column (numeric predictor),yes,,included,,MEASURE,972,1
MEASURE_ET_DC_SEC_S_Ig_mAmm_at_Vg_cond_neg_FPSD3p2,original raw CSV column (numeric predictor),yes,,included,,MEASURE,335,1
MEASURE_ET_DC_SEC_S_Ig_mAmm_at_Vg_cond_neg_SD3p5,original raw CSV column (numeric predictor),yes,,included,,MEASURE,7,1
MEASURE_ET_DC_SEC_S_Ig_mAmm_at_Vg_cond_pos,original raw CSV column (numeric predictor),yes,,included,,MEASURE,408,1
MEASURE_ET_DC_SEC_S_Ig_mAmm_at_Vg_cond_pos_FPSD3p2,original raw CSV column (numeric predictor),yes,,included,,MEASURE,977,1
MEASURE_ET_DC_SEC_S_Ig_mAmm_at_Vg_cond_pos_SD3p5,original raw CSV column (numeric predictor),yes,,included,,MEASURE,34,1
MEASURE_ET_DC_SEC_S_Ron,original raw CSV column (numeric predictor),yes,,included,,MEASURE,431,1
MEASURE_ET_DC_SEC_S_Ron_FPSD3p2,original raw CSV column (numeric predictor),yes,,included,,MEASURE,455,1
MEASURE_ET_DC_SEC_S_Ron_SD3p5,original raw CSV column (numeric predictor),yes,,included,,MEASURE,444,1
MEASURE_ET_DC_SEC_S_Vboff_Id,original raw CSV column (numeric predictor),yes,,included,,MEASURE,370,1
MEASURE_ET_DC_SEC_S_Vboff_Id_FPSD3p2,original raw CSV column (numeric predictor),yes,,included,,MEASURE,206,1
MEASURE_ET_DC_SEC_S_Vboff_Id_plus_Ig,original raw CSV column (numeric predictor),yes,,included,,MEASURE,90,1
MEASURE_ET_DC_SEC_S_Vboff_Id_plus_Ig_FPSD3p2,original raw CSV column (numeric predictor),yes,,included,,MEASURE,435,1
MEASURE_ET_DC_SEC_S_Vboff_Id_plus_Ig_SD3p5,original raw CSV column (numeric predictor),yes,,included,,MEASURE,108,1
MEASURE_ET_DC_SEC_S_Vboff_Id_SD3p5,original raw CSV column (numeric predictor),yes,,included,,MEASURE,898,1
MEASURE_ET_DC_SEC_S_Vg_at_I1_neg,original raw CSV column (numeric predictor),yes,,included,,MEASURE,107,1
MEASURE_ET_DC_SEC_S_Vg_at_I1_neg_FPSD3p2,original raw CSV column (numeric predictor),yes,,included,,MEASURE,698,1
MEASURE_ET_DC_SEC_S_Vg_at_I1_neg_SD3p5,original raw CSV column (numeric predictor),yes,,included,,MEASURE,95,1
MEASURE_ET_DC_SEC_S_Vg_at_I1_pos,original raw CSV column (numeric predictor),yes,,included,,MEASURE,825,1
MEASURE_ET_DC_SEC_S_Vg_at_I1_pos_FPSD3p2,original raw CSV column (numeric predictor),yes,,included,,MEASURE,136,1
MEASURE_ET_DC_SEC_S_Vg_at_I1_pos_SD3p5,original raw CSV column (numeric predictor),yes,,included,,MEASURE,629,1
MEASURE_ET_DC_SEC_S_Vg_at_I2_neg,original raw CSV column (numeric predictor),yes,,included,,MEASURE,831,1
MEASURE_ET_DC_SEC_S_Vg_at_I2_neg_FPSD3p2,original raw CSV column (numeric predictor),yes,,included,,MEASURE,669,1
MEASURE_ET_DC_SEC_S_Vg_at_I2_neg_SD3p5,original raw CSV column (numeric predictor),yes,,included,,MEASURE,68,1
MEASURE_ET_DC_SEC_S_Vg_at_I2_pos,original raw CSV column (numeric predictor),yes,,included,,MEASURE,423,1
MEASURE_ET_DC_SEC_S_Vg_at_I2_pos_FPSD3p2,original raw CSV column (numeric predictor),yes,,included,,MEASURE,198,1
MEASURE_ET_DC_SEC_S_Vg_at_I2_pos_SD3p5,original raw CSV column (numeric predictor),yes,,included,,MEASURE,916,1
MEASURE_ET_DC_SEC_S_Vg_at_I3_neg,original raw CSV column (numeric predictor),yes,,included,,MEASURE,489,1
MEASURE_ET_DC_SEC_S_Vg_at_I3_neg_FPSD3p2,original raw CSV column (numeric predictor),yes,,included,,MEASURE,725,1
MEASURE_ET_DC_SEC_S_Vg_at_I3_neg_SD3p5,original raw CSV column (numeric predictor),yes,,included,,MEASURE,924,1
MEASURE_ET_DC_SEC_S_Vg_at_I3_pos,original raw CSV column (numeric predictor),yes,,included,,MEASURE,983,1
MEASURE_ET_DC_SEC_S_Vg_at_I3_pos_FPSD3p2,original raw CSV column (numeric predictor),yes,,included,,MEASURE,96,1
MEASURE_ET_DC_SEC_S_Vg_at_I3_pos_SD3p5,original raw CSV column (numeric predictor),yes,,included,,MEASURE,488,1
MEASURE_ET_DC_SEC_S_Vp_0p7_mA_mm,original raw CSV column (numeric predictor),yes,,included,,MEASURE,557,199
MEASURE_ET_DC_SEC_S_Vp_1_mA_mm,original raw CSV column (numeric predictor),yes,,included,,MEASURE,557,199
MEASURE_ET_DC_SEC_S_Vp_1_mA_mm_first,original raw CSV column (numeric predictor),yes,,included,,MEASURE,557,199
MEASURE_ET_DC_SEC_S_Vp_1_mA_mm_first_FPSD3p2,original raw CSV column (numeric predictor),yes,,included,,MEASURE,557,199
MEASURE_ET_DC_SEC_S_Vp_1_mA_mm_first_SD3p5,original raw CSV column (numeric predictor),yes,,included,,MEASURE,557,199
MEASURE_ET_DC_SEC_S_Vp_1_mA_mm_second,original raw CSV column (numeric predictor),yes,,included,,MEASURE,557,199
MEASURE_ET_DC_SEC_S_Vp_1_mA_mm_second_FPSD3p2,original raw CSV column (numeric predictor),yes,,included,,MEASURE,557,199
MEASURE_ET_DC_SEC_S_Vp_1_mA_mm_second_SD3p5,original raw CSV column (numeric predictor),yes,,included,,MEASURE,557,199
MEASURE_ET_DC_SEC_X_Bin,original raw CSV column (numeric predictor),yes,,included,,MEASURE,412,1
MEASURE_ET_DC_SEC_X_Bin_FPSD3p2,original raw CSV column (numeric predictor),yes,,included,,MEASURE,490,1
MEASURE_ET_DC_SEC_X_Bin_SD3p5,original raw CSV column (numeric predictor),yes,,included,,MEASURE,200,1
MEASURE_ET_DC_SEC_X_ChipStatus,original raw CSV column (numeric predictor),yes,,included,,MEASURE,656,1
MEASURE_ET_DC_SEC_X_Id_at_Vboff_mA_mm,original raw CSV column (numeric predictor),yes,,included,,MEASURE,743,1
MEASURE_ET_DC_SEC_X_Id_at_Vboff_mA_mm_FPSD3p2,original raw CSV column (numeric predictor),yes,,included,,MEASURE,859,1
MEASURE_ET_DC_SEC_X_Id_at_Vboff_mA_mm_SD3p5,original raw CSV column (numeric predictor),yes,,included,,MEASURE,245,1
MEASURE_ET_DC_SEC_X_Id_mA_mm_at_Vg1,original raw CSV column (numeric predictor),yes,,included,,MEASURE,695,1
MEASURE_ET_DC_SEC_X_Id_mA_mm_at_Vg1_FPSD3p2,original raw CSV column (numeric predictor),yes,,included,,MEASURE,470,1
MEASURE_ET_DC_SEC_X_Id_mA_mm_at_Vg1_SD3p5,original raw CSV column (numeric predictor),yes,,included,,MEASURE,647,1
MEASURE_ET_DC_SEC_X_Id_mA_mm_at_Vg2,original raw CSV column (numeric predictor),yes,,included,,MEASURE,637,1
MEASURE_ET_DC_SEC_X_Id_mA_mm_at_Vg2_FPSD3p2,original raw CSV column (numeric predictor),yes,,included,,MEASURE,224,1
MEASURE_ET_DC_SEC_X_Id_mA_mm_at_Vg2_SD3p5,original raw CSV column (numeric predictor),yes,,included,,MEASURE,899,1
MEASURE_ET_DC_SEC_X_Id_mA_mm_at_Vg3,original raw CSV column (numeric predictor),yes,,included,,MEASURE,37,1
MEASURE_ET_DC_SEC_X_Id_mA_mm_at_Vg3_FPSD3p2,original raw CSV column (numeric predictor),yes,,included,,MEASURE,450,1
MEASURE_ET_DC_SEC_X_Id_mA_mm_at_Vg3_SD3p5,original raw CSV column (numeric predictor),yes,,included,,MEASURE,466,1
MEASURE_ET_DC_SEC_X_Id_plus_Ig_at_Vboff_mA_mm,original raw CSV column (numeric predictor),yes,,included,,MEASURE,115,1
MEASURE_ET_DC_SEC_X_Id_plus_Ig_at_Vboff_mA_mm_FPSD3p2,original raw CSV column (numeric predictor),yes,,included,,MEASURE,204,1
MEASURE_ET_DC_SEC_X_Id_plus_Ig_at_Vboff_mA_mm_SD3p5,original raw CSV column (numeric predictor),yes,,included,,MEASURE,592,1
MEASURE_ET_DC_SEC_X_Ids_max,original raw CSV column (numeric predictor),yes,,included,,MEASURE,340,1
MEASURE_ET_DC_SEC_X_Ids_max_FPSD3p2,original raw CSV column (numeric predictor),yes,,included,,MEASURE,474,1
MEASURE_ET_DC_SEC_X_Ids_max_norm,original raw CSV column (numeric predictor),yes,,included,,MEASURE,29,1
MEASURE_ET_DC_SEC_X_Ids_max_norm_FPSD3p2,original raw CSV column (numeric predictor),yes,,included,,MEASURE,166,1
MEASURE_ET_DC_SEC_X_Ids_max_norm_SD3p5,original raw CSV column (numeric predictor),yes,,included,,MEASURE,170,1
MEASURE_ET_DC_SEC_X_Ids_max_SD3p5,original raw CSV column (numeric predictor),yes,,included,,MEASURE,673,1
MEASURE_ET_DC_SEC_X_Ig_cut1_mAmm_neg,original raw CSV column (numeric predictor),yes,,included,,MEASURE,471,1
MEASURE_ET_DC_SEC_X_Ig_cut1_mAmm_neg_FPSD3p2,original raw CSV column (numeric predictor),yes,,included,,MEASURE,745,1
MEASURE_ET_DC_SEC_X_Ig_cut1_mAmm_neg_SD3p5,original raw CSV column (numeric predictor),yes,,included,,MEASURE,941,1
MEASURE_ET_DC_SEC_X_Ig_cut1_mAmm_pos,original raw CSV column (numeric predictor),yes,,included,,MEASURE,390,1
MEASURE_ET_DC_SEC_X_Ig_cut1_mAmm_pos_FPSD3p2,original raw CSV column (numeric predictor),yes,,included,,MEASURE,190,1
MEASURE_ET_DC_SEC_X_Ig_cut1_mAmm_pos_SD3p5,original raw CSV column (numeric predictor),yes,,included,,MEASURE,874,1
MEASURE_ET_DC_SEC_X_Ig_cut2_mAmm_neg,original raw CSV column (numeric predictor),yes,,included,,MEASURE,167,1
MEASURE_ET_DC_SEC_X_Ig_cut2_mAmm_neg_FPSD3p2,original raw CSV column (numeric predictor),yes,,included,,MEASURE,428,1
MEASURE_ET_DC_SEC_X_Ig_cut2_mAmm_neg_SD3p5,original raw CSV column (numeric predictor),yes,,included,,MEASURE,732,1
MEASURE_ET_DC_SEC_X_Ig_cut2_mAmm_pos,original raw CSV column (numeric predictor),yes,,included,,MEASURE,679,1
MEASURE_ET_DC_SEC_X_Ig_cut2_mAmm_pos_FPSD3p2,original raw CSV column (numeric predictor),yes,,included,,MEASURE,944,1
MEASURE_ET_DC_SEC_X_Ig_cut2_mAmm_pos_SD3p5,original raw CSV column (numeric predictor),yes,,included,,MEASURE,451,1
MEASURE_ET_DC_SEC_X_Ig_cut3_mAmm_neg,original raw CSV column (numeric predictor),yes,,included,,MEASURE,51,1
MEASURE_ET_DC_SEC_X_Ig_cut3_mAmm_neg_FPSD3p2,original raw CSV column (numeric predictor),yes,,included,,MEASURE,485,1
MEASURE_ET_DC_SEC_X_Ig_cut3_mAmm_neg_SD3p5,original raw CSV column (numeric predictor),yes,,included,,MEASURE,441,1
MEASURE_ET_DC_SEC_X_Ig_cut3_mAmm_pos,original raw CSV column (numeric predictor),yes,,included,,MEASURE,171,1
MEASURE_ET_DC_SEC_X_Ig_cut3_mAmm_pos_FPSD3p2,original raw CSV column (numeric predictor),yes,,included,,MEASURE,678,1
MEASURE_ET_DC_SEC_X_Ig_cut3_mAmm_pos_SD3p5,original raw CSV column (numeric predictor),yes,,included,,MEASURE,631,1
MEASURE_ET_DC_SEC_X_Ig_mAmm_at_Vg_cond_neg,original raw CSV column (numeric predictor),yes,,included,,MEASURE,842,1
MEASURE_ET_DC_SEC_X_Ig_mAmm_at_Vg_cond_neg_FPSD3p2,original raw CSV column (numeric predictor),yes,,included,,MEASURE,740,1
MEASURE_ET_DC_SEC_X_Ig_mAmm_at_Vg_cond_neg_SD3p5,original raw CSV column (numeric predictor),yes,,included,,MEASURE,887,1
MEASURE_ET_DC_SEC_X_Ig_mAmm_at_Vg_cond_pos,original raw CSV column (numeric predictor),yes,,included,,MEASURE,386,1
MEASURE_ET_DC_SEC_X_Ig_mAmm_at_Vg_cond_pos_FPSD3p2,original raw CSV column (numeric predictor),yes,,included,,MEASURE,555,1
MEASURE_ET_DC_SEC_X_Ig_mAmm_at_Vg_cond_pos_SD3p5,original raw CSV column (numeric predictor),yes,,included,,MEASURE,612,1
MEASURE_ET_DC_SEC_X_Ron,original raw CSV column (numeric predictor),yes,,included,,MEASURE,230,1
MEASURE_ET_DC_SEC_X_Ron_FPSD3p2,original raw CSV column (numeric predictor),yes,,included,,MEASURE,384,1
MEASURE_ET_DC_SEC_X_Ron_SD3p5,original raw CSV column (numeric predictor),yes,,included,,MEASURE,600,1
MEASURE_ET_DC_SEC_X_Vboff_Id,original raw CSV column (numeric predictor),yes,,included,,MEASURE,873,1
MEASURE_ET_DC_SEC_X_Vboff_Id_FPSD3p2,original raw CSV column (numeric predictor),yes,,included,,MEASURE,379,1
MEASURE_ET_DC_SEC_X_Vboff_Id_plus_Ig,original raw CSV column (numeric predictor),yes,,included,,MEASURE,148,1
MEASURE_ET_DC_SEC_X_Vboff_Id_plus_Ig_FPSD3p2,original raw CSV column (numeric predictor),yes,,included,,MEASURE,449,1
MEASURE_ET_DC_SEC_X_Vboff_Id_plus_Ig_SD3p5,original raw CSV column (numeric predictor),yes,,included,,MEASURE,829,1
MEASURE_ET_DC_SEC_X_Vboff_Id_SD3p5,original raw CSV column (numeric predictor),yes,,included,,MEASURE,886,1
MEASURE_ET_DC_SEC_X_Vg_at_I1_neg,original raw CSV column (numeric predictor),yes,,included,,MEASURE,913,1
MEASURE_ET_DC_SEC_X_Vg_at_I1_neg_FPSD3p2,original raw CSV column (numeric predictor),yes,,included,,MEASURE,541,1
MEASURE_ET_DC_SEC_X_Vg_at_I1_neg_SD3p5,original raw CSV column (numeric predictor),yes,,included,,MEASURE,463,1
MEASURE_ET_DC_SEC_X_Vg_at_I1_pos,original raw CSV column (numeric predictor),yes,,included,,MEASURE,380,1
MEASURE_ET_DC_SEC_X_Vg_at_I1_pos_FPSD3p2,original raw CSV column (numeric predictor),yes,,included,,MEASURE,611,1
MEASURE_ET_DC_SEC_X_Vg_at_I1_pos_SD3p5,original raw CSV column (numeric predictor),yes,,included,,MEASURE,61,1
MEASURE_ET_DC_SEC_X_Vg_at_I2_neg,original raw CSV column (numeric predictor),yes,,included,,MEASURE,545,1
MEASURE_ET_DC_SEC_X_Vg_at_I2_neg_FPSD3p2,original raw CSV column (numeric predictor),yes,,included,,MEASURE,935,1
MEASURE_ET_DC_SEC_X_Vg_at_I2_neg_SD3p5,original raw CSV column (numeric predictor),yes,,included,,MEASURE,948,1
MEASURE_ET_DC_SEC_X_Vg_at_I2_pos,original raw CSV column (numeric predictor),yes,,included,,MEASURE,225,1
MEASURE_ET_DC_SEC_X_Vg_at_I2_pos_FPSD3p2,original raw CSV column (numeric predictor),yes,,included,,MEASURE,134,1
MEASURE_ET_DC_SEC_X_Vg_at_I2_pos_SD3p5,original raw CSV column (numeric predictor),yes,,included,,MEASURE,392,1
MEASURE_ET_DC_SEC_X_Vg_at_I3_neg,original raw CSV column (numeric predictor),yes,,included,,MEASURE,42,1
MEASURE_ET_DC_SEC_X_Vg_at_I3_neg_FPSD3p2,original raw CSV column (numeric predictor),yes,,included,,MEASURE,937,1
MEASURE_ET_DC_SEC_X_Vg_at_I3_neg_SD3p5,original raw CSV column (numeric predictor),yes,,included,,MEASURE,749,1
MEASURE_ET_DC_SEC_X_Vg_at_I3_pos,original raw CSV column (numeric predictor),yes,,included,,MEASURE,246,1
MEASURE_ET_DC_SEC_X_Vg_at_I3_pos_FPSD3p2,original raw CSV column (numeric predictor),yes,,included,,MEASURE,921,1
MEASURE_ET_DC_SEC_X_Vg_at_I3_pos_SD3p5,original raw CSV column (numeric predictor),yes,,included,,MEASURE,605,1
MEASURE_ET_DC_SEC_X_Vp_0p7_mA_mm,original raw CSV column (numeric predictor),yes,,included,,MEASURE,557,199
MEASURE_ET_DC_SEC_X_Vp_1_mA_mm,original raw CSV column (numeric predictor),yes,,included,,MEASURE,557,199
MEASURE_ET_DC_SEC_X_Vp_1_mA_mm_first,original raw CSV column (numeric predictor),yes,,included,,MEASURE,557,199
MEASURE_ET_DC_SEC_X_Vp_1_mA_mm_first_FPSD3p2,original raw CSV column (numeric predictor),yes,,included,,MEASURE,557,199
MEASURE_ET_DC_SEC_X_Vp_1_mA_mm_first_SD3p5,original raw CSV column (numeric predictor),yes,,included,,MEASURE,557,199
MEASURE_ET_DC_SEC_X_Vp_1_mA_mm_second,original raw CSV column (numeric predictor),yes,,included,,MEASURE,557,199
MEASURE_ET_DC_SEC_X_Vp_1_mA_mm_second_FPSD3p2,original raw CSV column (numeric predictor),yes,,included,,MEASURE,557,199
MEASURE_ET_DC_SEC_X_Vp_1_mA_mm_second_SD3p5,original raw CSV column (numeric predictor),yes,,included,,MEASURE,557,199
MEASURE_ET_DC_SMALL_Gm_0,original raw CSV column (numeric predictor),yes,,included,,MEASURE,557,199
MEASURE_ET_DC_SMALL_Gm_m0p2,original raw CSV column (numeric predictor),yes,,included,,MEASURE,557,199
MEASURE_ET_DC_SMALL_Gm_max,original raw CSV column (numeric predictor),yes,,included,,MEASURE,557,199
MEASURE_ET_DC_SMALL_Id_gm_max,original raw CSV column (numeric predictor),yes,,included,,MEASURE,557,199
MEASURE_ET_DC_SMALL_Ids_m0p2,original raw CSV column (numeric predictor),yes,,included,,MEASURE,52,1
MEASURE_ET_DC_SMALL_Idss,original raw CSV column (numeric predictor),yes,,included,,MEASURE,557,199
MEASURE_ET_DC_SMALL_Imax,original raw CSV column (numeric predictor),yes,,included,,MEASURE,557,199
MEASURE_ET_DC_SMALL_n_gd,original raw CSV column (numeric predictor),yes,,included,,MEASURE,651,1
MEASURE_ET_DC_SMALL_n_gs,original raw CSV column (numeric predictor),yes,,included,,MEASURE,436,1
MEASURE_ET_DC_SMALL_Vbgd_0p01,original raw CSV column (numeric predictor),yes,,included,,MEASURE,780,1
MEASURE_ET_DC_SMALL_Vbgd_0p1,original raw CSV column (numeric predictor),yes,,included,,MEASURE,820,1
MEASURE_ET_DC_SMALL_Vbgd1,original raw CSV column (numeric predictor),yes,,included,,MEASURE,781,1
MEASURE_ET_DC_SMALL_Vbgs_0p01,original raw CSV column (numeric predictor),yes,,included,,MEASURE,782,1
MEASURE_ET_DC_SMALL_Vbgs_0p1,original raw CSV column (numeric predictor),yes,,included,,MEASURE,800,1
MEASURE_ET_DC_SMALL_Vbgs1,original raw CSV column (numeric predictor),yes,,included,,MEASURE,818,1
MEASURE_ET_DC_SMALL_Vbin_gd,original raw CSV column (numeric predictor),yes,,included,,MEASURE,790,1
MEASURE_ET_DC_SMALL_Vbin_gs,original raw CSV column (numeric predictor),yes,,included,,MEASURE,771,1
MEASURE_ET_DC_SMALL_Vboff,original raw CSV column (numeric predictor),yes,,included,,MEASURE,375,1
MEASURE_ET_DC_SMALL_Vdg_max,original raw CSV column (numeric predictor),yes,,included,,MEASURE,222,1
MEASURE_ET_DC_SMALL_Vdg_max_0p1,original raw CSV column (numeric predictor),yes,,included,,MEASURE,102,1
MEASURE_ET_DC_SMALL_Vds_max,original raw CSV column (numeric predictor),yes,,included,,MEASURE,636,1
MEASURE_ET_DC_SMALL_Vds_max_0p1,original raw CSV column (numeric predictor),yes,,included,,MEASURE,963,1
MEASURE_ET_DC_SMALL_Vg_gm_max,original raw CSV column (numeric predictor),yes,,included,,MEASURE,557,199
MEASURE_ET_DC_SMALL_Vg_max_Vd,original raw CSV column (numeric predictor),yes,,included,,MEASURE,616,1
MEASURE_ET_DC_SMALL_Vg_max_Vd_0p1,original raw CSV column (numeric predictor),yes,,included,,MEASURE,492,1
MEASURE_ET_DC_SMALL_Vg_optt,original raw CSV column (numeric predictor),yes,,included,,MEASURE,844,1
MEASURE_ET_DC_SMALL_Vp_01,original raw CSV column (numeric predictor),yes,,included,,MEASURE,557,199
MEASURE_ET_DC_SMALL_Vp_1,original raw CSV column (numeric predictor),yes,,included,,MEASURE,557,199
MEASURE_ET_DC_SMALL_Vt_gd,original raw CSV column (numeric predictor),yes,,included,,MEASURE,659,1
MEASURE_ET_DC_SMALL_Vt_gs,original raw CSV column (numeric predictor),yes,,included,,MEASURE,676,1
MEASURE_ET_DC_Stress_Gm_max_after,original raw CSV column (numeric predictor),yes,,included,,MEASURE,557,199
MEASURE_ET_DC_Stress_Gm_max_before,original raw CSV column (numeric predictor),yes,,included,,MEASURE,557,199
MEASURE_ET_DC_Stress_Id_gm_max_after,original raw CSV column (numeric predictor),yes,,included,,MEASURE,557,199
MEASURE_ET_DC_Stress_Id_gm_max_before,original raw CSV column (numeric predictor),yes,,included,,MEASURE,557,199
MEASURE_ET_DC_Stress_Id_max_Ig_after,original raw CSV column (numeric predictor),yes,,included,,MEASURE,156,1
MEASURE_ET_DC_Stress_Id_max_Ig_before,original raw CSV column (numeric predictor),yes,,included,,MEASURE,660,1
MEASURE_ET_DC_Stress_Id_stress_after,original raw CSV column (numeric predictor),yes,,included,,MEASURE,432,1
MEASURE_ET_DC_Stress_Id_stress_before,original raw CSV column (numeric predictor),yes,,included,,MEASURE,99,1
MEASURE_ET_DC_Stress_Idss_after,original raw CSV column (numeric predictor),yes,,included,,MEASURE,557,199
MEASURE_ET_DC_Stress_Idss_before,original raw CSV column (numeric predictor),yes,,included,,MEASURE,557,199
MEASURE_ET_DC_Stress_Ig_max_after,original raw CSV column (numeric predictor),yes,,included,,MEASURE,48,1
MEASURE_ET_DC_Stress_Ig_max_before,original raw CSV column (numeric predictor),yes,,included,,MEASURE,614,1
MEASURE_ET_DC_Stress_Stress_time,original raw CSV column (numeric predictor),yes,,included,,MEASURE,238,1
MEASURE_ET_DC_Stress_Vd_stress,original raw CSV column (numeric predictor),yes,,included,,MEASURE,453,1
MEASURE_ET_DC_Stress_Vg_gm_max_after,original raw CSV column (numeric predictor),yes,,included,,MEASURE,557,199
MEASURE_ET_DC_Stress_Vg_gm_max_before,original raw CSV column (numeric predictor),yes,,included,,MEASURE,557,199
MEASURE_ET_DC_Stress_Vg_max_Ig_after,original raw CSV column (numeric predictor),yes,,included,,MEASURE,867,1
MEASURE_ET_DC_Stress_Vg_max_Ig_before,original raw CSV column (numeric predictor),yes,,included,,MEASURE,233,1
MEASURE_ET_DC_Stress_Vp_after,original raw CSV column (numeric predictor),yes,,included,,MEASURE,557,199
MEASURE_ET_DC_Stress_Vp_before,original raw CSV column (numeric predictor),yes,,included,,MEASURE,557,199
MEASURE_ET_DC_Stress_Vp_delta,original raw CSV column (numeric predictor),yes,,included,,MEASURE,557,199
MEASURE_ET_Load_Pull_Freq,original raw CSV column (numeric predictor),yes,,included,,MEASURE,613,1
MEASURE_ET_Load_Pull_Gain_comp_Last,original raw CSV column (numeric predictor),yes,,included,,MEASURE,252,1
MEASURE_ET_Load_Pull_GL_meas,original raw CSV column (numeric predictor),yes,,included,,MEASURE,497,1
MEASURE_ET_Load_Pull_GL_set,original raw CSV column (numeric predictor),yes,,included,,MEASURE,56,1
MEASURE_ET_Load_Pull_Gss,original raw CSV column (numeric predictor),yes,,included,,MEASURE,199,1
MEASURE_ET_Load_Pull_ID_comp_Last_mA,original raw CSV column (numeric predictor),yes,,included,,MEASURE,184,1
MEASURE_ET_Load_Pull_Id_ini,original raw CSV column (numeric predictor),yes,,included,,MEASURE,954,1
MEASURE_ET_Load_Pull_Id_ord,original raw CSV column (numeric predictor),yes,,included,,MEASURE,641,1
MEASURE_ET_Load_Pull_Id_SS,original raw CSV column (numeric predictor),yes,,included,,MEASURE,597,1
MEASURE_ET_Load_Pull_IG_comp_Last_uA,original raw CSV column (numeric predictor),yes,,included,,MEASURE,836,1
MEASURE_ET_Load_Pull_P.A.E_Last,original raw CSV column (numeric predictor),yes,,included,,MEASURE,258,2
MEASURE_ET_Load_Pull_PhL_meas,original raw CSV column (numeric predictor),yes,,included,,MEASURE,862,1
MEASURE_ET_Load_Pull_PhL_set,original raw CSV column (numeric predictor),yes,,included,,MEASURE,88,1
MEASURE_ET_Load_Pull_Pin_Cut,original raw CSV column (numeric predictor),yes,,included,,MEASURE,62,1
MEASURE_ET_Load_Pull_Pin_Last,original raw CSV column (numeric predictor),yes,,included,,MEASURE,601,1
MEASURE_ET_Load_Pull_Pout_Last,original raw CSV column (numeric predictor),yes,,included,,MEASURE,324,1
MEASURE_ET_Load_Pull_Pout_W_last,original raw CSV column (numeric predictor),yes,,included,,MEASURE,249,1
MEASURE_ET_Load_Pull_Pout_W_mm_last,original raw CSV column (numeric predictor),yes,,included,,MEASURE,261,2
MEASURE_ET_Load_Pull_Vg,original raw CSV column (numeric predictor),yes,,included,,MEASURE,54,1
MEASURE_ET_LT_SEC_ChipStatus,original raw CSV column (numeric predictor),yes,,included,,MEASURE,737,1
MEASURE_ET_LT_SEC_Id_min_mA_mm,original raw CSV column (numeric predictor),yes,,included,,MEASURE,404,1
MEASURE_ET_LT_SEC_Id_min_mA_mm_Vd3,original raw CSV column (numeric predictor),yes,,included,,MEASURE,202,1
MEASURE_ET_LT_SEC_Id_min_mA_mm_Vd7,original raw CSV column (numeric predictor),yes,,included,,MEASURE,341,1
MEASURE_ET_LT_SEC_Id_min_mA_mm_Vd8,original raw CSV column (numeric predictor),yes,,included,,MEASURE,237,1
MEASURE_ET_LT_SEC_Ig_Id_min_mA_mm,original raw CSV column (numeric predictor),yes,,included,,MEASURE,626,1
MEASURE_ET_LT_SEC_Ig_Id_min_mA_mm_Vd3,original raw CSV column (numeric predictor),yes,,included,,MEASURE,208,1
MEASURE_ET_LT_SEC_Ig_Id_min_mA_mm_Vd7,original raw CSV column (numeric predictor),yes,,included,,MEASURE,955,1
MEASURE_ET_LT_SEC_Ig_Id_min_mA_mm_Vd8,original raw CSV column (numeric predictor),yes,,included,,MEASURE,691,1
MEASURE_ET_LT_SEC_Ileak_m10p5V_mA_mm,original raw CSV column (numeric predictor),yes,,included,,MEASURE,817,72
MEASURE_ET_LT_SEC_Ileak_m10V_mA_mm,original raw CSV column (numeric predictor),yes,,included,,MEASURE,817,72
MEASURE_ET_LT_SEC_Ileak_m12p5V_mA_mm,original raw CSV column (numeric predictor),yes,,included,,MEASURE,817,72
MEASURE_ET_LT_SEC_Ileak_m16p5V_mA_mm,original raw CSV column (numeric predictor),yes,,included,,MEASURE,817,72
MEASURE_ET_LT_SEC_Ileak_m5p5V_mA_mm,original raw CSV column (numeric predictor),yes,,included,,MEASURE,817,72
MEASURE_ET_LT_SEC_Ileak_m5V_mA_mm,original raw CSV column (numeric predictor),yes,,included,,MEASURE,817,72
MEASURE_ET_LT_SEC_Ileak_m7V_mA_mm,original raw CSV column (numeric predictor),yes,,included,,MEASURE,817,72
MEASURE_ET_LT_SEC_Ileak_m9p5V_mA_mm,original raw CSV column (numeric predictor),yes,,included,,MEASURE,817,72
MEASURE_ET_LT_SEC_Ileak_m9V_mA_mm,original raw CSV column (numeric predictor),yes,,included,,MEASURE,817,72
MEASURE_ET_LT_SEC_Vbgd1,original raw CSV column (numeric predictor),yes,,included,,MEASURE,795,1
MEASURE_ET_LT_SEC_Vbgd1_Vd3,original raw CSV column (numeric predictor),yes,,included,,MEASURE,803,1
MEASURE_ET_LT_SEC_Vbgd1_Vd7,original raw CSV column (numeric predictor),yes,,included,,MEASURE,819,1
MEASURE_ET_LT_SEC_Vbgd1_Vd8,original raw CSV column (numeric predictor),yes,,included,,MEASURE,768,1
MEASURE_ET_LT_SEC_Vd_Id_min,original raw CSV column (numeric predictor),yes,,included,,MEASURE,337,1
MEASURE_ET_LT_SEC_Vd_Id_min_Vd3,original raw CSV column (numeric predictor),yes,,included,,MEASURE,550,1
MEASURE_ET_LT_SEC_Vd_Id_min_Vd7,original raw CSV column (numeric predictor),yes,,included,,MEASURE,129,1
MEASURE_ET_LT_SEC_Vd_Id_min_Vd8,original raw CSV column (numeric predictor),yes,,included,,MEASURE,407,1
MEASURE_ET_LT_SEC_Vg_Id_min,original raw CSV column (numeric predictor),yes,,included,,MEASURE,615,1
MEASURE_ET_LT_SEC_Vg_Id_min_Vd3,original raw CSV column (numeric predictor),yes,,included,,MEASURE,881,1
MEASURE_ET_LT_SEC_Vg_Id_min_Vd7,original raw CSV column (numeric predictor),yes,,included,,MEASURE,634,1
MEASURE_ET_LT_SEC_Vg_Id_min_Vd8,original raw CSV column (numeric predictor),yes,,included,,MEASURE,610,1
MEASURE_ET_RF_Modeling_Cds,original raw CSV column (numeric predictor),yes,,included,,MEASURE,588,1
MEASURE_ET_RF_Modeling_Cds_err,original raw CSV column (numeric predictor),yes,,included,,MEASURE,945,1
MEASURE_ET_RF_Modeling_Cgd,original raw CSV column (numeric predictor),yes,,included,,MEASURE,976,1
MEASURE_ET_RF_Modeling_Cgd_err,original raw CSV column (numeric predictor),yes,,included,,MEASURE,966,1
MEASURE_ET_RF_Modeling_Cgs,original raw CSV column (numeric predictor),yes,,included,,MEASURE,838,1
MEASURE_ET_RF_Modeling_Cgs_err,original raw CSV column (numeric predictor),yes,,included,,MEASURE,840,1
MEASURE_ET_RF_Modeling_Delta_MAG_19G,original raw CSV column (numeric predictor),yes,,included,,MEASURE,272,1
MEASURE_ET_RF_Modeling_Delta_MAG_25G,original raw CSV column (numeric predictor),yes,,included,,MEASURE,319,1
MEASURE_ET_RF_Modeling_Delta_S21_19G,original raw CSV column (numeric predictor),yes,,included,,MEASURE,296,1
MEASURE_ET_RF_Modeling_Delta_S21_25G,original raw CSV column (numeric predictor),yes,,included,,MEASURE,290,1
MEASURE_ET_RF_Modeling_Fmax,original raw CSV column (numeric predictor),yes,,included,,MEASURE,116,1
MEASURE_ET_RF_Modeling_Fmax_ext,original raw CSV column (numeric predictor),yes,,included,,MEASURE,645,1
MEASURE_ET_RF_Modeling_Fmax_int,original raw CSV column (numeric predictor),yes,,included,,MEASURE,399,1
MEASURE_ET_RF_Modeling_Ft,original raw CSV column (numeric predictor),yes,,included,,MEASURE,47,1
MEASURE_ET_RF_Modeling_Ft_ext,original raw CSV column (numeric predictor),yes,,included,,MEASURE,162,1
MEASURE_ET_RF_Modeling_Ft_int,original raw CSV column (numeric predictor),yes,,included,,MEASURE,920,1
MEASURE_ET_RF_Modeling_Gds,original raw CSV column (numeric predictor),yes,,included,,MEASURE,556,1
MEASURE_ET_RF_Modeling_Gds_err,original raw CSV column (numeric predictor),yes,,included,,MEASURE,623,1
MEASURE_ET_RF_Modeling_Gm,original raw CSV column (numeric predictor),yes,,included,,MEASURE,557,199
MEASURE_ET_RF_Modeling_Gm_0_W,original raw CSV column (numeric predictor),yes,,included,,MEASURE,557,199
MEASURE_ET_RF_Modeling_Gm_err,original raw CSV column (numeric predictor),yes,,included,,MEASURE,557,199
MEASURE_ET_RF_Modeling_Gm_m0p2_W,original raw CSV column (numeric predictor),yes,,included,,MEASURE,557,199
MEASURE_ET_RF_Modeling_Gm_max_W,original raw CSV column (numeric predictor),yes,,included,,MEASURE,557,199
MEASURE_ET_RF_Modeling_Id_gm_max_W,original raw CSV column (numeric predictor),yes,,included,,MEASURE,557,199
MEASURE_ET_RF_Modeling_Id_search,original raw CSV column (numeric predictor),yes,,included,,MEASURE,520,52
MEASURE_ET_RF_Modeling_ids_m0p2_W,original raw CSV column (numeric predictor),yes,,included,,MEASURE,345,1
MEASURE_ET_RF_Modeling_Idss_W,original raw CSV column (numeric predictor),yes,,included,,MEASURE,557,199
MEASURE_ET_RF_Modeling_K,original raw CSV column (numeric predictor),yes,,included,,MEASURE,587,1
MEASURE_ET_RF_Modeling_L_Gd,original raw CSV column (numeric predictor),yes,,included,,MEASURE,841,1
MEASURE_ET_RF_Modeling_L_Gg,original raw CSV column (numeric predictor),yes,,included,,MEASURE,703,1
MEASURE_ET_RF_Modeling_L_Gs,original raw CSV column (numeric predictor),yes,,included,,MEASURE,366,1
MEASURE_ET_RF_Modeling_Ld,original raw CSV column (numeric predictor),yes,,included,,MEASURE,19,1
MEASURE_ET_RF_Modeling_Lg,original raw CSV column (numeric predictor),yes,,included,,MEASURE,67,1
MEASURE_ET_RF_Modeling_Ls,original raw CSV column (numeric predictor),yes,,included,,MEASURE,858,1
MEASURE_ET_RF_Modeling_MAG_18,original raw CSV column (numeric predictor),yes,,included,,MEASURE,253,1
MEASURE_ET_RF_Modeling_MAG_19G_After,original raw CSV column (numeric predictor),yes,,included,,MEASURE,275,1
MEASURE_ET_RF_Modeling_MAG_19G_Before,original raw CSV column (numeric predictor),yes,,included,,MEASURE,311,1
MEASURE_ET_RF_Modeling_MAG_25G_After,original raw CSV column (numeric predictor),yes,,included,,MEASURE,254,1
MEASURE_ET_RF_Modeling_MAG_25G_Before,original raw CSV column (numeric predictor),yes,,included,,MEASURE,282,1
MEASURE_ET_RF_Modeling_Mag_d,original raw CSV column (numeric predictor),yes,,included,,MEASURE,314,1
MEASURE_ET_RF_Modeling_Mag_i,original raw CSV column (numeric predictor),yes,,included,,MEASURE,255,1
MEASURE_ET_RF_Modeling_Mag_m,original raw CSV column (numeric predictor),yes,,included,,MEASURE,284,1
MEASURE_ET_RF_Modeling_R_Gd,original raw CSV column (numeric predictor),yes,,included,,MEASURE,939,1
MEASURE_ET_RF_Modeling_R_Gg,original raw CSV column (numeric predictor),yes,,included,,MEASURE,486,1
MEASURE_ET_RF_Modeling_R_Gs,original raw CSV column (numeric predictor),yes,,included,,MEASURE,342,1
MEASURE_ET_RF_Modeling_Rd,original raw CSV column (numeric predictor),yes,,included,,MEASURE,646,1
MEASURE_ET_RF_Modeling_Rg,original raw CSV column (numeric predictor),yes,,included,,MEASURE,192,1
MEASURE_ET_RF_Modeling_Rgd,original raw CSV column (numeric predictor),yes,,included,,MEASURE,728,1
MEASURE_ET_RF_Modeling_Rgd_err,original raw CSV column (numeric predictor),yes,,included,,MEASURE,877,1
MEASURE_ET_RF_Modeling_Rgs,original raw CSV column (numeric predictor),yes,,included,,MEASURE,950,1
MEASURE_ET_RF_Modeling_Rgs_err,original raw CSV column (numeric predictor),yes,,included,,MEASURE,434,1
MEASURE_ET_RF_Modeling_Rs,original raw CSV column (numeric predictor),yes,,included,,MEASURE,464,1
MEASURE_ET_RF_Modeling_S11ang_10GHz,original raw CSV column (numeric predictor),yes,,included,,MEASURE,109,1
MEASURE_ET_RF_Modeling_S11dB_10GHz,original raw CSV column (numeric predictor),yes,,included,,MEASURE,195,1
MEASURE_ET_RF_Modeling_S12ang_10GHz,original raw CSV column (numeric predictor),yes,,included,,MEASURE,84,1
MEASURE_ET_RF_Modeling_S12dB_10GHz,original raw CSV column (numeric predictor),yes,,included,,MEASURE,117,1
MEASURE_ET_RF_Modeling_S21_19G_After,original raw CSV column (numeric predictor),yes,,included,,MEASURE,297,1
MEASURE_ET_RF_Modeling_S21_19G_Before,original raw CSV column (numeric predictor),yes,,included,,MEASURE,304,1
MEASURE_ET_RF_Modeling_S21_25G_After,original raw CSV column (numeric predictor),yes,,included,,MEASURE,292,1
MEASURE_ET_RF_Modeling_S21_25G_Before,original raw CSV column (numeric predictor),yes,,included,,MEASURE,318,1
MEASURE_ET_RF_Modeling_S21ang_10GHz,original raw CSV column (numeric predictor),yes,,included,,MEASURE,320,1
MEASURE_ET_RF_Modeling_S21dB_10GHz,original raw CSV column (numeric predictor),yes,,included,,MEASURE,322,1
MEASURE_ET_RF_Modeling_S22ang_10GHz,original raw CSV column (numeric predictor),yes,,included,,MEASURE,130,1
MEASURE_ET_RF_Modeling_S22dB_10GHz,original raw CSV column (numeric predictor),yes,,included,,MEASURE,3,1
MEASURE_ET_RF_Modeling_Stress_time,original raw CSV column (numeric predictor),yes,,included,,MEASURE,973,1
MEASURE_ET_RF_Modeling_Tau,original raw CSV column (numeric predictor),yes,,included,,MEASURE,149,1
MEASURE_ET_RF_Modeling_Tau_err,original raw CSV column (numeric predictor),yes,,included,,MEASURE,93,1
MEASURE_ET_RF_Modeling_Vd_set,original raw CSV column (numeric predictor),yes,,included,,MEASURE,750,1
MEASURE_ET_RF_Modeling_Vd_stress,original raw CSV column (numeric predictor),yes,,included,,MEASURE,951,1
MEASURE_ET_RF_Modeling_Vg_gm_max_W,original raw CSV column (numeric predictor),yes,,included,,MEASURE,557,199
MEASURE_ET_RF_Modeling_Vg_Stress,original raw CSV column (numeric predictor),yes,,included,,MEASURE,362,1
MEASURE_ET_RF_Modeling_Vp_01_W,original raw CSV column (numeric predictor),yes,,included,,MEASURE,557,199
MEASURE_ET_RF_Modeling_Vp_1_W,original raw CSV column (numeric predictor),yes,,included,,MEASURE,557,199
MEASURE_ET_RF_Modeling_Vth,original raw CSV column (numeric predictor),yes,,included,,MEASURE,18,1
MESA_ET_Probe_Number,original raw CSV column (numeric predictor),yes,,included,,MESA,17,1
MESA_ET_Vbkd,original raw CSV column (numeric predictor),yes,,included,,MESA,617,1
OHMIC_ET_lkg_5,original raw CSV column (numeric predictor),yes,,included,,OHMIC,817,72
OHMIC_ET_OHMC,original raw CSV column (numeric predictor),yes,,included,,OHMIC,158,1
OHMIC_ET_OHMIC_conc,original raw CSV column (numeric predictor),yes,,included,,OHMIC,49,1
OHMIC_ET_Probe_Number,original raw CSV column (numeric predictor),yes,,included,,OHMIC,15,1
OHMIC_ET_R114,original raw CSV column (numeric predictor),yes,,included,,OHMIC,73,1
OHMIC_ET_R214,original raw CSV column (numeric predictor),yes,,included,,OHMIC,952,1
OHMIC_ET_R314,original raw CSV column (numeric predictor),yes,,included,,OHMIC,429,1
OHMIC_ET_Ran_con_1,original raw CSV column (numeric predictor),yes,,included,,OHMIC,689,1
OHMIC_ET_Ran_con_2,original raw CSV column (numeric predictor),yes,,included,,OHMIC,476,1
OHMIC_ET_Ran_con_3,original raw CSV column (numeric predictor),yes,,included,,OHMIC,625,1
OHMIC_ET_Rc_an_ct2,original raw CSV column (numeric predictor),yes,,included,,OHMIC,520,52
OHMIC_ET_Rc_OG142,original raw CSV column (numeric predictor),yes,,included,,OHMIC,520,52
OHMIC_ET_Rsh_an_ct2,original raw CSV column (numeric predictor),yes,,included,,OHMIC,527,1
OHMIC_ET_sh_GA142,original raw CSV column (numeric predictor),yes,,included,,OHMIC,928,1
SIN_ET_lkg_SY07_10,original raw CSV column (numeric predictor),yes,,included,,SIN,817,72
SIN_ET_lkg_SY8_80,original raw CSV column (numeric predictor),yes,,included,,SIN,817,72
SIN_ET_Probe_Number,original raw CSV column (numeric predictor),yes,,included,,SIN,89,1
SIN_ET_TR_1F,original raw CSV column (numeric predictor),yes,,included,,SIN,635,1
SIN_ET_DC_PIV_Drain_Lag_Idss,original raw CSV column (numeric predictor),yes,,included,,SIN,557,199
SIN_ET_DC_PIV_Drain_Lag_Imax,original raw CSV column (numeric predictor),yes,,included,,SIN,557,199
SIN_ET_DC_PIV_Gate_Lag_Idss,original raw CSV column (numeric predictor),yes,,included,,SIN,557,199
SIN_ET_DC_PIV_Gate_Lag_Imax,original raw CSV column (numeric predictor),yes,,included,,SIN,557,199
SIN_ET_DC_PIV_Idss_QP1,original raw CSV column (numeric predictor),yes,,included,,SIN,557,199
SIN_ET_DC_PIV_Idss_QP2,original raw CSV column (numeric predictor),yes,,included,,SIN,557,199
SIN_ET_DC_PIV_Idss_QP3,original raw CSV column (numeric predictor),yes,,included,,SIN,557,199
SIN_ET_DC_PIV_Imax_QP1,original raw CSV column (numeric predictor),yes,,included,,SIN,557,199
SIN_ET_DC_PIV_Imax_QP2,original raw CSV column (numeric predictor),yes,,included,,SIN,557,199
SIN_ET_DC_PIV_Imax_QP3,original raw CSV column (numeric predictor),yes,,included,,SIN,557,199
SIN_ET_DC_RF_Gm_0,original raw CSV column (numeric predictor),yes,,included,,SIN,557,199
SIN_ET_DC_RF_Gm_m0p2,original raw CSV column (numeric predictor),yes,,included,,SIN,557,199
SIN_ET_DC_RF_Gm_max,original raw CSV column (numeric predictor),yes,,included,,SIN,557,199
SIN_ET_DC_RF_Id_gm_max,original raw CSV column (numeric predictor),yes,,included,,SIN,557,199
SIN_ET_DC_RF_Ids_m0p2,original raw CSV column (numeric predictor),yes,,included,,SIN,721,1
SIN_ET_DC_RF_Idss,original raw CSV column (numeric predictor),yes,,included,,SIN,557,199
SIN_ET_DC_RF_Imax,original raw CSV column (numeric predictor),yes,,included,,SIN,557,199
SIN_ET_DC_RF_n_gd,original raw CSV column (numeric predictor),yes,,included,,SIN,593,1
SIN_ET_DC_RF_n_gs,original raw CSV column (numeric predictor),yes,,included,,SIN,403,1
SIN_ET_DC_RF_Vbgd_0p01,original raw CSV column (numeric predictor),yes,,included,,SIN,766,1
SIN_ET_DC_RF_Vbgd_0p1,original raw CSV column (numeric predictor),yes,,included,,SIN,789,1
SIN_ET_DC_RF_Vbgd1,original raw CSV column (numeric predictor),yes,,included,,SIN,773,1
SIN_ET_DC_RF_Vbgs_0p01,original raw CSV column (numeric predictor),yes,,included,,SIN,776,1
SIN_ET_DC_RF_Vbgs_0p1,original raw CSV column (numeric predictor),yes,,included,,SIN,786,1
SIN_ET_DC_RF_Vbgs1,original raw CSV column (numeric predictor),yes,,included,,SIN,787,1
SIN_ET_DC_RF_Vbin_gd,original raw CSV column (numeric predictor),yes,,included,,SIN,809,1
SIN_ET_DC_RF_Vbin_gs,original raw CSV column (numeric predictor),yes,,included,,SIN,796,1
SIN_ET_DC_RF_Vboff,original raw CSV column (numeric predictor),yes,,included,,SIN,741,1
SIN_ET_DC_RF_Vdg_max,original raw CSV column (numeric predictor),yes,,included,,SIN,547,1
SIN_ET_DC_RF_Vdg_max_0p1,original raw CSV column (numeric predictor),yes,,included,,SIN,923,1
SIN_ET_DC_RF_Vdg_max_0p1mA,original raw CSV column (numeric predictor),yes,,included,,SIN,343,1
SIN_ET_DC_RF_Vds_max,original raw CSV column (numeric predictor),yes,,included,,SIN,653,1
SIN_ET_DC_RF_Vds_max_0p1,original raw CSV column (numeric predictor),yes,,included,,SIN,69,1
SIN_ET_DC_RF_Vds_max_0p1mA,original raw CSV column (numeric predictor),yes,,included,,SIN,327,1
SIN_ET_DC_RF_Vg_gm_max,original raw CSV column (numeric predictor),yes,,included,,SIN,557,199
SIN_ET_DC_RF_Vg_max_Vd,original raw CSV column (numeric predictor),yes,,included,,SIN,331,1
SIN_ET_DC_RF_Vg_max_Vd_0p1,original raw CSV column (numeric predictor),yes,,included,,SIN,685,1
SIN_ET_DC_RF_Vg_max_Vd_0p1mA,original raw CSV column (numeric predictor),yes,,included,,SIN,234,1
SIN_ET_DC_RF_Vg_optt,original raw CSV column (numeric predictor),yes,,included,,SIN,729,1
SIN_ET_DC_RF_Vg_optt1,original raw CSV column (numeric predictor),yes,,included,,SIN,433,1
SIN_ET_DC_RF_Vg_optt2,original raw CSV column (numeric predictor),yes,,included,,SIN,13,1
SIN_ET_DC_RF_Vg_optt3,original raw CSV column (numeric predictor),yes,,included,,SIN,405,1
SIN_ET_DC_RF_Vp_01,original raw CSV column (numeric predictor),yes,,included,,SIN,557,199
SIN_ET_DC_RF_Vp_1,original raw CSV column (numeric predictor),yes,,included,,SIN,557,199
SIN_ET_DC_RF_Vt_gd,original raw CSV column (numeric predictor),yes,,included,,SIN,30,1
SIN_ET_DC_RF_Vt_gs,original raw CSV column (numeric predictor),yes,,included,,SIN,846,1
SIN_GATE_ET_I_5,original raw CSV column (numeric predictor),yes,,included,,SIN_GATE,917,1
SIN_GATE_ET_lkg_5,original raw CSV column (numeric predictor),yes,,included,,SIN_GATE,817,72
SIN_GATE_ET_lkg_SY07_10,original raw CSV column (numeric predictor),yes,,included,,SIN_GATE,817,72
SIN_GATE_ET_lkg_SY8_80,original raw CSV column (numeric predictor),yes,,included,,SIN_GATE,817,72
SIN_GATE_ET_OHMC,original raw CSV column (numeric predictor),yes,,included,,SIN_GATE,716,1
SIN_GATE_ET_OHMC_GN,original raw CSV column (numeric predictor),yes,,included,,SIN_GATE,863,1
SIN_GATE_ET_OHMIC_conc,original raw CSV column (numeric predictor),yes,,included,,SIN_GATE,956,1
SIN_GATE_ET_Probe_Number,original raw CSV column (numeric predictor),yes,,included,,SIN_GATE,27,1
SIN_GATE_ET_R114,original raw CSV column (numeric predictor),yes,,included,,SIN_GATE,871,1
SIN_GATE_ET_R214,original raw CSV column (numeric predictor),yes,,included,,SIN_GATE,633,1
SIN_GATE_ET_R314,original raw CSV column (numeric predictor),yes,,included,,SIN_GATE,461,1
SIN_GATE_ET_R414,original raw CSV column (numeric predictor),yes,,included,,SIN_GATE,654,1
SIN_GATE_ET_R514,original raw CSV column (numeric predictor),yes,,included,,SIN_GATE,378,1
SIN_GATE_ET_Ran_con_1,original raw CSV column (numeric predictor),yes,,included,,SIN_GATE,907,1
SIN_GATE_ET_Ran_con_2,original raw CSV column (numeric predictor),yes,,included,,SIN_GATE,958,1
SIN_GATE_ET_Ran_con_3,original raw CSV column (numeric predictor),yes,,included,,SIN_GATE,902,1
SIN_GATE_ET_Rc_an_ct2,original raw CSV column (numeric predictor),yes,,included,,SIN_GATE,520,52
SIN_GATE_ET_Rc_OG142_GN,original raw CSV column (numeric predictor),yes,,included,,SIN_GATE,520,52
SIN_GATE_ET_Rc_OG144,original raw CSV column (numeric predictor),yes,,included,,SIN_GATE,520,52
SIN_GATE_ET_RGAN1,original raw CSV column (numeric predictor),yes,,included,,SIN_GATE,8,1
SIN_GATE_ET_RGAN2,original raw CSV column (numeric predictor),yes,,included,,SIN_GATE,895,1
SIN_GATE_ET_RGAN3,original raw CSV column (numeric predictor),yes,,included,,SIN_GATE,848,1
SIN_GATE_ET_Rsh_an_ct2,original raw CSV column (numeric predictor),yes,,included,,SIN_GATE,538,1
SIN_GATE_ET_sh_GA142_GN,original raw CSV column (numeric predictor),yes,,included,,SIN_GATE,598,1
SIN_GATE_ET_sh_GA144,original raw CSV column (numeric predictor),yes,,included,,SIN_GATE,414,1
SIN_GATE_ET_TR_1F,original raw CSV column (numeric predictor),yes,,included,,SIN_GATE,468,1
TFRP_ET_Probe_Number,original raw CSV column (numeric predictor),yes,,included,,TFRP,81,1
TFRP_ET_Rc_TF_AB_2,original raw CSV column (numeric predictor),yes,,included,,TFRP,520,52
TFRP_ET_Rsh_TFR2,original raw CSV column (numeric predictor),yes,,included,,TFRP,510,1
TFRP_ET_TF_AB_1,original raw CSV column (numeric predictor),yes,,included,,TFRP,720,1
TFRP_ET_TF_AB_2,original raw CSV column (numeric predictor),yes,,included,,TFRP,861,1
TFRP_ET_TF_AB_3,original raw CSV column (numeric predictor),yes,,included,,TFRP,865,1
TFRP_ET_TFRP,original raw CSV column (numeric predictor),yes,,included,,TFRP,438,1
THIN_ET_C_AN_2,original raw CSV column (numeric predictor),yes,,included,,THIN,6,1
THIN_ET_C_AN_2_OW_CR,original raw CSV column (numeric predictor),yes,,included,,THIN,188,1
THIN_ET_C_CAT_2,original raw CSV column (numeric predictor),yes,,included,,THIN,900,1
THIN_ET_C_CAT_2_OW_ST,original raw CSV column (numeric predictor),yes,,included,,THIN,185,1
THIN_ET_C100,original raw CSV column (numeric predictor),yes,,included,,THIN,349,82
THIN_ET_C20,original raw CSV column (numeric predictor),yes,,included,,THIN,735,1
THIN_ET_C20_0,original raw CSV column (numeric predictor),yes,,included,,THIN,422,1
THIN_ET_C200,original raw CSV column (numeric predictor),yes,,included,,THIN,349,82
THIN_ET_C200_0,original raw CSV column (numeric predictor),yes,,included,,THIN,349,82
THIN_ET_C300,original raw CSV column (numeric predictor),yes,,included,,THIN,349,82
THIN_ET_C300_0,original raw CSV column (numeric predictor),yes,,included,,THIN,349,82
THIN_ET_Cap_C300,original raw CSV column (numeric predictor),yes,,included,,THIN,349,82
THIN_ET_Cap20,original raw CSV column (numeric predictor),yes,,included,,THIN,349,82
THIN_ET_Er,original raw CSV column (numeric predictor),yes,,included,,THIN,140,1
THIN_ET_F_AB,original raw CSV column (numeric predictor),yes,,included,,THIN,850,1
THIN_ET_HIRS,original raw CSV column (numeric predictor),yes,,included,,THIN,456,1
THIN_ET_i5021_1,original raw CSV column (numeric predictor),yes,,included,,THIN,231,1
THIN_ET_i5021_2,original raw CSV column (numeric predictor),yes,,included,,THIN,216,1
THIN_ET_i5021_3,original raw CSV column (numeric predictor),yes,,included,,THIN,674,1
THIN_ET_KLV_F_AB_4u,original raw CSV column (numeric predictor),yes,,included,,THIN,714,1
THIN_ET_lkg_10,original raw CSV column (numeric predictor),yes,,included,,THIN,817,72
THIN_ET_lkg_100_at20V,original raw CSV column (numeric predictor),yes,,included,,THIN,817,72
THIN_ET_lkg_5,original raw CSV column (numeric predictor),yes,,included,,THIN,817,72
THIN_ET_lkg_50_at20V,original raw CSV column (numeric predictor),yes,,included,,THIN,817,72
THIN_ET_lkg_70_at20V,original raw CSV column (numeric predictor),yes,,included,,THIN,817,72
THIN_ET_lkg_C20,original raw CSV column (numeric predictor),yes,,included,,THIN,817,72
THIN_ET_lkg_C200,original raw CSV column (numeric predictor),yes,,included,,THIN,817,72
THIN_ET_lkg_C300,original raw CSV column (numeric predictor),yes,,included,,THIN,817,72
THIN_ET_lkg_PAD_10,original raw CSV column (numeric predictor),yes,,included,,THIN,817,72
THIN_ET_OHMC,original raw CSV column (numeric predictor),yes,,included,,THIN,24,1
THIN_ET_Probe_Number,original raw CSV column (numeric predictor),yes,,included,,THIN,44,1
THIN_ET_R_400_HOR,original raw CSV column (numeric predictor),yes,,included,,THIN,875,1
THIN_ET_R_400_VER,original raw CSV column (numeric predictor),yes,,included,,THIN,971,1
THIN_ET_R_4000_HOR,original raw CSV column (numeric predictor),yes,,included,,THIN,91,1
THIN_ET_R_4000_VER,original raw CSV column (numeric predictor),yes,,included,,THIN,480,1
THIN_ET_R_660_HOR,original raw CSV column (numeric predictor),yes,,included,,THIN,424,1
THIN_ET_R_660_VER,original raw CSV column (numeric predictor),yes,,included,,THIN,932,1
THIN_ET_R_f_hr_1,original raw CSV column (numeric predictor),yes,,included,,THIN,949,1
THIN_ET_R_f_hr_2,original raw CSV column (numeric predictor),yes,,included,,THIN,704,1
THIN_ET_R_f_hr_3,original raw CSV column (numeric predictor),yes,,included,,THIN,968,1
THIN_ET_R_f_tn_1,original raw CSV column (numeric predictor),yes,,included,,THIN,112,1
THIN_ET_R_f_tn_2,original raw CSV column (numeric predictor),yes,,included,,THIN,849,1
THIN_ET_R_f_tn_3,original raw CSV column (numeric predictor),yes,,included,,THIN,619,1
THIN_ET_R114,original raw CSV column (numeric predictor),yes,,included,,THIN,163,1
THIN_ET_R214,original raw CSV column (numeric predictor),yes,,included,,THIN,896,1
THIN_ET_R314,original raw CSV column (numeric predictor),yes,,included,,THIN,219,1
THIN_ET_Ran_con_1,original raw CSV column (numeric predictor),yes,,included,,THIN,680,1
THIN_ET_Ran_con_1_OW_CR,original raw CSV column (numeric predictor),yes,,included,,THIN,409,1
THIN_ET_Ran_con_2,original raw CSV column (numeric predictor),yes,,included,,THIN,648,1
THIN_ET_Ran_con_2_OW_CR,original raw CSV column (numeric predictor),yes,,included,,THIN,650,1
THIN_ET_Ran_con_3,original raw CSV column (numeric predictor),yes,,included,,THIN,888,1
THIN_ET_Ran_con_3_OW_CR,original raw CSV column (numeric predictor),yes,,included,,THIN,670,1
THIN_ET_Rc_an_ct2,original raw CSV column (numeric predictor),yes,,included,,THIN,520,52
THIN_ET_Rc_an_ct2_OW_CR,original raw CSV column (numeric predictor),yes,,included,,THIN,520,52
THIN_ET_Rc_cat_ct2,original raw CSV column (numeric predictor),yes,,included,,THIN,520,52
THIN_ET_Rc_cat_ct2_OW_ST,original raw CSV column (numeric predictor),yes,,included,,THIN,520,52
THIN_ET_Rc_F_AB_2,original raw CSV column (numeric predictor),yes,,included,,THIN,520,52
THIN_ET_Rc_f_hr_23,original raw CSV column (numeric predictor),yes,,included,,THIN,520,52
THIN_ET_Rc_f_tn_23,original raw CSV column (numeric predictor),yes,,included,,THIN,521,1
THIN_ET_Rc_OG142,original raw CSV column (numeric predictor),yes,,included,,THIN,518,4
THIN_ET_Rc_TF_AB_2,original raw CSV column (numeric predictor),yes,,included,,THIN,520,52
THIN_ET_Rcat_cn_1,original raw CSV column (numeric predictor),yes,,included,,THIN,520,52
THIN_ET_Rcat_cn_1_OW_ST,original raw CSV column (numeric predictor),yes,,included,,THIN,517,2
THIN_ET_Rcat_cn_2,original raw CSV column (numeric predictor),yes,,included,,THIN,518,4
THIN_ET_Rcat_cn_2_OW_ST,original raw CSV column (numeric predictor),yes,,included,,THIN,520,52
THIN_ET_Rcat_cn_3,original raw CSV column (numeric predictor),yes,,included,,THIN,518,4
THIN_ET_Rcat_cn_3_OW_ST,original raw CSV column (numeric predictor),yes,,included,,THIN,520,52
THIN_ET_Rsh_an_ct2,original raw CSV column (numeric predictor),yes,,included,,THIN,533,1
THIN_ET_Rsh_an_ct2_OW_CR,original raw CSV column (numeric predictor),yes,,included,,THIN,535,1
THIN_ET_Rsh_cat_c2,original raw CSV column (numeric predictor),yes,,included,,THIN,528,1
THIN_ET_Rsh_cat_c2_OW_ST,original raw CSV column (numeric predictor),yes,,included,,THIN,524,1
THIN_ET_Rsh_F_AB_2,original raw CSV column (numeric predictor),yes,,included,,THIN,536,1
THIN_ET_Rsh_TF_AB2,original raw CSV column (numeric predictor),yes,,included,,THIN,516,1
THIN_ET_sh_f_hr_23,original raw CSV column (numeric predictor),yes,,included,,THIN,128,1
THIN_ET_sh_f_tn_23,original raw CSV column (numeric predictor),yes,,included,,THIN,554,1
THIN_ET_sh_GA142,original raw CSV column (numeric predictor),yes,,included,,THIN,462,1
THIN_ET_TANR,original raw CSV column (numeric predictor),yes,,included,,THIN,371,1
THIN_ET_TF_AB_1,original raw CSV column (numeric predictor),yes,,included,,THIN,43,1
THIN_ET_TF_AB_2,original raw CSV column (numeric predictor),yes,,included,,THIN,94,1
THIN_ET_TF_AB_3,original raw CSV column (numeric predictor),yes,,included,,THIN,911,1
THIN_ET_TFR_AB,original raw CSV column (numeric predictor),yes,,included,,THIN,589,1
THIN_ET_Vbpin,original raw CSV column (numeric predictor),yes,,included,,THIN,813,1
THIN_ET_Vbpin_D60,original raw CSV column (numeric predictor),yes,,included,,THIN,798,1
THIN_ET_Vk,original raw CSV column (numeric predictor),yes,,included,,THIN,915,1
THIN_ET_DC_RD_Vboff,original raw CSV column (numeric predictor),yes,,included,,THIN,847,1
THIN_ET_DC_RF_Gm_0,original raw CSV column (numeric predictor),yes,,included,,THIN,557,199
THIN_ET_DC_RF_Gm_m0p2,original raw CSV column (numeric predictor),yes,,included,,THIN,557,199
THIN_ET_DC_RF_Gm_max,original raw CSV column (numeric predictor),yes,,included,,THIN,557,199
THIN_ET_DC_RF_Id_gm_max,original raw CSV column (numeric predictor),yes,,included,,THIN,557,199
THIN_ET_DC_RF_Ids_m0p2,original raw CSV column (numeric predictor),yes,,included,,THIN,853,1
THIN_ET_DC_RF_Idss,original raw CSV column (numeric predictor),yes,,included,,THIN,557,199
THIN_ET_DC_RF_Imax,original raw CSV column (numeric predictor),yes,,included,,THIN,557,199
THIN_ET_DC_RF_n_gd,original raw CSV column (numeric predictor),yes,,included,,THIN,707,1
THIN_ET_DC_RF_n_gs,original raw CSV column (numeric predictor),yes,,included,,THIN,868,1
THIN_ET_DC_RF_Vbgd_0p01,original raw CSV column (numeric predictor),yes,,included,,THIN,774,1
THIN_ET_DC_RF_Vbgd_0p1,original raw CSV column (numeric predictor),yes,,included,,THIN,810,1
THIN_ET_DC_RF_Vbgd1,original raw CSV column (numeric predictor),yes,,included,,THIN,807,1
THIN_ET_DC_RF_Vbgs_0p01,original raw CSV column (numeric predictor),yes,,included,,THIN,812,1
THIN_ET_DC_RF_Vbgs_0p1,original raw CSV column (numeric predictor),yes,,included,,THIN,758,1
THIN_ET_DC_RF_Vbgs1,original raw CSV column (numeric predictor),yes,,included,,THIN,822,1
THIN_ET_DC_RF_Vbin_gd,original raw CSV column (numeric predictor),yes,,included,,THIN,806,1
THIN_ET_DC_RF_Vbin_gs,original raw CSV column (numeric predictor),yes,,included,,THIN,808,1
THIN_ET_DC_RF_Vdg_max,original raw CSV column (numeric predictor),yes,,included,,THIN,416,1
THIN_ET_DC_RF_Vdg_max_0p1mA,original raw CSV column (numeric predictor),yes,,included,,THIN,85,1
THIN_ET_DC_RF_Vds_max,original raw CSV column (numeric predictor),yes,,included,,THIN,965,1
THIN_ET_DC_RF_Vds_max_0p1mA,original raw CSV column (numeric predictor),yes,,included,,THIN,100,1
THIN_ET_DC_RF_Vg_gm_max,original raw CSV column (numeric predictor),yes,,included,,THIN,557,199
THIN_ET_DC_RF_Vg_max_Vd,original raw CSV column (numeric predictor),yes,,included,,THIN,671,1
THIN_ET_DC_RF_Vg_max_Vd_0p1mA,original raw CSV column (numeric predictor),yes,,included,,THIN,722,1
THIN_ET_DC_RF_Vg_optt1,original raw CSV column (numeric predictor),yes,,included,,THIN,420,1
THIN_ET_DC_RF_Vg_optt2,original raw CSV column (numeric predictor),yes,,included,,THIN,882,1
THIN_ET_DC_RF_Vg_optt3,original raw CSV column (numeric predictor),yes,,included,,THIN,83,1
THIN_ET_DC_RF_Vp_01,original raw CSV column (numeric predictor),yes,,included,,THIN,557,199
THIN_ET_DC_RF_Vp_1,original raw CSV column (numeric predictor),yes,,included,,THIN,557,199
THIN_ET_DC_RF_Vt_gd,original raw CSV column (numeric predictor),yes,,included,,THIN,664,1
THIN_ET_DC_RF_Vt_gs,original raw CSV column (numeric predictor),yes,,included,,THIN,839,1
TOPSIN_ET_ABVIETCH,original raw CSV column (numeric predictor),yes,,included,,TOPSIN,733,1
TOPSIN_ET_C100C175pf,original raw CSV column (numeric predictor),yes,,included,,TOPSIN,349,82
TOPSIN_ET_C100C300pf,original raw CSV column (numeric predictor),yes,,included,,TOPSIN,349,82
TOPSIN_ET_C100C385pf,original raw CSV column (numeric predictor),yes,,included,,TOPSIN,349,82
TOPSIN_ET_C100C450pf,original raw CSV column (numeric predictor),yes,,included,,TOPSIN,349,82
TOPSIN_ET_C100C500pf,original raw CSV column (numeric predictor),yes,,included,,TOPSIN,349,82
TOPSIN_ET_C100Cap1pf,original raw CSV column (numeric predictor),yes,,included,,TOPSIN,349,82
TOPSIN_ET_C100Cap2pf,original raw CSV column (numeric predictor),yes,,included,,TOPSIN,349,82
TOPSIN_ET_C100Cap3pf,original raw CSV column (numeric predictor),yes,,included,,TOPSIN,349,82
TOPSIN_ET_C100CapFICBRGM,original raw CSV column (numeric predictor),yes,,included,,TOPSIN,557,199
TOPSIN_ET_C100CapFICM1,original raw CSV column (numeric predictor),yes,,included,,TOPSIN,349,82
TOPSIN_ET_C100CapM1BRGM,original raw CSV column (numeric predictor),yes,,included,,TOPSIN,557,199
TOPSIN_ET_C100CapPARCAP,original raw CSV column (numeric predictor),yes,,included,,TOPSIN,520,52
TOPSIN_ET_C100CapUSV,original raw CSV column (numeric predictor),yes,,included,,TOPSIN,349,82
TOPSIN_ET_C175pf,original raw CSV column (numeric predictor),yes,,included,,TOPSIN,217,1
TOPSIN_ET_C175pf_0,original raw CSV column (numeric predictor),yes,,included,,TOPSIN,828,1
TOPSIN_ET_C300,original raw CSV column (numeric predictor),yes,,included,,TOPSIN,349,82
TOPSIN_ET_C300_0,original raw CSV column (numeric predictor),yes,,included,,TOPSIN,349,82
TOPSIN_ET_C300pf,original raw CSV column (numeric predictor),yes,,included,,TOPSIN,349,82
TOPSIN_ET_C300pf_0,original raw CSV column (numeric predictor),yes,,included,,TOPSIN,349,82
TOPSIN_ET_C385pf,original raw CSV column (numeric predictor),yes,,included,,TOPSIN,851,1
TOPSIN_ET_C385pf_0,original raw CSV column (numeric predictor),yes,,included,,TOPSIN,974,1
TOPSIN_ET_C450pf,original raw CSV column (numeric predictor),yes,,included,,TOPSIN,552,1
TOPSIN_ET_C450pf_0,original raw CSV column (numeric predictor),yes,,included,,TOPSIN,891,1
TOPSIN_ET_C500pf,original raw CSV column (numeric predictor),yes,,included,,TOPSIN,64,1
TOPSIN_ET_C500pf_0,original raw CSV column (numeric predictor),yes,,included,,TOPSIN,495,1
TOPSIN_ET_Cap_C300,original raw CSV column (numeric predictor),yes,,included,,TOPSIN,349,82
TOPSIN_ET_Cap_USV,original raw CSV column (numeric predictor),yes,,included,,TOPSIN,349,82
TOPSIN_ET_Cap1pf,original raw CSV column (numeric predictor),yes,,included,,TOPSIN,349,82
TOPSIN_ET_Cap1pf_0,original raw CSV column (numeric predictor),yes,,included,,TOPSIN,349,82
TOPSIN_ET_Cap2pf,original raw CSV column (numeric predictor),yes,,included,,TOPSIN,349,82
TOPSIN_ET_Cap2pf_0,original raw CSV column (numeric predictor),yes,,included,,TOPSIN,349,82
TOPSIN_ET_Cap3pf,original raw CSV column (numeric predictor),yes,,included,,TOPSIN,349,82
TOPSIN_ET_Cap3pf_0,original raw CSV column (numeric predictor),yes,,included,,TOPSIN,349,82
TOPSIN_ET_CapFICBRGM,original raw CSV column (numeric predictor),yes,,included,,TOPSIN,557,199
TOPSIN_ET_CapFICBRGM_0,original raw CSV column (numeric predictor),yes,,included,,TOPSIN,557,199
TOPSIN_ET_CapFICM1,original raw CSV column (numeric predictor),yes,,included,,TOPSIN,349,82
TOPSIN_ET_CapFICM1_0,original raw CSV column (numeric predictor),yes,,included,,TOPSIN,349,82
TOPSIN_ET_CapM1BRGM,original raw CSV column (numeric predictor),yes,,included,,TOPSIN,557,199
TOPSIN_ET_CapM1BRGM_0,original raw CSV column (numeric predictor),yes,,included,,TOPSIN,557,199
TOPSIN_ET_CapPARCAP,original raw CSV column (numeric predictor),yes,,included,,TOPSIN,520,52
TOPSIN_ET_CapPARCAP_0,original raw CSV column (numeric predictor),yes,,included,,TOPSIN,520,52
TOPSIN_ET_CapUSV_0,original raw CSV column (numeric predictor),yes,,included,,TOPSIN,349,82
TOPSIN_ET_G_per_6K,original raw CSV column (numeric predictor),yes,,included,,TOPSIN,987,1
TOPSIN_ET_G2_per_6K,original raw CSV column (numeric predictor),yes,,included,,TOPSIN,644,1
TOPSIN_ET_Gate_res,original raw CSV column (numeric predictor),yes,,included,,TOPSIN,248,1
TOPSIN_ET_GC_Igs,original raw CSV column (numeric predictor),yes,,included,,TOPSIN,870,1
TOPSIN_ET_Gm_m2,original raw CSV column (numeric predictor),yes,,included,,TOPSIN,557,199
TOPSIN_ET_Gm_max,original raw CSV column (numeric predictor),yes,,included,,TOPSIN,557,199
TOPSIN_ET_HIRS,original raw CSV column (numeric predictor),yes,,included,,TOPSIN,101,1
TOPSIN_ET_I_5,original raw CSV column (numeric predictor),yes,,included,,TOPSIN,542,1
TOPSIN_ET_Ids_m2,original raw CSV column (numeric predictor),yes,,included,,TOPSIN,596,1
TOPSIN_ET_KLV_F_AB_4u,original raw CSV column (numeric predictor),yes,,included,,TOPSIN,586,1
TOPSIN_ET_KLV_F_AB_4u_FEMSO,original raw CSV column (numeric predictor),yes,,included,,TOPSIN,411,1
TOPSIN_ET_KLV_F_M1_4u,original raw CSV column (numeric predictor),yes,,included,,TOPSIN,662,1
TOPSIN_ET_lkg_5,original raw CSV column (numeric predictor),yes,,included,,TOPSIN,817,72
TOPSIN_ET_lkg_C175pf,original raw CSV column (numeric predictor),yes,,included,,TOPSIN,817,72
TOPSIN_ET_lkg_C300,original raw CSV column (numeric predictor),yes,,included,,TOPSIN,817,72
TOPSIN_ET_lkg_C300pf,original raw CSV column (numeric predictor),yes,,included,,TOPSIN,817,72
TOPSIN_ET_lkg_C385pf,original raw CSV column (numeric predictor),yes,,included,,TOPSIN,817,72
TOPSIN_ET_lkg_C450pf,original raw CSV column (numeric predictor),yes,,included,,TOPSIN,817,72
TOPSIN_ET_lkg_C500pf,original raw CSV column (numeric predictor),yes,,included,,TOPSIN,817,72
TOPSIN_ET_lkg_Cap_USV,original raw CSV column (numeric predictor),yes,,included,,TOPSIN,817,72
TOPSIN_ET_lkg_Cap1,original raw CSV column (numeric predictor),yes,,included,,TOPSIN,817,72
TOPSIN_ET_lkg_Cap2,original raw CSV column (numeric predictor),yes,,included,,TOPSIN,817,72
TOPSIN_ET_lkg_Cap3,original raw CSV column (numeric predictor),yes,,included,,TOPSIN,817,72
TOPSIN_ET_lkg_CapFICBRGM,original raw CSV column (numeric predictor),yes,,included,,TOPSIN,557,199
TOPSIN_ET_lkg_CapFICM1,original raw CSV column (numeric predictor),yes,,included,,TOPSIN,817,72
TOPSIN_ET_lkg_CapM1BRGM,original raw CSV column (numeric predictor),yes,,included,,TOPSIN,557,199
TOPSIN_ET_lkg_CapPARCAP,original raw CSV column (numeric predictor),yes,,included,,TOPSIN,817,72
TOPSIN_ET_lkg_SY07_10,original raw CSV column (numeric predictor),yes,,included,,TOPSIN,817,72
TOPSIN_ET_lkg_SY8_80,original raw CSV column (numeric predictor),yes,,included,,TOPSIN,817,72
TOPSIN_ET_OHMC,original raw CSV column (numeric predictor),yes,,included,,TOPSIN,181,1
TOPSIN_ET_OHMC_GN,original raw CSV column (numeric predictor),yes,,included,,TOPSIN,893,1
TOPSIN_ET_Probe_Number,original raw CSV column (numeric predictor),yes,,included,,TOPSIN,65,1
TOPSIN_ET_R_f_hr_1,original raw CSV column (numeric predictor),yes,,included,,TOPSIN,686,1
TOPSIN_ET_R_f_hr_2,original raw CSV column (numeric predictor),yes,,included,,TOPSIN,35,1
TOPSIN_ET_R_f_hr_3,original raw CSV column (numeric predictor),yes,,included,,TOPSIN,144,1
TOPSIN_ET_R_f_tn_1,original raw CSV column (numeric predictor),yes,,included,,TOPSIN,594,1
TOPSIN_ET_R_f_tn_2,original raw CSV column (numeric predictor),yes,,included,,TOPSIN,367,1
TOPSIN_ET_R_f_tn_3,original raw CSV column (numeric predictor),yes,,included,,TOPSIN,164,1
TOPSIN_ET_R114,original raw CSV column (numeric predictor),yes,,included,,TOPSIN,57,1
TOPSIN_ET_R214,original raw CSV column (numeric predictor),yes,,included,,TOPSIN,507,1
TOPSIN_ET_R314,original raw CSV column (numeric predictor),yes,,included,,TOPSIN,711,1
TOPSIN_ET_R414,original raw CSV column (numeric predictor),yes,,included,,TOPSIN,38,1
TOPSIN_ET_R514,original raw CSV column (numeric predictor),yes,,included,,TOPSIN,40,1
TOPSIN_ET_Rc_f_hr_23,original raw CSV column (numeric predictor),yes,,included,,TOPSIN,520,52
TOPSIN_ET_Rc_f_tn_23,original raw CSV column (numeric predictor),yes,,included,,TOPSIN,520,52
TOPSIN_ET_Rc_OG142_GN,original raw CSV column (numeric predictor),yes,,included,,TOPSIN,520,52
TOPSIN_ET_Rc_OG144,original raw CSV column (numeric predictor),yes,,included,,TOPSIN,520,52
TOPSIN_ET_RGAN1,original raw CSV column (numeric predictor),yes,,included,,TOPSIN,239,1
TOPSIN_ET_RGAN2,original raw CSV column (numeric predictor),yes,,included,,TOPSIN,138,1
TOPSIN_ET_RGAN3,original raw CSV column (numeric predictor),yes,,included,,TOPSIN,672,1
TOPSIN_ET_sh_f_hr_23,original raw CSV column (numeric predictor),yes,,included,,TOPSIN,103,1
TOPSIN_ET_sh_f_tn_23,original raw CSV column (numeric predictor),yes,,included,,TOPSIN,45,1
TOPSIN_ET_sh_GA142_GN,original raw CSV column (numeric predictor),yes,,included,,TOPSIN,113,1
TOPSIN_ET_sh_GA144,original raw CSV column (numeric predictor),yes,,included,,TOPSIN,440,1
TOPSIN_ET_TANR,original raw CSV column (numeric predictor),yes,,included,,TOPSIN,169,1
TOPSIN_ET_TR_1F,original raw CSV column (numeric predictor),yes,,included,,TOPSIN,328,1
TOPSIN_ET_Vdg_max,original raw CSV column (numeric predictor),yes,,included,,TOPSIN,894,1
TOPSIN_ET_Vds_max,original raw CSV column (numeric predictor),yes,,included,,TOPSIN,442,1
TOPSIN_ET_Vg_gm_max,original raw CSV column (numeric predictor),yes,,included,,TOPSIN,557,199
TOPSIN_ET_Vg_Vds_max,original raw CSV column (numeric predictor),yes,,included,,TOPSIN,460,1
TOPSIN_ET_Vp_1,original raw CSV column (numeric predictor),yes,,included,,TOPSIN,557,199
TOPSIN_ET_DC_PIV_Drain_Lag_0,original raw CSV column (numeric predictor),yes,,included,,TOPSIN,801,11
TOPSIN_ET_DC_PIV_Drain_Lag_1,original raw CSV column (numeric predictor),yes,,included,,TOPSIN,801,11
TOPSIN_ET_DC_PIV_Gate_Lag_0,original raw CSV column (numeric predictor),yes,,included,,TOPSIN,801,11
TOPSIN_ET_DC_PIV_Gate_Lag_1,original raw CSV column (numeric predictor),yes,,included,,TOPSIN,801,11
TOPSIN_ET_DC_PIV_Ids0_QP1,original raw CSV column (numeric predictor),yes,,included,,TOPSIN,682,1
TOPSIN_ET_DC_PIV_Ids0_QP2,original raw CSV column (numeric predictor),yes,,included,,TOPSIN,628,1
TOPSIN_ET_DC_PIV_Ids0_QP3,original raw CSV column (numeric predictor),yes,,included,,TOPSIN,244,1
TOPSIN_ET_DC_PIV_Ids1_QP1,original raw CSV column (numeric predictor),yes,,included,,TOPSIN,381,1
TOPSIN_ET_DC_PIV_Ids1_QP2,original raw CSV column (numeric predictor),yes,,included,,TOPSIN,652,1
TOPSIN_ET_DC_PIV_Ids1_QP3,original raw CSV column (numeric predictor),yes,,included,,TOPSIN,132,1
TOPSIN_ET_DC_RF_Gm_0,original raw CSV column (numeric predictor),yes,,included,,TOPSIN,557,199
TOPSIN_ET_DC_RF_Gm_m0p2,original raw CSV column (numeric predictor),yes,,included,,TOPSIN,557,199
TOPSIN_ET_DC_RF_Gm_max,original raw CSV column (numeric predictor),yes,,included,,TOPSIN,557,199
TOPSIN_ET_DC_RF_Id_gm_max,original raw CSV column (numeric predictor),yes,,included,,TOPSIN,557,199
TOPSIN_ET_DC_RF_Ids_m0p2,original raw CSV column (numeric predictor),yes,,included,,TOPSIN,946,1
TOPSIN_ET_DC_RF_Idss,original raw CSV column (numeric predictor),yes,,included,,TOPSIN,557,199
TOPSIN_ET_DC_RF_Imax,original raw CSV column (numeric predictor),yes,,included,,TOPSIN,557,199
TOPSIN_ET_DC_RF_n_gd,original raw CSV column (numeric predictor),yes,,included,,TOPSIN,752,1
TOPSIN_ET_DC_RF_n_gs,original raw CSV column (numeric predictor),yes,,included,,TOPSIN,186,1
TOPSIN_ET_DC_RF_Vbgd_0p01,original raw CSV column (numeric predictor),yes,,included,,TOPSIN,788,1
TOPSIN_ET_DC_RF_Vbgd_0p1,original raw CSV column (numeric predictor),yes,,included,,TOPSIN,772,1
TOPSIN_ET_DC_RF_Vbgd1,original raw CSV column (numeric predictor),yes,,included,,TOPSIN,756,1
TOPSIN_ET_DC_RF_Vbgs_0p01,original raw CSV column (numeric predictor),yes,,included,,TOPSIN,794,1
TOPSIN_ET_DC_RF_Vbgs_0p1,original raw CSV column (numeric predictor),yes,,included,,TOPSIN,791,1
TOPSIN_ET_DC_RF_Vbgs1,original raw CSV column (numeric predictor),yes,,included,,TOPSIN,770,1
TOPSIN_ET_DC_RF_Vbin_gd,original raw CSV column (numeric predictor),yes,,included,,TOPSIN,816,1
TOPSIN_ET_DC_RF_Vbin_gs,original raw CSV column (numeric predictor),yes,,included,,TOPSIN,792,1
TOPSIN_ET_DC_RF_Vboff,original raw CSV column (numeric predictor),yes,,included,,TOPSIN,930,1
TOPSIN_ET_DC_RF_Vdg_max,original raw CSV column (numeric predictor),yes,,included,,TOPSIN,543,1
TOPSIN_ET_DC_RF_Vdg_max_0p1,original raw CSV column (numeric predictor),yes,,included,,TOPSIN,960,1
TOPSIN_ET_DC_RF_Vds_max,original raw CSV column (numeric predictor),yes,,included,,TOPSIN,329,1
TOPSIN_ET_DC_RF_Vds_max_0p1,original raw CSV column (numeric predictor),yes,,included,,TOPSIN,702,1
TOPSIN_ET_DC_RF_Vg_gm_max,original raw CSV column (numeric predictor),yes,,included,,TOPSIN,557,199
TOPSIN_ET_DC_RF_Vg_max_Vd,original raw CSV column (numeric predictor),yes,,included,,TOPSIN,227,1
TOPSIN_ET_DC_RF_Vg_max_Vd_0p1,original raw CSV column (numeric predictor),yes,,included,,TOPSIN,710,1
TOPSIN_ET_DC_RF_Vg_optt,original raw CSV column (numeric predictor),yes,,included,,TOPSIN,751,1
TOPSIN_ET_DC_RF_Vp_01,original raw CSV column (numeric predictor),yes,,included,,TOPSIN,557,199
TOPSIN_ET_DC_RF_Vp_1,original raw CSV column (numeric predictor),yes,,included,,TOPSIN,557,199
TOPSIN_ET_DC_RF_Vt_gd,original raw CSV column (numeric predictor),yes,,included,,TOPSIN,889,1
TOPSIN_ET_DC_RF_Vt_gs,original raw CSV column (numeric predictor),yes,,included,,TOPSIN,712,1
TOPSIN_ET_DC_SMALL_Gm_0,original raw CSV column (numeric predictor),yes,,included,,TOPSIN,557,199
TOPSIN_ET_DC_SMALL_Gm_m0p2,original raw CSV column (numeric predictor),yes,,included,,TOPSIN,557,199
TOPSIN_ET_DC_SMALL_Gm_max,original raw CSV column (numeric predictor),yes,,included,,TOPSIN,557,199
TOPSIN_ET_DC_SMALL_Id_gm_max,original raw CSV column (numeric predictor),yes,,included,,TOPSIN,557,199
TOPSIN_ET_DC_SMALL_Ids_m0p2,original raw CSV column (numeric predictor),yes,,included,,TOPSIN,957,1
TOPSIN_ET_DC_SMALL_Idss,original raw CSV column (numeric predictor),yes,,included,,TOPSIN,557,199
TOPSIN_ET_DC_SMALL_Imax,original raw CSV column (numeric predictor),yes,,included,,TOPSIN,557,199
TOPSIN_ET_DC_SMALL_n_gd,original raw CSV column (numeric predictor),yes,,included,,TOPSIN,726,1
TOPSIN_ET_DC_SMALL_n_gs,original raw CSV column (numeric predictor),yes,,included,,TOPSIN,376,1
TOPSIN_ET_DC_SMALL_Vbgd_0p01,original raw CSV column (numeric predictor),yes,,included,,TOPSIN,763,1
TOPSIN_ET_DC_SMALL_Vbgd_0p1,original raw CSV column (numeric predictor),yes,,included,,TOPSIN,805,1
TOPSIN_ET_DC_SMALL_Vbgd1,original raw CSV column (numeric predictor),yes,,included,,TOPSIN,783,1
TOPSIN_ET_DC_SMALL_Vbgs_0p01,original raw CSV column (numeric predictor),yes,,included,,TOPSIN,815,1
TOPSIN_ET_DC_SMALL_Vbgs_0p1,original raw CSV column (numeric predictor),yes,,included,,TOPSIN,761,1
TOPSIN_ET_DC_SMALL_Vbgs1,original raw CSV column (numeric predictor),yes,,included,,TOPSIN,760,1
TOPSIN_ET_DC_SMALL_Vbin_gd,original raw CSV column (numeric predictor),yes,,included,,TOPSIN,764,1
TOPSIN_ET_DC_SMALL_Vbin_gs,original raw CSV column (numeric predictor),yes,,included,,TOPSIN,767,1
TOPSIN_ET_DC_SMALL_Vboff,original raw CSV column (numeric predictor),yes,,included,,TOPSIN,687,1
TOPSIN_ET_DC_SMALL_Vdg_max,original raw CSV column (numeric predictor),yes,,included,,TOPSIN,209,1
TOPSIN_ET_DC_SMALL_Vdg_max_0p1,original raw CSV column (numeric predictor),yes,,included,,TOPSIN,961,1
TOPSIN_ET_DC_SMALL_Vds_max,original raw CSV column (numeric predictor),yes,,included,,TOPSIN,123,1
TOPSIN_ET_DC_SMALL_Vds_max_0p1,original raw CSV column (numeric predictor),yes,,included,,TOPSIN,667,1
TOPSIN_ET_DC_SMALL_Vg_gm_max,original raw CSV column (numeric predictor),yes,,included,,TOPSIN,557,199
TOPSIN_ET_DC_SMALL_Vg_max_Vd,original raw CSV column (numeric predictor),yes,,included,,TOPSIN,124,1
TOPSIN_ET_DC_SMALL_Vg_max_Vd_0p1,original raw CSV column (numeric predictor),yes,,included,,TOPSIN,177,1
TOPSIN_ET_DC_SMALL_Vg_optt,original raw CSV column (numeric predictor),yes,,included,,TOPSIN,620,1
TOPSIN_ET_DC_SMALL_Vp_01,original raw CSV column (numeric predictor),yes,,included,,TOPSIN,557,199
TOPSIN_ET_DC_SMALL_Vp_1,original raw CSV column (numeric predictor),yes,,included,,TOPSIN,557,199
TOPSIN_ET_DC_SMALL_Vt_gd,original raw CSV column (numeric predictor),yes,,included,,TOPSIN,125,1
TOPSIN_ET_DC_SMALL_Vt_gs,original raw CSV column (numeric predictor),yes,,included,,TOPSIN,472,1
TOPSIN_ET_Load_Pull_Freq,original raw CSV column (numeric predictor),yes,,included,,TOPSIN,127,1
TOPSIN_ET_Load_Pull_Gain_comp_Last,original raw CSV column (numeric predictor),yes,,included,,TOPSIN,299,1
TOPSIN_ET_Load_Pull_GL_meas,original raw CSV column (numeric predictor),yes,,included,,TOPSIN,668,1
TOPSIN_ET_Load_Pull_GL_set,original raw CSV column (numeric predictor),yes,,included,,TOPSIN,339,1
TOPSIN_ET_Load_Pull_Gss,original raw CSV column (numeric predictor),yes,,included,,TOPSIN,909,1
TOPSIN_ET_Load_Pull_ID_comp_Last_mA,original raw CSV column (numeric predictor),yes,,included,,TOPSIN,383,1
TOPSIN_ET_Load_Pull_Id_ini,original raw CSV column (numeric predictor),yes,,included,,TOPSIN,494,1
TOPSIN_ET_Load_Pull_Id_ord,original raw CSV column (numeric predictor),yes,,included,,TOPSIN,63,1
TOPSIN_ET_Load_Pull_Id_SS,original raw CSV column (numeric predictor),yes,,included,,TOPSIN,458,1
TOPSIN_ET_Load_Pull_IG_comp_Last_uA,original raw CSV column (numeric predictor),yes,,included,,TOPSIN,20,1
TOPSIN_ET_Load_Pull_P.A.E_Last,original raw CSV column (numeric predictor),yes,,included,,TOPSIN,258,2
TOPSIN_ET_Load_Pull_PhL_meas,original raw CSV column (numeric predictor),yes,,included,,TOPSIN,372,1
TOPSIN_ET_Load_Pull_PhL_set,original raw CSV column (numeric predictor),yes,,included,,TOPSIN,549,1
TOPSIN_ET_Load_Pull_Pin_Cut,original raw CSV column (numeric predictor),yes,,included,,TOPSIN,621,1
TOPSIN_ET_Load_Pull_Pin_Last,original raw CSV column (numeric predictor),yes,,included,,TOPSIN,235,1
TOPSIN_ET_Load_Pull_Pout_Last,original raw CSV column (numeric predictor),yes,,included,,TOPSIN,250,1
TOPSIN_ET_Load_Pull_Pout_W_last,original raw CSV column (numeric predictor),yes,,included,,TOPSIN,251,1
TOPSIN_ET_Load_Pull_Pout_W_mm_last,original raw CSV column (numeric predictor),yes,,included,,TOPSIN,261,2
TOPSIN_ET_Load_Pull_Vg,original raw CSV column (numeric predictor),yes,,included,,TOPSIN,824,1
ABVIA_CD_AB_VIA_litho,original raw CSV column (numeric predictor),yes,,included,,ABVIA,562,1
ANODE_CD_Anode_CD_litho,original raw CSV column (numeric predictor),yes,,included,,ANODE,573,1
BFIC_Height_FIC_metal_thickness,original raw CSV column (numeric predictor),yes,,included,,BFIC,529,1
BMETAL1_Height_Metal1_metal_thickness,original raw CSV column (numeric predictor),yes,,included,,BMETAL1,512,1
BPLATE_Height_BPLATE_metal_thickness,original raw CSV column (numeric predictor),yes,,included,,BPLATE,511,1
BRGM_Cd_Litho_BRGM_litho_CD,original raw CSV column (numeric predictor),yes,,included,,BRGM,579,1
BRGM_Cd_Metal_BRGM_Final_metal_CD,original raw CSV column (numeric predictor),yes,,included,,BRGM,580,1
BRGM_Height2_BRGM_Height2,original raw CSV column (numeric predictor),yes,,included,,BRGM,483,1
BRGM_Height3_TOP_metal_thickness,original raw CSV column (numeric predictor),yes,,included,,BRGM,523,1
BRIDGE_METAL_CD_BRGM_Final_metal_CD,original raw CSV column (numeric predictor),yes,,included,,BRIDGE_METAL,558,1
BRIDGE_METAL_Height_Final_TOP_metal_thickness,original raw CSV column (numeric predictor),yes,,included,,BRIDGE,509,1
BRIDGE_METAL_Height2_BRGM_Height2,original raw CSV column (numeric predictor),yes,,included,,BRIDGE,591,1
CHRE_Ali_Litho_Channel_to_Ohmic_Alignment,original raw CSV column (numeric predictor),yes,,included,,CHRE,569,1
CHRE_CD_Channel_recess_CD,original raw CSV column (numeric predictor),yes,,included,,CHRE,575,1
CHRE_CD_2_Channel_recess_CD_Etch,original raw CSV column (numeric predictor),yes,,included,,CHRE,582,1
CHRE_ET_Ids_Channel_recess_current,original raw CSV column (numeric predictor),yes,,included,,CHRE,970,1
EBCR2_Ali_Litho_Gate_to_ohmic_alignment,original raw CSV column (numeric predictor),yes,,included,,EBCR2,570,1
EBCR2_CD_Gate_Leg_Length,original raw CSV column (numeric predictor),yes,,included,,EBCR2,557,199
EBCR2_CD_2_EBCR_cd_etch,original raw CSV column (numeric predictor),yes,,included,,EBCR2,576,1
EBCR2_ET_Ids_EBCR_recess_current,original raw CSV column (numeric predictor),yes,,included,,EBCR2,688,1
FIC_Height_FIC_metal_thickness,original raw CSV column (numeric predictor),yes,,included,,FIC,537,1
FIN_CD1_CD_PL_FIN,original raw CSV column (numeric predictor),yes,,included,,FIN_CD1,584,1
FIN_CD2_CD_etch_FIN,original raw CSV column (numeric predictor),yes,,included,,FIN_CD2,581,1
FIN_Etch_Hard_Bias,original raw CSV column (numeric predictor),yes,,included,,FIN,498,1
FIN_Etch_Soft_Bias,original raw CSV column (numeric predictor),yes,,included,,FIN,502,1
FIN_FIN_Alignment_FIN_to_ohmic_alignment,original raw CSV column (numeric predictor),yes,,included,,FIN,568,1
FMESA_Height_Fmesa_Height,original raw CSV column (numeric predictor),yes,,included,,FMESA,504,1
FP2_Height1_FP2_Height1,original raw CSV column (numeric predictor),yes,,included,,FP2,585,1
FP2_Height2_FP2_Height2,original raw CSV column (numeric predictor),yes,,included,,FP2,395,1
GATE1_Thickness1_Triple_E-beam_thickness,original raw CSV column (numeric predictor),yes,,included,,GATE1,356,1
GATE2_Ali_Litho_Gate_to_recess_alignment,original raw CSV column (numeric predictor),yes,,included,,GATE2,566,1
GATE2_Ali_Litho2_Gate_to_ohmic_alignment,original raw CSV column (numeric predictor),yes,,included,,GATE2,571,1
GATE2_CD_Gate_Leg_Length,original raw CSV column (numeric predictor),yes,,included,,GATE2,557,199
GATE2_CD_Gate_Win_Length,original raw CSV column (numeric predictor),yes,,included,,GATE2,563,1
GATE2_CD_310nm_Gate_Leg_Length,original raw CSV column (numeric predictor),yes,,included,,GATE2,564,1
GATE2_CD_310nm_Gate_Win_Length,original raw CSV column (numeric predictor),yes,,included,,GATE2,572,1
GATE2_CD_330nm_Gate_Leg_Length,original raw CSV column (numeric predictor),yes,,included,,GATE2,565,1
GATE2_CD_330nm_Gate_Win_Length,original raw CSV column (numeric predictor),yes,,included,,GATE2,577,1
GATE2_CD_358nm_Gate_Leg_Length,original raw CSV column (numeric predictor),yes,,included,,GATE2,583,1
GATE2_CD_358nm_Gate_Win_Length,original raw CSV column (numeric predictor),yes,,included,,GATE2,574,1
GATE2_CD_HPA_CB_Gate_Win_Length,original raw CSV column (numeric predictor),yes,,included,,GATE2,578,1
GATE2_ET_Ids2_Gate_recess_current,original raw CSV column (numeric predictor),yes,,included,,GATE2,58,1
GATE2_Thickness4_PMMA_PR_etch_thickness,original raw CSV column (numeric predictor),yes,,included,,GATE2,359,1
HIRS_M_Gauge_P_E_MoSi,original raw CSV column (numeric predictor),yes,,included,,HIRS,484,1
MESA_CD_Mesa_CD_Radius,original raw CSV column (numeric predictor),yes,,included,,MESA,559,1
MESA_Height_Mesa_Height,original raw CSV column (numeric predictor),yes,,included,,MESA,500,1
METAL1_Height_Metal1_metal_thickness,original raw CSV column (numeric predictor),yes,,included,,METAL1,513,1
OHMIC_CD_Ohmic_CD_litho,original raw CSV column (numeric predictor),yes,,included,,OHMIC,560,1
OHMIC_Thickness_SiN_Thickness,original raw CSV column (numeric predictor),yes,,included,,OHMIC,349,82
SIN_Thickness_RefractiveIndex,original raw CSV column (numeric predictor),yes,,included,,SIN,364,1
SIN_Thickness_SiN_Thickness,original raw CSV column (numeric predictor),yes,,included,,SIN,351,1
SIN_Thickness1_RefractiveIndex,original raw CSV column (numeric predictor),yes,,included,,SIN,365,1
SIN_Thickness1_SiN_Thickness_1st,original raw CSV column (numeric predictor),yes,,included,,SIN,347,1
SIN_Thickness2_RefractiveIndex,original raw CSV column (numeric predictor),yes,,included,,SIN,363,1
SIN_Thickness2_SiN_Thickness,original raw CSV column (numeric predictor),yes,,included,,SIN,348,1
SIN_ThicknessGN2_RefractiveIndex,original raw CSV column (numeric predictor),yes,,included,,SIN,360,1
SIN_ThicknessGN2_SiN_Thickness,original raw CSV column (numeric predictor),yes,,included,,SIN,352,1
SIN_CAPACITOR_ThicknessGN1_RefractiveIndex,original raw CSV column (numeric predictor),yes,,included,,SIN_CAPACITOR,357,1
SIN_CAPACITOR_ThicknessGN1_SiN_Thickness,original raw CSV column (numeric predictor),yes,,included,,SIN_CAPACITOR,349,82
STREETS_Height_Backside_metal_thickness,original raw CSV column (numeric predictor),yes,,included,,STREETS,526,1
TANR_M_Gauge_P_E_TaN,original raw CSV column (numeric predictor),yes,,included,,TANR,418,1
TFRP_M_Gauge_P_E_Resistors,original raw CSV column (numeric predictor),yes,,included,,TFRP,4,1
THIN_Measure1_Glue_thickness,original raw CSV column (numeric predictor),yes,,included,,THIN,354,1
THIN_Measure1GN_Thickness_after_bonding,original raw CSV column (numeric predictor),yes,,included,,THIN_Measure1GN,353,1
THIN_Measure2_Thickness_after_grinding,original raw CSV column (numeric predictor),yes,,included,,THIN_Measure2,501,1
THIN_Measure2GN_Thickness_after_grinding,original raw CSV column (numeric predictor),yes,,included,,THIN_Measure2GN,499,1
THIN_Measure3GN_Thickness_after_etchback,original raw CSV column (numeric predictor),yes,,included,,THIN_Measure3GN,358,1
THIN_Measure4_Wafer_thickness_final,original raw CSV column (numeric predictor),yes,,included,,THIN,505,1
TOPSIN_ThicknessGN_RefractiveIndex,original raw CSV column (numeric predictor),yes,,included,,TOPSIN,361,1
TOPSIN_ThicknessGN_SiN_Thickness,original raw CSV column (numeric predictor),yes,,included,,TOPSIN,350,1
VIA_Etch_Via_etch_end_point_time,original raw CSV column (numeric predictor),yes,,included,,VIA,503,1
VIA_GaN_Height_Ni_height,original raw CSV column (numeric predictor),yes,,included,,VIA,482,1
VIA_GaN_Measure4GN_Final_GaN_thickness,original raw CSV column (numeric predictor),yes,,included,,VIA,355,1
WIN_CD_WIN_CD,original raw CSV column (numeric predictor),yes,,included,,WIN,561,1
WIN_WIN_Alignment_WIN_to_FIN_Alignment,original raw CSV column (numeric predictor),yes,,included,,WIN,567,1
STAGE_RANGE_C_AN_2,"engineered feature (derived, cross-stage)",no,ANODE_ET_C_AN_2; THIN_ET_C_AN_2,included,,ANODE+THIN,,
STAGE_STD_C_AN_2,"engineered feature (derived, cross-stage)",no,ANODE_ET_C_AN_2; THIN_ET_C_AN_2,included,,ANODE+THIN,,
STAGE_DELTA_C_AN_2_ANODE_minus_THIN,"engineered feature (derived, cross-stage)",no,ANODE_ET_C_AN_2; THIN_ET_C_AN_2,included,,ANODE+THIN,,
STAGE_RANGE_C_AN_2_OW_CR,"engineered feature (derived, cross-stage)",no,ANODE_ET_C_AN_2_OW_CR; THIN_ET_C_AN_2_OW_CR,included,,ANODE+THIN,,
STAGE_STD_C_AN_2_OW_CR,"engineered feature (derived, cross-stage)",no,ANODE_ET_C_AN_2_OW_CR; THIN_ET_C_AN_2_OW_CR,included,,ANODE+THIN,,
STAGE_DELTA_C_AN_2_OW_CR_ANODE_minus_THIN,"engineered feature (derived, cross-stage)",no,ANODE_ET_C_AN_2_OW_CR; THIN_ET_C_AN_2_OW_CR,included,,ANODE+THIN,,
STAGE_RANGE_Ran_con_1,"engineered feature (derived, cross-stage)",no,ANODE_ET_Ran_con_1; OHMIC_ET_Ran_con_1; THIN_ET_Ran_con_1,included,,ANODE+OHMIC+THIN,,
STAGE_STD_Ran_con_1,"engineered feature (derived, cross-stage)",no,ANODE_ET_Ran_con_1; OHMIC_ET_Ran_con_1; THIN_ET_Ran_con_1,included,,ANODE+OHMIC+THIN,,
STAGE_RANGE_Ran_con_1_OW_CR,"engineered feature (derived, cross-stage)",no,ANODE_ET_Ran_con_1_OW_CR; THIN_ET_Ran_con_1_OW_CR,included,,ANODE+THIN,,
STAGE_STD_Ran_con_1_OW_CR,"engineered feature (derived, cross-stage)",no,ANODE_ET_Ran_con_1_OW_CR; THIN_ET_Ran_con_1_OW_CR,included,,ANODE+THIN,,
STAGE_DELTA_Ran_con_1_OW_CR_ANODE_minus_THIN,"engineered feature (derived, cross-stage)",no,ANODE_ET_Ran_con_1_OW_CR; THIN_ET_Ran_con_1_OW_CR,included,,ANODE+THIN,,
STAGE_RANGE_Ran_con_2,"engineered feature (derived, cross-stage)",no,ANODE_ET_Ran_con_2; OHMIC_ET_Ran_con_2; THIN_ET_Ran_con_2,included,,ANODE+OHMIC+THIN,,
STAGE_STD_Ran_con_2,"engineered feature (derived, cross-stage)",no,ANODE_ET_Ran_con_2; OHMIC_ET_Ran_con_2; THIN_ET_Ran_con_2,included,,ANODE+OHMIC+THIN,,
STAGE_RANGE_Ran_con_2_OW_CR,"engineered feature (derived, cross-stage)",no,ANODE_ET_Ran_con_2_OW_CR; THIN_ET_Ran_con_2_OW_CR,included,,ANODE+THIN,,
STAGE_STD_Ran_con_2_OW_CR,"engineered feature (derived, cross-stage)",no,ANODE_ET_Ran_con_2_OW_CR; THIN_ET_Ran_con_2_OW_CR,included,,ANODE+THIN,,
STAGE_DELTA_Ran_con_2_OW_CR_ANODE_minus_THIN,"engineered feature (derived, cross-stage)",no,ANODE_ET_Ran_con_2_OW_CR; THIN_ET_Ran_con_2_OW_CR,included,,ANODE+THIN,,
STAGE_RANGE_Ran_con_3,"engineered feature (derived, cross-stage)",no,ANODE_ET_Ran_con_3; OHMIC_ET_Ran_con_3; THIN_ET_Ran_con_3,included,,ANODE+OHMIC+THIN,,
STAGE_STD_Ran_con_3,"engineered feature (derived, cross-stage)",no,ANODE_ET_Ran_con_3; OHMIC_ET_Ran_con_3; THIN_ET_Ran_con_3,included,,ANODE+OHMIC+THIN,,
STAGE_RANGE_Ran_con_3_OW_CR,"engineered feature (derived, cross-stage)",no,ANODE_ET_Ran_con_3_OW_CR; THIN_ET_Ran_con_3_OW_CR,included,,ANODE+THIN,,
STAGE_STD_Ran_con_3_OW_CR,"engineered feature (derived, cross-stage)",no,ANODE_ET_Ran_con_3_OW_CR; THIN_ET_Ran_con_3_OW_CR,included,,ANODE+THIN,,
STAGE_DELTA_Ran_con_3_OW_CR_ANODE_minus_THIN,"engineered feature (derived, cross-stage)",no,ANODE_ET_Ran_con_3_OW_CR; THIN_ET_Ran_con_3_OW_CR,included,,ANODE+THIN,,
STAGE_RANGE_Rc_an_ct2,"engineered feature (derived, cross-stage)",no,ANODE_ET_Rc_an_ct2; OHMIC_ET_Rc_an_ct2; THIN_ET_Rc_an_ct2,included,,ANODE+OHMIC+THIN,,
STAGE_STD_Rc_an_ct2,"engineered feature (derived, cross-stage)",no,ANODE_ET_Rc_an_ct2; OHMIC_ET_Rc_an_ct2; THIN_ET_Rc_an_ct2,included,,ANODE+OHMIC+THIN,,
STAGE_RANGE_Rc_an_ct2_OW_CR,"engineered feature (derived, cross-stage)",no,ANODE_ET_Rc_an_ct2_OW_CR; THIN_ET_Rc_an_ct2_OW_CR,included,,ANODE+THIN,,
STAGE_STD_Rc_an_ct2_OW_CR,"engineered feature (derived, cross-stage)",no,ANODE_ET_Rc_an_ct2_OW_CR; THIN_ET_Rc_an_ct2_OW_CR,included,,ANODE+THIN,,
STAGE_DELTA_Rc_an_ct2_OW_CR_ANODE_minus_THIN,"engineered feature (derived, cross-stage)",no,ANODE_ET_Rc_an_ct2_OW_CR; THIN_ET_Rc_an_ct2_OW_CR,included,,ANODE+THIN,,
STAGE_RANGE_Rsh_an_ct2,"engineered feature (derived, cross-stage)",no,ANODE_ET_Rsh_an_ct2; OHMIC_ET_Rsh_an_ct2; THIN_ET_Rsh_an_ct2,included,,ANODE+OHMIC+THIN,,
STAGE_STD_Rsh_an_ct2,"engineered feature (derived, cross-stage)",no,ANODE_ET_Rsh_an_ct2; OHMIC_ET_Rsh_an_ct2; THIN_ET_Rsh_an_ct2,included,,ANODE+OHMIC+THIN,,
STAGE_RANGE_Rsh_an_ct2_OW_CR,"engineered feature (derived, cross-stage)",no,ANODE_ET_Rsh_an_ct2_OW_CR; THIN_ET_Rsh_an_ct2_OW_CR,included,,ANODE+THIN,,
STAGE_STD_Rsh_an_ct2_OW_CR,"engineered feature (derived, cross-stage)",no,ANODE_ET_Rsh_an_ct2_OW_CR; THIN_ET_Rsh_an_ct2_OW_CR,included,,ANODE+THIN,,
STAGE_DELTA_Rsh_an_ct2_OW_CR_ANODE_minus_THIN,"engineered feature (derived, cross-stage)",no,ANODE_ET_Rsh_an_ct2_OW_CR; THIN_ET_Rsh_an_ct2_OW_CR,included,,ANODE+THIN,,
STAGE_RANGE_ABVIETCH,"engineered feature (derived, cross-stage)",no,BRGM_ET_ABVIETCH; TOPSIN_ET_ABVIETCH,included,,BRGM+TOPSIN,,
STAGE_STD_ABVIETCH,"engineered feature (derived, cross-stage)",no,BRGM_ET_ABVIETCH; TOPSIN_ET_ABVIETCH,included,,BRGM+TOPSIN,,
STAGE_DELTA_ABVIETCH_BRGM_minus_TOPSIN,"engineered feature (derived, cross-stage)",no,BRGM_ET_ABVIETCH; TOPSIN_ET_ABVIETCH,included,,BRGM+TOPSIN,,
STAGE_RANGE_C100,"engineered feature (derived, cross-stage)",no,BRGM_ET_C100; THIN_ET_C100,included,,BRGM+THIN,,
STAGE_STD_C100,"engineered feature (derived, cross-stage)",no,BRGM_ET_C100; THIN_ET_C100,included,,BRGM+THIN,,
STAGE_DELTA_C100_BRGM_minus_THIN,"engineered feature (derived, cross-stage)",no,BRGM_ET_C100; THIN_ET_C100,included,,BRGM+THIN,,
STAGE_RANGE_C200,"engineered feature (derived, cross-stage)",no,BRGM_ET_C200; THIN_ET_C200,included,,BRGM+THIN,,
STAGE_STD_C200,"engineered feature (derived, cross-stage)",no,BRGM_ET_C200; THIN_ET_C200,included,,BRGM+THIN,,
STAGE_DELTA_C200_BRGM_minus_THIN,"engineered feature (derived, cross-stage)",no,BRGM_ET_C200; THIN_ET_C200,included,,BRGM+THIN,,
STAGE_RANGE_C200_0,"engineered feature (derived, cross-stage)",no,BRGM_ET_C200_0; THIN_ET_C200_0,included,,BRGM+THIN,,
STAGE_STD_C200_0,"engineered feature (derived, cross-stage)",no,BRGM_ET_C200_0; THIN_ET_C200_0,included,,BRGM+THIN,,
STAGE_DELTA_C200_0_BRGM_minus_THIN,"engineered feature (derived, cross-stage)",no,BRGM_ET_C200_0; THIN_ET_C200_0,included,,BRGM+THIN,,
STAGE_RANGE_C300,"engineered feature (derived, cross-stage)",no,BRGM_ET_C300; THIN_ET_C300; TOPSIN_ET_C300,included,,BRGM+THIN+TOPSIN,,
STAGE_STD_C300,"engineered feature (derived, cross-stage)",no,BRGM_ET_C300; THIN_ET_C300; TOPSIN_ET_C300,included,,BRGM+THIN+TOPSIN,,
STAGE_RANGE_C300_0,"engineered feature (derived, cross-stage)",no,BRGM_ET_C300_0; THIN_ET_C300_0; TOPSIN_ET_C300_0,included,,BRGM+THIN+TOPSIN,,
STAGE_STD_C300_0,"engineered feature (derived, cross-stage)",no,BRGM_ET_C300_0; THIN_ET_C300_0; TOPSIN_ET_C300_0,included,,BRGM+THIN+TOPSIN,,
STAGE_RANGE_Cap_C300,"engineered feature (derived, cross-stage)",no,BRGM_ET_Cap_C300; THIN_ET_Cap_C300; TOPSIN_ET_Cap_C300,included,,BRGM+THIN+TOPSIN,,
STAGE_STD_Cap_C300,"engineered feature (derived, cross-stage)",no,BRGM_ET_Cap_C300; THIN_ET_Cap_C300; TOPSIN_ET_Cap_C300,included,,BRGM+THIN+TOPSIN,,
STAGE_RANGE_F_AB,"engineered feature (derived, cross-stage)",no,BRGM_ET_F_AB; THIN_ET_F_AB,included,,BRGM+THIN,,
STAGE_STD_F_AB,"engineered feature (derived, cross-stage)",no,BRGM_ET_F_AB; THIN_ET_F_AB,included,,BRGM+THIN,,
STAGE_DELTA_F_AB_BRGM_minus_THIN,"engineered feature (derived, cross-stage)",no,BRGM_ET_F_AB; THIN_ET_F_AB,included,,BRGM+THIN,,
STAGE_RANGE_i5021_1,"engineered feature (derived, cross-stage)",no,BRGM_ET_i5021_1; THIN_ET_i5021_1,included,,BRGM+THIN,,
STAGE_STD_i5021_1,"engineered feature (derived, cross-stage)",no,BRGM_ET_i5021_1; THIN_ET_i5021_1,included,,BRGM+THIN,,
STAGE_DELTA_i5021_1_BRGM_minus_THIN,"engineered feature (derived, cross-stage)",no,BRGM_ET_i5021_1; THIN_ET_i5021_1,included,,BRGM+THIN,,
STAGE_RANGE_i5021_2,"engineered feature (derived, cross-stage)",no,BRGM_ET_i5021_2; THIN_ET_i5021_2,included,,BRGM+THIN,,
STAGE_STD_i5021_2,"engineered feature (derived, cross-stage)",no,BRGM_ET_i5021_2; THIN_ET_i5021_2,included,,BRGM+THIN,,
STAGE_DELTA_i5021_2_BRGM_minus_THIN,"engineered feature (derived, cross-stage)",no,BRGM_ET_i5021_2; THIN_ET_i5021_2,included,,BRGM+THIN,,
STAGE_RANGE_i5021_3,"engineered feature (derived, cross-stage)",no,BRGM_ET_i5021_3; THIN_ET_i5021_3,included,,BRGM+THIN,,
STAGE_STD_i5021_3,"engineered feature (derived, cross-stage)",no,BRGM_ET_i5021_3; THIN_ET_i5021_3,included,,BRGM+THIN,,
STAGE_DELTA_i5021_3_BRGM_minus_THIN,"engineered feature (derived, cross-stage)",no,BRGM_ET_i5021_3; THIN_ET_i5021_3,included,,BRGM+THIN,,
STAGE_RANGE_KLV_F_AB_4u,"engineered feature (derived, cross-stage)",no,BRGM_ET_KLV_F_AB_4u; THIN_ET_KLV_F_AB_4u; TOPSIN_ET_KLV_F_AB_4u,included,,BRGM+THIN+TOPSIN,,
STAGE_STD_KLV_F_AB_4u,"engineered feature (derived, cross-stage)",no,BRGM_ET_KLV_F_AB_4u; THIN_ET_KLV_F_AB_4u; TOPSIN_ET_KLV_F_AB_4u,included,,BRGM+THIN+TOPSIN,,
STAGE_RANGE_KLV_F_M1_4u,"engineered feature (derived, cross-stage)",no,BRGM_ET_KLV_F_M1_4u; TOPSIN_ET_KLV_F_M1_4u,included,,BRGM+TOPSIN,,
STAGE_STD_KLV_F_M1_4u,"engineered feature (derived, cross-stage)",no,BRGM_ET_KLV_F_M1_4u; TOPSIN_ET_KLV_F_M1_4u,included,,BRGM+TOPSIN,,
STAGE_DELTA_KLV_F_M1_4u_BRGM_minus_TOPSIN,"engineered feature (derived, cross-stage)",no,BRGM_ET_KLV_F_M1_4u; TOPSIN_ET_KLV_F_M1_4u,included,,BRGM+TOPSIN,,
STAGE_RANGE_lkg_C200,"engineered feature (derived, cross-stage)",no,BRGM_ET_lkg_C200; THIN_ET_lkg_C200,included,,BRGM+THIN,,
STAGE_STD_lkg_C200,"engineered feature (derived, cross-stage)",no,BRGM_ET_lkg_C200; THIN_ET_lkg_C200,included,,BRGM+THIN,,
STAGE_DELTA_lkg_C200_BRGM_minus_THIN,"engineered feature (derived, cross-stage)",no,BRGM_ET_lkg_C200; THIN_ET_lkg_C200,included,,BRGM+THIN,,
STAGE_RANGE_lkg_C300,"engineered feature (derived, cross-stage)",no,BRGM_ET_lkg_C300; THIN_ET_lkg_C300; TOPSIN_ET_lkg_C300,included,,BRGM+THIN+TOPSIN,,
STAGE_STD_lkg_C300,"engineered feature (derived, cross-stage)",no,BRGM_ET_lkg_C300; THIN_ET_lkg_C300; TOPSIN_ET_lkg_C300,included,,BRGM+THIN+TOPSIN,,
STAGE_RANGE_lkg_SY07_10,"engineered feature (derived, cross-stage)",no,BRGM_ET_lkg_SY07_10; FIC_ET_lkg_SY07_10; SIN_ET_lkg_SY07_10; TOPSIN_ET_lkg_SY07_10,included,,BRGM+FIC+SIN+TOPSIN,,
STAGE_STD_lkg_SY07_10,"engineered feature (derived, cross-stage)",no,BRGM_ET_lkg_SY07_10; FIC_ET_lkg_SY07_10; SIN_ET_lkg_SY07_10; TOPSIN_ET_lkg_SY07_10,included,,BRGM+FIC+SIN+TOPSIN,,
STAGE_RANGE_lkg_SY8_80,"engineered feature (derived, cross-stage)",no,BRGM_ET_lkg_SY8_80; FIC_ET_lkg_SY8_80; SIN_ET_lkg_SY8_80; TOPSIN_ET_lkg_SY8_80,included,,BRGM+FIC+SIN+TOPSIN,,
STAGE_STD_lkg_SY8_80,"engineered feature (derived, cross-stage)",no,BRGM_ET_lkg_SY8_80; FIC_ET_lkg_SY8_80; SIN_ET_lkg_SY8_80; TOPSIN_ET_lkg_SY8_80,included,,BRGM+FIC+SIN+TOPSIN,,
STAGE_RANGE_Rc_F_AB_2,"engineered feature (derived, cross-stage)",no,BRGM_ET_Rc_F_AB_2; THIN_ET_Rc_F_AB_2,included,,BRGM+THIN,,
STAGE_STD_Rc_F_AB_2,"engineered feature (derived, cross-stage)",no,BRGM_ET_Rc_F_AB_2; THIN_ET_Rc_F_AB_2,included,,BRGM+THIN,,
STAGE_DELTA_Rc_F_AB_2_BRGM_minus_THIN,"engineered feature (derived, cross-stage)",no,BRGM_ET_Rc_F_AB_2; THIN_ET_Rc_F_AB_2,included,,BRGM+THIN,,
STAGE_RANGE_Rsh_F_AB_2,"engineered feature (derived, cross-stage)",no,BRGM_ET_Rsh_F_AB_2; THIN_ET_Rsh_F_AB_2,included,,BRGM+THIN,,
STAGE_STD_Rsh_F_AB_2,"engineered feature (derived, cross-stage)",no,BRGM_ET_Rsh_F_AB_2; THIN_ET_Rsh_F_AB_2,included,,BRGM+THIN,,
STAGE_DELTA_Rsh_F_AB_2_BRGM_minus_THIN,"engineered feature (derived, cross-stage)",no,BRGM_ET_Rsh_F_AB_2; THIN_ET_Rsh_F_AB_2,included,,BRGM+THIN,,
STAGE_RANGE_TR_1F,"engineered feature (derived, cross-stage)",no,BRGM_ET_TR_1F; FIC_ET_TR_1F; SIN_ET_TR_1F; TOPSIN_ET_TR_1F,included,,BRGM+FIC+SIN+TOPSIN,,
STAGE_STD_TR_1F,"engineered feature (derived, cross-stage)",no,BRGM_ET_TR_1F; FIC_ET_TR_1F; SIN_ET_TR_1F; TOPSIN_ET_TR_1F,included,,BRGM+FIC+SIN+TOPSIN,,
STAGE_RANGE_C_CAT_2,"engineered feature (derived, cross-stage)",no,CATHODE_ET_C_CAT_2; THIN_ET_C_CAT_2,included,,CATHODE+THIN,,
STAGE_STD_C_CAT_2,"engineered feature (derived, cross-stage)",no,CATHODE_ET_C_CAT_2; THIN_ET_C_CAT_2,included,,CATHODE+THIN,,
STAGE_DELTA_C_CAT_2_CATHODE_minus_THIN,"engineered feature (derived, cross-stage)",no,CATHODE_ET_C_CAT_2; THIN_ET_C_CAT_2,included,,CATHODE+THIN,,
STAGE_RANGE_C_CAT_2_OW_ST,"engineered feature (derived, cross-stage)",no,CATHODE_ET_C_CAT_2_OW_ST; THIN_ET_C_CAT_2_OW_ST,included,,CATHODE+THIN,,
STAGE_STD_C_CAT_2_OW_ST,"engineered feature (derived, cross-stage)",no,CATHODE_ET_C_CAT_2_OW_ST; THIN_ET_C_CAT_2_OW_ST,included,,CATHODE+THIN,,
STAGE_DELTA_C_CAT_2_OW_ST_CATHODE_minus_THIN,"engineered feature (derived, cross-stage)",no,CATHODE_ET_C_CAT_2_OW_ST; THIN_ET_C_CAT_2_OW_ST,included,,CATHODE+THIN,,
STAGE_RANGE_Rc_cat_ct2,"engineered feature (derived, cross-stage)",no,CATHODE_ET_Rc_cat_ct2; THIN_ET_Rc_cat_ct2,included,,CATHODE+THIN,,
STAGE_STD_Rc_cat_ct2,"engineered feature (derived, cross-stage)",no,CATHODE_ET_Rc_cat_ct2; THIN_ET_Rc_cat_ct2,included,,CATHODE+THIN,,
STAGE_DELTA_Rc_cat_ct2_CATHODE_minus_THIN,"engineered feature (derived, cross-stage)",no,CATHODE_ET_Rc_cat_ct2; THIN_ET_Rc_cat_ct2,included,,CATHODE+THIN,,
STAGE_RANGE_Rc_cat_ct2_OW_ST,"engineered feature (derived, cross-stage)",no,CATHODE_ET_Rc_cat_ct2_OW_ST; THIN_ET_Rc_cat_ct2_OW_ST,included,,CATHODE+THIN,,
STAGE_STD_Rc_cat_ct2_OW_ST,"engineered feature (derived, cross-stage)",no,CATHODE_ET_Rc_cat_ct2_OW_ST; THIN_ET_Rc_cat_ct2_OW_ST,included,,CATHODE+THIN,,
STAGE_DELTA_Rc_cat_ct2_OW_ST_CATHODE_minus_THIN,"engineered feature (derived, cross-stage)",no,CATHODE_ET_Rc_cat_ct2_OW_ST; THIN_ET_Rc_cat_ct2_OW_ST,included,,CATHODE+THIN,,
STAGE_RANGE_Rcat_cn_1,"engineered feature (derived, cross-stage)",no,CATHODE_ET_Rcat_cn_1; THIN_ET_Rcat_cn_1,included,,CATHODE+THIN,,
STAGE_STD_Rcat_cn_1,"engineered feature (derived, cross-stage)",no,CATHODE_ET_Rcat_cn_1; THIN_ET_Rcat_cn_1,included,,CATHODE+THIN,,
STAGE_DELTA_Rcat_cn_1_CATHODE_minus_THIN,"engineered feature (derived, cross-stage)",no,CATHODE_ET_Rcat_cn_1; THIN_ET_Rcat_cn_1,included,,CATHODE+THIN,,
STAGE_RANGE_Rcat_cn_1_OW_ST,"engineered feature (derived, cross-stage)",no,CATHODE_ET_Rcat_cn_1_OW_ST; THIN_ET_Rcat_cn_1_OW_ST,included,,CATHODE+THIN,,
STAGE_STD_Rcat_cn_1_OW_ST,"engineered feature (derived, cross-stage)",no,CATHODE_ET_Rcat_cn_1_OW_ST; THIN_ET_Rcat_cn_1_OW_ST,included,,CATHODE+THIN,,
STAGE_DELTA_Rcat_cn_1_OW_ST_CATHODE_minus_THIN,"engineered feature (derived, cross-stage)",no,CATHODE_ET_Rcat_cn_1_OW_ST; THIN_ET_Rcat_cn_1_OW_ST,included,,CATHODE+THIN,,
STAGE_RANGE_Rcat_cn_2,"engineered feature (derived, cross-stage)",no,CATHODE_ET_Rcat_cn_2; THIN_ET_Rcat_cn_2,included,,CATHODE+THIN,,
STAGE_STD_Rcat_cn_2,"engineered feature (derived, cross-stage)",no,CATHODE_ET_Rcat_cn_2; THIN_ET_Rcat_cn_2,included,,CATHODE+THIN,,
STAGE_DELTA_Rcat_cn_2_CATHODE_minus_THIN,"engineered feature (derived, cross-stage)",no,CATHODE_ET_Rcat_cn_2; THIN_ET_Rcat_cn_2,included,,CATHODE+THIN,,
STAGE_RANGE_Rcat_cn_2_OW_ST,"engineered feature (derived, cross-stage)",no,CATHODE_ET_Rcat_cn_2_OW_ST; THIN_ET_Rcat_cn_2_OW_ST,included,,CATHODE+THIN,,
STAGE_STD_Rcat_cn_2_OW_ST,"engineered feature (derived, cross-stage)",no,CATHODE_ET_Rcat_cn_2_OW_ST; THIN_ET_Rcat_cn_2_OW_ST,included,,CATHODE+THIN,,
STAGE_DELTA_Rcat_cn_2_OW_ST_CATHODE_minus_THIN,"engineered feature (derived, cross-stage)",no,CATHODE_ET_Rcat_cn_2_OW_ST; THIN_ET_Rcat_cn_2_OW_ST,included,,CATHODE+THIN,,
STAGE_RANGE_Rcat_cn_3,"engineered feature (derived, cross-stage)",no,CATHODE_ET_Rcat_cn_3; THIN_ET_Rcat_cn_3,included,,CATHODE+THIN,,
STAGE_STD_Rcat_cn_3,"engineered feature (derived, cross-stage)",no,CATHODE_ET_Rcat_cn_3; THIN_ET_Rcat_cn_3,included,,CATHODE+THIN,,
STAGE_DELTA_Rcat_cn_3_CATHODE_minus_THIN,"engineered feature (derived, cross-stage)",no,CATHODE_ET_Rcat_cn_3; THIN_ET_Rcat_cn_3,included,,CATHODE+THIN,,
STAGE_RANGE_Rcat_cn_3_OW_ST,"engineered feature (derived, cross-stage)",no,CATHODE_ET_Rcat_cn_3_OW_ST; THIN_ET_Rcat_cn_3_OW_ST,included,,CATHODE+THIN,,
STAGE_STD_Rcat_cn_3_OW_ST,"engineered feature (derived, cross-stage)",no,CATHODE_ET_Rcat_cn_3_OW_ST; THIN_ET_Rcat_cn_3_OW_ST,included,,CATHODE+THIN,,
STAGE_DELTA_Rcat_cn_3_OW_ST_CATHODE_minus_THIN,"engineered feature (derived, cross-stage)",no,CATHODE_ET_Rcat_cn_3_OW_ST; THIN_ET_Rcat_cn_3_OW_ST,included,,CATHODE+THIN,,
STAGE_RANGE_Rsh_cat_c2,"engineered feature (derived, cross-stage)",no,CATHODE_ET_Rsh_cat_c2; THIN_ET_Rsh_cat_c2,included,,CATHODE+THIN,,
STAGE_STD_Rsh_cat_c2,"engineered feature (derived, cross-stage)",no,CATHODE_ET_Rsh_cat_c2; THIN_ET_Rsh_cat_c2,included,,CATHODE+THIN,,
STAGE_DELTA_Rsh_cat_c2_CATHODE_minus_THIN,"engineered feature (derived, cross-stage)",no,CATHODE_ET_Rsh_cat_c2; THIN_ET_Rsh_cat_c2,included,,CATHODE+THIN,,
STAGE_RANGE_Rsh_cat_c2_OW_ST,"engineered feature (derived, cross-stage)",no,CATHODE_ET_Rsh_cat_c2_OW_ST; THIN_ET_Rsh_cat_c2_OW_ST,included,,CATHODE+THIN,,
STAGE_STD_Rsh_cat_c2_OW_ST,"engineered feature (derived, cross-stage)",no,CATHODE_ET_Rsh_cat_c2_OW_ST; THIN_ET_Rsh_cat_c2_OW_ST,included,,CATHODE+THIN,,
STAGE_DELTA_Rsh_cat_c2_OW_ST_CATHODE_minus_THIN,"engineered feature (derived, cross-stage)",no,CATHODE_ET_Rsh_cat_c2_OW_ST; THIN_ET_Rsh_cat_c2_OW_ST,included,,CATHODE+THIN,,
STAGE_RANGE_G_per_6K,"engineered feature (derived, cross-stage)",no,FIC_ET_G_per_6K; TOPSIN_ET_G_per_6K,included,,FIC+TOPSIN,,
STAGE_STD_G_per_6K,"engineered feature (derived, cross-stage)",no,FIC_ET_G_per_6K; TOPSIN_ET_G_per_6K,included,,FIC+TOPSIN,,
STAGE_DELTA_G_per_6K_FIC_minus_TOPSIN,"engineered feature (derived, cross-stage)",no,FIC_ET_G_per_6K; TOPSIN_ET_G_per_6K,included,,FIC+TOPSIN,,
STAGE_RANGE_G2_per_6K,"engineered feature (derived, cross-stage)",no,FIC_ET_G2_per_6K; TOPSIN_ET_G2_per_6K,included,,FIC+TOPSIN,,
STAGE_STD_G2_per_6K,"engineered feature (derived, cross-stage)",no,FIC_ET_G2_per_6K; TOPSIN_ET_G2_per_6K,included,,FIC+TOPSIN,,
STAGE_DELTA_G2_per_6K_FIC_minus_TOPSIN,"engineered feature (derived, cross-stage)",no,FIC_ET_G2_per_6K; TOPSIN_ET_G2_per_6K,included,,FIC+TOPSIN,,
STAGE_RANGE_Gate_res,"engineered feature (derived, cross-stage)",no,FIC_ET_Gate_res; TOPSIN_ET_Gate_res,included,,FIC+TOPSIN,,
STAGE_STD_Gate_res,"engineered feature (derived, cross-stage)",no,FIC_ET_Gate_res; TOPSIN_ET_Gate_res,included,,FIC+TOPSIN,,
STAGE_DELTA_Gate_res_FIC_minus_TOPSIN,"engineered feature (derived, cross-stage)",no,FIC_ET_Gate_res; TOPSIN_ET_Gate_res,included,,FIC+TOPSIN,,
STAGE_RANGE_Gm_m2,"engineered feature (derived, cross-stage)",no,FIC_ET_Gm_m2; TOPSIN_ET_Gm_m2,included,,FIC+TOPSIN,,
STAGE_STD_Gm_m2,"engineered feature (derived, cross-stage)",no,FIC_ET_Gm_m2; TOPSIN_ET_Gm_m2,included,,FIC+TOPSIN,,
STAGE_DELTA_Gm_m2_FIC_minus_TOPSIN,"engineered feature (derived, cross-stage)",no,FIC_ET_Gm_m2; TOPSIN_ET_Gm_m2,included,,FIC+TOPSIN,,
STAGE_RANGE_Gm_max,"engineered feature (derived, cross-stage)",no,FIC_ET_Gm_max; TOPSIN_ET_Gm_max,included,,FIC+TOPSIN,,
STAGE_STD_Gm_max,"engineered feature (derived, cross-stage)",no,FIC_ET_Gm_max; TOPSIN_ET_Gm_max,included,,FIC+TOPSIN,,
STAGE_DELTA_Gm_max_FIC_minus_TOPSIN,"engineered feature (derived, cross-stage)",no,FIC_ET_Gm_max; TOPSIN_ET_Gm_max,included,,FIC+TOPSIN,,
STAGE_RANGE_HIRS,"engineered feature (derived, cross-stage)",no,FIC_ET_HIRS; THIN_ET_HIRS; TOPSIN_ET_HIRS,included,,FIC+THIN+TOPSIN,,
STAGE_STD_HIRS,"engineered feature (derived, cross-stage)",no,FIC_ET_HIRS; THIN_ET_HIRS; TOPSIN_ET_HIRS,included,,FIC+THIN+TOPSIN,,
STAGE_RANGE_Ids_m2,"engineered feature (derived, cross-stage)",no,FIC_ET_Ids_m2; TOPSIN_ET_Ids_m2,included,,FIC+TOPSIN,,
STAGE_STD_Ids_m2,"engineered feature (derived, cross-stage)",no,FIC_ET_Ids_m2; TOPSIN_ET_Ids_m2,included,,FIC+TOPSIN,,
STAGE_DELTA_Ids_m2_FIC_minus_TOPSIN,"engineered feature (derived, cross-stage)",no,FIC_ET_Ids_m2; TOPSIN_ET_Ids_m2,included,,FIC+TOPSIN,,
STAGE_RANGE_lkg_5,"engineered feature (derived, cross-stage)",no,FIC_ET_lkg_5; OHMIC_ET_lkg_5; THIN_ET_lkg_5; TOPSIN_ET_lkg_5,included,,FIC+OHMIC+THIN+TOPSIN,,
STAGE_STD_lkg_5,"engineered feature (derived, cross-stage)",no,FIC_ET_lkg_5; OHMIC_ET_lkg_5; THIN_ET_lkg_5; TOPSIN_ET_lkg_5,included,,FIC+OHMIC+THIN+TOPSIN,,
STAGE_RANGE_OHMC,"engineered feature (derived, cross-stage)",no,FIC_ET_OHMC; OHMIC_ET_OHMC; THIN_ET_OHMC; TOPSIN_ET_OHMC,included,,FIC+OHMIC+THIN+TOPSIN,,
STAGE_STD_OHMC,"engineered feature (derived, cross-stage)",no,FIC_ET_OHMC; OHMIC_ET_OHMC; THIN_ET_OHMC; TOPSIN_ET_OHMC,included,,FIC+OHMIC+THIN+TOPSIN,,
STAGE_RANGE_R_f_hr_1,"engineered feature (derived, cross-stage)",no,FIC_ET_R_f_hr_1; THIN_ET_R_f_hr_1; TOPSIN_ET_R_f_hr_1,included,,FIC+THIN+TOPSIN,,
STAGE_STD_R_f_hr_1,"engineered feature (derived, cross-stage)",no,FIC_ET_R_f_hr_1; THIN_ET_R_f_hr_1; TOPSIN_ET_R_f_hr_1,included,,FIC+THIN+TOPSIN,,
STAGE_RANGE_R_f_hr_2,"engineered feature (derived, cross-stage)",no,FIC_ET_R_f_hr_2; THIN_ET_R_f_hr_2; TOPSIN_ET_R_f_hr_2,included,,FIC+THIN+TOPSIN,,
STAGE_STD_R_f_hr_2,"engineered feature (derived, cross-stage)",no,FIC_ET_R_f_hr_2; THIN_ET_R_f_hr_2; TOPSIN_ET_R_f_hr_2,included,,FIC+THIN+TOPSIN,,
STAGE_RANGE_R_f_hr_3,"engineered feature (derived, cross-stage)",no,FIC_ET_R_f_hr_3; THIN_ET_R_f_hr_3; TOPSIN_ET_R_f_hr_3,included,,FIC+THIN+TOPSIN,,
STAGE_STD_R_f_hr_3,"engineered feature (derived, cross-stage)",no,FIC_ET_R_f_hr_3; THIN_ET_R_f_hr_3; TOPSIN_ET_R_f_hr_3,included,,FIC+THIN+TOPSIN,,
STAGE_RANGE_R_f_tn_1,"engineered feature (derived, cross-stage)",no,FIC_ET_R_f_tn_1; THIN_ET_R_f_tn_1; TOPSIN_ET_R_f_tn_1,included,,FIC+THIN+TOPSIN,,
STAGE_STD_R_f_tn_1,"engineered feature (derived, cross-stage)",no,FIC_ET_R_f_tn_1; THIN_ET_R_f_tn_1; TOPSIN_ET_R_f_tn_1,included,,FIC+THIN+TOPSIN,,
STAGE_RANGE_R_f_tn_2,"engineered feature (derived, cross-stage)",no,FIC_ET_R_f_tn_2; THIN_ET_R_f_tn_2; TOPSIN_ET_R_f_tn_2,included,,FIC+THIN+TOPSIN,,
STAGE_STD_R_f_tn_2,"engineered feature (derived, cross-stage)",no,FIC_ET_R_f_tn_2; THIN_ET_R_f_tn_2; TOPSIN_ET_R_f_tn_2,included,,FIC+THIN+TOPSIN,,
STAGE_RANGE_R_f_tn_3,"engineered feature (derived, cross-stage)",no,FIC_ET_R_f_tn_3; THIN_ET_R_f_tn_3; TOPSIN_ET_R_f_tn_3,included,,FIC+THIN+TOPSIN,,
STAGE_STD_R_f_tn_3,"engineered feature (derived, cross-stage)",no,FIC_ET_R_f_tn_3; THIN_ET_R_f_tn_3; TOPSIN_ET_R_f_tn_3,included,,FIC+THIN+TOPSIN,,
STAGE_RANGE_R114,"engineered feature (derived, cross-stage)",no,FIC_ET_R114; OHMIC_ET_R114; THIN_ET_R114; TOPSIN_ET_R114,included,,FIC+OHMIC+THIN+TOPSIN,,
STAGE_STD_R114,"engineered feature (derived, cross-stage)",no,FIC_ET_R114; OHMIC_ET_R114; THIN_ET_R114; TOPSIN_ET_R114,included,,FIC+OHMIC+THIN+TOPSIN,,
STAGE_RANGE_R214,"engineered feature (derived, cross-stage)",no,FIC_ET_R214; OHMIC_ET_R214; THIN_ET_R214; TOPSIN_ET_R214,included,,FIC+OHMIC+THIN+TOPSIN,,
STAGE_STD_R214,"engineered feature (derived, cross-stage)",no,FIC_ET_R214; OHMIC_ET_R214; THIN_ET_R214; TOPSIN_ET_R214,included,,FIC+OHMIC+THIN+TOPSIN,,
STAGE_RANGE_R314,"engineered feature (derived, cross-stage)",no,FIC_ET_R314; OHMIC_ET_R314; THIN_ET_R314; TOPSIN_ET_R314,included,,FIC+OHMIC+THIN+TOPSIN,,
STAGE_STD_R314,"engineered feature (derived, cross-stage)",no,FIC_ET_R314; OHMIC_ET_R314; THIN_ET_R314; TOPSIN_ET_R314,included,,FIC+OHMIC+THIN+TOPSIN,,
STAGE_RANGE_Rc_f_hr_23,"engineered feature (derived, cross-stage)",no,FIC_ET_Rc_f_hr_23; THIN_ET_Rc_f_hr_23; TOPSIN_ET_Rc_f_hr_23,included,,FIC+THIN+TOPSIN,,
STAGE_STD_Rc_f_hr_23,"engineered feature (derived, cross-stage)",no,FIC_ET_Rc_f_hr_23; THIN_ET_Rc_f_hr_23; TOPSIN_ET_Rc_f_hr_23,included,,FIC+THIN+TOPSIN,,
STAGE_RANGE_Rc_f_tn_23,"engineered feature (derived, cross-stage)",no,FIC_ET_Rc_f_tn_23; THIN_ET_Rc_f_tn_23; TOPSIN_ET_Rc_f_tn_23,included,,FIC+THIN+TOPSIN,,
STAGE_STD_Rc_f_tn_23,"engineered feature (derived, cross-stage)",no,FIC_ET_Rc_f_tn_23; THIN_ET_Rc_f_tn_23; TOPSIN_ET_Rc_f_tn_23,included,,FIC+THIN+TOPSIN,,
STAGE_RANGE_Rc_OG142,"engineered feature (derived, cross-stage)",no,FIC_ET_Rc_OG142; OHMIC_ET_Rc_OG142; THIN_ET_Rc_OG142,included,,FIC+OHMIC+THIN,,
STAGE_STD_Rc_OG142,"engineered feature (derived, cross-stage)",no,FIC_ET_Rc_OG142; OHMIC_ET_Rc_OG142; THIN_ET_Rc_OG142,included,,FIC+OHMIC+THIN,,
STAGE_RANGE_sh_f_hr_23,"engineered feature (derived, cross-stage)",no,FIC_ET_sh_f_hr_23; THIN_ET_sh_f_hr_23; TOPSIN_ET_sh_f_hr_23,included,,FIC+THIN+TOPSIN,,
STAGE_STD_sh_f_hr_23,"engineered feature (derived, cross-stage)",no,FIC_ET_sh_f_hr_23; THIN_ET_sh_f_hr_23; TOPSIN_ET_sh_f_hr_23,included,,FIC+THIN+TOPSIN,,
STAGE_RANGE_sh_f_tn_23,"engineered feature (derived, cross-stage)",no,FIC_ET_sh_f_tn_23; THIN_ET_sh_f_tn_23; TOPSIN_ET_sh_f_tn_23,included,,FIC+THIN+TOPSIN,,
STAGE_STD_sh_f_tn_23,"engineered feature (derived, cross-stage)",no,FIC_ET_sh_f_tn_23; THIN_ET_sh_f_tn_23; TOPSIN_ET_sh_f_tn_23,included,,FIC+THIN+TOPSIN,,
STAGE_RANGE_sh_GA142,"engineered feature (derived, cross-stage)",no,FIC_ET_sh_GA142; OHMIC_ET_sh_GA142; THIN_ET_sh_GA142,included,,FIC+OHMIC+THIN,,
STAGE_STD_sh_GA142,"engineered feature (derived, cross-stage)",no,FIC_ET_sh_GA142; OHMIC_ET_sh_GA142; THIN_ET_sh_GA142,included,,FIC+OHMIC+THIN,,
STAGE_RANGE_TANR,"engineered feature (derived, cross-stage)",no,FIC_ET_TANR; THIN_ET_TANR; TOPSIN_ET_TANR,included,,FIC+THIN+TOPSIN,,
STAGE_STD_TANR,"engineered feature (derived, cross-stage)",no,FIC_ET_TANR; THIN_ET_TANR; TOPSIN_ET_TANR,included,,FIC+THIN+TOPSIN,,
STAGE_RANGE_Vdg_max,"engineered feature (derived, cross-stage)",no,FIC_ET_Vdg_max; TOPSIN_ET_Vdg_max,included,,FIC+TOPSIN,,
STAGE_STD_Vdg_max,"engineered feature (derived, cross-stage)",no,FIC_ET_Vdg_max; TOPSIN_ET_Vdg_max,included,,FIC+TOPSIN,,
STAGE_DELTA_Vdg_max_FIC_minus_TOPSIN,"engineered feature (derived, cross-stage)",no,FIC_ET_Vdg_max; TOPSIN_ET_Vdg_max,included,,FIC+TOPSIN,,
STAGE_RANGE_Vds_max,"engineered feature (derived, cross-stage)",no,FIC_ET_Vds_max; TOPSIN_ET_Vds_max,included,,FIC+TOPSIN,,
STAGE_STD_Vds_max,"engineered feature (derived, cross-stage)",no,FIC_ET_Vds_max; TOPSIN_ET_Vds_max,included,,FIC+TOPSIN,,
STAGE_DELTA_Vds_max_FIC_minus_TOPSIN,"engineered feature (derived, cross-stage)",no,FIC_ET_Vds_max; TOPSIN_ET_Vds_max,included,,FIC+TOPSIN,,
STAGE_RANGE_Vg_gm_max,"engineered feature (derived, cross-stage)",no,FIC_ET_Vg_gm_max; TOPSIN_ET_Vg_gm_max,included,,FIC+TOPSIN,,
STAGE_STD_Vg_gm_max,"engineered feature (derived, cross-stage)",no,FIC_ET_Vg_gm_max; TOPSIN_ET_Vg_gm_max,included,,FIC+TOPSIN,,
STAGE_DELTA_Vg_gm_max_FIC_minus_TOPSIN,"engineered feature (derived, cross-stage)",no,FIC_ET_Vg_gm_max; TOPSIN_ET_Vg_gm_max,included,,FIC+TOPSIN,,
STAGE_RANGE_Vg_Vds_max,"engineered feature (derived, cross-stage)",no,FIC_ET_Vg_Vds_max; TOPSIN_ET_Vg_Vds_max,included,,FIC+TOPSIN,,
STAGE_STD_Vg_Vds_max,"engineered feature (derived, cross-stage)",no,FIC_ET_Vg_Vds_max; TOPSIN_ET_Vg_Vds_max,included,,FIC+TOPSIN,,
STAGE_DELTA_Vg_Vds_max_FIC_minus_TOPSIN,"engineered feature (derived, cross-stage)",no,FIC_ET_Vg_Vds_max; TOPSIN_ET_Vg_Vds_max,included,,FIC+TOPSIN,,
STAGE_RANGE_Vp_1,"engineered feature (derived, cross-stage)",no,FIC_ET_Vp_1; TOPSIN_ET_Vp_1,included,,FIC+TOPSIN,,
STAGE_STD_Vp_1,"engineered feature (derived, cross-stage)",no,FIC_ET_Vp_1; TOPSIN_ET_Vp_1,included,,FIC+TOPSIN,,
STAGE_DELTA_Vp_1_FIC_minus_TOPSIN,"engineered feature (derived, cross-stage)",no,FIC_ET_Vp_1; TOPSIN_ET_Vp_1,included,,FIC+TOPSIN,,
STAGE_RANGE_DC_PIV_Drain_Lag_0,"engineered feature (derived, cross-stage)",no,FIC_ET_DC_PIV_Drain_Lag_0; TOPSIN_ET_DC_PIV_Drain_Lag_0,included,,FIC+TOPSIN,,
STAGE_STD_DC_PIV_Drain_Lag_0,"engineered feature (derived, cross-stage)",no,FIC_ET_DC_PIV_Drain_Lag_0; TOPSIN_ET_DC_PIV_Drain_Lag_0,included,,FIC+TOPSIN,,
STAGE_DELTA_DC_PIV_Drain_Lag_0_FIC_minus_TOPSIN,"engineered feature (derived, cross-stage)",no,FIC_ET_DC_PIV_Drain_Lag_0; TOPSIN_ET_DC_PIV_Drain_Lag_0,included,,FIC+TOPSIN,,
STAGE_RANGE_DC_PIV_Drain_Lag_1,"engineered feature (derived, cross-stage)",no,FIC_ET_DC_PIV_Drain_Lag_1; TOPSIN_ET_DC_PIV_Drain_Lag_1,included,,FIC+TOPSIN,,
STAGE_STD_DC_PIV_Drain_Lag_1,"engineered feature (derived, cross-stage)",no,FIC_ET_DC_PIV_Drain_Lag_1; TOPSIN_ET_DC_PIV_Drain_Lag_1,included,,FIC+TOPSIN,,
STAGE_DELTA_DC_PIV_Drain_Lag_1_FIC_minus_TOPSIN,"engineered feature (derived, cross-stage)",no,FIC_ET_DC_PIV_Drain_Lag_1; TOPSIN_ET_DC_PIV_Drain_Lag_1,included,,FIC+TOPSIN,,
STAGE_RANGE_DC_PIV_Gate_Lag_0,"engineered feature (derived, cross-stage)",no,FIC_ET_DC_PIV_Gate_Lag_0; TOPSIN_ET_DC_PIV_Gate_Lag_0,included,,FIC+TOPSIN,,
STAGE_STD_DC_PIV_Gate_Lag_0,"engineered feature (derived, cross-stage)",no,FIC_ET_DC_PIV_Gate_Lag_0; TOPSIN_ET_DC_PIV_Gate_Lag_0,included,,FIC+TOPSIN,,
STAGE_DELTA_DC_PIV_Gate_Lag_0_FIC_minus_TOPSIN,"engineered feature (derived, cross-stage)",no,FIC_ET_DC_PIV_Gate_Lag_0; TOPSIN_ET_DC_PIV_Gate_Lag_0,included,,FIC+TOPSIN,,
STAGE_RANGE_DC_PIV_Gate_Lag_1,"engineered feature (derived, cross-stage)",no,FIC_ET_DC_PIV_Gate_Lag_1; TOPSIN_ET_DC_PIV_Gate_Lag_1,included,,FIC+TOPSIN,,
STAGE_STD_DC_PIV_Gate_Lag_1,"engineered feature (derived, cross-stage)",no,FIC_ET_DC_PIV_Gate_Lag_1; TOPSIN_ET_DC_PIV_Gate_Lag_1,included,,FIC+TOPSIN,,
STAGE_DELTA_DC_PIV_Gate_Lag_1_FIC_minus_TOPSIN,"engineered feature (derived, cross-stage)",no,FIC_ET_DC_PIV_Gate_Lag_1; TOPSIN_ET_DC_PIV_Gate_Lag_1,included,,FIC+TOPSIN,,
STAGE_RANGE_DC_PIV_Ids0_QP1,"engineered feature (derived, cross-stage)",no,FIC_ET_DC_PIV_Ids0_QP1; TOPSIN_ET_DC_PIV_Ids0_QP1,included,,FIC+TOPSIN,,
STAGE_STD_DC_PIV_Ids0_QP1,"engineered feature (derived, cross-stage)",no,FIC_ET_DC_PIV_Ids0_QP1; TOPSIN_ET_DC_PIV_Ids0_QP1,included,,FIC+TOPSIN,,
STAGE_DELTA_DC_PIV_Ids0_QP1_FIC_minus_TOPSIN,"engineered feature (derived, cross-stage)",no,FIC_ET_DC_PIV_Ids0_QP1; TOPSIN_ET_DC_PIV_Ids0_QP1,included,,FIC+TOPSIN,,
STAGE_RANGE_DC_PIV_Ids0_QP2,"engineered feature (derived, cross-stage)",no,FIC_ET_DC_PIV_Ids0_QP2; TOPSIN_ET_DC_PIV_Ids0_QP2,included,,FIC+TOPSIN,,
STAGE_STD_DC_PIV_Ids0_QP2,"engineered feature (derived, cross-stage)",no,FIC_ET_DC_PIV_Ids0_QP2; TOPSIN_ET_DC_PIV_Ids0_QP2,included,,FIC+TOPSIN,,
STAGE_DELTA_DC_PIV_Ids0_QP2_FIC_minus_TOPSIN,"engineered feature (derived, cross-stage)",no,FIC_ET_DC_PIV_Ids0_QP2; TOPSIN_ET_DC_PIV_Ids0_QP2,included,,FIC+TOPSIN,,
STAGE_RANGE_DC_PIV_Ids0_QP3,"engineered feature (derived, cross-stage)",no,FIC_ET_DC_PIV_Ids0_QP3; TOPSIN_ET_DC_PIV_Ids0_QP3,included,,FIC+TOPSIN,,
STAGE_STD_DC_PIV_Ids0_QP3,"engineered feature (derived, cross-stage)",no,FIC_ET_DC_PIV_Ids0_QP3; TOPSIN_ET_DC_PIV_Ids0_QP3,included,,FIC+TOPSIN,,
STAGE_DELTA_DC_PIV_Ids0_QP3_FIC_minus_TOPSIN,"engineered feature (derived, cross-stage)",no,FIC_ET_DC_PIV_Ids0_QP3; TOPSIN_ET_DC_PIV_Ids0_QP3,included,,FIC+TOPSIN,,
STAGE_RANGE_DC_PIV_Ids1_QP1,"engineered feature (derived, cross-stage)",no,FIC_ET_DC_PIV_Ids1_QP1; TOPSIN_ET_DC_PIV_Ids1_QP1,included,,FIC+TOPSIN,,
STAGE_STD_DC_PIV_Ids1_QP1,"engineered feature (derived, cross-stage)",no,FIC_ET_DC_PIV_Ids1_QP1; TOPSIN_ET_DC_PIV_Ids1_QP1,included,,FIC+TOPSIN,,
STAGE_DELTA_DC_PIV_Ids1_QP1_FIC_minus_TOPSIN,"engineered feature (derived, cross-stage)",no,FIC_ET_DC_PIV_Ids1_QP1; TOPSIN_ET_DC_PIV_Ids1_QP1,included,,FIC+TOPSIN,,
STAGE_RANGE_DC_PIV_Ids1_QP2,"engineered feature (derived, cross-stage)",no,FIC_ET_DC_PIV_Ids1_QP2; TOPSIN_ET_DC_PIV_Ids1_QP2,included,,FIC+TOPSIN,,
STAGE_STD_DC_PIV_Ids1_QP2,"engineered feature (derived, cross-stage)",no,FIC_ET_DC_PIV_Ids1_QP2; TOPSIN_ET_DC_PIV_Ids1_QP2,included,,FIC+TOPSIN,,
STAGE_DELTA_DC_PIV_Ids1_QP2_FIC_minus_TOPSIN,"engineered feature (derived, cross-stage)",no,FIC_ET_DC_PIV_Ids1_QP2; TOPSIN_ET_DC_PIV_Ids1_QP2,included,,FIC+TOPSIN,,
STAGE_RANGE_DC_PIV_Ids1_QP3,"engineered feature (derived, cross-stage)",no,FIC_ET_DC_PIV_Ids1_QP3; TOPSIN_ET_DC_PIV_Ids1_QP3,included,,FIC+TOPSIN,,
STAGE_STD_DC_PIV_Ids1_QP3,"engineered feature (derived, cross-stage)",no,FIC_ET_DC_PIV_Ids1_QP3; TOPSIN_ET_DC_PIV_Ids1_QP3,included,,FIC+TOPSIN,,
STAGE_DELTA_DC_PIV_Ids1_QP3_FIC_minus_TOPSIN,"engineered feature (derived, cross-stage)",no,FIC_ET_DC_PIV_Ids1_QP3; TOPSIN_ET_DC_PIV_Ids1_QP3,included,,FIC+TOPSIN,,
STAGE_RANGE_DC_RF_Gm_0,"engineered feature (derived, cross-stage)",no,FIC_ET_DC_RF_Gm_0; SIN_ET_DC_RF_Gm_0; THIN_ET_DC_RF_Gm_0; TOPSIN_ET_DC_RF_Gm_0,included,,FIC+SIN+THIN+TOPSIN,,
STAGE_STD_DC_RF_Gm_0,"engineered feature (derived, cross-stage)",no,FIC_ET_DC_RF_Gm_0; SIN_ET_DC_RF_Gm_0; THIN_ET_DC_RF_Gm_0; TOPSIN_ET_DC_RF_Gm_0,included,,FIC+SIN+THIN+TOPSIN,,
STAGE_RANGE_DC_RF_Gm_m0p2,"engineered feature (derived, cross-stage)",no,FIC_ET_DC_RF_Gm_m0p2; SIN_ET_DC_RF_Gm_m0p2; THIN_ET_DC_RF_Gm_m0p2; TOPSIN_ET_DC_RF_Gm_m0p2,included,,FIC+SIN+THIN+TOPSIN,,
STAGE_STD_DC_RF_Gm_m0p2,"engineered feature (derived, cross-stage)",no,FIC_ET_DC_RF_Gm_m0p2; SIN_ET_DC_RF_Gm_m0p2; THIN_ET_DC_RF_Gm_m0p2; TOPSIN_ET_DC_RF_Gm_m0p2,included,,FIC+SIN+THIN+TOPSIN,,
STAGE_RANGE_DC_RF_Gm_max,"engineered feature (derived, cross-stage)",no,FIC_ET_DC_RF_Gm_max; SIN_ET_DC_RF_Gm_max; THIN_ET_DC_RF_Gm_max; TOPSIN_ET_DC_RF_Gm_max,included,,FIC+SIN+THIN+TOPSIN,,
STAGE_STD_DC_RF_Gm_max,"engineered feature (derived, cross-stage)",no,FIC_ET_DC_RF_Gm_max; SIN_ET_DC_RF_Gm_max; THIN_ET_DC_RF_Gm_max; TOPSIN_ET_DC_RF_Gm_max,included,,FIC+SIN+THIN+TOPSIN,,
STAGE_RANGE_DC_RF_Id_gm_max,"engineered feature (derived, cross-stage)",no,FIC_ET_DC_RF_Id_gm_max; SIN_ET_DC_RF_Id_gm_max; THIN_ET_DC_RF_Id_gm_max; TOPSIN_ET_DC_RF_Id_gm_max,included,,FIC+SIN+THIN+TOPSIN,,
STAGE_STD_DC_RF_Id_gm_max,"engineered feature (derived, cross-stage)",no,FIC_ET_DC_RF_Id_gm_max; SIN_ET_DC_RF_Id_gm_max; THIN_ET_DC_RF_Id_gm_max; TOPSIN_ET_DC_RF_Id_gm_max,included,,FIC+SIN+THIN+TOPSIN,,
STAGE_RANGE_DC_RF_Ids_m0p2,"engineered feature (derived, cross-stage)",no,FIC_ET_DC_RF_Ids_m0p2; SIN_ET_DC_RF_Ids_m0p2; THIN_ET_DC_RF_Ids_m0p2; TOPSIN_ET_DC_RF_Ids_m0p2,included,,FIC+SIN+THIN+TOPSIN,,
STAGE_STD_DC_RF_Ids_m0p2,"engineered feature (derived, cross-stage)",no,FIC_ET_DC_RF_Ids_m0p2; SIN_ET_DC_RF_Ids_m0p2; THIN_ET_DC_RF_Ids_m0p2; TOPSIN_ET_DC_RF_Ids_m0p2,included,,FIC+SIN+THIN+TOPSIN,,
STAGE_RANGE_DC_RF_Idss,"engineered feature (derived, cross-stage)",no,FIC_ET_DC_RF_Idss; SIN_ET_DC_RF_Idss; THIN_ET_DC_RF_Idss; TOPSIN_ET_DC_RF_Idss,included,,FIC+SIN+THIN+TOPSIN,,
STAGE_STD_DC_RF_Idss,"engineered feature (derived, cross-stage)",no,FIC_ET_DC_RF_Idss; SIN_ET_DC_RF_Idss; THIN_ET_DC_RF_Idss; TOPSIN_ET_DC_RF_Idss,included,,FIC+SIN+THIN+TOPSIN,,
STAGE_RANGE_DC_RF_Imax,"engineered feature (derived, cross-stage)",no,FIC_ET_DC_RF_Imax; SIN_ET_DC_RF_Imax; THIN_ET_DC_RF_Imax; TOPSIN_ET_DC_RF_Imax,included,,FIC+SIN+THIN+TOPSIN,,
STAGE_STD_DC_RF_Imax,"engineered feature (derived, cross-stage)",no,FIC_ET_DC_RF_Imax; SIN_ET_DC_RF_Imax; THIN_ET_DC_RF_Imax; TOPSIN_ET_DC_RF_Imax,included,,FIC+SIN+THIN+TOPSIN,,
STAGE_RANGE_DC_RF_n_gd,"engineered feature (derived, cross-stage)",no,FIC_ET_DC_RF_n_gd; SIN_ET_DC_RF_n_gd; THIN_ET_DC_RF_n_gd; TOPSIN_ET_DC_RF_n_gd,included,,FIC+SIN+THIN+TOPSIN,,
STAGE_STD_DC_RF_n_gd,"engineered feature (derived, cross-stage)",no,FIC_ET_DC_RF_n_gd; SIN_ET_DC_RF_n_gd; THIN_ET_DC_RF_n_gd; TOPSIN_ET_DC_RF_n_gd,included,,FIC+SIN+THIN+TOPSIN,,
STAGE_RANGE_DC_RF_n_gs,"engineered feature (derived, cross-stage)",no,FIC_ET_DC_RF_n_gs; SIN_ET_DC_RF_n_gs; THIN_ET_DC_RF_n_gs; TOPSIN_ET_DC_RF_n_gs,included,,FIC+SIN+THIN+TOPSIN,,
STAGE_STD_DC_RF_n_gs,"engineered feature (derived, cross-stage)",no,FIC_ET_DC_RF_n_gs; SIN_ET_DC_RF_n_gs; THIN_ET_DC_RF_n_gs; TOPSIN_ET_DC_RF_n_gs,included,,FIC+SIN+THIN+TOPSIN,,
STAGE_RANGE_DC_RF_Vbgd_0p01,"engineered feature (derived, cross-stage)",no,FIC_ET_DC_RF_Vbgd_0p01; SIN_ET_DC_RF_Vbgd_0p01; THIN_ET_DC_RF_Vbgd_0p01; TOPSIN_ET_DC_RF_Vbgd_0p01,included,,FIC+SIN+THIN+TOPSIN,,
STAGE_STD_DC_RF_Vbgd_0p01,"engineered feature (derived, cross-stage)",no,FIC_ET_DC_RF_Vbgd_0p01; SIN_ET_DC_RF_Vbgd_0p01; THIN_ET_DC_RF_Vbgd_0p01; TOPSIN_ET_DC_RF_Vbgd_0p01,included,,FIC+SIN+THIN+TOPSIN,,
STAGE_RANGE_DC_RF_Vbgd_0p1,"engineered feature (derived, cross-stage)",no,FIC_ET_DC_RF_Vbgd_0p1; SIN_ET_DC_RF_Vbgd_0p1; THIN_ET_DC_RF_Vbgd_0p1; TOPSIN_ET_DC_RF_Vbgd_0p1,included,,FIC+SIN+THIN+TOPSIN,,
STAGE_STD_DC_RF_Vbgd_0p1,"engineered feature (derived, cross-stage)",no,FIC_ET_DC_RF_Vbgd_0p1; SIN_ET_DC_RF_Vbgd_0p1; THIN_ET_DC_RF_Vbgd_0p1; TOPSIN_ET_DC_RF_Vbgd_0p1,included,,FIC+SIN+THIN+TOPSIN,,
STAGE_RANGE_DC_RF_Vbgd1,"engineered feature (derived, cross-stage)",no,FIC_ET_DC_RF_Vbgd1; SIN_ET_DC_RF_Vbgd1; THIN_ET_DC_RF_Vbgd1; TOPSIN_ET_DC_RF_Vbgd1,included,,FIC+SIN+THIN+TOPSIN,,
STAGE_STD_DC_RF_Vbgd1,"engineered feature (derived, cross-stage)",no,FIC_ET_DC_RF_Vbgd1; SIN_ET_DC_RF_Vbgd1; THIN_ET_DC_RF_Vbgd1; TOPSIN_ET_DC_RF_Vbgd1,included,,FIC+SIN+THIN+TOPSIN,,
STAGE_RANGE_DC_RF_Vbgs_0p01,"engineered feature (derived, cross-stage)",no,FIC_ET_DC_RF_Vbgs_0p01; SIN_ET_DC_RF_Vbgs_0p01; THIN_ET_DC_RF_Vbgs_0p01; TOPSIN_ET_DC_RF_Vbgs_0p01,included,,FIC+SIN+THIN+TOPSIN,,
STAGE_STD_DC_RF_Vbgs_0p01,"engineered feature (derived, cross-stage)",no,FIC_ET_DC_RF_Vbgs_0p01; SIN_ET_DC_RF_Vbgs_0p01; THIN_ET_DC_RF_Vbgs_0p01; TOPSIN_ET_DC_RF_Vbgs_0p01,included,,FIC+SIN+THIN+TOPSIN,,
STAGE_RANGE_DC_RF_Vbgs_0p1,"engineered feature (derived, cross-stage)",no,FIC_ET_DC_RF_Vbgs_0p1; SIN_ET_DC_RF_Vbgs_0p1; THIN_ET_DC_RF_Vbgs_0p1; TOPSIN_ET_DC_RF_Vbgs_0p1,included,,FIC+SIN+THIN+TOPSIN,,
STAGE_STD_DC_RF_Vbgs_0p1,"engineered feature (derived, cross-stage)",no,FIC_ET_DC_RF_Vbgs_0p1; SIN_ET_DC_RF_Vbgs_0p1; THIN_ET_DC_RF_Vbgs_0p1; TOPSIN_ET_DC_RF_Vbgs_0p1,included,,FIC+SIN+THIN+TOPSIN,,
STAGE_RANGE_DC_RF_Vbgs1,"engineered feature (derived, cross-stage)",no,FIC_ET_DC_RF_Vbgs1; SIN_ET_DC_RF_Vbgs1; THIN_ET_DC_RF_Vbgs1; TOPSIN_ET_DC_RF_Vbgs1,included,,FIC+SIN+THIN+TOPSIN,,
STAGE_STD_DC_RF_Vbgs1,"engineered feature (derived, cross-stage)",no,FIC_ET_DC_RF_Vbgs1; SIN_ET_DC_RF_Vbgs1; THIN_ET_DC_RF_Vbgs1; TOPSIN_ET_DC_RF_Vbgs1,included,,FIC+SIN+THIN+TOPSIN,,
STAGE_RANGE_DC_RF_Vbin_gd,"engineered feature (derived, cross-stage)",no,FIC_ET_DC_RF_Vbin_gd; SIN_ET_DC_RF_Vbin_gd; THIN_ET_DC_RF_Vbin_gd; TOPSIN_ET_DC_RF_Vbin_gd,included,,FIC+SIN+THIN+TOPSIN,,
STAGE_STD_DC_RF_Vbin_gd,"engineered feature (derived, cross-stage)",no,FIC_ET_DC_RF_Vbin_gd; SIN_ET_DC_RF_Vbin_gd; THIN_ET_DC_RF_Vbin_gd; TOPSIN_ET_DC_RF_Vbin_gd,included,,FIC+SIN+THIN+TOPSIN,,
STAGE_RANGE_DC_RF_Vbin_gs,"engineered feature (derived, cross-stage)",no,FIC_ET_DC_RF_Vbin_gs; SIN_ET_DC_RF_Vbin_gs; THIN_ET_DC_RF_Vbin_gs; TOPSIN_ET_DC_RF_Vbin_gs,included,,FIC+SIN+THIN+TOPSIN,,
STAGE_STD_DC_RF_Vbin_gs,"engineered feature (derived, cross-stage)",no,FIC_ET_DC_RF_Vbin_gs; SIN_ET_DC_RF_Vbin_gs; THIN_ET_DC_RF_Vbin_gs; TOPSIN_ET_DC_RF_Vbin_gs,included,,FIC+SIN+THIN+TOPSIN,,
STAGE_RANGE_DC_RF_Vboff,"engineered feature (derived, cross-stage)",no,FIC_ET_DC_RF_Vboff; SIN_ET_DC_RF_Vboff; TOPSIN_ET_DC_RF_Vboff,included,,FIC+SIN+TOPSIN,,
STAGE_STD_DC_RF_Vboff,"engineered feature (derived, cross-stage)",no,FIC_ET_DC_RF_Vboff; SIN_ET_DC_RF_Vboff; TOPSIN_ET_DC_RF_Vboff,included,,FIC+SIN+TOPSIN,,
STAGE_RANGE_DC_RF_Vdg_max,"engineered feature (derived, cross-stage)",no,FIC_ET_DC_RF_Vdg_max; SIN_ET_DC_RF_Vdg_max; THIN_ET_DC_RF_Vdg_max; TOPSIN_ET_DC_RF_Vdg_max,included,,FIC+SIN+THIN+TOPSIN,,
STAGE_STD_DC_RF_Vdg_max,"engineered feature (derived, cross-stage)",no,FIC_ET_DC_RF_Vdg_max; SIN_ET_DC_RF_Vdg_max; THIN_ET_DC_RF_Vdg_max; TOPSIN_ET_DC_RF_Vdg_max,included,,FIC+SIN+THIN+TOPSIN,,
STAGE_RANGE_DC_RF_Vdg_max_0p1,"engineered feature (derived, cross-stage)",no,FIC_ET_DC_RF_Vdg_max_0p1; SIN_ET_DC_RF_Vdg_max_0p1; TOPSIN_ET_DC_RF_Vdg_max_0p1,included,,FIC+SIN+TOPSIN,,
STAGE_STD_DC_RF_Vdg_max_0p1,"engineered feature (derived, cross-stage)",no,FIC_ET_DC_RF_Vdg_max_0p1; SIN_ET_DC_RF_Vdg_max_0p1; TOPSIN_ET_DC_RF_Vdg_max_0p1,included,,FIC+SIN+TOPSIN,,
STAGE_RANGE_DC_RF_Vdg_max_0p1mA,"engineered feature (derived, cross-stage)",no,FIC_ET_DC_RF_Vdg_max_0p1mA; SIN_ET_DC_RF_Vdg_max_0p1mA; THIN_ET_DC_RF_Vdg_max_0p1mA,included,,FIC+SIN+THIN,,
STAGE_STD_DC_RF_Vdg_max_0p1mA,"engineered feature (derived, cross-stage)",no,FIC_ET_DC_RF_Vdg_max_0p1mA; SIN_ET_DC_RF_Vdg_max_0p1mA; THIN_ET_DC_RF_Vdg_max_0p1mA,included,,FIC+SIN+THIN,,
STAGE_RANGE_DC_RF_Vds_max,"engineered feature (derived, cross-stage)",no,FIC_ET_DC_RF_Vds_max; SIN_ET_DC_RF_Vds_max; THIN_ET_DC_RF_Vds_max; TOPSIN_ET_DC_RF_Vds_max,included,,FIC+SIN+THIN+TOPSIN,,
STAGE_STD_DC_RF_Vds_max,"engineered feature (derived, cross-stage)",no,FIC_ET_DC_RF_Vds_max; SIN_ET_DC_RF_Vds_max; THIN_ET_DC_RF_Vds_max; TOPSIN_ET_DC_RF_Vds_max,included,,FIC+SIN+THIN+TOPSIN,,
STAGE_RANGE_DC_RF_Vds_max_0p1,"engineered feature (derived, cross-stage)",no,FIC_ET_DC_RF_Vds_max_0p1; SIN_ET_DC_RF_Vds_max_0p1; TOPSIN_ET_DC_RF_Vds_max_0p1,included,,FIC+SIN+TOPSIN,,
STAGE_STD_DC_RF_Vds_max_0p1,"engineered feature (derived, cross-stage)",no,FIC_ET_DC_RF_Vds_max_0p1; SIN_ET_DC_RF_Vds_max_0p1; TOPSIN_ET_DC_RF_Vds_max_0p1,included,,FIC+SIN+TOPSIN,,
STAGE_RANGE_DC_RF_Vds_max_0p1mA,"engineered feature (derived, cross-stage)",no,FIC_ET_DC_RF_Vds_max_0p1mA; SIN_ET_DC_RF_Vds_max_0p1mA; THIN_ET_DC_RF_Vds_max_0p1mA,included,,FIC+SIN+THIN,,
STAGE_STD_DC_RF_Vds_max_0p1mA,"engineered feature (derived, cross-stage)",no,FIC_ET_DC_RF_Vds_max_0p1mA; SIN_ET_DC_RF_Vds_max_0p1mA; THIN_ET_DC_RF_Vds_max_0p1mA,included,,FIC+SIN+THIN,,
STAGE_RANGE_DC_RF_Vg_gm_max,"engineered feature (derived, cross-stage)",no,FIC_ET_DC_RF_Vg_gm_max; SIN_ET_DC_RF_Vg_gm_max; THIN_ET_DC_RF_Vg_gm_max; TOPSIN_ET_DC_RF_Vg_gm_max,included,,FIC+SIN+THIN+TOPSIN,,
STAGE_STD_DC_RF_Vg_gm_max,"engineered feature (derived, cross-stage)",no,FIC_ET_DC_RF_Vg_gm_max; SIN_ET_DC_RF_Vg_gm_max; THIN_ET_DC_RF_Vg_gm_max; TOPSIN_ET_DC_RF_Vg_gm_max,included,,FIC+SIN+THIN+TOPSIN,,
STAGE_RANGE_DC_RF_Vg_max_Vd,"engineered feature (derived, cross-stage)",no,FIC_ET_DC_RF_Vg_max_Vd; SIN_ET_DC_RF_Vg_max_Vd; THIN_ET_DC_RF_Vg_max_Vd; TOPSIN_ET_DC_RF_Vg_max_Vd,included,,FIC+SIN+THIN+TOPSIN,,
STAGE_STD_DC_RF_Vg_max_Vd,"engineered feature (derived, cross-stage)",no,FIC_ET_DC_RF_Vg_max_Vd; SIN_ET_DC_RF_Vg_max_Vd; THIN_ET_DC_RF_Vg_max_Vd; TOPSIN_ET_DC_RF_Vg_max_Vd,included,,FIC+SIN+THIN+TOPSIN,,
STAGE_RANGE_DC_RF_Vg_max_Vd_0p1,"engineered feature (derived, cross-stage)",no,FIC_ET_DC_RF_Vg_max_Vd_0p1; SIN_ET_DC_RF_Vg_max_Vd_0p1; TOPSIN_ET_DC_RF_Vg_max_Vd_0p1,included,,FIC+SIN+TOPSIN,,
STAGE_STD_DC_RF_Vg_max_Vd_0p1,"engineered feature (derived, cross-stage)",no,FIC_ET_DC_RF_Vg_max_Vd_0p1; SIN_ET_DC_RF_Vg_max_Vd_0p1; TOPSIN_ET_DC_RF_Vg_max_Vd_0p1,included,,FIC+SIN+TOPSIN,,
STAGE_RANGE_DC_RF_Vg_max_Vd_0p1mA,"engineered feature (derived, cross-stage)",no,FIC_ET_DC_RF_Vg_max_Vd_0p1mA; SIN_ET_DC_RF_Vg_max_Vd_0p1mA; THIN_ET_DC_RF_Vg_max_Vd_0p1mA,included,,FIC+SIN+THIN,,
STAGE_STD_DC_RF_Vg_max_Vd_0p1mA,"engineered feature (derived, cross-stage)",no,FIC_ET_DC_RF_Vg_max_Vd_0p1mA; SIN_ET_DC_RF_Vg_max_Vd_0p1mA; THIN_ET_DC_RF_Vg_max_Vd_0p1mA,included,,FIC+SIN+THIN,,
STAGE_RANGE_DC_RF_Vg_optt,"engineered feature (derived, cross-stage)",no,FIC_ET_DC_RF_Vg_optt; SIN_ET_DC_RF_Vg_optt; TOPSIN_ET_DC_RF_Vg_optt,included,,FIC+SIN+TOPSIN,,
STAGE_STD_DC_RF_Vg_optt,"engineered feature (derived, cross-stage)",no,FIC_ET_DC_RF_Vg_optt; SIN_ET_DC_RF_Vg_optt; TOPSIN_ET_DC_RF_Vg_optt,included,,FIC+SIN+TOPSIN,,
STAGE_RANGE_DC_RF_Vg_optt1,"engineered feature (derived, cross-stage)",no,FIC_ET_DC_RF_Vg_optt1; SIN_ET_DC_RF_Vg_optt1; THIN_ET_DC_RF_Vg_optt1,included,,FIC+SIN+THIN,,
STAGE_STD_DC_RF_Vg_optt1,"engineered feature (derived, cross-stage)",no,FIC_ET_DC_RF_Vg_optt1; SIN_ET_DC_RF_Vg_optt1; THIN_ET_DC_RF_Vg_optt1,included,,FIC+SIN+THIN,,
STAGE_RANGE_DC_RF_Vg_optt2,"engineered feature (derived, cross-stage)",no,FIC_ET_DC_RF_Vg_optt2; SIN_ET_DC_RF_Vg_optt2; THIN_ET_DC_RF_Vg_optt2,included,,FIC+SIN+THIN,,
STAGE_STD_DC_RF_Vg_optt2,"engineered feature (derived, cross-stage)",no,FIC_ET_DC_RF_Vg_optt2; SIN_ET_DC_RF_Vg_optt2; THIN_ET_DC_RF_Vg_optt2,included,,FIC+SIN+THIN,,
STAGE_RANGE_DC_RF_Vg_optt3,"engineered feature (derived, cross-stage)",no,FIC_ET_DC_RF_Vg_optt3; SIN_ET_DC_RF_Vg_optt3; THIN_ET_DC_RF_Vg_optt3,included,,FIC+SIN+THIN,,
STAGE_STD_DC_RF_Vg_optt3,"engineered feature (derived, cross-stage)",no,FIC_ET_DC_RF_Vg_optt3; SIN_ET_DC_RF_Vg_optt3; THIN_ET_DC_RF_Vg_optt3,included,,FIC+SIN+THIN,,
STAGE_RANGE_DC_RF_Vp_01,"engineered feature (derived, cross-stage)",no,FIC_ET_DC_RF_Vp_01; SIN_ET_DC_RF_Vp_01; THIN_ET_DC_RF_Vp_01; TOPSIN_ET_DC_RF_Vp_01,included,,FIC+SIN+THIN+TOPSIN,,
STAGE_STD_DC_RF_Vp_01,"engineered feature (derived, cross-stage)",no,FIC_ET_DC_RF_Vp_01; SIN_ET_DC_RF_Vp_01; THIN_ET_DC_RF_Vp_01; TOPSIN_ET_DC_RF_Vp_01,included,,FIC+SIN+THIN+TOPSIN,,
STAGE_RANGE_DC_RF_Vp_1,"engineered feature (derived, cross-stage)",no,FIC_ET_DC_RF_Vp_1; SIN_ET_DC_RF_Vp_1; THIN_ET_DC_RF_Vp_1; TOPSIN_ET_DC_RF_Vp_1,included,,FIC+SIN+THIN+TOPSIN,,
STAGE_STD_DC_RF_Vp_1,"engineered feature (derived, cross-stage)",no,FIC_ET_DC_RF_Vp_1; SIN_ET_DC_RF_Vp_1; THIN_ET_DC_RF_Vp_1; TOPSIN_ET_DC_RF_Vp_1,included,,FIC+SIN+THIN+TOPSIN,,
STAGE_RANGE_DC_RF_Vt_gd,"engineered feature (derived, cross-stage)",no,FIC_ET_DC_RF_Vt_gd; SIN_ET_DC_RF_Vt_gd; THIN_ET_DC_RF_Vt_gd; TOPSIN_ET_DC_RF_Vt_gd,included,,FIC+SIN+THIN+TOPSIN,,
STAGE_STD_DC_RF_Vt_gd,"engineered feature (derived, cross-stage)",no,FIC_ET_DC_RF_Vt_gd; SIN_ET_DC_RF_Vt_gd; THIN_ET_DC_RF_Vt_gd; TOPSIN_ET_DC_RF_Vt_gd,included,,FIC+SIN+THIN+TOPSIN,,
STAGE_RANGE_DC_RF_Vt_gs,"engineered feature (derived, cross-stage)",no,FIC_ET_DC_RF_Vt_gs; SIN_ET_DC_RF_Vt_gs; THIN_ET_DC_RF_Vt_gs; TOPSIN_ET_DC_RF_Vt_gs,included,,FIC+SIN+THIN+TOPSIN,,
STAGE_STD_DC_RF_Vt_gs,"engineered feature (derived, cross-stage)",no,FIC_ET_DC_RF_Vt_gs; SIN_ET_DC_RF_Vt_gs; THIN_ET_DC_RF_Vt_gs; TOPSIN_ET_DC_RF_Vt_gs,included,,FIC+SIN+THIN+TOPSIN,,
STAGE_RANGE_Vbkd,"engineered feature (derived, cross-stage)",no,FMESA_ET_Vbkd; MESA_ET_Vbkd,included,,FMESA+MESA,,
STAGE_STD_Vbkd,"engineered feature (derived, cross-stage)",no,FMESA_ET_Vbkd; MESA_ET_Vbkd,included,,FMESA+MESA,,
STAGE_DELTA_Vbkd_FMESA_minus_MESA,"engineered feature (derived, cross-stage)",no,FMESA_ET_Vbkd; MESA_ET_Vbkd,included,,FMESA+MESA,,
STAGE_RANGE_Rc_TF_AB_2,"engineered feature (derived, cross-stage)",no,TFRP_ET_Rc_TF_AB_2; THIN_ET_Rc_TF_AB_2,included,,TFRP+THIN,,
STAGE_STD_Rc_TF_AB_2,"engineered feature (derived, cross-stage)",no,TFRP_ET_Rc_TF_AB_2; THIN_ET_Rc_TF_AB_2,included,,TFRP+THIN,,
STAGE_DELTA_Rc_TF_AB_2_TFRP_minus_THIN,"engineered feature (derived, cross-stage)",no,TFRP_ET_Rc_TF_AB_2; THIN_ET_Rc_TF_AB_2,included,,TFRP+THIN,,
STAGE_RANGE_TF_AB_1,"engineered feature (derived, cross-stage)",no,TFRP_ET_TF_AB_1; THIN_ET_TF_AB_1,included,,TFRP+THIN,,
STAGE_STD_TF_AB_1,"engineered feature (derived, cross-stage)",no,TFRP_ET_TF_AB_1; THIN_ET_TF_AB_1,included,,TFRP+THIN,,
STAGE_DELTA_TF_AB_1_TFRP_minus_THIN,"engineered feature (derived, cross-stage)",no,TFRP_ET_TF_AB_1; THIN_ET_TF_AB_1,included,,TFRP+THIN,,
STAGE_RANGE_TF_AB_2,"engineered feature (derived, cross-stage)",no,TFRP_ET_TF_AB_2; THIN_ET_TF_AB_2,included,,TFRP+THIN,,
STAGE_STD_TF_AB_2,"engineered feature (derived, cross-stage)",no,TFRP_ET_TF_AB_2; THIN_ET_TF_AB_2,included,,TFRP+THIN,,
STAGE_DELTA_TF_AB_2_TFRP_minus_THIN,"engineered feature (derived, cross-stage)",no,TFRP_ET_TF_AB_2; THIN_ET_TF_AB_2,included,,TFRP+THIN,,
STAGE_RANGE_TF_AB_3,"engineered feature (derived, cross-stage)",no,TFRP_ET_TF_AB_3; THIN_ET_TF_AB_3,included,,TFRP+THIN,,
STAGE_STD_TF_AB_3,"engineered feature (derived, cross-stage)",no,TFRP_ET_TF_AB_3; THIN_ET_TF_AB_3,included,,TFRP+THIN,,
STAGE_DELTA_TF_AB_3_TFRP_minus_THIN,"engineered feature (derived, cross-stage)",no,TFRP_ET_TF_AB_3; THIN_ET_TF_AB_3,included,,TFRP+THIN,,
