unit,unit_type,cluster_size,oof_importance,cumulative_fraction
TOPSIN_ET_lkg_C385pf,numeric_cluster,72,0.6956634500463337,0.177550397195872
MEASURE_ET_Cap1pf_0,numeric_cluster,82,0.3509804442202849,0.2671292262620601
OHMIC_ET_Rc_an_ct2,numeric_cluster,52,0.2824260418832236,0.33921128822964586
MEASURE_ET_DC_Stress_Id_stress_before,numeric_cluster,1,0.16123133789463356,0.38036148532812414
TOPSIN_ET_DC_PIV_Drain_Lag_1,numeric_cluster,11,0.09641001973001972,0.4049676900893298
MEASURE_ET_ABVIETCH,numeric_cluster,1,0.08539493662275113,0.42676257512299937
MEASURE_ET_DC_Big_S12dB_10GHz,numeric_cluster,1,0.0751662576666489,0.44594685008174834
MEASURE_ET_Gm_m2,numeric_cluster,199,0.07387259092067458,0.4648009495158646
OHMIC_ET_Rsh_an_ct2,numeric_cluster,1,0.0565101358957632,0.47922372402445373
MEASURE_ET_DC_SMALL_Ids_m0p2,numeric_cluster,1,0.05032407062828444,0.4920676627536911
THIN_ET_Rcat_cn_3,numeric_cluster,4,0.046719722792538,0.5039916833963506
MEASURE_ET_DC_RF2_MAG_26GHz,numeric_cluster,1,0.03699429444482002,0.5134335358786412
MEASURE_ET_DC_RF2_S22dB_26GHz,numeric_cluster,1,0.034892039383529236,0.5223388412401734
SIN_ET_DC_RF_Vbin_gs,numeric_cluster,1,0.031663568105232326,0.5304201614437115
STAGE_RANGE_sh_GA142,engineered,1,0.030627795518790385,0.5382371270457321
FIC_ET_DC_RF_Vbgs_0p01,numeric_cluster,1,0.030561540755127414,0.5460371828049204
MEASURE_ET_DC_Big_Vg_optt2,numeric_cluster,1,0.029474856745563244,0.5535598901170807
MEASURE_ET_RF_Modeling_S21_25G_Before,numeric_cluster,1,0.029034062388534697,0.5609700958838932
MEASURE_ET_DC_RF_CF_S12_Mag_L1002,numeric_cluster,1,0.029029831599831253,0.568379221849525
MEASURE_ET_DC_RF_Min_S21_Freq_L1018,numeric_cluster,1,0.028492395660739987,0.5756511809646538
MEASURE_ET_VIA_KLV,numeric_cluster,1,0.02209823648102405,0.5812911936234658
MEASURE_ET_DC_RF_K_W,numeric_cluster,1,0.02128468353960002,0.5867235675916437
FIC_ET_DC_RF_Vg_max_Vd_0p1mA,numeric_cluster,1,0.01996348539342937,0.591818739345717
THIN_ET_TF_AB_1,numeric_cluster,1,0.019040049904549015,0.5966782276844486
MaskSetSupplyChipsCount,numeric_cluster,1,0.017511793969379335,0.6011476675762073
MEASURE_ET_DC_RF2_S21ang_26GHz,numeric_cluster,1,0.017169944489140575,0.6055298590851546
STAGE_STD_R_f_tn_1,engineered,1,0.016984622484406367,0.6098647518671851
TOPSIN_ET_R_f_hr_3,numeric_cluster,1,0.016205489418448328,0.6140007907561152
MEASURE_ET_DC_RD_K,numeric_cluster,1,0.014931873405542912,0.6178117715599164
MEASURE_ET_R414,numeric_cluster,1,0.014568903096787277,0.6215301134267637
ANODE_ET_Ran_con_1,numeric_cluster,1,0.01396868755108226,0.6250952655457006
MEASURE_ET_DC_RF_Min_S21_Freq_L1002,numeric_cluster,1,0.013621848991450202,0.6285718959462385
MEASURE_ET_DC_SEC_X_Ids_max_norm_FPSD3p2,numeric_cluster,1,0.012799187178221252,0.6318385628483535
MEASURE_ET_DC_SEC_X_Ig_cut1_mAmm_pos_FPSD3p2,numeric_cluster,1,0.01239241171614405,0.6350014106625798
FIC_ET_DC_RF_Vbgs_0p1,numeric_cluster,1,0.012323136475834568,0.6381465777341538
MEASURE_ET_DC_SEC_Ids_min_ON,numeric_cluster,1,0.012147504393413716,0.6412469191849597
THIN_ET_DC_RF_Vg_optt3,numeric_cluster,1,0.011434670535904131,0.6441653279288982
MEASURE_ET_RGAN1,numeric_cluster,1,0.011327569867817164,0.6470564019520642
MEASURE_ET_DC_SEC_X_Ig_mAmm_at_Vg_cond_neg,numeric_cluster,1,0.011229516308375825,0.6499224502987709
MEASURE_ET_DC_SEC_X_Ig_cut2_mAmm_neg,numeric_cluster,1,0.010930114385281414,0.6527120839217156
TOPSIN_ET_DC_SMALL_Vbin_gd,numeric_cluster,1,0.01086842168191345,0.6554859720516547
MEASURE_ET_DC_SEC_X_Ig_cut1_mAmm_pos,numeric_cluster,1,0.010788477532869432,0.6582394564714156
STAGE_RANGE_DC_PIV_Drain_Lag_0,engineered,1,0.009909128616762231,0.660768509451925
MEASURE_ET_RF_Modeling_Mag_i,numeric_cluster,1,0.009731302531716592,0.6632521768483138
FIC_ET_Probe_Number,numeric_cluster,1,0.009081296262534387,0.6655699466813544
FIC_ET_G_per_25,numeric_cluster,1,0.009012691288007,0.6678702068400315
TOPSIN_ET_R414,numeric_cluster,1,0.008688879362346918,0.6700878222428084
MEASURE_ET_RF_Modeling_S21_19G_After,numeric_cluster,1,0.008661696865354777,0.6722985000047802
MEASURE_ET_DC_SEC_X_Ig_cut1_mAmm_neg,numeric_cluster,1,0.008469340850318061,0.6744600837876583
MEASURE_ET_DC_RF_Vg_max_Vd,numeric_cluster,1,0.00843403004752619,0.6766126553864686
TOPSIN_ET_DC_SMALL_Vbgd_0p1,numeric_cluster,1,0.008356674095502569,0.6787454838465439
EBCR2_Ali_Litho_Gate_to_ohmic_alignment,numeric_cluster,1,0.008290490891916516,0.6808614207276759
MEASURE_ET_Load_Pull_P.A.E_Last,numeric_cluster,2,0.008242736353638215,0.6829651694778391
MEASURE_ET_RF_Modeling_Mag_m,numeric_cluster,1,0.007931720965734891,0.6849895394628072
MEASURE_ET_Rc_f_hr_23,numeric_cluster,2,0.007784871269063129,0.6869764297987143
MEASURE_ET_DC_Diode_Rs_9p5,numeric_cluster,1,0.007494180787244935,0.6888891287846167
MEASURE_ET_DC_SMALL_Vbgs_0p01,numeric_cluster,1,0.0072376468586996005,0.6907363540117578
MEASURE_ET_DC_SEC_Vgs_0p1V,numeric_cluster,1,0.0071972481292201535,0.6925732684909864
MEASURE_ET_DC_RF2_S11dB_26GHz,numeric_cluster,1,0.007133849083525483,0.6943940019767415
MEASURE_ET_DC_SEC_Vboff_2_1,numeric_cluster,1,0.0070510381501378925,0.696193600078549
MEASURE_ET_DC_SEC_S_Id_mA_mm_at_Vg3_FPSD3p2,numeric_cluster,1,0.006988801418390031,0.6979773138379475
MEASURE_ET_DC_RF_S21ang_26GHz_W,numeric_cluster,1,0.0069322553670098305,0.6997465956563236
MEASURE_ET_LT_SEC_Vbgd1_Vd8,numeric_cluster,1,0.006814027169392181,0.7014857027351108
TOPSIN_ET_Load_Pull_PhL_meas,numeric_cluster,1,0.006810855787874023,0.7032240003994488
MEASURE_ET_RGAN2,numeric_cluster,1,0.006497508557210782,0.7048823241550515
STAGE_RANGE_DC_RF_Vbgs_0p1,engineered,1,0.006479629715164558,0.7065360847910789
MEASURE_ET_LT_SEC_Id_min_mA_mm,numeric_cluster,1,0.0064367922953583135,0.7081789122655309
MEASURE_ET_Load_Pull_ID_comp_Last_mA,numeric_cluster,1,0.006371815078167839,0.7098051559583854
MEASURE_ET_R_f_hr_3,numeric_cluster,1,0.006328495119707625,0.7114203433339497
MEASURE_ET_Load_Pull_Pout_W_mm_last,numeric_cluster,2,0.006283709243644778,0.7130241002540497
STAGE_RANGE_Vds_max,engineered,1,0.0062431347789542,0.7146175015742957
MEASURE_ET_HIRS,numeric_cluster,1,0.006214239026558437,0.7162035279888818
MEASURE_ET_C_AN_2_OW_CR,numeric_cluster,1,0.005979136149033861,0.7177295503752504
MEASURE_ET_DC_RF_Vg_Vbon_min,numeric_cluster,1,0.005970285506948038,0.7192533138603965
MEASURE_ET_RF_Modeling_Ft,numeric_cluster,1,0.005900815679645718,0.720759346939511
MEASURE_ET_DC_RF_CF_S11_Ph_L1002,numeric_cluster,1,0.005751215998950179,0.7222271985061053
MEASURE_ET_LT_SEC_Vd_Id_min_Vd3,numeric_cluster,1,0.0057477612278041025,0.7236941683302577
FIC_ET_Bad_Gates,numeric_cluster,1,0.005744406270444886,0.7251602818868977
MEASURE_ET_DC_SEC_X_Vg_at_I1_pos_SD3p5,numeric_cluster,1,0.005669132675873731,0.7266071837735649
MEASURE_ET_DC_RF_S11dB_26GHz_W,numeric_cluster,1,0.0056230253214665325,0.7280423179310406
MEASURE_ET_DC_Diode_S21_dB_rev,numeric_cluster,1,0.005610115974430738,0.729474157306113
MEASURE_ET_DC_RF2_S11ang_26GHz,numeric_cluster,1,0.005603567853368083,0.7309043254398755
MEASURE_ET_DC_SEC_X_Id_plus_Ig_at_Vboff_mA_mm_FPSD3p2,numeric_cluster,1,0.005538115652843763,0.7323177885646287
MEASURE_ET_DC_SEC_X_Ids_max_norm_SD3p5,numeric_cluster,1,0.005491662251537274,0.7337193956405231
SIN_GATE_ET_sh_GA144,numeric_cluster,1,0.005278275778461358,0.7350665412479469
FIC_ET_DC_RF_Vbgd_0p1,numeric_cluster,1,0.005269699229680733,0.736411497909491
FIC_ET_DC_RF_Vg_max_Vd,numeric_cluster,1,0.005258361770822283,0.7377535609730986
THIN_ET_DC_RF_Vds_max_0p1mA,numeric_cluster,1,0.005223955677906196,0.7390868427568176
STAGE_RANGE_DC_PIV_Gate_Lag_0,engineered,1,0.00519726103711648,0.7404133114126153
MEASURE_ET_DC_Stress_Id_max_Ig_after,numeric_cluster,1,0.005189732303799396,0.7417378585507732
SIN_ET_DC_RF_Vg_max_Vd_0p1,numeric_cluster,1,0.0051441363941839985,0.7430507684930108
MEASURE_ET_DC_RF_CF_S22_Mag_L2180,numeric_cluster,1,0.00510665873102924,0.7443541132152003
STAGE_DELTA_Rc_an_ct2_OW_CR_ANODE_minus_THIN,engineered,1,0.005077330659303973,0.7456499726932196
MEASURE_ET_DC_Diode_S11_dB_forw_9p5,numeric_cluster,1,0.005073286708494674,0.7469448000556773
TOPSIN_ET_DC_RF_Vds_max,numeric_cluster,1,0.005054891979627656,0.7482349326315736
MEASURE_ET_DC_SEC_S_Id_mA_mm_at_Vg1_FPSD3p2,numeric_cluster,1,0.0049891903438785985,0.7495082965364653
MEASURE_ET_DC_RF_Vbgs_0p01,numeric_cluster,1,0.004899667418870123,0.7507588119923083
MEASURE_ET_DC_RF2_S12dB_26GHz,numeric_cluster,1,0.004864532832489722,0.7520003602388396
SIN_GATE_ET_RGAN2,numeric_cluster,1,0.004830635268510621,0.7532332569945558
MEASURE_ET_DC_SEC_X_Vg_at_I3_pos,numeric_cluster,1,0.004823618191901437,0.7544643628199894
SIN_ET_DC_RF_n_gd,numeric_cluster,1,0.004791929136188736,0.7556873808201563
MEASURE_ET_RF_Modeling_S12ang_10GHz,numeric_cluster,1,0.004786572793271498,0.7569090317500646
MEASURE_ET_DC_SEC_X_Id_at_Vboff_mA_mm_SD3p5,numeric_cluster,1,0.004785509244099051,0.7581304112361044
MEASURE_ET_DC_Diode_S11_dB_forw,numeric_cluster,1,0.004737571567227558,0.759339555849709
MEASURE_ET_RF_Modeling_Lg,numeric_cluster,1,0.004634093013462728,0.7605222901950711
MEASURE_ET_LT_SEC_Vd_Id_min_Vd7,numeric_cluster,1,0.004630252022816009,0.7617040442252897
STAGE_DELTA_DC_PIV_Drain_Lag_0_FIC_minus_TOPSIN,engineered,1,0.004624690482754918,0.7628843788138991
MEASURE_ET_RF_Modeling_MAG_19G_Before,numeric_cluster,1,0.004589079228620755,0.7640556245358796
MEASURE_ET_DC_SEC_X_Ig_cut3_mAmm_pos_FPSD3p2,numeric_cluster,1,0.004571139845904166,0.7652222916868189
THIN_ET_C_AN_2,numeric_cluster,1,0.004565808105698853,0.766387598046716
MEASURE_ET_DC_SEC_Vbin_gs,numeric_cluster,1,0.004526053748926706,0.7675427581184407
MEASURE_ET_Load_Pull_GL_set,numeric_cluster,1,0.004510374568551584,0.76869391647827
TOPSIN_ET_DC_SMALL_Vt_gs,numeric_cluster,1,0.004487012684829712,0.7698391123116307
MEASURE_ET_Probe_Number,numeric_cluster,1,0.00433103655940396,0.7709444992071774
MEASURE_ET_DC_SEC_S_Ig_cut1_mAmm_neg_SD3p5,numeric_cluster,1,0.004209758628776511,0.7720189329963729
MEASURE_ET_DC_RF_CF_S21_Mag_L1018,numeric_cluster,1,0.004200858381372813,0.7730910952238503
MEASURE_ET_DC_RF_CF_S11_Ph_L2180,numeric_cluster,1,0.004184754955730957,0.7741591474616212
MEASURE_ET_DC_RF_Max_S11_Ph_L2180,numeric_cluster,1,0.004182895816007697,0.7752267252012763
MEASURE_ET_DC_PIV_Ids0_QP1,numeric_cluster,1,0.00415319681605328,0.7762867230267676
OHMIC_ET_OHMC,numeric_cluster,1,0.004124491260825631,0.7773393944895873
FIC_ET_DC_RF_Vbin_gs,numeric_cluster,1,0.004120676639082904,0.7783910923672553
MEASURE_ET_DC_SEC_S_Vg_at_I2_neg_SD3p5,numeric_cluster,1,0.004109246503523849,0.779439872993617
MEASURE_ET_DC_RF_Vg_max_Vd_0p1,numeric_cluster,1,0.004099203086192048,0.7804860902932198
STAGE_STD_DC_RF_Vbgs_0p1,engineered,1,0.0040617081062524745,0.7815227379531059
THIN_ET_R_4000_HOR,numeric_cluster,1,0.004033741891836917,0.7825522479482531
TOPSIN_ET_DC_PIV_Ids1_QP1,numeric_cluster,1,0.0040334956974433876,0.7835816951085448
THIN_ET_DC_RF_Vg_optt1,numeric_cluster,1,0.00399980238684137,0.7846025429084994
MEASURE_ET_DC_RF_S11ang_26GHz,numeric_cluster,1,0.003994033025986572,0.7856219182258747
MEASURE_ET_DC_Big_S21ang_10GHz,numeric_cluster,1,0.003986286537598338,0.7866393164491678
MEASURE_ET_DC_RF_Id_Vbon_min,numeric_cluster,1,0.003943732013507398,0.7876458537128198
MEASURE_ET_Load_Pull_Gain_comp_Last,numeric_cluster,1,0.003932719525995609,0.788649580319204
CATHODE_ET_Rc_cat_ct2,numeric_cluster,2,0.003930178264788912,0.7896526583333174
TOPSIN_ET_sh_f_hr_23,numeric_cluster,1,0.003901862403454098,0.7906485094442113
MEASURE_ET_DC_RF_CF_S11_Ph_L1018,numeric_cluster,1,0.003887592912072039,0.7916407186304611
MEASURE_ET_DC_RF_S12dB_26GHz_W,numeric_cluster,1,0.0038221403589264206,0.792616222717704
MEASURE_ET_LT_SEC_Vbgd1_Vd7,numeric_cluster,1,0.0037954871922165115,0.7935849242622297
FIC_ET_G_per_2p75K,numeric_cluster,1,0.003791489886609339,0.7945526055961948
MEASURE_ET_DC_RD_Vg_Vbon_min,numeric_cluster,1,0.003783458449729605,0.7955182371102247
MEASURE_ET_DC_RF_Min_S21_Ph_L1002,numeric_cluster,1,0.0037433302087178837,0.7964736269116423
MEASURE_ET_DC_RF_S11dB_26GHz,numeric_cluster,1,0.0037307646100093452,0.7974258096636718
MEASURE_ET_DC_RF_Vboff_ON,numeric_cluster,1,0.0037144243295235435,0.7983738219748217
MEASURE_ET_DC_SEC_S_Vg_at_I1_neg_FPSD3p2,numeric_cluster,1,0.003706503573143803,0.7993198127144182
TOPSIN_ET_DC_SMALL_Vdg_max,numeric_cluster,1,0.003674911957958331,0.8002577404979634
MEASURE_ET_DC_RF_Max_S11_Ph_L1018,numeric_cluster,1,0.003606865496978915,0.801178301153519
THIN_ET_Vbpin,numeric_cluster,1,0.0035671744396027607,0.8020887316764624
FIC_ET_sh_f_tn_23,numeric_cluster,1,0.0035310314072886846,0.8029899376099255
MEASURE_ET_DC_RF_S11dB_10GHz,numeric_cluster,1,0.0035264144414350654,0.8038899651803152
ANODE_ET_Ran_con_2_OW_CR,numeric_cluster,1,0.0035092916342521555,0.804785622589794
MEASURE_ET_R_f_tn_1,numeric_cluster,1,0.003472834401430426,0.8056719752181064
SIN_ET_Probe_Number,numeric_cluster,1,0.003379843099630789,0.8065345941824336
MEASURE_ET_DC_RD_MSG_35GHz,numeric_cluster,1,0.003366978405678215,0.8073939297609208
MEASURE_ET_DC_RF_S12ang_10GHz,numeric_cluster,1,0.003363015594790031,0.8082522539327472
STAGE_RANGE_sh_f_tn_23,engineered,1,0.0033305751186635665,0.8091022984983629
MEASURE_ET_DC_RF_Vboff,numeric_cluster,1,0.003313630572128437,0.8099480183995632
MEASURE_ET_DC_SEC_X_Vg_at_I2_neg_FPSD3p2,numeric_cluster,1,0.003283795473133752,0.8107861236507822
MEASURE_ET_i5021_3,numeric_cluster,1,0.0032266918722911376,0.8116096546606631
ANODE_ET_Probe_Number,numeric_cluster,1,0.003224209566636541,0.8124325521251784
MEASURE_ET_DC_RF_Max_S11_Mag_L2180,numeric_cluster,1,0.0032042479595652804,0.8132503548973334
THIN_ET_i5021_2,numeric_cluster,1,0.0031616846281946756,0.8140572944620132
THIN_ET_DC_RF_Vbgs_0p01,numeric_cluster,1,0.0031459059798482625,0.8148602069281284
MEASURE_ET_DC_RF_CF_S22_Ph_L2180,numeric_cluster,1,0.0031390662161614397,0.8156613737185736
TOPSIN_ET_Probe_Number,numeric_cluster,1,0.0031330538020757593,0.8164610059932856
MEASURE_ET_RF_Modeling_Cgd_err,numeric_cluster,1,0.0031226546236113257,0.8172579841422609
MEASURE_ET_DC_SEC_S_Ids_max_FPSD3p2,numeric_cluster,1,0.003108850736314409,0.8180514392001895
MEASURE_ET_DC_RF_S11ang_10GHz,numeric_cluster,1,0.0030971309913228407,0.818841903091372
THIN_ET_C20_0,numeric_cluster,1,0.003080759765005761,0.8196281886435386
STAGE_STD_DC_PIV_Drain_Lag_0,engineered,1,0.003076330034379919,0.8204133436196601
MEASURE_ET_RF_Modeling_Delta_S21_19G,numeric_cluster,1,0.0030633374279200928,0.8211951825635287
THIN_ET_DC_RF_Vbgd_0p01,numeric_cluster,1,0.003028048452197198,0.8219680148941337
MEASURE_ET_RF_Modeling_Cds,numeric_cluster,1,0.00300699885189504,0.822735474849786
MEASURE_ET_LT_SEC_Vbgd1_Vd3,numeric_cluster,1,0.002995061087779878,0.8234998879948576
MEASURE_ET_DC_SEC_S_Id_at_Vboff_mA_mm_FPSD3p2,numeric_cluster,1,0.0029857114745608935,0.8242619148890192
MEASURE_ET_DC_RF_Vbon_min,numeric_cluster,1,0.0029766907210303493,0.8250216394653399
FIC_ET_DC_RF_Vbgs1,numeric_cluster,1,0.0029737040928244246,0.8257806017807939
MEASURE_ET_DC_SEC_S_Ig_cut3_mAmm_neg_SD3p5,numeric_cluster,1,0.002962056904312786,0.8265365914476976
STAGE_DELTA_Rc_TF_AB_2_TFRP_minus_THIN,engineered,1,0.0029506847079315062,0.8272896786507957
MEASURE_ET_C385pf,numeric_cluster,1,0.002949099778888375,0.828042361341078
OHMIC_ET_sh_GA142,numeric_cluster,1,0.00291130812168608,0.8287853986723198
FIN_FIN_Alignment_FIN_to_ohmic_alignment,numeric_cluster,1,0.0029074639900414255,0.8295274548867583
THIN_ET_Ran_con_1_OW_CR,numeric_cluster,1,0.002899810349815055,0.8302675577042458
STAGE_RANGE_TF_AB_1,engineered,1,0.0028702914680831704,0.8310001265781634
MEASURE_ET_DC_Big_Vg_optt1,numeric_cluster,1,0.0028500289229149234,0.8317275239529277
SIN_GATE_ET_Ran_con_2,numeric_cluster,1,0.0027911464427076323,0.8324398930726531
MEASURE_ET_DC_RD_S11ang_18GHz,numeric_cluster,1,0.002789438690664169,0.8331518263321163
STAGE_STD_sh_GA142,engineered,1,0.0027868982511712894,0.8338631112090306
TOPSIN_ET_DC_SMALL_Vds_max,numeric_cluster,1,0.002738360655496435,0.8345620080994975
THIN_ET_sh_f_hr_23,numeric_cluster,1,0.002724732721233399,0.8352574268064532
TOPSIN_ET_HIRS,numeric_cluster,1,0.002692685909570502,0.8359446663800375
MEASURE_ET_DC_SEC_n_gs,numeric_cluster,1,0.0026735485163274742,0.8366270216208724
MEASURE_ET_DC_Diode_S11_dB_rev,numeric_cluster,1,0.002627833523649539,0.837297709272865
TOPSIN_ET_Load_Pull_Id_ord,numeric_cluster,1,0.002627028342691673,0.8379681914229027
STAGE_RANGE_R_f_tn_1,engineered,1,0.0026170725086820863,0.8386361325995966
MEASURE_ET_DC_RF_CF_S22_Ph_L1018,numeric_cluster,1,0.0026130251460505863,0.8393030407899481
MEASURE_ET_DC_SEC_X_Bin_SD3p5,numeric_cluster,1,0.002586776236382894,0.8399632496139074
MEASURE_ET_DC_SEC_Ids_max_ON,numeric_cluster,1,0.002575424124580968,0.8406205611001394
MEASURE_ET_DC_SEC_S_Ig_cut2_mAmm_pos_SD3p5,numeric_cluster,1,0.002560968640954242,0.8412741831919387
MEASURE_ET_DC_RF_Vbgs_0p1,numeric_cluster,1,0.002558939005802366,0.8419272872710016
MEASURE_ET_LT_SEC_Id_min_mA_mm_Vd8,numeric_cluster,1,0.0025488758110702404,0.8425778229756277
MEASURE_ET_Rsh_an_ct2_OW_CR,numeric_cluster,1,0.0025441615849077157,0.8432271554939608
MEASURE_ET_DC_Big_S12ang_10GHz,numeric_cluster,1,0.0025353091647607575,0.8438742286572664
MEASURE_ET_DC_RF_Vt_gd,numeric_cluster,1,0.002512107603223511,0.8445153802122625
MEASURE_ET_LT_SEC_Id_min_mA_mm_Vd3,numeric_cluster,1,0.0025068610685148192,0.8451551927227515
THIN_ET_KLV_F_AB_4u,numeric_cluster,1,0.0025062725020879536,0.845794855016634
FIC_ET_DC_PIV_Ids1_QP3,numeric_cluster,1,0.002494058778755431,0.846431400068366
THIN_ET_DC_RF_Vbin_gs,numeric_cluster,1,0.0024905507984368572,0.8470670497973687
MEASURE_ET_DC_SEC_X_Id_plus_Ig_at_Vboff_mA_mm,numeric_cluster,1,0.0024837094187096136,0.847700953438248
MEASURE_ET_DC_SEC_S_Id_mA_mm_at_Vg3_SD3p5,numeric_cluster,1,0.0024813049048632465,0.8483342433881415
MEASURE_ET_DC_RF_S22dB_26GHz,numeric_cluster,1,0.002474802969658702,0.8489658738844902
MEASURE_ET_DC_RF_S21dB_26GHz_W,numeric_cluster,1,0.0024348158978752016,0.8495872986980804
MEASURE_ET_C_CAT_2,numeric_cluster,1,0.0024142821547416525,0.8502034827961362
MEASURE_ET_DC_SEC_X_Bin,numeric_cluster,1,0.0023970706592713947,0.8508152740978525
MEASURE_ET_DC_Diode_Vbpin,numeric_cluster,1,0.0023951163336430148,0.8514265666076721
MEASURE_ET_RF_Modeling_Ls,numeric_cluster,1,0.0023872919622539355,0.8520358621457552
SIN_ET_DC_RF_Vt_gd,numeric_cluster,1,0.0023850868205632383,0.8526445948775229
MEASURE_ET_DC_RD_Ft,numeric_cluster,1,0.0023697595761089174,0.8532494157200853
TFRP_ET_Rsh_TFR2,numeric_cluster,1,0.002365565956913565,0.8538531662480382
MEASURE_ET_DC_RF_S11ang_26GHz_W,numeric_cluster,1,0.002348286733997675,0.854452506693944
MEASURE_ET_DC_SEC_S_Vboff_Id_plus_Ig_FPSD3p2,numeric_cluster,1,0.002347179967908542,0.8550515646659628
MEASURE_ET_DC_Big_Vg_max_Vd_0p1mA,numeric_cluster,1,0.0023446543960736555,0.855649978050024
TOPSIN_ET_DC_SMALL_Vbgs1,numeric_cluster,1,0.0023298988319258272,0.856244625451734
MEASURE_ET_DC_Diode_S21_dB_forw_9p5,numeric_cluster,1,0.0023053011445987297,0.8568329949195453
MEASURE_ET_DC_SEC_S_Ron_FPSD3p2,numeric_cluster,1,0.0022700710008230597,0.8574123727894509
MEASURE_ET_DC_RF_Vbin_gs,numeric_cluster,1,0.002262736673877427,0.8579898787589967
MEASURE_ET_DC_RF_Vbgd_0p01,numeric_cluster,1,0.0022457921276829466,0.8585630600642139
MEASURE_ET_DC_RF_S22dB_26GHz_W,numeric_cluster,1,0.002233948430451718,0.8591332185670293
FIC_ET_DC_RF_Vbgd1,numeric_cluster,1,0.0022299639112880387,0.8597023601226986
STAGE_STD_DC_PIV_Gate_Lag_0,engineered,1,0.0022241433934438067,0.8602700161392685
TOPSIN_ET_Vds_max,numeric_cluster,1,0.002220033956641097,0.8608366233266428
EBCR2_ET_Ids_EBCR_recess_current,numeric_cluster,1,0.0021981756253796458,0.8613976517310623
FIC_ET_DC_RF_Vdg_max,numeric_cluster,1,0.0021895870953453868,0.8619564881316919
MEASURE_ET_DC_SEC_X_Id_plus_Ig_at_Vboff_mA_mm_SD3p5,numeric_cluster,1,0.002153494119183285,0.8625061127184005
MEASURE_ET_DC_RF2_S22ang_26GHz,numeric_cluster,1,0.0021338439312404258,0.8630507220945586
MEASURE_ET_DC_SEC_X_Id_mA_mm_at_Vg3_FPSD3p2,numeric_cluster,1,0.0021328949067937458,0.8635950892563709
TOPSIN_ET_DC_PIV_Ids0_QP3,numeric_cluster,1,0.002121858015231545,0.8641366395324024
TOPSIN_ET_I_5,numeric_cluster,1,0.0021195458105688807,0.8646775996770186
MEASURE_ET_DC_SEC_X_Vg_at_I2_neg,numeric_cluster,1,0.002085123758758193,0.8652097744686443
MEASURE_ET_DC_RF_CF_S12_Mag_L1018,numeric_cluster,1,0.0020774939787350346,0.865740001953029
MEASURE_ET_C20_0,numeric_cluster,1,0.002071741787521314,0.8662687613369484
THIN_ET_TF_AB_2,numeric_cluster,1,0.0020663432819494837,0.8667961428896643
STAGE_DELTA_DC_PIV_Gate_Lag_0_FIC_minus_TOPSIN,engineered,1,0.0020544250944323278,0.867320482628228
SIN_ET_DC_RF_Vg_optt3,numeric_cluster,1,0.0020483245033982083,0.8678432653461359
MEASURE_ET_DC_SEC_X_Vboff_Id,numeric_cluster,1,0.0020477245404007375,0.8683658949387524
MEASURE_ET_DC_SEC_S_Vg_at_I3_neg_FPSD3p2,numeric_cluster,1,0.0020324637617812795,0.8688846296058769
MEASURE_ET_DC_RF_CF_S12_Ph_L1018,numeric_cluster,1,0.001979442625226532,0.8693898319768107
MEASURE_ET_DC_RF_Max_S11_Freq_L2180,numeric_cluster,1,0.001976867124922167,0.8698943770168154
MEASURE_ET_Load_Pull_Pin_Last,numeric_cluster,1,0.001976513437835152,0.8703988317871892
OHMIC_ET_R114,numeric_cluster,1,0.0019763678931302127,0.87090324941098
MEASURE_ET_DC_RF_Max_S11_Mag_L1018,numeric_cluster,1,0.0019763647840110817,0.8714076662412471
TOPSIN_ET_R_f_tn_3,numeric_cluster,1,0.001967113574770865,0.8719097219357165
TOPSIN_ET_DC_PIV_Ids1_QP3,numeric_cluster,1,0.001966397207066497,0.8724115947955545
MEASURE_ET_VIA_KLV_2,numeric_cluster,1,0.0019515759200997864,0.8729096848989638
MEASURE_ET_RF_Modeling_Tau,numeric_cluster,1,0.001940719503028259,0.8734050041781144
MEASURE_ET_RF_Modeling_S22ang_10GHz,numeric_cluster,1,0.0019384902403393016,0.8738997544946787
TOPSIN_ET_C500pf,numeric_cluster,1,0.0019383921992954614,0.8743944797887606
STAGE_STD_Rcat_cn_2,engineered,1,0.001932635087099839,0.8748877357264219
SIN_ET_DC_RF_Vbgs_0p01,numeric_cluster,1,0.0019212856776695871,0.8753780950160673
MEASURE_ET_DC_Big_S22dB_10GHz,numeric_cluster,1,0.0019101507333017735,0.8758656123944478
TOPSIN_ET_sh_GA144,numeric_cluster,1,0.0019068237263092462,0.8763522806389361
MEASURE_ET_DC_Big_Vg_max_Vd,numeric_cluster,1,0.0018970381106895127,0.8768364513539941
MEASURE_ET_DC_RF_S12dB_10GHz,numeric_cluster,1,0.0018932307265426788,0.8773196503311125
MEASURE_ET_DC_Diode_Rs,numeric_cluster,1,0.0018819289655746425,0.8777999648212729
MEASURE_ET_RF_Modeling_R_Gg,numeric_cluster,1,0.0018631293583104666,0.8782754811899613
TOPSIN_ET_DC_RF_Vg_max_Vd,numeric_cluster,1,0.001855215234264707,0.878748977679831
MEASURE_ET_DC_RD_S22ang_18GHz,numeric_cluster,1,0.0018428751529724473,0.8792193246778958
MEASURE_ET_RF_Modeling_Vth,numeric_cluster,1,0.0018068341194026473,0.8796804731190646
MEASURE_ET_DC_SMALL_Vbgd_0p1,numeric_cluster,1,0.0017969826444200914,0.8801391072218763
STAGE_DELTA_Rcat_cn_2_CATHODE_minus_THIN,engineered,1,0.0017908597440178587,0.8805961786101335
MEASURE_ET_DC_RF_CF_S21_Ph_L2180,numeric_cluster,1,0.0017852560886430537,0.8810518198079194
TOPSIN_ET_R514,numeric_cluster,1,0.0017704656184550954,0.8815036861144752
STAGE_STD_Rsh_an_ct2,engineered,1,0.0017567044279081776,0.8819520402272434
MEASURE_ET_DC_RF_CF_S11_Mag_L2180,numeric_cluster,1,0.0017554830389453955,0.8824000826115524
STAGE_STD_TF_AB_1,engineered,1,0.0017523934239417212,0.8828473364502348
STAGE_RANGE_C_AN_2_OW_CR,engineered,1,0.001722191181246522,0.883286881934847
MEASURE_ET_DC_SEC_S_Vg_at_I3_pos_FPSD3p2,numeric_cluster,1,0.00170627724280665,0.88372236579154
MEASURE_ET_DC_SEC_S_Ids_max_norm,numeric_cluster,1,0.0017057802274996494,0.8841577227977205
MEASURE_ET_DC_SEC_S_Ids_max,numeric_cluster,1,0.0016925150783835175,0.8845896942120689
THIN_ET_C20,numeric_cluster,1,0.0016807227424611212,0.8850186559326829
THIN_ET_Vbpin_D60,numeric_cluster,1,0.0016792396573885597,0.8854472391335633
MEASURE_ET_DC_RF_CF_S22_Ph_L1002,numeric_cluster,1,0.0016703260896738538,0.8858735473730553
MEASURE_ET_TF_AB_2,numeric_cluster,1,0.00166869057504214,0.8862994381890469
MEASURE_ET_DC_RF_Min_S21_Ph_L1018,numeric_cluster,1,0.0016635756992112918,0.8867240235631105
MEASURE_ET_DC_RF_S12ang_26GHz,numeric_cluster,1,0.001660231304940547,0.8871477553656217
TOPSIN_ET_DC_RF_Vbgd_0p01,numeric_cluster,1,0.0016386333117095098,0.8875659748298368
TOPSIN_ET_DC_SMALL_Vbgs_0p01,numeric_cluster,1,0.0016324992204110468,0.8879826287233059
MEASURE_ET_RF_Modeling_S21dB_10GHz,numeric_cluster,1,0.0016161334417230597,0.8883951056681278
THIN_Measure1_Glue_thickness,numeric_cluster,1,0.0015950744367835452,0.8888022078377028
MEASURE_ET_DC_SMALL_Vbin_gs,numeric_cluster,1,0.0015806124074405133,0.8892056189422176
TOPSIN_ET_DC_RF_Vbgd1,numeric_cluster,1,0.0015678680220235774,0.8896057773665857
MEASURE_ET_DC_SEC_Vgs_1V,numeric_cluster,1,0.001563823417263226,0.8900049035084878
MEASURE_ET_DC_SEC_S_Ig_mAmm_at_Vg_cond_pos_SD3p5,numeric_cluster,1,0.0015568533520080485,0.8904022507185595
MEASURE_ET_DC_Big_S22ang_10GHz,numeric_cluster,1,0.0015424423343801787,0.8907959198830135
STAGE_RANGE_DC_RF_Vbgd1,engineered,1,0.0015416384972155271,0.8911893838884818
MEASURE_ET_RF_Modeling_Mag_d,numeric_cluster,1,0.0015201988523318864,0.891577375970041
MEASURE_ET_DC_SEC_S_Ig_cut2_mAmm_neg_SD3p5,numeric_cluster,1,0.0015173156885956221,0.8919646321974075
STAGE_RANGE_DC_RF_Vg_optt3,engineered,1,0.0015127234111576664,0.8923507163627904
TOPSIN_ET_Vdg_max,numeric_cluster,1,0.0014962931323772046,0.8927326071175187
MEASURE_ET_G_per_6K,numeric_cluster,1,0.0014923073960965256,0.8931134806144627
MEASURE_ET_LT_SEC_Vd_Id_min,numeric_cluster,1,0.0014913352654907042,0.8934941059998016
MEASURE_ET_DC_SEC_S_Ig_cut3_mAmm_neg,numeric_cluster,1,0.0014892505336941276,0.8938741993103873
STAGE_RANGE_DC_RF_Vdg_max_0p1,engineered,1,0.0014865847864535013,0.8942536122568092
TOPSIN_ET_sh_GA142_GN,numeric_cluster,1,0.0014799600543016042,0.8946313344088898
TOPSIN_ET_DC_SMALL_Vbgs_0p1,numeric_cluster,1,0.0014794229253217073,0.8950089194724633
MEASURE_ET_RF_Modeling_R_Gs,numeric_cluster,1,0.0014681510735283071,0.8953836276826347
TOPSIN_ET_DC_RF_Vt_gd,numeric_cluster,1,0.0014671020034440528,0.8957580681443565
MEASURE_ET_DC_SEC_Vgs_back_0p5V,numeric_cluster,1,0.0014566632768554916,0.8961298443866891
MEASURE_ET_DC_SEC_S_Id_mA_mm_at_Vg3,numeric_cluster,1,0.001456631312056827,0.89650161247082
TOPSIN_ET_Load_Pull_Gss,numeric_cluster,1,0.0014564349501998998,0.8968733304385826
MEASURE_ET_DC_SEC_X_Ig_cut3_mAmm_pos,numeric_cluster,1,0.0014535294140237498,0.8972443068421563
OHMIC_ET_R314,numeric_cluster,1,0.0014511729162415311,0.8976146818096229
MEASURE_ET_DC_RD_Vboff_ON,numeric_cluster,1,0.0014336162257258037,0.8979805758784964
MEASURE_ET_DC_SMALL_Vbgd1,numeric_cluster,1,0.0014322479868299346,0.8983461207392013
MEASURE_ET_DC_SEC_X_Vboff_Id_FPSD3p2,numeric_cluster,1,0.0014318440897868971,0.8987115625154615
MEASURE_ET_DC_RF2_Ft,numeric_cluster,1,0.001426341792132531,0.8990755999702298
THIN_ET_Ran_con_2,numeric_cluster,1,0.0014243448272993138,0.8994391277505294
MEASURE_ET_i5021_1,numeric_cluster,1,0.0014163734271526104,0.8998006210337425
FIC_ET_DC_RF_Vds_max,numeric_cluster,1,0.0014139736287471076,0.9001615018294662
TOPSIN_ET_DC_RF_Vbin_gs,numeric_cluster,1,0.0014088477994225268,0.9005210743876613
STAGE_STD_DC_RF_Vbgd1,engineered,1,0.0014011694253836323,0.9008786872362291
MEASURE_ET_DC_RD_S22dB_18GHz,numeric_cluster,1,0.0013847747200871109,0.9012321157533689
FIC_ET_Gate_res,numeric_cluster,1,0.0013797811244002992,0.9015842697822521
FIC_ET_R114,numeric_cluster,1,0.0013758481542641972,0.9019354200205671
CHRE_Ali_Litho_Channel_to_Ohmic_Alignment,numeric_cluster,1,0.00137584346150746,0.9022865690611754
MEASURE_ET_R_4000_VER,numeric_cluster,1,0.0013746933188193682,0.9026374245571235
SIN_GATE_ET_Probe_Number,numeric_cluster,1,0.0013716842858892864,0.902987512073969
MEASURE_ET_LT_SEC_Vg_Id_min,numeric_cluster,1,0.0013707226204190885,0.9033373541501691
MEASURE_ET_RF_Modeling_S11ang_10GHz,numeric_cluster,1,0.0013692270217615828,0.9036868145128617
STAGE_RANGE_C_CAT_2_OW_ST,engineered,1,0.0013639529102432862,0.9040349287927681
THIN_ET_Rc_f_tn_23,numeric_cluster,1,0.0013631906580378905,0.9043828485271918
MEASURE_ET_DC_Big_S11dB_10GHz,numeric_cluster,1,0.0013631317576879836,0.9047307532287995
MEASURE_ET_RF_Modeling_S11dB_10GHz,numeric_cluster,1,0.0013623970563376823,0.9050784704165793
MEASURE_ET_DC_SEC_X_Ig_cut3_mAmm_neg_FPSD3p2,numeric_cluster,1,0.0013567883736608144,0.9054247561307966
MEASURE_ET_DC_SMALL_Vdg_max_0p1,numeric_cluster,1,0.0013564257645607663,0.9057709492982665
MEASURE_ET_DC_SEC_X_Vg_at_I1_pos_FPSD3p2,numeric_cluster,1,0.0013526787314939222,0.9061161861308745
STAGE_RANGE_Gate_res,engineered,1,0.0013469672004716377,0.9064599652404965
THIN_ET_Rsh_F_AB_2,numeric_cluster,1,0.0013458624499770354,0.9068034623906609
MEASURE_ET_DC_SEC_S_Ron,numeric_cluster,1,0.0013438837205360546,0.9071464545204765
STAGE_DELTA_Rcat_cn_1_CATHODE_minus_THIN,engineered,1,0.0013357149626458025,0.9074873617826625
SIN_GATE_ET_RGAN1,numeric_cluster,1,0.0013349570840156479,0.9078280756156095
SIN_ET_DC_RF_Vg_max_Vd,numeric_cluster,1,0.0013245537295712032,0.9081661342570072
STAGE_RANGE_TANR,engineered,1,0.0013229320187794573,0.9085037789979833
TOPSIN_ET_Vg_Vds_max,numeric_cluster,1,0.001318043239635513,0.9088401760024587
MEASURE_ET_RF_Modeling_S12dB_10GHz,numeric_cluster,1,0.0012915025229861955,0.9091697991642338
MEASURE_ET_DC_RF_MAG_26GHz,numeric_cluster,1,0.0012903045428452275,0.9094991165720558
FIC_ET_Vds_max,numeric_cluster,1,0.0012827442631174301,0.909826504410819
MEASURE_ET_DC_SEC_X_Id_mA_mm_at_Vg2_SD3p5,numeric_cluster,1,0.0012805957904142168,0.9101533439065842
STAGE_RANGE_DC_RF_Vbgd_0p01,engineered,1,0.0012776550268307856,0.910479432847261
SIN_ET_DC_RF_Vdg_max,numeric_cluster,1,0.0012721501622157969,0.9108041168112944
FIC_ET_DC_RF_Vds_max_0p1,numeric_cluster,1,0.0012669729510855839,0.9111274794239007
MEASURE_ET_Load_Pull_Freq,numeric_cluster,1,0.0012593094216157542,0.9114488861155782
TOPSIN_ET_DC_RF_n_gs,numeric_cluster,1,0.0012574068050243137,0.9117698072127753
MEASURE_ET_DC_RF_Freq_cut_L1018,numeric_cluster,1,0.0012533275622037747,0.912089687187023
MEASURE_ET_DC_RF_CF_S11_Mag_L1018,numeric_cluster,1,0.0012408293920745511,0.912406377321312
TOPSIN_ET_R_f_hr_2,numeric_cluster,1,0.0012400806526905116,0.912722876358922
MEASURE_ET_DC_SEC_S_Ig_mAmm_at_Vg_cond_neg_SD3p5,numeric_cluster,1,0.001229919429633581,0.9130367820028592
MEASURE_ET_DC_RF_CF_S11_Mag_L1002,numeric_cluster,1,0.0012295472001047508,0.9133505926446791
SIN_GATE_ET_OHMC_GN,numeric_cluster,1,0.0012215399162191455,0.9136623596310011
TOPSIN_ET_sh_f_tn_23,numeric_cluster,1,0.0012150573885083287,0.9139724721170474
CATHODE_ET_Probe_Number,numeric_cluster,1,0.001195814444639964,0.9142776733312326
MEASURE_ET_DC_SEC_S_Ig_cut1_mAmm_neg_FPSD3p2,numeric_cluster,1,0.00119278742171899,0.9145821019748278
MEASURE_ET_DC_SEC_S_Ig_mAmm_at_Vg_cond_neg_FPSD3p2,numeric_cluster,1,0.0011897738409098247,0.9148857614785904
TOPSIN_ET_Load_Pull_GL_meas,numeric_cluster,1,0.0011854364274422595,0.9151883139679137
MEASURE_ET_DC_Stress_Vg_max_Ig_before,numeric_cluster,1,0.0011843981043647264,0.9154906014516877
MEASURE_ET_DC_SMALL_Vbgs_0p1,numeric_cluster,1,0.0011756076115912472,0.9157906453858208
ANODE_ET_Ran_con_1_OW_CR,numeric_cluster,1,0.0011713474518349534,0.9160896020225592
FIC_ET_DC_RF_Vbin_gd,numeric_cluster,1,0.0011705435925734313,0.9163883534946721
OHMIC_ET_OHMIC_conc,numeric_cluster,1,0.001167120543239275,0.9166862313205285
MEASURE_ET_DC_RF_CF_S12_Ph_L1002,numeric_cluster,1,0.0011663241899571735,0.9169839058974697
MEASURE_ET_DC_RF_Freq_cut_L1002,numeric_cluster,1,0.001159549420925277,0.917279851386973
STAGE_DELTA_DC_PIV_Ids1_QP3_FIC_minus_TOPSIN,engineered,1,0.0011582881461887626,0.917575474968188
MEASURE_ET_DC_RF_n_gd,numeric_cluster,1,0.0011566040367465078,0.9178706687233135
MEASURE_ET_DC_RD_S12ang_18GHz,numeric_cluster,1,0.0011554524790351544,0.91816556857263
THIN_ET_DC_RF_Vbgd_0p1,numeric_cluster,1,0.0011523487902578655,0.9184596762843472
MEASURE_ET_DC_SMALL_Vbin_gd,numeric_cluster,1,0.0011427456202346845,0.9187513330312311
STAGE_RANGE_DC_PIV_Gate_Lag_1,engineered,1,0.0011422532970495024,0.9190428641251471
MEASURE_ET_DC_RF_Max_S11_Freq_L1018,numeric_cluster,1,0.0011382904673107612,0.919333383807591
THIN_ET_C_CAT_2_OW_ST,numeric_cluster,1,0.0011316553159401244,0.919622210036453
OHMIC_ET_Ran_con_1,numeric_cluster,1,0.0011302062950972564,0.9199106664396095
STAGE_RANGE_DC_PIV_Ids1_QP3,engineered,1,0.0011298001753081185,0.9201990191910219
FIC_ET_R_f_tn_2,numeric_cluster,1,0.0011291355756909073,0.9204872023202901
TOPSIN_ET_DC_RF_Vbgs1,numeric_cluster,1,0.0011166790056878718,0.9207722062269736
MEASURE_ET_DC_SEC_Vgs_0p5V,numeric_cluster,1,0.001109521298675398,0.9210553833110421
MEASURE_ET_DC_SEC_X_Vboff_Id_plus_Ig,numeric_cluster,1,0.0010975749261436549,0.9213355113874504
STAGE_RANGE_Rsh_cat_c2_OW_ST,engineered,1,0.0010931298601237198,0.9216145049738443
MEASURE_ET_DC_SEC_X_Id_mA_mm_at_Vg1_FPSD3p2,numeric_cluster,1,0.0010817711161112751,0.9218905995298078
MEASURE_ET_DC_SEC_S_Ig_cut2_mAmm_neg_FPSD3p2,numeric_cluster,1,0.0010756989172477493,0.9221651443114947
MEASURE_ET_RF_Modeling_MAG_19G_After,numeric_cluster,1,0.001070499968057461,0.9224383621936676
TOPSIN_ET_C385pf,numeric_cluster,1,0.0010699043662983462,0.9227114280636443
MEASURE_ET_RF_Modeling_Fmax,numeric_cluster,1,0.001065848238589334,0.9229834587102155
ANODE_ET_Rsh_an_ct2,numeric_cluster,1,0.0010579268526899014,0.9232534676245645
MEASURE_ET_DC_RF_Vdg_max_0p1mA,numeric_cluster,1,0.0010423876150033346,0.9235195105438289
SIN_ET_DC_RF_Vbgs_0p1,numeric_cluster,1,0.0010389924018678362,0.9237846869213183
ANODE_ET_Ran_con_3,numeric_cluster,1,0.0010368871654279918,0.924049325990766
THIN_ET_DC_RF_Vbgd1,numeric_cluster,1,0.0010368221825937008,0.9243139484749985
MEASURE_ET_DC_SEC_X_Ig_mAmm_at_Vg_cond_pos,numeric_cluster,1,0.0010366549573304182,0.9245785282792369
SIN_ET_DC_RF_Vds_max_0p1mA,numeric_cluster,1,0.0010355011053896465,0.9248428135921226
FIC_ET_DC_RF_Vg_optt1,numeric_cluster,1,0.0010310185607607493,0.9251059548495327
FIC_ET_G_per_15,numeric_cluster,1,0.0010292998307006292,0.9253686574448212
MEASURE_ET_DC_SEC_S_Vg_at_I2_pos,numeric_cluster,1,0.0010289520061656705,0.9256312712667463
THIN_ET_DC_RD_Vboff,numeric_cluster,1,0.0010267051767081919,0.925893311642614
THIN_ET_DC_RF_Vbgs_0p1,numeric_cluster,1,0.0010264186464626983,0.9261552788889262
MEASURE_ET_Ran_con_1,numeric_cluster,1,0.0010234639916247767,0.9264164920347606
SIN_ET_DC_RF_Vbin_gd,numeric_cluster,1,0.0010208742463040494,0.926677044213988
STAGE_STD_Vds_max,engineered,1,0.0010111054394866313,0.926935103153804
THIN_ET_OHMC,numeric_cluster,1,0.0010006735188709212,0.9271904996112822
MEASURE_ET_DC_RF2_MAG_35GHz,numeric_cluster,1,0.0009815946173392257,0.9274410266645323
GATE2_ET_Ids2_Gate_recess_current,numeric_cluster,1,0.0009771397990372722,0.9276904167387463
MEASURE_ET_RF_Modeling_Ld,numeric_cluster,1,0.0009741635898926212,0.9279390472112939
MEASURE_ET_DC_SEC_Vds_min_ON,numeric_cluster,1,0.0009724885396684884,0.9281872501698871
THIN_ET_C_AN_2_OW_CR,numeric_cluster,1,0.0009648321609449162,0.9284334990325975
MEASURE_ET_DC_SEC_X_Vg_at_I3_neg,numeric_cluster,1,0.0009600375518568278,0.9286785241933182
STAGE_STD_sh_f_tn_23,engineered,1,0.0009597268522320063,0.9289234700558643
MEASURE_ET_DC_RF_S22dB_10GHz,numeric_cluster,1,0.0009538079349839856,0.9291669052653663
FMESA_ET_Probe_Number,numeric_cluster,1,0.0009521698402915506,0.929409922392873
MEASURE_ET_DC_RF_Max_S11_Freq_L1002,numeric_cluster,1,0.0009476160397325108,0.9296517772786407
SIN_ET_DC_RF_Vbgd_0p1,numeric_cluster,1,0.0009456297700266997,0.9298931252195988
MEASURE_ET_DC_SEC_S_Vboff_Id,numeric_cluster,1,0.00093595823590259,0.930132004747526
TOPSIN_ET_Load_Pull_Id_ini,numeric_cluster,1,0.0009351938765527511,0.9303706891921752
MEASURE_ET_DC_SEC_S_Vg_at_I1_neg,numeric_cluster,1,0.000934648658890263,0.930609234483887
MEASURE_ET_DC_SEC_X_Vg_at_I2_neg_SD3p5,numeric_cluster,1,0.0009299780964791985,0.9308465877333675
MEASURE_ET_R_f_hr_2,numeric_cluster,1,0.0009286452643455841,0.9310836008113547
STAGE_RANGE_Rcat_cn_2_OW_ST,engineered,1,0.0009271203526831319,0.9313202246944353
MEASURE_ET_R_660_VER,numeric_cluster,1,0.0009271006517525369,0.9315568435493548
TOPSIN_ET_DC_RF_Vbin_gd,numeric_cluster,1,0.0009247531605810821,0.9317928632668753
MEASURE_ET_DC_RF_MAG_35GHz,numeric_cluster,1,0.0009206557402768925,0.932027837222106
THIN_ET_R_660_HOR,numeric_cluster,1,0.0009190638629410393,0.9322624048911458
MEASURE_ET_DC_Diode_S21_dB_rev_9p5,numeric_cluster,1,0.0009141319320040685,0.9324957138102875
MEASURE_ET_I_5,numeric_cluster,1,0.0009129755836205612,0.9327287276009231
THIN_ET_R_f_tn_1,numeric_cluster,1,0.0009095698460921252,0.9329608721637003
MEASURE_ET_OHMC_GN,numeric_cluster,1,0.000907900484336871,0.9331925906643598
MEASURE_ET_DC_RD_S21ang_18GHz,numeric_cluster,1,0.0009065408724578356,0.9334239621586772
FIC_Height_FIC_metal_thickness,numeric_cluster,1,0.000903561806497793,0.9336545733221989
MEASURE_ET_Er,numeric_cluster,1,0.0009024680463089504,0.9338849053312588
STAGE_RANGE_DC_RF_Vp_01,engineered,1,0.0009001226055045722,0.9341146387262239
MEASURE_ET_DC_SEC_S_Ig_cut1_mAmm_pos,numeric_cluster,1,0.0008987026658874365,0.9343440097177267
MEASURE_ET_DC_RD_S21dB_18GHz,numeric_cluster,1,0.0008949090420332827,0.9345724124832544
MEASURE_ET_DC_RF_MAG_35GHz_W,numeric_cluster,1,0.0008938580796352422,0.9348005470173678
TOPSIN_ET_Load_Pull_IG_comp_Last_uA,numeric_cluster,1,0.0008916862150459304,0.9350281272382992
THIN_ET_DC_RF_Vbgs1,numeric_cluster,1,0.000889730509473351,0.9352552083151385
THIN_ET_DC_RF_Vt_gs,numeric_cluster,1,0.0008887855919875985,0.9354820482258294
MEASURE_ET_LT_SEC_Vbgd1,numeric_cluster,1,0.0008873462425216817,0.9357085207791876
MEASURE_ET_DC_Big_MAG_10GHz,numeric_cluster,1,0.0008836195476454988,0.9359340421884899
MEASURE_ET_DC_RD_Vbon_max,numeric_cluster,1,0.0008806683766969036,0.9361588103864885
STAGE_RANGE_DC_RF_Vg_max_Vd,engineered,1,0.0008735149152843197,0.9363817528454533
STAGE_STD_DC_RF_Vbgd_0p01,engineered,1,0.000873277003221443,0.9366046345834168
MEASURE_ET_LT_SEC_Vg_Id_min_Vd8,numeric_cluster,1,0.0008698658067193202,0.9368266457002576
MEASURE_ET_RF_Modeling_L_Gg,numeric_cluster,1,0.0008698569780695758,0.9370486545638103
STAGE_STD_DC_RF_Vbin_gs,engineered,1,0.0008681332175382068,0.9372702234813416
TOPSIN_ET_R_f_hr_1,numeric_cluster,1,0.0008539707089653464,0.9374881777788692
THIN_ET_R_f_tn_3,numeric_cluster,1,0.0008514825341105269,0.9377054970330668
SIN_ET_DC_RF_Vg_optt2,numeric_cluster,1,0.0008489029864552609,0.937922157923352
BFIC_Height_FIC_metal_thickness,numeric_cluster,1,0.0008460594031200501,0.9381380930613347
MEASURE_ET_DC_SEC_X_Ids_max_norm,numeric_cluster,1,0.000843964649145043,0.9383534935666581
TOPSIN_ET_DC_RF_Vbgs_0p1,numeric_cluster,1,0.0008376899011743051,0.9385672926021983
SIN_Thickness1_RefractiveIndex,numeric_cluster,1,0.0008371182067872837,0.9387809457272906
SIN_Thickness2_RefractiveIndex,numeric_cluster,1,0.000835574023673196,0.9389942047389289
FIC_ET_OHMC,numeric_cluster,1,0.0008326503541944639,0.9392067175583141
MEASURE_ET_DC_SEC_X_Ig_cut2_mAmm_pos_SD3p5,numeric_cluster,1,0.0008320855726076312,0.9394190862315678
STAGE_RANGE_DC_PIV_Ids1_QP1,engineered,1,0.0008291197728354692,0.9396306979598827
FIC_ET_DC_RF_Vg_optt,numeric_cluster,1,0.0008239471307737451,0.9398409895029092
MEASURE_ET_Load_Pull_PhL_meas,numeric_cluster,1,0.0008227375512838572,0.9400509723315438
MEASURE_ET_OHMC,numeric_cluster,1,0.0008221251730784606,0.9402607988662209
FIC_ET_DC_RF_n_gs,numeric_cluster,1,0.0008185845275747412,0.9404697217412111
MEASURE_ET_DC_SEC_X_Vboff_Id_plus_Ig_SD3p5,numeric_cluster,1,0.0008171549499202118,0.940678279752875
TOPSIN_ET_C175pf,numeric_cluster,1,0.0008166237909661648,0.9408867021997291
MEASURE_ET_DC_RF_CF_S12_Ph_L2180,numeric_cluster,1,0.0008155717354306838,0.9410948561361733
MEASURE_ET_RF_Modeling_K,numeric_cluster,1,0.0008143246684762003,0.941302691790504
STAGE_RANGE_DC_RF_Vbgs_0p01,engineered,1,0.0008058746287514526,0.9415083707871731
TOPSIN_ET_DC_SMALL_Vds_max_0p1,numeric_cluster,1,0.0008044980713280672,0.941713698452581
STAGE_DELTA_DC_PIV_Drain_Lag_1_FIC_minus_TOPSIN,engineered,1,0.0008042575512671477,0.9419189647313624
TOPSIN_ET_Load_Pull_Gain_comp_Last,numeric_cluster,1,0.000800025058595953,0.9421231507740687
MEASURE_ET_DC_RF_Vbon_max,numeric_cluster,1,0.0007990421365311294,0.9423270859509245
FIN_Etch_Soft_Bias,numeric_cluster,1,0.000798670982724659,0.9425309264002137
STAGE_STD_R_f_hr_3,engineered,1,0.0007978062222934514,0.9427345461414034
MEASURE_ET_DC_SEC_S_Ig_mAmm_at_Vg_cond_pos_FPSD3p2,numeric_cluster,1,0.0007962771230845784,0.9429377756189219
STAGE_RANGE_Rc_cat_ct2,engineered,1,0.0007934817442868207,0.9431402916471198
MEASURE_ET_DC_SEC_X_Vg_at_I2_pos,numeric_cluster,1,0.0007875645977412339,0.9433412974742005
STAGE_STD_DC_RF_Vg_optt2,engineered,1,0.0007851464285031284,0.943541686125104
MEASURE_ET_DC_Big_Vds_max_0p1mA,numeric_cluster,1,0.0007844404232118447,0.9437418945861185
TOPSIN_ET_Load_Pull_PhL_set,numeric_cluster,1,0.0007834000105985262,0.9439418375082826
MEASURE_ET_DC_SEC_X_Ron,numeric_cluster,1,0.0007832964195593272,0.9441417539914694
MEASURE_ET_DC_RF_CF_S21_Ph_L1002,numeric_cluster,1,0.0007768008963577409,0.9443400126576121
STAGE_STD_OHMC,engineered,1,0.0007729697468038208,0.9445372935202998
THIN_ET_Probe_Number,numeric_cluster,1,0.0007716242657475568,0.9447342309831782
MEASURE_ET_DC_PIV_Ids0_QP3,numeric_cluster,1,0.000771398582203173,0.9449311108460737
MEASURE_ET_DC_RF_S21ang_26GHz,numeric_cluster,1,0.0007678125387043564,0.9451270754625989
CATHODE_ET_C_CAT_2,numeric_cluster,1,0.0007659510454897098,0.9453225649803395
GATE2_Ali_Litho_Gate_to_recess_alignment,numeric_cluster,1,0.000765861056981019,0.9455180315308027
THIN_ET_R_f_hr_1,numeric_cluster,1,0.0007647417717941881,0.9457132124121976
MEASURE_ET_DC_SEC_S_Ig_cut3_mAmm_neg_FPSD3p2,numeric_cluster,1,0.000754272757675901,0.9459057213440819
MEASURE_ET_RF_Modeling_ids_m0p2_W,numeric_cluster,1,0.0007471361350702775,0.9460964088346095
STAGE_DELTA_Rsh_cat_c2_OW_ST_CATHODE_minus_THIN,engineered,1,0.0007460949173858529,0.9462868305808129
MEASURE_ET_DC_SEC_X_Ig_cut3_mAmm_neg_SD3p5,numeric_cluster,1,0.0007456033256018951,0.94647712686072
FMESA_ET_Vbkd,numeric_cluster,1,0.0007445081157627671,0.9466671436161791
SIN_ET_DC_RF_n_gs,numeric_cluster,1,0.0007417480248431605,0.9468564559286505
MEASURE_ET_DC_RF_Vbgs1,numeric_cluster,1,0.0007358324094264869,0.9470442584307864
MEASURE_ET_DC_Stress_Id_stress_after,numeric_cluster,1,0.0007327688373831604,0.947231279034099
MEASURE_ET_DC_RF_MSG_18GHz,numeric_cluster,1,0.0007327589713605308,0.9474182971193603
MEASURE_ET_DC_SMALL_Vds_max,numeric_cluster,1,0.0007291740116855767,0.9476044002348698
STAGE_RANGE_Rcat_cn_1,engineered,1,0.0007271743874234857,0.9477899929971589
BRGM_Height3_TOP_metal_thickness,numeric_cluster,1,0.000718972969489035,0.9479734925561732
MEASURE_ET_Load_Pull_Gss,numeric_cluster,1,0.0007161381002506384,0.9481562685869366
STAGE_RANGE_DC_RF_Gm_0,engineered,1,0.0007148890523203174,0.9483387258299929
MEASURE_ET_DC_SEC_X_Ig_cut3_mAmm_neg,numeric_cluster,1,0.0007094728124234142,0.9485198007156105
OHMIC_ET_Probe_Number,numeric_cluster,1,0.0007092817129092236,0.9487008268279388
STAGE_RANGE_HIRS,engineered,1,0.0007086115436932337,0.9488816818966246
SIN_ET_DC_RF_Vbgs1,numeric_cluster,1,0.0007081089781547552,0.9490624086982424
MEASURE_ET_Load_Pull_Id_ini,numeric_cluster,1,0.0006989410900029678,0.9492407956296506
STAGE_STD_Gate_res,engineered,1,0.0006971963142209448,0.9494187372514293
STAGE_RANGE_DC_RF_Vg_optt2,engineered,1,0.0006936889548778866,0.9495957837089668
FIN_CD2_CD_etch_FIN,numeric_cluster,1,0.0006933701484791167,0.9497727487992818
STAGE_STD_Rcat_cn_3,engineered,1,0.0006861743013944094,0.9499478773326984
STAGE_STD_R_f_hr_2,engineered,1,0.0006836938057674328,0.9501223727827127
TOPSIN_ET_OHMC_GN,numeric_cluster,1,0.0006804626066666867,0.9502960435513619
MEASURE_ET_RF_Modeling_Rs,numeric_cluster,1,0.0006784523974195921,0.9504692012652425
MEASURE_ET_DC_SMALL_Vbgd_0p01,numeric_cluster,1,0.0006773493638002213,0.9506420774578541
FIN_Etch_Hard_Bias,numeric_cluster,1,0.000676206994036263,0.9508146620896467
STAGE_RANGE_OHMC,engineered,1,0.0006760464351245712,0.9509872057428619
MEASURE_ET_DC_SEC_X_Ig_cut2_mAmm_neg_SD3p5,numeric_cluster,1,0.0006737420955425088,0.9511591612720236
MEASURE_ET_DC_RF_Vg_optt,numeric_cluster,1,0.0006733604314003609,0.9513310193911229
STAGE_STD_DC_PIV_Ids1_QP3,engineered,1,0.0006717395557537297,0.9515024638229502
SIN_GATE_ET_RGAN3,numeric_cluster,1,0.0006709800889282793,0.951673714420192
THIN_ET_Rsh_TF_AB2,numeric_cluster,1,0.0006683049340712471,0.9518442822522154
STAGE_RANGE_Vbkd,engineered,1,0.0006643378011600555,0.9520138375744913
STAGE_RANGE_Gm_max,engineered,1,0.0006629625560425532,0.9521830419004388
FIC_ET_R214,numeric_cluster,1,0.0006606856783267869,0.9523516651112754
STAGE_RANGE_DC_RF_Vg_optt,engineered,1,0.0006591786606103264,0.9525199036941803
FIC_ET_DC_PIV_Ids0_QP2,numeric_cluster,1,0.0006520558264891192,0.9526863243548882
STAGE_DELTA_Rcat_cn_3_CATHODE_minus_THIN,engineered,1,0.0006500653656928348,0.9528522370011172
MEASURE_ET_DC_Stress_Vd_stress,numeric_cluster,1,0.0006499909999688906,0.9530181306673872
TOPSIN_ET_DC_PIV_Ids0_QP1,numeric_cluster,1,0.0006463337372567943,0.9531830909103945
MEASURE_ET_DC_SEC_X_Vg_at_I3_pos_SD3p5,numeric_cluster,1,0.0006461729266826707,0.9533480101105941
STAGE_STD_DC_PIV_Ids0_QP2,engineered,1,0.0006412306841741937,0.9535116679291294
TOPSIN_ET_G_per_6K,numeric_cluster,1,0.000634058724777368,0.953673495287491
MEASURE_ET_DC_PIV_Gate_Lag_0,numeric_cluster,1,0.0006302665657661379,0.9538343547937417
THIN_ET_DC_RF_Vt_gd,numeric_cluster,1,0.0006256170834899326,0.9539940276379291
MEASURE_ET_DC_SEC_Vg_max_ON,numeric_cluster,1,0.000625269021804825,0.9541536116482264
MEASURE_ET_DC_SEC_S_Vboff_Id_plus_Ig,numeric_cluster,1,0.0006250908283159551,0.9543131501791693
MEASURE_ET_DC_SEC_Vboff_Vds_min_ON,numeric_cluster,1,0.0006249675449992405,0.9544726572451819
THIN_ET_R_400_VER,numeric_cluster,1,0.0006232678368740913,0.9546317305039381
SIN_GATE_ET_Ran_con_1,numeric_cluster,1,0.0006232367291210486,0.9547907958232317
MEASURE_ET_DC_SEC_X_Ron_SD3p5,numeric_cluster,1,0.0006230757284315035,0.9549498200511953
MEASURE_ET_DC_RF_Vbin_gd,numeric_cluster,1,0.0006212924079674275,0.9551083891319802
MEASURE_ET_DC_RF_Min_S21_Ph_L2180,numeric_cluster,1,0.0006212394813911251,0.9552669447046027
MEASURE_ET_R214,numeric_cluster,1,0.0006147190349950931,0.95542383609917
SIN_ET_DC_RF_Vt_gs,numeric_cluster,1,0.0006138406890102701,0.9555805033182707
THIN_ET_DC_RF_Vbin_gd,numeric_cluster,1,0.0006133314663012122,0.9557370405712301
MEASURE_ET_DC_RD_S12dB_18GHz,numeric_cluster,1,0.0006120254942103841,0.9558932445080387
TOPSIN_ET_Load_Pull_Id_SS,numeric_cluster,1,0.00060855101557096,0.956048561672569
MEASURE_ET_RF_Modeling_S21_25G_After,numeric_cluster,1,0.0006074007848004945,0.9562035852699583
TOPSIN_ET_DC_RF_Vbgs_0p01,numeric_cluster,1,0.000605071657106613,0.9563580144167593
MEASURE_ET_R_4000_HOR,numeric_cluster,1,0.0006024753483326619,0.9565117809217984
MEASURE_ET_DC_SEC_S_Vboff_Id_plus_Ig_SD3p5,numeric_cluster,1,0.000601126652860933,0.9566652032066307
MEASURE_ET_DC_SEC_X_Id_at_Vboff_mA_mm,numeric_cluster,1,0.0006005927151386329,0.9568184892174435
SIN_ET_DC_RF_Vbgd1,numeric_cluster,1,0.0006005007163816528,0.956971751747914
THIN_ET_DC_RF_Vdg_max_0p1mA,numeric_cluster,1,0.0005995672901027193,0.9571247760450743
TOPSIN_ET_RGAN2,numeric_cluster,1,0.0005991742406911951,0.9572777000263717
TOPSIN_ET_C450pf,numeric_cluster,1,0.0005977163352103397,0.9574302519143859
MEASURE_ET_RF_Modeling_Rgd,numeric_cluster,1,0.0005924349167583537,0.9575814558547052
CATHODE_ET_Rsh_cat_c2_OW_ST,numeric_cluster,1,0.0005910564576029401,0.9577323079783947
STAGE_STD_DC_RF_Vp_01,engineered,1,0.0005898734212079466,0.957882858162142
MEASURE_ET_DC_RF_S12dB_26GHz,numeric_cluster,1,0.0005898375263851485,0.958033399184649
STAGE_STD_Rc_an_ct2_OW_CR,engineered,1,0.0005897693384409755,0.9581839228039181
MEASURE_ET_DC_RF_K,numeric_cluster,1,0.0005866302276828239,0.9583336452450284
STAGE_RANGE_R_f_tn_2,engineered,1,0.0005821532932388351,0.9584822250625199
MEASURE_ET_Load_Pull_PhL_set,numeric_cluster,1,0.0005809224198578819,0.9586304907308958
MEASURE_ET_DC_SEC_X_Ig_cut2_mAmm_neg_FPSD3p2,numeric_cluster,1,0.0005794522990081795,0.9587783811883261
TOPSIN_ET_DC_SMALL_Vdg_max_0p1,numeric_cluster,1,0.0005779798017428425,0.9589258958282915
TOPSIN_ET_DC_RF_Vg_max_Vd_0p1,numeric_cluster,1,0.0005741027051111259,0.9590724209379791
MEASURE_ET_LT_SEC_Ig_Id_min_mA_mm_Vd7,numeric_cluster,1,0.000572305246642964,0.959218487292122
MEASURE_ET_DC_Stress_Id_max_Ig_before,numeric_cluster,1,0.000569048802647231,0.9593637225217824
MEASURE_ET_DC_SEC_S_Ids_max_norm_FPSD3p2,numeric_cluster,1,0.0005677795404062082,0.9595086338045472
SIN_CAPACITOR_ThicknessGN1_RefractiveIndex,numeric_cluster,1,0.0005626520556622279,0.9596522364272799
MEASURE_ET_DC_RF_Vbgd_0p1,numeric_cluster,1,0.0005535268191434073,0.959793510065547
MEASURE_ET_DC_Diode_S21_dB_forw,numeric_cluster,1,0.0005514799521454453,0.9599342612930873
MEASURE_ET_DC_RF_CF_S21_Mag_L2180,numeric_cluster,1,0.0005512614568007583,0.9600749567552498
FIC_ET_DC_PIV_Ids1_QP2,numeric_cluster,1,0.0005507587284819027,0.9602155239087987
THIN_ET_DC_RF_Vdg_max,numeric_cluster,1,0.0005428457485629847,0.9603540714755381
MEASURE_ET_DC_SMALL_Vboff,numeric_cluster,1,0.0005425200975378703,0.9604925359281382
MEASURE_ET_DC_SEC_S_Id_plus_Ig_at_Vboff_mA_mm_SD3p5,numeric_cluster,1,0.0005410739819682178,0.9606306312965299
TOPSIN_ET_OHMC,numeric_cluster,1,0.0005410116730818038,0.9607687107621636
THIN_ET_C_CAT_2,numeric_cluster,1,0.0005378389921754246,0.9609059804817123
MEASURE_ET_RF_Modeling_Ft_int,numeric_cluster,1,0.0005355013771043006,0.9610426535844856
THIN_ET_TANR,numeric_cluster,1,0.0005324537397713004,0.9611785488553649
MEASURE_ET_DC_RF_Vt_gs,numeric_cluster,1,0.0005322996326132198,0.9613144047943126
MEASURE_ET_DC_SEC_S_Id_at_Vboff_mA_mm,numeric_cluster,1,0.0005321607691707006,0.9614502252918995
STAGE_STD_DC_RF_Vt_gd,engineered,1,0.0005311076895475775,0.9615857770177041
MEASURE_ET_DC_SEC_S_Ron_SD3p5,numeric_cluster,1,0.0005293880534890832,0.9617208898501541
MEASURE_ET_DC_PIV_Ids1_QP3,numeric_cluster,1,0.000527656659512016,0.9618555607883401
MEASURE_ET_DC_SEC_X_Id_mA_mm_at_Vg3_SD3p5,numeric_cluster,1,0.0005262542671006689,0.9619898738015413
STAGE_RANGE_Rc_cat_ct2_OW_ST,engineered,1,0.0005232133872159171,0.9621234107075153
STAGE_RANGE_Rcat_cn_2,engineered,1,0.0005194093564657695,0.9622559767314189
TOPSIN_ET_DC_RF_Vds_max_0p1,numeric_cluster,1,0.000516729632710321,0.9623878588240091
MEASURE_ET_Rc_OG144,numeric_cluster,1,0.0005155654968586156,0.9625194438005401
MEASURE_ET_DC_SEC_S_Id_mA_mm_at_Vg2_SD3p5,numeric_cluster,1,0.0005147562838676285,0.9626508222460421
WIN_WIN_Alignment_WIN_to_FIN_Alignment,numeric_cluster,1,0.0005136333353807727,0.9627819140875121
THIN_ET_Er,numeric_cluster,1,0.0005103376492853398,0.9629121647889519
STAGE_RANGE_lkg_5,engineered,1,0.0005095776158569748,0.9630422215111953
MEASURE_ET_DC_SEC_X_Vg_at_I3_pos_FPSD3p2,numeric_cluster,1,0.0005086709093390814,0.9631720468196676
STAGE_STD_DC_RF_Vg_optt,engineered,1,0.0005066785280344635,0.9633013636235002
MEASURE_ET_DC_SEC_Vboff_1,numeric_cluster,1,0.0005049161406747823,0.9634302306227962
MEASURE_ET_RF_Modeling_Ft_ext,numeric_cluster,1,0.0005045540532936435,0.9635590052085001
MEASURE_ET_DC_RF_Vds_max_0p1mA,numeric_cluster,1,0.000504168705342275,0.9636876814439431
MEASURE_ET_TFR_AB,numeric_cluster,1,0.0005015203582928306,0.9638156817561786
TOPSIN_ET_DC_SMALL_Vt_gd,numeric_cluster,1,0.0005004974106605183,0.9639434209870558
MEASURE_ET_RF_Modeling_Tau_err,numeric_cluster,1,0.0004973170042879671,0.9640703485001193
THIN_ET_R_400_HOR,numeric_cluster,1,0.0004966519563362192,0.9641971062766126
MEASURE_ET_DC_RF_S21dB_26GHz,numeric_cluster,1,0.0004958712570882737,0.9643236647994848
MEASURE_ET_DC_SMALL_Vg_max_Vd,numeric_cluster,1,0.0004911491331341773,0.9644490181203537
MEASURE_ET_LT_SEC_Ig_Id_min_mA_mm_Vd3,numeric_cluster,1,0.0004910373581764456,0.9645743429135082
MEASURE_ET_RF_Modeling_S22dB_10GHz,numeric_cluster,1,0.0004859362383106286,0.964698365775595
TOPSIN_ET_Ids_m2,numeric_cluster,1,0.00048375637681475226,0.964821832283493
THIN_ET_DC_RF_Vg_max_Vd,numeric_cluster,1,0.00048336733475595463,0.9649451994983032
SIN_ThicknessGN2_RefractiveIndex,numeric_cluster,1,0.0004822545312537273,0.9650682826983302
ANODE_ET_Ran_con_3_OW_CR,numeric_cluster,1,0.0004817287078348711,0.9651912316953072
MEASURE_ET_sh_GA144,numeric_cluster,1,0.00048169309882662966,0.9653141716039907
STAGE_RANGE_DC_RF_Gm_m0p2,engineered,1,0.0004802330119833057,0.9654367388626538
FIC_ET_DC_RF_Ids_m0p2,numeric_cluster,1,0.0004800874235769045,0.9655592689635799
FIN_CD1_CD_PL_FIN,numeric_cluster,1,0.00047989676894010815,0.9656817504047605
MEASURE_ET_DC_SEC_S_Vg_at_I3_pos_SD3p5,numeric_cluster,1,0.00047834290428165355,0.9658038352615189
STAGE_DELTA_Rcat_cn_3_OW_ST_CATHODE_minus_THIN,engineered,1,0.0004766988473952459,0.9659255005145838
MEASURE_ET_DC_Big_MAG_18GHz,numeric_cluster,1,0.00047644104536834485,0.96604709997024
STAGE_STD_Rc_an_ct2,engineered,1,0.00047630291767830754,0.9661686641723175
FIC_ET_DC_RF_Vdg_max_0p1mA,numeric_cluster,1,0.000474195087702622,0.966289690404419
STAGE_STD_C_AN_2_OW_CR,engineered,1,0.0004735097869478709,0.9664105417309378
TOPSIN_ET_TR_1F,numeric_cluster,1,0.0004723687107821259,0.9665311018267955
TOPSIN_ET_DC_PIV_Ids0_QP2,numeric_cluster,1,0.0004717949633938648,0.966651515488229
STAGE_STD_Ran_con_3,engineered,1,0.000470412661020611,0.966771576352149
TOPSIN_ET_Load_Pull_ID_comp_Last_mA,numeric_cluster,1,0.00046998239430802674,0.9668915274014372
STAGE_STD_lkg_5,engineered,1,0.0004698251497153694,0.9670114383180436
STAGE_RANGE_DC_RF_Vbgd_0p1,engineered,1,0.0004695421136327391,0.9671312769968906
FIC_ET_DC_RF_n_gd,numeric_cluster,1,0.00046713248949725825,0.9672505006804804
FIC_ET_GT_lin25,numeric_cluster,1,0.00046335856111223635,0.9673687611648627
SIN_ET_DC_RF_Vdg_max_0p1,numeric_cluster,1,0.00046311466191778695,0.9674869594001807
STAGE_STD_DC_RF_Vp_1,engineered,1,0.0004620977686372276,0.9676048980993598
MEASURE_ET_R_660_HOR,numeric_cluster,1,0.0004611517232605664,0.9677225953445249
TOPSIN_ET_DC_SMALL_n_gs,numeric_cluster,1,0.00045679335092938325,0.9678391802260341
STAGE_RANGE_Ran_con_3,engineered,1,0.000455911347308922,0.9679555399985583
BRGM_Cd_Litho_BRGM_litho_CD,numeric_cluster,1,0.00045443115830836104,0.9680715219904977
THIN_ET_R_f_tn_2,numeric_cluster,1,0.00045096352729969807,0.9681866189578424
MEASURE_ET_DC_SEC_X_Vg_at_I3_neg_SD3p5,numeric_cluster,1,0.00044967336822005703,0.9683013866449052
THIN_ET_TF_AB_3,numeric_cluster,1,0.0004495242796970893,0.9684161162809154
FP2_Height2_FP2_Height2,numeric_cluster,1,0.0004492955472689865,0.9685307875387925
FIC_ET_R314,numeric_cluster,1,0.0004485010225312422,0.9686452560144437
GATE2_CD_330nm_Gate_Leg_Length,numeric_cluster,1,0.0004456806380320305,0.9687590046587053
MEASURE_ET_C500pf_0,numeric_cluster,1,0.0004414087351609203,0.9688716630084409
MEASURE_ET_DC_SEC_X_Ig_mAmm_at_Vg_cond_pos_SD3p5,numeric_cluster,1,0.0004409718620876156,0.9689842098574389
MEASURE_ET_Ids_m2,numeric_cluster,1,0.00044050290374591074,0.9690966370167511
OHMIC_ET_Ran_con_2,numeric_cluster,1,0.00044026329059305877,0.9692090030209021
THIN_ET_R114,numeric_cluster,1,0.0004379935468726749,0.9693207897307131
MEASURE_ET_DC_RF_Vg_max_Vd_0p1mA,numeric_cluster,1,0.0004370099226580484,0.9694323253954678
SIN_ET_DC_RF_Vg_optt1,numeric_cluster,1,0.0004359861697943602,0.9695435997733494
STAGE_RANGE_C_CAT_2,engineered,1,0.00043336025993970706,0.9696542039545466
TOPSIN_ET_RGAN1,numeric_cluster,1,0.00043264669598972887,0.9697646260166994
STAGE_STD_R114,engineered,1,0.0004325159626809398,0.9698750147125011
MEASURE_ET_DC_RF_S22ang_10GHz,numeric_cluster,1,0.0004324841551491184,0.9699853952902396
MEASURE_ET_DC_RF_Min_S21_Mag_L2180,numeric_cluster,1,0.0004310048338901569,0.9700953983088623
GATE2_CD_310nm_Gate_Win_Length,numeric_cluster,1,0.0004308773317465392,0.9702053687858065
SIN_ET_DC_RF_Vg_optt,numeric_cluster,1,0.00043075348637395167,0.9703153076543702
MEASURE_ET_DC_RF_S12ang_26GHz_W,numeric_cluster,1,0.00043034465685650705,0.9704251421796006
FIC_ET_R_f_hr_1,numeric_cluster,1,0.0004295194140203785,0.9705347660825921
MEASURE_ET_DC_SEC_S_Id_at_Vboff_mA_mm_SD3p5,numeric_cluster,1,0.0004288594372951982,0.9706442215433151
MEASURE_ET_DC_Big_S11ang_10GHz,numeric_cluster,1,0.0004275261919089739,0.9707533367270724
STAGE_STD_HIRS,engineered,1,0.0004267063474870398,0.9708622426663989
THIN_ET_Rsh_cat_c2,numeric_cluster,1,0.0004250185673551005,0.9709707178427855
STAGE_STD_Ran_con_1,engineered,1,0.00042493225052858544,0.9710791709889982
STAGE_RANGE_DC_RF_Vg_optt1,engineered,1,0.0004229543018018412,0.9711871193141195
MEASURE_ET_DC_SEC_S_Id_mA_mm_at_Vg1_SD3p5,numeric_cluster,1,0.0004210274700764679,0.9712945758644637
MEASURE_ET_DC_RF_ids_m0p2_W,numeric_cluster,1,0.00041855229774910444,0.9714014006900422
MEASURE_ET_DC_PIV_Ids1_QP2,numeric_cluster,1,0.00041736931150083447,0.9715079235884775
STAGE_RANGE_DC_RF_Vt_gd,engineered,1,0.00041419893816239863,0.9716136373297758
FIC_ET_Vdg_max,numeric_cluster,1,0.0004134805049764539,0.9717191677092809
MEASURE_ET_Load_Pull_Vg,numeric_cluster,1,0.0004133403408434908,0.9718246623154572
MEASURE_ET_RF_Modeling_MAG_18,numeric_cluster,1,0.00041117160617462135,0.9719296034072842
THIN_ET_sh_GA142,numeric_cluster,1,0.0004108927985330045,0.9720344733405537
MEASURE_ET_LT_SEC_Vd_Id_min_Vd8,numeric_cluster,1,0.000408899335859583,0.9721388344931918
MEASURE_ET_Ran_con_3,numeric_cluster,1,0.0004081652321384252,0.9722430082845315
ANODE_ET_C_AN_2,numeric_cluster,1,0.0004078110849383686,0.9723470916888082
MEASURE_ET_DC_RF_Vdg_max,numeric_cluster,1,0.00040670881075445444,0.9724508937656424
MEASURE_ET_DC_SEC_X_Ig_cut2_mAmm_pos,numeric_cluster,1,0.00040615428917779774,0.9725545543149519
TOPSIN_ET_DC_PIV_Ids1_QP2,numeric_cluster,1,0.0004061252280176941,0.9726582074471396
TOPSIN_ET_Gate_res,numeric_cluster,1,0.0004047052869764248,0.9727614981755013
MEASURE_ET_DC_SEC_S_Vg_at_I3_neg_SD3p5,numeric_cluster,1,0.00040402194530285527,0.9728646144982859
TOPSIN_ET_TANR,numeric_cluster,1,0.00040077299511078797,0.9729669016091907
GATE2_CD_Gate_Win_Length,numeric_cluster,1,0.00040015546868613674,0.9730690311121862
TOPSIN_ET_G2_per_6K,numeric_cluster,1,0.00040011299431732736,0.9731711497746797
MEASURE_ET_Rsh_an_ct2,numeric_cluster,1,0.00039891544624504424,0.9732729627934945
MEASURE_ET_DC_SEC_X_Ig_mAmm_at_Vg_cond_neg_FPSD3p2,numeric_cluster,1,0.00039788804870209183,0.9733745135952246
MEASURE_ET_RF_Modeling_Gds_err,numeric_cluster,1,0.0003974642189389043,0.9734759562251903
MEASURE_ET_DC_SEC_S_Vboff_Id_SD3p5,numeric_cluster,1,0.00039662994949417644,0.973577185929105
STAGE_STD_R_f_hr_1,engineered,1,0.0003937687200870288,0.9736776853770064
MEASURE_ET_Load_Pull_Pin_Cut,numeric_cluster,1,0.0003934274664672031,0.9737780977286031
MEASURE_ET_Load_Pull_Pout_W_last,numeric_cluster,1,0.0003933710581500613,0.9738784956834119
STAGE_STD_Rc_cat_ct2,engineered,1,0.00039079417858290093,0.9739782359552698
MEASURE_ET_DC_SEC_S_Id_mA_mm_at_Vg2,numeric_cluster,1,0.0003904314095572177,0.974077883639563
MEASURE_ET_DC_SEC_X_Id_mA_mm_at_Vg2_FPSD3p2,numeric_cluster,1,0.0003867422651399333,0.9741765897635997
GATE1_Thickness1_Triple_E-beam_thickness,numeric_cluster,1,0.00038487079697819323,0.9742748182430002
MEASURE_ET_sh_f_tn_23,numeric_cluster,1,0.0003842103437173964,0.9743728781585085
TOPSIN_ET_DC_SMALL_Vbin_gs,numeric_cluster,1,0.0003838880178908959,0.97447085580855
MEASURE_ET_DC_RF_Ids_m0p2,numeric_cluster,1,0.00038234395454520947,0.9745684393757051
TOPSIN_ET_C450pf_0,numeric_cluster,1,0.0003806700165251197,0.9746655957127675
MESA_ET_Probe_Number,numeric_cluster,1,0.00038042982080312273,0.9747626907459825
FIC_ET_DC_RF_Vdg_max_0p1,numeric_cluster,1,0.00037822402181357257,0.9748592228051234
STAGE_STD_C_AN_2,engineered,1,0.0003779336913534648,0.9749556807648007
STAGE_RANGE_Vdg_max,engineered,1,0.0003767839464759657,0.9750518452813486
MEASURE_ET_C_CAT_2_OW_ST,numeric_cluster,1,0.0003757314099254594,0.9751477411647198
MEASURE_ET_DC_SEC_X_Ids_max_SD3p5,numeric_cluster,1,0.00037312837365101293,0.9752429726893059
TOPSIN_ET_ABVIETCH,numeric_cluster,1,0.00037186009026990744,0.9753378805168257
MEASURE_ET_DC_RD_MSG_18GHz,numeric_cluster,1,0.0003704066761099355,0.9754324173973574
SIN_Thickness1_SiN_Thickness_1st,numeric_cluster,1,0.00036934618153431015,0.9755266836136287
ABVIA_CD_AB_VIA_litho,numeric_cluster,1,0.0003666834961970821,0.9756202702472094
STAGE_STD_DC_RF_Vg_gm_max,engineered,1,0.000366534296043517,0.9757138188012467
SIN_Thickness_RefractiveIndex,numeric_cluster,1,0.0003656401997519964,0.9758071391599523
STAGE_RANGE_DC_RF_Vds_max,engineered,1,0.00036519817763689695,0.9759003467037587
FIC_ET_TR_1F,numeric_cluster,1,0.0003642300060923585,0.9759933071464095
FIC_ET_Ig_mAmm_at_Vd_cond,numeric_cluster,1,0.00036271279426096446,0.97608588035934
MEASURE_ET_DC_RF_Vds_max,numeric_cluster,1,0.0003625491686100973,0.9761784118109859
MEASURE_ET_Rsh_cat_c2,numeric_cluster,1,0.00036221717484388223,0.9762708585296691
MEASURE_ET_DC_RF2_S12ang_26GHz,numeric_cluster,1,0.00036218034710652585,0.9763632958490094
TOPSIN_ET_C500pf_0,numeric_cluster,1,0.0003596369101320357,0.9764550840207697
STAGE_STD_DC_RF_Vg_max_Vd_0p1,engineered,1,0.0003590555427269709,0.9765467238132906
STAGE_RANGE_R_f_hr_2,engineered,1,0.00035841708105818304,0.9766382006547135
MEASURE_ET_C175pf,numeric_cluster,1,0.00035806985409875405,0.9767295888752889
MEASURE_ET_LT_SEC_Ig_Id_min_mA_mm_Vd8,numeric_cluster,1,0.0003517843110640808,0.9768193728709157
MEASURE_ET_RF_Modeling_Fmax_int,numeric_cluster,1,0.0003516567543082014,0.9769091243109258
MEASURE_ET_DC_SEC_X_Ig_cut1_mAmm_pos_SD3p5,numeric_cluster,1,0.0003515271990837049,0.9769988426852608
MEASURE_ET_DC_SEC_S_Ig_cut3_mAmm_pos,numeric_cluster,1,0.00034779554788589033,0.9770876086505649
MEASURE_ET_DC_SMALL_Vdg_max,numeric_cluster,1,0.0003474383821281438,0.9771762834583959
THIN_ET_Ran_con_3_OW_CR,numeric_cluster,1,0.00034730783630836256,0.9772649249477277
MEASURE_ET_DC_RF_Vdg_max_0p1,numeric_cluster,1,0.00034706051224407864,0.9773535033138843
FIC_ET_R_f_tn_1,numeric_cluster,1,0.00034516329532506107,0.9774415974636895
TFRP_M_Gauge_P_E_Resistors,numeric_cluster,1,0.00034199098364718456,0.977528881961646
MEASURE_ET_RF_Modeling_Fmax_ext,numeric_cluster,1,0.0003419319206826801,0.9776161513852833
SIN_GATE_ET_R114,numeric_cluster,1,0.00034144278714812475,0.9777032959700301
STAGE_RANGE_Vg_Vds_max,engineered,1,0.00034031950928530957,0.9777901538666799
MEASURE_ET_DC_SEC_X_Ig_mAmm_at_Vg_cond_pos_FPSD3p2,numeric_cluster,1,0.00033834135067929125,0.9778765068886719
MEASURE_ET_Rsh_F_AB_2,numeric_cluster,1,0.0003371212011065433,0.9779625484985274
STAGE_RANGE_Gm_m2,engineered,1,0.0003370757181581016,0.9780485785000175
STAGE_STD_R214,engineered,1,0.0003363254299166403,0.978134417009522
OHMIC_CD_Ohmic_CD_litho,numeric_cluster,1,0.0003358752752027446,0.9782201406284883
MEASURE_ET_R_f_tn_3,numeric_cluster,1,0.00033572859280281506,0.9783058268105036
MEASURE_ET_DC_SEC_S_Vg_at_I3_pos,numeric_cluster,1,0.0003349947547179528,0.9783913256990175
FIC_ET_DC_PIV_Ids0_QP1,numeric_cluster,1,0.0003330137872854415,0.9784763189959922
MEASURE_ET_DC_RF_Vg_Vbon_max,numeric_cluster,1,0.0003319999255679906,0.9785610535305573
MEASURE_ET_DC_Big_S21dB_10GHz,numeric_cluster,1,0.0003316238096062127,0.978645692071092
SIN_GATE_ET_R414,numeric_cluster,1,0.0003292788975344057,0.9787297321324773
THIN_ET_DC_RF_Vg_optt2,numeric_cluster,1,0.000328920761044385,0.978813680788635
MEASURE_ET_DC_RD_Id_Vbon_max,numeric_cluster,1,0.00032882877141238046,0.9788976059667793
SIN_ET_DC_RF_Ids_m0p2,numeric_cluster,1,0.00032707394776366057,0.9789810832708321
STAGE_RANGE_Rcat_cn_1_OW_ST,engineered,1,0.0003270605548097691,0.979064557156674
MEASURE_ET_RF_Modeling_R_Gd,numeric_cluster,1,0.0003270514941004697,0.9791480287300004
TOPSIN_ET_KLV_F_M1_4u,numeric_cluster,1,0.00032457678418767164,0.9792308686965808
MEASURE_ET_RF_Modeling_Gds,numeric_cluster,1,0.0003243922734508114,0.9793136615714898
STAGE_RANGE_DC_RF_n_gs,engineered,1,0.00032411119943888774,0.9793963827094081
THIN_ET_i5021_3,numeric_cluster,1,0.0003239982706142262,0.9794790750251169
MEASURE_ET_DC_SMALL_Vbgs1,numeric_cluster,1,0.0003233357930056156,0.9795615982602703
STAGE_RANGE_Ran_con_2_OW_CR,engineered,1,0.00032244417960185874,0.9796438939337859
STAGE_DELTA_Rc_cat_ct2_OW_ST_CATHODE_minus_THIN,engineered,1,0.0003218564536355674,0.9797260396052011
MEASURE_ET_DC_Stress_Ig_max_after,numeric_cluster,1,0.00032183055818951436,0.9798081786674625
STAGE_DELTA_TF_AB_1_TFRP_minus_THIN,engineered,1,0.00032056973072786286,0.979889995935591
THIN_ET_Ran_con_1,numeric_cluster,1,0.00032038413654700797,0.9799717658355267
MEASURE_ET_DC_SEC_S_Ig_cut3_mAmm_pos_SD3p5,numeric_cluster,1,0.0003201130083226915,0.9800534665368809
MEASURE_ET_DC_RF_Max_S11_Ph_L1002,numeric_cluster,1,0.00031947920698438965,0.9801350054765681
STAGE_RANGE_G_per_6K,engineered,1,0.0003174395799380483,0.980216023853342
STAGE_STD_DC_RF_Vbgd_0p1,engineered,1,0.0003170063244568583,0.9802969316526767
FIC_ET_Id_mAmm_at_Vd_cond,numeric_cluster,1,0.0003162419873728966,0.9803776443744165
STAGE_DELTA_Gm_max_FIC_minus_TOPSIN,engineered,1,0.00031586259399327246,0.9804582602656482
MEASURE_ET_RF_Modeling_Rgs_err,numeric_cluster,1,0.00031418415286849603,0.9805384477774842
THIN_ET_R314,numeric_cluster,1,0.00031394071817385564,0.9806185731588076
STAGE_RANGE_DC_RF_Vds_max_0p1mA,engineered,1,0.00031393851795138696,0.9806986979785802
MEASURE_ET_DC_SEC_S_Vg_at_I2_neg,numeric_cluster,1,0.0003135761894045291,0.9807787303232093
STAGE_DELTA_DC_PIV_Gate_Lag_1_FIC_minus_TOPSIN,engineered,1,0.0003123826557925045,0.9808584580487486
TOPSIN_ET_R_f_tn_2,numeric_cluster,1,0.0003121898074666622,0.9809381365546591
MEASURE_ET_C20,numeric_cluster,1,0.0003119049587328354,0.9810177423601771
TOPSIN_ET_DC_SMALL_Vg_optt,numeric_cluster,1,0.00031173840566084936,0.9810973056572608
TANR_M_Gauge_P_E_TaN,numeric_cluster,1,0.000311102530794785,0.9811767066634624
MEASURE_ET_DC_Big_Ids_m0p2,numeric_cluster,1,0.00031085694211790136,0.981256044989402
STAGE_STD_Rsh_cat_c2_OW_ST,engineered,1,0.0003093338794013606,0.9813349945923318
STAGE_STD_Ran_con_2,engineered,1,0.00030932002728246803,0.9814139406598605
THIN_ET_Ran_con_2_OW_CR,numeric_cluster,1,0.0003091575168374188,0.9814928452507327
STAGE_RANGE_DC_RF_Vdg_max_0p1mA,engineered,1,0.0003066095775809111,0.9815710995449318
STAGE_RANGE_Rsh_an_ct2,engineered,1,0.0003051374025705577,0.9816489781039134
STAGE_RANGE_C_AN_2,engineered,1,0.00030319790391776524,0.9817263616552068
STAGE_RANGE_Ran_con_3_OW_CR,engineered,1,0.0003031009000748931,0.981803720448737
THIN_ET_TFR_AB,numeric_cluster,1,0.0003014617372202973,0.9818806608876508
STAGE_STD_Ran_con_1_OW_CR,engineered,1,0.00030137360291824367,0.9819575788325262
MEASURE_ET_DC_PIV_Ids0_QP2,numeric_cluster,1,0.00029913409046479966,0.9820339251988235
HIRS_M_Gauge_P_E_MoSi,numeric_cluster,1,0.00029838781971595126,0.982110081098498
MEASURE_ET_LT_SEC_Vg_Id_min_Vd7,numeric_cluster,1,0.0002967363022608253,0.9821858154903585
FIC_ET_DC_PIV_Ids1_QP1,numeric_cluster,1,0.00029552985255470895,0.982261241966625
BRGM_ET_Probe_Number,numeric_cluster,1,0.00029544870210482883,0.9823366477313036
TOPSIN_ET_DC_RF_Vdg_max_0p1,numeric_cluster,1,0.0002945021912933157,0.9824118119231778
MEASURE_ET_RF_Modeling_Cgs_err,numeric_cluster,1,0.0002944429256712132,0.9824869609890098
MEASURE_ET_DC_RD_S11dB_18GHz,numeric_cluster,1,0.00029398915021283363,0.9825619942402005
CHRE_CD_Channel_recess_CD,numeric_cluster,1,0.000293897120167336,0.9826370040030635
SIN_GATE_ET_R314,numeric_cluster,1,0.0002921669309375479,0.9827115721791434
CHRE_CD_2_Channel_recess_CD_Etch,numeric_cluster,1,0.0002895052203664503,0.9827854610213169
STAGE_RANGE_DC_PIV_Ids0_QP1,engineered,1,0.00028916799893522827,0.9828592637962994
MEASURE_ET_Vbpin,numeric_cluster,1,0.00028901669014395404,0.9829330279535623
TOPSIN_ET_DC_RF_Vboff,numeric_cluster,1,0.00028736739684975376,0.9830063711706717
STAGE_STD_Rc_f_tn_23,engineered,1,0.0002868668928847733,0.9830795866468773
STAGE_STD_DC_RF_Vbgs_0p01,engineered,1,0.0002867184719950489,0.9831527642424269
MEASURE_ET_R_f_tn_2,numeric_cluster,1,0.00028504396291822705,0.9832255144621359
GATE2_Thickness4_PMMA_PR_etch_thickness,numeric_cluster,1,0.00028432606936040387,0.9832980814577783
SIN_GATE_ET_I_5,numeric_cluster,1,0.0002827787328803546,0.9833702535351501
MEASURE_ET_DC_SEC_X_Id_mA_mm_at_Vg2,numeric_cluster,1,0.00028256532386410565,0.9834423711452998
SIN_ET_DC_RF_Vds_max,numeric_cluster,1,0.0002823976492310877,0.9835144459607653
FIC_ET_DC_RF_Vt_gd,numeric_cluster,1,0.00028138428329532196,0.9835862621403567
FIC_ET_Vg_Vds_max,numeric_cluster,1,0.0002813555941997935,0.9836580709977865
TOPSIN_ET_KLV_F_AB_4u,numeric_cluster,1,0.00028028197361228065,0.9837296058408752
MEASURE_ET_DC_RF_Min_S21_Mag_L1018,numeric_cluster,1,0.0002802755029390942,0.9838011390324893
TOPSIN_ET_DC_SMALL_n_gd,numeric_cluster,1,0.0002798600158789089,0.9838725661816018
MEASURE_ET_DC_SEC_S_Vg_at_I2_pos_SD3p5,numeric_cluster,1,0.000278221994742555,0.9839435752674922
TFRP_ET_Probe_Number,numeric_cluster,1,0.00027810304980014337,0.9840145539957121
STAGE_RANGE_DC_RF_Vdg_max,engineered,1,0.0002764710044526077,0.9840851161858781
TOPSIN_ET_R314,numeric_cluster,1,0.0002754870757023501,0.9841554272532628
SIN_ET_TR_1F,numeric_cluster,1,0.0002749432372747346,0.9842255995197247
STAGE_RANGE_R_f_hr_3,engineered,1,0.0002736389047329142,0.9842954388884889
VIA_GaN_Measure4GN_Final_GaN_thickness,numeric_cluster,1,0.0002735033776178665,0.984365243667405
MEASURE_ET_DC_RF_Min_S21_Mag_L1002,numeric_cluster,1,0.00027295026259443875,0.984434907277783
MEASURE_ET_TF_AB_3,numeric_cluster,1,0.00027053531694755617,0.9845039545347237
MEASURE_ET_DC_SEC_X_Vboff_Id_plus_Ig_FPSD3p2,numeric_cluster,1,0.00026983831901696443,0.984572823900675
MEASURE_ET_RGAN3,numeric_cluster,1,0.0002697520492599901,0.9846416712484656
MEASURE_ET_DC_SEC_X_Ids_max,numeric_cluster,1,0.00026941418409293056,0.984710432364768
TOPSIN_ET_Load_Pull_Pin_Last,numeric_cluster,1,0.00026789709255812134,0.9847788062820524
MEASURE_ET_DC_RF_Min_S21_Freq_L2180,numeric_cluster,1,0.0002676560161465374,0.9848471186707162
TOPSIN_ET_GC_Igs,numeric_cluster,1,0.0002672481160907494,0.984915326953268
MEASURE_ET_DC_SEC_S_Id_plus_Ig_at_Vboff_mA_mm,numeric_cluster,1,0.00026700675647166344,0.9849834736349176
MEASURE_ET_DC_SEC_X_Bin_FPSD3p2,numeric_cluster,1,0.00026695506576521617,0.9850516071238293
MESA_CD_Mesa_CD_Radius,numeric_cluster,1,0.0002669494126974388,0.9851197391699393
MEASURE_ET_KLV_F_AB_4u,numeric_cluster,1,0.0002661642665276083,0.9851876708274645
MEASURE_ET_F_AB,numeric_cluster,1,0.0002656550981770425,0.985255472532722
MEASURE_ET_DC_SEC_X_Id_mA_mm_at_Vg1,numeric_cluster,1,0.0002655453628245456,0.9853232462308226
MEASURE_ET_DC_SEC_X_Ig_mAmm_at_Vg_cond_neg_SD3p5,numeric_cluster,1,0.0002633075737670418,0.985390448790198
TOPSIN_ET_R214,numeric_cluster,1,0.0002631825542461317,0.9854576194415213
STAGE_RANGE_DC_PIV_Ids1_QP2,engineered,1,0.00026305098642112764,0.9855247565135046
ANODE_CD_Anode_CD_litho,numeric_cluster,1,0.0002627190378583006,0.9855918088640622
MEASURE_ET_DC_SEC_S_Ig_cut3_mAmm_pos_FPSD3p2,numeric_cluster,1,0.0002625809555726071,0.9856588259726294
STAGE_RANGE_lkg_SY07_10,engineered,1,0.00026175513702902253,0.9857256323120231
MEASURE_ET_DC_SEC_S_Vboff_Id_FPSD3p2,numeric_cluster,1,0.0002596859737684669,0.9857919105501363
MEASURE_ET_DC_Big_Ft,numeric_cluster,1,0.000259639850942134,0.9858581770165715
TFRP_ET_TF_AB_2,numeric_cluster,1,0.00025876800467241354,0.985924220966427
MEASURE_ET_TF_AB_1,numeric_cluster,1,0.0002579865142124808,0.9859900654607245
GATE2_CD_330nm_Gate_Win_Length,numeric_cluster,1,0.00025661854680401484,0.9860555608161437
MEASURE_ET_R_400_VER,numeric_cluster,1,0.000256319025399497,0.9861209797263445
MEASURE_ET_DC_SMALL_Vt_gs,numeric_cluster,1,0.00025610162570850823,0.986186343150805
CATHODE_ET_C_CAT_2_OW_ST,numeric_cluster,1,0.0002545842025666942,0.9862513192916135
TOPSIN_ET_DC_SMALL_Vboff,numeric_cluster,1,0.00025409216598984674,0.9863161698526036
STAGE_STD_DC_RF_Gm_max,engineered,1,0.0002536847887036107,0.9863809164409056
TOPSIN_ET_Load_Pull_Vg,numeric_cluster,1,0.00025362818987723627,0.9864456485837971
TOPSIN_ET_DC_SMALL_Vbgd1,numeric_cluster,1,0.0002516123657767767,0.9865098662388717
STAGE_RANGE_DC_RF_Idss,engineered,1,0.0002512916336311974,0.9865740020352258
MEASURE_ET_DC_SEC_X_Id_at_Vboff_mA_mm_FPSD3p2,numeric_cluster,1,0.0002502965921392152,0.9866378838725541
STAGE_RANGE_R314,engineered,1,0.00024963938619414124,0.9867015979747848
STAGE_RANGE_DC_RF_Vg_gm_max,engineered,1,0.0002482356795003882,0.9867649538165939
STAGE_STD_Rcat_cn_2_OW_ST,engineered,1,0.00024806864961332477,0.9868282670282738
BRIDGE_METAL_Height2_BRGM_Height2,numeric_cluster,1,0.00024456820022997856,0.9868906868393036
SIN_ET_DC_RF_Vdg_max_0p1mA,numeric_cluster,1,0.00024343688953402232,0.9869528179120601
MEASURE_ET_DC_RF_Ft,numeric_cluster,1,0.00024300826611387897,0.9870148395895934
STAGE_STD_Vbkd,engineered,1,0.00024253524369866698,0.9870767405401892
MEASURE_ET_DC_Stress_Vg_max_Ig_after,numeric_cluster,1,0.00024193823420511646,0.9871384891193005
STAGE_RANGE_R_f_hr_1,engineered,1,0.00024188604161681248,0.9872002243775814
MEASURE_ET_DC_RF_S22ang_26GHz_W,numeric_cluster,1,0.00024125911453858837,0.9872617996286753
VIA_GaN_Height_Ni_height,numeric_cluster,1,0.0002405559801214049,0.9873231954225977
STAGE_RANGE_DC_RF_Vboff,engineered,1,0.00024052681437925234,0.9873845837727064
MEASURE_ET_DC_SEC_S_Ids_max_norm_SD3p5,numeric_cluster,1,0.0002400607589655587,0.9874458531740279
MEASURE_ET_DC_SEC_X_ChipStatus,numeric_cluster,1,0.0002398210589247508,0.987507061398012
STAGE_RANGE_Rcat_cn_3,engineered,1,0.0002396019775657762,0.9875682137070529
TOPSIN_ET_DC_SMALL_Vbgd_0p01,numeric_cluster,1,0.00023926353997868037,0.9876292796385101
SIN_GATE_ET_OHMIC_conc,numeric_cluster,1,0.00023851229847482048,0.9876901538346856
MEASURE_ET_DC_PIV_Ids1_QP1,numeric_cluster,1,0.00023813425507253388,0.9877509315449006
STAGE_RANGE_DC_PIV_Ids0_QP2,engineered,1,0.00023736066895190468,0.987811511816939
STAGE_RANGE_DC_RF_Vt_gs,engineered,1,0.0002364177865560044,0.9878718514422341
STAGE_STD_C_CAT_2,engineered,1,0.000236312848590871,0.9879321642847831
THIN_ET_DC_RF_Ids_m0p2,numeric_cluster,1,0.0002347457994327896,0.987992077177902
MEASURE_ET_DC_SEC_X_Ig_cut1_mAmm_neg_SD3p5,numeric_cluster,1,0.00023339243946652607,0.9880516446603205
BRGM_Height2_BRGM_Height2,numeric_cluster,1,0.00023212592195352545,0.9881108888963652
GATE2_CD_358nm_Gate_Leg_Length,numeric_cluster,1,0.00023059595271243048,0.9881697426466852
MEASURE_ET_Vbpin_D60,numeric_cluster,1,0.00022924765940821948,0.9882282522794414
MEASURE_ET_DC_SEC_X_Vg_at_I3_neg_FPSD3p2,numeric_cluster,1,0.00022894074418885858,0.9882866835798962
MEASURE_ET_DC_SMALL_Vds_max_0p1,numeric_cluster,1,0.00022819576674974577,0.9883449247438126
FIC_ET_R_f_hr_3,numeric_cluster,1,0.00022752123266748741,0.9884029937500655
FIC_ET_TANR,numeric_cluster,1,0.00022705165929521017,0.9884609429096615
MEASURE_ET_DC_Diode_S11_dB_rev_9p5,numeric_cluster,1,0.00022629206469883763,0.9885186982020616
MEASURE_ET_Rsh_TF_AB2,numeric_cluster,1,0.00022519493234322984,0.9885761734793402
FIC_ET_Vd_at_Id_cut_cond,numeric_cluster,1,0.00022437424678481877,0.9886334392975094
MEASURE_ET_DC_SEC_S_Bin_FPSD3p2,numeric_cluster,1,0.0002240699388996138,0.9886906274488325
SIN_GATE_ET_R514,numeric_cluster,1,0.00022360785065872485,0.9887476976638884
SIN_GATE_ET_sh_GA142_GN,numeric_cluster,1,0.00022349861462663082,0.9888047399992259
STAGE_STD_Rc_OG142,engineered,1,0.00022349477100645242,0.9888617813535774
SIN_ET_DC_RF_Vbgd_0p01,numeric_cluster,1,0.00022274690655865102,0.988918631834555
SIN_ET_DC_RF_Vds_max_0p1,numeric_cluster,1,0.00022233939296623412,0.9889753783080556
CATHODE_ET_Rsh_cat_c2,numeric_cluster,1,0.00022181831853699893,0.9890319917905649
FIC_ET_G_per_6K,numeric_cluster,1,0.00021972201155193798,0.9890880702440485
STAGE_STD_DC_RF_Vdg_max_0p1,engineered,1,0.00021940568103947445,0.9891440679622168
STAGE_RANGE_Rsh_cat_c2,engineered,1,0.00021937612167130427,0.9892000581361081
MEASURE_ET_RF_Modeling_Rgd_err,numeric_cluster,1,0.00021916420927236207,0.9892559942247511
WIN_CD_WIN_CD,numeric_cluster,1,0.00021741370485065656,0.9893114835416751
TOPSIN_ET_DC_SMALL_Vg_max_Vd,numeric_cluster,1,0.00021724569498485393,0.9893669299783552
MEASURE_ET_DC_SEC_Vgs_back_1V,numeric_cluster,1,0.0002165799480430566,0.9894222065000656
FIC_ET_HIRS,numeric_cluster,1,0.00021542308322210286,0.9894771877614625
FIC_ET_DC_RF_Vg_max_Vd_0p1,numeric_cluster,1,0.00021520155178201623,0.9895321124825953
MEASURE_ET_RF_Modeling_Cds_err,numeric_cluster,1,0.00021288447333300277,0.989586445828403
STAGE_STD_DC_RF_Vg_max_Vd,engineered,1,0.000211693489342025,0.989640475205847
STAGE_STD_DC_RF_Gm_m0p2,engineered,1,0.0002108361491115312,0.9896942857690085
MEASURE_ET_DC_SMALL_Vg_max_Vd_0p1,numeric_cluster,1,0.00020773909053534894,0.9897473058867612
ANODE_ET_Ran_con_2,numeric_cluster,1,0.00020689929852716672,0.989800111668969
MEASURE_ET_RF_Modeling_Stress_time,numeric_cluster,1,0.0002031524669155791,0.9898519611677313
MEASURE_ET_DC_SMALL_n_gs,numeric_cluster,1,0.00020310254543754518,0.9899037979253064
THIN_Measure3GN_Thickness_after_etchback,numeric_cluster,1,0.00020104583440207273,0.9899551097597147
SIN_GATE_ET_OHMC,numeric_cluster,1,0.00020030536731151816,0.9900062326087363
MEASURE_ET_DC_SEC_Vt_gs,numeric_cluster,1,0.00020014653770120076,0.9900573149205407
TOPSIN_ET_Load_Pull_Pout_Last,numeric_cluster,1,0.00019998353960933154,0.9901083556312291
STAGE_STD_DC_RF_Vboff,engineered,1,0.00019904042318102472,0.990159155635443
TOPSIN_ET_Load_Pull_Freq,numeric_cluster,1,0.00019892830113992418,0.9902099270233585
FIC_ET_FC_lin_4,numeric_cluster,1,0.00019878492200630691,0.9902606618173978
THIN_ET_Rsh_an_ct2,numeric_cluster,1,0.0001986083825814027,0.9903113515542402
STAGE_STD_DC_RF_Vg_optt3,engineered,1,0.0001984376064713088,0.9903619977048252
STAGE_STD_Gm_max,engineered,1,0.00019841677262189862,0.9904126385381002
MEASURE_ET_DC_SEC_Ids_m0p2,numeric_cluster,1,0.00019776555046239737,0.990463113163487
MEASURE_ET_DC_SMALL_n_gd,numeric_cluster,1,0.00019749217501110962,0.9905135180167446
MEASURE_ET_DC_RD_Vboff,numeric_cluster,1,0.00019739391724880425,0.9905638977922081
THIN_ET_DC_RF_Vds_max,numeric_cluster,1,0.00019704493188267046,0.9906141884980356
MEASURE_ET_RF_Modeling_L_Gs,numeric_cluster,1,0.0001965602739604928,0.9906643555072586
MEASURE_ET_DC_SEC_Vg_min_ON,numeric_cluster,1,0.000195995693002073,0.9907143784215556
STAGE_STD_DC_RF_Vg_max_Vd_0p1mA,engineered,1,0.00019596693223272081,0.9907643939953978
MEASURE_ET_DC_SEC_S_Ig_mAmm_at_Vg_cond_pos,numeric_cluster,1,0.00019567655293761043,0.9908143354573126
MEASURE_ET_RF_Modeling_S21_19G_Before,numeric_cluster,1,0.00019512655231712685,0.9908641365455616
TOPSIN_ET_DC_RF_Vbgd_0p1,numeric_cluster,1,0.00019443519388937387,0.9909137611821609
MEASURE_ET_C175pf_0,numeric_cluster,1,0.00019438045975068126,0.9909633718492638
MEASURE_ET_DC_Big_Vdg_max,numeric_cluster,1,0.00019417507018915333,0.9910129300959063
MEASURE_ET_DC_SEC_S_Ids_max_SD3p5,numeric_cluster,1,0.00019394487494024874,0.991062429591068
STAGE_DELTA_Gm_m2_FIC_minus_TOPSIN,engineered,1,0.0001935614982591538,0.9911118312390854
MEASURE_ET_DC_SEC_X_Vg_at_I2_pos_SD3p5,numeric_cluster,1,0.00019241769258657718,0.9911609409598046
MEASURE_ET_Load_Pull_Id_ord,numeric_cluster,1,0.00018957698324822216,0.9912093256617357
MEASURE_ET_DC_SEC_X_Ids_max_FPSD3p2,numeric_cluster,1,0.0001890018249840134,0.9912575635691525
THIN_ET_DC_RF_Vg_max_Vd_0p1mA,numeric_cluster,1,0.0001859017697799894,0.9913050102663473
STAGE_STD_R_f_tn_2,engineered,1,0.00018555310271241922,0.9913523679751437
STAGE_STD_DC_RF_Gm_0,engineered,1,0.0001854664187978703,0.9913997035600761
SIN_GATE_ET_TR_1F,numeric_cluster,1,0.00018520649464785603,0.9914469728059819
STAGE_STD_R_f_tn_3,engineered,1,0.0001849169793734533,0.9914941681604796
MEASURE_ET_DC_RF_Vds_max_0p1,numeric_cluster,1,0.00018462559155550768,0.99154128914565
ANODE_ET_Rsh_an_ct2_OW_CR,numeric_cluster,1,0.00018420840382654303,0.9915883036542662
MEASURE_ET_RF_Modeling_Rd,numeric_cluster,1,0.00018368044995888664,0.9916351834160895
STAGE_STD_DC_RF_Vt_gs,engineered,1,0.000183564805047077,0.9916820336624911
STAGE_STD_TANR,engineered,1,0.00018265860217733077,0.991728652623665
MEASURE_ET_DC_SEC_X_Vg_at_I1_neg,numeric_cluster,1,0.00018180856931487654,0.9917750546355766
STAGE_STD_C_CAT_2_OW_ST,engineered,1,0.00018156440947967442,0.9918213943319019
MEASURE_ET_DC_SEC_X_Vg_at_I1_neg_FPSD3p2,numeric_cluster,1,0.00018152156543446994,0.9918677230933746
MEASURE_ET_DC_SEC_X_Vg_at_I1_neg_SD3p5,numeric_cluster,1,0.0001807001769370871,0.9919138422163304
THIN_ET_Ran_con_3,numeric_cluster,1,0.0001795018545287412,0.9919596554979782
MEASURE_ET_DC_RF_n_gs,numeric_cluster,1,0.00017949374739267336,0.9920054667104855
THIN_ET_R214,numeric_cluster,1,0.00017912267862330665,0.99205118321713
GATE2_CD_310nm_Gate_Leg_Length,numeric_cluster,1,0.0001789931272710081,0.9920968666590878
THIN_ET_i5021_1,numeric_cluster,1,0.00017896773466932547,0.9921425436202299
STAGE_STD_Vdg_max,engineered,1,0.00017857249813309526,0.9921881197073014
STAGE_STD_Gm_m2,engineered,1,0.00017802839622163116,0.9922335569262026
VIA_Etch_Via_etch_end_point_time,numeric_cluster,1,0.00017652759587175228,0.9922786111039964
STAGE_DELTA_Rcat_cn_2_OW_ST_CATHODE_minus_THIN,engineered,1,0.0001739193609865141,0.9923229995961921
STAGE_STD_DC_RF_Idss,engineered,1,0.00017383531951444456,0.9923673666389402
THIN_Measure1GN_Thickness_after_bonding,numeric_cluster,1,0.00017315183521358224,0.992411559239709
EBCR2_CD_2_EBCR_cd_etch,numeric_cluster,1,0.00017307787792944767,0.9924557329647627
STAGE_RANGE_Vg_gm_max,engineered,1,0.00017291851349695675,0.9924998660160993
MEASURE_ET_DC_SEC_S_Bin,numeric_cluster,1,0.0001728926386004417,0.9925439924635269
TOPSIN_ET_R_f_tn_1,numeric_cluster,1,0.00017070961136059123,0.99258756174879
MEASURE_ET_DC_RF_S21dB_10GHz,numeric_cluster,1,0.0001702958651340002,0.992631025435855
STAGE_STD_DC_RF_Imax,engineered,1,0.00016950059676232044,0.9926742861509006
MEASURE_ET_R314,numeric_cluster,1,0.000169311027636233,0.9927174984832495
MEASURE_ET_DC_SEC_X_Ron_FPSD3p2,numeric_cluster,1,0.00016919146561396867,0.9927606803004342
MEASURE_ET_DC_SEC_S_Vg_at_I3_neg,numeric_cluster,1,0.00016844792728127966,0.9928036723483759
MEASURE_ET_R514,numeric_cluster,1,0.00016812745898429774,0.9928465826049377
MEASURE_ET_DC_SEC_S_Ig_cut2_mAmm_pos_FPSD3p2,numeric_cluster,1,0.0001680311149085809,0.9928894682721253
MEASURE_ET_DC_RF_Id_Vbon_max,numeric_cluster,1,0.00016773824295508738,0.9929322791911978
TOPSIN_ET_DC_RF_Vt_gs,numeric_cluster,1,0.00016732495455559548,0.9929749846289208
MEASURE_ET_RF_Modeling_Delta_MAG_25G,numeric_cluster,1,0.00016730821679779623,0.9930176857947568
TOPSIN_ET_KLV_F_AB_4u_FEMSO,numeric_cluster,1,0.0001661766634777601,0.993060098160396
TOPSIN_ThicknessGN_RefractiveIndex,numeric_cluster,1,0.00016558748227982905,0.9931023601525237
STAGE_RANGE_DC_RF_Imax,engineered,1,0.00016487637218724874,0.9931444406518918
THIN_ET_sh_f_tn_23,numeric_cluster,1,0.00016483059663246206,0.9931865094682141
MEASURE_ET_DC_SEC_S_Vg_at_I2_neg_FPSD3p2,numeric_cluster,1,0.00016471976632076647,0.9932285499979189
MEASURE_ET_DC_SEC_S_Bin_SD3p5,numeric_cluster,1,0.00016450521048254956,0.9932705357677046
STAGE_DELTA_Gate_res_FIC_minus_TOPSIN,engineered,1,0.00016408594846086466,0.9933124145315259
MEASURE_ET_Ran_con_3_OW_CR,numeric_cluster,1,0.00016361667631776034,0.9933541735255712
STAGE_STD_DC_RF_n_gd,engineered,1,0.00016360320855223474,0.993395929082312
STAGE_STD_DC_RF_Vdg_max,engineered,1,0.0001627992092721326,0.9934374794386913
GATE2_CD_HPA_CB_Gate_Win_Length,numeric_cluster,1,0.00016277771015993196,0.9934790243079691
MEASURE_ET_Load_Pull_GL_meas,numeric_cluster,1,0.00016258386910658601,0.9935205197042495
STAGE_DELTA_Rc_cat_ct2_CATHODE_minus_THIN,engineered,1,0.00016234153312886748,0.993561953250437
MEASURE_ET_RF_Modeling_L_Gd,numeric_cluster,1,0.00016223372435201561,0.9936033592811768
STAGE_DELTA_Rcat_cn_1_OW_ST_CATHODE_minus_THIN,engineered,1,0.00016187183658242138,0.9936446729492704
MEASURE_ET_Ran_con_2,numeric_cluster,1,0.00016163100364770578,0.9936859251508845
MEASURE_ET_DC_SEC_X_Ig_cut2_mAmm_pos_FPSD3p2,numeric_cluster,1,0.00015706653842674303,0.9937260123888758
MEASURE_ET_RF_Modeling_Vd_set,numeric_cluster,1,0.00015650263361412513,0.9937659557045101
FIC_ET_Ids_m2,numeric_cluster,1,0.0001558098306582081,0.9938057221998153
STAGE_STD_Ran_con_2_OW_CR,engineered,1,0.00015435359614504913,0.9938451170283095
MEASURE_ET_TR_1F,numeric_cluster,1,0.00015408497608285018,0.9938844432983666
MEASURE_ET_C385pf_0,numeric_cluster,1,0.0001540317534914323,0.9939237559847114
CHRE_ET_Ids_Channel_recess_current,numeric_cluster,1,0.0001539609281804545,0.9939630505946975
TOPSIN_ET_DC_RF_Vdg_max,numeric_cluster,1,0.0001537219402783346,0.9940022842091015
STAGE_STD_DC_RF_Vds_max_0p1,engineered,1,0.0001524403034858775,0.9940411907183206
STAGE_STD_Vg_Vds_max,engineered,1,0.00015243919217443515,0.9940800969439058
MEASURE_ET_DC_Stress_Stress_time,numeric_cluster,1,0.00015243069215760204,0.9941190010000777
STAGE_RANGE_Rc_TF_AB_2,engineered,1,0.00015142213456367066,0.9941576476475826
STAGE_RANGE_Rc_f_hr_23,engineered,1,0.0001514215507140288,0.9941962941460748
STAGE_RANGE_R_f_tn_3,engineered,1,0.00015139886908769983,0.994234934855659
MEASURE_ET_Vk,numeric_cluster,1,0.00015045606084084266,0.9942733349374241
STAGE_STD_DC_RF_n_gs,engineered,1,0.00015017565811769638,0.994311663453528
THIN_Measure2GN_Thickness_after_grinding,numeric_cluster,1,0.00014954367815673663,0.9943498306728249
FIC_ET_DC_RF_Vboff,numeric_cluster,1,0.00014871099440663685,0.9943877853707792
MEASURE_ET_LT_SEC_Ig_Id_min_mA_mm,numeric_cluster,1,0.00014768227235788207,0.9944254775136022
STAGE_STD_sh_f_hr_23,engineered,1,0.0001476327711748461,0.9944631570225076
MEASURE_ET_DC_SEC_Vgs_back_0p1V,numeric_cluster,1,0.00014762971735301318,0.9945008357520028
MEASURE_ET_LT_SEC_Vg_Id_min_Vd3,numeric_cluster,1,0.00014653919342703679,0.99453823615301
MEASURE_ET_DC_SEC_S_Vg_at_I1_neg_SD3p5,numeric_cluster,1,0.00014612670549300695,0.9945755312769661
TFRP_ET_TF_AB_1,numeric_cluster,1,0.00014591648964205095,0.9946127727486744
TOPSIN_ET_C385pf_0,numeric_cluster,1,0.00014538093713088108,0.9946498775342293
STAGE_RANGE_Rsh_an_ct2_OW_CR,engineered,1,0.00014502643743837326,0.9946868918427564
SIN_GATE_ET_Ran_con_3,numeric_cluster,1,0.00014491764161635027,0.9947238783839178
MEASURE_ET_R_400_HOR,numeric_cluster,1,0.00014456987553550663,0.9947607761666347
SIN_Thickness_SiN_Thickness,numeric_cluster,1,0.00014455302368255102,0.9947976696483448
STAGE_RANGE_DC_RF_n_gd,engineered,1,0.000144486275297517,0.9948345460942278
MEASURE_ET_DC_SEC_S_Ig_mAmm_at_Vg_cond_neg,numeric_cluster,1,0.00014417729391586186,0.9948713436804739
FIC_ET_sh_f_hr_23,numeric_cluster,1,0.0001441622758186069,0.9949081374337329
MEASURE_ET_DC_RF_Ft_W,numeric_cluster,1,0.00014291970879060686,0.9949446140533702
MEASURE_ET_DC_SEC_S_Ig_cut2_mAmm_pos,numeric_cluster,1,0.00014190560303993584,0.9949808318483145
FIC_ET_G2_per_6K,numeric_cluster,1,0.0001415806691176132,0.9950169667121418
STAGE_RANGE_DC_RF_Vg_max_Vd_0p1,engineered,1,0.00014133823715649807,0.9950530397013789
TOPSIN_ET_DC_RF_Ids_m0p2,numeric_cluster,1,0.00014083044226885586,0.9950889830888896
STREETS_Height_Backside_metal_thickness,numeric_cluster,1,0.00014001115288927727,0.99512471737363
FIC_ET_DC_RF_Vds_max_0p1mA,numeric_cluster,1,0.0001397464013279756,0.9951603840872698
MEASURE_ET_DC_SEC_X_Vboff_Id_SD3p5,numeric_cluster,1,0.00013967913614776334,0.9951960336331835
STAGE_RANGE_DC_RF_Vg_max_Vd_0p1mA,engineered,1,0.0001394798681158891,0.9952316323210019
SIN_ET_DC_RF_Vg_max_Vd_0p1mA,numeric_cluster,1,0.00013796195631668223,0.9952668436004508
SIN_GATE_ET_R214,numeric_cluster,1,0.0001378547578185281,0.9953020275202102
SIN_ET_DC_RF_Vboff,numeric_cluster,1,0.00013762794437431505,0.9953371535516085
STAGE_STD_DC_RF_Id_gm_max,engineered,1,0.00013692581333617576,0.995372100381922
MEASURE_ET_RF_Modeling_Rg,numeric_cluster,1,0.00013676937752830172,0.9954070072859758
MEASURE_ET_RF_Modeling_Cgs,numeric_cluster,1,0.00013666917185411188,0.9954418886150804
MEASURE_ET_Load_Pull_IG_comp_Last_uA,numeric_cluster,1,0.00013664509699849983,0.9954767637996905
MEASURE_ET_i5021_2,numeric_cluster,1,0.0001361050837868818,0.995511501159667
MEASURE_ET_DC_RF_CF_S22_Mag_L1018,numeric_cluster,1,0.00013598569849937377,0.9955462080495863
STAGE_RANGE_Ran_con_2,engineered,1,0.00013589249788171262,0.9955808911524188
STAGE_RANGE_DC_RF_Id_gm_max,engineered,1,0.00013518139648380434,0.9956153927647108
THIN_ET_R_660_VER,numeric_cluster,1,0.00013501204503694705,0.9956498511543543
GATE2_CD_358nm_Gate_Win_Length,numeric_cluster,1,0.00013394757186913176,0.9956840378643034
FIC_ET_DC_PIV_Ids0_QP3,numeric_cluster,1,0.00013361512403844603,0.9957181397254012
MEASURE_ET_DC_Big_Vds_max,numeric_cluster,1,0.00013184213967056555,0.995751789077346
TOPSIN_ET_DC_RF_Vg_optt,numeric_cluster,1,0.00013096357477902762,0.9957852141979536
STAGE_RANGE_Rcat_cn_3_OW_ST,engineered,1,0.00013027049828874852,0.9958184624284199
THIN_ET_R_f_hr_3,numeric_cluster,1,0.00012980918761615944,0.9958515929210732
MEASURE_ET_Gate_res,numeric_cluster,1,0.00012932760457313528,0.9958846005019067
STAGE_RANGE_sh_f_hr_23,engineered,1,0.00012910450529158917,0.9959175511423246
MEASURE_ET_DC_RF2_K,numeric_cluster,1,0.00012881257178167454,0.9959504272741411
STAGE_RANGE_Ran_con_1,engineered,1,0.00012852436068413637,0.9959832298474074
STAGE_RANGE_DC_RF_Ids_m0p2,engineered,1,0.00012754398451102415,0.9960157822045974
MEASURE_ET_DC_SEC_X_Vg_at_I1_pos,numeric_cluster,1,0.00012731437894694794,0.9960482759608085
OHMIC_ET_Ran_con_3,numeric_cluster,1,0.00012520441433640827,0.9960802312022324
OHMIC_ET_R214,numeric_cluster,1,0.00012375122176372217,0.9961118155532231
FIC_ET_DC_RF_Vg_optt3,numeric_cluster,1,0.00012352499604299281,0.996143342165854
STAGE_DELTA_Rsh_an_ct2_OW_CR_ANODE_minus_THIN,engineered,1,0.00012316146928372955,0.996174775997528
STAGE_DELTA_Vbkd_FMESA_minus_MESA,engineered,1,0.00012278236180779045,0.9962061130716637
THIN_Measure2_Thickness_after_grinding,numeric_cluster,1,0.00012251462888845924,0.9962373818137833
MEASURE_ET_C_AN_2,numeric_cluster,1,0.0001221371348673804,0.9962685542101577
MEASURE_ET_DC_Big_Vg_optt3,numeric_cluster,1,0.00012203661577632015,0.9962997009515915
MEASURE_ET_DC_SEC_S_Ig_cut1_mAmm_neg,numeric_cluster,1,0.00012183376965333074,0.996330795921713
STAGE_STD_G_per_6K,engineered,1,0.00012164080139474881,0.9963618416415958
MEASURE_ET_DC_RF_S22ang_26GHz,numeric_cluster,1,0.0001202866523377378,0.9963925417493829
STAGE_STD_DC_RF_Vdg_max_0p1mA,engineered,1,0.0001202803741250573,0.9964232402548159
THIN_ET_Vk,numeric_cluster,1,0.00012023464954504862,0.9964539270902131
FMESA_Height_Fmesa_Height,numeric_cluster,1,0.00011963832187574651,0.9964844617281439
STAGE_STD_Vg_gm_max,engineered,1,0.00011915819378425314,0.9965148738255942
MEASURE_ET_RF_Modeling_Vd_stress,numeric_cluster,1,0.00011861338648115272,0.9965451468748411
THIN_ET_DC_RF_n_gd,numeric_cluster,1,0.00011778559707649693,0.9965752086519023
BMETAL1_Height_Metal1_metal_thickness,numeric_cluster,1,0.00011757368172785339,0.9966052163429621
MEASURE_ET_RF_Modeling_Vg_Stress,numeric_cluster,1,0.00011653837830072873,0.9966349597991613
STAGE_RANGE_TF_AB_2,engineered,1,0.00011640693159447976,0.9966646697069329
MEASURE_ET_R_f_hr_1,numeric_cluster,1,0.00011514628400936239,0.9966940578664807
MEASURE_ET_DC_SEC_S_Ig_cut1_mAmm_pos_SD3p5,numeric_cluster,1,0.00011468171504941864,0.9967233274566205
STAGE_RANGE_Vp_1,engineered,1,0.00011431491467749504,0.9967525034302972
THIN_ET_F_AB,numeric_cluster,1,0.00011418919171952841,0.9967816473163874
STAGE_DELTA_Rsh_cat_c2_CATHODE_minus_THIN,engineered,1,0.00011293207791779405,0.996810470356162
TOPSIN_ET_DC_SMALL_Vg_max_Vd_0p1,numeric_cluster,1,0.000112784701144417,0.9968392557817647
BRIDGE_METAL_Height_Final_TOP_metal_thickness,numeric_cluster,1,0.00011276425328692136,0.996868035988572
MEASURE_ET_DC_SEC_S_Vg_at_I2_pos_FPSD3p2,numeric_cluster,1,0.00011270509472665047,0.9968968010966618
MEASURE_ET_DC_SEC_S_Id_plus_Ig_at_Vboff_mA_mm_FPSD3p2,numeric_cluster,1,0.00011262062906689653,0.9969255446470409
STAGE_RANGE_Rc_an_ct2_OW_CR,engineered,1,0.00011258505711578249,0.9969542791185844
MEASURE_ET_DC_Stress_Ig_max_before,numeric_cluster,1,0.00011204923605706628,0.9969828768354346
TOPSIN_ThicknessGN_SiN_Thickness,numeric_cluster,1,0.00011166203621551728,0.997011375729376
STAGE_RANGE_DC_RF_Vbgs1,engineered,1,0.00011130476130834485,0.9970397834379867
MESA_Height_Mesa_Height,numeric_cluster,1,0.00011033374993904229,0.9970679433206491
STAGE_RANGE_F_AB,engineered,1,0.00011024846557005325,0.997096081436646
TOPSIN_ET_Load_Pull_GL_set,numeric_cluster,1,0.00011016839037940947,0.9971241991154877
MEASURE_ET_DC_SEC_X_Ig_cut1_mAmm_neg_FPSD3p2,numeric_cluster,1,0.00010928348270267231,0.9971520909441578
STAGE_DELTA_Ran_con_3_OW_CR_ANODE_minus_THIN,engineered,1,0.000108953132842054,0.9971798984594306
STAGE_STD_DC_RF_Vds_max_0p1mA,engineered,1,0.0001087086073218877,0.9972076435657852
MEASURE_ET_G2_per_6K,numeric_cluster,1,0.00010838972618315138,0.997235307285842
STAGE_RANGE_DC_RF_Vds_max_0p1,engineered,1,0.00010828788293577458,0.9972629450130007
SIN_Thickness2_SiN_Thickness,numeric_cluster,1,0.00010823889707613349,0.9972905702377652
MEASURE_ET_sh_GA142,numeric_cluster,1,0.00010792412199643533,0.9973181151241988
MEASURE_ET_DC_SEC_S_Ig_cut2_mAmm_neg,numeric_cluster,1,0.00010743527501805128,0.9973455352448779
STAGE_STD_DC_RF_Vbin_gd,engineered,1,0.00010701089246984558,0.9973728470527083
MEASURE_ET_DC_SEC_S_ChipStatus,numeric_cluster,1,0.00010626091598885416,0.9973999674481222
TOPSIN_ET_DC_RF_n_gd,numeric_cluster,1,0.00010566916205931068,0.9974269368134003
SIN_ThicknessGN2_SiN_Thickness,numeric_cluster,1,0.00010547317056721489,0.9974538561568363
TOPSIN_ET_RGAN3,numeric_cluster,1,0.00010501472812661423,0.9974806584945028
MEASURE_ET_sh_GA142_GN,numeric_cluster,1,0.00010424005123087972,0.9975072631156001
STAGE_DELTA_G_per_6K_FIC_minus_TOPSIN,engineered,1,0.0001040507455791836,0.9975338194212461
TOPSIN_ET_C175pf_0,numeric_cluster,1,0.00010296871640220857,0.9975600995664725
MEASURE_ET_Ran_con_1_OW_CR,numeric_cluster,1,0.00010290757501366129,0.9975863641069151
MEASURE_ET_DC_Big_K,numeric_cluster,1,0.0001025629655926218,0.9976125406945701
THIN_ET_R_f_hr_2,numeric_cluster,1,0.00010254152010028935,0.9976387118088088
MEASURE_ET_R114,numeric_cluster,1,0.00010225930979583086,0.9976648108960471
STAGE_RANGE_DC_RF_Vp_1,engineered,1,0.00010159899628749314,0.9976907414550615
STAGE_STD_DC_RF_Vds_max,engineered,1,0.00010084280954367397,0.9977164790166477
MEASURE_ET_LT_SEC_Id_min_mA_mm_Vd7,numeric_cluster,1,0.00010003623252944358,0.9977420107199713
MEASURE_ET_DC_SEC_X_Id_mA_mm_at_Vg1_SD3p5,numeric_cluster,1,9.993003123589335e-05,0.9977675153181165
STAGE_RANGE_TF_AB_3,engineered,1,9.947089775449048e-05,0.9977929027341215
BRIDGE_METAL_CD_BRGM_Final_metal_CD,numeric_cluster,1,9.917481984541093e-05,0.9978182145837726
TOPSIN_ET_Load_Pull_Pout_W_last,numeric_cluster,1,9.913878513826903e-05,0.9978435172364815
STAGE_RANGE_DC_RF_Gm_max,engineered,1,9.913758046984841e-05,0.9978688195817293
METAL1_Height_Metal1_metal_thickness,numeric_cluster,1,9.908717131632707e-05,0.9978941090613234
STAGE_STD_R314,engineered,1,9.885862866495974e-05,0.99791934021122
STAGE_RANGE_Rc_OG142,engineered,1,9.885737275114261e-05,0.9979445710405765
MEASURE_ET_DC_SEC_S_Vg_at_I1_pos,numeric_cluster,1,9.850932280708983e-05,0.9979697130390396
MEASURE_ET_DC_Big_Vdg_max_0p1mA,numeric_cluster,1,9.844747676582356e-05,0.997994839252874
MEASURE_ET_DC_RF_CF_S12_Mag_L2180,numeric_cluster,1,9.799998007417447e-05,0.9980198512545628
MEASURE_ET_LT_SEC_ChipStatus,numeric_cluster,1,9.797384408044603e-05,0.998044856585704
MEASURE_ET_DC_RD_Id_Vbon_min,numeric_cluster,1,9.789533702928145e-05,0.9980698418799178
MEASURE_ET_Load_Pull_Id_SS,numeric_cluster,1,9.739311427939936e-05,0.9980946989945517
MEASURE_ET_DC_SEC_S_Ig_cut1_mAmm_pos_FPSD3p2,numeric_cluster,1,9.723763163302533e-05,0.9981195164261958
FIC_ET_R_f_tn_3,numeric_cluster,1,9.628161774938903e-05,0.9981440898596181
MEASURE_ET_DC_RF_CF_S21_Mag_L1002,numeric_cluster,1,9.574798586401853e-05,0.9981685270970778
MEASURE_ET_DC_SEC_S_Id_mA_mm_at_Vg2_FPSD3p2,numeric_cluster,1,9.542401592405853e-05,0.9981928816494526
TOPSIN_ET_R114,numeric_cluster,1,9.430557384046019e-05,0.9982169507479398
STAGE_STD_DC_RF_Vbgs1,engineered,1,9.418220330191309e-05,0.9982409883592358
BRGM_Cd_Metal_BRGM_Final_metal_CD,numeric_cluster,1,9.394795658608892e-05,0.9982649661850171
MEASURE_ET_Rsh_cat_c2_OW_ST,numeric_cluster,1,9.311220710709828e-05,0.9982887307070063
STAGE_STD_DC_RF_Vg_optt1,engineered,1,9.301328801794317e-05,0.9983124699824145
MEASURE_ET_DC_RF_Freq_cut_L2180,numeric_cluster,1,9.296859341474831e-05,0.9983361978506623
MEASURE_ET_Load_Pull_Pout_Last,numeric_cluster,1,9.261275762385647e-05,0.9983598349008773
MEASURE_ET_DC_SEC_X_Ig_cut3_mAmm_pos_SD3p5,numeric_cluster,1,9.202580427548389e-05,0.998383322146183
STAGE_RANGE_DC_PIV_Drain_Lag_1,engineered,1,9.191525689806408e-05,0.9984067811770829
MEASURE_ET_DC_RD_Vbon_min,numeric_cluster,1,9.177035111364743e-05,0.9984302032244681
THIN_ET_Rsh_cat_c2_OW_ST,numeric_cluster,1,9.155174040417759e-05,0.9984535694770312
STAGE_RANGE_DC_PIV_Ids0_QP3,engineered,1,9.081947368370759e-05,0.9984767488371437
MEASURE_ET_RF_Modeling_Rgs,numeric_cluster,1,8.95988446676124e-05,0.9984996166627538
STAGE_STD_Rc_f_hr_23,engineered,1,8.861562243067055e-05,0.9985222335459022
STAGE_RANGE_Rc_an_ct2,engineered,1,8.860373798654238e-05,0.9985448473958487
MEASURE_ET_RF_Modeling_Delta_MAG_19G,numeric_cluster,1,8.802624051032197e-05,0.9985673138542565
STAGE_RANGE_Ids_m2,engineered,1,8.726007589642413e-05,0.9985895847686387
STAGE_DELTA_Vdg_max_FIC_minus_TOPSIN,engineered,1,8.707720889714124e-05,0.9986118090108715
MEASURE_ET_VIA_KLV_8p5,numeric_cluster,1,8.59512067102964e-05,0.9986337458696929
THIN_ET_DC_RF_n_gs,numeric_cluster,1,8.584191787792394e-05,0.9986556548353203
STAGE_STD_DC_PIV_Ids0_QP1,engineered,1,8.537300641178477e-05,0.9986774441232256
MEASURE_ET_DC_SEC_Vds_max_ON,numeric_cluster,1,8.503318448349961e-05,0.9986991466802291
STAGE_RANGE_Ran_con_1_OW_CR,engineered,1,8.431179567582423e-05,0.9987206651210923
TFRP_ET_TF_AB_3,numeric_cluster,1,8.37660502384311e-05,0.9987420442743169
MEASURE_ET_RF_Modeling_MAG_25G_Before,numeric_cluster,1,8.375959981736432e-05,0.9987634217812358
MEASURE_ET_DC_SMALL_Vg_optt,numeric_cluster,1,8.356520504872375e-05,0.9987847496738355
THIN_ET_R_4000_VER,numeric_cluster,1,8.323744806786897e-05,0.9988059939148044
STAGE_STD_Rsh_cat_c2,engineered,1,8.248914031106129e-05,0.9988270471692561
STAGE_RANGE_R214,engineered,1,8.19904672357799e-05,0.9988479731500921
FIC_ET_sh_GA142,numeric_cluster,1,8.170088964949029e-05,0.9988688252236164
STAGE_DELTA_C_CAT_2_CATHODE_minus_THIN,engineered,1,8.103390222486605e-05,0.9988895070655694
MEASURE_ET_DC_SEC_S_Vg_at_I1_pos_FPSD3p2,numeric_cluster,1,8.084130342015133e-05,0.9989101397515775
THIN_Measure4_Wafer_thickness_final,numeric_cluster,1,8.079404266211486e-05,0.9989307603754793
MEASURE_ET_RF_Modeling_MAG_25G_After,numeric_cluster,1,8.049152745521708e-05,0.998951303790071
TOPSIN_ET_DC_SMALL_Ids_m0p2,numeric_cluster,1,7.967090243457555e-05,0.9989716377610037
MEASURE_ET_DC_SEC_S_Vg_at_I1_pos_SD3p5,numeric_cluster,1,7.930533039889137e-05,0.9989918784289749
FP2_Height1_FP2_Height1,numeric_cluster,1,7.892972693111821e-05,0.9990120232337167
STAGE_DELTA_DC_PIV_Ids0_QP1_FIC_minus_TOPSIN,engineered,1,7.878220148056065e-05,0.9990321303863405
MEASURE_ET_DC_SEC_S_Id_mA_mm_at_Vg1,numeric_cluster,1,7.75406571848666e-05,0.999051920666369
MEASURE_ET_sh_f_hr_23,numeric_cluster,1,7.735224527954998e-05,0.9990716628590521
STAGE_STD_Ids_m2,engineered,1,7.657101229393363e-05,0.999091205661891
FIC_ET_DC_RF_Vt_gs,numeric_cluster,1,7.610459366803627e-05,0.9991106294232418
STAGE_STD_KLV_F_AB_4u,engineered,1,7.516191699681418e-05,0.999129812590355
FIC_ET_DC_RF_Vbgd_0p01,numeric_cluster,1,7.332927901959642e-05,0.9991485280232488
STAGE_RANGE_KLV_F_M1_4u,engineered,1,7.314547028205416e-05,0.9991671965436386
MEASURE_ET_DC_SMALL_Vt_gd,numeric_cluster,1,7.298828170711754e-05,0.9991858249456438
MEASURE_ET_DC_RF_Max_S11_Mag_L1002,numeric_cluster,1,7.236617815670006e-05,0.9992042945715446
MEASURE_ET_RF_Modeling_Cgd,numeric_cluster,1,7.18830933188722e-05,0.9992226409023308
STAGE_RANGE_Rc_f_tn_23,engineered,1,7.072157466502568e-05,0.999240690785031
ANODE_ET_C_AN_2_OW_CR,numeric_cluster,1,6.910060557858333e-05,0.9992583269566109
MEASURE_ET_DC_SEC_X_Vg_at_I2_pos_FPSD3p2,numeric_cluster,1,6.865753164264914e-05,0.9992758500448411
STAGE_DELTA_Vg_gm_max_FIC_minus_TOPSIN,engineered,1,6.794669637424842e-05,0.9992931917104533
STAGE_STD_Ran_con_3_OW_CR,engineered,1,6.726154656914577e-05,0.9993103585090088
STAGE_RANGE_G2_per_6K,engineered,1,6.562443633916283e-05,0.9993271074768281
STAGE_DELTA_Vp_1_FIC_minus_TOPSIN,engineered,1,6.546552217980055e-05,0.9993438158858509
MEASURE_ET_Ran_con_2_OW_CR,numeric_cluster,1,6.444634998503666e-05,0.9993602641770999
STAGE_STD_Rsh_an_ct2_OW_CR,engineered,1,6.438032813414144e-05,0.9993766956179512
MEASURE_ET_C500pf,numeric_cluster,1,6.431778361976493e-05,0.9993931110959063
MESA_ET_Vbkd,numeric_cluster,1,6.306263765315693e-05,0.9994092062297858
MEASURE_ET_DC_RF_MSG_10GHz,numeric_cluster,1,6.178352087373337e-05,0.9994249749016494
THIN_ET_HIRS,numeric_cluster,1,6.17298637997999e-05,0.99944072987891
MEASURE_ET_Vbkdn_C385pf,numeric_cluster,1,6.092405230168237e-05,0.9994562791932864
MEASURE_ET_DC_RF_CF_S22_Mag_L1002,numeric_cluster,1,6.051020007033388e-05,0.9994717228824095
MEASURE_ET_TANR,numeric_cluster,1,5.894701641544522e-05,0.9994867676086739
MEASURE_ET_DC_SEC_X_Id_mA_mm_at_Vg3,numeric_cluster,1,5.755742189714958e-05,0.9995014576762903
FIC_ET_DC_RF_Vg_optt2,numeric_cluster,1,5.63476473805819e-05,0.9995158389797392
TOPSIN_ET_Load_Pull_Pin_Cut,numeric_cluster,1,5.388387798009078e-05,0.9995295914687297
MEASURE_ET_DC_RF_Vbgd1,numeric_cluster,1,5.359543867478968e-05,0.9995432703409256
MEASURE_ET_DC_RF_S21ang_10GHz,numeric_cluster,1,5.1378515503141905e-05,0.9995563833998828
THIN_ET_Rsh_an_ct2_OW_CR,numeric_cluster,1,5.0330949239683595e-05,0.9995692290942028
STAGE_RANGE_DC_RF_Vbin_gd,engineered,1,5.011543835114899e-05,0.9995820197848511
STAGE_DELTA_DC_PIV_Ids1_QP2_FIC_minus_TOPSIN,engineered,1,4.999564471920043e-05,0.9995947799012226
STAGE_STD_Vp_1,engineered,1,4.9168338910511364e-05,0.9996073288688339
STAGE_STD_DC_RF_Ids_m0p2,engineered,1,4.9140517606417214e-05,0.9996198707357652
MEASURE_ET_RF_Modeling_S21ang_10GHz,numeric_cluster,1,4.7277969981395614e-05,0.9996319372348005
FIC_ET_R_f_hr_2,numeric_cluster,1,4.647575624787335e-05,0.9996437989891894
TFRP_ET_TFRP,numeric_cluster,1,4.551237511534472e-05,0.9996554148650537
STAGE_RANGE_C100,engineered,1,4.463859243638138e-05,0.9996668077301191
MEASURE_ET_DC_RF_MAG_26GHz_W,numeric_cluster,1,4.397500991503468e-05,0.9996780312326281
MEASURE_ET_DC_RD_Vg_Vbon_max,numeric_cluster,1,4.383602130783786e-05,0.9996892192618314
STAGE_RANGE_R114,engineered,1,4.08797327685747e-05,0.9996996527735961
STAGE_STD_DC_PIV_Ids1_QP2,engineered,1,4.082809570497925e-05,0.999710073106314
STAGE_RANGE_DC_RF_Vbin_gs,engineered,1,3.9936257258835564e-05,0.9997202658199579
GATE2_Ali_Litho2_Gate_to_ohmic_alignment,numeric_cluster,1,3.904382837032241e-05,0.9997302307638324
STAGE_RANGE_i5021_1,engineered,1,3.883841901594151e-05,0.999740143282195
STAGE_RANGE_C300,engineered,1,3.769042619465016e-05,0.999749762804596
STAGE_STD_DC_PIV_Ids0_QP3,engineered,1,3.572136969994037e-05,0.9997588797754218
MEASURE_ET_DC_RF2_S21dB_26GHz,numeric_cluster,1,3.543305056875008e-05,0.9997679231601244
STAGE_RANGE_KLV_F_AB_4u,engineered,1,3.518633089202441e-05,0.9997769035759064
STAGE_STD_Rcat_cn_1,engineered,1,3.485224442316263e-05,0.9997857987246168
STAGE_DELTA_TF_AB_2_TFRP_minus_THIN,engineered,1,3.44515100328578e-05,0.9997945915960691
STAGE_STD_Rc_cat_ct2_OW_ST,engineered,1,3.431868600470288e-05,0.9998033505675674
STAGE_STD_G2_per_6K,engineered,1,3.386068160906463e-05,0.9998119926450959
STAGE_STD_Rcat_cn_1_OW_ST,engineered,1,3.1626555914243314e-05,0.9998200645188793
STAGE_STD_DC_PIV_Gate_Lag_1,engineered,1,3.103606099437224e-05,0.9998279856838572
MEASURE_ET_DC_RF_CF_S21_Ph_L1018,numeric_cluster,1,3.0204520898931306e-05,0.9998356946193812
STAGE_STD_Rc_TF_AB_2,engineered,1,2.9831904400144265e-05,0.9998433084540235
STAGE_STD_DC_PIV_Ids1_QP1,engineered,1,2.9116659668873458e-05,0.9998507397406448
BPLATE_Height_BPLATE_metal_thickness,numeric_cluster,1,2.869806579320893e-05,0.9998580641918287
STAGE_STD_TF_AB_3,engineered,1,2.8344509793268524e-05,0.9998652984068385
STAGE_DELTA_Vg_Vds_max_FIC_minus_TOPSIN,engineered,1,2.7346831930178435e-05,0.9998722779899557
STAGE_STD_DC_PIV_Drain_Lag_1,engineered,1,2.7182237620022117e-05,0.9998792155645627
STAGE_RANGE_Cap_C300,engineered,1,2.683820547062828e-05,0.9998860653337162
STAGE_RANGE_Rsh_F_AB_2,engineered,1,2.6654271939918506e-05,0.9998928681585154
STAGE_DELTA_DC_PIV_Ids1_QP1_FIC_minus_TOPSIN,engineered,1,2.6256840653990864e-05,0.9998995695490901
MEASURE_ET_RF_Modeling_Delta_S21_25G,numeric_cluster,1,2.4899639797626997e-05,0.9999059245486747
STAGE_DELTA_C_AN_2_OW_CR_ANODE_minus_THIN,engineered,1,2.268107898358992e-05,0.9999117133170541
STAGE_DELTA_Ids_m2_FIC_minus_TOPSIN,engineered,1,2.117664669902022e-05,0.9999171181173673
STAGE_STD_TF_AB_2,engineered,1,2.1140404383297272e-05,0.9999225136677514
STAGE_DELTA_C_CAT_2_OW_ST_CATHODE_minus_THIN,engineered,1,1.9485284954471217e-05,0.9999274867910094
STAGE_DELTA_Ran_con_2_OW_CR_ANODE_minus_THIN,engineered,1,1.943300010704814e-05,0.9999324465698902
STAGE_RANGE_lkg_C200,engineered,1,1.9277485582104293e-05,0.999937366657645
STAGE_STD_Rcat_cn_3_OW_ST,engineered,1,1.8361138267417856e-05,0.9999420528710606
STAGE_RANGE_i5021_2,engineered,1,1.805259148887798e-05,0.9999466603357607
STAGE_DELTA_DC_PIV_Ids0_QP3_FIC_minus_TOPSIN,engineered,1,1.7615681019267556e-05,0.9999511562901789
STAGE_STD_C200_0,engineered,1,1.6651461801762212e-05,0.9999554061521727
STAGE_DELTA_TF_AB_3_TFRP_minus_THIN,engineered,1,1.4977135087700355e-05,0.9999592286848694
STAGE_STD_i5021_2,engineered,1,1.3266487814440133e-05,0.9999626146183703
SIN_GATE_ET_Rsh_an_ct2,numeric_cluster,1,1.296625970387543e-05,0.999965923926284
STAGE_DELTA_G2_per_6K_FIC_minus_TOPSIN,engineered,1,1.282498387204467e-05,0.9999691971771361
STAGE_STD_C300_0,engineered,1,1.1139903915491187e-05,0.9999720403541993
STAGE_STD_lkg_C200,engineered,1,1.1057998595004863e-05,0.9999748626270132
STAGE_RANGE_TR_1F,engineered,1,1.0865806626967357e-05,0.9999776358477169
STAGE_STD_i5021_1,engineered,1,8.948545470812173e-06,0.9999799197362876
STAGE_DELTA_Ran_con_1_OW_CR_ANODE_minus_THIN,engineered,1,8.913745121794489e-06,0.9999821947429547
STAGE_DELTA_Rsh_F_AB_2_BRGM_minus_THIN,engineered,1,8.758616739280012e-06,0.9999844301570487
STAGE_RANGE_C200,engineered,1,8.639069367808284e-06,0.9999866350597176
STAGE_DELTA_lkg_C200_BRGM_minus_THIN,engineered,1,7.3208380058932945e-06,0.9999885035173687
STAGE_DELTA_Vds_max_FIC_minus_TOPSIN,engineered,1,7.234210133186611e-06,0.9999903498654591
STAGE_RANGE_ABVIETCH,engineered,1,5.366802571158928e-06,0.9999917196052781
STAGE_RANGE_Rc_F_AB_2,engineered,1,5.0528398426558335e-06,0.9999930092140983
STAGE_STD_KLV_F_M1_4u,engineered,1,4.736856686052799e-06,0.9999942181762566
STAGE_DELTA_C_AN_2_ANODE_minus_THIN,engineered,1,4.474013123576974e-06,0.9999953600542827
STAGE_DELTA_KLV_F_M1_4u_BRGM_minus_TOPSIN,engineered,1,4.179176263972079e-06,0.9999964266827014
STAGE_STD_lkg_C300,engineered,1,4.118550108201903e-06,0.9999974778378361
STAGE_DELTA_i5021_1_BRGM_minus_THIN,engineered,1,3.979875154071555e-06,0.9999984935997168
STAGE_RANGE_lkg_C300,engineered,1,3.2770859956842837e-06,0.9999993299925446
STAGE_RANGE_i5021_3,engineered,1,2.625168427278051e-06,0.9999999999999986
STAGE_DELTA_DC_PIV_Ids0_QP2_FIC_minus_TOPSIN,engineered,1,0.0,0.9999999999999986
STAGE_DELTA_C200_0_BRGM_minus_THIN,engineered,1,0.0,0.9999999999999986
STAGE_RANGE_C300_0,engineered,1,0.0,0.9999999999999986
STAGE_RANGE_C200_0,engineered,1,0.0,0.9999999999999986
STAGE_DELTA_F_AB_BRGM_minus_THIN,engineered,1,0.0,0.9999999999999986
STAGE_STD_lkg_SY07_10,engineered,1,0.0,0.9999999999999986
STAGE_DELTA_C100_BRGM_minus_THIN,engineered,1,0.0,0.9999999999999986
STAGE_DELTA_ABVIETCH_BRGM_minus_TOPSIN,engineered,1,0.0,0.9999999999999986
STAGE_STD_lkg_SY8_80,engineered,1,0.0,0.9999999999999986
STAGE_DELTA_i5021_2_BRGM_minus_THIN,engineered,1,0.0,0.9999999999999986
STAGE_STD_Rc_F_AB_2,engineered,1,0.0,0.9999999999999986
STAGE_DELTA_i5021_3_BRGM_minus_THIN,engineered,1,0.0,0.9999999999999986
STAGE_STD_Rsh_F_AB_2,engineered,1,0.0,0.9999999999999986
STAGE_DELTA_Rc_F_AB_2_BRGM_minus_THIN,engineered,1,0.0,0.9999999999999986
STAGE_DELTA_C200_BRGM_minus_THIN,engineered,1,0.0,0.9999999999999986
STAGE_RANGE_lkg_SY8_80,engineered,1,0.0,0.9999999999999986
STAGE_STD_ABVIETCH,engineered,1,0.0,0.9999999999999986
STAGE_STD_i5021_3,engineered,1,0.0,0.9999999999999986
STAGE_STD_C100,engineered,1,0.0,0.9999999999999986
STAGE_STD_TR_1F,engineered,1,0.0,0.9999999999999986
STAGE_STD_C200,engineered,1,0.0,0.9999999999999986
STAGE_STD_Cap_C300,engineered,1,0.0,0.9999999999999986
STAGE_STD_F_AB,engineered,1,0.0,0.9999999999999986
STAGE_STD_C300,engineered,1,0.0,0.9999999999999986
