,fold_0,fold_1,fold_2,fold_3,fold_4
ABVIA_CD_AB_VIA_litho,0.00013020124681225407,0.0004880353428505953,0.00039972642461497116,8.203390673558055e-05,0.000688961401745733
ANODE_CD_Anode_CD_litho,0.00014960103433800704,0.00019784169371832045,9.172485325070711e-05,0.0005722474165873104,0.00034252788489544665
ANODE_ET_C_AN_2,6.744005692036044e-05,0.00030689603733007645,0.0003482678321313832,0.0011015091428116367,0.0
ANODE_ET_C_AN_2_OW_CR,0.00024368770708125154,1.559415178777909e-05,2.8557626945925162e-05,2.742222422551934e-05,2.6088090609122315e-05
ANODE_ET_Probe_Number,0.004358249505589032,0.0001541750162885571,0.008074307872514373,2.923263797979463e-05,0.004751886203176762
ANODE_ET_Ran_con_1,0.021439410442692937,0.004415750528122033,0.013162683271752369,0.019374728771905412,0.013436112973563681
ANODE_ET_Ran_con_1_OW_CR,5.810093120419461e-05,0.005072802359870083,6.780732679513826e-05,2.5931402856505e-05,0.0006359925110703015
ANODE_ET_Ran_con_2,0.0,0.0004598497109850714,0.00031474696143540327,7.142689235131974e-05,7.61731628722068e-05
ANODE_ET_Ran_con_2_OW_CR,0.0027789395151364494,0.004379244797024808,0.0020645917091482962,0.0033611005881224562,0.0037841338943779934
ANODE_ET_Ran_con_3,0.0022641816871062617,0.00011647491325392303,0.0004347332282414001,0.002047853557634412,0.00021964068913043634
ANODE_ET_Ran_con_3_OW_CR,4.047888653212069e-05,2.835142196712791e-05,0.00035865216224721826,0.00017676555946571427,0.001726017933020745
ANODE_ET_Rc_an_ct2,0.006591211822243234,0.008900471001257933,0.009290862986253036,0.00012505465986755373,0.004051413994039764
ANODE_ET_Rc_an_ct2_OW_CR,0.03586969143784147,0.046103598915531493,0.013889729122806541,0.04322457325334049,0.02074971256042295
ANODE_ET_Rsh_an_ct2,5.0822107418575034e-05,0.000228783998110492,0.0022807954925982816,0.0003579616725608848,0.0022063518324526707
ANODE_ET_Rsh_an_ct2_OW_CR,0.0003017937334751974,0.00024128905682121389,0.00031258338754557144,3.8194986468192655e-05,4.153746828669182e-05
BFIC_Height_FIC_metal_thickness,4.0999442030119625e-05,1.097386883156039e-05,0.0029966709849118234,4.92998890848983e-05,0.0013386152595740739
BMETAL1_Height_Metal1_metal_thickness,0.0002729343559796956,6.294947047376088e-05,0.0001768558750620572,1.2268620128708089e-05,7.89886152921136e-05
BPLATE_Height_BPLATE_metal_thickness,0.0,1.906704325779454e-05,4.688412173057071e-05,4.40525828797519e-05,2.7209566946579097e-05
BRGM_Cd_Litho_BRGM_litho_CD,0.0017822554082177421,9.21141780052439e-05,0.00012327214072786353,0.00012148761353890818,9.94624339895952e-05
BRGM_Cd_Metal_BRGM_Final_metal_CD,0.0001821736307598765,6.896587528227964e-05,3.7953931207024245e-05,9.687541679746751e-05,0.00010983030589271715
BRGM_ET_ABVIETCH,0.0,8.711270775847999e-06,7.884289072522265e-05,0.0,0.0
BRGM_ET_C100,0.0,0.0,0.0,0.0,0.0
BRGM_ET_C200,5.1663240063476235e-05,0.0010767101609604397,0.0009879862617047073,0.002240199144904102,0.0009589163394190327
BRGM_ET_C200_0,0.0,5.383305644830855e-05,0.0,0.0,9.533251478630629e-05
BRGM_ET_C300,2.0337114920507208e-05,0.010975864544589176,0.01005052547911951,0.0,0.0
BRGM_ET_C300_0,2.472578871782719e-05,0.0009043540996554414,0.0,0.0,4.9164298528045856e-05
BRGM_ET_Cap_C300,0.0001621619820111568,6.458738680887268e-05,0.0,5.70434410173134e-05,0.0008828967905848817
BRGM_ET_F_AB,1.0596147372220096e-05,0.00010794235285677867,0.0,0.0,0.00031169250383814473
BRGM_ET_KLV_F_AB_4u,7.555133806333612e-05,0.0,1.980340371451187e-05,0.0,6.462137556025925e-05
BRGM_ET_KLV_F_M1_4u,0.0,5.34642247825824e-06,0.00031405689478194396,0.0007694206751466387,6.53062209441013e-05
BRGM_ET_Probe_Number,3.9206606106537766e-05,0.0002297597135446486,0.00046731390705116195,0.0001748232032142745,0.0007503016447413591
BRGM_ET_Rc_F_AB_2,0.00018831726117820316,0.0,0.00032653345115722583,1.399193364251123e-05,5.718311819396171e-05
BRGM_ET_Rsh_F_AB_2,0.0,0.0,0.0,0.0,0.0
BRGM_ET_TR_1F,3.164544769729537e-05,0.0,0.00010519842147498324,0.0,0.0
BRGM_ET_i5021_1,0.00032626198845023366,8.982154240914327e-05,2.580302083602968e-05,0.0,0.001292533568009061
BRGM_ET_i5021_2,8.71296953758468e-06,0.0,2.7336414028352022e-05,0.0,7.38420739728723e-05
BRGM_ET_i5021_3,0.0,0.0016403285541403303,5.8369057001349566e-05,0.0,6.027042501461659e-06
BRGM_ET_lkg_C200,0.0,0.00011229017847862994,0.0002659710120004272,0.0,5.5895730255503954e-05
BRGM_ET_lkg_C300,0.0001908178167611938,0.0,0.0,0.0,0.0
BRGM_ET_lkg_SY07_10,0.00011820731428841853,0.0,0.0,0.0006519844803343391,1.622927800813999e-05
BRGM_ET_lkg_SY8_80,0.0,8.006075771144226e-06,0.002017132844659297,0.0012048822406333863,0.0
BRGM_Height2_BRGM_Height2,0.00014614212299262873,0.0,0.0009052497704726746,1.7278541273428713e-05,0.00011790417758714036
BRGM_Height3_TOP_metal_thickness,0.000130715545925927,0.0020807593477621122,0.00029042131622408003,0.0007488468322758318,0.0002899713177097708
BRIDGE_METAL_CD_BRGM_Final_metal_CD,0.0001508100486189601,5.2407337390037344e-05,6.337101586380432e-05,0.0001375383294409494,7.232432964698273e-05
BRIDGE_METAL_Height2_BRGM_Height2,0.00038625259098883525,2.1111117154967668e-05,0.00018104841425643436,0.00011370286698496203,0.0005613566803280734
BRIDGE_METAL_Height_Final_TOP_metal_thickness,0.0,0.0004755849893703495,0.0,9.89480612774274e-06,6.313165005972742e-05
CATHODE_ET_C_CAT_2,0.0027840305961660374,0.00031976537560478123,0.0001360223795033257,0.0002170437249345401,2.565196729943445e-05
CATHODE_ET_C_CAT_2_OW_ST,1.4594044407635819e-05,6.476331982062155e-05,0.0003160096131194651,0.0006899881748952101,0.00011206104874318615
CATHODE_ET_Probe_Number,7.294029340672311e-05,4.027258172849229e-05,0.004036508278201766,0.002104363681807439,0.00023310214129372987
CATHODE_ET_Rc_cat_ct2,0.0,0.00019057049864685928,0.000224765454296022,0.0038560575525703176,4.135820488208844e-05
CATHODE_ET_Rc_cat_ct2_OW_ST,0.01140381654863266,0.00045521159639423496,0.00663290643953112,0.002612116959679035,0.000753859521582861
CATHODE_ET_Rcat_cn_1,0.0010906715887107022,0.0009466732131984955,9.808568906392129e-05,0.0008550266397664125,0.0
CATHODE_ET_Rcat_cn_1_OW_ST,0.005628645121953713,0.004240132620540759,0.000425858719047287,0.001992048113073529,0.009440530560665279
CATHODE_ET_Rcat_cn_2,0.014973717743836764,0.0811264943937808,0.02847191323980255,0.05779873566853091,0.030731363574576894
CATHODE_ET_Rcat_cn_2_OW_ST,0.0002596177678090717,6.0540697054760605e-05,0.0004306239962766058,0.0,0.005327247372916077
CATHODE_ET_Rcat_cn_3,0.004649717997037147,0.0011769529269644525,0.0,0.002192602110494851,0.0004736404906173794
CATHODE_ET_Rcat_cn_3_OW_ST,0.00021707365066324212,0.0,0.00032527754896330364,1.731146498149708e-05,0.002733494482472727
CATHODE_ET_Rsh_cat_c2,0.00011742357668653447,1.8385852555570233e-05,0.0005914501795461165,0.0002630976564914398,6.965974044090114e-05
CATHODE_ET_Rsh_cat_c2_OW_ST,0.001004291696541859,8.201780040787268e-05,0.001763239533616726,5.757336318256555e-05,0.0005297322392449745
CHRE_Ali_Litho_Channel_to_Ohmic_Alignment,0.000355088743992482,0.0016823427995244272,0.0017339924062656695,0.0019673554738458914,0.0006096845171524104
CHRE_CD_2_Channel_recess_CD_Etch,0.00014365405792006577,0.00029558435646440665,7.4595831282668e-05,0.0005712591100080362,0.00034658286788640647
CHRE_CD_Channel_recess_CD,0.00039719826438739677,0.0004062716241105781,8.688478679491668e-05,0.00047523311376326116,4.8222538709574406e-05
CHRE_ET_Ids_Channel_recess_current,9.997838616346435e-05,6.233139706396386e-05,3.0818667865107065e-05,0.0005540277593350881,0.00016859936883168803
Customer_Customer_A,0.0,0.0,0.0,0.0,0.0
Customer_Customer_B,0.0,0.0,0.002206554795423284,0.0,0.001893944856290543
Customer_Internal,0.0,0.0,0.0,0.0,0.0
EBCR2_Ali_Litho_Gate_to_ohmic_alignment,0.0010401136739429432,0.0009929797869124757,0.0003456603902653133,0.03368347365703604,0.0005281820210022412
EBCR2_CD_2_EBCR_cd_etch,0.0001468911638295088,0.00011449108947054276,1.4306313398197422e-05,0.00015228461522929376,0.00043204838353871867
EBCR2_CD_Gate_Leg_Length,1.882524241312595e-05,0.0007657685093055201,0.00011614876475139307,0.0002779130773493986,4.693469855751927e-06
EBCR2_ET_Ids_EBCR_recess_current,0.004829540148909023,0.00013940366393873162,0.0014196169738228226,0.001474041594598047,0.002984994137215139
FIC_ET_Bad_Gates,0.005076475260101103,0.004577146603178388,0.006383440934328066,0.007227222515105614,0.004302918414311388
FIC_ET_C100S1,0.0,0.00047858512962977264,0.000207127078355132,0.00033672862550219464,0.0
FIC_ET_C200S1,0.0013301964259022836,0.0005073867038638662,0.0009834496083640275,0.0027995279712333845,0.001313602171581284
FIC_ET_C200_0S1,0.001760750179362706,0.0006032738637290039,0.00019222856900837795,0.0006103063475117534,7.02803531155434e-05
FIC_ET_DC_PIV_Drain_Lag_0,2.0394690102278435e-05,0.0,0.00038558471346136,0.0,9.34466138822253e-05
FIC_ET_DC_PIV_Drain_Lag_1,8.72825843106676e-05,0.0009904010607185076,0.0004525159592960485,0.001483705733363913,0.0005178045019416944
FIC_ET_DC_PIV_Gate_Lag_0,0.0006867241081827487,0.0013410963807316291,4.1358816435579705e-05,0.0006340218431946564,0.0022840337376210224
FIC_ET_DC_PIV_Gate_Lag_1,0.00570172450040059,1.041001196816835e-05,0.0039497477967712045,0.006233879366976068,0.0011703676807579405
FIC_ET_DC_PIV_Ids0_QP1,0.0008986233255504215,5.277407010149436e-05,0.0004665748561033708,9.48629817688141e-05,8.400119147604078e-05
FIC_ET_DC_PIV_Ids0_QP2,0.0006771875833625197,0.0001424043968695128,0.0005287470872358289,0.0019416810192365535,0.00015837180473841282
FIC_ET_DC_PIV_Ids0_QP3,0.00011569614505349477,0.0002166633612581434,0.00015187438093368897,6.928906674021262e-05,8.981490199175988e-05
FIC_ET_DC_PIV_Ids1_QP1,0.0005590490709194239,0.0003890374865232563,5.946858760311141e-05,0.00014887860735192406,0.0001224196956957704
FIC_ET_DC_PIV_Ids1_QP2,3.6178096161490315e-05,0.0017174982557672592,0.000940246691467973,4.564707924140753e-05,0.000286292304300698
FIC_ET_DC_PIV_Ids1_QP3,0.003899323074193953,0.002619098369458461,0.0002613956665714611,0.003147760970215153,0.00018317965681184667
FIC_ET_DC_RF_Gm_0,0.0,2.0685452118539902e-05,0.00021630464211965783,0.0,0.0
FIC_ET_DC_RF_Gm_m0p2,9.21221385355353e-06,0.0,0.0,2.4772362625654296e-05,0.00033399371873430974
FIC_ET_DC_RF_Gm_max,0.00012284209587376822,4.6964666602658726e-05,0.0,0.0,0.0
FIC_ET_DC_RF_Id_gm_max,0.0,5.384243621369334e-05,0.00014714436632940066,6.874323150686212e-05,0.0
FIC_ET_DC_RF_Ids_m0p2,0.0,0.0,0.0013760513727320762,0.0,0.0007680906511892885
FIC_ET_DC_RF_Idss,0.0,0.00014689014795286575,0.0,0.0,0.0006474621535995039
FIC_ET_DC_RF_Imax,7.288778683354882e-05,0.0,0.0,0.0,3.5513826378322593e-05
FIC_ET_DC_RF_Vbgd1,3.070444294659429e-05,0.008418652920241305,3.671853877688921e-05,0.0032991632645671754,0.0
FIC_ET_DC_RF_Vbgd_0p01,0.0,0.0,9.587971664354786e-05,9.117734006227135e-05,6.406059432651414e-05
FIC_ET_DC_RF_Vbgd_0p1,0.005984661957566298,0.0013331965842693354,0.005342768531723866,0.0063006707306928955,0.004060367915652335
FIC_ET_DC_RF_Vbgs1,0.0007329123203637996,0.001956325143474609,0.00439909201356869,0.0016653503662246896,0.00686639891397033
FIC_ET_DC_RF_Vbgs_0p01,0.02927529377991205,0.05511717082215283,0.0022556003479925904,0.03686150597296462,0.017804007261654778
FIC_ET_DC_RF_Vbgs_0p1,0.011719073280834954,0.026065129168700154,0.010279256629159331,0.005545446156174294,0.00899722682687648
FIC_ET_DC_RF_Vbin_gd,0.0010601401674739657,0.00014681253349319327,0.0017356986800528276,0.0008032956695621708,0.002090103370034812
FIC_ET_DC_RF_Vbin_gs,0.0007830970012917351,0.006751864438172094,0.002740622562496077,0.006348105138851831,0.004565961169923026
FIC_ET_DC_RF_Vboff,0.00016993180814990294,7.3824758228548636e-06,5.649043107633169e-05,8.460400085335015e-05,0.00042312975140636167
FIC_ET_DC_RF_Vdg_max,0.003462833681873399,0.0012543244350576334,0.0010891942313105596,0.00020496171570659154,0.004765433320960186
FIC_ET_DC_RF_Vdg_max_0p1,0.0005106034926723895,0.0004840599854813363,0.0001906318503073749,0.0005653002081883078,0.0
FIC_ET_DC_RF_Vdg_max_0p1mA,0.0002479084218626174,0.0007561564419615974,2.1308038344180465e-05,0.0002463744254489266,0.0012441566455575405
FIC_ET_DC_RF_Vds_max,3.503857178916496e-05,0.0025025036597761076,0.0022936754982100277,0.00027713894047766543,0.0023820323499367246
FIC_ET_DC_RF_Vds_max_0p1,4.088630619378368e-05,0.00520287546256401,0.00019946665274095239,0.0,3.079026601988345e-05
FIC_ET_DC_RF_Vds_max_0p1mA,9.737698746052302e-05,3.654853854212274e-05,0.00013159087378130358,0.0001478637323211825,0.0002838957553581917
FIC_ET_DC_RF_Vg_gm_max,0.0002467453569487045,0.0,1.7256993566146527e-05,0.00027634528679033806,0.0
FIC_ET_DC_RF_Vg_max_Vd,0.016214045236410603,0.0010512896804937583,1.2770144833910454e-05,0.008370800238945987,0.0010062101010581248
FIC_ET_DC_RF_Vg_max_Vd_0p1,0.000615413105131738,0.0,1.0157134374805163e-05,0.00033743104222819963,0.00014842945065156551
FIC_ET_DC_RF_Vg_max_Vd_0p1mA,0.03745192353166915,0.015260500045920274,0.014866304863934974,0.011735274065197669,0.02453053692685346
FIC_ET_DC_RF_Vg_optt,6.956299533302372e-05,0.0009298461212261024,0.00020623324596574864,0.0013759189476951139,0.000649881436747395
FIC_ET_DC_RF_Vg_optt1,0.004250333837128089,8.764285327822908e-05,0.00033254623922737806,0.00013557573441801363,8.07213302444105e-05
FIC_ET_DC_RF_Vg_optt2,0.0,4.6598360484423646e-05,4.9473649724114644e-05,0.00017136641942278654,3.385059603141107e-05
FIC_ET_DC_RF_Vg_optt3,5.3060581187282853e-05,0.0003256885925348322,4.7425679828126106e-05,4.670796565995e-05,0.00020226866796020524
FIC_ET_DC_RF_Vp_01,3.7329596605865196e-05,0.0,0.000608596023192832,0.0,0.0
FIC_ET_DC_RF_Vp_1,0.0,3.0987669014407756e-05,0.0,7.790387588056264e-06,0.0011695849223071074
FIC_ET_DC_RF_Vt_gd,0.00014929162376139184,0.00055412339826386,7.724697460566119e-05,2.149064677121826e-05,0.0007766439575840063
FIC_ET_DC_RF_Vt_gs,3.3472363661028056e-05,0.00015553197684430668,0.00010424653415643246,7.506037065825242e-06,7.588212295740012e-05
FIC_ET_DC_RF_n_gd,2.2046209454903937e-05,0.0006088515602921284,3.430303845922923e-05,0.0012083701502310685,0.00013118573303345506
FIC_ET_DC_RF_n_gs,0.00018342142207094692,4.089110424261223e-05,0.00010716899101976746,0.0014030132267354434,0.002403771547894465
FIC_ET_FC_lin_4,0.00014562905722713764,4.194301823303519e-05,4.462544342959657e-05,0.0006129677409417103,8.301605619000236e-05
FIC_ET_G2_per_6K,9.441995413777114e-05,0.00012191755549350547,0.0003622549732980388,8.966509692795601e-05,6.208136277237116e-05
FIC_ET_GT_lin25,0.00034046293246538863,0.00022170717377575225,0.0017474936255252524,0.0001218209602928321,6.0083295724994033e-05
FIC_ET_G_per_15,0.004318127723209264,3.6218962142623336e-05,0.00018990219624838393,0.0005198786761341828,0.0004726116417985985
FIC_ET_G_per_25,0.021240485746893727,0.004101270069352381,0.002635057138345951,0.004900378814037307,0.01628883363485537
FIC_ET_G_per_2p75K,0.001093682120396999,0.004539856623091868,0.0026812280302364196,0.0026665003973183224,0.007301585871267933
FIC_ET_G_per_6K,2.2894212414964976e-05,0.0006364704180424476,0.00016505259670364315,0.0001062620599098152,4.4550677154340886e-05
FIC_ET_Gate_res,0.0032032698185866736,0.0020038599719788956,0.00042530967542099595,0.00017723350058091827,0.0005409555906168771
FIC_ET_Gm_m2,6.719388549876128e-05,0.0018069064242723304,0.005103898554885811,1.4212900412728148e-05,0.006651523893262781
FIC_ET_Gm_max,0.00436451577657461,0.0,0.0,0.0,0.010296446249674397
FIC_ET_HIRS,2.3427566040247454e-05,0.0007040797980661661,0.0001052398475742399,7.694883106859797e-05,0.000149914898810365
FIC_ET_Id_mAmm_at_Vd_cond,5.949925238471455e-05,2.722560121854861e-05,0.0006105143467338965,0.00013649789144928257,0.0007379620980699876
FIC_ET_Ids_m2,0.0006604937596211781,0.0,7.954882191353462e-05,2.5622145847731553e-05,6.0343429702615376e-05
FIC_ET_Ig_mAmm_at_Vd_cond,0.0003932130991882676,0.00025526625882656747,0.0005554937339960507,0.0001684299569031584,0.00040025246663227305
FIC_ET_OHMC,4.693657592015261e-05,0.0008620618017254075,0.0,0.0030438326586932343,0.0003569588022172461
FIC_ET_Probe_Number,0.0061343867522462795,0.012294369830046389,0.003381398982046336,0.0150914091360274,0.007841467268970082
FIC_ET_R114,0.0013261157935368334,5.972719932507165e-05,0.002244932071937316,0.0008621109713855136,0.0023406403430792397
FIC_ET_R214,0.001831571092003513,0.0006846207719947815,0.00011716206804641476,0.0,0.00030169593719062067
FIC_ET_R314,0.0002442651660182404,0.0,2.2436859181424266e-05,0.0004944558648706271,0.0019784703172857194
FIC_ET_R_f_hr_1,3.258136723612893e-05,0.0006716094252988471,0.0006752986799408305,0.00047725122257468827,0.00020215758331930495
FIC_ET_R_f_hr_2,4.828813393921599e-05,0.0,0.00015784603169542082,2.93841380758327e-05,1.7218892899390778e-05
FIC_ET_R_f_hr_3,0.0001288687376231656,0.000264067786944421,0.0001336276515911041,0.0002282251948545587,0.0004198750803030111
FIC_ET_R_f_tn_1,0.0013815383983214623,7.708682643021694e-05,0.0,1.7558353748460565e-05,0.00024550646058724764
FIC_ET_R_f_tn_2,0.00010880259467473925,0.0009946559207863607,0.003088663344301781,0.0003050172354553746,0.0014373484273795035
FIC_ET_R_f_tn_3,4.4046196276172105e-05,0.00015260744812484252,0.00021983528418203452,5.923565494836768e-05,2.5641974123707127e-05
FIC_ET_Rc_OG142,0.0014594716863217494,0.0005739817929428599,0.0,0.0,0.0
FIC_ET_Rc_f_hr_23,0.005491271788514843,0.0029866575724438985,0.007975548628349604,0.0017680423044758172,0.0
FIC_ET_Rc_f_tn_23,0.003402656578911387,0.00046989591469567946,0.0029659703460841224,0.0005371736320401423,0.0005655366203454107
FIC_ET_TANR,2.688903900011748e-05,5.9269963086550035e-05,4.528270316973289e-05,0.0,0.0006952390279182166
FIC_ET_TR_1F,0.00010875162736367253,0.0003188948302671129,3.447623560389916e-05,0.0013891122214692588,3.0276724857872838e-05
FIC_ET_Vd_at_Id_cut_cond,6.719002163757941e-05,0.0002122983276633665,0.00017495067316017124,0.0003925679122205608,0.00023779966056622245
FIC_ET_Vdg_max,0.001575349778206036,3.9825670583661075e-05,0.00022431141562419922,2.167031465392646e-05,0.00035058647525042236
FIC_ET_Vds_max,0.0001671077975998785,0.000902444032950163,0.0,0.004426845292256315,0.0008549358607350227
FIC_ET_Vg_Vds_max,7.877929356001687e-05,0.00048641205335672695,0.0005397101016872332,0.0001151327125409837,3.4185437728714826e-05
FIC_ET_Vg_gm_max,6.15843725909391e-05,9.230414622422285e-06,0.00018676406534134563,0.001172389018479682,0.0
FIC_ET_Vp_1,0.0012330354391562872,0.0,0.0009804436012629686,0.0,0.001359270791776979
FIC_ET_lkg_5,4.3615861502690144e-05,0.0028316341065197756,0.00021917918938739334,0.0015937052723951873,0.0014961890904395634
FIC_ET_lkg_SY07_10,0.0,0.0021445833747125087,0.00032497820181006846,8.017241845110972e-06,1.3022467453302225e-05
FIC_ET_lkg_SY8_80,0.012592589057826295,0.0008659516588964409,0.006377833706196939,0.00012514139035978868,0.0021062389917224796
FIC_ET_sh_GA142,6.948457966922152e-05,0.00015607549591693419,0.00010066184918324632,6.498363439313478e-05,2.5463348646701956e-05
FIC_ET_sh_f_hr_23,0.00015107850613830365,0.00010393623672517695,0.00021926612223659395,0.00010734921419212858,0.00018128353660163454
FIC_ET_sh_f_tn_23,0.0024721536506624574,0.00441631707611623,0.0024357058977165914,0.0026602927437372813,0.00484124782744196
FIC_Height_FIC_metal_thickness,2.099520804968115e-05,5.0211820009316414e-05,0.004327166418501267,0.0,8.939418301940104e-05
FIN_CD1_CD_PL_FIN,0.0004026290869858983,0.001066076665603571,0.0006090499921249809,0.00030924938560006614,0.0001183902657108081
FIN_CD2_CD_etch_FIN,0.00022789990342801514,0.0012071002891378317,0.0013556651685162101,0.00033771039830283897,0.00021736005041424718
FIN_Etch_Hard_Bias,0.00040651384758679627,6.088778271124152e-05,0.0010183309816570907,0.00024139890999428604,0.001684677921698984
FIN_Etch_Soft_Bias,0.0010055193486826276,0.0008001690929272692,0.0009046230787767169,0.0009639156058187647,6.75237989336308e-05
FIN_FIN_Alignment_FIN_to_ohmic_alignment,0.00020263397259929952,0.004617277541215634,0.0003645073764381531,0.007914955966085423,0.002288784761052066
FMESA_ET_Probe_Number,0.0005477420478700247,8.20017622738645e-05,0.0008857034682214909,0.003091501311921973,7.854949582369477e-05
FMESA_ET_Vbkd,0.0007963725473684669,0.0002907581313669692,0.0015625523195624336,5.595729030119554e-05,0.0009452261785292917
FMESA_Height_Fmesa_Height,8.727429630774561e-05,2.8727867273988114e-05,0.00013775073667601388,0.0001623398585584651,0.0001702392592582407
FP2_Height1_FP2_Height1,4.546148162369851e-05,4.396875855700116e-05,1.3648280313234969e-05,5.203152386945301e-05,0.00024218852482902592
FP2_Height2_FP2_Height2,0.0,0.00017760011196351705,0.0005336789449669192,0.0008847907955143243,0.0005782065476721841
GATE1_Thickness1_Triple_E-beam_thickness,0.00048729766884597387,0.0001124312125621259,0.0001951733593993109,0.0010461525824236012,3.810769885749555e-05
GATE2_Ali_Litho2_Gate_to_ohmic_alignment,9.005461740288568e-05,9.399470942010882e-06,0.0,6.51799344688934e-05,1.850534210297693e-05
GATE2_Ali_Litho_Gate_to_recess_alignment,0.0017599851668813162,0.0008756221342908204,7.798157614506122e-06,0.0,0.0009235011506168176
GATE2_CD_310nm_Gate_Leg_Length,0.0005333008179150737,0.00010733836648306179,5.1339263210891956e-05,7.501400675012304e-05,0.00019931085946064847
GATE2_CD_310nm_Gate_Win_Length,8.556403647059724e-05,0.0006661970704809597,0.0002627346840911407,0.0004112953374595218,0.000578926233629955
GATE2_CD_330nm_Gate_Leg_Length,3.3635171302386005e-05,0.00011365463068267788,0.0003538554275258135,0.001249939486201275,0.00015023382187871282
GATE2_CD_330nm_Gate_Win_Length,0.0001489794920395877,0.0003161529978599592,5.9048555378702596e-05,0.0006330945249964883,0.00022059803407770636
GATE2_CD_358nm_Gate_Leg_Length,0.00023141387765721167,5.551852687422217e-05,0.00030560225277870273,0.00016413800381242426,0.0003489979228960714
GATE2_CD_358nm_Gate_Win_Length,0.0003595509435680174,0.00010684459934870738,3.9999827954800587e-05,0.00011144179515340154,5.954590837687854e-05
GATE2_CD_Gate_Leg_Length,2.9210604412270284e-05,0.0002449529329873373,0.0005155810733588464,0.004173466709105052,0.00034515740405554235
GATE2_CD_Gate_Win_Length,0.0001170365568606195,0.0001663686425228381,0.0004007453238868487,0.00026031856146813804,0.0010137136822482454
GATE2_CD_HPA_CB_Gate_Win_Length,0.0003859813428191086,7.735455696021145e-05,0.00010083527562936103,0.00012256464492094095,0.00016849529586675973
GATE2_ET_Ids2_Gate_recess_current,0.0026681035151540308,0.00016939808856317306,0.0003445850309029532,0.0019549447399062696,3.0943487898880746e-05
GATE2_Thickness4_PMMA_PR_etch_thickness,4.3006495935594045e-05,0.0006712312435969725,0.0005446313588697109,9.16610718580062e-05,4.502209436951632e-06
HIRS_M_Gauge_P_E_MoSi,0.000527766721671712,0.0001975492112163724,2.1558244877366393e-05,0.0004006527005123129,0.00021663789371322964
Lot_type_ENG,0.0,0.0,0.0,0.0,0.0
Lot_type_PROD,0.0,0.0,0.0,0.0,0.0
MEASURE_ET_ABVIETCH,0.025827491677845895,0.014706751884654666,0.16699017941163227,0.017654079990502728,0.2008576762649702
MEASURE_ET_C100,0.0015267397116250662,0.0019003762524280115,0.0003534001072379672,0.0021164365982795142,0.005947749320765231
MEASURE_ET_C100C175pf,0.00013319999536956018,0.001555551358060118,0.00012163309405185356,0.000588399417830353,0.0
MEASURE_ET_C100C300pf,0.0,0.00037851640832371806,4.916911844301838e-05,0.0,0.0025186812840915815
MEASURE_ET_C100C385pf,0.0,0.0,0.00041606460538213164,8.866642999093014e-05,0.0024722113924438333
MEASURE_ET_C100C500pf,8.745830869005155e-05,0.002180526174602306,0.0009770864015549775,0.00564918358143316,0.0
MEASURE_ET_C100Cap1pf,0.0002093373105955627,7.336221163416262e-05,1.8048992550177302e-05,0.00021323345185339317,1.3836030097063203e-05
MEASURE_ET_C100Cap2pf,0.0037471448182825233,0.0013080452828169511,0.00020492616967423912,0.004942167815849952,8.09033065052374e-06
MEASURE_ET_C100Cap3pf,0.0005030322948568109,0.001648818138081709,6.3877826137701685e-06,0.00021456492865578168,9.071912358210823e-05
MEASURE_ET_C100CapFICBRGM,0.0,1.7812521046058e-05,0.004949956461087398,1.404239607917316e-05,0.004312222195912608
MEASURE_ET_C100CapFICM1,5.212438564085303e-06,0.0014263552784535116,0.0,0.006077720706756582,0.0013697528325315564
MEASURE_ET_C100CapM1BRGM,0.0,0.0,0.0,0.0,0.0
MEASURE_ET_C100CapPARCAP,0.0018417317013199007,0.013661101008529268,0.009503727974447916,0.0031854645648828695,0.01109065810547848
MEASURE_ET_C100CapUSV,0.00303844414307798,0.0017442379533009085,4.385381735432953e-05,0.0006204805836217865,0.0007036948595133404
MEASURE_ET_C100USV_Cappf,0.00016461714715080734,0.0006547298871608931,0.00011540031732478312,0.0028030084061474695,0.0
MEASURE_ET_C175pf,8.096940249524258e-05,0.00045265995931400427,0.0008291350462082771,0.00013129687194348262,0.0001650233757436343
MEASURE_ET_C175pf_0,0.00015358210382574404,0.00018625281470165825,9.370699520213454e-05,0.00033544042334968593,2.7024403271898257e-05
MEASURE_ET_C20,0.00010824403453413543,0.00036577850112281813,0.00034470911343154525,4.6049545250640014e-05,0.0006745791069564732
MEASURE_ET_C200,1.3613918963719187e-05,9.043701479774196e-05,0.00019463276341820016,0.0007695553079454697,0.0002383773192966155
MEASURE_ET_C200_0,0.017347251487422315,0.01186531693626951,0.010793169843206756,0.055458651367215124,0.021336845901336995
MEASURE_ET_C20_0,0.0029167556759685637,0.0017384623358431966,0.0032278973962394752,0.001604368101325996,0.0006291136535692967
MEASURE_ET_C300,0.0,0.003958366655312986,6.317801771631329e-05,0.009030061259247591,0.00016980029133774322
MEASURE_ET_C300FB,4.06431265386361e-06,0.0,0.0,7.096973960016466e-05,0.00019678657048733119
MEASURE_ET_C300FB_0,0.0013218537845283618,0.0010550346689913563,0.0023834274941089673,0.000634841198306325,0.0013984395663810345
MEASURE_ET_C300FM1,0.007587845835331992,0.0007811618815467857,0.00651869635204792,0.0016784931749109259,0.00774735127646327
MEASURE_ET_C300FM1_0,0.006400597274181574,0.004631850222001874,0.0001594199924485632,0.001335849545307397,0.0005207965032569876
MEASURE_ET_C300M1B,0.0,0.00027477374770022115,6.88907919468521e-06,0.001124779484113111,0.00035620580312872217
MEASURE_ET_C300M1B_0,0.00055259321737934,9.845375568958699e-06,7.625177987626075e-05,0.0005960714269125665,0.005001555882242842
MEASURE_ET_C300_0,0.0018251024280669837,0.0026552979509547174,0.0003869929240251509,0.0035043030947903924,0.002188603924346165
MEASURE_ET_C300pf,0.001435969354194346,0.00744080039655577,0.00014563560112015707,0.008154375274930034,0.005325717171109251
MEASURE_ET_C300pf_0,0.0,0.014314360333715413,0.0026577948085426376,0.0003253544781233826,0.0002697192083136281
MEASURE_ET_C385pf,0.002619178554068695,0.002826827462143502,0.0031452719230525635,0.0017760116277868961,0.00422892667129764
MEASURE_ET_C385pf_0,0.000123838369178424,0.0001709463931406945,0.0001368216731305009,7.414902884999285e-05,0.0003143922298531815
MEASURE_ET_C500pf,5.324883107835807e-05,3.794829970595446e-05,8.969908129177099e-05,6.54604266216579e-05,8.080725398545214e-05
MEASURE_ET_C500pf_0,7.284131532067154e-05,0.0,0.0009027160041982817,0.0,0.0009188466103445333
MEASURE_ET_C_AN_2,0.00015217111735219355,0.00017799088003717795,0.0001033141631297879,6.69586169502246e-05,0.0001631294963638279
MEASURE_ET_C_AN_2_OW_CR,0.0018058034084440433,0.006722276634610021,0.012948173112136523,0.006221351825234579,0.002216158892061726
MEASURE_ET_C_CAT_2,0.0003058092290556072,0.002854441486255731,0.00392357342867264,0.005561336427857244,0.00013376619601425055
MEASURE_ET_C_CAT_2_OW_ST,0.0005497331355672639,0.00011102736399548937,0.00019306404338451457,0.0002079144684680484,0.00046466836435144285
MEASURE_ET_Cap1pf,0.007095096648682759,0.0018084449972892926,0.00012799980554265884,0.005782161558928279,0.0010809972176561596
MEASURE_ET_Cap1pf_0,0.0036863670000000085,0.0011998867717441057,0.001503438087838904,0.0010443863371754796,0.0
MEASURE_ET_Cap20,0.00015068010958530818,0.00026928887011797725,1.4017223124149795e-05,0.0013321356976945084,1.821517252961079e-05
MEASURE_ET_Cap2pf,0.002410436838759425,0.0002136509410631478,0.00030315937093866656,0.00010263467498164299,8.670064646976506e-05
MEASURE_ET_Cap2pf_0,0.000736721632435329,0.0005038285351595702,0.004329981645502964,0.0038943568976335277,0.01011308283902189
MEASURE_ET_Cap3pf,0.0006841547307642119,7.301486452947503e-05,0.0011340609207364447,0.0,0.0020521030661660496
MEASURE_ET_Cap3pf_0,0.0015125416799777439,0.006118785528396978,0.0037290800940967136,0.0066023347989942445,0.0011710378350264145
MEASURE_ET_CapFICBRGM,0.0,0.0010430560022628528,0.0,0.0,0.00010032334303231677
MEASURE_ET_CapFICBRGM_0,0.0,0.0,0.0004912970065402178,0.0,0.00036793515870900005
MEASURE_ET_CapFICM1,0.0,0.0,0.0007681008181305137,6.541814650416727e-05,0.0
MEASURE_ET_CapFICM1_0,2.402555447268791e-05,0.0009403561904106268,0.0020104551529556967,1.1565671294166876e-05,0.001923472933504936
MEASURE_ET_CapM1BRGM,0.0,3.707913061341298e-05,0.0,0.0001665736206103114,0.0
MEASURE_ET_CapM1BRGM_0,0.00010290264950104755,2.152230800808993e-05,0.0,0.0,0.0007580869311455684
MEASURE_ET_CapPARCAP,0.0069219560038619185,0.0006345760472531288,0.003097663691597073,6.48085760196695e-05,9.305131483563151e-05
MEASURE_ET_CapPARCAP_0,0.026303233353687776,0.010252396807737891,0.02767323415992331,0.014152026090417246,0.015110186026512344
MEASURE_ET_CapUSV,0.0001659261264141075,0.000786438227556602,0.0013048439586929787,0.0002134089116718925,1.0496678503507047e-05
MEASURE_ET_CapUSV_0,5.731786857164563e-06,0.0016159769117373934,7.866913328947766e-06,0.001392363909634809,0.0045709383906619066
MEASURE_ET_Cap_C300,0.0005465668036823425,0.00815525214717812,6.900040807680621e-06,0.0038218287972632474,0.004029555275703836
MEASURE_ET_Cap_C300FB,0.0021920343306548445,0.0,6.165476897425096e-05,0.0,0.005813373191166545
MEASURE_ET_Cap_C300FM1,0.0,6.0121412327930896e-05,0.002568111572332832,9.714631061204694e-05,0.0017968240885128616
MEASURE_ET_Cap_C300M1B,0.0,0.00011122391375647403,0.0002684827154040015,2.826764055489417e-05,5.524921352857782e-05
MEASURE_ET_Cap_USV,8.676252331857762e-06,7.109375549479218e-05,4.9128310737846656e-05,0.0,0.00011729929495880613
MEASURE_ET_DC_Big_Ft,0.00014801252028764396,0.0009370403887992466,0.00015231081514656587,2.4033485056751314e-05,3.936790072200027e-05
MEASURE_ET_DC_Big_Gm_0,7.205140584331408e-05,1.1632060916935324e-05,0.0,0.0002337118538669764,0.0
MEASURE_ET_DC_Big_Gm_m0p2,0.0,0.0,0.0,0.00018587044263288595,1.9552046859519196e-05
MEASURE_ET_DC_Big_Gm_max,0.0,3.935088124693953e-05,8.143515225971262e-05,0.0023682659598017407,0.0
MEASURE_ET_DC_Big_Id_gm_max,0.0,0.0,0.0,2.0887422611276396e-05,1.2141715214300181e-05
MEASURE_ET_DC_Big_Ids_m0p2,0.00013754610524595065,0.001006661634637837,4.210642277267085e-05,5.691220360192907e-05,0.0001495991721437871
MEASURE_ET_DC_Big_Idss,1.196740425048384e-05,0.0,0.0,0.0,0.0
MEASURE_ET_DC_Big_Imax,0.0,3.216884945933031e-05,0.0,3.45748542811963e-05,0.0006706096570980743
MEASURE_ET_DC_Big_K,5.970659815443008e-05,0.0002447296097625965,0.0001017350128507883,6.539147424980337e-05,7.203289042204013e-05
MEASURE_ET_DC_Big_MAG_10GHz,0.001972092816457458,0.0,5.125457870199966e-05,0.0014939543844046704,0.0006764434902169302
MEASURE_ET_DC_Big_MAG_18GHz,7.894981230473504e-05,3.086103580986229e-05,1.8853523548034245e-05,0.00012171347188585577,0.001611708452099495
MEASURE_ET_DC_Big_S11ang_10GHz,0.0005651454032025036,0.000840834683142669,0.00037460468839328054,0.00031193101407010255,1.8982081309888193e-05
MEASURE_ET_DC_Big_S11dB_10GHz,0.0016228790686377648,0.0010178210714838075,0.0006433130759384315,0.002095970144565754,0.0015571651432120957
MEASURE_ET_DC_Big_S12ang_10GHz,0.00269943884369594,0.0015694403409663349,0.0006937560981679519,0.005636851135225426,0.0018415426445984877
MEASURE_ET_DC_Big_S12dB_10GHz,0.042668593235671175,0.05606040678383053,0.11605485655215865,0.04446030641892878,0.11156952792734616
MEASURE_ET_DC_Big_S21ang_10GHz,0.001241696175281428,0.0027586787502723903,0.0035652403004941134,0.002446887807564432,0.00785836516022014
MEASURE_ET_DC_Big_S21dB_10GHz,0.00011510327819590346,0.0,0.0005048603030334661,0.0010032920735565528,8.74714977347311e-05
MEASURE_ET_DC_Big_S22ang_10GHz,0.000549741152464603,9.036657320157141e-05,0.0,0.0070922764893034135,5.698905278544703e-06
MEASURE_ET_DC_Big_S22dB_10GHz,0.0006633230587532286,0.0008749860507612845,0.004951898862152756,0.0022376995785036284,0.0001840240762324815
MEASURE_ET_DC_Big_Vdg_max,6.0171473824185397e-05,6.138517076085155e-05,0.0007936121686636687,0.00010503566678802487,4.842423725709643e-05
MEASURE_ET_DC_Big_Vdg_max_0p1mA,6.510147707569828e-05,0.00014148619566648399,0.00012087800670648376,0.00011970856798988031,1.4837389820751896e-05
MEASURE_ET_DC_Big_Vds_max,0.00015338385519993468,0.0001456220357197564,0.00021923465446147745,5.9847563236158374e-05,7.521515300004672e-05
MEASURE_ET_DC_Big_Vds_max_0p1mA,4.834282012910814e-05,0.0011564983742375255,0.00012652066909484033,0.0005241428122600377,0.0018045760779359665
MEASURE_ET_DC_Big_Vg_gm_max,0.00041363148354875136,0.0,0.0,4.922271115329666e-05,0.0
MEASURE_ET_DC_Big_Vg_max_Vd,0.0019562975494597837,0.003671787590821421,0.0003710042119744957,0.0037381665390613674,0.0002521605967410852
MEASURE_ET_DC_Big_Vg_max_Vd_0p1mA,0.0026915403696022066,0.0027941182818751508,0.0016219016466801795,0.002703405124634766,0.0022331760334015566
MEASURE_ET_DC_Big_Vg_optt1,0.005912499305338931,2.9515240603016956e-05,0.0015512116715417044,0.0031208956237529346,0.0037152833048060907
MEASURE_ET_DC_Big_Vg_optt2,0.019358662336427378,0.03141672514405632,0.04223628784793847,0.023126955780386357,0.027639837169663648
MEASURE_ET_DC_Big_Vg_optt3,0.00012323948358332912,0.00017329546011425097,1.8142400588889002e-05,0.0,0.00029075039660635555
MEASURE_ET_DC_Big_Vp_01,0.0010143200575709645,0.0,0.00340692961161466,9.693905301261565e-06,2.4225211861763297e-05
MEASURE_ET_DC_Big_Vp_1,9.396551102624904e-06,0.002042987588602783,0.0,0.0,0.0
MEASURE_ET_DC_Diode_D_leak_65V,0.000823493118622437,0.0,0.00024230679399977196,0.0,0.0
MEASURE_ET_DC_Diode_Rs,0.007918147323377658,0.0008654469494173415,7.002578883022389e-05,0.00020173379111387255,0.0005558556278020217
MEASURE_ET_DC_Diode_Rs_9p5,0.015553171904865309,0.006009897924455887,0.006456791086299992,0.009604961537268362,0.00021214983634804826
MEASURE_ET_DC_Diode_S11_dB_forw,0.0011115201290980078,0.007754303159494177,0.00801311911620075,0.0023982488709050342,0.0022688601192387844
MEASURE_ET_DC_Diode_S11_dB_forw_9p5,0.0001619299706637626,3.582172185496274e-05,0.015025198932044452,0.0026167257532264893,0.009684141537912314
MEASURE_ET_DC_Diode_S11_dB_rev,0.0016199871268195935,4.3229575701777193e-05,0.0051691315580991255,0.0028265521571463155,0.004095674711388547
MEASURE_ET_DC_Diode_S11_dB_rev_9p5,0.00015749176010797458,0.0007588110508794182,0.00023961094341376474,3.641151450970489e-05,3.67051835121437e-05
MEASURE_ET_DC_Diode_S21_dB_forw,0.00011388585045851389,4.978665107714844e-05,0.0014148797178755335,8.597170943453135e-05,0.0011715627907031233
MEASURE_ET_DC_Diode_S21_dB_forw_9p5,0.0007095028666996483,0.0022849370852206278,0.0032890379256644937,0.0013238069320659872,0.0035557056429008378
MEASURE_ET_DC_Diode_S21_dB_rev,0.001850016951550532,0.006359156586326562,0.010598565839598237,0.0,0.007569705416742379
MEASURE_ET_DC_Diode_S21_dB_rev_9p5,0.003719349143337581,0.0010494076399466142,0.00011208888280667667,1.5151317613168216e-05,9.50685375565973e-05
MEASURE_ET_DC_Diode_Vbpin,0.0006268943276677601,0.00038427243197425336,0.003987826007024386,0.0005233046625816179,0.0044731845597190565
MEASURE_ET_DC_PIV_Drain_Lag_0,3.5897201067540234e-05,0.010608636523790353,0.0005530033444444192,0.0020007602326994178,0.0009585824092642698
MEASURE_ET_DC_PIV_Drain_Lag_1,0.0,0.0001321790986263697,2.495456725825684e-05,4.9818419640658976e-05,0.0
MEASURE_ET_DC_PIV_Drain_Lag_Idss,0.0040337681235251745,0.0,0.00267707270524922,0.0,0.0031421008627787756
MEASURE_ET_DC_PIV_Drain_Lag_Imax,0.0002072093076862519,0.0001400653108351947,6.365637132777005e-05,4.485968844192817e-05,1.3060832197910659e-05
MEASURE_ET_DC_PIV_Gate_Lag_0,0.0006913000982191209,0.0021234405655316353,0.0002808780878680317,1.4971889827477916e-05,4.0195928188934164e-05
MEASURE_ET_DC_PIV_Gate_Lag_1,0.0036610653189766747,0.0018182002109643496,0.0023475159101942486,0.002529115415944424,0.0014605207758129526
MEASURE_ET_DC_PIV_Gate_Lag_Idss,6.06635275932677e-05,3.586119208637165e-05,0.00015216099167164937,0.0,0.00010974207925647216
MEASURE_ET_DC_PIV_Gate_Lag_Imax,0.0,0.0,6.0917752792710485e-05,1.4216964529291955e-05,0.0
MEASURE_ET_DC_PIV_Ids0_QP1,0.0003070250001778997,0.0032296502024855363,0.007320416242796047,0.004809539284815866,0.0050917140424862894
MEASURE_ET_DC_PIV_Ids0_QP2,0.00020896493895838014,0.00032662359382672977,0.00013664012000753805,0.00022393932904339996,0.0005462489076390131
MEASURE_ET_DC_PIV_Ids0_QP3,0.00099333076835607,3.142849225059233e-05,0.0007087802895410687,0.0019443489162009127,0.00024251802122381722
MEASURE_ET_DC_PIV_Ids1_QP1,0.00013653321994958346,0.00010389369922998022,0.0010065332566275844,9.563080587782646e-05,1.565763935933881e-05
MEASURE_ET_DC_PIV_Ids1_QP2,4.354645946342091e-05,5.9944627312776656e-05,0.001723726772802747,2.8913473726959027e-05,0.00016421238761983188
MEASURE_ET_DC_PIV_Ids1_QP3,0.00051807662535881,7.732805204086508e-05,0.0009292765287498886,0.0005209441559225098,0.00021195004568831964
MEASURE_ET_DC_PIV_Idss_QP1,0.0,0.0,0.0,0.0,0.0
MEASURE_ET_DC_PIV_Idss_QP2,0.0,5.624224835173969e-05,0.001482521775966501,0.00022451779691925217,0.0010951523444578158
MEASURE_ET_DC_PIV_Idss_QP3,9.633719458330495e-05,0.0002093285943273485,0.0,0.0,0.0
MEASURE_ET_DC_PIV_Imax_QP1,0.00012433092996416147,0.003103450101699054,0.0,0.0004811652744899935,6.719736487233632e-05
MEASURE_ET_DC_PIV_Imax_QP2,0.0,0.00015339470833761122,5.586042904766226e-05,0.0,0.0001325720005776921
MEASURE_ET_DC_PIV_Imax_QP3,9.940293930925748e-06,0.0,1.1067243007713208e-05,4.401518239966129e-05,0.00013662702133707995
MEASURE_ET_DC_RD_Ft,0.0032634915716676367,0.00047468091403144813,0.00379263197190778,0.000341675651295962,0.0036627044577039773
MEASURE_ET_DC_RD_Id_Vbon_max,9.447496700520169e-05,0.0005962021400396448,0.0004835040350794721,3.7205322490959095e-05,0.00044689136310981185
MEASURE_ET_DC_RD_Id_Vbon_min,6.42221484304275e-05,0.0001416870308480601,9.685225248461973e-05,0.00013219526748418965,3.218545429490324e-05
MEASURE_ET_DC_RD_K,0.01689015322882527,0.02035424488573733,0.016105836193137768,0.012228138313710482,0.009551580296319546
MEASURE_ET_DC_RD_MSG_18GHz,0.00042809917795915,0.00023528746472139647,0.00026154919807140777,0.0007035429489461265,2.4867304671806526e-05
MEASURE_ET_DC_RD_MSG_35GHz,0.001836892918123999,3.641705471649263e-05,0.0042934910328587044,0.00978369142011573,0.00025654652812195965
MEASURE_ET_DC_RD_S11ang_18GHz,0.0005149850396380845,0.00323661733262662,0.007350175708114919,0.0002541949356847547,0.0013377348947914895
MEASURE_ET_DC_RD_S11dB_18GHz,2.8302667283395566e-05,0.0005361470660185902,0.0009030373177046182,0.0,0.0
MEASURE_ET_DC_RD_S12ang_18GHz,5.104364870464325e-05,0.0,0.0009947274733526316,0.00011813853499657742,0.003643950313711153
MEASURE_ET_DC_RD_S12dB_18GHz,3.713815616248897e-05,0.0002483546742932292,0.0003793558082725747,3.758525823636458e-05,0.002138043580798756
MEASURE_ET_DC_RD_S21ang_18GHz,0.0001430931273500055,0.0022759929013910483,4.4094388618024434e-05,0.0026057363982594953,3.9714780407028605e-05
MEASURE_ET_DC_RD_S21dB_18GHz,0.0,0.0018257819446299616,0.0016969745890698573,8.190656665960861e-05,0.00017007390012311265
MEASURE_ET_DC_RD_S22ang_18GHz,0.00185051548711811,0.0021055965629685034,0.00235889683459055,0.0022386674645557395,0.00014458049558683757
MEASURE_ET_DC_RD_S22dB_18GHz,0.00030007839291450113,0.0029363892145524086,0.0012715830073561567,0.00015917069260335646,0.0027041402498714454
MEASURE_ET_DC_RD_Vboff,0.0006078622352791576,0.00015719686668949813,0.0001463467310568996,5.5213352024051607e-05,0.0
MEASURE_ET_DC_RD_Vboff_ON,0.0017488717889184498,0.0037209355182329716,0.0,0.0010401918629718344,0.0002619810207004575
MEASURE_ET_DC_RD_Vbon_max,1.4141009027334934e-05,0.00018065401479898607,0.0,0.0034655754828170154,0.0005892170809012199
MEASURE_ET_DC_RD_Vbon_min,4.910793620674362e-05,0.0,0.00017454765753478597,0.00017752166617605498,1.7520855232714076e-05
MEASURE_ET_DC_RD_Vg_Vbon_max,2.9056417930654796e-05,3.145173838324883e-05,0.0001038888925213868,8.56681593541592e-05,0.0
MEASURE_ET_DC_RD_Vg_Vbon_min,0.004337270540013007,0.002594741410813374,8.246074891606826e-05,0.009578152172289288,0.0027879539273198135
MEASURE_ET_DC_RF2_Ft,0.0024106236100694916,0.0017883108916030292,0.0001134214786212503,0.0023378117532637283,0.00025357860771970547
MEASURE_ET_DC_RF2_K,0.000132564009365088,4.900227714828606e-05,5.376877100142198e-05,0.0006289436641201255,4.94241116618048e-05
MEASURE_ET_DC_RF2_MAG_26GHz,0.04836414687993043,0.05540653363732948,0.024597929547977248,0.041488681055648624,0.014887818653470814
MEASURE_ET_DC_RF2_MAG_35GHz,0.00016988329779686886,0.0002912815752319137,0.0038184672374879714,2.8394498574975965e-05,0.0003574142376025468
MEASURE_ET_DC_RF2_S11ang_26GHz,0.005036142088620742,0.0073389451299439605,0.005480211390013067,0.0074518295596028745,0.002128193703357759
MEASURE_ET_DC_RF2_S11dB_26GHz,0.002307273711521857,0.0009110071690221678,0.0009711568908912031,0.02741136239659124,0.005312272138428523
MEASURE_ET_DC_RF2_S12ang_26GHz,0.00035444722108572327,9.87392097608941e-05,7.245420610368083e-05,0.00019875144604495056,0.0012219976927126072
MEASURE_ET_DC_RF2_S12dB_26GHz,0.003958691025232141,0.0024623141634070107,0.005185796413278322,0.003358240333579115,0.006595346632703748
MEASURE_ET_DC_RF2_S21ang_26GHz,0.008464289883341462,0.01692707579998223,0.024220548114607318,0.014211827394259004,0.026927356494579467
MEASURE_ET_DC_RF2_S21dB_26GHz,0.00010004663911503026,0.0,9.824213096937541e-06,7.241580379968078e-05,2.147048416665994e-05
MEASURE_ET_DC_RF2_S22ang_26GHz,0.0,0.005188833194534763,0.0025853622131947205,2.2981173381289176e-05,0.0014042813356524174
MEASURE_ET_DC_RF2_S22dB_26GHz,0.03008705414074345,0.029294420203881604,0.03396888529196294,0.022367313609702254,0.06002990403864556
MEASURE_ET_DC_RF_CF_S11_Mag_L1002,0.004699445497190825,0.0,2.0440420879262805e-05,0.000773589583341495,0.0010646379227109196
MEASURE_ET_DC_RF_CF_S11_Mag_L1018,0.0,0.0005156617767990596,0.0007790273929984165,0.0013885171543342554,0.0033992626668638993
MEASURE_ET_DC_RF_CF_S11_Mag_L2180,0.007744670888038067,0.00044402597533814485,0.00010140886803489298,0.0001837949113373063,0.0009678158072561518
MEASURE_ET_DC_RF_CF_S11_Ph_L1002,0.007131952168143937,0.0022768611681633186,0.0034340864184362473,0.010798163034881002,0.0033221210027033227
MEASURE_ET_DC_RF_CF_S11_Ph_L1018,0.0034626339471315955,0.0042211795597318,0.00261975519461864,0.007640518356937921,0.0013992947193687542
MEASURE_ET_DC_RF_CF_S11_Ph_L2180,0.002754174888776187,0.004072529541160504,0.0034076719997327438,0.007556497822383287,0.0035227702060600043
MEASURE_ET_DC_RF_CF_S12_Mag_L1002,0.034576846385284084,0.03559676544036872,0.017857704635370265,0.04461387028039336,0.014144111530838072
MEASURE_ET_DC_RF_CF_S12_Mag_L1018,0.005036850795546647,8.098989542472373e-05,5.6228809362738144e-05,0.004792490896801652,0.0001414542322872403
MEASURE_ET_DC_RF_CF_S12_Mag_L2180,4.779246510419408e-05,6.385207770728845e-05,5.19798394216117e-05,6.013428885776297e-05,0.0003066646622950466
MEASURE_ET_DC_RF_CF_S12_Ph_L1002,0.0,0.0025238122517232185,0.0,0.0,0.002971452714424052
MEASURE_ET_DC_RF_CF_S12_Ph_L1018,0.0010739736770394072,0.0020940285069039684,0.0029926118573875625,0.0007404705666839513,0.003093017989933596
MEASURE_ET_DC_RF_CF_S12_Ph_L2180,0.0024115741676246703,3.913847104336373e-05,0.0006730305623660863,0.0008845916026172853,0.0
MEASURE_ET_DC_RF_CF_S21_Mag_L1002,9.354237983260349e-05,8.70335350708845e-05,0.00019280243856833234,9.455724877019971e-05,1.595072074802619e-05
MEASURE_ET_DC_RF_CF_S21_Mag_L1018,4.432312454671297e-05,0.007486011344721407,0.003431361371301217,0.00029414835193156775,0.006309078733651754
MEASURE_ET_DC_RF_CF_S21_Mag_L2180,0.0,0.0005595392541129216,0.00011045928806324545,0.0,0.002523583150893278
MEASURE_ET_DC_RF_CF_S21_Ph_L1002,2.1058969949435095e-05,0.0005191325340335954,4.220237618235034e-05,0.0024392264562048474,0.00012560979384530825
MEASURE_ET_DC_RF_CF_S21_Ph_L1018,0.0,6.035280373745602e-05,2.6387337461356026e-05,1.5855454842741213e-05,3.536571615316015e-05
MEASURE_ET_DC_RF_CF_S21_Ph_L2180,0.0035491581043524912,0.0044442678643453574,0.0015404324223217628,0.0,0.0002152744496912689
MEASURE_ET_DC_RF_CF_S22_Mag_L1002,0.00012105286055887956,3.733459815047588e-05,6.38244430894223e-05,2.9694759140332275e-05,0.0
MEASURE_ET_DC_RF_CF_S22_Mag_L1018,0.000258913016933382,0.00016248239190467235,0.00013798473692567653,5.4718745567226596e-05,6.146190688986763e-05
MEASURE_ET_DC_RF_CF_S22_Mag_L2180,0.006950191248593392,0.0016148651761276646,0.0013869141326248403,0.0013170959845793793,0.013768708101561411
MEASURE_ET_DC_RF_CF_S22_Ph_L1002,0.003698837095687054,0.002270383965621695,6.150630020784761e-05,0.00278557117069053,7.520133640210038e-05
MEASURE_ET_DC_RF_CF_S22_Ph_L1018,0.00523870145126838,0.0009064699542434371,0.0021972776410221283,0.0028623414030435803,0.0016825851337187426
MEASURE_ET_DC_RF_CF_S22_Ph_L2180,0.0017550374248587147,0.0007068164533717784,0.005129320538692864,0.0005964219589369096,0.006913322170646891
MEASURE_ET_DC_RF_Freq_cut_L1002,0.005768431451906786,9.981742216417326e-05,0.0001409892936531438,1.3390692457955966e-05,0.00010482325598168368
MEASURE_ET_DC_RF_Freq_cut_L1018,0.0009752160310319424,0.0013521052903351508,0.001986839733037166,0.0,0.001948756722335856
MEASURE_ET_DC_RF_Freq_cut_L2180,9.234707744828077e-05,6.836182828545123e-05,0.00019999118178212332,2.7252193337596993e-05,6.818821270937363e-05
MEASURE_ET_DC_RF_Ft,0.00024071375414162785,8.479170231163531e-06,0.0008054796342432863,0.00022460662608909723,2.8172078004121524e-05
MEASURE_ET_DC_RF_Ft_W,0.0001888381077712508,8.215731936894289e-05,0.00018594495855723403,0.0001672762961333608,9.637192929114011e-05
MEASURE_ET_DC_RF_Gm_0,0.0,0.0,0.0,6.203424324299327e-06,4.115195383014019e-05
MEASURE_ET_DC_RF_Gm_0_W,8.965314930107547e-06,0.0,3.985253987950837e-05,0.0,9.955713683358008e-05
MEASURE_ET_DC_RF_Gm_m0p2,0.0,6.123241764637839e-05,0.00015871110119974899,0.00022755142781967898,0.0021119841375029837
MEASURE_ET_DC_RF_Gm_m0p2_W,0.0,0.001991842823783392,3.2099159952537013e-05,0.0004257829370638843,2.609831832273636e-05
MEASURE_ET_DC_RF_Gm_max,0.004879438617001168,0.001486593205172031,3.518581403372713e-05,2.7792520730621323e-05,4.738064773889909e-05
MEASURE_ET_DC_RF_Gm_max_W,6.488341626720413e-05,0.0,1.5645668838851176e-05,0.0010221351465976118,1.0576834415798787e-05
MEASURE_ET_DC_RF_Id_Vbon_max,0.00013111976302674405,0.0003210684916384758,0.0001413681540052768,5.739466223280911e-05,0.0001703049352132666
MEASURE_ET_DC_RF_Id_Vbon_min,0.004637817096963913,0.0012969376808195858,0.0013125033045480693,0.008863965071858949,0.0037885944005253878
MEASURE_ET_DC_RF_Id_gm_max,0.0,1.5504067889877747e-05,0.0,0.0011758358058738569,6.692978162856632e-06
MEASURE_ET_DC_RF_Id_gm_max_W,0.0002408638851619174,4.176421166647951e-05,6.141251021542056e-05,5.1933940548273467e-05,0.0002285173164547822
MEASURE_ET_DC_RF_Ids_m0p2,0.0001404418858608125,0.0001096581355210312,0.001371229186014213,0.00019283662112282022,0.00014397295469172636
MEASURE_ET_DC_RF_Idss,0.0,0.0,0.0,4.717860116871686e-05,0.0
MEASURE_ET_DC_RF_Idss_W,0.002359036910121949,0.0015701119887007258,0.0037411663821947144,0.002285913581236514,0.005694466947538322
MEASURE_ET_DC_RF_Imax,0.0,0.0,7.729171830304104e-06,0.00017809820096239317,0.0
MEASURE_ET_DC_RF_Imax_W,0.0,7.343770284819313e-05,9.019728681422247e-06,0.0,0.0
MEASURE_ET_DC_RF_K,0.0008718666713848356,0.0002874509386840441,0.00048085309926887247,9.63070755605939e-05,0.0011732184951554576
MEASURE_ET_DC_RF_K_W,0.011991759444697632,0.035802423948663904,0.022859016337236204,0.02122452886495028,0.01794640645514489
MEASURE_ET_DC_RF_MAG_26GHz,0.003169157722328116,0.0,0.0013493279828896165,9.210515179410102e-05,0.002236293766444407
MEASURE_ET_DC_RF_MAG_26GHz_W,0.00011025823565329813,0.0,9.182540556823935e-06,5.298404927996675e-05,5.9653442641270405e-05
MEASURE_ET_DC_RF_MAG_35GHz,4.608202918122412e-05,1.4690542151632597e-05,0.005073898224505892,0.0,0.0
MEASURE_ET_DC_RF_MAG_35GHz_W,0.002430702082546261,3.353120208863445e-05,3.374541091393302e-05,0.0012126060448234943,0.0009719095775737373
MEASURE_ET_DC_RF_MSG_10GHz,0.00010996061384454037,4.3880825598097286e-05,3.774312335827127e-05,1.8968379701292545e-05,0.00010096353059371363
MEASURE_ET_DC_RF_MSG_18GHz,2.7727814666201287e-05,6.580058385614331e-05,0.002697554755963867,0.0004951959290961088,0.00020947554608038554
MEASURE_ET_DC_RF_Max_S11_Freq_L1002,0.0013126253735557438,9.96165792995117e-05,0.0007438641546224394,6.502765160759216e-05,0.002656012834684582
MEASURE_ET_DC_RF_Max_S11_Freq_L1018,0.0019400936002890064,0.001310021461435495,0.0007195505664674436,0.0009414787748447808,0.000565997629951978
MEASURE_ET_DC_RF_Max_S11_Freq_L2180,0.0011188152363008157,0.001520847958662886,0.0024214275010274126,0.0026724172240558683,0.0020342354073844596
MEASURE_ET_DC_RF_Max_S11_Mag_L1002,0.0,0.0,0.00011755963508884908,0.0002045564762511023,0.0
MEASURE_ET_DC_RF_Max_S11_Mag_L1018,0.0037340650962748674,0.0,0.003053319244089227,0.003945781432335866,0.0001252234874704147
MEASURE_ET_DC_RF_Max_S11_Mag_L2180,0.0028378432372044506,0.0009475715980707326,0.010897456061746639,0.0018543482907418432,6.512072520212478e-05
MEASURE_ET_DC_RF_Max_S11_Ph_L1002,0.000564528968615937,0.0003117478394588706,0.0,0.0005473509594869421,0.00010320662504967447
MEASURE_ET_DC_RF_Max_S11_Ph_L1018,0.00543845114710756,0.004722731374026419,0.002894876795420719,0.004504594844018373,0.000663349928161474
MEASURE_ET_DC_RF_Max_S11_Ph_L2180,0.0042091778407282185,0.008847106743594745,0.00014348986796285034,0.005181324357288173,0.0018712505055396226
MEASURE_ET_DC_RF_Min_S21_Freq_L1002,0.026740282315872263,0.029119336212141165,0.003481624722448091,0.005649864086594718,0.005044456382747352
MEASURE_ET_DC_RF_Min_S21_Freq_L1018,0.029066663043296755,0.007957181627264616,0.05919368160857859,0.015050688073068284,0.024271222302759486
MEASURE_ET_DC_RF_Min_S21_Freq_L2180,0.0001765105077314525,0.0005280584998776464,3.576298390016166e-05,0.0005915666706544376,7.475171516277042e-05
MEASURE_ET_DC_RF_Min_S21_Mag_L1002,1.5126356267428225e-05,0.0004058060374122327,2.250232696693614e-05,0.0,0.0008807477216692514
MEASURE_ET_DC_RF_Min_S21_Mag_L1018,3.1455698021383996e-05,0.0010244251999393078,0.00017171053611223508,1.859527308975752e-05,0.00013724161816799436
MEASURE_ET_DC_RF_Min_S21_Mag_L2180,0.0,0.0006594736625132454,0.00014884325265507,6.880974227815148e-06,0.0012240537155013456
MEASURE_ET_DC_RF_Min_S21_Ph_L1002,0.009476933346259677,0.00427277258389056,0.0008294775334002036,0.005900117580947132,4.830873263139885e-05
MEASURE_ET_DC_RF_Min_S21_Ph_L1018,8.325062568325074e-05,0.0009463303666418436,0.004339393396991119,0.0011704078704874864,0.0015837493001068673
MEASURE_ET_DC_RF_Min_S21_Ph_L2180,0.0002431446238968043,0.0,0.0022228214447569438,0.0005916238616554344,0.0
MEASURE_ET_DC_RF_S11ang_10GHz,0.0019077055886876431,0.0011605267667296984,0.0028005146723271692,0.007469122940950934,0.0009984349083067953
MEASURE_ET_DC_RF_S11ang_26GHz,0.005384315579461705,0.002042207136995717,0.004867064431853788,0.0036263367033264327,0.002786490985253825
MEASURE_ET_DC_RF_S11ang_26GHz_W,0.00408578219885051,0.0007803758870229637,0.0028193432544566742,0.0009586811944221102,0.0039568196818665115
MEASURE_ET_DC_RF_S11dB_10GHz,0.0006383429437312008,0.003598632635034307,0.007451443517197711,0.0009969748751912555,0.004505809679168958
MEASURE_ET_DC_RF_S11dB_26GHz,0.0013121588594795295,0.001754673411773803,0.013311942143952026,0.0018839074145933577,0.0011038758418592835
MEASURE_ET_DC_RF_S11dB_26GHz_W,0.004468545369297614,0.00658309362741382,0.003280625989424146,0.00959825933782398,0.005069048343572869
MEASURE_ET_DC_RF_S12ang_10GHz,0.00595919032099722,0.00931906153668481,4.288262605415879e-05,0.0012659023745499771,0.000240758794277626
MEASURE_ET_DC_RF_S12ang_26GHz,0.0004953201430114159,0.0002468182688899392,0.004941014923139949,0.00020181640877512874,0.003678732800733788
MEASURE_ET_DC_RF_S12ang_26GHz_W,1.0240283348087686e-05,5.219246312473167e-05,0.0013525523989014762,2.3362054121263942e-05,0.0005899434041977479
MEASURE_ET_DC_RF_S12dB_10GHz,0.002968313072694095,0.0015248051346043643,0.002685569826010319,0.0023302526797518578,0.0001021985349534285
MEASURE_ET_DC_RF_S12dB_26GHz,0.0005821542010332209,0.0012135458319311534,0.0003178885717749542,0.0,0.00010294547189125955
MEASURE_ET_DC_RF_S12dB_26GHz_W,0.0032197084112353743,0.0027958464318842474,0.0009011615442922806,0.009742959906839549,0.0031645376686228904
MEASURE_ET_DC_RF_S21ang_10GHz,3.38755966720332e-05,4.5387116355807765e-05,7.2644537348553175e-06,0.00018537194411922988,0.0
MEASURE_ET_DC_RF_S21ang_26GHz,0.00020525156938419416,0.0019044567698819302,5.167232732808388e-05,0.000873223400535858,0.0011982343780941006
MEASURE_ET_DC_RF_S21ang_26GHz_W,0.012732711936408337,0.012784429185619282,4.3560141111003074e-05,0.007614738894491737,0.00030207597203304434
MEASURE_ET_DC_RF_S21dB_10GHz,0.00010545258081528711,1.9682070479409573e-05,0.0005252062280354617,6.324611372043458e-05,5.0798487576152715e-05
MEASURE_ET_DC_RF_S21dB_26GHz,0.0007541223219704646,0.0005879633709878499,1.5206541875397346e-05,0.0016470544274491154,3.0827148905057455e-05
MEASURE_ET_DC_RF_S21dB_26GHz_W,0.002343349968381617,0.002527137931342445,0.0058734148213466396,5.02888729133814e-05,3.926146341313829e-05
MEASURE_ET_DC_RF_S22ang_10GHz,0.0004423458451327448,1.2996703705097078e-05,0.0001990146729196077,0.001609891894805075,2.9639117285177035e-05
MEASURE_ET_DC_RF_S22ang_26GHz,0.0002584851428275,0.00011087122068496823,4.6671834506153864e-05,4.998549549719826e-05,2.441783954593592e-05
MEASURE_ET_DC_RF_S22ang_26GHz_W,7.27096009954001e-06,6.453697642118682e-05,1.724642793280713e-05,0.0,0.001013313183556261
MEASURE_ET_DC_RF_S22dB_10GHz,0.0017546453707715484,0.0008451854637377688,0.0009789538677055154,0.00015833156477218526,0.0008695107999598942
MEASURE_ET_DC_RF_S22dB_26GHz,0.004321212387714512,0.0020277660300825674,0.0008431381370846948,0.0024179125301173323,0.0026310123800187915
MEASURE_ET_DC_RF_S22dB_26GHz_W,0.001071276492017288,0.0008339871201729336,0.004984853153618795,0.0022195160262192585,0.002216028213703308
MEASURE_ET_DC_RF_Vbgd1,0.0,4.4072830007856066e-05,8.447275406537256e-06,0.0,0.0002153457536487289
MEASURE_ET_DC_RF_Vbgd_0p01,4.491913530760025e-05,0.0013626202578844076,0.006758943389833622,0.0003116132845202062,0.002192872764347588
MEASURE_ET_DC_RF_Vbgd_0p1,0.002330394507710614,0.0,0.0,0.00035731750164476886,2.571240845780538e-05
MEASURE_ET_DC_RF_Vbgs1,5.5874182350738764e-05,2.8567300259727715e-05,0.0011478043347556155,0.003234415600929433,0.0
MEASURE_ET_DC_RF_Vbgs_0p01,0.004545833557551521,0.0027088097383863316,0.0038428511059042723,0.004174271963375138,0.005254990833244667
MEASURE_ET_DC_RF_Vbgs_0p1,0.00016297712080395578,0.005683542475619171,0.0009333370321888823,0.00035085123152509164,0.004181918192822086
MEASURE_ET_DC_RF_Vbin_gd,0.00012859176821287404,0.000513770459279348,0.0013977649693683106,0.0003594907533458561,0.0005086954588967614
MEASURE_ET_DC_RF_Vbin_gs,0.0017490788741902068,0.0011924540675899663,0.002111686155319613,0.00416353721453413,3.947829102361281e-05
MEASURE_ET_DC_RF_Vboff,0.0,0.0011198753150206554,0.010792632133256326,0.0010171383164120028,0.003992499369437528
MEASURE_ET_DC_RF_Vboff_ON,0.0003912281705843352,0.004066745970676127,0.003708553161293248,0.000526465846359229,0.003928758263052893
MEASURE_ET_DC_RF_Vbon_max,0.002518873355610564,0.00018854359843579517,0.00043364259765376955,0.000337777008459535,6.299027312961158e-05
MEASURE_ET_DC_RF_Vbon_min,0.002657845310643428,0.0016082014522902758,0.0002913132502052553,0.009612193894014267,0.0015182480510392375
MEASURE_ET_DC_RF_Vdg_max,0.00021774823373338416,0.0009499350878251306,0.0003351671697618746,0.0002330380744676058,0.00017661665441534536
MEASURE_ET_DC_RF_Vdg_max_0p1,0.00010637879594270452,9.523831678625992e-05,0.0008039918727493034,6.93391086514945e-06,0.0007085428366990105
MEASURE_ET_DC_RF_Vdg_max_0p1mA,0.0019254946741174967,0.0,0.0005479938091921501,0.0010025319872235578,0.001312943170913674
MEASURE_ET_DC_RF_Vds_max,3.7484498292019255e-05,7.056120527969077e-05,6.991126429122404e-05,0.0003613382509071937,0.0013569647659563639
MEASURE_ET_DC_RF_Vds_max_0p1,5.082714183188447e-05,0.0005965688082316859,0.0,9.41254765110509e-05,2.763339086581182e-05
MEASURE_ET_DC_RF_Vds_max_0p1mA,0.0004469186706672187,0.0012546049710070795,2.1175755640302446e-05,0.00021372780103582947,0.0003164331973043425
MEASURE_ET_DC_RF_Vg_Vbon_max,0.00014496853853406233,0.00096423854505828,0.00017473228545841955,0.00010133952246602381,0.0002827131784325319
MEASURE_ET_DC_RF_Vg_Vbon_min,0.002780073375124034,0.013216163444392439,0.004927678304488094,0.004367669340636408,0.005716118520544031
MEASURE_ET_DC_RF_Vg_gm_max,1.9210367736255215e-05,0.0,7.403539734772496e-05,2.481398112866695e-05,0.0
MEASURE_ET_DC_RF_Vg_gm_max_W,0.0,0.0,6.247394540944288e-05,0.0,0.0
MEASURE_ET_DC_RF_Vg_max_Vd,0.011209640858168337,0.011597734118802666,0.019585521502299474,0.0007388342235454307,0.0033497163292415446
MEASURE_ET_DC_RF_Vg_max_Vd_0p1,0.00403980396173042,0.0018443893566434276,0.007713171410490413,0.004078786947395679,0.0016479895897888596
MEASURE_ET_DC_RF_Vg_max_Vd_0p1mA,0.0006205557609808174,3.865459411830159e-05,0.0011486026956127572,0.00019773104117162447,3.549421819474423e-05
MEASURE_ET_DC_RF_Vg_optt,0.0006926654078793225,0.0007511758514834142,0.0012785900871572734,0.00048156991118425944,6.371951214273446e-05
MEASURE_ET_DC_RF_Vp_01,0.0,0.0033530658751018748,0.00014156833099752476,0.0,1.8208802598034205e-05
MEASURE_ET_DC_RF_Vp_01_W,0.00010390633778263902,1.0199826513606515e-05,0.00014887443590047773,2.545504608237989e-05,9.885367417439575e-06
MEASURE_ET_DC_RF_Vp_1,0.0012368514593698353,0.0020134242744099173,0.0005167374322427925,0.0,0.0009003380688488035
MEASURE_ET_DC_RF_Vp_1_W,4.233004007100952e-05,5.4189342753855536e-05,0.00020065902971384725,0.0,7.396553727610754e-05
MEASURE_ET_DC_RF_Vt_gd,0.002669355435568608,0.0013445479517386204,0.0015379178557786391,0.0014844150631575805,0.005726491627869493
MEASURE_ET_DC_RF_Vt_gs,0.0,0.0002829784007411354,0.0,0.0004201381814010158,0.00196918683770471
MEASURE_ET_DC_RF_ids_m0p2_W,9.370846239864474e-05,0.0002000084096633962,0.001440833363840989,2.8222590488050375e-05,6.17202678470683e-05
MEASURE_ET_DC_RF_n_gd,0.0,0.0008747631586834075,0.0015314641622351552,1.8416395544597504e-05,0.0030865661469474475
MEASURE_ET_DC_RF_n_gs,0.0004615471430099595,5.037661631893945e-05,7.700868562820497e-05,3.622453966047636e-05,0.00020118961659395526
MEASURE_ET_DC_SEC_Gm_0,0.0,6.323858147161308e-05,0.0,0.0,0.0005361204707867856
MEASURE_ET_DC_SEC_Gm_m0p2,0.00021324800573473577,0.0,0.0,0.0,8.159685262791767e-05
MEASURE_ET_DC_SEC_Gm_max,0.0,0.0,0.0,0.0,0.0
MEASURE_ET_DC_SEC_Id_gm_max,0.00039875940012786573,6.568841561288173e-05,4.924107591596641e-05,0.0,5.280846271087121e-05
MEASURE_ET_DC_SEC_Ids_m0p2,3.955608590833299e-05,6.0700127948914776e-06,0.00011288582915023418,0.000566147444748101,0.00019586331068662427
MEASURE_ET_DC_SEC_Ids_max_ON,0.0,0.002242047336256533,0.0027090078407685995,0.0029584869909655143,0.004377536194732693
MEASURE_ET_DC_SEC_Ids_min_ON,0.005087259246164628,0.017383673647099425,0.018339827374438667,0.009316400290047416,0.01033967334160651
MEASURE_ET_DC_SEC_Idss,2.4220501833827736e-05,0.0,4.124236558583261e-05,5.4403208102421065e-05,1.5287757080611697e-05
MEASURE_ET_DC_SEC_Imax,8.370219743462844e-05,7.309025638973557e-05,3.8696507002416785e-05,4.1171802301515455e-05,7.320246841071224e-05
MEASURE_ET_DC_SEC_Imax_6V,0.0002269632998342529,0.00045365387863621195,2.2219642166001715e-05,0.00015623107736350894,0.00023147728877777945
MEASURE_ET_DC_SEC_Imax_7V,0.0003065429657766953,8.389098428735862e-05,2.3218418922542594e-05,0.0021955682014400684,0.0
MEASURE_ET_DC_SEC_S_Bin,0.0002969953356015173,3.35745053152777e-05,9.221685133808386e-05,0.00010654723097572767,0.00040389792958562697
MEASURE_ET_DC_SEC_S_Bin_FPSD3p2,5.960501235249751e-05,0.00018658632810801434,0.00012916519994814356,0.0006382783057894772,0.00013239735697647738
MEASURE_ET_DC_SEC_S_Bin_SD3p5,0.0001508504352878305,0.00024997731876137805,0.00021983166250687502,0.00014883145060083224,9.953850714974796e-05
MEASURE_ET_DC_SEC_S_ChipStatus,5.807978919018984e-05,7.048075514860275e-05,5.7620902920978024e-05,0.0002977695393974791,4.152965490090672e-05
MEASURE_ET_DC_SEC_S_Id_at_Vboff_mA_mm,0.001665733940226533,0.00046201349859595884,0.0003130479013187632,3.7246458203575744e-05,0.0001094145413396905
MEASURE_ET_DC_SEC_S_Id_at_Vboff_mA_mm_FPSD3p2,0.0009123012592687477,0.0006292406814667825,0.007245622610015636,0.0003003577074519416,0.004304051005142096
MEASURE_ET_DC_SEC_S_Id_at_Vboff_mA_mm_SD3p5,0.0002222361895381622,0.00022591341691739772,0.0014628737270902172,0.0,1.2689212971557527e-05
MEASURE_ET_DC_SEC_S_Id_mA_mm_at_Vg1,0.00012231663450217327,0.00010811517069808168,4.123152058090021e-05,7.789305961561928e-05,1.910199016830833e-05
MEASURE_ET_DC_SEC_S_Id_mA_mm_at_Vg1_FPSD3p2,0.0009529665433074287,0.0005819704239636624,0.004883309760160438,0.012810212015687624,0.004007823271443167
MEASURE_ET_DC_SEC_S_Id_mA_mm_at_Vg1_SD3p5,0.00011240131915988795,2.3228681064796233e-05,0.0003157560333501942,0.001585256668001548,0.0002054612565130929
MEASURE_ET_DC_SEC_S_Id_mA_mm_at_Vg2,0.00022031736812530204,7.565939964933664e-05,7.121374504004138e-05,0.0015556615252735565,5.242475393958719e-05
MEASURE_ET_DC_SEC_S_Id_mA_mm_at_Vg2_FPSD3p2,7.453082547005981e-05,0.0,0.0002572470450979578,0.00011315545059181708,5.880576187232235e-05
MEASURE_ET_DC_SEC_S_Id_mA_mm_at_Vg2_SD3p5,0.0005072779711637783,0.00020641214180887443,0.0006442604888342311,0.0003897127542354019,0.0005866567430638188
MEASURE_ET_DC_SEC_S_Id_mA_mm_at_Vg3,0.003298717155835874,0.0032388885451126617,0.0,0.00018301500968862143,9.831020971190499e-05
MEASURE_ET_DC_SEC_S_Id_mA_mm_at_Vg3_FPSD3p2,0.001893082696043463,0.010211191743896088,0.01103471899951562,0.005653185083572492,0.007353977279628613
MEASURE_ET_DC_SEC_S_Id_mA_mm_at_Vg3_SD3p5,0.0043807879456010486,0.0021868829952276657,0.0020230484975488814,3.9374007436225734e-05,0.00395649237607897
MEASURE_ET_DC_SEC_S_Id_plus_Ig_at_Vboff_mA_mm,0.00020226242329082062,0.00010520358332290615,9.50364143645161e-05,6.473474381357225e-05,0.0008711329751296273
MEASURE_ET_DC_SEC_S_Id_plus_Ig_at_Vboff_mA_mm_FPSD3p2,0.0,0.00021180077147831802,5.93853999693639e-05,0.00022438474531276574,7.877048517235987e-05
MEASURE_ET_DC_SEC_S_Id_plus_Ig_at_Vboff_mA_mm_SD3p5,0.00015744540631238357,4.353165150321132e-05,0.0005908545303878048,0.0006940233341328608,0.0013489993272350347
MEASURE_ET_DC_SEC_S_Ids_max,0.0013550657839353345,0.0059480188265199725,0.00018819597454195977,0.002616250292181126,9.28240648585377e-05
MEASURE_ET_DC_SEC_S_Ids_max_FPSD3p2,0.006980017676227553,0.002275639227634789,0.00010997725209673313,0.0022029311696962987,0.003331693479412783
MEASURE_ET_DC_SEC_S_Ids_max_SD3p5,0.00013403531315032873,0.0,0.0006821047584910113,1.8395019610815233e-05,0.00016667269953818856
MEASURE_ET_DC_SEC_S_Ids_max_norm,0.0008562112413419088,0.0021749110607375073,0.0016457535933955768,0.0036760420794661143,3.99659244289032e-05
MEASURE_ET_DC_SEC_S_Ids_max_norm_FPSD3p2,0.0003271272648231198,5.3917349804118816e-05,0.00033896008764261324,0.0015995066918759921,5.414199652463659e-05
MEASURE_ET_DC_SEC_S_Ids_max_norm_SD3p5,8.524834070533536e-05,0.00010880559044761575,0.0005213534590682807,0.0004455033669742968,9.635844842433495e-05
MEASURE_ET_DC_SEC_S_Ig_cut1_mAmm_neg,0.0002736727113661138,0.00017849957629723388,2.516705268954652e-05,5.499493809021321e-05,0.0
MEASURE_ET_DC_SEC_S_Ig_cut1_mAmm_neg_FPSD3p2,0.00028320784491965724,0.0,0.004107169761606754,0.0007807865090835544,0.0005984885348447932
MEASURE_ET_DC_SEC_S_Ig_cut1_mAmm_neg_SD3p5,0.008014776338660769,0.003762118936330761,0.0025962421047665053,0.006359322844656966,0.0006703784690468231
MEASURE_ET_DC_SEC_S_Ig_cut1_mAmm_pos,0.0019451282971610845,2.2786447337642706e-05,0.00023438061305193839,0.00015391241394715308,0.0015874536605601176
MEASURE_ET_DC_SEC_S_Ig_cut1_mAmm_pos_FPSD3p2,5.2061211726556604e-05,0.00014774604221396746,0.00016531318581653392,4.808504405428629e-05,7.793599862226612e-05
MEASURE_ET_DC_SEC_S_Ig_cut1_mAmm_pos_SD3p5,1.616980942989325e-05,0.0002528405897489905,0.00011223404098579712,0.00016846338576440094,2.4445630768778413e-05
MEASURE_ET_DC_SEC_S_Ig_cut2_mAmm_neg,1.8901001549865675e-05,4.988589772381012e-05,0.0002131177224486572,0.00011989016195413576,0.00011436880286716042
MEASURE_ET_DC_SEC_S_Ig_cut2_mAmm_neg_FPSD3p2,0.0002894533710266819,0.0016376031006895353,0.001875219018740571,0.0003771128568308518,0.0009485478506724842
MEASURE_ET_DC_SEC_S_Ig_cut2_mAmm_neg_SD3p5,0.0018445002293749203,0.002533760268920348,0.0005162398597104352,0.00155232148243471,0.0006432252860025457
MEASURE_ET_DC_SEC_S_Ig_cut2_mAmm_pos,0.00016250977004773735,0.00033778234388182293,8.897344240427592e-06,6.571487769375952e-05,0.0001355813944239251
MEASURE_ET_DC_SEC_S_Ig_cut2_mAmm_pos_FPSD3p2,0.0001152782538483902,0.00028175256664048255,0.0002893754008792641,4.0475883262682674e-05,5.644587385219474e-05
MEASURE_ET_DC_SEC_S_Ig_cut2_mAmm_pos_SD3p5,0.0029621005919347374,0.0007699248076598884,0.0054551007661507635,0.0015234453628560597,0.003176121972546763
MEASURE_ET_DC_SEC_S_Ig_cut3_mAmm_neg,0.00014462680991086753,0.006651607596762956,0.00019803257662466894,0.00010437680117357489,0.00054745859088998
MEASURE_ET_DC_SEC_S_Ig_cut3_mAmm_neg_FPSD3p2,0.00011865564158161002,0.00015712615000068486,0.003073187392692788,0.0004383679714458908,8.297809695601215e-06
MEASURE_ET_DC_SEC_S_Ig_cut3_mAmm_neg_SD3p5,0.006518834505217011,0.003875270881876403,0.0031232032716586875,0.001750168554215915,0.00031725679794317207
MEASURE_ET_DC_SEC_S_Ig_cut3_mAmm_pos,0.00011591336259971425,5.0236028123229146e-05,0.0002975067181404313,0.0010187171806777858,6.389145589052627e-05
MEASURE_ET_DC_SEC_S_Ig_cut3_mAmm_pos_FPSD3p2,0.0004710609100221622,2.283115923266909e-05,0.0007628087204184197,6.501322812389973e-05,3.8166174042488016e-05
MEASURE_ET_DC_SEC_S_Ig_cut3_mAmm_pos_SD3p5,1.6063854160985843e-05,4.676614349852791e-05,0.0008099312894717088,0.0004840766175839251,0.0003284974762723721
MEASURE_ET_DC_SEC_S_Ig_mAmm_at_Vg_cond_neg,0.00022383313173754486,4.691291176657345e-05,3.414706548995112e-05,0.00021103246339890111,0.0002116096060213188
MEASURE_ET_DC_SEC_S_Ig_mAmm_at_Vg_cond_neg_FPSD3p2,0.0013949359617522973,3.1109256994455396e-05,6.861950124584447e-05,0.003815693761300651,0.00034407565252992577
MEASURE_ET_DC_SEC_S_Ig_mAmm_at_Vg_cond_neg_SD3p5,8.404208684066039e-05,0.0007452013852780625,0.0034205867611159257,0.001335344800005818,7.601439869501595e-05
MEASURE_ET_DC_SEC_S_Ig_mAmm_at_Vg_cond_pos,0.000597444313697938,9.574669007753025e-05,0.000232438779280659,0.00010914243889533123,0.0
MEASURE_ET_DC_SEC_S_Ig_mAmm_at_Vg_cond_pos_FPSD3p2,0.00017647140911465688,5.083496442483541e-05,0.0007111443836158566,0.0003246203068130377,0.0021186233932905182
MEASURE_ET_DC_SEC_S_Ig_mAmm_at_Vg_cond_pos_SD3p5,1.1753799257006804e-05,0.0006022008889397837,0.00011851526770939739,0.0009402723510667836,0.005152107227385908
MEASURE_ET_DC_SEC_S_Ron,0.0030187043306354406,0.00103554807809784,0.0018583726977850236,0.0,0.0007260600136026915
MEASURE_ET_DC_SEC_S_Ron_FPSD3p2,0.0027972362961817916,0.00117959745435622,0.0010531891491964195,0.0034810143764584115,0.0021211245104831773
MEASURE_ET_DC_SEC_S_Ron_SD3p5,0.0001883308445081109,4.497673618044003e-05,8.088265532324015e-05,0.001261487874953474,0.0009328320547162124
MEASURE_ET_DC_SEC_S_Vboff_Id,0.00014055006147661983,7.990976603860543e-05,0.0027132787355234503,0.0,0.0013195223736680343
MEASURE_ET_DC_SEC_S_Vboff_Id_FPSD3p2,0.0003305505056687545,0.00014410463227313314,0.00044413090798135025,0.00037358836873923815,8.781508639535493e-05
MEASURE_ET_DC_SEC_S_Vboff_Id_SD3p5,0.00023834925038697212,0.00024220631262167168,0.0002119316330667694,6.411271020175661e-06,0.0014336942809789726
MEASURE_ET_DC_SEC_S_Vboff_Id_plus_Ig,8.14466255985998e-05,0.0013451534747253903,3.8513021143154036e-05,0.0011204640176246067,0.00020529895617287154
MEASURE_ET_DC_SEC_S_Vboff_Id_plus_Ig_FPSD3p2,2.798362206555796e-05,8.015883753565991e-05,0.007248437392487425,0.00012348197856585415,0.002278729852863085
MEASURE_ET_DC_SEC_S_Vboff_Id_plus_Ig_SD3p5,0.0010410936318216465,5.336202673626993e-05,6.106496424372698e-05,0.0017181593861805803,1.0652963994357904e-05
MEASURE_ET_DC_SEC_S_Vg_at_I1_neg,7.217441625010233e-05,0.0012180625900168006,0.0017425551253652306,0.001688334138258134,0.00028240176694305165
MEASURE_ET_DC_SEC_S_Vg_at_I1_neg_FPSD3p2,0.006987576277456189,0.006342026444177671,0.0035903159480547312,0.0007461737791387931,3.732357806440578e-05
MEASURE_ET_DC_SEC_S_Vg_at_I1_neg_SD3p5,0.00016314697029925454,0.00039425533437922286,0.00014645705478189463,3.539480545706822e-05,3.334105969296129e-05
MEASURE_ET_DC_SEC_S_Vg_at_I1_pos,8.236277955775453e-05,2.900211528266311e-05,0.0002952434542798497,5.540372779037151e-05,8.804364488774853e-05
MEASURE_ET_DC_SEC_S_Vg_at_I1_pos_FPSD3p2,0.0,0.00024078850799518034,0.00010949686323627886,2.8713207754036682e-05,0.0
MEASURE_ET_DC_SEC_S_Vg_at_I1_pos_SD3p5,2.793428735548641e-05,3.586980432146766e-05,0.00010429894285844518,3.051494862878943e-05,0.00020489510611661844
MEASURE_ET_DC_SEC_S_Vg_at_I2_neg,0.0007167786264947899,0.00042020304051096607,7.731943120619182e-05,3.215351868284088e-05,0.00020744130229927797
MEASURE_ET_DC_SEC_S_Vg_at_I2_neg_FPSD3p2,5.937354764840268e-05,0.00037902292890090565,0.00022453695219141657,9.373391418691466e-05,2.422783518561059e-05
MEASURE_ET_DC_SEC_S_Vg_at_I2_neg_SD3p5,0.00865059781066637,0.003038808525347247,0.0012914984895961376,0.005081647515786484,0.002043780473290733
MEASURE_ET_DC_SEC_S_Vg_at_I2_pos,0.00011084911921714933,0.00032661457847209024,0.0008050197185484345,0.00023406200875125135,0.0034123973446051332
MEASURE_ET_DC_SEC_S_Vg_at_I2_pos_FPSD3p2,2.2840484521265928e-05,0.00023661268763965968,0.00015695820430892846,2.2664811391148303e-05,0.0001446045734609432
MEASURE_ET_DC_SEC_S_Vg_at_I2_pos_SD3p5,0.00028387544746208307,0.0003481098683347813,0.00024444085550906903,0.0003852720833759117,0.00010165676761867021
MEASURE_ET_DC_SEC_S_Vg_at_I3_neg,0.00022436138902452496,3.876319698644671e-05,0.00042704549055024526,3.437634687472068e-05,0.00014338870403204362
MEASURE_ET_DC_SEC_S_Vg_at_I3_neg_FPSD3p2,0.0023811840097497324,0.0004138202065487561,0.003673081594227285,0.003629245620192301,0.0002576895147394088
MEASURE_ET_DC_SEC_S_Vg_at_I3_neg_SD3p5,0.00028104125163607005,0.00011566250585293238,0.00012899964520612166,0.0003307786307103798,0.0009649815750457716
MEASURE_ET_DC_SEC_S_Vg_at_I3_pos,5.843854127545914e-05,3.966390967680324e-05,6.391978728549116e-05,2.320524226978663e-05,0.001410630675570758
MEASURE_ET_DC_SEC_S_Vg_at_I3_pos_FPSD3p2,0.0040680935448715394,0.000311627112319711,0.0008133466724861802,0.002440777819589609,0.0007823650559203117
MEASURE_ET_DC_SEC_S_Vg_at_I3_pos_SD3p5,0.00017104059439098973,0.0001299178788665877,8.078640083084208e-05,6.940915946673664e-05,0.0019555754864524193
MEASURE_ET_DC_SEC_S_Vp_0p7_mA_mm,0.0,3.3067486743962675e-05,7.255332185628369e-06,0.0,0.00015699355464056933
MEASURE_ET_DC_SEC_S_Vp_1_mA_mm,0.00010514649582044452,0.0,0.0,0.0,0.0
MEASURE_ET_DC_SEC_S_Vp_1_mA_mm_first,0.0,4.059137422321758e-05,0.0005615745744996289,0.0,0.0011757480691118342
MEASURE_ET_DC_SEC_S_Vp_1_mA_mm_first_FPSD3p2,0.0002663158397397451,0.0,0.0,0.0,0.0
MEASURE_ET_DC_SEC_S_Vp_1_mA_mm_first_SD3p5,0.00017659159434498708,0.0,0.0,0.00030782985690528173,0.0001817526157191289
MEASURE_ET_DC_SEC_S_Vp_1_mA_mm_second,0.0,0.0,3.3259159774752105e-05,0.0,5.584646770646935e-06
MEASURE_ET_DC_SEC_S_Vp_1_mA_mm_second_FPSD3p2,0.002154579611621028,0.0,0.0,0.0,0.002148555440981656
MEASURE_ET_DC_SEC_S_Vp_1_mA_mm_second_SD3p5,0.0,1.688619124532748e-05,0.0013795848660955574,0.001354766140722496,0.0
MEASURE_ET_DC_SEC_Vbin_gs,0.0023297380191826364,0.0040171140397157025,0.0,0.008024674041016535,0.001055229090702883
MEASURE_ET_DC_SEC_Vboff_1,0.00018525718665403777,0.00013003820413364918,2.818726823911172e-05,0.0018558507075951013,0.00022886734697908853
MEASURE_ET_DC_SEC_Vboff_2_1,0.007929659573178403,0.008184177014058009,0.0026145761667372793,0.012638766407093749,0.0031341963679147925
MEASURE_ET_DC_SEC_Vboff_Vds_min_ON,0.0,0.0005838027674726666,0.0006002096186397808,9.134156786765e-05,0.0014926743395386735
MEASURE_ET_DC_SEC_Vds_max_ON,3.4784685978009935e-05,3.2282890032465426e-05,0.00011782120162377517,4.711928917672228e-05,0.00010306107709834173
MEASURE_ET_DC_SEC_Vds_min_ON,0.0002747294406655682,0.0,0.0010464539251903145,0.0019245999874794178,0.0012430307167415103
MEASURE_ET_DC_SEC_Vg_gm_max,0.0,0.0,4.157320962944464e-05,0.0,0.0
MEASURE_ET_DC_SEC_Vg_max_ON,0.00021088754513526358,0.0025412358799501308,0.00016360508536905158,0.00014356700319330433,0.0
MEASURE_ET_DC_SEC_Vg_min_ON,0.0001275006896717432,0.00015235583751816516,7.281653385954732e-05,0.0004929243539373319,4.516108061614193e-05
MEASURE_ET_DC_SEC_Vgs_0p1V,0.005880554445122838,0.002830899220601479,0.008906125403757228,0.012051098056332777,0.005521185277021115
MEASURE_ET_DC_SEC_Vgs_0p5V,0.0001406229113321876,0.0007400805335418709,0.0003590423493161653,0.004273126032925919,7.735416905624458e-05
MEASURE_ET_DC_SEC_Vgs_1V,0.001947605254859433,0.0007842889549715959,0.0007160916778087645,0.0035281225535819818,0.0012381570643587975
MEASURE_ET_DC_SEC_Vgs_back_0p1V,4.879303665300884e-05,0.00012316266194002318,0.00043822261015986794,9.048828763524011e-05,7.675109711490916e-05
MEASURE_ET_DC_SEC_Vgs_back_0p5V,0.0017298964690980149,0.002061235871333881,0.0007033894143700984,6.414434630608357e-05,0.002192874565792413
MEASURE_ET_DC_SEC_Vgs_back_1V,0.00018304029892030003,0.00023622214822467506,9.204614234466835e-05,9.439796995073225e-05,0.0006370482562019276
MEASURE_ET_DC_SEC_Vp_10mA,0.0,0.0,5.094935194936369e-05,1.9377466760685977e-05,0.004299782325103701
MEASURE_ET_DC_SEC_Vp_1mA,2.6901470189204217e-05,0.0,6.330704567236324e-05,4.376897362833172e-05,0.0010002068853815092
MEASURE_ET_DC_SEC_Vt_gs,7.528880875473248e-05,0.00017173330778947745,0.0005880099441284727,0.0,0.00011988548227071771
MEASURE_ET_DC_SEC_X_Bin,0.0011675779270218815,7.840391043807858e-05,0.0008852740002143532,0.005542637872048063,0.003477051111403922
MEASURE_ET_DC_SEC_X_Bin_FPSD3p2,0.00015947584409921084,0.0005048580317236405,7.767394664702738e-05,5.5250262344555186e-05,0.00033268018759410954
MEASURE_ET_DC_SEC_X_Bin_SD3p5,0.005964720091083456,0.0002860169897374014,0.0003817520975927209,0.0036416802878702073,0.00016446623212167092
MEASURE_ET_DC_SEC_X_ChipStatus,0.0002253243634751107,6.0970919172398474e-05,0.00015275444445328633,0.00043511458290961273,0.0002874159284214454
MEASURE_ET_DC_SEC_X_Id_at_Vboff_mA_mm,0.0021925949938118383,0.0004315967092678867,8.1876439812688e-05,0.0001096841166034671,0.00036733590977137563
MEASURE_ET_DC_SEC_X_Id_at_Vboff_mA_mm_FPSD3p2,7.523541416715574e-05,0.00033959945523758217,7.165779207871702e-05,5.4751200244189534e-05,0.0007434835032672137
MEASURE_ET_DC_SEC_X_Id_at_Vboff_mA_mm_SD3p5,0.007629291232078946,0.005305926848411862,0.0019901839510529508,0.0037936231331746288,0.00586515384256496
MEASURE_ET_DC_SEC_X_Id_mA_mm_at_Vg1,0.00016798000831229714,0.0003693102874396111,0.00017317815214865754,0.0004203200456266454,0.00018577190253187055
MEASURE_ET_DC_SEC_X_Id_mA_mm_at_Vg1_FPSD3p2,0.001069059329305796,0.0025756418226216696,0.00026136078153227757,0.0013364355217762524,9.490634298143949e-05
MEASURE_ET_DC_SEC_X_Id_mA_mm_at_Vg1_SD3p5,2.0323320208625252e-05,4.22510720569308e-05,0.00021153083578513875,9.839495405048646e-05,0.0001194995691004032
MEASURE_ET_DC_SEC_X_Id_mA_mm_at_Vg2,0.0001865748046203399,0.000997974587696286,0.00027535750481076714,0.00019140811288858653,6.02212122516511e-05
MEASURE_ET_DC_SEC_X_Id_mA_mm_at_Vg2_FPSD3p2,1.0522643499230071e-05,0.0016690552698080468,0.00014745144349907543,0.0002040866571967645,5.869564034301496e-05
MEASURE_ET_DC_SEC_X_Id_mA_mm_at_Vg2_SD3p5,0.0003318786856947211,0.0031817819766089854,0.0007408763795317515,0.0018166110817277666,5.49565638032523e-05
MEASURE_ET_DC_SEC_X_Id_mA_mm_at_Vg3,1.6882443802247636e-05,1.9926533824724935e-05,0.00012277214894510554,0.00010956787598037576,0.0
MEASURE_ET_DC_SEC_X_Id_mA_mm_at_Vg3_FPSD3p2,0.0008470571129668739,0.0,0.007227826736930063,4.256577969417556e-05,0.0011352984177095094
MEASURE_ET_DC_SEC_X_Id_mA_mm_at_Vg3_SD3p5,0.00018886718188558922,0.001004773372518585,0.00024350931429159892,0.0006958880647714196,0.00026091896093972716
MEASURE_ET_DC_SEC_X_Id_plus_Ig_at_Vboff_mA_mm,0.0067205251196345035,0.0020294800415444217,0.0020894550226538897,0.001238215288039931,0.0
MEASURE_ET_DC_SEC_X_Id_plus_Ig_at_Vboff_mA_mm_FPSD3p2,5.830089996134058e-05,0.0024381982850215133,0.00968916688178932,0.0014204767701611182,0.009921754565164309
MEASURE_ET_DC_SEC_X_Id_plus_Ig_at_Vboff_mA_mm_SD3p5,0.00012664158986556227,0.0034651305415541,0.0018857171118580067,0.0014810611987352566,0.0031263835153021178
MEASURE_ET_DC_SEC_X_Ids_max,0.000663272553021964,7.036729926998273e-06,8.601014164237323e-05,0.0005148223983934396,0.00014106267692313878
MEASURE_ET_DC_SEC_X_Ids_max_FPSD3p2,5.343903645912608e-05,2.4170343335555797e-05,0.0007083658464786548,8.458157962088716e-06,0.00011686389829453662
MEASURE_ET_DC_SEC_X_Ids_max_SD3p5,0.00014184729873343416,0.0005205494643042633,0.0008720376028141481,0.00015201569968246632,1.6554848053992527e-05
MEASURE_ET_DC_SEC_X_Ids_max_norm,9.732081486155463e-05,2.251384189237789e-05,0.0019183428366794306,0.0001524598461196494,0.0019083711591638658
MEASURE_ET_DC_SEC_X_Ids_max_norm_FPSD3p2,0.0043939844325836235,0.0183205390326562,0.017369943087368563,0.0037583403585901526,0.017865223330939775
MEASURE_ET_DC_SEC_X_Ids_max_norm_SD3p5,0.009654107105021367,0.009340042884235232,0.0005067867269718882,0.0020027276156015803,0.0042065531454876315
MEASURE_ET_DC_SEC_X_Ig_cut1_mAmm_neg,0.009510953124621161,0.009972656644037676,0.0028658533126384228,0.014456906178725014,0.0048468965915087515
MEASURE_ET_DC_SEC_X_Ig_cut1_mAmm_neg_FPSD3p2,0.0,8.676579796478896e-05,0.00021198227650849277,0.000212775063455896,7.02486710176726e-05
MEASURE_ET_DC_SEC_X_Ig_cut1_mAmm_neg_SD3p5,0.00011710155667684733,4.6497123233231486e-05,0.0008647852799639749,2.0519285765853056e-05,0.00017337252418922854
MEASURE_ET_DC_SEC_X_Ig_cut1_mAmm_pos,0.009493018883942024,0.006590129353728635,0.008770020641685193,0.005410492580471238,0.02030980213807194
MEASURE_ET_DC_SEC_X_Ig_cut1_mAmm_pos_FPSD3p2,0.008445191459736821,0.00479080152773947,0.01492395449928469,0.01625418320789804,0.013146345233011626
MEASURE_ET_DC_SEC_X_Ig_cut1_mAmm_pos_SD3p5,5.7467267372246356e-05,0.00036021446413838005,0.0004377544488844037,0.00037952903185686126,0.0003735606735676115
MEASURE_ET_DC_SEC_X_Ig_cut2_mAmm_neg,0.00767620153773497,0.0006107326524682443,0.02106002682496803,0.00453748513868768,0.017788953612014092
MEASURE_ET_DC_SEC_X_Ig_cut2_mAmm_neg_FPSD3p2,6.673935967510514e-05,0.0009491810320486228,0.00018247486186236567,0.0017229159797654636,5.749308006064068e-06
MEASURE_ET_DC_SEC_X_Ig_cut2_mAmm_neg_SD3p5,0.00023850981258367922,0.0027088079655523496,0.00016195023454645602,0.0002411084010828933,4.5546128249293544e-05
MEASURE_ET_DC_SEC_X_Ig_cut2_mAmm_pos,0.00023743393468257846,0.00010558663236123059,0.0006618397893601201,0.00036594619380001203,0.0006147636989370532
MEASURE_ET_DC_SEC_X_Ig_cut2_mAmm_pos_FPSD3p2,8.756760296409616e-05,0.0003486891824103677,9.721228942542238e-05,0.00012275170224924724,0.00013754056124172013
MEASURE_ET_DC_SEC_X_Ig_cut2_mAmm_pos_SD3p5,9.562513981427267e-05,9.010033782388448e-05,0.0028867121334802694,0.0003904819311314833,0.0005433477975946252
MEASURE_ET_DC_SEC_X_Ig_cut3_mAmm_neg,6.373599970958311e-05,1.697842597757036e-05,0.0022776152188738173,0.0006131242367700831,0.0003689060427198943
MEASURE_ET_DC_SEC_X_Ig_cut3_mAmm_neg_FPSD3p2,8.044258016290411e-05,0.0020945486720311142,0.0018022325619047681,0.0011836804874517646,0.0020866487115452415
MEASURE_ET_DC_SEC_X_Ig_cut3_mAmm_neg_SD3p5,0.0032506434352134604,0.00010355220873475077,0.00020563375165089237,3.665034918733097e-05,0.0
MEASURE_ET_DC_SEC_X_Ig_cut3_mAmm_pos,0.0007970634389518266,0.0003476887288473924,0.003994924392238467,0.0009390999175059645,0.0010298667746740167
MEASURE_ET_DC_SEC_X_Ig_cut3_mAmm_pos_FPSD3p2,0.003673452055305735,0.002035007047877752,0.00121338483773819,0.004534766486145214,0.010876963464079976
MEASURE_ET_DC_SEC_X_Ig_cut3_mAmm_pos_SD3p5,0.00013367213725579613,6.831818514615618e-05,8.81045091753498e-05,0.00011891200306010488,5.9456948697739665e-05
MEASURE_ET_DC_SEC_X_Ig_mAmm_at_Vg_cond_neg,0.012860991720630922,0.014581101600328125,0.006488405192058063,0.013447626515224112,0.008304419174876723
MEASURE_ET_DC_SEC_X_Ig_mAmm_at_Vg_cond_neg_FPSD3p2,0.00011216115468324967,0.00011594561026844758,0.00028657361704022337,0.00083712820223048,0.000111724494400596
MEASURE_ET_DC_SEC_X_Ig_mAmm_at_Vg_cond_neg_SD3p5,0.0002568601786032047,0.0003600220473505114,0.00038168004558051985,7.183653493501524e-05,0.00024177262159732078
MEASURE_ET_DC_SEC_X_Ig_mAmm_at_Vg_cond_pos,0.004105414606241528,0.0002004311096779983,0.0008609454358894674,0.0002911045494175527,5.698824668430248e-05
MEASURE_ET_DC_SEC_X_Ig_mAmm_at_Vg_cond_pos_FPSD3p2,0.00012913648626193089,0.0008176814472383044,0.0002480281009815403,8.962844137653823e-05,0.0002882181694100732
MEASURE_ET_DC_SEC_X_Ig_mAmm_at_Vg_cond_pos_SD3p5,0.0012906217106381452,0.00011235898367815366,4.923432435629089e-05,6.603136484762349e-05,0.0006255519501327727
MEASURE_ET_DC_SEC_X_Ron,0.0006274927470246427,0.0004908789397836884,0.0,0.002691987500525307,0.00031022242268073256
MEASURE_ET_DC_SEC_X_Ron_FPSD3p2,0.0006155781225591658,6.998748717428095e-06,0.00011889906001640511,4.0630079507069496e-05,0.00016150023454688327
MEASURE_ET_DC_SEC_X_Ron_SD3p5,7.741964386548722e-05,0.0018753743265249824,0.0003867208231800853,0.0007447465490146578,0.00036828959391338944
MEASURE_ET_DC_SEC_X_Vboff_Id,0.0023735338508492194,0.0017731180848121703,0.0008676533321616607,0.004518641103960099,0.001009303028383776
MEASURE_ET_DC_SEC_X_Vboff_Id_FPSD3p2,0.0009854037188748417,4.55549605510611e-05,0.0016413506120019747,0.0034746552194793463,0.0011942891982640444
MEASURE_ET_DC_SEC_X_Vboff_Id_SD3p5,0.00010583501036305982,6.141852125475189e-05,0.00024185618586064717,4.582367998248782e-05,0.00022596419475427756
MEASURE_ET_DC_SEC_X_Vboff_Id_plus_Ig,3.297059432607043e-05,0.0,0.00030674640692910087,0.00489956656783864,0.0
MEASURE_ET_DC_SEC_X_Vboff_Id_plus_Ig_FPSD3p2,0.00020587958271175356,0.00031503474144606417,0.00018188340235280923,0.00046844594292259044,0.000177554845999476
MEASURE_ET_DC_SEC_X_Vboff_Id_plus_Ig_SD3p5,0.0010926510985319454,0.0022277453627177037,0.0001688304436519457,0.00042793227605164336,4.305271073874103e-05
MEASURE_ET_DC_SEC_X_Vg_at_I1_neg,0.00029048901279745223,6.539332960482107e-05,8.667602500218233e-05,0.00017576369924324835,0.0002900421302814157
MEASURE_ET_DC_SEC_X_Vg_at_I1_neg_FPSD3p2,0.00022414503019492474,0.00025807370658068794,3.078045608534711e-05,0.00010596362336882747,0.00030545971436209514
MEASURE_ET_DC_SEC_X_Vg_at_I1_neg_SD3p5,0.0003643470858598275,0.0,2.0811805288570268e-05,0.0,0.0005092522037288527
MEASURE_ET_DC_SEC_X_Vg_at_I1_pos,0.0002166040804371288,5.968287526539409e-05,0.00011056723524419084,4.298540066489749e-05,0.00010974305912177733
MEASURE_ET_DC_SEC_X_Vg_at_I1_pos_FPSD3p2,0.0009326128305475361,0.0004901355617269962,4.847975100079739e-05,0.0020992357985776867,0.003684479309847161
MEASURE_ET_DC_SEC_X_Vg_at_I1_pos_SD3p5,0.002954601480048942,0.009115507639358231,0.00928291150381982,0.007958045676398377,0.000877543910256278
MEASURE_ET_DC_SEC_X_Vg_at_I2_neg,0.0005822017969783501,0.0020434206588570295,0.0025737324627087203,0.0002021622235435465,0.003793801393526786
MEASURE_ET_DC_SEC_X_Vg_at_I2_neg_FPSD3p2,0.002453670209838925,0.006837253622223586,0.0007226947391660039,0.004815536341120071,0.0007576227412661377
MEASURE_ET_DC_SEC_X_Vg_at_I2_neg_SD3p5,5.3237627268599976e-05,0.0002408783058398357,0.001780139422892794,0.0011922303147995925,0.0010174080494357615
MEASURE_ET_DC_SEC_X_Vg_at_I2_pos,2.9368294128860364e-05,0.00016359626192926613,6.699203140851998e-05,0.0017900481430487805,0.0022181371137437395
MEASURE_ET_DC_SEC_X_Vg_at_I2_pos_FPSD3p2,0.00011114458595615682,6.139587761232034e-05,8.131120807425538e-05,1.611586064091318e-05,4.965559652096822e-05
MEASURE_ET_DC_SEC_X_Vg_at_I2_pos_SD3p5,9.999359828740312e-05,0.0002593540753130159,0.00023477466394420198,0.00029890633690133684,2.579432670186977e-05
MEASURE_ET_DC_SEC_X_Vg_at_I3_neg,0.0017558930473658286,4.7097481177177204e-05,0.00021881097363521734,0.0020410917551861455,0.001327936801093131
MEASURE_ET_DC_SEC_X_Vg_at_I3_neg_FPSD3p2,0.00011742349070720515,0.0005455610051898299,0.0004418609890854105,4.599783542956987e-05,8.068385571009961e-05
MEASURE_ET_DC_SEC_X_Vg_at_I3_neg_SD3p5,0.00037175674401356885,0.0005021036861064266,0.0005772233207936391,0.0004146988272629107,0.00037622467625406895
MEASURE_ET_DC_SEC_X_Vg_at_I3_pos,0.0038900552505044816,0.004214509365483724,0.004485899630220279,0.011727124132880637,0.000801647474913299
MEASURE_ET_DC_SEC_X_Vg_at_I3_pos_FPSD3p2,0.00016385196473536447,0.0011645800738842318,7.412722374794914e-06,6.653770843612564e-05,0.0012054871832895338
MEASURE_ET_DC_SEC_X_Vg_at_I3_pos_SD3p5,0.0012485228755100802,0.001991920360848287,4.2018126859674075e-05,0.0,0.00020362524998094103
MEASURE_ET_DC_SEC_X_Vp_0p7_mA_mm,0.0,0.001418410982642436,0.0003558193172152744,0.0,0.0
MEASURE_ET_DC_SEC_X_Vp_1_mA_mm,0.0,0.0,0.0,0.008006983585051683,0.000261147804528235
MEASURE_ET_DC_SEC_X_Vp_1_mA_mm_first,0.0042103010275747945,1.0058937753524366e-05,0.0,1.0486395966137187e-05,0.003440638738937254
MEASURE_ET_DC_SEC_X_Vp_1_mA_mm_first_FPSD3p2,0.0027522789772471946,0.00020601278689263844,0.00018276694241467105,0.0,0.0
MEASURE_ET_DC_SEC_X_Vp_1_mA_mm_first_SD3p5,0.0,2.4137993644382723e-05,0.0004995823090317549,2.8438597940894102e-05,0.0004965423725767723
MEASURE_ET_DC_SEC_X_Vp_1_mA_mm_second,0.0015148828888460453,1.3777292215694706e-05,0.002494299768370929,0.0007636974913291007,3.138013734271243e-05
MEASURE_ET_DC_SEC_X_Vp_1_mA_mm_second_FPSD3p2,0.0,0.00014365954133199177,0.002370068452456464,0.0029821246787467264,0.0007356212656577633
MEASURE_ET_DC_SEC_X_Vp_1_mA_mm_second_SD3p5,0.0,0.002878465111779319,0.0010139560984765734,9.953464821438366e-06,5.684780332023374e-06
MEASURE_ET_DC_SEC_n_gs,0.002725553071915342,0.0019240948374395635,0.005607366784511043,0.002118883976414043,0.0009596370861701329
MEASURE_ET_DC_SMALL_Gm_0,2.3716211952904278e-05,0.0,0.00037538606103537284,2.2042297863157625e-05,0.0
MEASURE_ET_DC_SMALL_Gm_m0p2,0.0,0.0,8.030570815554218e-06,4.8548339637852134e-05,0.00010066792717819666
MEASURE_ET_DC_SMALL_Gm_max,0.00014275687575410456,0.0,0.0,9.295247813588286e-06,0.0
MEASURE_ET_DC_SMALL_Id_gm_max,0.0,0.0,0.0,5.8112305805002545e-05,5.5423267888209575e-05
MEASURE_ET_DC_SMALL_Ids_m0p2,0.07954706976788178,0.07336565548391408,0.021800353316774077,0.0477748276341183,0.03132820740960978
MEASURE_ET_DC_SMALL_Idss,0.0,2.2217630321160485e-05,0.0,4.261672366793848e-05,5.968922030507055e-05
MEASURE_ET_DC_SMALL_Imax,0.0,5.388620218122163e-05,0.0,1.3348822597508956e-05,0.0
MEASURE_ET_DC_SMALL_Vbgd1,0.001704372081775604,0.0030246655506567144,0.002149203472076229,0.0014904022542506694,0.0
MEASURE_ET_DC_SMALL_Vbgd_0p01,0.0003858478441068,0.0009869196154828933,0.00048596121651639664,0.0013757355171759667,0.00038228452858488353
MEASURE_ET_DC_SMALL_Vbgd_0p1,0.0,0.0014739389946817085,0.0,0.007614214340612327,4.994542156773934e-05
MEASURE_ET_DC_SMALL_Vbgs1,0.0016841391100870728,0.0,0.0,2.184747612242418e-05,2.99066023583802e-05
MEASURE_ET_DC_SMALL_Vbgs_0p01,0.016748512561530413,0.0010720168408337252,0.0029691672456938073,0.008076019806159919,0.006393639111791042
MEASURE_ET_DC_SMALL_Vbgs_0p1,0.000793478494916645,0.003458568360596061,0.0006034136263977995,0.0006260811477886086,1.5904615130930146e-05
MEASURE_ET_DC_SMALL_Vbin_gd,0.004243454732667045,1.238407033008738e-05,0.0005264688138166919,4.941438864850639e-06,0.0007645213184432879
MEASURE_ET_DC_SMALL_Vbin_gs,0.0029371163715189654,0.001206931615004996,0.0002414550539101999,0.003126875938413887,6.009153689848669e-05
MEASURE_ET_DC_SMALL_Vboff,0.000834111189938674,0.0,4.875476357797313e-05,0.0003877826367913639,0.0012234343381717955
MEASURE_ET_DC_SMALL_Vdg_max,1.772652548424922e-05,0.0002468106770091499,0.0008609600713592964,0.0005596432664628333,0.00017483437134711177
MEASURE_ET_DC_SMALL_Vdg_max_0p1,0.00013825875088213852,0.00043135152376192945,0.002787350333861262,0.003454745965514092,1.2145862916657092e-05
MEASURE_ET_DC_SMALL_Vds_max,3.9759076628937804e-05,0.00030564702143013234,7.131439682117043e-05,3.473577174910993e-05,0.002948420107228267
MEASURE_ET_DC_SMALL_Vds_max_0p1,9.840266438423564e-05,0.00022048779564116282,0.00023412653160044395,0.0003258286048329742,0.00023033434222608678
MEASURE_ET_DC_SMALL_Vg_gm_max,0.002969563325877863,0.0001053226270303154,0.0012969712523035342,0.0017950798670446082,0.002428766288820673
MEASURE_ET_DC_SMALL_Vg_max_Vd,0.0002713540288191064,0.0001214472036404721,1.9923231796464007e-05,2.899974580673397e-05,0.0017951915034532398
MEASURE_ET_DC_SMALL_Vg_max_Vd_0p1,0.0,0.0005367969273605559,0.00011762875646496698,0.00017929764150414836,0.0001243615543914127
MEASURE_ET_DC_SMALL_Vg_optt,4.05152196662374e-05,2.6810460051527654e-05,0.0001433317861726083,0.0001582001333244042,2.9641586968196168e-05
MEASURE_ET_DC_SMALL_Vp_01,0.0,0.0,0.0,0.00043447937666160386,0.0
MEASURE_ET_DC_SMALL_Vp_1,0.0,0.0,3.680129567066991e-05,0.0,0.0003951454077836447
MEASURE_ET_DC_SMALL_Vt_gd,0.0,0.00011503932109529665,0.00010435625010141182,8.611204967478603e-05,5.6941757417888726e-05
MEASURE_ET_DC_SMALL_Vt_gs,8.323435785271607e-05,0.00029936646978450244,0.0004367520032311941,0.00039304764290901204,4.69482806446468e-05
MEASURE_ET_DC_SMALL_n_gd,0.00013171988104441158,7.387299548152638e-05,0.00021183682321180915,0.0,0.0006259976052690498
MEASURE_ET_DC_SMALL_n_gs,4.859658314665934e-05,0.0002850464495424312,0.0007049763627966849,3.9640961351729295e-05,8.166334392693513e-05
MEASURE_ET_DC_Stress_Gm_max_after,5.77528761207206e-05,0.0,0.0,1.6639343151097867e-05,1.6847694729232052e-05
MEASURE_ET_DC_Stress_Gm_max_before,2.6491364903001317e-05,0.0,0.0,0.0007275642186512283,0.0009218515745048708
MEASURE_ET_DC_Stress_Id_gm_max_after,0.0,0.0,0.0,7.021561014202073e-05,0.0
MEASURE_ET_DC_Stress_Id_gm_max_before,0.0,0.0,0.0014467691008041264,0.0026515077952235055,0.0
MEASURE_ET_DC_Stress_Id_max_Ig_after,0.0054655853594264,0.0038778359040238307,0.0035216989666400915,0.008604731921428315,0.001293501314743634
MEASURE_ET_DC_Stress_Id_max_Ig_before,0.0018588323840145608,1.6258700177011377e-05,2.649480333482232e-05,0.00047472064041381696,0.00010358086114824566
MEASURE_ET_DC_Stress_Id_stress_after,0.003128093439041903,4.313043087453235e-05,2.3207271309275322e-05,2.6124461352072904e-05,0.0006639657339700092
MEASURE_ET_DC_Stress_Id_stress_before,0.1438564232911323,0.17720992920823617,0.1641578548838726,0.1619234938889339,0.159483744068693
MEASURE_ET_DC_Stress_Idss_after,0.0,0.0,1.614036658730392e-05,0.0,9.558071405852859e-05
MEASURE_ET_DC_Stress_Idss_before,0.0013946519225720951,3.2231998229946935e-05,0.0001604720808493753,8.901820308578892e-06,2.7269944931305622e-05
MEASURE_ET_DC_Stress_Ig_max_after,9.13575704430122e-05,0.0002322233966737104,0.0003305498903431642,0.0005700964077057143,0.00038809630844388365
MEASURE_ET_DC_Stress_Ig_max_before,0.0002038118240289599,6.972572838391022e-05,0.00013241403324447263,0.00011444829474564304,4.226406828922792e-05
MEASURE_ET_DC_Stress_Stress_time,7.418513643266616e-05,0.00038753333640503406,0.0001629980079609781,7.138795450495267e-05,5.7577701438638545e-05
MEASURE_ET_DC_Stress_Vd_stress,4.088636480224163e-05,0.000733136861205138,0.0004060481775395372,0.0004171414429692344,0.0018833800169728591
MEASURE_ET_DC_Stress_Vg_gm_max_after,0.0,0.0011142405794887825,0.0032007108863759907,6.94658671591183e-05,0.0016181896789789338
MEASURE_ET_DC_Stress_Vg_gm_max_before,0.0005311520150721009,2.6145516140748208e-05,0.0004160204405766884,3.324097900822096e-05,0.0
MEASURE_ET_DC_Stress_Vg_max_Ig_after,4.1501045614808386e-05,0.0005112080304227359,0.0002344286434445919,0.00010301404413958465,0.00029112916813654125
MEASURE_ET_DC_Stress_Vg_max_Ig_before,0.0005600219651693292,0.00037690884852103974,0.00013934939890530932,8.69540190220682e-05,0.0040762685678652
MEASURE_ET_DC_Stress_Vp_after,0.00036054852732917873,0.004607853406920653,7.312291562637715e-05,0.0065608918687990025,0.0009013242012765856
MEASURE_ET_DC_Stress_Vp_before,4.907658415868583e-05,3.978819056286e-05,0.002412068832861758,0.0001629479685723281,0.0
MEASURE_ET_DC_Stress_Vp_delta,9.288245062793148e-06,4.384514927831388e-05,4.6718051189602953e-05,0.0,5.532466030490442e-05
MEASURE_ET_Er,0.0004741483716279471,0.0006619906067667846,0.0007563051796457314,0.0021618366784533485,0.00011631119064061689
MEASURE_ET_F_AB,0.0001376788250526282,8.348260602568347e-06,0.0010699550924989645,0.00014721886390988497,4.592588559394526e-05
MEASURE_ET_G2_per_6K,1.1673346631197612e-05,0.00015768443647832433,0.0002854291622425697,7.806516993683304e-05,0.0
MEASURE_ET_G_per_6K,0.005011634757156449,0.002133379666906382,3.38789455638398e-05,4.0477866278960484e-05,0.00015977707375240417
MEASURE_ET_Gate_res,0.00010783432637734522,0.00030267268764771446,1.9947717676479287e-05,5.724761098895461e-05,0.00015001119145406717
MEASURE_ET_Gm_m2,7.4509619313918065e-06,0.0,0.00016471935918966843,5.98460860606536e-05,6.342552976966867e-05
MEASURE_ET_Gm_max,0.0005484335346705733,0.0013358132977040241,0.0014292116375767476,0.00048050693404267107,0.0012880923263852767
MEASURE_ET_HIRS,0.006224734059662047,0.006465084757829682,0.008304593234730609,0.0008824354612527123,0.008671677321303575
MEASURE_ET_I_5,0.00034394012388342353,0.0003600626256941382,2.7935905008525602e-05,7.586233792995503e-06,0.0033275447336362906
MEASURE_ET_Ids_m2,0.00028814787253016335,0.0006120386556150304,9.327645068346611e-05,0.00015571404322525066,0.0009973053493333487
MEASURE_ET_KLV_F_AB_4u,5.612062445533973e-05,0.0005969127492506127,0.00024580703595216097,0.00024151763565575995,0.00023142101953428678
MEASURE_ET_LT_SEC_ChipStatus,6.231171042210669e-05,6.787359069801767e-05,1.6146744131698742e-05,8.01018969033722e-05,0.00020272878441599323
MEASURE_ET_LT_SEC_Id_min_mA_mm,0.0008597426876681434,0.0037140333055065253,0.012924285149053532,0.010890227821152204,0.0023057009482780988
MEASURE_ET_LT_SEC_Id_min_mA_mm_Vd3,0.001899616078231906,0.0008707991304812975,0.003018420487413796,0.00048253773400683785,0.006117262248074689
MEASURE_ET_LT_SEC_Id_min_mA_mm_Vd7,0.0001463388640377466,0.0,0.00021778108552282925,1.5070092949863585e-05,8.010193650863758e-05
MEASURE_ET_LT_SEC_Id_min_mA_mm_Vd8,0.006296500437800999,0.002307886550688147,0.0024389077510951745,0.0,0.0021456628788648416
MEASURE_ET_LT_SEC_Ig_Id_min_mA_mm,0.0004686766657624818,4.3643600567707445e-05,9.643954452623724e-05,1.5271909705969815e-05,1.4986524800923193e-05
MEASURE_ET_LT_SEC_Ig_Id_min_mA_mm_Vd3,0.0,0.00017444293570485496,0.0008923452780730375,0.0,0.0020120561107253745
MEASURE_ET_LT_SEC_Ig_Id_min_mA_mm_Vd7,0.0006453302055432014,0.0008334677935565984,0.00033891438083720796,0.00022356897280940017,0.0006967840874305646
MEASURE_ET_LT_SEC_Ig_Id_min_mA_mm_Vd8,0.000443145939470814,0.00010275053016073028,0.0002766735996194981,0.0003808705823993252,0.00046108413277065347
MEASURE_ET_LT_SEC_Ileak_m10V_mA_mm,0.00018476793558044324,0.0,0.0,0.0,0.0
MEASURE_ET_LT_SEC_Ileak_m10p5V_mA_mm,0.0,0.0004764941355410906,0.052727477791342764,0.0016858358852962557,0.04483116787609503
MEASURE_ET_LT_SEC_Ileak_m12p5V_mA_mm,0.0016252433676938282,0.005486628358005073,0.001671066892739124,0.0016837908753761961,0.0021572738689977157
MEASURE_ET_LT_SEC_Ileak_m16p5V_mA_mm,0.0005284337861766807,0.0003705593265796744,0.0,0.002721025055007723,0.0
MEASURE_ET_LT_SEC_Ileak_m5V_mA_mm,0.0,0.00018633624106922155,5.794685336262866e-05,0.0,0.0
MEASURE_ET_LT_SEC_Ileak_m5p5V_mA_mm,0.01682666078227885,0.03543387805482645,0.02982615416863602,0.021879169638996363,0.032005557734781004
MEASURE_ET_LT_SEC_Ileak_m7V_mA_mm,0.0007646249149725507,0.0,0.00016932805635944985,4.0016779356928024e-05,6.684702840024994e-06
MEASURE_ET_LT_SEC_Ileak_m9V_mA_mm,0.00607794299473756,0.0015125537539851129,0.00020260740930164474,8.89305413529948e-06,2.050464220659575e-05
MEASURE_ET_LT_SEC_Ileak_m9p5V_mA_mm,0.0003661044918595821,0.0009295574746012247,0.003043812245176849,9.471520951125709e-05,0.0005051138330558702
MEASURE_ET_LT_SEC_Vbgd1,0.0,0.0004636437128132844,0.0007869312997906017,0.0030024663712083987,0.0004648011328028961
MEASURE_ET_LT_SEC_Vbgd1_Vd3,9.033281101065832e-05,0.005714157799789876,0.0005926898878438123,0.007337123043102958,0.0010159694505213598
MEASURE_ET_LT_SEC_Vbgd1_Vd7,0.0036349986937883783,0.003097823238456474,9.326750845264816e-05,0.008353463396218943,0.00027772428477802654
MEASURE_ET_LT_SEC_Vbgd1_Vd8,0.003628406101057711,0.01681796920347843,0.00032090729042982005,0.001554584589302968,0.011016295733017694
MEASURE_ET_LT_SEC_Vd_Id_min,0.0002649477165212205,0.0009091986606628952,0.0024031958570594814,0.002620577487681624,0.00056022939875079
MEASURE_ET_LT_SEC_Vd_Id_min_Vd3,0.0011207149701884086,0.013723311010990898,0.0037419425145100373,0.006306828568084927,0.004019528992302647
MEASURE_ET_LT_SEC_Vd_Id_min_Vd7,0.010198449704238952,0.002770911449935777,0.006942828609070667,0.0017048140846111252,0.002100704977050714
MEASURE_ET_LT_SEC_Vd_Id_min_Vd8,0.0011199268250146077,5.976641104232338e-05,0.0003502287816757165,2.7393745965251138e-05,0.0006627573732268589
MEASURE_ET_LT_SEC_Vg_Id_min,0.0012171311109654837,0.00033381008834488206,0.0004557102483088617,0.0020924644193486847,0.002659450537969782
MEASURE_ET_LT_SEC_Vg_Id_min_Vd3,0.00024549082851749843,8.968828939113142e-05,0.00021926284628189752,9.008902223904173e-05,7.713338869023563e-05
MEASURE_ET_LT_SEC_Vg_Id_min_Vd7,0.00018939167854281717,0.0007156135643935247,0.00026091307228138616,0.0001721198556300783,3.6859501794945325e-05
MEASURE_ET_LT_SEC_Vg_Id_min_Vd8,0.0017171124967601686,0.002245957586672482,0.0001817074873003715,0.00019790865968613195,0.00017149798298291913
MEASURE_ET_Load_Pull_Freq,0.0006520330988979927,8.691396249364327e-05,0.004862196056091273,0.00010696074667159846,3.77454428532822e-05
MEASURE_ET_Load_Pull_GL_meas,9.8027275374645e-05,0.0005530963297519789,4.756853758476057e-05,8.422685892088655e-05,4.5229275835420914e-05
MEASURE_ET_Load_Pull_GL_set,0.005508579814833292,0.0072549427389028524,0.004264089548680739,0.004174961743853408,0.0018687027276546417
MEASURE_ET_Load_Pull_Gain_comp_Last,0.0012598036165612932,0.00010617891578350831,0.0031138719627915395,0.003009352812593224,0.010974787574758007
MEASURE_ET_Load_Pull_Gss,0.0008075990329951013,0.0005105082343701293,0.0006921251113275033,0.0002640010754307682,0.0009175442621045181
MEASURE_ET_Load_Pull_ID_comp_Last_mA,0.020397433679986712,0.0003427695532194932,0.002482375994123686,0.000561131077158137,0.0021877345186102058
MEASURE_ET_Load_Pull_IG_comp_Last_uA,0.00012970063725650094,0.0002528396073024252,7.372330311462346e-05,2.0205583800248904e-05,0.00017284488412246243
MEASURE_ET_Load_Pull_Id_SS,0.00013628508434062394,3.660458874757959e-05,0.00013445204682405225,9.358997984137662e-05,3.5815134574867534e-05
MEASURE_ET_Load_Pull_Id_ini,4.203552576692695e-05,0.0,0.0013005367869016425,8.850843632435657e-05,0.0020796882952918995
MEASURE_ET_Load_Pull_Id_ord,0.00027374675668963814,5.449888505230713e-05,4.0608048421669636e-05,0.00010187637719022617,0.0005365251449302966
MEASURE_ET_Load_Pull_P.A.E_Last,0.00010556945175027643,0.0026820630176125756,0.0001221191742317608,2.8745068843178398e-05,6.515416715236512e-05
MEASURE_ET_Load_Pull_PhL_meas,0.00011183639834215903,0.00041351353722558196,0.0011673659078832014,2.403256781331107e-05,0.002499028973494594
MEASURE_ET_Load_Pull_PhL_set,0.0002818133002237129,3.519798637437841e-05,0.00028105370045670357,0.0014892512659758386,0.00014090210096982139
MEASURE_ET_Load_Pull_Pin_Cut,5.096015182549864e-05,0.00010335055173169999,0.00020869920527949473,3.749115617855087e-05,0.0017753307589076373
MEASURE_ET_Load_Pull_Pin_Last,0.0011422588017826097,0.005041494563895027,0.001393827809498458,4.43061863562362e-05,0.0010471527573706026
MEASURE_ET_Load_Pull_Pout_Last,0.00012492032262906047,6.852489961299966e-05,0.0002665919734441323,3.3846374362247325e-05,0.0
MEASURE_ET_Load_Pull_Pout_W_last,0.0011976692005660021,0.00012389520853061943,5.043931138591188e-05,0.0005481521549165222,1.0290592705922107e-05
MEASURE_ET_Load_Pull_Pout_W_mm_last,0.003087263265773084,0.008858516744745323,0.0,0.00737345630820643,0.002422582589016466
MEASURE_ET_Load_Pull_Vg,1.799944141609741e-05,0.0010050979283661012,4.347709212286693e-05,6.716485165143824e-05,5.9108477274411396e-05
MEASURE_ET_OHMC,0.001388003376816142,0.0011450344448587838,0.00023346987081435437,0.0007946924714462724,0.00078663888236331
MEASURE_ET_OHMC_GN,0.0004298683096204473,8.032465361008442e-05,1.2754180822068338e-05,0.00011393609087514203,0.003676614894768292
MEASURE_ET_Probe_Number,0.0027802436419238274,0.0004109803200525884,0.008529218016257884,0.0019469305430019582,0.008490920503131077
MEASURE_ET_R114,0.00014638678360072853,9.96084978007051e-05,0.00012199799322283483,0.00010075781563333134,6.272818986265563e-05
MEASURE_ET_R214,0.00015275851195895135,0.0018213231591396695,0.000857437666628482,0.0,0.00021650444495280468
MEASURE_ET_R314,7.759168544936012e-05,8.44663114335149e-05,0.0001467011066903817,0.00032929967495020875,0.0001386845372912235
MEASURE_ET_R414,0.007491650517548532,0.004978205734427175,0.02957267185781394,0.0051210398226247174,0.025880487614948277
MEASURE_ET_R514,2.6237167892477298e-05,0.0003439450338913746,0.00011575930501440536,0.00030092260670197253,0.00010848368657137435
MEASURE_ET_RF_Modeling_Cds,0.0013625776824479911,0.002503934118648105,0.0014641628665749682,0.007336978929992262,0.002412644950210138
MEASURE_ET_RF_Modeling_Cds_err,6.858708348883717e-05,9.659504408558976e-05,0.0006089062780351762,0.0001760765613821552,0.00012015229348355533
MEASURE_ET_RF_Modeling_Cgd,3.893086564888469e-05,0.0002216605586688405,5.962502310972241e-05,2.568970378950293e-05,3.535610465075836e-05
MEASURE_ET_RF_Modeling_Cgd_err,0.000353526173023344,0.002611822872695921,0.0016201763983330019,0.009352631524264195,0.0012414755116128139
MEASURE_ET_RF_Modeling_Cgs,0.0001112280046907649,0.00017662150663214432,0.00021275687171847882,0.00018169517576232982,5.0829265721049836e-05
MEASURE_ET_RF_Modeling_Cgs_err,0.0005674962841957349,7.99233579574672e-05,0.0006738333925258622,0.00019954855415529267,6.656766915462284e-05
MEASURE_ET_RF_Modeling_Delta_MAG_19G,0.0001149313898765936,3.468810797702382e-05,9.958548661859666e-05,3.0107362232377924e-05,0.00015970893578790972
MEASURE_ET_RF_Modeling_Delta_MAG_25G,0.0005829279766899082,9.149956902387083e-05,1.526278212121641e-05,8.393391765397292e-05,1.0029536609645248e-05
MEASURE_ET_RF_Modeling_Delta_S21_19G,0.0014045189509904064,0.004482785854034114,0.002236766490932521,0.0026053150362750285,0.00428277188678964
MEASURE_ET_RF_Modeling_Delta_S21_25G,1.4202766303625405e-05,4.034050010779656e-05,7.0043717829868075e-06,4.997176207709818e-05,1.915493141252563e-05
MEASURE_ET_RF_Modeling_Fmax,0.001245508606476184,0.0005599338955685274,0.0002878946365857093,0.0010197406548302676,0.002189338933638895
MEASURE_ET_RF_Modeling_Fmax_ext,8.545350435992999e-06,0.0,6.077723534336728e-05,0.00016786625831956812,0.0012843499408275196
MEASURE_ET_RF_Modeling_Fmax_int,8.065287122557293e-05,6.282959179879376e-05,0.00017183243328052565,0.000483061341017872,0.0006095054064039829
MEASURE_ET_RF_Modeling_Ft,0.006792130945221268,0.004057156528297408,0.0037316477565258097,0.006400673879960098,0.00804336570668303
MEASURE_ET_RF_Modeling_Ft_ext,0.0,0.0008128900980993528,0.00014516873194731625,0.0006744556424993816,0.0010154425022935731
MEASURE_ET_RF_Modeling_Ft_int,0.0011263214520505702,3.949608973792241e-05,0.0010472985356083737,7.426155224676e-05,0.0001285841519030113
MEASURE_ET_RF_Modeling_Gds,0.0001744249411624559,0.00010185526000871659,0.00022774705562334232,0.00013783304503325872,0.0010127948827740813
MEASURE_ET_RF_Modeling_Gds_err,0.0005857634730536637,0.00015279755897936606,0.00019294151707465037,0.0,0.00105144252019827
MEASURE_ET_RF_Modeling_Gm,0.0,0.00015537742970180417,0.0002370121854501214,0.00011640133876903827,0.00017542327588256863
MEASURE_ET_RF_Modeling_Gm_0_W,1.1483127928152087e-05,0.0,0.0,4.359822390551924e-05,0.0
MEASURE_ET_RF_Modeling_Gm_err,0.00017063028948634227,0.0,4.901934033139949e-05,0.0,0.0
MEASURE_ET_RF_Modeling_Gm_m0p2_W,0.0007153664820829914,0.00010614900982801865,5.5947035862644524e-05,0.0,0.0
MEASURE_ET_RF_Modeling_Gm_max_W,0.0,0.0,0.0,0.0,0.0
MEASURE_ET_RF_Modeling_Id_gm_max_W,0.0,0.0,0.0,0.0,4.754172327739908e-05
MEASURE_ET_RF_Modeling_Id_search,3.068981393106096e-05,0.0,0.0009053065639211716,1.7932860706524885e-05,1.553342794332594e-05
MEASURE_ET_RF_Modeling_Idss_W,5.207833790708282e-05,0.0001146331754498754,0.0005776428271147861,0.0,0.0
MEASURE_ET_RF_Modeling_K,0.002064486412713027,9.878463994065486e-06,0.00019065630603555436,9.515822962040032e-05,0.002201034509774609
MEASURE_ET_RF_Modeling_L_Gd,7.042936963417803e-05,1.5948278908143936e-05,0.00030603237208035624,0.00011391526790306786,0.0002902115283932709
MEASURE_ET_RF_Modeling_L_Gg,0.001368477822924476,2.8317752073863574e-05,0.002511364310890054,4.6664990920223926e-05,0.0002609703904969831
MEASURE_ET_RF_Modeling_L_Gs,7.477637402428255e-05,0.00035442100386403843,6.93242252825045e-05,0.00016880129842379484,0.00027273865247399493
MEASURE_ET_RF_Modeling_Ld,6.317230147085118e-05,0.0001909949457463612,0.0029920372198669397,0.0004807099855693803,0.00014580805008280272
MEASURE_ET_RF_Modeling_Lg,0.012137503402452704,0.0012491806738329598,0.00020804521628267915,0.004897143622282066,0.004991930118427604
MEASURE_ET_RF_Modeling_Ls,0.0009322010594428492,0.0010468033916650958,0.000251976385401526,0.005646453637285714,0.0032809299716789597
MEASURE_ET_RF_Modeling_MAG_18,0.0013532529145171052,1.791224931756662e-05,3.6725874430017034e-05,6.712742533142988e-05,0.0004974196589907019
MEASURE_ET_RF_Modeling_MAG_19G_After,0.00026700675530387313,0.002322070812952159,6.299635365145352e-05,0.001950349087255659,9.358253119759981e-05
MEASURE_ET_RF_Modeling_MAG_19G_Before,1.6619285268237422e-05,0.009533136259410576,0.0,0.0014097598275412825,0.012014696892851355
MEASURE_ET_RF_Modeling_MAG_25G_After,0.00028326022183933414,0.0,4.9302613538023416e-05,0.0,5.569856786422542e-05
MEASURE_ET_RF_Modeling_MAG_25G_Before,0.00010032123503937543,0.000127152201986071,2.702431035950927e-05,0.0,0.00019426342125755314
MEASURE_ET_RF_Modeling_Mag_d,0.001023805684915062,0.001476221455978061,0.0019279423772291038,1.1836919172216291e-05,0.002426512600709325
MEASURE_ET_RF_Modeling_Mag_i,0.01499471998998714,0.009759217144120928,0.007318462522938178,0.013373459218939072,0.003969803659075933
MEASURE_ET_RF_Modeling_Mag_m,0.0,1.7278188909713288e-05,0.03502247992912755,0.0,0.004854634337132511
MEASURE_ET_RF_Modeling_R_Gd,1.0174491099994471e-05,7.790973697943358e-05,0.0005338412336333492,0.0007177530850504865,0.0002072697390727917
MEASURE_ET_RF_Modeling_R_Gg,0.0004008747490953148,0.0013826640609513844,8.694232843883922e-05,0.004267052758734753,0.003079669289663011
MEASURE_ET_RF_Modeling_R_Gs,0.0022541061768515673,0.002301905667432295,0.0006713985680738752,0.0017273194458308004,4.525069321499579e-05
MEASURE_ET_RF_Modeling_Rd,0.0001813287056893414,7.736160192916388e-05,0.00012487812203033203,0.00036593363835920993,0.00020139430969347627
MEASURE_ET_RF_Modeling_Rg,7.307825374535721e-05,0.00012719376237091547,0.0002623341844047025,4.9469149599935355e-05,0.00021672446783938258
MEASURE_ET_RF_Modeling_Rgd,4.337004913990642e-05,0.002740942690955536,9.809891519089862e-05,0.0001303939754441638,2.430202724465065e-05
MEASURE_ET_RF_Modeling_Rgd_err,0.00024575344326240413,7.699797555211782e-05,4.221529302746199e-05,9.421863983418991e-05,0.0007122836034965771
MEASURE_ET_RF_Modeling_Rgs,2.1869659792327276e-05,0.00019556672773878933,8.675360361828035e-05,0.0001348448342540877,8.301031395583825e-06
MEASURE_ET_RF_Modeling_Rgs_err,9.76716822781226e-05,0.0008312128926176718,0.00010054563714825682,0.0002159375725660455,0.00029738721937224143
MEASURE_ET_RF_Modeling_Rs,0.002020858672514765,0.0001321932930294529,0.0001495260654606445,0.0005106998930601248,0.0002677210003483153
MEASURE_ET_RF_Modeling_S11ang_10GHz,0.0010428697112657974,0.00018734831105749844,0.00010054114097569868,0.004372487759458434,0.001145730389842223
MEASURE_ET_RF_Modeling_S11dB_10GHz,0.0021868052395973606,0.0017855885957624928,0.0002642231159127891,0.0017107428200638518,0.0008048379859303215
MEASURE_ET_RF_Modeling_S12ang_10GHz,5.226947654123804e-05,0.0006184063167820283,0.010869493958618043,0.0025427330728611587,0.01285879909356516
MEASURE_ET_RF_Modeling_S12dB_10GHz,9.875571679493634e-05,0.003132777440590597,0.00027538282509692775,0.0023685444133370037,0.00022579930888367322
MEASURE_ET_RF_Modeling_S21_19G_After,0.013182807968671988,0.0004270962672139385,0.0024299596384528355,0.012374477484904008,0.01454260893542527
MEASURE_ET_RF_Modeling_S21_19G_Before,7.902881658230255e-05,0.00039834990718956207,0.0004500838277647707,6.620598370001837e-05,2.0093200186929458e-05
MEASURE_ET_RF_Modeling_S21_25G_After,6.529839662609832e-05,0.00019223750946811434,0.001809170935596665,6.0123548832117604e-05,0.0003726667818539134
MEASURE_ET_RF_Modeling_S21_25G_Before,0.027681666895521588,0.02916524918177809,0.022716177641566745,0.036243632186782136,0.027859235469668075
MEASURE_ET_RF_Modeling_S21ang_10GHz,4.845719958463394e-05,2.675700443721005e-05,0.0,0.00012922493822279952,0.0
MEASURE_ET_RF_Modeling_S21dB_10GHz,0.0,0.00039643737523303266,0.0030201150959541594,0.0,0.0037719536711267594
MEASURE_ET_RF_Modeling_S22ang_10GHz,0.0007900342575383623,0.0018285333131994922,0.0025797982025945005,0.0018199465105059047,0.0025089408290817124
MEASURE_ET_RF_Modeling_S22dB_10GHz,0.001656265752408053,0.0002666458855898581,0.00011253437057611732,0.0,0.00016672036181466788
MEASURE_ET_RF_Modeling_Stress_time,0.00017586482542376837,0.00021068641568517055,0.00033774573110188105,5.581060458107318e-05,0.00019200122587284971
MEASURE_ET_RF_Modeling_Tau,6.123819035839222e-05,5.675462141098363e-05,0.002695582221168442,0.0009571134258387863,0.005818465552430863
MEASURE_ET_RF_Modeling_Tau_err,0.00037800607088219753,0.0,0.0018402591556904548,0.0,0.00026811992373518745
MEASURE_ET_RF_Modeling_Vd_set,7.622087023519318e-05,8.266568136407586e-05,3.0206480231367136e-05,2.729473273804344e-05,0.0004508925160139913
MEASURE_ET_RF_Modeling_Vd_stress,0.00020996291362177842,0.0001194852501109177,0.00010861128553307824,7.36293891723622e-05,8.704093283205076e-05
MEASURE_ET_RF_Modeling_Vg_Stress,0.00012590512685866064,9.050557279374635e-05,9.159333972132658e-05,0.00018850200581184225,4.2567767530992994e-05
MEASURE_ET_RF_Modeling_Vg_gm_max_W,0.0006981318046786465,2.4027242117276944e-05,0.0,0.00014943649727985797,0.0
MEASURE_ET_RF_Modeling_Vp_01_W,0.0,0.00046218425423303835,0.0001368497474277196,0.0,0.0
MEASURE_ET_RF_Modeling_Vp_1_W,5.750108575201314e-06,0.0,0.0007093834168046214,0.001570251128435285,0.0
MEASURE_ET_RF_Modeling_Vth,0.0018775118375085357,0.00280659078321792,0.0001308341812043438,0.0032698431125706326,0.0007471366791517145
MEASURE_ET_RF_Modeling_ids_m0p2_W,8.10109133177046e-05,9.212551987626877e-05,0.0001624700199602478,0.003114403675616353,6.095829329110279e-05
MEASURE_ET_RGAN1,0.011521944218790558,0.012208442673329187,0.010304397405180549,0.013259166298892686,0.007896062102348318
MEASURE_ET_RGAN2,0.0030737197497023045,0.009416550318846719,0.006911692237002231,0.0020759148450186426,0.010419100768330282
MEASURE_ET_RGAN3,0.000125535187273604,6.471808941787846e-05,0.00048090589396988017,0.00021830552886207186,0.0004693301932418234
MEASURE_ET_R_4000_HOR,0.0017437077017479767,2.3698620564675163e-05,2.3766452002388368e-05,0.0015425343161417733,3.632818326670916e-05
MEASURE_ET_R_4000_VER,0.0010995374726097188,0.001238416041100519,0.0001882311088701348,0.001087891295284923,0.0024608154255405094
MEASURE_ET_R_400_HOR,0.00016890531523708707,0.0003477799103608266,0.0,6.875959837411558e-05,9.641971303428133e-05
MEASURE_ET_R_400_VER,0.00014782499393419717,0.0001760489320099485,0.00022487822162660853,0.00029793206474117373,0.00013789750815165977
MEASURE_ET_R_660_HOR,0.0005908245018549403,0.0004840598035835023,0.0009806189273827556,0.0,6.546051643958036e-05
MEASURE_ET_R_660_VER,0.00017815356800557426,0.002292670526923136,0.00017687626465085144,0.0008042025139013,0.0008731880979591302
MEASURE_ET_R_f_hr_1,0.00013511351796244148,0.00014698038776638623,0.00010699931063073334,0.00013487319380390227,6.408161557524528e-05
MEASURE_ET_R_f_hr_2,0.0021400275427720028,0.00020241127292336405,0.0011331493336797513,0.00013710278330589042,0.0009091095226084247
MEASURE_ET_R_f_hr_3,9.850361543623499e-05,0.00827791751199226,0.008068879986384057,0.004647225827355416,0.013591000807689022
MEASURE_ET_R_f_tn_1,0.001801626525590613,0.005950811528000291,0.0026019967153748905,0.0021726408923007203,0.004985125894602409
MEASURE_ET_R_f_tn_2,0.00013935926484847275,0.0001408835521237703,5.123960149995376e-05,0.00010050405921347998,0.0010112847221177134
MEASURE_ET_R_f_tn_3,0.0010115668258491694,0.00027564104388522247,1.8848661031367454e-05,0.0,0.00014306317574676073
MEASURE_ET_Ran_con_1,0.0007563504747442572,0.000656385764366236,0.002572760898167909,0.0012461988190836152,2.213757144537199e-05
MEASURE_ET_Ran_con_1_OW_CR,0.00020613826525976624,2.5098996325789523e-05,8.09272730595303e-05,9.083078479101381e-05,5.638725787629276e-05
MEASURE_ET_Ran_con_2,0.0003665339596817458,1.6231525475142512e-05,0.0001592133288198404,7.448741980671376e-05,0.00016865518468809232
MEASURE_ET_Ran_con_2_OW_CR,0.0001244842594520689,0.00012142712116591786,3.108329436395794e-05,1.9827262287798358e-05,6.799068027420149e-06
MEASURE_ET_Ran_con_3,0.0005069756151946473,0.0005372266650325506,0.0005665877426750403,0.0002011923059258166,5.0139547867785226e-05
MEASURE_ET_Ran_con_3_OW_CR,0.00013042050764362314,0.0001499011706084112,8.79796085742273e-06,0.0004909470393105234,4.009760634929838e-05
MEASURE_ET_Rc_F_AB_2,0.005454499067460523,0.000437764594432337,0.002699485731740242,0.0037006161353716326,0.000574148188070576
MEASURE_ET_Rc_OG142,0.00018868920800152073,0.00039318349077647666,5.730523741428585e-06,0.00015621830790697115,0.0
MEASURE_ET_Rc_OG142_GN,0.0,0.005252040419506148,0.0030019746269417005,0.003450546684466998,0.0017842968215630434
MEASURE_ET_Rc_OG144,0.0,1.8760477454034987e-05,0.002103694577678312,0.00015533361730125605,1.3403118027093909e-05
MEASURE_ET_Rc_TF_AB_2,3.736932678085142e-05,0.0011700659561054974,0.0,9.022366077977226e-05,0.000980892537071757
MEASURE_ET_Rc_an_ct2,7.329115147701309e-06,0.0010815759286504601,7.356991999257836e-06,1.3897696239323762e-05,0.0007999689226780627
MEASURE_ET_Rc_an_ct2_OW_CR,0.03421615447617623,0.021265884575049084,0.008888788111788932,0.04339221761192499,0.04177986406299869
MEASURE_ET_Rc_cat_ct2,0.005535014911631111,0.007304533899800312,0.015015161774508378,0.00023551278873031473,0.00827631889490314
MEASURE_ET_Rc_cat_ct2_OW_ST,0.001068449050110415,0.01816758183179853,0.01953894444339215,0.022239772270246726,0.013972827020051082
MEASURE_ET_Rc_f_hr_23,0.0048654935814994435,0.003398763195849824,1.3529794907533494e-05,0.0,0.002566047573696262
MEASURE_ET_Rc_f_tn_23,0.0033516020927632974,6.5136331663791066e-06,6.351223743347692e-05,3.5962281016133e-05,0.0033433250949840543
MEASURE_ET_Rcat_cn_1,0.0,5.338486047935997e-05,2.669442236123648e-05,0.00020174103442864184,0.001348596936339385
MEASURE_ET_Rcat_cn_1_OW_ST,0.0,0.0007864361943736005,0.0024668487636880262,2.8470103413997685e-05,0.004565697697710535
MEASURE_ET_Rcat_cn_2,0.00719983695688392,0.00796147573286551,0.007076061728060104,0.002452436090640328,0.00319431154682219
MEASURE_ET_Rcat_cn_2_OW_ST,0.0032538313968429817,0.0005295144803887612,2.6438682234320832e-05,0.0016918053639757356,0.00038417267312968655
MEASURE_ET_Rcat_cn_3,2.2528302238645117e-05,0.00017018371575427737,0.002602451306325762,0.004424237790454657,0.0002907897272336971
MEASURE_ET_Rcat_cn_3_OW_ST,0.0021543325144586967,0.003208190556789991,0.0026180292875332923,0.0035840524365611235,0.003008144701881331
MEASURE_ET_Rsh_F_AB_2,0.0008662759276061102,3.672151623576344e-05,0.0005200475763306228,6.0100616118607485e-05,3.3519050193930266e-05
MEASURE_ET_Rsh_TF_AB2,0.00017574171629941012,3.049360536475812e-05,0.00021434795325279605,3.26489629077252e-05,0.0006579175587203643
MEASURE_ET_Rsh_an_ct2,0.001077574367634604,4.661986579226528e-05,0.0004892596128073721,0.0002174976324466455,0.00020135560190267336
MEASURE_ET_Rsh_an_ct2_OW_CR,0.004910043347755522,0.0002195761430836292,0.0021267455721676485,0.0061078864582335335,0.0006827659774874556
MEASURE_ET_Rsh_cat_c2,0.00011284783712455297,0.00010815945657599018,5.925764314842744e-05,0.0011327245670470164,2.746064603713502e-05
MEASURE_ET_Rsh_cat_c2_OW_ST,0.00013965608560364927,5.9535534978477084e-05,0.0,0.00023996054075076125,4.6908782263015085e-05
MEASURE_ET_TANR,4.4552474579777674e-05,8.63710446549987e-05,7.968688079366716e-05,0.0,9.892309273757276e-05
MEASURE_ET_TFR_AB,8.725829152290931e-05,0.00019370459149664542,3.3351856103202225e-05,0.0021413341371526126,0.00025820233786571654
MEASURE_ET_TF_AB_1,0.00011840173656488774,0.00021891698352578722,0.0001430002562340979,0.0003981121605039091,0.0003963769136828861
MEASURE_ET_TF_AB_2,0.002596966756475511,0.001208469006054071,0.00101780187849535,0.0002048837521375953,0.0037187076300077395
MEASURE_ET_TF_AB_3,7.951216122485025e-05,4.7802540416179215e-05,0.00042484741320198294,0.00041244421548703857,0.0003761601512917579
MEASURE_ET_TR_1F,0.00012516566703462922,0.0003593704407257158,2.7810316165232314e-05,7.257478577998994e-05,0.000211623420346152
MEASURE_ET_USV_Cappf,0.016069391625327292,0.02210320953092258,0.010183260517468777,0.012302393245387112,0.012731016059465815
MEASURE_ET_USV_Cappf_0,9.449632788065162e-05,4.202867361297169e-05,9.570571882628722e-05,0.0009618573184286491,0.00036104099809359635
MEASURE_ET_VIA_KLV,0.03636438004998458,0.01897357774230689,0.012142683070030965,0.034999254919647046,0.010861201039452824
MEASURE_ET_VIA_KLV_2,0.003548326265118253,0.001961380009814915,0.0014332670062088932,0.0011026752167059147,0.0014195749711169677
MEASURE_ET_VIA_KLV_8p5,4.375047377689704e-05,0.0001729495293711354,0.00010083942693864535,0.0,9.4879077766249e-05
MEASURE_ET_Vbkdn_C300pf,0.002280715962524061,0.0007344922866152917,0.0,7.784966619722738e-06,2.350370700766889e-05
MEASURE_ET_Vbkdn_C385pf,5.285998713064149e-05,1.8947694512186246e-05,5.3405320010246994e-05,8.261542454745227e-05,5.0894010400800085e-05
MEASURE_ET_Vbkdn_Cap100,0.001339916242638056,0.0018314753995738358,0.00044561562339372863,0.0005975260644049471,0.013315198675378828
MEASURE_ET_Vbkdn_Cap100_Long,0.00039434414561250765,5.093597908353871e-05,0.00032065040723186234,0.0010649494454421625,0.004422728196220233
MEASURE_ET_Vbkdn_CapBig,0.00012802253330711932,0.0001298396634964022,7.449684690519098e-05,1.4884422554277928e-05,0.0011638438720744974
MEASURE_ET_Vbpin,5.0968697849958095e-05,0.0007960395006420012,0.0,0.0,0.0004589108268907688
MEASURE_ET_Vbpin_D60,3.686789224934252e-05,9.444534735630925e-05,0.0009153552224219367,7.49621663194731e-05,9.7794455960504e-05
MEASURE_ET_Vg_gm_max,1.010395576004724e-05,0.0,3.0629679315424185e-05,0.0,0.0
MEASURE_ET_Vk,4.442826072756628e-05,0.0004885892219292215,2.727014907547434e-05,0.00021897944035498664,2.752062039219838e-05
MEASURE_ET_Vp_1,0.0,0.00014809466267435043,0.0002587224116434303,0.002572468679310833,0.0
MEASURE_ET_i5021_1,0.001789670818832559,0.00039276814428334617,0.0001248761566494128,0.002908451200997931,0.001969158073881034
MEASURE_ET_i5021_2,0.0003423250042942039,1.3838747718573569e-05,7.12897636643941e-05,0.0001560491250024983,8.98687527860138e-05
MEASURE_ET_i5021_3,0.002543073453696547,0.0074038904557722,0.0028868218211205317,0.0018881518065041313,0.0021296996810931854
MEASURE_ET_lkg_10,0.0017382234442634298,0.0,0.00010850694652782565,0.0,6.969636737727891e-05
MEASURE_ET_lkg_100,0.0006363240729363393,0.0003741249346810853,0.0,0.0,0.0
MEASURE_ET_lkg_100_at20V,0.0,0.00017938063072210194,0.0,0.0003000126257032629,8.701154191840692e-05
MEASURE_ET_lkg_5,0.0008547595272586653,0.0010888451220098074,0.002072256860331188,0.0009217524963961717,0.0003842937752142269
MEASURE_ET_lkg_50,0.0,0.00010984140745293991,0.0,0.0,0.00013438431619634028
MEASURE_ET_lkg_50_at20V,0.3426812129847592,0.31727287526291786,0.4163646340548752,0.3256113668049554,0.44498873749770873
MEASURE_ET_lkg_70,0.0026245360420199407,0.0,0.0017291036611899661,0.008546489646923379,0.00042665200930553434
MEASURE_ET_lkg_70_at20V,0.0,0.0018847512353230302,0.0,0.0012184282980222923,0.00042294219638057596
MEASURE_ET_lkg_C175pf,0.002393578483316551,0.0013733144486511434,0.0008268018933549438,1.0466043070975424e-05,0.0033264810073362493
MEASURE_ET_lkg_C20,1.1882034070864478e-05,0.0,0.00021254537591199353,0.0004303210128614781,4.044601122015548e-05
MEASURE_ET_lkg_C200,0.001491472348550192,0.0,0.0004167644203460733,0.0031324484589855418,0.0006830919632574966
MEASURE_ET_lkg_C300,0.0005206079579526418,0.00029687778133353094,0.0,0.0008607827420740705,0.0011434617028472857
MEASURE_ET_lkg_C300FB,0.0,0.0021975483249438454,0.003895338013993261,0.0,0.006619458300580713
MEASURE_ET_lkg_C300FM1,0.0,0.0014209124743894844,0.0006356614267542227,0.000934590319640799,8.441554161264723e-05
MEASURE_ET_lkg_C300M1B,0.0021058942674222715,0.0001691743402884694,0.0,0.0,0.0015784473282860463
MEASURE_ET_lkg_C300pf,0.0,5.5160873365298044e-05,0.0,0.00016654696472823014,2.1793915512465642e-05
MEASURE_ET_lkg_C385pf,1.5445398932339882e-05,0.0,0.0,0.0,0.0
MEASURE_ET_lkg_C500pf,0.0035953954082256832,0.0029078846228849466,0.00026487201346687793,0.0037004046000774188,0.005238153329365284
MEASURE_ET_lkg_Cap1,0.0,0.0015141054331013941,0.0,0.0,0.0
MEASURE_ET_lkg_Cap2,0.0,0.0,8.067523192728749e-06,0.0,0.0008660809935963455
MEASURE_ET_lkg_Cap3,7.292284998290066e-05,0.0,0.0001050867409501961,0.0,0.0
MEASURE_ET_lkg_CapFICBRGM,0.004724075075648696,0.0,0.0036511763602743294,0.0001355198998316694,0.007057962683989507
MEASURE_ET_lkg_CapFICM1,0.0,0.0,0.0,5.6053311166236854e-05,0.00010453384983657043
MEASURE_ET_lkg_CapM1BRGM,0.00010579036917125317,0.0006496560324758813,0.0,5.064491686931573e-05,5.249783682046086e-05
MEASURE_ET_lkg_CapPARCAP,0.0,0.00011408027045503045,0.0,0.0,0.0
MEASURE_ET_lkg_CapUSV,0.0,0.0016339215175864969,0.0032233670934159794,0.0007378239439605217,0.0
MEASURE_ET_lkg_Cap_USV,0.010671131009665753,0.0007310229152553671,0.002638292144674537,7.20041417254058e-05,0.003891699739948018
MEASURE_ET_lkg_PAD_10,0.00019326352619087526,0.0006836700571500035,0.002104363674916383,0.0007474799389778873,0.0062258360671689494
MEASURE_ET_lkg_SY07_10,0.0,2.7901177627777524e-05,0.0,0.006095937414983597,0.005700072158952166
MEASURE_ET_lkg_SY8_80,1.0692764305499824e-05,0.0,3.9215679927490866e-05,0.0,1.4426863128867662e-05
MEASURE_ET_lkg_USV_Cap,0.0,0.0,0.0,4.062195273816388e-05,0.00014720884839102536
MEASURE_ET_sh_GA142,0.0001156214510119019,3.1782508966947406e-05,4.5128858487366636e-05,6.175590264274002e-05,0.0002842231683451491
MEASURE_ET_sh_GA142_GN,1.5914557274855236e-05,7.687707150260461e-05,8.474195951012368e-06,0.00017375869951497615,0.00027361071360784434
MEASURE_ET_sh_GA144,0.0007328172785016854,0.0005802098331463864,4.8850479709819266e-05,0.0008308942886702332,2.1303840695555416e-05
MEASURE_ET_sh_f_hr_23,5.122874093717734e-05,2.8362397401452278e-05,0.00016631291248334087,0.00010965289879259103,3.058488315125238e-05
MEASURE_ET_sh_f_tn_23,0.0001346965851242681,0.00014205784782518564,0.0005796917759377568,3.24482798606394e-05,0.0011578550003089431
MESA_CD_Mesa_CD_Radius,0.00047874372087837214,0.00014120828500013003,5.018835857316105e-05,0.0005290768637128945,0.00021894060879791737
MESA_ET_Probe_Number,3.946901920314686e-05,4.229279745044148e-05,0.00036281230661239027,0.00012822391849841958,0.0014568866635839889
MESA_ET_Vbkd,1.6832393663780167e-05,0.00013532190093007904,3.547424627946055e-05,8.63454016720653e-05,0.0
MESA_Height_Mesa_Height,0.0003058669247157422,0.00010843238907128282,0.0,0.00017526581719353154,0.0
METAL1_Height_Metal1_metal_thickness,0.00012343223396433318,3.294331929164743e-05,0.00023834193452350048,0.0,0.00016486502435336268
MaskSetName_MS_A,0.00127582460652376,0.005311535831132789,0.009572353343033848,0.0042021124305390315,0.003505322228635476
MaskSetName_MS_B,0.0,0.0,0.0,0.0,0.0
MaskSetName_MS_C,0.0,0.0,0.0,0.0,0.0
MaskSetName_MS_D,0.002441343280500648,0.00427748344696072,0.0044016164570462694,0.0015504264926117632,0.00447640514323018
MaskSetSupplyChipsCount,0.013257229050279732,0.022328239456877206,0.022782559314207838,0.011715911173304885,0.02224997038984565
OHMIC_CD_Ohmic_CD_litho,0.00036788897555834014,7.775959006671276e-05,0.0007034672515561163,0.0001147890640600126,0.000534640135783392
OHMIC_ET_OHMC,0.007270965509365845,0.005449797566121875,0.0008449791494258227,0.0007891129526683619,0.005720533502150198
OHMIC_ET_OHMIC_conc,7.916659125951205e-05,9.60799943496347e-05,0.00042731403342368134,0.0054409304999667295,7.930582251404101e-05
OHMIC_ET_Probe_Number,0.0008624042278163734,0.0015292750276828773,0.0007117835788429052,5.059075343555279e-05,0.00025412875928198045
OHMIC_ET_R114,0.0016921920109924282,0.002840558969489194,0.0011129996292030882,0.003235630399805842,0.0013471665749272667
OHMIC_ET_R214,2.2962440030892784e-05,8.847113491036503e-05,0.000393195801309178,7.800091283195525e-05,4.283363275049874e-05
OHMIC_ET_R314,0.0009524284968221328,0.0023332833915864796,0.0005856081025024825,0.0014169591292397768,0.0017323625720968292
OHMIC_ET_Ran_con_1,0.0015674841075808414,0.000429176341984519,0.0021056377721658482,0.0004903244032584022,0.0008903742043832464
OHMIC_ET_Ran_con_2,0.00010715450355030731,0.0008468941863883215,0.0009510451584857312,0.00017113036272208988,9.322768775559589e-05
OHMIC_ET_Ran_con_3,0.00042045443079300496,0.00012717646148840067,4.0968675957738843e-05,8.174618932205763e-06,3.7335515726854405e-05
OHMIC_ET_Rc_OG142,0.0,0.00020180969679983314,0.0,0.0006398121081405225,0.00097891810889262
OHMIC_ET_Rc_an_ct2,0.016915665012191175,0.0012454568971409703,0.006811837440023273,0.006848720768344251,0.01799862593648766
OHMIC_ET_Rsh_an_ct2,0.06361901879244072,0.06813864339265767,0.039577905815380114,0.056276297745574175,0.05420998979929749
OHMIC_ET_lkg_5,0.0002832497745141664,0.00011028696315241944,0.00041564501317295656,0.00032268299078352697,0.0010429056832674457
OHMIC_ET_sh_GA142,0.00010441817191542854,0.004009945093175229,0.0002655088355169557,0.010035735452381291,1.0078498311864437e-05
OHMIC_Thickness_SiN_Thickness,0.0005194367730535077,4.7571103731326747e-05,0.0011412063762173336,6.590992047688981e-05,0.0010531065341268474
SIN_CAPACITOR_ThicknessGN1_RefractiveIndex,0.00037285568467809233,0.00015505611844017836,0.00020903001704783994,0.0010824669508808905,0.0010607274718600454
SIN_CAPACITOR_ThicknessGN1_SiN_Thickness,0.0019997413357638596,8.678754868981438e-05,0.0,4.7025393785591e-05,0.0
SIN_ET_DC_PIV_Drain_Lag_Idss,0.0,0.00023137374919607413,0.0016253022330513557,0.00012976621851090578,0.0002184728119701156
SIN_ET_DC_PIV_Drain_Lag_Imax,0.00016850593070514511,0.0,4.561531197863997e-05,2.7113950313025743e-05,0.0
SIN_ET_DC_PIV_Gate_Lag_Idss,0.0001403859733754728,0.000824307494186174,0.0,5.821783646357144e-06,0.0
SIN_ET_DC_PIV_Gate_Lag_Imax,0.0,0.0,0.00041419505839595047,0.0001159673084196061,2.9280062599281903e-05
SIN_ET_DC_PIV_Idss_QP1,4.709971475730037e-06,0.0,0.0,6.00350725828795e-05,0.0
SIN_ET_DC_PIV_Idss_QP2,0.0,5.077580460177862e-05,0.0,0.0,1.101687558335002e-05
SIN_ET_DC_PIV_Idss_QP3,6.454969533732179e-05,2.9890221499887815e-05,1.7220931578135146e-05,0.0,0.0
SIN_ET_DC_PIV_Imax_QP1,0.0,0.0,0.0,1.1524302019813894e-05,0.0
SIN_ET_DC_PIV_Imax_QP2,0.0004971199781597619,0.0,0.0,0.0005435191632309329,0.0
SIN_ET_DC_PIV_Imax_QP3,2.481078673556399e-05,0.0,0.0009292431585444558,0.0,0.0003028163292618563
SIN_ET_DC_RF_Gm_0,0.0,0.0,0.0,0.00011043213584234169,9.140451482924002e-05
SIN_ET_DC_RF_Gm_m0p2,9.166992168492949e-05,0.0,4.353081197709309e-05,0.0,8.380665812754618e-06
SIN_ET_DC_RF_Gm_max,0.0019156015073433516,1.421491750263462e-05,0.0003278028955118342,6.465827772201132e-06,2.5623291364308174e-05
SIN_ET_DC_RF_Id_gm_max,0.0,7.837111164345293e-05,6.355950829845273e-05,0.000438461006611704,0.0
SIN_ET_DC_RF_Ids_m0p2,0.0007348226385304017,0.00015955216079401776,9.205816389683651e-05,0.00040379100189130934,0.00022869094475468202
SIN_ET_DC_RF_Idss,0.0009219101756613639,3.1670231185533675e-05,0.0,0.0006741673761673163,0.00017312017623472326
SIN_ET_DC_RF_Imax,0.00012069938973917299,8.397991775958198e-05,0.0,0.0003966252967490301,0.0
SIN_ET_DC_RF_Vbgd1,0.0003022522100269733,0.0,4.642579771282393e-05,0.0004923377137830115,0.002169572135065869
SIN_ET_DC_RF_Vbgd_0p01,0.00013165652968744025,4.326197552796713e-05,2.087449027661025e-05,0.0008899784084915025,4.909070993750051e-06
SIN_ET_DC_RF_Vbgd_0p1,0.001725595666866349,0.0029061902494018185,1.4158191803826438e-05,9.458446291058185e-06,0.00043517398860888975
SIN_ET_DC_RF_Vbgs1,0.0,0.0004897834477193363,0.0008858184836711861,9.771296351381022e-05,0.002368931384191938
SIN_ET_DC_RF_Vbgs_0p01,0.002121171315041663,0.0025493008052019494,5.333295780302434e-05,0.0035884750072080187,0.0016390556232158543
SIN_ET_DC_RF_Vbgs_0p1,8.993464920798178e-05,2.724081065030937e-05,0.00010803419232701232,0.0012005705425323905,0.0030883750186735813
SIN_ET_DC_RF_Vbin_gd,0.0016657428480392695,0.0019145016424933492,0.0,0.0006411482655406617,0.0
SIN_ET_DC_RF_Vbin_gs,0.04666992386857211,0.02546175776353209,0.036953952156540716,0.02408288955740051,0.025309303142386868
SIN_ET_DC_RF_Vboff,2.0959240128904815e-05,4.167940516857805e-05,5.0676887044737145e-06,0.00010006878892759313,0.00045656240186953
SIN_ET_DC_RF_Vdg_max,8.932510233011068e-05,0.0029521047433552546,5.101283769440943e-05,0.0008780471068106573,0.0017111610692080164
SIN_ET_DC_RF_Vdg_max_0p1,0.00041202164489008615,7.399295952285103e-05,0.001519822114061057,3.2064532588490694e-05,0.00019369133994089733
SIN_ET_DC_RF_Vdg_max_0p1mA,7.178948534145745e-05,0.00011421511141860145,0.00015876702881545778,0.0005865310738621593,0.0001887993723151527
SIN_ET_DC_RF_Vds_max,9.456191575236758e-05,0.0010039281164189856,3.319487265983239e-05,0.00028919336318273235,0.00013324008252636431
SIN_ET_DC_RF_Vds_max_0p1,0.00012078377119973076,0.0001868756542275079,3.107170527708772e-05,0.0003197304698564601,0.0002749845000599628
SIN_ET_DC_RF_Vds_max_0p1mA,1.9442644040028947e-05,0.00399927043018076,0.00020333044692076937,0.0008065127776056483,0.0
SIN_ET_DC_RF_Vg_gm_max,0.0002633897252409172,1.1106460460065027e-05,2.1436416239030815e-05,0.000349635054916097,0.0
SIN_ET_DC_RF_Vg_max_Vd,1.2338869889872492e-05,0.003666812725115948,8.562191531119602e-05,0.0008510239344028251,0.00014866409566707036
SIN_ET_DC_RF_Vg_max_Vd_0p1,0.01584099599858465,0.00011733566837304258,0.0008353264825660152,0.002778855153529969,0.005249705385610387
SIN_ET_DC_RF_Vg_max_Vd_0p1mA,5.287620245960277e-05,4.144810385040445e-05,0.0001182649689138768,0.0003271906327944907,0.00011305653851254677
SIN_ET_DC_RF_Vg_optt,0.000525431346347735,0.000851259448843367,0.0005219586934856903,5.207181912552781e-05,8.352907101689543e-05
SIN_ET_DC_RF_Vg_optt1,0.0010560112017571964,0.00011361922160976318,1.2237981171976684e-05,0.0001990691316624726,0.0006050405452790807
SIN_ET_DC_RF_Vg_optt2,0.00046908626179305795,0.0008099008341717694,0.0014023914878250677,0.0010756523134296699,6.957811162160235e-05
SIN_ET_DC_RF_Vg_optt3,0.0019030951567916312,0.0014786546046514602,0.004350862727588647,0.0003400925269483801,0.002843722778577413
SIN_ET_DC_RF_Vp_01,0.00101333825337336,0.0,0.0,2.3504254621017976e-05,0.0
SIN_ET_DC_RF_Vp_1,4.257308673574995e-05,0.0,0.004119252456385121,5.02516434637687e-05,9.744194220242947e-05
SIN_ET_DC_RF_Vt_gd,0.004811125001856382,0.0037040889890088574,0.0011074154668637747,0.0016777388056234569,0.0005066356421423843
SIN_ET_DC_RF_Vt_gs,0.00018507982033763693,8.209041617475325e-05,0.0024280936061919283,0.0002708437333571511,0.00011965087138676389
SIN_ET_DC_RF_n_gd,0.0050306940884626465,8.984288976984743e-05,0.018711532688219748,0.0007276792103370523,0.000257214298075056
SIN_ET_DC_RF_n_gs,0.0002199594825509138,0.00048116899676281977,0.001428630070026552,0.0013312364032805793,0.0004131593314048171
SIN_ET_Probe_Number,0.003543147936340044,0.0015900754170744358,0.00402698213278876,0.0013565515242990886,0.005812383715953862
SIN_ET_TR_1F,6.965221710383886e-05,0.0008878844352954127,0.0001569472128004247,1.8830816160325437e-05,0.00018890271165976816
SIN_ET_lkg_SY07_10,0.007281510002972691,6.690575637272349e-06,0.007966428039520928,0.0013121646394329424,0.003001102700247039
SIN_ET_lkg_SY8_80,0.0,0.0,0.0,0.00035559451999720023,6.389397818059865e-05
SIN_GATE_ET_I_5,4.941692501237773e-05,0.00023915809410823133,0.00017953060854506317,0.00027851816892032283,0.0006554358945192763
SIN_GATE_ET_OHMC,0.0003257085333217273,5.0467240303525806e-05,0.00011308031558669291,0.00017445017754935777,0.00039262431498932943
SIN_GATE_ET_OHMC_GN,5.2187399555879126e-05,0.0028169912771972842,3.166862813879572e-05,0.0006677888134726749,0.0019308625793599819
SIN_GATE_ET_OHMIC_conc,0.0004671944204203256,0.00012582265888833467,1.8846373506815007e-05,7.82795839826832e-05,0.0005042088949971932
SIN_GATE_ET_Probe_Number,0.0003842405396152955,0.00036135263767737597,0.0023983090754569145,0.0013742618749747124,0.002582049081755004
SIN_GATE_ET_R114,3.494559344901551e-05,0.00016262754521928792,8.192075321707162e-05,0.00013804376318428505,0.0011229624553311308
SIN_GATE_ET_R214,0.0001700099628012549,0.00012466800387198022,0.0,0.00026808611193727,6.880063817414113e-05
SIN_GATE_ET_R314,0.0013026052765911834,4.1277032257493875e-05,3.795312444734512e-05,4.8328314791619226e-05,5.916861282208274e-05
SIN_GATE_ET_R414,0.0005684115544831221,4.231728529824972e-05,0.00015849001874715862,0.0007813162951651121,0.00012564713099141712
SIN_GATE_ET_R514,0.0,0.0,4.7713904223279255e-05,0.00042652558740889363,0.0006220475133853531
SIN_GATE_ET_RGAN1,0.0003773558986477261,0.0029223533423760567,0.0014739126725122236,0.001593979615267647,6.588152731007368e-06
SIN_GATE_ET_RGAN2,0.007873707607145185,0.0038396704166434245,0.0037935773268719243,0.0039922762728917885,0.004251093931780036
SIN_GATE_ET_RGAN3,9.481016153607734e-05,0.00011198354892735381,0.0009759082034225501,0.00020770564214983366,0.00189989518263345
SIN_GATE_ET_Ran_con_1,0.00021087757896438153,0.001627192767415235,0.00046538567340849137,0.0004085855371694706,0.0003809963639045704
SIN_GATE_ET_Ran_con_2,9.465724705734809e-05,0.003971036022028143,0.004152132835924859,1.528346483592006e-05,0.006510628831756435
SIN_GATE_ET_Ran_con_3,5.5575871603978054e-05,0.00014651968600937865,0.0002431117115718036,0.00019944720233296595,0.00010752532507246914
SIN_GATE_ET_Rc_OG142_GN,0.001508985609389416,0.0013613398311080461,0.00024860372881627785,0.0011053291274905435,0.0
SIN_GATE_ET_Rc_OG144,0.0004234399741846676,0.0011304252505045477,0.00031546330812688814,0.0002663078232907006,0.0005011848863952852
SIN_GATE_ET_Rc_an_ct2,0.007783549138935419,0.0038334606243828873,0.0024431125638186718,0.012019823925593866,0.0027038320509079404
SIN_GATE_ET_Rsh_an_ct2,5.086735246021568e-06,2.895860837092387e-05,0.0,0.0,2.3087465151040103e-05
SIN_GATE_ET_TR_1F,9.63799141940711e-05,0.0001296515092676376,9.326109292170192e-05,0.0006014754192521181,1.8462565577117285e-05
SIN_GATE_ET_lkg_5,0.0016886940470683522,0.0021250866389219327,0.0,0.0011858962288247455,0.0
SIN_GATE_ET_lkg_SY07_10,0.0008933839139037981,0.00019544014559102322,0.000135541744813732,0.00014883298656692272,8.349884633533689e-06
SIN_GATE_ET_lkg_SY8_80,0.034286616017441554,0.01228136658350345,0.0009697597246206261,0.09264296510865001,0.013549510630432833
SIN_GATE_ET_sh_GA142_GN,8.671582707298569e-05,0.0001470652152990727,0.000329618539381349,0.0,0.0005607589390842166
SIN_GATE_ET_sh_GA144,0.001864384588537874,0.007509507666857865,0.006553185186699518,0.002824521231902584,0.008329189117147091
SIN_Thickness1_RefractiveIndex,0.0001297059430000219,0.0031537316413796468,0.00043280771766388167,6.425132626702638e-05,0.00032974494274618454
SIN_Thickness1_SiN_Thickness_1st,0.0004309317173286643,9.980680559308454e-05,0.000429295689908714,0.0007481306963346004,0.00024379082181938272
SIN_Thickness2_RefractiveIndex,0.00014018201409108987,0.00022480882686178976,0.0010752680552555455,0.00045393334647802965,0.0022269875037678978
SIN_Thickness2_SiN_Thickness,0.00011128302051163956,6.539415141834179e-06,0.0001887094300404878,0.00011268151995028448,6.31332449172713e-05
SIN_ThicknessGN2_RefractiveIndex,0.0003752989082362326,0.001412147900480658,0.00010664501920734189,0.00017422059673534397,0.00030809291245339614
SIN_ThicknessGN2_SiN_Thickness,0.0001224058638430219,0.00021301044474127934,4.280070543459843e-05,7.582384909496649e-05,7.963211803050074e-05
SIN_Thickness_RefractiveIndex,0.00046901493876603883,0.0003945469910954686,0.0003895665738907142,0.00028082410051100386,0.0004290838336727421
SIN_Thickness_SiN_Thickness,0.00022045027757614563,0.000175968646468237,0.0001886535200267098,7.508330427885888e-05,1.3485624628975188e-05
STAGE_DELTA_ABVIETCH_BRGM_minus_TOPSIN,0.0,0.0,0.0,0.0,0.0
STAGE_DELTA_C100_BRGM_minus_THIN,0.0,0.0,0.0,0.0,0.0
STAGE_DELTA_C200_0_BRGM_minus_THIN,0.0,0.0,0.0,0.0,0.0
STAGE_DELTA_C200_BRGM_minus_THIN,0.0,0.0,0.0,0.0,0.0
STAGE_DELTA_C_AN_2_ANODE_minus_THIN,0.0,6.43287710010405e-06,1.7109612605807297e-05,0.0,0.0
STAGE_DELTA_C_AN_2_OW_CR_ANODE_minus_THIN,2.809447316627981e-05,0.0,6.035771171151766e-05,0.0,2.3443304563257896e-05
STAGE_DELTA_C_CAT_2_CATHODE_minus_THIN,4.874394425569125e-05,0.00020465076034222079,7.586011250287915e-05,5.393648509663992e-05,1.892970955048358e-05
STAGE_DELTA_C_CAT_2_OW_ST_CATHODE_minus_THIN,0.0,3.0598271341266216e-05,4.785116029395389e-05,0.0,0.0
STAGE_DELTA_DC_PIV_Drain_Lag_0_FIC_minus_TOPSIN,0.0018460067492547729,0.005961317216661506,0.0023286121338289166,0.005880100605123636,0.006949989880532427
STAGE_DELTA_DC_PIV_Drain_Lag_1_FIC_minus_TOPSIN,2.1764027362257314e-05,0.003378118349675041,0.0005823644150507429,0.0,0.00010124279202805334
STAGE_DELTA_DC_PIV_Gate_Lag_0_FIC_minus_TOPSIN,0.0007021293538397177,0.005562748657134317,0.0,0.00027900409202746113,0.002463393970583046
STAGE_DELTA_DC_PIV_Gate_Lag_1_FIC_minus_TOPSIN,0.0002202267801098682,2.0994234375227667e-05,1.995266740017735e-05,0.0017775193901186806,3.711383044666873e-05
STAGE_DELTA_DC_PIV_Ids0_QP1_FIC_minus_TOPSIN,7.795184175958689e-05,1.597238624797263e-05,0.00013026133484622917,0.00016000254846015185,0.0
STAGE_DELTA_DC_PIV_Ids0_QP2_FIC_minus_TOPSIN,0.0,0.0,0.0,0.0,0.0
STAGE_DELTA_DC_PIV_Ids0_QP3_FIC_minus_TOPSIN,5.965855335834374e-06,4.692496878728421e-05,0.0,3.649043757311806e-05,0.0
STAGE_DELTA_DC_PIV_Ids1_QP1_FIC_minus_TOPSIN,0.00011401320213919684,1.1641303144502648e-05,0.0,0.0,0.0
STAGE_DELTA_DC_PIV_Ids1_QP2_FIC_minus_TOPSIN,6.002324380824262e-05,4.5132269713108165e-05,0.00012682461819853047,0.0,1.2634817162135018e-05
STAGE_DELTA_DC_PIV_Ids1_QP3_FIC_minus_TOPSIN,0.0,0.002123721471693206,0.0,0.0,0.004229383509652968
STAGE_DELTA_F_AB_BRGM_minus_THIN,0.0,0.0,0.0,0.0,0.0
STAGE_DELTA_G2_per_6K_FIC_minus_TOPSIN,0.0,2.095281384211449e-05,0.0,0.0,4.50050862825974e-05
STAGE_DELTA_G_per_6K_FIC_minus_TOPSIN,0.0003449748584903902,7.345508417224606e-05,0.0,3.0028380816426717e-05,3.2019165738410565e-05
STAGE_DELTA_Gate_res_FIC_minus_TOPSIN,0.0,0.00045479481634123616,0.0,0.0,0.0
STAGE_DELTA_Gm_m2_FIC_minus_TOPSIN,5.025554701479523e-05,0.00016691516988600818,3.386543792674027e-05,0.0008725251128696714,7.10058133739348e-05
STAGE_DELTA_Gm_max_FIC_minus_TOPSIN,0.0006961376811418519,0.00011131340538732912,4.077967493179785e-05,0.00021419345846108642,0.00039517055922199957
STAGE_DELTA_Ids_m2_FIC_minus_TOPSIN,8.844295057163748e-05,0.0,0.0,0.0,0.0
STAGE_DELTA_KLV_F_M1_4u_BRGM_minus_TOPSIN,0.0,0.0,0.0,0.0,2.4077107040885504e-05
STAGE_DELTA_Ran_con_1_OW_CR_ANODE_minus_THIN,0.0,0.0,0.0,4.140203158964982e-05,0.0
STAGE_DELTA_Ran_con_2_OW_CR_ANODE_minus_THIN,0.0,5.2970931276419054e-05,0.0,5.544944339451267e-05,0.0
STAGE_DELTA_Ran_con_3_OW_CR_ANODE_minus_THIN,1.5989604479328994e-05,3.546213310880738e-05,0.0004342417434653451,5.8720663860397495e-05,0.0
STAGE_DELTA_Rc_F_AB_2_BRGM_minus_THIN,0.0,0.0,0.0,0.0,0.0
STAGE_DELTA_Rc_TF_AB_2_TFRP_minus_THIN,0.0003473563102886571,0.0020805996979948605,0.004083460126930392,0.007021627934954226,0.0008334965536268166
STAGE_DELTA_Rc_an_ct2_OW_CR_ANODE_minus_THIN,0.00236215413037682,0.0016259443664355696,0.014549704462764592,0.0041458600082204845,0.00344949393392872
STAGE_DELTA_Rc_cat_ct2_CATHODE_minus_THIN,0.00019796266313556256,1.0352080704979304e-05,0.0002662777334546927,2.9574690593176593e-05,0.0001702709209889484
STAGE_DELTA_Rc_cat_ct2_OW_ST_CATHODE_minus_THIN,8.40466482168185e-05,0.0015130219065216883,4.850694477594292e-05,0.0,1.5604381899344862e-05
STAGE_DELTA_Rcat_cn_1_CATHODE_minus_THIN,0.00018063694247138888,0.0014586059117682973,0.004291472744279886,0.00022775619858517594,0.0008737758445351845
STAGE_DELTA_Rcat_cn_1_OW_ST_CATHODE_minus_THIN,0.00014879699073638874,0.0,0.00010513603228693793,0.00032131609008169957,0.0002417020830210833
STAGE_DELTA_Rcat_cn_2_CATHODE_minus_THIN,8.875227973095394e-05,0.0020959956084545977,0.0020538326616442947,0.00041884979137736186,0.003997645241078315
STAGE_DELTA_Rcat_cn_2_OW_ST_CATHODE_minus_THIN,0.0005578484628034886,0.0,0.00017463693841715544,0.0,0.0
STAGE_DELTA_Rcat_cn_3_CATHODE_minus_THIN,0.0,0.002436771663850462,0.00046962638756671663,0.0,0.00032099573693981784
STAGE_DELTA_Rcat_cn_3_OW_ST_CATHODE_minus_THIN,0.000744687537544801,0.0008370513394819208,0.0007560510065560456,8.239260287449206e-05,0.00011781594647789314
STAGE_DELTA_Rsh_F_AB_2_BRGM_minus_THIN,0.0,0.0,4.1298935045908075e-05,0.0,0.0
STAGE_DELTA_Rsh_an_ct2_OW_CR_ANODE_minus_THIN,0.0,0.00013323577062230175,0.0002968314554515596,0.00013894681501880628,4.9264435710676924e-05
STAGE_DELTA_Rsh_cat_c2_CATHODE_minus_THIN,0.0003466327714662076,2.2643722937065185e-05,9.079625199430928e-06,6.163254008978199e-05,8.490067797324138e-05
STAGE_DELTA_Rsh_cat_c2_OW_ST_CATHODE_minus_THIN,0.0007003410323780309,0.0008309427759506677,0.0003827687612353353,0.00048438448573821,0.0009803033028731691
STAGE_DELTA_TF_AB_1_TFRP_minus_THIN,0.0,0.0,0.0,0.0015249872187531308,2.6904851275063687e-05
STAGE_DELTA_TF_AB_2_TFRP_minus_THIN,0.0,0.0,0.0,0.00015905615291794724,0.0
STAGE_DELTA_TF_AB_3_TFRP_minus_THIN,1.4944521585030356e-05,1.9941551044830457e-05,0.0,4.3948780016953236e-05,0.0
STAGE_DELTA_Vbkd_FMESA_minus_MESA,4.29955610848353e-05,1.6095048348779442e-05,5.313974911699682e-06,0.0005173086622005773,0.0
STAGE_DELTA_Vdg_max_FIC_minus_TOPSIN,0.0,0.00019595316398102392,2.9932947655187013e-05,0.00016735532403715087,1.1436666146430438e-05
STAGE_DELTA_Vds_max_FIC_minus_TOPSIN,0.0,0.0,0.0,3.722816597975277e-05,0.0
STAGE_DELTA_Vg_Vds_max_FIC_minus_TOPSIN,2.8539349796883434e-05,2.598448630981635e-05,0.0,7.230756900902865e-05,0.0
STAGE_DELTA_Vg_gm_max_FIC_minus_TOPSIN,1.5353531675382533e-05,9.433009753828549e-05,7.57804525420962e-05,0.0001178885530816099,3.90530084100846e-05
STAGE_DELTA_Vp_1_FIC_minus_TOPSIN,0.00025945757920534584,2.6747722639616874e-05,6.588920648242669e-06,2.515386943363053e-05,9.159154078662155e-06
STAGE_DELTA_i5021_1_BRGM_minus_THIN,0.0,0.0,2.7636029236867868e-05,0.0,0.0
STAGE_DELTA_i5021_2_BRGM_minus_THIN,0.0,0.0,0.0,0.0,0.0
STAGE_DELTA_i5021_3_BRGM_minus_THIN,0.0,0.0,0.0,0.0,0.0
STAGE_DELTA_lkg_C200_BRGM_minus_THIN,0.0,6.158589933308889e-05,0.0,0.0,0.0
STAGE_RANGE_ABVIETCH,0.0,3.16995471686315e-05,0.0,0.0,0.0
STAGE_RANGE_C100,1.6359891929661233e-05,0.00020229094937005812,0.0,0.0,6.13651184781999e-05
STAGE_RANGE_C200,0.0,0.0,0.0,0.0,5.003622367567733e-05
STAGE_RANGE_C200_0,0.0,0.0,0.0,0.0,0.0
STAGE_RANGE_C300,0.0,0.0,0.0,0.0001887426048619755,0.0
STAGE_RANGE_C300_0,0.0,0.0,0.0,0.0,0.0
STAGE_RANGE_C_AN_2,5.645803326168185e-05,6.305479695684825e-05,0.00028391233276690446,0.0001489425907960639,0.0008625889831776253
STAGE_RANGE_C_AN_2_OW_CR,0.0002501764326812456,9.65449705820803e-05,0.00319245503710461,6.25939415613843e-05,0.00569095685483405
STAGE_RANGE_C_CAT_2,0.0005684976052654216,0.00019116193072954006,0.0003388917391888457,0.0004013784750816232,0.000508746885007333
STAGE_RANGE_C_CAT_2_OW_ST,0.0006325276226529425,0.0003556390367199643,0.0008268177878085687,0.005310984015557069,0.0003891504185223811
STAGE_RANGE_Cap_C300,0.0,0.00016517567703520689,0.0,8.506748151982562e-06,0.0
STAGE_RANGE_DC_PIV_Drain_Lag_0,0.0127673818927851,0.009334536852924132,0.001783233642429899,0.0116907950456236,0.012990945515496875
STAGE_RANGE_DC_PIV_Drain_Lag_1,0.0001053656038083955,1.9449948953011676e-05,0.00010608676679951507,0.00014408377163309323,4.505051749489719e-05
STAGE_RANGE_DC_PIV_Gate_Lag_0,0.004967119890652024,0.0036023643728343648,0.00616904012075027,0.005531324200117402,0.005333437661736055
STAGE_RANGE_DC_PIV_Gate_Lag_1,0.0,0.004945583300532198,8.11774946905964e-05,0.000323754925872385,0.000167148387422798
STAGE_RANGE_DC_PIV_Ids0_QP1,8.442249677133712e-05,0.0002964313576279569,0.0007329773515229908,3.5010694347292043e-05,0.00022778665186449254
STAGE_RANGE_DC_PIV_Ids0_QP2,0.00012446501372589033,3.499971206141119e-05,0.0005732647487719281,0.00027160089078663086,5.163726415997833e-05
STAGE_RANGE_DC_PIV_Ids0_QP3,0.0,0.00023920205604890463,0.0001250726179343698,3.847264012416235e-05,4.391698185293263e-05
STAGE_RANGE_DC_PIV_Ids1_QP1,0.0005316050485928006,0.0005812955797844225,0.00031377975193998004,0.0024253750273551906,0.000488363763194693
STAGE_RANGE_DC_PIV_Ids1_QP2,0.00013476989315753193,0.000636318159847783,0.0002529646089929312,0.00018574051285638414,0.00010405911655498302
STAGE_RANGE_DC_PIV_Ids1_QP3,0.0027830294771668145,0.00037147673697749317,0.00038178828856828075,0.002300480556975381,0.00032425526702037333
STAGE_RANGE_DC_RF_Gm_0,7.937727232076444e-05,5.0548905836152274e-05,0.0015488464926621689,0.0014446078721945664,0.00024543743188624095
STAGE_RANGE_DC_RF_Gm_m0p2,0.00016054961343757993,0.0006148353795910883,0.00022920876698702246,0.0009372847877124702,0.0004820283755035619
STAGE_RANGE_DC_RF_Gm_max,0.00021393717703026123,9.210007456663118e-05,4.2685797594290034e-05,0.00010023297460662037,2.7333613005276854e-05
STAGE_RANGE_DC_RF_Id_gm_max,0.0005011879836816322,2.697749947340411e-05,2.9726995419781612e-05,9.621042447858648e-05,3.531331962886506e-05
STAGE_RANGE_DC_RF_Ids_m0p2,0.0002973591166900756,0.00011145024747044652,0.00010346304037099776,8.31177880036417e-05,1.5143131426285034e-05
STAGE_RANGE_DC_RF_Idss,0.00020573580354874303,0.0001778426115928779,0.00042183121220912826,0.00011767955237965474,0.0003260218111430884
STAGE_RANGE_DC_RF_Imax,0.0001562118036534527,0.00019040465307146477,0.00011305453137449183,0.00017728464565161552,0.00021080939735179972
STAGE_RANGE_DC_RF_Vbgd1,3.073844820215175e-05,0.004818686417812597,0.0003997167006047093,0.0027543551001599914,0.0005372421468234928
STAGE_RANGE_DC_RF_Vbgd_0p01,0.00041246785007439317,0.003995266101921569,0.0006433102371614544,0.0007357177171096434,0.0006558164814164735
STAGE_RANGE_DC_RF_Vbgd_0p1,0.0009265769748943075,0.0006206077097638568,0.00042810008661630007,0.00019800198787161104,0.00014452298318738246
STAGE_RANGE_DC_RF_Vbgs1,9.230545063157367e-05,0.0,1.7267341689191792e-05,3.488927558215612e-05,0.0003554146974016633
STAGE_RANGE_DC_RF_Vbgs_0p01,1.445921451954953e-05,0.0006186819009474537,0.0027931159949934033,0.00014845276765807503,1.8403641026290615e-05
STAGE_RANGE_DC_RF_Vbgs_0p1,0.01137075099153029,0.011838891025779001,0.0037207441828623036,0.002370272489356501,0.002033896456904997
STAGE_RANGE_DC_RF_Vbin_gd,7.424383115626008e-05,2.5252986394172727e-05,0.00011093408543646207,4.182964721202254e-05,1.4565505431846912e-05
STAGE_RANGE_DC_RF_Vbin_gs,5.427301171246225e-05,0.0,2.005279208524117e-05,0.0001054172399961237,3.830029397489269e-05
STAGE_RANGE_DC_RF_Vboff,8.835417203891378e-05,0.00010463304256688612,0.0002508021510398657,0.0006026064890095003,8.054234620581371e-05
STAGE_RANGE_DC_RF_Vdg_max,0.0002148145097720834,0.0002375195892877515,0.0004687445205841269,0.00032162110139840873,7.948057314929086e-05
STAGE_RANGE_DC_RF_Vdg_max_0p1,0.0026212555599863393,0.0005953720540607387,0.0013692270762946273,0.0017049833762081263,0.0015125308281639114
STAGE_RANGE_DC_RF_Vdg_max_0p1mA,0.00039068961773015983,0.0006833934058859848,0.0003993122963354865,0.00012523971352187648,3.733157126939737e-05
STAGE_RANGE_DC_RF_Vds_max,0.0001013958658158798,7.860912296273272e-05,0.0015897727262254306,4.8645486659136654e-05,7.4441915300157525e-06
STAGE_RANGE_DC_RF_Vds_max_0p1,9.073028083773854e-05,5.469789429176436e-05,0.00020960984683838263,4.388487797352101e-05,0.00014513884731667367
STAGE_RANGE_DC_RF_Vds_max_0p1mA,0.00015031057701120332,0.0009067692494270393,0.00029622372387085754,0.00013276546445755726,0.00019444616244786153
STAGE_RANGE_DC_RF_Vg_gm_max,0.00028356027779135776,0.00043946127082538326,0.00030213849170883194,4.946531515036095e-05,6.168338167575868e-05
STAGE_RANGE_DC_RF_Vg_max_Vd,0.001989450117027221,0.00011797319599482962,8.442947884969597e-06,0.002197316794127347,0.00011791381623511928
STAGE_RANGE_DC_RF_Vg_max_Vd_0p1,3.3453095935950156e-05,0.00018223909696805888,0.00021672523466128682,9.630785750608099e-05,0.00014289447938731938
STAGE_RANGE_DC_RF_Vg_max_Vd_0p1mA,0.0002788159894206558,6.863394164249596e-05,0.00015760115810759166,0.00013418700049307424,3.242827639193212e-05
STAGE_RANGE_DC_RF_Vg_optt,0.0005646875040754202,0.0009267949671251582,0.0011665499871342778,0.0006289508639495707,0.00014166744311670847
STAGE_RANGE_DC_RF_Vg_optt1,0.0,0.00030018352870896624,7.694670647293478e-06,0.0013917616132519224,0.00048033465939538716
STAGE_RANGE_DC_RF_Vg_optt2,5.754044979503999e-05,3.6256190238468926e-05,0.0013070428243374046,0.0006230369785603978,0.0015596444432084103
STAGE_RANGE_DC_RF_Vg_optt3,0.0005422526924340137,0.00017973145815372313,0.001925977479972895,0.00047002925120326404,0.004705016336018557
STAGE_RANGE_DC_RF_Vp_01,0.0009212493969773813,0.0026297565831628696,0.00014254581612686213,0.0004154910150034873,0.00012545209342877922
STAGE_RANGE_DC_RF_Vp_1,0.00023948041156752095,9.295154661268369e-05,0.0001304632293178827,0.0,2.06606636422777e-05
STAGE_RANGE_DC_RF_Vt_gd,0.00031998717174770393,0.0013724495425053277,8.949435702029471e-05,0.0006165963821307741,2.5344872362619526e-05
STAGE_RANGE_DC_RF_Vt_gs,0.00016773575700872723,7.616895736099845e-05,0.0005525263532010257,2.3204341245727324e-05,0.0002793261330506122
STAGE_RANGE_DC_RF_n_gd,0.00010627663718265853,6.39020475758603e-05,0.0004212583286647263,1.1208161991319328e-05,4.039782927570187e-05
STAGE_RANGE_DC_RF_n_gs,1.8900852089293152e-05,0.0002549104219775037,2.8926473361468008e-05,0.00011745166265641281,0.0009037756363009064
STAGE_RANGE_F_AB,0.0,0.0,2.6681561732412546e-05,0.0,0.0004959859035320881
STAGE_RANGE_G2_per_6K,3.1160864428880025e-05,5.371826590082526e-05,0.0,2.8578488403537102e-05,0.00021667637746889716
STAGE_RANGE_G_per_6K,0.0005847178951507975,0.0005451901144719805,0.00011877864623997658,0.00013183708964617562,3.766507485109232e-05
STAGE_RANGE_Gate_res,0.004007514517218748,0.000242382069593445,0.00015367623575435882,0.0007215091231731282,0.001517794064590522
STAGE_RANGE_Gm_m2,0.00017913972281352296,0.0002035775552540604,5.4742469617515115e-05,0.0009015293596490716,0.0002237337809775771
STAGE_RANGE_Gm_max,0.0016494757729602662,0.0003395080150672542,0.0003947017538137987,0.000280045151411302,0.0005928236239398063
STAGE_RANGE_HIRS,0.0001396131709458675,0.002508478148867774,0.00023836245598053292,4.252232915680483e-05,0.00038422430495067757
STAGE_RANGE_Ids_m2,0.00011964550874168755,3.559717603167788e-05,0.00010880958751988135,1.2644837499687344e-05,0.00011225898142051981
STAGE_RANGE_KLV_F_AB_4u,0.00015060459563176826,3.7713771973638385e-05,0.0,0.0,2.269369201284045e-05
STAGE_RANGE_KLV_F_M1_4u,0.0,0.0,3.398230678787644e-05,0.0003274222801794808,1.633303158547958e-05
STAGE_RANGE_OHMC,0.0011041776018776695,0.00032632197803284213,0.0002197908092024322,1.732540912125631e-05,0.0015099213469107033
STAGE_RANGE_R114,0.0,0.0,9.361175492020969e-06,4.437368507684455e-05,0.00013195938925015223
STAGE_RANGE_R214,9.154546062716421e-05,2.8729985480515482e-05,0.00015764128894025698,0.00013354280290276945,3.941347070187596e-05
STAGE_RANGE_R314,0.0001558989815564591,6.965503284974712e-05,9.225823641832415e-05,0.0006052275840737829,0.0002838765017447786
STAGE_RANGE_R_f_hr_1,0.0006559791987680519,0.0001484432114123554,6.0283750845090196e-05,8.563305379967309e-05,0.0003058364057274371
STAGE_RANGE_R_f_hr_2,6.561483943537775e-06,0.0013478063892704947,0.0001982462718257332,0.00021877801145874984,8.297657088518223e-05
STAGE_RANGE_R_f_hr_3,3.1715384230239683e-05,0.0,0.00010608102749643459,0.00046535131272802216,0.0006947602356487351
STAGE_RANGE_R_f_tn_1,0.002145078695163283,0.0007290706228634152,0.0008409807421558903,0.003422653258261605,0.0065045776831359125
STAGE_RANGE_R_f_tn_2,0.0018307493283203874,0.0008693020913292318,7.900574998484015e-05,5.3304700250632006e-05,0.00010311694873705216
STAGE_RANGE_R_f_tn_3,9.699715381355677e-06,0.00030212779622602274,7.068334897895828e-05,0.00024054433187812652,6.324385350973868e-05
STAGE_RANGE_Ran_con_1,0.0001869673081732404,0.0001510239388366913,0.00010159313569576792,0.00019859728642517487,1.6272248077198675e-05
STAGE_RANGE_Ran_con_1_OW_CR,4.272660521963195e-05,0.00013104270050264612,3.97013939865317e-05,8.026185719525927e-05,0.0001375057264685052
STAGE_RANGE_Ran_con_2,0.00011110724330634461,0.00012806654606376105,0.00021949555878273197,4.146755619837567e-05,0.0001895732567460045
STAGE_RANGE_Ran_con_2_OW_CR,0.00034415668715948126,5.759757395121431e-05,0.00018842927809645482,0.000781989330229957,0.00016641108209184774
STAGE_RANGE_Ran_con_3,0.00010447750251726167,3.221591955117747e-05,0.0014343838546287601,0.0007871256621217031,9.316139404380481e-05
STAGE_RANGE_Ran_con_3_OW_CR,0.0003338907432680825,0.0,0.0007019666957465465,0.00014317435725655695,0.0002844275520775825
STAGE_RANGE_Rc_F_AB_2,0.0,0.0,0.0,0.0,2.3734867009398893e-05
STAGE_RANGE_Rc_OG142,0.00030162736218303904,0.00010222219075531718,3.658834235648394e-05,2.9122816426007762e-05,1.9654829109112822e-05
STAGE_RANGE_Rc_TF_AB_2,0.0,0.0007511352567263264,1.7743803576826828e-05,5.4992554606796535e-05,5.246772262827134e-05
STAGE_RANGE_Rc_an_ct2,4.9077066032323806e-05,0.00020230147502071742,6.282333477532208e-05,7.92400818731131e-05,5.7649977440189656e-05
STAGE_RANGE_Rc_an_ct2_OW_CR,0.0003234718078690065,1.580957848408105e-05,2.8902038272743273e-05,1.8928131780789364e-05,0.00020699829905277314
STAGE_RANGE_Rc_cat_ct2,0.0006814747577989118,0.002166142585553794,0.00015871387694174892,0.00040283990709183106,0.0006768896319211461
STAGE_RANGE_Rc_cat_ct2_OW_ST,0.00013707018657017572,0.0017070319957711404,0.0002898133215141537,0.00040978943771818904,2.4105100935745724e-05
STAGE_RANGE_Rc_f_hr_23,4.906704541290103e-05,4.7295486841509286e-05,5.4125861149965e-05,0.00011677581780647767,0.000454196129882489
STAGE_RANGE_Rc_f_tn_23,2.9783710306602025e-05,0.0,0.00018596470807307874,5.079827831011916e-05,0.00013099286316145683
STAGE_RANGE_Rcat_cn_1,0.00031836854588089547,0.0016748294658327724,0.001150676556307378,7.943101458269451e-05,0.00011645304601004609
STAGE_RANGE_Rcat_cn_1_OW_ST,8.918541888402953e-05,0.00045796604304292987,0.0,0.00012215040383435695,0.0008984983930089291
STAGE_RANGE_Rcat_cn_2,0.000390114103950794,2.599491239403452e-05,0.0017058011803083373,9.316162503713849e-05,0.00012330035931190525
STAGE_RANGE_Rcat_cn_2_OW_ST,0.0012391704070945256,0.0013340256264771674,4.553327609759133e-05,0.0016419645145241155,0.000359742070596532
STAGE_RANGE_Rcat_cn_3,3.0004066491576923e-05,4.388853614785322e-05,6.193638368522535e-05,0.0,0.0009117023220847574
STAGE_RANGE_Rcat_cn_3_OW_ST,0.00027652419980389874,7.820107061099312e-05,0.00012020347682165059,6.215425555890364e-05,0.00011715741356430746
STAGE_RANGE_Rsh_F_AB_2,0.0,0.0,0.0,9.529746261557215e-06,0.00011308905005502172
STAGE_RANGE_Rsh_an_ct2,0.00012124681986511355,2.633242463679443e-05,0.0007033812895410872,0.00048449940026875585,0.00022957864729335314
STAGE_RANGE_Rsh_an_ct2_OW_CR,2.5241787085005052e-05,6.328823564888027e-05,0.0003139743554002474,9.815084003792312e-05,0.00017758918182184878
STAGE_RANGE_Rsh_cat_c2,0.00030998028203983757,1.319597662137746e-05,3.7693146128410025e-05,0.0007141804055079338,8.068323611781295e-05
STAGE_RANGE_Rsh_cat_c2_OW_ST,0.0027708229912918473,0.0007309135070175679,6.125360197038466e-05,0.00031045764076975587,0.00163031394677606
STAGE_RANGE_TANR,8.82464830515248e-05,0.002382616014762243,0.000702255427861896,0.0026815340282820717,0.00010902273080171678
STAGE_RANGE_TF_AB_1,0.011816058659004898,1.6576732523145164e-05,0.00048244334285013797,2.1470125922002344e-05,0.0038998254144288324
STAGE_RANGE_TF_AB_2,0.0002626566908207306,9.987020418762524e-05,7.208440954146152e-05,3.956223414660348e-05,8.246548066756634e-05
STAGE_RANGE_TF_AB_3,7.585580316015629e-05,7.135133764879208e-05,9.083739883836927e-05,4.177606592058149e-05,0.0002146916044942176
STAGE_RANGE_TR_1F,7.824787557405003e-06,3.3346588336338735e-05,1.4401279174427856e-05,6.365839475612137e-06,0.0
STAGE_RANGE_Vbkd,0.0,0.0026050240924488407,0.0006059267655192776,7.83885721631933e-06,0.00011690346426246726
STAGE_RANGE_Vdg_max,0.00011464279617440783,0.0009255966873414283,1.5272077773322073e-05,0.00039650383459724633,0.0005015084486405968
STAGE_RANGE_Vds_max,0.01246632555255452,0.009316485042985757,0.0020497411842122556,0.0021438045147120287,0.006173837491964452
STAGE_RANGE_Vg_Vds_max,0.0002537825960848427,0.00010644800994173515,0.0006431185776973719,0.0004462147067381808,0.0001824741932788756
STAGE_RANGE_Vg_gm_max,0.00015042058993060647,5.893916960341145e-05,0.00016325710887662341,0.0003761369719293497,0.00013198879640013763
STAGE_RANGE_Vp_1,3.3909798497672995e-05,0.00010633034831525094,0.00028942582653599015,0.00012513395477704877,3.511939864702127e-05
STAGE_RANGE_i5021_1,0.0,5.3208414390260315e-05,9.867892834325098e-05,1.5996404721985564e-05,1.7892738883510475e-05
STAGE_RANGE_i5021_2,5.609866908822394e-05,0.0,0.0,0.0,2.9899607687746724e-05
STAGE_RANGE_i5021_3,1.2551805455296848e-05,0.0,0.0,0.0,0.0
STAGE_RANGE_lkg_5,1.6955597712709276e-05,1.1116873644557746e-05,0.0030563314231229,0.0,6.0206315224047785e-05
STAGE_RANGE_lkg_C200,0.0,8.484418376767361e-05,0.0,0.0,3.970201580298456e-05
STAGE_RANGE_lkg_C300,0.0,0.0,0.0,0.0,2.1414733513907046e-05
STAGE_RANGE_lkg_SY07_10,2.1265510149446067e-05,0.0009497845883282772,0.0,0.0,1.6923798105345264e-05
STAGE_RANGE_lkg_SY8_80,0.0,0.0,0.0,0.0,0.0
STAGE_RANGE_sh_GA142,0.03818436758049729,0.011494138216244568,0.031960619464785456,0.05560073436844229,0.0177755042627489
STAGE_RANGE_sh_f_hr_23,7.48689205535322e-05,9.872211441707833e-05,8.249185653880117e-05,0.000312703665097334,4.6686113384658636e-05
STAGE_RANGE_sh_f_tn_23,0.0005803539700604599,0.0,0.00821004937489196,0.0019039268190276582,0.008660370372555513
STAGE_STD_ABVIETCH,0.0,0.0,0.0,0.0,0.0
STAGE_STD_C100,0.0,0.0,0.0,0.0,0.0
STAGE_STD_C200,0.0,0.0,0.0,0.0,0.0
STAGE_STD_C200_0,0.0,0.0,0.0,7.784368198189543e-05,0.0
STAGE_STD_C300,0.0,0.0,0.0,0.0,0.0
STAGE_STD_C300_0,0.0,0.0,4.423327560189531e-05,0.0,0.0
STAGE_STD_C_AN_2,6.728893895881289e-05,0.0,0.0,0.0002379095329998515,0.0016560295433661588
STAGE_STD_C_AN_2_OW_CR,0.00013708777858431785,0.00010880942377555559,0.0020697234302442147,0.00011440573785945462,2.7868232160022396e-05
STAGE_STD_C_CAT_2,3.9283871847004486e-05,0.0003420218375306755,7.955107913035006e-05,7.004191213044334e-05,0.0001866242957563774
STAGE_STD_C_CAT_2_OW_ST,8.818495441886114e-06,0.0005905473207295762,8.420682644410426e-05,6.54952411267453e-05,7.733465610614927e-05
STAGE_STD_Cap_C300,0.0,0.0,0.0,0.0,0.0
STAGE_STD_DC_PIV_Drain_Lag_0,0.0042272642132264926,0.0,0.0037744810756039143,0.002533099142358855,0.004696615315264571
STAGE_STD_DC_PIV_Drain_Lag_1,0.0,1.7660736925421483e-05,4.350368773306028e-06,0.00010835544595834427,0.0
STAGE_STD_DC_PIV_Gate_Lag_0,0.002823225594310218,0.003383903670148544,0.0036213698493239906,7.745207670048605e-06,0.0013574025865567452
STAGE_STD_DC_PIV_Gate_Lag_1,0.0,0.0,0.00011951360410572652,0.0,1.642879268423065e-05
STAGE_STD_DC_PIV_Ids0_QP1,7.012182932928381e-05,1.377793221191925e-05,0.00026248692624406114,1.4909708801807867e-05,6.457933633940077e-05
STAGE_STD_DC_PIV_Ids0_QP2,0.00015318776853503774,0.002690865727446386,1.4131899316341817e-05,7.987852518369477e-05,3.072262735407799e-05
STAGE_STD_DC_PIV_Ids0_QP3,0.0,0.00010868391429930137,1.2873022130086789e-05,1.592268421733494e-05,5.298741603800312e-05
STAGE_STD_DC_PIV_Ids1_QP1,0.0,2.316738597516315e-05,1.3670628873385608e-05,0.00010681289891990139,0.0
STAGE_STD_DC_PIV_Ids1_QP2,2.243264411565681e-05,0.00013596486036729014,3.727038481446707e-05,3.764846752035772e-05,0.0
STAGE_STD_DC_PIV_Ids1_QP3,0.001992630681431293,0.0,0.0005736532757542576,0.0007132105040199613,0.0003000663757456432
STAGE_STD_DC_RF_Gm_0,8.66766951597484e-06,0.00021687546961594663,4.9768224941037593e-05,0.000433949175223437,0.00015921420088728334
STAGE_STD_DC_RF_Gm_m0p2,0.0001282279875499269,0.0001340483781720141,0.00023542039372335987,0.0002067076464597311,0.0002807161250983526
STAGE_STD_DC_RF_Gm_max,5.4235998903140554e-05,0.0009678594086374243,8.930806941655637e-05,5.1977993796550926e-05,2.999687165031183e-05
STAGE_STD_DC_RF_Id_gm_max,0.0001657040205660602,6.090192315350114e-05,0.00015250744036158728,0.00012877880396332616,0.00012853974290950182
STAGE_STD_DC_RF_Ids_m0p2,4.4801769608094044e-05,0.00011984863586297362,1.787222416625168e-05,6.139145216089207e-05,2.1058142699674896e-05
STAGE_STD_DC_RF_Idss,0.00035889812916101247,0.00011530947351638777,8.983924926268332e-05,0.00029171414826798415,7.438718972246303e-05
STAGE_STD_DC_RF_Imax,0.0001670429418704672,0.00010911258248301506,0.0003283301618955002,0.0001367781674636643,0.00014349651871238265
STAGE_STD_DC_RF_Vbgd1,0.0,0.005985281017421699,0.0006343131566935237,0.0009906642073652461,1.1338804140569502e-05
STAGE_STD_DC_RF_Vbgd_0p01,0.0005300292449573186,0.001043897334186798,0.001998792566251676,0.0003687884180601466,0.00021833320965453554
STAGE_STD_DC_RF_Vbgd_0p1,0.0004464473599297762,0.00041507016669024236,0.00047967193591356814,3.150056026382956e-05,1.7928500951938448e-05
STAGE_STD_DC_RF_Vbgs1,3.8561620068364485e-05,0.00020435743849521592,1.1612595386182598e-05,0.00012396268474646732,0.00011954252405669465
STAGE_STD_DC_RF_Vbgs_0p01,0.0008481034329715608,1.4969423075513095e-05,0.00011090068559771593,0.0003439997506183026,5.0100843672827934e-05
STAGE_STD_DC_RF_Vbgs_0p1,0.0026050100752807036,0.0026521869469136173,0.003379467578228604,0.0035309592270375747,0.008588616526503947
STAGE_STD_DC_RF_Vbin_gd,0.00029649684985401923,0.0,9.989630561228195e-05,6.827553322164186e-05,3.775347320283407e-05
STAGE_STD_DC_RF_Vbin_gs,6.577035071534728e-05,0.0024191867718209425,1.5850833670212168e-05,0.0017418128252852524,2.5820214622478898e-05
STAGE_STD_DC_RF_Vboff,0.00034007725853775185,0.0002727187297224456,4.5933371964700735e-05,0.0003845203294267973,3.724456427017482e-05
STAGE_STD_DC_RF_Vdg_max,2.6352750259851507e-05,0.0003432994306908139,4.128335353263854e-05,0.00017997583102333337,0.00017435820350314242
STAGE_STD_DC_RF_Vdg_max_0p1,5.9332506489467304e-05,0.00011829454066845204,0.0002655728947152733,0.0005964429562118288,4.825059710504257e-05
STAGE_STD_DC_RF_Vdg_max_0p1mA,0.0001802355804375543,0.00016811875527853265,0.00011004477651722203,5.88309795433052e-06,9.940006346327964e-05
STAGE_STD_DC_RF_Vds_max,0.0001712972875166422,0.00011981467189219264,0.0001397511569589133,2.2272544078515557e-05,3.4774163381648816e-05
STAGE_STD_DC_RF_Vds_max_0p1,3.025489829532958e-05,0.00015223884720759744,0.00011173551040009139,7.084638662565282e-05,0.0003757527687502611
STAGE_STD_DC_RF_Vds_max_0p1mA,0.00011851047432273911,0.0,0.00021325618089663027,0.00020641078092183859,2.3272613916557873e-05
STAGE_STD_DC_RF_Vg_gm_max,0.0001158351733518689,0.000887465698901285,6.0573063001744064e-05,0.00044397209722818774,1.7518013963102658e-05
STAGE_STD_DC_RF_Vg_max_Vd,0.00042068383925458763,0.0001762178806100216,9.57975980493099e-06,0.0003272960980083572,0.00012394649487310804
STAGE_STD_DC_RF_Vg_max_Vd_0p1,0.00041694661474954664,0.00010258157335217604,0.0005407215518723012,0.00012047670553152788,0.00044349837544314393
STAGE_STD_DC_RF_Vg_max_Vd_0p1mA,0.0002536962167216909,0.0002122353035990498,9.970815321564383e-06,0.00010559133682236729,0.0004180824548985589
STAGE_STD_DC_RF_Vg_optt,0.0005491745069297823,0.00038114659886829915,0.00024234998009382223,0.0009383469091336908,0.00013370129693723634
STAGE_STD_DC_RF_Vg_optt1,2.9906886438388822e-05,5.6395950631213957e-05,5.792509707117042e-05,0.00015589901503639453,0.00015363779120055587
STAGE_STD_DC_RF_Vg_optt2,0.0018560008194076273,0.00011835088974141576,0.0006256809284893381,0.001269219006764908,8.974838330695999e-05
STAGE_STD_DC_RF_Vg_optt3,0.0002627397113862452,0.00026446889263867686,0.00013907856565224813,0.00010474531932570242,0.00021389693752493243
STAGE_STD_DC_RF_Vp_01,0.00040130898636768313,0.0018454505157853806,5.036857369540152e-05,0.0003532865763247558,0.0003430372827686846
STAGE_STD_DC_RF_Vp_1,0.0017482725760048388,0.0003960122694610726,9.652916764326415e-05,0.00018392680641665746,4.736509966663922e-05
STAGE_STD_DC_RF_Vt_gd,0.0004728419993755565,0.00044889485822572804,9.77895360598585e-05,0.0012042515706869566,0.00016849849520149553
STAGE_STD_DC_RF_Vt_gs,0.0002681681164191199,0.00019788844160322576,0.0002653727790612462,3.981948302929403e-05,0.0001399991310867436
STAGE_STD_DC_RF_n_gd,0.0001264212140979284,0.00023922133933724392,0.0001090291952127513,5.560509255143659e-05,0.0002633535735152522
STAGE_STD_DC_RF_n_gs,8.70062363024344e-05,0.00024447970001482413,1.677885832976183e-05,0.00030811402317036006,5.286380952464335e-05
STAGE_STD_F_AB,0.0,0.0,0.0,0.0,0.0
STAGE_STD_G2_per_6K,2.2388107364931842e-05,4.656418387158864e-05,0.0,2.8283578569118755e-05,7.682249467428685e-05
STAGE_STD_G_per_6K,0.00016612193229797583,6.514476690358397e-05,0.00012884193446533116,0.00017691205988299916,3.104385269235374e-05
STAGE_STD_Gate_res,0.0002097446108895723,0.002452870243813021,2.4828486981477293e-05,0.00033411962678628094,1.1012229816176874e-05
STAGE_STD_Gm_m2,6.379423456303151e-05,0.00029346975640941983,2.3478195451883144e-05,0.0002526978251141079,0.00020322076442482056
STAGE_STD_Gm_max,0.0002511351233468172,4.340492031681908e-05,0.00014159874380931305,0.0001752938780153912,0.0004395118084873118
STAGE_STD_HIRS,4.758941672093073e-05,0.0016148173467658421,0.00014229761667805803,0.0,0.00016268572545595096
STAGE_STD_Ids_m2,0.0003264424461758804,0.0,0.0,0.0,3.1838208225606356e-05
STAGE_STD_KLV_F_AB_4u,6.489368976301475e-05,0.0,0.0,0.00034786441820518855,1.6184107564390188e-05
STAGE_STD_KLV_F_M1_4u,0.0,0.0,2.6093622023262564e-05,0.0,0.0
STAGE_STD_OHMC,0.00045617521119576104,0.0029079539468891144,0.0005702953278609528,6.286998969274971e-05,1.000480730641069e-05
STAGE_STD_R114,2.401493551361471e-05,7.628367524919032e-05,0.001639925479278167,7.405089411369012e-05,0.0003282208030991639
STAGE_STD_R214,0.0009842893233656955,0.00010952734706935649,6.555159811017393e-05,0.00018839046960594355,0.00034814955272164104
STAGE_STD_R314,7.790263011703009e-05,0.00013388456266706284,7.738153700500502e-05,2.834813790946506e-05,0.00013518572495840837
STAGE_STD_R_f_hr_1,9.769551293026005e-05,0.0008560039485198474,0.00030503853869948903,0.00020382837193048638,0.0004752651449261737
STAGE_STD_R_f_hr_2,0.00020178752124798692,6.294792026877832e-06,0.00010042696964967551,0.0022047094032623194,0.0008205375622127279
STAGE_STD_R_f_hr_3,0.0020416064654251677,0.0001308834740824884,0.0014038721928387094,0.00030088625858016693,0.0
STAGE_STD_R_f_tn_1,0.007516230216452836,0.016642799291526233,0.02857798387955128,0.015448834900291338,0.01577599821925723
STAGE_STD_R_f_tn_2,0.00010310927550356429,0.00011886101147124892,0.00018759801102691856,0.00021478049730748504,0.00028100016075160707
STAGE_STD_R_f_tn_3,0.00010757428227416052,0.0001831337143877074,0.00014059762801823278,7.597301319114563e-06,0.0005255919535122388
STAGE_STD_Ran_con_1,0.00014628318131530783,9.11111598324018e-05,0.0008453034714703301,0.00014344219007976071,0.0008338639692926778
STAGE_STD_Ran_con_1_OW_CR,3.175686647095061e-05,0.00014495902078847357,3.828630614441335e-05,0.0013975240777346727,7.785561934565428e-05
STAGE_STD_Ran_con_2,8.538592119242904e-06,0.0013810606370108706,0.00010416829199478757,0.0001505537353530425,3.2958388975427245e-05
STAGE_STD_Ran_con_2_OW_CR,0.0,0.0,2.9767526292524777e-05,0.0,0.0007553567536949127
STAGE_STD_Ran_con_3,0.00020812428711782557,0.00011212012322662903,0.00019962305696390417,0.0015121992347452607,0.0003203475766661173
STAGE_STD_Ran_con_3_OW_CR,4.7950244426635636e-05,0.0,0.00023404785174576295,3.7678199569761433e-05,0.0
STAGE_STD_Rc_F_AB_2,0.0,0.0,0.0,0.0,0.0
STAGE_STD_Rc_OG142,1.2292887941264123e-05,0.0011328909173576784,2.603610735256327e-05,3.1035806178660345e-05,9.5169603634723e-06
STAGE_STD_Rc_TF_AB_2,7.643944462910894e-05,4.3174545891697795e-05,1.3497913879814924e-05,1.9793031060394733e-05,0.0
STAGE_STD_Rc_an_ct2,0.0014253750467604067,0.0,5.0658077395369277e-05,3.1114197746395065e-05,0.0009872990558346506
STAGE_STD_Rc_an_ct2_OW_CR,0.0007576994455163277,0.0007756312331115517,0.00171719188155393,4.507159984155627e-05,0.0
STAGE_STD_Rc_cat_ct2,0.0001993258539670863,0.0007172867877966212,0.0001403401330926237,0.0001119823071178316,0.0007390217218432325
STAGE_STD_Rc_cat_ct2_OW_ST,1.1007524376325403e-05,3.088034425544915e-05,0.0,0.00012986894571232873,7.339958910420343e-06
STAGE_STD_Rc_f_hr_23,0.0,7.968334209085966e-05,9.237141702116974e-05,6.215735917705662e-05,0.00011441688860358957
STAGE_STD_Rc_f_tn_23,0.0,2.2743797913066347e-05,2.760526260676173e-05,4.605003366250723e-05,0.001517581541771684
STAGE_STD_Rcat_cn_1,0.00012942846791520968,1.9424868473880043e-05,0.0,5.1020337817219716e-05,0.0
STAGE_STD_Rcat_cn_1_OW_ST,3.6197550748131344e-05,1.913832750988724e-05,0.0,0.0,9.432802521429903e-05
STAGE_STD_Rcat_cn_2,0.0,4.506344350060665e-05,0.006207593892994047,1.142128053457031e-05,0.004832911738507914
STAGE_STD_Rcat_cn_2_OW_ST,0.0,8.947535076028562e-05,4.867092195593495e-05,0.0011245419325819608,2.6301448650317843e-05
STAGE_STD_Rcat_cn_3,0.0009852434039695139,0.0,0.0016360587470634518,0.0,0.0009173811129186664
STAGE_STD_Rcat_cn_3_OW_ST,2.1350391268865134e-05,5.569134770623462e-05,2.3120682631232382e-05,0.0,0.0
STAGE_STD_Rsh_F_AB_2,0.0,0.0,0.0,0.0,0.0
STAGE_STD_Rsh_an_ct2,5.77267458036178e-05,0.0038066021383947324,0.0006910711535251263,0.004952419463880721,0.00020970645384088869
STAGE_STD_Rsh_an_ct2_OW_CR,1.8467543501649605e-05,2.9504773872708744e-05,0.0001675219113457315,5.669428343277189e-05,4.106233742430928e-05
STAGE_STD_Rsh_cat_c2,0.00011572701185682905,7.672537036006713e-05,1.0224796179320554e-05,0.0001802210614552309,5.071186235935808e-05
STAGE_STD_Rsh_cat_c2_OW_ST,0.0003038271792494585,0.0009450530487646216,2.860821542782405e-05,2.1367244442921268e-05,3.7564215266021054e-05
STAGE_STD_TANR,0.00019102090562754707,0.00047133600778085673,0.00019192802827806905,3.833672329845164e-05,4.709186068708064e-05
STAGE_STD_TF_AB_1,8.117917229823307e-05,0.0004049802679370777,0.001970865875516556,0.00016389601730476192,0.004920483749202404
STAGE_STD_TF_AB_2,0.0,6.525507439631471e-05,1.2781637241964207e-05,0.0,2.481658709774617e-05
STAGE_STD_TF_AB_3,3.273572059809441e-05,9.010051520196155e-06,0.0,0.0,9.500303788211464e-05
STAGE_STD_TR_1F,0.0,0.0,0.0,0.0,0.0
STAGE_STD_Vbkd,0.0010501840227311752,0.0,2.378876731989658e-05,9.6657847934229e-05,0.00011391833352026557
STAGE_STD_Vdg_max,0.0,0.0004942389696602558,0.0,0.00019755105131065873,0.00018384888786226515
STAGE_STD_Vds_max,1.947322414120699e-05,0.004939550956479765,2.0815546187922205e-05,0.0,0.0
STAGE_STD_Vg_Vds_max,0.0002887614073265978,0.0,0.0003713740867555997,2.0802531936341043e-05,4.045461587812867e-05
STAGE_STD_Vg_gm_max,0.00010256227531479975,0.0001040889285669967,2.6906843439916253e-05,0.00021910127981193198,0.0001615208507089882
STAGE_STD_Vp_1,0.0,8.219773983880893e-06,0.0001657810457616463,4.9961734118979946e-05,2.234865902469602e-05
STAGE_STD_i5021_1,0.0,0.0,2.9026879928322337e-05,0.0,0.0
STAGE_STD_i5021_2,0.0,0.0,0.0,0.0,5.5571600953599865e-05
STAGE_STD_i5021_3,0.0,0.0,0.0,0.0,0.0
STAGE_STD_lkg_5,0.0018157454870602434,0.0,0.0003874026523370625,6.0040824672213934e-05,0.000141455580767355
STAGE_STD_lkg_C200,1.2721534690566378e-05,6.635864168506548e-05,0.0,0.0,0.0
STAGE_STD_lkg_C300,0.0,0.0,0.0,2.6123618779210532e-05,0.0
STAGE_STD_lkg_SY07_10,0.0,0.0,0.0,0.0,0.0
STAGE_STD_lkg_SY8_80,0.0,0.0,0.0,0.0,0.0
STAGE_STD_sh_GA142,0.0017666439765953307,0.0007032926079450729,0.005929244248125748,0.00018713143058435742,0.004505704622118616
STAGE_STD_sh_f_hr_23,0.00016493776809973492,0.00011623215350866634,9.278728198324923e-05,0.0002779744271617385,4.065260946393612e-05
STAGE_STD_sh_f_tn_23,7.67745309079547e-05,0.00040148660503020107,0.0016956414670326848,0.0024433792097784614,0.0006510489240312421
STREETS_Height_Backside_metal_thickness,0.000561816245273329,3.7910475394157465e-05,1.9406121482935128e-05,1.6686743451873946e-05,0.00013207445823589713
Sort_Yield_target[%]_88,0.0,0.0,0.0,0.0,0.0
Sort_Yield_target[%]_90,0.0,0.0,0.0,0.0,0.0
TANR_M_Gauge_P_E_TaN,0.0005015791402233723,0.0006215634912910038,0.00027145541803785605,9.882148662752817e-05,3.466688592699536e-05
TFRP_ET_Probe_Number,7.077027478142068e-05,0.00020152573469932086,0.000888436882186917,9.206374239300727e-05,0.00016649903211446443
TFRP_ET_Rc_TF_AB_2,0.0004475205873284944,0.00039856690342168777,0.0018822093268221487,0.0011435690783611599,0.00023120822522688676
TFRP_ET_Rsh_TFR2,0.0004789960860208627,0.001238798675924803,0.008863521259782809,0.0008297440170047393,0.0001125380474132833
TFRP_ET_TFRP,0.0,0.0,7.971689116349172e-05,0.00013631901391336466,7.681673495631836e-06
TFRP_ET_TF_AB_1,0.00033927726887319267,0.0001234245360273123,3.842533951796649e-05,9.113051119349701e-05,0.00011186518304599294
TFRP_ET_TF_AB_2,6.353178080268515e-05,0.0006241863576730819,0.00013163268382606193,0.00025510354290730214,0.00017904004011340985
TFRP_ET_TF_AB_3,4.1240303493991967e-05,0.00016896213548022422,6.510917874874831e-05,2.9888846182105826e-05,8.324867855516887e-05
TFRP_M_Gauge_P_E_Resistors,9.070108061804484e-06,0.00013555820477721174,0.001211051791282849,4.80402450644548e-05,5.7489801216333125e-05
THIN_ET_C100,0.003720608938988715,0.0,0.003730711811720279,0.001454924570146175,0.004711521659357721
THIN_ET_C20,0.0036604272236903804,7.086151546622901e-05,0.0002415524680411371,0.00454561459365242,0.0005034356731728118
THIN_ET_C200,0.0022622621271974363,0.003802608571262354,0.002608760192532316,0.0058554794366905165,0.0010891812749725621
THIN_ET_C200_0,0.0005057309217939676,2.790540289284082e-05,0.00018946183510032595,3.660660041710358e-05,0.0
THIN_ET_C20_0,0.0022361284656844675,0.0042564235201476425,0.00338124600969497,0.0030445353301637793,0.0018052339893261631
THIN_ET_C300,0.00013845290906665792,0.002846219505900205,0.0002022773860966986,0.004983929116284283,0.0024936441583366105
THIN_ET_C300_0,0.0009770889736069835,0.004458662108220968,0.0021205325213870334,0.0005600737977132082,0.0022187180425621423
THIN_ET_C_AN_2,1.4041446712544791e-05,0.006124197039680983,0.008138861937614587,0.0019157292947827142,0.005452456944721198
THIN_ET_C_AN_2_OW_CR,0.0,0.00018902591316659982,0.0025036563345431904,0.00030341514289386966,0.0022285119326640335
THIN_ET_C_CAT_2,0.0007901241225127015,2.549590810992887e-05,0.00014525871069563778,0.0018545947635754962,0.00011675715585832061
THIN_ET_C_CAT_2_OW_ST,0.0002207731301222895,0.004624195367379111,0.0,0.00041999273351649754,0.0001932865161943708
THIN_ET_Cap20,0.003171376248657709,0.0031791272649960706,0.0018717642745753214,0.001251670078092056,0.00151277798043882
THIN_ET_Cap_C300,1.2598555188391034e-05,8.453340245506646e-05,1.1819671066697658e-05,0.00010132977428848959,0.00025614533259897884
THIN_ET_DC_RD_Vboff,0.002548877359841634,0.00010509247523220759,0.0007607589816703084,0.0010761879244409844,0.00017424319669457277
THIN_ET_DC_RF_Gm_0,7.313691755598697e-05,2.015542328238623e-05,0.00021406305369263293,5.5387824169460844e-05,0.0
THIN_ET_DC_RF_Gm_m0p2,0.0,3.742182417257365e-05,0.0014768374939988873,4.9681408992164694e-05,0.0
THIN_ET_DC_RF_Gm_max,0.0,8.851790437013757e-05,1.5941533675117223e-05,0.0,0.0
THIN_ET_DC_RF_Id_gm_max,0.002019623435252573,0.0,0.0008237203795012501,1.8050000797675665e-05,3.390047613823643e-05
THIN_ET_DC_RF_Ids_m0p2,1.839379604827413e-05,1.5268801418279714e-05,2.100073781317045e-05,0.0010942465686307296,0.00011266308073661431
THIN_ET_DC_RF_Idss,0.0,0.0,0.0,0.00012338074249014085,0.0
THIN_ET_DC_RF_Imax,0.0,6.278411167218933e-05,0.0,0.00010313642619584897,5.3200990728147794e-05
THIN_ET_DC_RF_Vbgd1,2.2383195829950545e-05,4.594021204810659e-05,0.004357189255460542,3.255703099880795e-05,0.0004179249761830941
THIN_ET_DC_RF_Vbgd_0p01,0.0034600864809023386,0.0029460220919299246,0.0023988687106432124,0.0016427149875410832,0.0027761104096150975
THIN_ET_DC_RF_Vbgd_0p1,0.0016644457873442324,8.399354421597225e-05,0.001695949899013958,0.0006268088902038828,0.0016464683684681266
THIN_ET_DC_RF_Vbgs1,0.0008414155772793565,0.0005173477743299689,0.00011573884650632516,0.0006478957958218067,0.001600783755351188
THIN_ET_DC_RF_Vbgs_0p01,0.006296621183230018,0.0053088799161782035,0.0008908981697110724,0.0013730244821138777,0.0
THIN_ET_DC_RF_Vbgs_0p1,2.8375078725613185e-05,0.0013478737334500527,0.0016378849984056952,0.0018248627160188254,0.00043008708178287507
THIN_ET_DC_RF_Vbin_gd,7.686591331469903e-05,0.001114537754410594,0.0007398217323041291,0.0,0.0007723194295446033
THIN_ET_DC_RF_Vbin_gs,0.0014996829569732949,0.00019374176352539519,0.0012522057416368489,0.003715534950939305,0.005343170895487706
THIN_ET_DC_RF_Vdg_max,0.0001767206694655198,0.00022675851793774548,0.00011459248309332406,0.0019891236722585806,0.00022496046681132545
THIN_ET_DC_RF_Vdg_max_0p1mA,0.0004690613616593964,0.00016778433464678704,0.002065577539497386,4.655853740852744e-05,0.0004885548148470979
THIN_ET_DC_RF_Vds_max,0.00018096202855515589,0.00024276852264394928,0.00044259811645754336,3.4592884614494466e-05,0.0003828974715897627
THIN_ET_DC_RF_Vds_max_0p1mA,0.0038893227407043,0.0008659580759521201,0.009611141663765374,0.0030306878361949117,0.008031953644917057
THIN_ET_DC_RF_Vg_gm_max,0.00034998346764124425,0.00010391668443050354,2.5240583587262003e-05,0.0,1.0875150995694963e-05
THIN_ET_DC_RF_Vg_max_Vd,0.0,0.0005728036952180778,0.0007253928638396011,0.0007543453188909187,0.00031395139399819754
THIN_ET_DC_RF_Vg_max_Vd_0p1mA,5.904395403512318e-05,0.0006694932605209558,5.3154387146901024e-05,1.1486677802470014e-05,0.00016316911507524538
THIN_ET_DC_RF_Vg_optt1,0.0030178071225635916,0.006454417845762646,0.00036434413386634987,0.0057181772507539546,0.001249597810198824
THIN_ET_DC_RF_Vg_optt2,0.0015947279528849582,0.0001572944695693482,4.013593432356397e-05,1.5331864629673952e-05,0.00018861715426487214
THIN_ET_DC_RF_Vg_optt3,0.015177641173992448,0.015304431292370338,0.010001755971598244,0.013520619216075083,0.002974552284057951
THIN_ET_DC_RF_Vp_01,4.11671478752514e-05,0.0002585003355174245,8.493671524411713e-06,0.0,5.0795199965052015e-05
THIN_ET_DC_RF_Vp_1,3.646152045182747e-05,1.5419229254090954e-05,0.0,0.0006407867916741817,0.0
THIN_ET_DC_RF_Vt_gd,0.00010839223069533573,0.001317907876953081,0.0009604542753048217,0.00031197532343432645,0.0005024953738128685
THIN_ET_DC_RF_Vt_gs,0.00032123582647357974,0.0005873876642349327,1.114641706625249e-05,0.0003196614272513674,0.002516982033171183
THIN_ET_DC_RF_n_gd,6.855679542962235e-05,0.00030440401905273664,0.00017186788635584213,1.0927274727309333e-05,2.4020354719539437e-05
THIN_ET_DC_RF_n_gs,5.247691169244511e-05,2.7696362815967466e-05,0.0001811600669168492,5.184287854380911e-05,0.00012627993695969568
THIN_ET_Er,0.00019438685349629003,0.0005291091337478776,0.0008828079681277033,0.000849047885372819,9.077480376616084e-05
THIN_ET_F_AB,0.00017415939412412107,0.00023100517999801273,4.287538909005746e-05,7.112628324102654e-05,7.646382416708518e-05
THIN_ET_HIRS,1.5502490659828886e-05,9.47277781843154e-05,5.859308754681399e-05,6.850732149704628e-05,9.47939814768292e-05
THIN_ET_KLV_F_AB_4u,0.0005032507374811896,0.003389089949479082,0.001977902969287755,0.0034187083444441753,0.001728969038183149
THIN_ET_OHMC,0.0002473660901947939,0.00011183638170318165,0.0012775520504576077,0.000842818910842133,0.0020474116050090982
THIN_ET_Probe_Number,0.0027304611048776634,0.00031216748760679963,0.0,0.0001616939635348605,0.00042478164933822094
THIN_ET_R114,5.809321725333587e-05,0.0015257746269607823,9.24196467099895e-05,5.731485729077276e-05,0.000209386441885177
THIN_ET_R214,0.0003724710960040935,2.5493968304921052e-05,0.00011566258489308333,0.00019194578588489165,0.00019434042866646724
THIN_ET_R314,5.280856433420069e-06,4.23180454140449e-05,0.0013547135289293688,0.00013593421628018906,2.776201850524992e-05
THIN_ET_R_4000_HOR,0.00041638150082594805,0.006162872475259263,0.003224360963117503,0.0033541505221210133,0.005046441233766033
THIN_ET_R_4000_VER,9.129406961062079e-05,0.00011259979036866189,7.73710797518659e-05,1.5111390731419626e-05,0.00010394827351916005
THIN_ET_R_400_HOR,3.99007520151341e-05,6.814568096636521e-05,0.0021867418186204105,9.563616517395747e-05,3.056086198332632e-05
THIN_ET_R_400_VER,0.0004986992851160627,0.0012149623627416685,0.0002496753189084885,7.288961780826825e-05,0.00042120095240589633
THIN_ET_R_660_HOR,0.00015062081263986015,3.1349049456425847e-05,0.005061702397113652,0.00011767076301042306,8.866844213048871e-05
THIN_ET_R_660_VER,2.9718018289546675e-05,2.4996438257897454e-05,6.943534976385583e-05,4.0270569664852426e-05,0.00044581113775221925
THIN_ET_R_f_hr_1,0.00047850770845231236,0.0023608473543053608,0.0008224840429077684,0.00010211103151498711,9.002034407162262e-05
THIN_ET_R_f_hr_2,8.835569102202751e-05,8.87172195242602e-05,4.831392570304442e-05,3.162884074274828e-05,0.00020289784756083297
THIN_ET_R_f_hr_3,0.00011239830424044748,7.35199495059245e-05,8.648865466383625e-05,0.00036495163883384755,1.6927203425445955e-05
THIN_ET_R_f_tn_1,0.0,0.00043008711116230495,0.0024331702265281904,0.0012946669990676364,0.0006408134731184713
THIN_ET_R_f_tn_2,4.674584569670233e-05,0.0004343284429372518,0.0009910823278027202,4.647226101871921e-05,0.0006875765559449965
THIN_ET_R_f_tn_3,0.0019682763794878566,0.00016284933412705546,5.231856588916973e-06,4.599617449883067e-06,0.002103651737765372
THIN_ET_Ran_con_1,0.0007242103915567544,4.987793538788874e-05,0.00014203162937924803,0.000204751486904692,0.0006502244626192703
THIN_ET_Ran_con_1_OW_CR,0.00031116003990486614,0.012647099096187333,0.0011321713793944663,2.7057255855595586e-05,0.0005936486972023169
THIN_ET_Ran_con_2,0.002440660534441746,0.00017465972612843518,0.0003579423234056266,0.0,0.004133673937771133
THIN_ET_Ran_con_2_OW_CR,2.2292301169250928e-05,0.0012204172480935152,4.286436629446581e-05,0.0001408507384902098,0.00031828803184544275
THIN_ET_Ran_con_3,0.0004609748160751296,7.238025830698323e-05,0.00031962215875540805,7.27203451138555e-05,5.834421648547379e-05
THIN_ET_Ran_con_3_OW_CR,0.0011539144276198367,1.6560526323499155e-05,0.00014695825573362664,1.7039066049766802e-05,0.00036107986903004795
THIN_ET_Rc_F_AB_2,9.248397537901169e-05,0.0007529804065803222,0.00019026938565092536,7.336668522412423e-05,0.0
THIN_ET_Rc_OG142,0.016189737993251217,0.005083906793227496,0.002902313357618614,0.006314224869923262,0.010986347292323636
THIN_ET_Rc_TF_AB_2,0.005828248038354343,0.0027789225068480697,0.0,0.002464797210795538,0.0
THIN_ET_Rc_an_ct2,9.456910116434094e-05,8.097761335274005e-05,0.00012356229038819019,6.193329185852784e-05,0.0
THIN_ET_Rc_an_ct2_OW_CR,0.006103202504651622,0.0013177511558841123,0.006041256384988437,0.002667655366955178,0.010586139202932943
THIN_ET_Rc_cat_ct2,0.00014743425564569637,0.0004093151968049063,0.0010325959574539981,0.0,0.0003623705633036076
THIN_ET_Rc_cat_ct2_OW_ST,7.650202442980642e-05,0.0003284373897009106,0.00254677579476719,0.00032755191454176896,7.44888745318728e-05
THIN_ET_Rc_f_hr_23,0.0015810928158855864,0.0036141164927238466,4.4121671158779515e-06,0.0003911127422203371,0.0004230695632899022
THIN_ET_Rc_f_tn_23,0.002778510654440423,0.001351674791978929,0.0002479121838009642,0.00026606239723525593,0.0021050399922341203
THIN_ET_Rcat_cn_1,0.012059458110774945,0.0046643868539673295,0.00014626033297999354,0.018148503652844615,0.0008627177099180226
THIN_ET_Rcat_cn_1_OW_ST,0.0036418515755894188,0.007562107153918096,0.009826652402498583,0.0022707438712613677,0.0040723818656255755
THIN_ET_Rcat_cn_2,5.638184207887594e-05,0.0,0.00035415539706726713,0.0002224340495343723,1.5004732621581576e-05
THIN_ET_Rcat_cn_2_OW_ST,0.0,0.0,0.0,0.0,0.0
THIN_ET_Rcat_cn_3,0.00867630898483652,0.009479914124402368,0.00851081612732857,0.0026184853644070963,0.005963325654794087
THIN_ET_Rcat_cn_3_OW_ST,0.028446740463102284,0.026769847832304385,0.005829122658160408,0.0004365482212033486,0.0003636034878525093
THIN_ET_Rsh_F_AB_2,0.0,0.0020666209429668846,0.002679153775510959,4.216242986545129e-05,0.001353615777142556
THIN_ET_Rsh_TF_AB2,0.0,1.2831968805772769e-05,0.002887138529113044,1.1437970515121355e-05,0.0004525385208393399
THIN_ET_Rsh_an_ct2,8.209484373234643e-05,0.00023879332585009008,0.0001083498807574006,8.97927928783492e-05,0.0005066431980333129
THIN_ET_Rsh_an_ct2_OW_CR,0.0,0.00012350660698265365,3.846409648631174e-05,2.7752969278996073e-05,6.205513733068052e-05
THIN_ET_Rsh_cat_c2,1.0147673893294921e-05,0.00020792489712072285,0.001485169870641851,0.00040837330843558714,3.817101880090034e-05
THIN_ET_Rsh_cat_c2_OW_ST,0.0,0.0002869851629792142,0.00013671954042452627,3.713915390762386e-05,0.0
THIN_ET_TANR,0.0014710381053415266,0.00045844178587461595,3.378800857701295e-05,0.00042366141932932233,8.452411727164154e-06
THIN_ET_TFR_AB,0.0003192257852242707,0.0010087772530715901,0.00011610888121322277,3.140464618912568e-05,0.00015204961692619255
THIN_ET_TF_AB_1,0.023078049096475407,0.02195593069807655,0.01821477977994736,0.012878370337790683,0.01837608777664566
THIN_ET_TF_AB_2,3.006113721979249e-05,0.0020131458880293398,0.0028844677374548476,0.001291622741997432,0.00499732048874855
THIN_ET_TF_AB_3,0.0001674022263483319,0.0017973527342375144,0.00012548030179088197,6.195987504938723e-06,2.0645193570115445e-05
THIN_ET_Vbpin,0.004730465003509409,0.007658142215735018,0.0004000766371653858,0.0023103995513021583,0.001039769819161338
THIN_ET_Vbpin_D60,0.0008848122000311849,0.0,0.006438504793935071,1.805463880061297e-05,0.0005801263099970974
THIN_ET_Vk,0.0002080646424025811,0.00017389764071130373,3.132264458468332e-05,9.028593514957386e-05,0.00010376207332039938
THIN_ET_i5021_1,0.000592643994719035,3.339430730078365e-05,0.00012030980682554026,5.539008058084466e-05,6.967849491235552e-05
THIN_ET_i5021_2,0.004404753930470149,0.004207932782539093,0.005137298283840691,0.0012601222808690982,0.00046436736778012963
THIN_ET_i5021_3,0.0006208653113426243,0.00045513622470864647,0.0001264940426680791,8.096849985654055e-05,0.00017709612934307744
THIN_ET_lkg_10,0.07987973470239239,0.13582964468431802,0.06809086007725426,0.018154855180353712,0.09884289487996664
THIN_ET_lkg_100_at20V,0.035184960363337826,0.005421286264466724,0.0026328556612481217,0.09931479860340807,0.009396163716752557
THIN_ET_lkg_5,0.00023212383562181362,0.0,0.0,0.0021874059210144708,5.52831234232073e-06
THIN_ET_lkg_50_at20V,0.0,2.7460473868318057e-05,7.917687631424753e-05,0.00030448727653131866,0.0
THIN_ET_lkg_70_at20V,0.0,1.839775414631286e-05,1.583611102054902e-05,0.0,0.0
THIN_ET_lkg_C20,0.0,2.2925041714427666e-05,7.777999423748531e-05,1.1417697121148215e-05,0.00025276202333223183
THIN_ET_lkg_C200,0.0,6.92542917352381e-05,0.0001278965908509849,0.0,0.0
THIN_ET_lkg_C300,2.9722364227761833e-05,0.002942261757448049,0.0,9.263586657608983e-05,1.7661415431073493e-05
THIN_ET_lkg_PAD_10,8.729017577136797e-05,7.165836841069378e-05,0.00016438112180348427,0.00616352836075032,0.0
THIN_ET_sh_GA142,0.0,0.00021772768027036627,2.1924799827907622e-05,0.00176636739160839,0.00010644081880061457
THIN_ET_sh_f_hr_23,0.0013106201671571616,0.004260801150730885,0.005065481661975036,0.0016444707220519812,0.0024272985916426572
THIN_ET_sh_f_tn_23,6.215275124139954e-05,0.0003287557527442316,0.0002016039972915857,9.066682081984151e-05,2.053578950194872e-05
THIN_Measure1GN_Thickness_after_bonding,3.762288021344635e-05,9.02519546607779e-05,0.0006318787534997796,0.00018672557521582628,3.5595494241201765e-05
THIN_Measure1_Glue_thickness,0.00046187300504277367,0.0005538335610978494,0.001522300175635734,0.002516341247242342,0.003181522564099857
THIN_Measure2GN_Thickness_after_grinding,0.00010520933553423458,0.00012518047944112934,0.00026067017991545776,9.512356654058528e-05,9.765643633684562e-05
THIN_Measure2_Thickness_after_grinding,0.00024485296482317924,7.722418052966762e-05,0.00014636830518078238,2.3472262133510192e-05,9.118917626063553e-05
THIN_Measure3GN_Thickness_after_etchback,4.7282156909527586e-05,0.00013930056272096504,0.0007086701681146279,7.208402994443899e-05,3.761506948984822e-05
THIN_Measure4_Wafer_thickness_final,6.89806661532263e-05,0.00010110909125688097,3.1583912202906275e-05,4.319896016904751e-05,0.00019475202174419528
TOPSIN_ET_ABVIETCH,1.2142965702901367e-05,0.0011291945656240498,3.593499462663162e-05,0.00029032587409327386,0.00023643048797731273
TOPSIN_ET_C100C175pf,1.1015411399237028e-05,0.0,1.0046031856178203e-05,0.0007256739397747728,1.194896915209161e-05
TOPSIN_ET_C100C300pf,0.0005314308415110991,3.705453736491357e-05,5.4305251938413466e-05,0.00030033364658647,2.1508476215123316e-05
TOPSIN_ET_C100C385pf,5.7629358680150515e-05,6.166487123677379e-05,0.0023014155059496453,1.3992921987276188e-05,3.063666371822167e-05
TOPSIN_ET_C100C450pf,3.569440895959489e-05,0.0020604603299466413,0.0001391822873538185,0.0,0.0
TOPSIN_ET_C100C500pf,0.0003345059696154283,0.0016989210898768923,0.0019068834776922088,0.000574983475787262,0.002763271472329254
TOPSIN_ET_C100Cap1pf,0.1565373191291942,0.08059482011548168,0.12774221749975143,0.08194021459390438,0.11777156736455185
TOPSIN_ET_C100Cap2pf,0.020728391848957733,0.03188353689443328,0.010471109554462166,0.02023117606192152,0.008103752567442463
TOPSIN_ET_C100Cap3pf,0.0006668007112260721,0.0037914297328930295,0.0015487762951877195,0.0020103027082459856,0.0031600163086886756
TOPSIN_ET_C100CapFICBRGM,0.0,2.426941858403985e-05,0.0,0.0,2.1073690144731538e-05
TOPSIN_ET_C100CapFICM1,1.2803607896622115e-05,0.0020467662172568664,0.0018617344042824262,0.002802677840404731,0.000326687105544997
TOPSIN_ET_C100CapM1BRGM,0.00017384088182744549,0.0,0.0,3.599769166476114e-05,0.00014502270448178966
TOPSIN_ET_C100CapPARCAP,0.0004556974780596375,0.007737957931078787,0.005651444506567874,0.011955234549205124,0.0048505931000291805
TOPSIN_ET_C100CapUSV,0.0005566805142264895,0.00040697955218190303,1.875948408565665e-05,0.0012995197604210643,0.0
TOPSIN_ET_C175pf,0.0007750743551351958,0.0,0.003110103357813499,1.4451272704433512e-05,0.000135672180148099
TOPSIN_ET_C175pf_0,4.015334865639437e-05,0.00017472940695998935,0.00011673937360678153,3.324622837139189e-05,0.00011933771106596721
TOPSIN_ET_C300,0.0,9.175598069621859e-05,0.0006854221617281742,0.0008801660914451776,0.0
TOPSIN_ET_C300_0,0.005710437600183656,0.0016285624659182327,0.000587158244459436,0.0025578712277159097,0.0050280126270822725
TOPSIN_ET_C300pf,0.000828700691071704,7.549115977229309e-05,0.00015798893342988546,0.004025284049605323,0.00010412849028453114
TOPSIN_ET_C300pf_0,0.00042436271833977553,0.0012224416669235861,0.00018521869520122093,5.4763919624576885e-05,0.0011611560718176425
TOPSIN_ET_C385pf,0.00011459737384094185,0.0027555119506211816,0.0002421254065380476,0.00024302852522650785,0.001091195061451797
TOPSIN_ET_C385pf_0,0.0,0.00011347206183055244,0.00010923201947434732,0.00043543723017244046,7.074615076203331e-05
TOPSIN_ET_C450pf,0.0012074294745570565,0.00011623654888970214,6.59544052775037e-05,0.0013357720022119067,0.00016176777446872537
TOPSIN_ET_C450pf_0,0.0006563717264624301,0.00029646278199819346,9.841307152965815e-05,0.0005688289842792695,0.00032201439590640876
TOPSIN_ET_C500pf,0.0020732947776021327,0.0008463389125903875,0.0022944226494124873,0.0018038673721144807,0.002090862315559043
TOPSIN_ET_C500pf_0,4.164393443149952e-05,0.0003185584977265681,0.0008281109552235906,0.0001561917048194946,0.000516444094192077
TOPSIN_ET_Cap1pf,2.690984789235198e-05,0.0,5.801992747152053e-05,0.004641008499251306,0.001467693761707927
TOPSIN_ET_Cap1pf_0,0.0025106185445666887,0.0,0.0038980733323618197,0.0,0.002100280931951878
TOPSIN_ET_Cap2pf,0.0,0.002356915023874181,1.5155655257307047e-05,0.001168667249683159,0.0
TOPSIN_ET_Cap2pf_0,0.0,7.295325764536744e-06,0.0027412293260793462,0.00108657619817287,0.0016642294715971922
TOPSIN_ET_Cap3pf,0.008983265985083765,0.036802144975029955,0.02597227676458308,0.013174283646168435,0.010423414850489808
TOPSIN_ET_Cap3pf_0,0.020089426563570205,0.027029449315019435,0.038776686137916204,0.03659587382377516,0.018574910683633376
TOPSIN_ET_CapFICBRGM,0.0,2.4510554697644487e-05,4.2220253717201354e-05,1.7931357550837352e-05,1.216018056413279e-05
TOPSIN_ET_CapFICBRGM_0,2.0709715821174624e-05,9.706429917187505e-05,0.0,0.002657628135500251,0.004551332682536659
TOPSIN_ET_CapFICM1,0.0020879212199909824,0.004939126179211814,0.004215024819009526,0.0035183331316798144,0.0016928128368626713
TOPSIN_ET_CapFICM1_0,2.4222467879083377e-05,0.0003172534462911508,5.2370058915372e-05,0.00018505602131321013,0.0009681681137171926
TOPSIN_ET_CapM1BRGM,0.0,3.9401849192297296e-05,8.48507810898665e-05,0.0014264328186773657,2.741762753330581e-05
TOPSIN_ET_CapM1BRGM_0,6.767822695985412e-05,0.000142214599236642,0.0,0.0021500222637515208,0.0
TOPSIN_ET_CapPARCAP,0.0,1.8385314822458194e-05,7.165245747126521e-05,7.31452727880224e-05,0.0002573352491943461
TOPSIN_ET_CapPARCAP_0,0.00022802061099762828,0.0012829922321216868,0.0072266971325554786,0.0,0.00932974683310918
TOPSIN_ET_CapUSV_0,0.04911012949376798,0.0330998490737101,0.006205309374410609,0.022002303050871287,0.00042047193207073316
TOPSIN_ET_Cap_C300,0.0020354300465073626,0.001702274517720407,0.0041223447919346715,0.008733157410734497,0.006518330138536351
TOPSIN_ET_Cap_USV,0.0008219183815281647,0.00011583382158471211,3.524394619816364e-05,2.8213052452655916e-05,0.0001645403712273847
TOPSIN_ET_DC_PIV_Drain_Lag_0,0.15363851359085073,0.09387916953635887,0.057203713280912456,0.04303976419094536,0.0778037948075285
TOPSIN_ET_DC_PIV_Drain_Lag_1,1.9555311418939774e-05,0.0009455701109593188,7.67356512785697e-06,0.004453620626456254,0.0014521801540942462
TOPSIN_ET_DC_PIV_Gate_Lag_0,0.0,0.0,0.000557384656916938,0.0009904337564604724,0.0005324164939504991
TOPSIN_ET_DC_PIV_Gate_Lag_1,5.755395939959831e-05,0.0,0.0,0.0026106991804705376,0.0008809454857198783
TOPSIN_ET_DC_PIV_Ids0_QP1,0.0011442590982615431,1.9838176635448247e-05,0.001439203505763217,0.00044180056666319847,0.0002998108624018588
TOPSIN_ET_DC_PIV_Ids0_QP2,0.0010686044315655274,0.0008156967141104824,6.510514776490504e-05,0.00015839002178083807,6.792662453649426e-05
TOPSIN_ET_DC_PIV_Ids0_QP3,0.0021771905768575442,0.0031751353464343447,0.000646775419042418,0.005283728100116501,0.0002520476393504696
TOPSIN_ET_DC_PIV_Ids1_QP1,0.0008360972390598117,0.009285965502448125,7.903677706361874e-05,0.0017223932350640752,0.0001807247302654644
TOPSIN_ET_DC_PIV_Ids1_QP2,0.0005276940262745778,0.0004283772754741086,6.087684372097257e-05,0.0005384699721048728,0.0003542596601824776
TOPSIN_ET_DC_PIV_Ids1_QP3,0.00258851744283083,0.0005548119912124472,0.0006512619203849999,0.006372843510637116,0.000580286177345287
TOPSIN_ET_DC_RF_Gm_0,0.0010249506703702033,0.0,0.0,0.0,5.164793098282643e-05
TOPSIN_ET_DC_RF_Gm_m0p2,0.0,0.0,0.0,4.109639823907375e-06,9.917989761913484e-06
TOPSIN_ET_DC_RF_Gm_max,0.004841799854052167,0.0002788174581311598,2.8052740557029913e-05,0.004666686935576756,0.0
TOPSIN_ET_DC_RF_Id_gm_max,1.4133071018311686e-05,0.0,0.0,1.8747367527925457e-05,8.514749019942752e-05
TOPSIN_ET_DC_RF_Ids_m0p2,0.00022122650125371257,0.0,0.0004314973154551481,7.938699627096255e-05,0.0
TOPSIN_ET_DC_RF_Idss,0.002641740663345978,0.002263168438540551,0.0024670179005738743,0.004604089631364024,0.0018326916664740062
TOPSIN_ET_DC_RF_Imax,0.0,1.4278359455834655e-05,0.0,0.0005395911945235932,8.985936139974174e-05
TOPSIN_ET_DC_RF_Vbgd1,0.008151841523949748,7.601955219008259e-05,0.0,2.3896293408427748e-05,0.00011916266583480341
TOPSIN_ET_DC_RF_Vbgd_0p01,0.0,2.2674641136793612e-05,0.0032580417778325954,0.000279142650829724,0.0032334828004221554
TOPSIN_ET_DC_RF_Vbgd_0p1,6.12036420943205e-05,0.00010207601652387183,0.0003497798529477347,0.0,0.00039893783919292357
TOPSIN_ET_DC_RF_Vbgs1,0.0005597351120406356,0.002541456655801002,0.0006599771621457959,0.0012566764457738202,0.0005841283899376687
TOPSIN_ET_DC_RF_Vbgs_0p01,0.0017165568039549614,0.00011386024783844154,0.0,0.00082380072093025,2.7361594024972513e-05
TOPSIN_ET_DC_RF_Vbgs_0p1,0.0010264712198157432,3.3751924387578536e-05,7.069504650067095e-05,0.001998731881791731,0.0007933714273543435
TOPSIN_ET_DC_RF_Vbin_gd,0.0,8.536422337055028e-05,9.110598286350201e-06,0.00465065511047065,0.0
TOPSIN_ET_DC_RF_Vbin_gs,0.0011599902896080744,0.0007048369667101266,0.0011782469924531637,0.0004250908000175394,0.003225900637674182
TOPSIN_ET_DC_RF_Vboff,0.0007052051306542783,2.8990501954492716e-05,0.0005029426794841292,0.0002818863256869582,0.0
TOPSIN_ET_DC_RF_Vdg_max,5.594889512102611e-05,5.685665984496575e-05,0.00023173682656956983,7.874523513037069e-05,0.0002833902883674407
TOPSIN_ET_DC_RF_Vdg_max_0p1,2.6638902779243117e-05,0.00027814179710556133,0.0005055773374992401,0.0005559102402111807,0.00011343970659371471
TOPSIN_ET_DC_RF_Vds_max,0.00873303526819261,0.0067148784682977926,0.0031429767170102186,0.004485451855335116,0.002714360625032016
TOPSIN_ET_DC_RF_Vds_max_0p1,0.0014688987575154169,9.159168277260152e-05,0.0003629534289786927,3.5213452018776565e-05,0.0004949278145999076
TOPSIN_ET_DC_RF_Vg_gm_max,2.9014894522443917e-05,0.0,0.00018137946821530278,3.0378169614986427e-05,3.42634464574706e-05
TOPSIN_ET_DC_RF_Vg_max_Vd,0.0008951502059496108,2.0607862299354155e-05,0.003997751469842448,0.0013006353449165472,0.003336214377373038
TOPSIN_ET_DC_RF_Vg_max_Vd_0p1,0.00010987802198740912,0.0021311815774487995,0.0001346455276610355,0.00014977448086065704,2.5056375141570947e-05
TOPSIN_ET_DC_RF_Vg_optt,0.00026540909063366424,3.2102448935450486e-05,5.567630501330114e-05,0.00022630443742582525,4.85282344567706e-05
TOPSIN_ET_DC_RF_Vp_01,3.0401004763455634e-05,0.0,0.00013816711093367579,0.0,1.636420044885926e-05
TOPSIN_ET_DC_RF_Vp_1,0.0002172043263426794,0.0011937535803215014,0.00015323921535717938,0.0009761028179774937,0.0003494009967506873
TOPSIN_ET_DC_RF_Vt_gd,0.0056795374831378085,4.87952410870926e-05,0.0005018606375277459,0.0001394238087474503,1.4582440196750589e-05
TOPSIN_ET_DC_RF_Vt_gs,0.00011334291592904963,0.00013100338627153343,4.860396276501318e-05,0.0003854540858212209,0.00010091574100940064
TOPSIN_ET_DC_RF_n_gd,0.00022239195786968418,1.657857037546527e-05,0.00010478140886902215,7.490683818867323e-05,7.578383534874661e-05
TOPSIN_ET_DC_RF_n_gs,0.0004834170949077654,0.0012166356762583837,0.003719906499098487,0.00013842791571703206,0.0005793164417977145
TOPSIN_ET_DC_SMALL_Gm_0,2.871834813681018e-05,0.0,1.3627607100123154e-05,1.1588204485046637e-05,1.3777548444616226e-05
TOPSIN_ET_DC_SMALL_Gm_m0p2,0.00045282470395521427,0.0,0.0025417980810011273,0.0,0.0
TOPSIN_ET_DC_SMALL_Gm_max,1.2696083425902288e-05,0.0011926211944175995,0.0,0.0,0.0004725803184697647
TOPSIN_ET_DC_SMALL_Id_gm_max,0.0,0.0,4.9314490993512655e-05,1.6109774286108233e-05,0.0002901358089758517
TOPSIN_ET_DC_SMALL_Ids_m0p2,2.3862835693346385e-05,8.66798673390289e-05,8.70948759634095e-05,0.00016250853050855946,4.339905095853392e-05
TOPSIN_ET_DC_SMALL_Idss,0.0004919537593666261,1.3274057601053166e-05,0.00018026305164864218,1.0718332770934697e-05,0.0
TOPSIN_ET_DC_SMALL_Imax,8.075357442516897e-05,1.421669715881597e-05,0.0,0.0,0.0
TOPSIN_ET_DC_SMALL_Vbgd1,0.00011248072501805679,0.0001359921561182187,6.357816534512794e-05,0.000746045641819391,7.81311899488018e-05
TOPSIN_ET_DC_SMALL_Vbgd_0p01,0.0003044378619079253,6.871791876975875e-05,0.0005350441056154538,0.0003012048921981824,1.3531108027807236e-05
TOPSIN_ET_DC_SMALL_Vbgd_0p1,0.005555895825567552,0.005796606922004453,0.009111074442804519,0.005630493418373611,0.017998438958685598
TOPSIN_ET_DC_SMALL_Vbgs1,0.0028335895946505047,0.002745528749496798,0.0015596353471521824,0.0025727433460513887,0.0025756801815642115
TOPSIN_ET_DC_SMALL_Vbgs_0p01,2.2353985418371784e-05,0.0006263609024018137,0.0002796673150804379,1.2614820396296709e-05,0.006147206678527226
TOPSIN_ET_DC_SMALL_Vbgs_0p1,0.0016470861475186538,0.0008837847725525114,0.0024465787732721733,0.0007846698187018158,0.0006539096130969994
TOPSIN_ET_DC_SMALL_Vbin_gd,0.01259980599734387,0.004931924078792063,0.008293335319300509,0.021333872268896385,0.009084032289977
TOPSIN_ET_DC_SMALL_Vbin_gs,3.4183181927565766e-05,2.173540577783215e-05,0.0007089184195642078,0.00080377461086346,3.283275519111503e-05
TOPSIN_ET_DC_SMALL_Vboff,1.5179206519696213e-05,0.0002786219565438567,0.00021532273883698258,9.174912938185933e-05,0.0007083444386960425
TOPSIN_ET_DC_SMALL_Vdg_max,0.01161240328883781,0.002076025497472268,0.0008328506214560425,0.0022278610006184105,0.002397745481650885
TOPSIN_ET_DC_SMALL_Vdg_max_0p1,9.329012472500502e-06,0.00013563003021849207,0.0014278952332936108,0.0011724082398753561,8.963018324655284e-05
TOPSIN_ET_DC_SMALL_Vds_max,0.00171641139258069,0.002083045164690169,0.004416481851380254,0.0030954479499162775,0.002297950417937776
TOPSIN_ET_DC_SMALL_Vds_max_0p1,0.0025258928542710676,0.000984921952351304,7.278896630758998e-05,0.00014443533601351462,0.00044494568630147515
TOPSIN_ET_DC_SMALL_Vg_gm_max,5.170098065528423e-05,0.0,2.3249640611149302e-05,2.3901454576993737e-05,2.3297854915388462e-05
TOPSIN_ET_DC_SMALL_Vg_max_Vd,0.0003147992478575565,0.0005400844179424905,6.622724775545996e-05,2.3848286695569814e-05,8.742335800913085e-05
TOPSIN_ET_DC_SMALL_Vg_max_Vd_0p1,6.443240038396246e-05,0.0,0.0002658116572520469,5.403387983544753e-05,8.763750344081955e-05
TOPSIN_ET_DC_SMALL_Vg_optt,0.00014865526740688576,0.0008724636687220903,0.00016590288957593171,0.0003419720133258162,0.00010460001887228677
TOPSIN_ET_DC_SMALL_Vp_01,9.920977583760463e-06,0.0,0.00010675162183713531,0.0,8.340480744748216e-05
TOPSIN_ET_DC_SMALL_Vp_1,4.5802619042453426e-05,0.0,5.6678916568447864e-05,0.0,0.0009162444007779197
TOPSIN_ET_DC_SMALL_Vt_gd,0.00123606569145069,0.0005318138368340793,6.492655601775864e-05,0.0,0.0005825030422736829
TOPSIN_ET_DC_SMALL_Vt_gs,0.00540147347922158,0.0038378675472254082,0.006265009699087437,0.0038808913927275614,0.0017177518054202882
TOPSIN_ET_DC_SMALL_n_gd,4.693606843595042e-05,0.0009332747779226883,7.848733407840416e-05,0.00019090835568310674,4.7066573770854294e-05
TOPSIN_ET_DC_SMALL_n_gs,4.7646217494921356e-05,0.0012932544889351838,0.00033220101046616365,8.990359313106264e-05,0.00044979728162662647
TOPSIN_ET_G2_per_6K,3.122266003298028e-05,0.0005678466421806689,0.0010529513138841631,0.0002393990540135144,2.969149068990497e-05
TOPSIN_ET_GC_Igs,0.00042943267291696937,0.0003784153884142649,0.00019938840173452672,0.0002957843136158612,6.310828119488578e-05
TOPSIN_ET_G_per_6K,0.0006282257592114811,0.0008102802804136564,0.0009316806194735716,0.0006665256796794967,0.000134655922550285
TOPSIN_ET_Gate_res,2.713599295387527e-05,0.0014998125666943426,0.0,2.435799791576517e-05,0.00010890032963613942
TOPSIN_ET_Gm_m2,0.0,0.0,0.0,7.197114635767287e-05,8.476179694084834e-05
TOPSIN_ET_Gm_max,0.0,7.809448714519311e-05,0.00023225664994347964,0.0,9.450207787607457e-06
TOPSIN_ET_HIRS,0.004080104225224718,0.0028874314349427344,0.0027972183204688973,0.0005756367504161509,0.0032182456773777713
TOPSIN_ET_I_5,0.0014696491608665715,0.006796892801223447,0.0016845302278533268,0.0001761947715646919,0.00015249998781014185
TOPSIN_ET_Ids_m2,0.0001855428485534269,0.0003892345232428113,0.00030484526609880324,0.0014044399378333016,0.00023718976599855865
TOPSIN_ET_KLV_F_AB_4u,6.904512687597645e-05,8.755792736315471e-05,0.000218603884773173,0.001041931131587546,2.8157379179764374e-05
TOPSIN_ET_KLV_F_AB_4u_FEMSO,8.179043821704662e-06,0.00041994824042609457,4.702648519129135e-05,0.00011877381054107908,0.0002516529107040733
TOPSIN_ET_KLV_F_M1_4u,3.0084704026538024e-05,0.0005969813052800666,6.685190438542465e-05,3.26986752021926e-05,0.0007977640860064066
TOPSIN_ET_Load_Pull_Freq,3.716451211006681e-05,4.7523811594354804e-05,0.0007618859689466209,9.027050989676216e-05,9.603135139613629e-06
TOPSIN_ET_Load_Pull_GL_meas,5.6185496157393286e-05,0.0035732017114356077,0.0005441732117661718,0.001523553328473963,0.0003066012331874376
TOPSIN_ET_Load_Pull_GL_set,0.00019653164005265078,7.863487687505685e-05,8.447458641902124e-05,0.00012026039883992038,5.6306635703929444e-05
TOPSIN_ET_Load_Pull_Gain_comp_Last,0.0005351914747378665,0.0,0.002272098721974089,0.00010916985438745418,0.0008568826836441254
TOPSIN_ET_Load_Pull_Gss,0.00032047214264485765,0.001067501682371235,0.007320391806071515,0.00010205884959661626,0.0
TOPSIN_ET_Load_Pull_ID_comp_Last_mA,0.0001827908155818041,5.937629547505241e-05,0.0005762510350175933,0.00017924185727331867,0.001267693975903885
TOPSIN_ET_Load_Pull_IG_comp_Last_uA,0.0020841979997198723,5.714800271857059e-05,0.0005227773981331089,0.000496654709049806,0.0007032084217406971
TOPSIN_ET_Load_Pull_Id_SS,0.0018658204518044628,0.0007878153383607158,3.693206153004389e-05,4.566565546326163e-05,9.132756462124406e-05
TOPSIN_ET_Load_Pull_Id_ini,0.0001693289671409599,0.0001254264892668718,1.387016681990392e-05,0.0,0.004345076670499503
TOPSIN_ET_Load_Pull_Id_ord,3.69069073459973e-05,0.0016484941304360317,0.0008284886979125748,0.009373959396001164,0.0010765432262778707
TOPSIN_ET_Load_Pull_P.A.E_Last,0.009648813922487391,0.0009174133798030591,0.012555823130181398,0.005595145758877473,0.010223397120781576
TOPSIN_ET_Load_Pull_PhL_meas,0.0046927433160052195,0.006043544970379231,0.00153267199636454,0.015507573769528875,0.006159072063904797
TOPSIN_ET_Load_Pull_PhL_set,0.00172914545767634,0.0003765025931624972,0.00012610440856361692,0.0004905965836879302,0.0012547676453283938
TOPSIN_ET_Load_Pull_Pin_Cut,0.0,9.70829764962662e-05,6.260975044299213e-05,3.311978753920377e-05,0.00010358393662819091
TOPSIN_ET_Load_Pull_Pin_Last,0.00013593617315029726,0.00040445599805805473,0.0007650945199620846,5.6845022896264944e-05,3.51591283986551e-05
TOPSIN_ET_Load_Pull_Pout_Last,0.00022170403973759283,0.0,0.00017790753646002076,8.70442879701458e-05,0.0004447293604870683
TOPSIN_ET_Load_Pull_Pout_W_last,5.939551124560462e-05,7.102784370520625e-05,9.963224261071519e-05,0.00010089412183840078,0.00015136270123492407
TOPSIN_ET_Load_Pull_Pout_W_mm_last,7.157794680512883e-05,0.0,0.002294066563486191,0.0004261597706795357,0.0042137753586976145
TOPSIN_ET_Load_Pull_Vg,0.0005950530816588862,6.93852096053952e-05,0.00018808735181287446,0.00017906764165584276,0.0002026729076178812
TOPSIN_ET_OHMC,0.0008088558464255069,0.0,0.0014800183206577235,0.00026114452045275874,0.00027293230266194356
TOPSIN_ET_OHMC_GN,0.0004036784959304595,0.00012837619550748307,0.0003618636109312687,0.001834901502867117,0.00020349928813882936
TOPSIN_ET_Probe_Number,0.0031889510963416536,0.003029926189823996,0.0010212982746638367,0.00782286011447719,5.2565461155841516e-05
TOPSIN_ET_R114,0.0001985436583878933,0.0,9.735470805956006e-05,8.527886013447714e-05,0.00010212932957993103
TOPSIN_ET_R214,0.0005116723422637222,0.00010761997477436885,3.992055547916714e-05,0.0005052508360628475,0.00017674727335699776
TOPSIN_ET_R314,4.589860589763091e-05,0.00027162172860022214,0.0001700877586025696,0.0005537373949201852,0.00035442782641863604
TOPSIN_ET_R414,0.01341821153716402,0.010070705246296512,0.006310517037816856,0.008384589388301021,0.0038046710141724726
TOPSIN_ET_R514,0.0025480443192972516,4.74390093268318e-05,0.002130390480424249,0.000524936903700652,0.003249050478471745
TOPSIN_ET_RGAN1,0.0001333589906955037,0.00035072722195489983,0.00016463092512795208,0.0008228713895828601,0.0007215989306194122
TOPSIN_ET_RGAN2,7.471266489498565e-05,0.0017796735454994165,0.00038643902305370535,0.0007463095605522009,2.6549235641489414e-05
TOPSIN_ET_RGAN3,0.00015288541898376132,2.4537043669463288e-05,0.0,0.00014772552703070646,0.00020562888795911722
TOPSIN_ET_R_f_hr_1,0.00028061753173997127,9.605780718349855e-05,0.001159443432128635,0.0024209878320554596,4.549874267057565e-05
TOPSIN_ET_R_f_hr_2,0.0045890467033026,0.0001563083478457243,1.837819274266658e-05,0.001625402091848868,0.00021453307139997205
TOPSIN_ET_R_f_hr_3,0.027121177387371145,0.012480198165733732,0.0068980203610926666,0.018022728866483147,0.018044655338933974
TOPSIN_ET_R_f_tn_1,0.00022630837413677667,0.0,0.00022762001657674732,0.00023378862048056896,0.0001316927120999425
TOPSIN_ET_R_f_tn_2,0.00011693004983984821,0.0010735773542449726,0.00026065183534396076,1.8866350883469566e-05,9.010845561241444e-05
TOPSIN_ET_R_f_tn_3,0.00566519490545706,0.0004405470644099384,0.0027800034300478876,0.0011271632814931383,6.015134800463797e-05
TOPSIN_ET_Rc_OG142_GN,3.87683411031554e-05,0.0001405948793001852,0.0,7.336078502657432e-05,0.00295948158886115
TOPSIN_ET_Rc_OG144,0.00011905387148370028,0.0010963937860913964,0.0027841761574104104,0.0019060561595919225,2.1979521136286513e-05
TOPSIN_ET_Rc_f_hr_23,0.0014215332650878364,0.0,0.0033072978220520604,5.801571243096808e-05,0.0002875939479464396
TOPSIN_ET_Rc_f_tn_23,0.07434237537567888,0.051927945830170394,0.03458796823010544,0.07803934108961287,0.038230254469411334
TOPSIN_ET_TANR,5.951406394088083e-05,3.5692988695333e-05,0.0005981937163732335,4.947459749637509e-05,0.0015234412359693124
TOPSIN_ET_TR_1F,0.0006660151997864516,0.0005636574663823318,5.138173368536118e-05,0.0008542613698570469,5.4944920544074454e-05
TOPSIN_ET_Vdg_max,0.0005187885897624484,0.00045897465088000594,0.0048218090856493746,0.0002073239425883387,0.002000802205577192
TOPSIN_ET_Vds_max,0.0002691527905147788,0.005899766758822303,6.528618622335717e-05,0.0007656001907928937,0.0031652411976635176
TOPSIN_ET_Vg_Vds_max,0.002730505961631777,0.003014229918854536,7.788891338507935e-06,3.17701962119133e-05,0.00019227565872747548
TOPSIN_ET_Vg_gm_max,3.9682487389172645e-05,0.0,0.0,0.0007535150368833123,0.00029355883550685036
TOPSIN_ET_Vp_1,0.0,0.0,0.0,1.3888086376808358e-05,0.0
TOPSIN_ET_lkg_5,0.027066648945055765,0.043494743656160954,0.14997648944981715,0.016017609125628437,0.09125598080823366
TOPSIN_ET_lkg_C175pf,0.0009694767729280707,0.0,0.0,0.0006276833139349636,3.6492768415456796e-05
TOPSIN_ET_lkg_C300,0.0,0.0,0.0,1.3585234295782426e-05,0.005399886790616624
TOPSIN_ET_lkg_C300pf,0.0013075181902516533,0.002277687298782486,9.752820184130091e-06,0.00496161110263294,0.004069969298495421
TOPSIN_ET_lkg_C385pf,0.00041672606600455715,0.0,0.0013598296916899181,0.0,0.0
TOPSIN_ET_lkg_C450pf,0.012780554869725621,0.013765879752483029,0.007584553486259541,0.04942295788359619,0.027653000709879996
TOPSIN_ET_lkg_C500pf,0.0,3.37876711855746e-05,0.0,0.0007587572063441247,0.00032721656220153404
TOPSIN_ET_lkg_Cap1,5.9523537578495823e-05,0.0,0.0,0.0,0.0
TOPSIN_ET_lkg_Cap2,0.0004152588598899536,0.0,0.0,6.949205978430354e-05,0.0
TOPSIN_ET_lkg_Cap3,0.0008182610654589652,0.00010372047349142186,0.0,0.00019568873914307155,5.0228076846455707e-05
TOPSIN_ET_lkg_CapFICBRGM,0.0,0.0017321423495965413,0.0,0.0,2.6362018649492533e-05
TOPSIN_ET_lkg_CapFICM1,0.0,0.0003205947768379566,0.0,0.00017801705496457278,3.8292421956807655e-05
TOPSIN_ET_lkg_CapM1BRGM,0.0,4.9135071656823314e-05,0.00013119721948884463,3.139095604416782e-05,0.0
TOPSIN_ET_lkg_CapPARCAP,2.3939159645894122e-05,0.0,0.0,0.0,0.0
TOPSIN_ET_lkg_Cap_USV,0.0,0.0041013133580599,7.930762542424547e-05,0.000309436944320265,0.0012720671022668228
TOPSIN_ET_lkg_SY07_10,0.00010396968493102415,0.0012971265207468996,0.0001499720727906158,0.00032732481415632015,1.2338505036062796e-05
TOPSIN_ET_lkg_SY8_80,1.9262268051076482e-05,0.0,0.00022805557591307435,0.0,0.0
TOPSIN_ET_sh_GA142_GN,0.0013242728981392251,0.001848987690377329,0.002007709381129147,0.0012759826686186103,0.0010125310416426907
TOPSIN_ET_sh_GA144,0.0016845611051178194,0.0008977241973878485,0.003099740783674464,0.0023004663890579475,0.0009221412438238367
TOPSIN_ET_sh_f_hr_23,0.010615310946647406,0.009990040941699226,0.0,2.6095810794859488e-05,0.0006491797017826766
TOPSIN_ET_sh_f_tn_23,0.0008997826258191617,0.0007702117826760003,0.004170406578584634,0.00017531307625208748,0.002646614712382457
TOPSIN_ThicknessGN_RefractiveIndex,0.00042750814549670653,0.00014590857224704523,6.888830537688647e-05,0.00018520740720517204,9.682527557346953e-05
TOPSIN_ThicknessGN_SiN_Thickness,0.00012037506636553888,6.735036320955817e-05,6.164812339263479e-05,0.00021530375489485176,8.177115064658971e-05
Technology_PHEMT_0.15um,0.0,0.0,0.0,0.0,0.0
Technology_PHEMT_0.25um,0.0,0.0,0.0,0.0,0.0
Technology_PHEMT_0.35um,0.0,0.0,0.0,0.0,0.0
VIA_Etch_Via_etch_end_point_time,0.0,6.544962154690503e-05,5.516475174177602e-05,0.000540595950693272,0.0
VIA_GaN_Height_Ni_height,7.904829005865409e-05,0.0005629263717534857,8.329718265330215e-05,0.0005322606556242558,9.036605756653264e-06
VIA_GaN_Measure4GN_Final_GaN_thickness,7.234887299764482e-05,0.0003147735883525651,0.000218547076627096,0.0005720441144126022,9.595432759839239e-05
VendorName_EPI_A,0.0,0.0,0.0,0.0,0.0
VendorName_EPI_B,0.0,0.0,0.0,0.0,0.0
VendorName_EPI_C,0.0,0.0,0.0,0.0,0.0
Version_V1.0,0.0,0.0,0.0,0.0,0.0
Version_V1.1,0.003661848564314792,0.0011046114583493113,0.0,0.004419960735203738,0.00017194147351779819
Version_V2.0,0.0,0.0,0.0,0.0,0.0
WIN_CD_WIN_CD,8.645876741300481e-05,0.00039709393917343287,0.00013474922439545025,0.00039247341033482315,0.00015695775859846204
WIN_WIN_Alignment_WIN_to_FIN_Alignment,0.0007736236342599865,1.4446891870263016e-05,0.0015444659715906986,0.000405578682278481,0.00011931216195125933
