raw_csv_parameter_name,ebm_importance,relationship_class,direction,turning_point_1,turning_point_2,beneficial_range,harmful_range,effect_size_yield_pct,shape_fold_consistency,evidence_label
Customer_Customer_A,0.047496,MONOTONIC_NEGATIVE,negative,,,-0.5 to -0.5,1.5 to 1.5,0.106867,5/5,STRONG
MaskSetName_MS_D,0.034915,MONOTONIC_POSITIVE,positive,,,1.5 to 1.5,-0.5 to -0.5,0.111211,5/5,STRONG
Customer_Internal,0.029269,MONOTONIC_POSITIVE,positive,,,1.5 to 1.5,-0.5 to -0.5,0.065856,5/5,STRONG
MaskSetName_MS_A,0.02385,MONOTONIC_NEGATIVE,negative,,,-0.5 to -0.5,1.5 to 1.5,0.054578,5/5,STRONG
Customer_Customer_B,0.017249,MONOTONIC_POSITIVE,positive,,,1.5 to 1.5,-0.5 to -0.5,0.03881,5/5,STRONG
Technology_PHEMT_0_25um,0.010827,MONOTONIC_POSITIVE,positive,,,1.5 to 1.5,-0.5 to -0.5,0.024879,5/5,STRONG
VendorName_EPI_B,0.010811,MONOTONIC_POSITIVE,positive,,,1.5 to 1.5,-0.5 to -0.5,0.024841,5/5,STRONG
VendorName_EPI_A,0.010286,MONOTONIC_NEGATIVE,negative,,,-0.5 to -0.5,1.5 to 1.5,0.021385,5/5,STRONG
Sort_Yield_target____88,0.009802,MONOTONIC_NEGATIVE,negative,,,-0.5 to -0.5,1.5 to 1.5,0.020378,5/5,STRONG
Technology_PHEMT_0_15um,0.009531,MONOTONIC_NEGATIVE,negative,,,-0.5 to -0.5,1.5 to 1.5,0.019816,5/5,STRONG
Sort_Yield_target____90,0.009481,MONOTONIC_POSITIVE,positive,,,1.5 to 1.5,-0.5 to -0.5,0.019712,5/5,STRONG
Lot_type_ENG,0.009074,MONOTONIC_POSITIVE,positive,,,1.5 to 1.5,-0.5 to -0.5,0.039264,5/5,STRONG
Lot_type_PROD,0.008873,MONOTONIC_NEGATIVE,negative,,,-0.5 to -0.5,1.5 to 1.5,0.038394,5/5,STRONG
MaskSetName_MS_B,0.005956,MONOTONIC_NEGATIVE,negative,,,-0.5 to -0.5,1.5 to 1.5,0.014464,5/5,STRONG
MaskSetName_MS_C,0.004798,MONOTONIC_NEGATIVE,negative,,,-0.5 to -0.5,1.5 to 1.5,0.015434,5/5,STRONG
Version_V1_0,0.003664,MONOTONIC_POSITIVE,positive,,,1.5 to 1.5,-0.5 to -0.5,0.007475,4/5,STRONG
VendorName_EPI_C,0.001866,MONOTONIC_NEGATIVE,negative,,,-0.5 to -0.5,1.5 to 1.5,0.004654,2/5,WEAK
MEASURE_ET_DC_SEC_X_Vg_at_I1_pos_FPSD3p2,0.026459,FLAT,n/a,,,,,0.079447,5/5,INCONCLUSIVE
MEASURE_ET_DC_SEC_X_Ig_cut1_mAmm_pos_FPSD3p2,0.025678,FLAT,n/a,,,,,0.117134,5/5,INCONCLUSIVE
MEASURE_ET_RF_Modeling_Ft,0.025668,FLAT,n/a,,,,,0.079941,5/5,INCONCLUSIVE
THIN_ET_Rc_OG142,0.025554,FLAT,n/a,,,,,0.082405,5/5,INCONCLUSIVE
MEASURE_ET_DC_SEC_S_Vg_at_I2_pos,0.025098,FLAT,n/a,,,,,0.07604,5/5,INCONCLUSIVE
MEASURE_ET_DC_RF_Max_S11_Ph_L2180,0.024756,FLAT,n/a,,,,,0.075026,5/5,INCONCLUSIVE
MEASURE_ET_DC_Big_S12dB_10GHz,0.024544,FLAT,n/a,,,,,0.094653,5/5,INCONCLUSIVE
MEASURE_ET_DC_RF_Vg_max_Vd_0p1,0.024156,FLAT,n/a,,,,,0.10824,5/5,INCONCLUSIVE
EBCR2_ET_Ids_EBCR_recess_current,0.023998,FLAT,n/a,,,,,0.082647,5/5,INCONCLUSIVE
MEASURE_ET_DC_SEC_S_Id_mA_mm_at_Vg1_FPSD3p2,0.023978,FLAT,n/a,,,,,0.086395,5/5,INCONCLUSIVE
TOPSIN_ET_DC_SMALL_Vdg_max,0.023924,FLAT,n/a,,,,,0.092084,5/5,INCONCLUSIVE
MEASURE_ET_DC_SEC_X_Ig_cut1_mAmm_pos,0.023674,FLAT,n/a,,,,,0.078874,5/5,INCONCLUSIVE
MEASURE_ET_DC_SMALL_Ids_m0p2,0.022554,FLAT,n/a,,,,,0.077864,5/5,INCONCLUSIVE
OHMIC_ET_Rsh_an_ct2,0.022438,FLAT,n/a,,,,,0.080441,5/5,INCONCLUSIVE
MEASURE_ET_DC_SEC_X_Ig_cut3_mAmm_pos_FPSD3p2,0.022076,FLAT,n/a,,,,,0.070054,5/5,INCONCLUSIVE
MEASURE_ET_DC_RF2_S21ang_26GHz,0.021971,FLAT,n/a,,,,,0.092685,5/5,INCONCLUSIVE
MEASURE_ET_DC_SEC_X_Bin,0.021628,FLAT,n/a,,,,,0.11856,5/5,INCONCLUSIVE
MEASURE_ET_DC_SEC_S_Ig_cut2_mAmm_pos_SD3p5,0.021326,FLAT,n/a,,,,,0.071056,5/5,INCONCLUSIVE
TOPSIN_ET_Load_Pull_IG_comp_Last_uA,0.0211,FLAT,n/a,,,,,0.093786,5/5,INCONCLUSIVE
THIN_ET_DC_RF_Vds_max_0p1mA,0.021022,FLAT,n/a,,,,,0.086883,5/5,INCONCLUSIVE
MEASURE_ET_C385pf,0.020605,FLAT,n/a,,,,,0.086316,5/5,INCONCLUSIVE
MEASURE_ET_DC_RF_Vbgs_0p01,0.020594,FLAT,n/a,,,,,0.071035,5/5,INCONCLUSIVE
SIN_ET_DC_RF_Vg_max_Vd_0p1,0.020483,FLAT,n/a,,,,,0.09287,5/5,INCONCLUSIVE
MEASURE_ET_DC_SEC_X_Ig_mAmm_at_Vg_cond_neg,0.020081,FLAT,n/a,,,,,0.077427,5/5,INCONCLUSIVE
MEASURE_ET_RF_Modeling_Delta_S21_19G,0.02006,FLAT,n/a,,,,,0.078757,5/5,INCONCLUSIVE
MEASURE_ET_DC_SEC_Ids_min_ON,0.019785,FLAT,n/a,,,,,0.05986,5/5,INCONCLUSIVE
MEASURE_ET_DC_Stress_Id_stress_before,0.019773,FLAT,n/a,,,,,0.097171,5/5,INCONCLUSIVE
OHMIC_ET_Ran_con_1,0.019695,FLAT,n/a,,,,,0.065084,5/5,INCONCLUSIVE
MEASURE_ET_DC_PIV_Ids0_QP3,0.019492,FLAT,n/a,,,,,0.063637,5/5,INCONCLUSIVE
SIN_ET_DC_RF_Vg_max_Vd,0.01949,FLAT,n/a,,,,,0.064472,5/5,INCONCLUSIVE
TOPSIN_ET_R_f_tn_1,0.019428,FLAT,n/a,,,,,0.070508,5/5,INCONCLUSIVE
ANODE_ET_Ran_con_1,0.019348,FLAT,n/a,,,,,0.0844,5/5,INCONCLUSIVE
MEASURE_ET_DC_SEC_S_Vg_at_I1_neg_FPSD3p2,0.019119,FLAT,n/a,,,,,0.089893,5/5,INCONCLUSIVE
MEASURE_ET_Rc_an_ct2_OW_CR,0.019037,FLAT,n/a,,,,,0.09903,5/5,INCONCLUSIVE
MEASURE_ET_DC_SEC_S_Ig_mAmm_at_Vg_cond_neg_FPSD3p2,0.019037,FLAT,n/a,,,,,0.063471,5/5,INCONCLUSIVE
EBCR2_Ali_Litho_Gate_to_ohmic_alignment,0.018632,FLAT,n/a,,,,,0.059488,5/5,INCONCLUSIVE
TANR_M_Gauge_P_E_TaN,0.018623,FLAT,n/a,,,,,0.069349,5/5,INCONCLUSIVE
FIC_ET_R_f_tn_2,0.01852,FLAT,n/a,,,,,0.092911,5/5,INCONCLUSIVE
FIC_ET_DC_RF_n_gd,0.018465,FLAT,n/a,,,,,0.06788,5/5,INCONCLUSIVE
MEASURE_ET_CapPARCAP_0,0.018465,FLAT,n/a,,,,,0.071339,5/5,INCONCLUSIVE
MEASURE_ET_G_per_6K,0.018381,FLAT,n/a,,,,,0.065147,5/5,INCONCLUSIVE
TOPSIN_ET_R_f_hr_2,0.018332,FLAT,n/a,,,,,0.081896,5/5,INCONCLUSIVE
THIN_ET_Vbpin,0.018295,FLAT,n/a,,,,,0.070995,5/5,INCONCLUSIVE
MEASURE_ET_LT_SEC_Ig_Id_min_mA_mm_Vd7,0.018247,FLAT,n/a,,,,,0.057468,5/5,INCONCLUSIVE
TOPSIN_ET_lkg_C450pf,0.018218,FLAT,n/a,,,,,0.065416,5/5,INCONCLUSIVE
SIN_ET_DC_RF_Vbin_gs,0.018149,FLAT,n/a,,,,,0.08486,5/5,INCONCLUSIVE
MEASURE_ET_DC_RF_CF_S12_Mag_L1002,0.018114,FLAT,n/a,,,,,0.076112,5/5,INCONCLUSIVE
MEASURE_ET_DC_SMALL_n_gs,0.018041,FLAT,n/a,,,,,0.064483,5/5,INCONCLUSIVE
THIN_ET_Rcat_cn_1,0.017887,FLAT,n/a,,,,,0.067368,5/5,INCONCLUSIVE
MEASURE_ET_DC_RF_K_W,0.017732,FLAT,n/a,,,,,0.069007,5/5,INCONCLUSIVE
MEASURE_ET_DC_RF2_S22dB_26GHz,0.017709,FLAT,n/a,,,,,0.068951,5/5,INCONCLUSIVE
MEASURE_ET_Rc_OG142_GN,0.017651,FLAT,n/a,,,,,0.064136,5/5,INCONCLUSIVE
MEASURE_ET_RF_Modeling_Ld,0.01765,FLAT,n/a,,,,,0.079201,5/5,INCONCLUSIVE
MEASURE_ET_RF_Modeling_R_Gs,0.017616,FLAT,n/a,,,,,0.066856,5/5,INCONCLUSIVE
CATHODE_ET_Rcat_cn_2,0.017592,FLAT,n/a,,,,,0.057198,5/5,INCONCLUSIVE
TOPSIN_ET_Load_Pull_P_A_E_Last,0.017572,FLAT,n/a,,,,,0.060746,5/5,INCONCLUSIVE
CATHODE_ET_Rcat_cn_3_OW_ST,0.017531,FLAT,n/a,,,,,0.066844,5/5,INCONCLUSIVE
MEASURE_ET_DC_RD_K,0.017429,FLAT,n/a,,,,,0.05467,5/5,INCONCLUSIVE
MEASURE_ET_DC_SEC_S_Ids_max_FPSD3p2,0.017337,FLAT,n/a,,,,,0.070488,5/5,INCONCLUSIVE
MEASURE_ET_DC_RF_S12dB_10GHz,0.017335,FLAT,n/a,,,,,0.063435,5/5,INCONCLUSIVE
ANODE_ET_Rsh_an_ct2,0.017136,FLAT,n/a,,,,,0.062576,5/5,INCONCLUSIVE
SIN_GATE_ET_Ran_con_1,0.017077,FLAT,n/a,,,,,0.069009,5/5,INCONCLUSIVE
MEASURE_ET_DC_SMALL_Vt_gs,0.017073,FLAT,n/a,,,,,0.055262,5/5,INCONCLUSIVE
OHMIC_ET_sh_GA142,0.017058,FLAT,n/a,,,,,0.058172,5/5,INCONCLUSIVE
MEASURE_ET_DC_SEC_Vgs_back_0p5V,0.016928,FLAT,n/a,,,,,0.074296,5/5,INCONCLUSIVE
MEASURE_ET_LT_SEC_Vd_Id_min,0.016845,FLAT,n/a,,,,,0.058186,5/5,INCONCLUSIVE
MEASURE_ET_Rcat_cn_3,0.016682,FLAT,n/a,,,,,0.055794,5/5,INCONCLUSIVE
MEASURE_ET_DC_RF2_Ft,0.016599,FLAT,n/a,,,,,0.055075,5/5,INCONCLUSIVE
OHMIC_ET_R314,0.016578,FLAT,n/a,,,,,0.061749,5/5,INCONCLUSIVE
TFRP_ET_Rsh_TFR2,0.016562,FLAT,n/a,,,,,0.048636,5/5,INCONCLUSIVE
FIC_ET_Rc_f_tn_23,0.016453,FLAT,n/a,,,,,0.046955,5/5,INCONCLUSIVE
SIN_GATE_ET_RGAN1,0.016451,FLAT,n/a,,,,,0.081366,5/5,INCONCLUSIVE
MEASURE_ET_RGAN2,0.016431,FLAT,n/a,,,,,0.076001,5/5,INCONCLUSIVE
MEASURE_ET_DC_SEC_X_Ids_max_norm_FPSD3p2,0.016412,FLAT,n/a,,,,,0.060557,5/5,INCONCLUSIVE
MEASURE_ET_DC_Big_Vg_optt1,0.016381,FLAT,n/a,,,,,0.061374,5/5,INCONCLUSIVE
SIN_GATE_ET_Rc_an_ct2,0.016179,FLAT,n/a,,,,,0.057342,5/5,INCONCLUSIVE
OHMIC_ET_OHMC,0.016176,FLAT,n/a,,,,,0.052327,5/5,INCONCLUSIVE
MEASURE_ET_DC_RF_S12ang_26GHz,0.016071,FLAT,n/a,,,,,0.070817,5/5,INCONCLUSIVE
TOPSIN_ET_C100CapPARCAP,0.01601,FLAT,n/a,,,,,0.072601,5/5,INCONCLUSIVE
VIA_GaN_Height_Ni_height,0.015988,FLAT,n/a,,,,,0.055531,5/5,INCONCLUSIVE
ANODE_ET_Ran_con_3,0.015973,FLAT,n/a,,,,,0.062799,5/5,INCONCLUSIVE
TOPSIN_ET_DC_SMALL_Vds_max_0p1,0.015938,FLAT,n/a,,,,,0.050456,5/5,INCONCLUSIVE
TOPSIN_ET_DC_SMALL_Vbgs_0p1,0.015909,FLAT,n/a,,,,,0.097149,5/5,INCONCLUSIVE
MEASURE_ET_DC_SEC_X_Vg_at_I2_neg_SD3p5,0.015903,FLAT,n/a,,,,,0.086465,5/5,INCONCLUSIVE
TOPSIN_ET_DC_PIV_Ids1_QP1,0.015828,FLAT,n/a,,,,,0.101293,5/5,INCONCLUSIVE
THIN_ET_DC_RF_Vbgs_0p1,0.015743,FLAT,n/a,,,,,0.054541,5/5,INCONCLUSIVE
FIN_Etch_Soft_Bias,0.015699,FLAT,n/a,,,,,0.067028,5/5,INCONCLUSIVE
TOPSIN_ET_DC_RF_Vds_max,0.015614,FLAT,n/a,,,,,0.051303,5/5,INCONCLUSIVE
BRGM_ET_Probe_Number,0.015445,FLAT,n/a,,,,,0.064566,5/5,INCONCLUSIVE
THIN_ET_Rsh_an_ct2,0.015346,FLAT,n/a,,,,,0.055711,5/5,INCONCLUSIVE
THIN_ET_C_CAT_2_OW_ST,0.015322,FLAT,n/a,,,,,0.053896,5/5,INCONCLUSIVE
MEASURE_ET_DC_SEC_Vds_min_ON,0.015318,FLAT,n/a,,,,,0.045529,5/5,INCONCLUSIVE
TOPSIN_ET_DC_RF_Vt_gd,0.015203,FLAT,n/a,,,,,0.056864,5/5,INCONCLUSIVE
TOPSIN_ET_DC_SMALL_Vdg_max_0p1,0.015191,FLAT,n/a,,,,,0.060656,5/5,INCONCLUSIVE
MEASURE_ET_DC_SEC_X_Ig_cut3_mAmm_neg_FPSD3p2,0.015175,FLAT,n/a,,,,,0.054392,5/5,INCONCLUSIVE
TOPSIN_ET_I_5,0.015156,FLAT,n/a,,,,,0.050902,5/5,INCONCLUSIVE
MEASURE_ET_DC_RF_S11dB_10GHz,0.01511,FLAT,n/a,,,,,0.06279,5/5,INCONCLUSIVE
MEASURE_ET_DC_SEC_X_Id_at_Vboff_mA_mm_FPSD3p2,0.015107,FLAT,n/a,,,,,0.059914,5/5,INCONCLUSIVE
FIC_ET_Vds_max,0.015101,FLAT,n/a,,,,,0.061005,5/5,INCONCLUSIVE
MEASURE_ET_DC_SEC_S_Ig_cut3_mAmm_pos_FPSD3p2,0.015085,FLAT,n/a,,,,,0.047598,5/5,INCONCLUSIVE
ANODE_ET_Rc_an_ct2_OW_CR,0.015079,FLAT,n/a,,,,,0.075452,5/5,INCONCLUSIVE
SIN_ET_DC_RF_Vds_max_0p1mA,0.015063,FLAT,n/a,,,,,0.060704,5/5,INCONCLUSIVE
MEASURE_ET_Load_Pull_PhL_meas,0.015046,FLAT,n/a,,,,,0.065908,5/5,INCONCLUSIVE
TOPSIN_ET_DC_SMALL_Vboff,0.014933,FLAT,n/a,,,,,0.058689,5/5,INCONCLUSIVE
MEASURE_ET_DC_SMALL_Vbgd1,0.014929,FLAT,n/a,,,,,0.054188,5/5,INCONCLUSIVE
MEASURE_ET_DC_SEC_S_Ron_SD3p5,0.014928,FLAT,n/a,,,,,0.053381,5/5,INCONCLUSIVE
MEASURE_ET_DC_SEC_Vboff_2_1,0.014811,FLAT,n/a,,,,,0.069391,5/5,INCONCLUSIVE
MEASURE_ET_RF_Modeling_Cgd_err,0.014808,FLAT,n/a,,,,,0.059809,5/5,INCONCLUSIVE
SIN_GATE_ET_lkg_5,0.014778,FLAT,n/a,,,,,0.083155,5/5,INCONCLUSIVE
MEASURE_ET_LT_SEC_Ileak_m9p5V_mA_mm,0.014716,FLAT,n/a,,,,,0.060204,5/5,INCONCLUSIVE
TOPSIN_ET_Load_Pull_Gain_comp_Last,0.014702,FLAT,n/a,,,,,0.054539,5/5,INCONCLUSIVE
MEASURE_ET_KLV_F_AB_4u,0.014642,FLAT,n/a,,,,,0.048292,5/5,INCONCLUSIVE
FIC_ET_sh_f_tn_23,0.014599,FLAT,n/a,,,,,0.067097,5/5,INCONCLUSIVE
MEASURE_ET_DC_RF_Ids_m0p2,0.014595,FLAT,n/a,,,,,0.052088,5/5,INCONCLUSIVE
ANODE_ET_Rsh_an_ct2_OW_CR,0.014591,FLAT,n/a,,,,,0.05017,5/5,INCONCLUSIVE
MEASURE_ET_RF_Modeling_S21dB_10GHz,0.014529,FLAT,n/a,,,,,0.049989,5/5,INCONCLUSIVE
MEASURE_ET_DC_RF_Id_Vbon_min,0.014494,FLAT,n/a,,,,,0.053832,5/5,INCONCLUSIVE
ANODE_ET_Rc_an_ct2,0.014443,FLAT,n/a,,,,,0.074854,5/5,INCONCLUSIVE
SIN_GATE_ET_Rc_OG144,0.014422,FLAT,n/a,,,,,0.046292,5/5,INCONCLUSIVE
MEASURE_ET_DC_RF_CF_S22_Mag_L2180,0.014412,FLAT,n/a,,,,,0.050778,5/5,INCONCLUSIVE
MEASURE_ET_DC_SEC_S_Vp_1_mA_mm_first_FPSD3p2,0.014388,FLAT,n/a,,,,,0.062827,5/5,INCONCLUSIVE
THIN_ET_Rc_f_tn_23,0.014387,FLAT,n/a,,,,,0.068373,5/5,INCONCLUSIVE
TOPSIN_ET_CapPARCAP_0,0.014383,FLAT,n/a,,,,,0.054299,5/5,INCONCLUSIVE
THIN_Measure2_Thickness_after_grinding,0.014357,FLAT,n/a,,,,,0.051759,5/5,INCONCLUSIVE
SIN_ET_DC_RF_Vg_optt1,0.014356,FLAT,n/a,,,,,0.062944,5/5,INCONCLUSIVE
MEASURE_ET_ABVIETCH,0.014334,FLAT,n/a,,,,,0.079301,5/5,INCONCLUSIVE
MEASURE_ET_DC_Big_Vg_max_Vd_0p1mA,0.014315,FLAT,n/a,,,,,0.047512,5/5,INCONCLUSIVE
MEASURE_ET_RF_Modeling_Ls,0.014299,FLAT,n/a,,,,,0.054159,5/5,INCONCLUSIVE
MEASURE_ET_Rcat_cn_3_OW_ST,0.014279,FLAT,n/a,,,,,0.054297,5/5,INCONCLUSIVE
MEASURE_ET_DC_SEC_X_Ids_max_norm_SD3p5,0.014247,FLAT,n/a,,,,,0.054005,5/5,INCONCLUSIVE
ANODE_ET_Ran_con_2_OW_CR,0.014181,FLAT,n/a,,,,,0.05698,5/5,INCONCLUSIVE
MEASURE_ET_DC_SEC_X_Ids_max_FPSD3p2,0.014176,FLAT,n/a,,,,,0.063425,5/5,INCONCLUSIVE
MEASURE_ET_DC_RF_Min_S21_Freq_L2180,0.014121,FLAT,n/a,,,,,0.044396,5/5,INCONCLUSIVE
MEASURE_ET_Load_Pull_Pin_Last,0.014051,FLAT,n/a,,,,,0.073383,5/5,INCONCLUSIVE
CATHODE_ET_C_CAT_2,0.013983,FLAT,n/a,,,,,0.069188,5/5,INCONCLUSIVE
MEASURE_ET_DC_PIV_Drain_Lag_0,0.013981,FLAT,n/a,,,,,0.04962,5/5,INCONCLUSIVE
MEASURE_ET_VIA_KLV_2,0.013975,FLAT,n/a,,,,,0.072471,5/5,INCONCLUSIVE
MEASURE_ET_C20_0,0.013956,FLAT,n/a,,,,,0.049855,5/5,INCONCLUSIVE
MEASURE_ET_DC_SEC_X_Vg_at_I2_neg_FPSD3p2,0.013956,FLAT,n/a,,,,,0.064172,5/5,INCONCLUSIVE
MEASURE_ET_DC_RF2_S12dB_26GHz,0.013917,FLAT,n/a,,,,,0.069566,5/5,INCONCLUSIVE
SIN_GATE_ET_sh_GA144,0.013913,FLAT,n/a,,,,,0.052397,5/5,INCONCLUSIVE
FIC_ET_DC_RF_Vg_max_Vd_0p1mA,0.013892,FLAT,n/a,,,,,0.045356,5/5,INCONCLUSIVE
MEASURE_ET_DC_SEC_X_Ig_mAmm_at_Vg_cond_neg_FPSD3p2,0.013867,FLAT,n/a,,,,,0.059952,5/5,INCONCLUSIVE
MEASURE_ET_CapUSV_0,0.013856,FLAT,n/a,,,,,0.046503,5/5,INCONCLUSIVE
THIN_ET_DC_RF_Vt_gd,0.013829,FLAT,n/a,,,,,0.057927,5/5,INCONCLUSIVE
TOPSIN_ET_DC_RF_Gm_max,0.013828,FLAT,n/a,,,,,0.042188,5/5,INCONCLUSIVE
FIC_ET_lkg_SY8_80,0.013713,FLAT,n/a,,,,,0.069326,5/5,INCONCLUSIVE
MEASURE_ET_DC_SEC_Vds_max_ON,0.013686,FLAT,n/a,,,,,0.066676,5/5,INCONCLUSIVE
MEASURE_ET_LT_SEC_Ig_Id_min_mA_mm_Vd8,0.013674,FLAT,n/a,,,,,0.043795,5/5,INCONCLUSIVE
THIN_ET_lkg_C300,0.013665,FLAT,n/a,,,,,0.064347,5/5,INCONCLUSIVE
TOPSIN_ET_R_f_hr_1,0.013643,FLAT,n/a,,,,,0.048746,5/5,INCONCLUSIVE
THIN_ET_i5021_1,0.013623,FLAT,n/a,,,,,0.069461,5/5,INCONCLUSIVE
TOPSIN_ET_C500pf,0.013614,FLAT,n/a,,,,,0.079028,5/5,INCONCLUSIVE
TOPSIN_ET_Load_Pull_Gss,0.013604,FLAT,n/a,,,,,0.053958,5/5,INCONCLUSIVE
FIN_FIN_Alignment_FIN_to_ohmic_alignment,0.013583,FLAT,n/a,,,,,0.053764,5/5,INCONCLUSIVE
MEASURE_ET_RF_Modeling_S21_25G_Before,0.013577,FLAT,n/a,,,,,0.050776,5/5,INCONCLUSIVE
MEASURE_ET_RF_Modeling_Gds_err,0.01356,FLAT,n/a,,,,,0.057357,5/5,INCONCLUSIVE
MEASURE_ET_LT_SEC_Id_min_mA_mm,0.013538,FLAT,n/a,,,,,0.03858,5/5,INCONCLUSIVE
MEASURE_ET_DC_SEC_X_Vboff_Id_plus_Ig_SD3p5,0.013522,FLAT,n/a,,,,,0.067046,5/5,INCONCLUSIVE
MEASURE_ET_DC_RF_CF_S11_Ph_L1018,0.013485,FLAT,n/a,,,,,0.040689,5/5,INCONCLUSIVE
FIC_ET_HIRS,0.013464,FLAT,n/a,,,,,0.069712,5/5,INCONCLUSIVE
MEASURE_ET_LT_SEC_Ileak_m12p5V_mA_mm,0.013453,FLAT,n/a,,,,,0.061611,5/5,INCONCLUSIVE
TOPSIN_ET_DC_PIV_Ids0_QP1,0.013453,FLAT,n/a,,,,,0.056038,5/5,INCONCLUSIVE
MEASURE_ET_DC_RF_Vdg_max,0.013442,FLAT,n/a,,,,,0.052409,5/5,INCONCLUSIVE
FIC_ET_DC_RF_Vg_max_Vd_0p1,0.013426,FLAT,n/a,,,,,0.073904,5/5,INCONCLUSIVE
MEASURE_ET_DC_SEC_X_Id_plus_Ig_at_Vboff_mA_mm_FPSD3p2,0.013396,FLAT,n/a,,,,,0.043767,5/5,INCONCLUSIVE
MEASURE_ET_DC_SEC_S_Id_plus_Ig_at_Vboff_mA_mm,0.013298,FLAT,n/a,,,,,0.043292,5/5,INCONCLUSIVE
MEASURE_ET_DC_RF_Vdg_max_0p1,0.013258,FLAT,n/a,,,,,0.053357,5/5,INCONCLUSIVE
MEASURE_ET_LT_SEC_Vbgd1_Vd3,0.013237,FLAT,n/a,,,,,0.052258,5/5,INCONCLUSIVE
MEASURE_ET_DC_RF_Vboff,0.013226,FLAT,n/a,,,,,0.070825,5/5,INCONCLUSIVE
MEASURE_ET_R_f_hr_1,0.013154,FLAT,n/a,,,,,0.062872,5/5,INCONCLUSIVE
MEASURE_ET_DC_RF_Max_S11_Mag_L1018,0.013138,FLAT,n/a,,,,,0.051627,5/5,INCONCLUSIVE
SIN_GATE_ET_R514,0.013135,FLAT,n/a,,,,,0.049953,5/5,INCONCLUSIVE
MEASURE_ET_DC_Diode_Rs_9p5,0.013129,FLAT,n/a,,,,,0.045387,5/5,INCONCLUSIVE
FIC_ET_DC_RF_Vbgs1,0.013126,FLAT,n/a,,,,,0.058485,5/5,INCONCLUSIVE
FIC_ET_DC_RF_Vbgs_0p01,0.013079,FLAT,n/a,,,,,0.052149,5/5,INCONCLUSIVE
SIN_GATE_ET_RGAN3,0.013076,FLAT,n/a,,,,,0.056554,5/5,INCONCLUSIVE
TOPSIN_ET_lkg_C300pf,0.013075,FLAT,n/a,,,,,0.107367,5/5,INCONCLUSIVE
MEASURE_ET_DC_SEC_S_Id_mA_mm_at_Vg3,0.01306,FLAT,n/a,,,,,0.061651,5/5,INCONCLUSIVE
MEASURE_ET_DC_RF2_MAG_26GHz,0.013026,FLAT,n/a,,,,,0.054334,5/5,INCONCLUSIVE
OHMIC_ET_lkg_5,0.013013,FLAT,n/a,,,,,0.069801,5/5,INCONCLUSIVE
FIC_ET_DC_RF_Vdg_max,0.013,FLAT,n/a,,,,,0.057942,5/5,INCONCLUSIVE
TOPSIN_ET_RGAN2,0.01298,FLAT,n/a,,,,,0.038966,5/5,INCONCLUSIVE
MEASURE_ET_Load_Pull_P_A_E_Last,0.012943,FLAT,n/a,,,,,0.048493,5/5,INCONCLUSIVE
MEASURE_ET_DC_SEC_S_Ig_cut3_mAmm_neg_SD3p5,0.012921,FLAT,n/a,,,,,0.052293,5/5,INCONCLUSIVE
MEASURE_ET_C100CapPARCAP,0.012877,FLAT,n/a,,,,,0.064089,5/5,INCONCLUSIVE
FIC_ET_Probe_Number,0.012862,FLAT,n/a,,,,,0.044224,5/5,INCONCLUSIVE
SIN_GATE_ET_RGAN2,0.012825,FLAT,n/a,,,,,0.063806,5/5,INCONCLUSIVE
THIN_ET_Rcat_cn_3,0.012816,FLAT,n/a,,,,,0.054688,5/5,INCONCLUSIVE
MEASURE_ET_DC_SEC_S_Id_at_Vboff_mA_mm,0.01281,FLAT,n/a,,,,,0.060009,5/5,INCONCLUSIVE
MEASURE_ET_DC_SEC_X_Vg_at_I2_pos,0.012787,FLAT,n/a,,,,,0.052297,5/5,INCONCLUSIVE
CATHODE_ET_Rcat_cn_3,0.012773,FLAT,n/a,,,,,0.048223,5/5,INCONCLUSIVE
SIN_GATE_ET_Probe_Number,0.012736,FLAT,n/a,,,,,0.046514,5/5,INCONCLUSIVE
MEASURE_ET_DC_SEC_Vgs_0p1V,0.012728,FLAT,n/a,,,,,0.049932,5/5,INCONCLUSIVE
MEASURE_ET_LT_SEC_Vd_Id_min_Vd7,0.012726,FLAT,n/a,,,,,0.058277,5/5,INCONCLUSIVE
THIN_ET_C_CAT_2,0.012657,FLAT,n/a,,,,,0.049736,5/5,INCONCLUSIVE
MEASURE_ET_DC_SEC_X_Ron_SD3p5,0.012631,FLAT,n/a,,,,,0.060524,5/5,INCONCLUSIVE
MEASURE_ET_Ran_con_3,0.012627,FLAT,n/a,,,,,0.052483,5/5,INCONCLUSIVE
MEASURE_ET_DC_RF_Min_S21_Freq_L1018,0.012609,FLAT,n/a,,,,,0.066905,5/5,INCONCLUSIVE
SIN_ET_DC_RF_Idss,0.012575,FLAT,n/a,,,,,0.037917,5/5,INCONCLUSIVE
FIC_ET_DC_RF_Vdg_max_0p1mA,0.012503,FLAT,n/a,,,,,0.067014,5/5,INCONCLUSIVE
MEASURE_ET_LT_SEC_Ileak_m5p5V_mA_mm,0.012452,FLAT,n/a,,,,,0.065562,5/5,INCONCLUSIVE
FIC_ET_G_per_25,0.012405,FLAT,n/a,,,,,0.056854,5/5,INCONCLUSIVE
TOPSIN_ET_CapUSV_0,0.012393,FLAT,n/a,,,,,0.049973,5/5,INCONCLUSIVE
MEASURE_ET_DC_SMALL_Vds_max,0.012351,FLAT,n/a,,,,,0.0524,5/5,INCONCLUSIVE
TOPSIN_ET_DC_PIV_Gate_Lag_1,0.012332,FLAT,n/a,,,,,0.067575,5/5,INCONCLUSIVE
BRIDGE_METAL_Height2_BRGM_Height2,0.012302,FLAT,n/a,,,,,0.041565,5/5,INCONCLUSIVE
FMESA_ET_Probe_Number,0.012298,FLAT,n/a,,,,,0.045408,5/5,INCONCLUSIVE
TOPSIN_ET_DC_RF_Vbgs_0p1,0.012283,FLAT,n/a,,,,,0.052877,5/5,INCONCLUSIVE
MEASURE_ET_DC_RD_S22dB_18GHz,0.012241,FLAT,n/a,,,,,0.040831,5/5,INCONCLUSIVE
MEASURE_ET_DC_PIV_Drain_Lag_1,0.012228,FLAT,n/a,,,,,0.042689,5/5,INCONCLUSIVE
MEASURE_ET_DC_SEC_Vboff_1,0.01217,FLAT,n/a,,,,,0.059593,5/5,INCONCLUSIVE
MEASURE_ET_DC_RF_S11dB_26GHz,0.012134,FLAT,n/a,,,,,0.037612,5/5,INCONCLUSIVE
MEASURE_ET_DC_RF_Min_S21_Freq_L1002,0.012123,FLAT,n/a,,,,,0.06687,5/5,INCONCLUSIVE
MEASURE_ET_Probe_Number,0.012114,FLAT,n/a,,,,,0.039385,5/5,INCONCLUSIVE
MEASURE_ET_DC_SEC_S_Vg_at_I3_neg_FPSD3p2,0.012112,FLAT,n/a,,,,,0.060133,5/5,INCONCLUSIVE
TOPSIN_ET_lkg_CapPARCAP,0.01211,FLAT,n/a,,,,,0.057766,5/5,INCONCLUSIVE
FIC_ET_Rc_f_hr_23,0.012099,FLAT,n/a,,,,,0.053136,5/5,INCONCLUSIVE
MEASURE_ET_DC_Big_S11ang_10GHz,0.012091,FLAT,n/a,,,,,0.046206,5/5,INCONCLUSIVE
MEASURE_ET_lkg_50,0.012071,FLAT,n/a,,,,,0.07055,5/5,INCONCLUSIVE
TOPSIN_ET_C385pf,0.012047,FLAT,n/a,,,,,0.055008,5/5,INCONCLUSIVE
MEASURE_ET_DC_SEC_S_Ig_cut3_mAmm_pos,0.012045,FLAT,n/a,,,,,0.056256,5/5,INCONCLUSIVE
TOPSIN_ET_lkg_SY8_80,0.012024,FLAT,n/a,,,,,0.110754,5/5,INCONCLUSIVE
GATE2_Thickness4_PMMA_PR_etch_thickness,0.012015,FLAT,n/a,,,,,0.034615,5/5,INCONCLUSIVE
MEASURE_ET_RF_Modeling_S21_19G_After,0.011977,FLAT,n/a,,,,,0.037136,5/5,INCONCLUSIVE
FIC_ET_R314,0.011944,FLAT,n/a,,,,,0.062723,5/5,INCONCLUSIVE
MEASURE_ET_Load_Pull_PhL_set,0.011933,FLAT,n/a,,,,,0.048375,5/5,INCONCLUSIVE
MEASURE_ET_DC_SMALL_Vboff,0.011921,FLAT,n/a,,,,,0.036683,5/5,INCONCLUSIVE
MEASURE_ET_DC_RF_Vbgs_0p1,0.011915,FLAT,n/a,,,,,0.062786,5/5,INCONCLUSIVE
TOPSIN_ET_C175pf,0.011906,FLAT,n/a,,,,,0.045126,5/5,INCONCLUSIVE
MEASURE_ET_DC_RF_Vbgd1,0.011808,FLAT,n/a,,,,,0.061471,5/5,INCONCLUSIVE
MEASURE_ET_Rc_cat_ct2_OW_ST,0.011786,FLAT,n/a,,,,,0.058536,5/5,INCONCLUSIVE
MEASURE_ET_lkg_50_at20V,0.01177,FLAT,n/a,,,,,0.091127,5/5,INCONCLUSIVE
TOPSIN_ET_R_f_tn_3,0.011669,FLAT,n/a,,,,,0.056237,5/5,INCONCLUSIVE
MEASURE_ET_R_660_VER,0.011667,FLAT,n/a,,,,,0.042949,5/5,INCONCLUSIVE
CATHODE_ET_Rc_cat_ct2_OW_ST,0.011639,FLAT,n/a,,,,,0.037077,5/5,INCONCLUSIVE
MEASURE_ET_DC_RF_S11ang_10GHz,0.011516,FLAT,n/a,,,,,0.047565,5/5,INCONCLUSIVE
TOPSIN_ET_Gate_res,0.011474,FLAT,n/a,,,,,0.041478,5/5,INCONCLUSIVE
TOPSIN_ET_DC_RF_Vbgs1,0.01146,FLAT,n/a,,,,,0.040644,5/5,INCONCLUSIVE
MEASURE_ET_DC_Big_Vg_optt3,0.011445,FLAT,n/a,,,,,0.04532,5/5,INCONCLUSIVE
MEASURE_ET_DC_SEC_S_Id_plus_Ig_at_Vboff_mA_mm_FPSD3p2,0.011418,FLAT,n/a,,,,,0.049592,5/5,INCONCLUSIVE
MEASURE_ET_DC_SEC_X_Vg_at_I1_neg_SD3p5,0.011407,FLAT,n/a,,,,,0.039723,5/5,INCONCLUSIVE
MEASURE_ET_DC_SEC_S_Vg_at_I3_pos_FPSD3p2,0.0114,FLAT,n/a,,,,,0.052686,5/5,INCONCLUSIVE
MEASURE_ET_DC_SMALL_Vbgd_0p1,0.01139,FLAT,n/a,,,,,0.030166,5/5,INCONCLUSIVE
MEASURE_ET_DC_RF_Vboff_ON,0.011389,FLAT,n/a,,,,,0.043439,5/5,INCONCLUSIVE
FIC_ET_DC_RF_Ids_m0p2,0.011374,FLAT,n/a,,,,,0.046395,5/5,INCONCLUSIVE
SIN_ET_DC_RF_Vg_max_Vd_0p1mA,0.011357,FLAT,n/a,,,,,0.045888,5/5,INCONCLUSIVE
MEASURE_ET_DC_RF_CF_S11_Mag_L2180,0.011287,FLAT,n/a,,,,,0.041262,5/5,INCONCLUSIVE
MEASURE_ET_LT_SEC_Vd_Id_min_Vd8,0.011273,FLAT,n/a,,,,,0.040457,5/5,INCONCLUSIVE
MEASURE_ET_DC_RF_CF_S11_Mag_L1018,0.011254,FLAT,n/a,,,,,0.043933,5/5,INCONCLUSIVE
MEASURE_ET_DC_SEC_Ids_m0p2,0.011197,FLAT,n/a,,,,,0.044136,5/5,INCONCLUSIVE
MEASURE_ET_DC_SEC_X_Vg_at_I3_neg_SD3p5,0.011169,FLAT,n/a,,,,,0.041904,5/5,INCONCLUSIVE
THIN_ET_DC_RF_Vg_optt3,0.011155,FLAT,n/a,,,,,0.061422,5/5,INCONCLUSIVE
MEASURE_ET_DC_RD_S12ang_18GHz,0.011142,FLAT,n/a,,,,,0.064418,5/5,INCONCLUSIVE
MEASURE_ET_DC_Diode_S11_dB_rev,0.01107,FLAT,n/a,,,,,0.04809,5/5,INCONCLUSIVE
THIN_ET_R114,0.011031,FLAT,n/a,,,,,0.055934,5/5,INCONCLUSIVE
THIN_ET_TF_AB_1,0.011028,FLAT,n/a,,,,,0.051967,5/5,INCONCLUSIVE
CATHODE_ET_C_CAT_2_OW_ST,0.011019,FLAT,n/a,,,,,0.061048,5/5,INCONCLUSIVE
MEASURE_ET_RF_Modeling_Rd,0.010994,FLAT,n/a,,,,,0.061219,5/5,INCONCLUSIVE
MEASURE_ET_Vbkdn_C385pf,0.010991,FLAT,n/a,,,,,0.045197,5/5,INCONCLUSIVE
MESA_Height_Mesa_Height,0.010966,FLAT,n/a,,,,,0.044108,5/5,INCONCLUSIVE
FIC_ET_sh_f_hr_23,0.010949,FLAT,n/a,,,,,0.036394,5/5,INCONCLUSIVE
MEASURE_ET_DC_SEC_X_Vg_at_I3_pos,0.010938,FLAT,n/a,,,,,0.034576,5/5,INCONCLUSIVE
MEASURE_ET_DC_Big_MAG_10GHz,0.010911,FLAT,n/a,,,,,0.044032,5/5,INCONCLUSIVE
MEASURE_ET_RF_Modeling_MAG_19G_After,0.010888,FLAT,n/a,,,,,0.035092,5/5,INCONCLUSIVE
MEASURE_ET_R_f_hr_3,0.010887,FLAT,n/a,,,,,0.041879,5/5,INCONCLUSIVE
MEASURE_ET_DC_SEC_S_Vboff_Id,0.010884,FLAT,n/a,,,,,0.034004,5/5,INCONCLUSIVE
MEASURE_ET_DC_Diode_Rs,0.010881,FLAT,n/a,,,,,0.04706,5/5,INCONCLUSIVE
FIC_ET_DC_RF_Vp_1,0.010876,FLAT,n/a,,,,,0.043657,5/5,INCONCLUSIVE
FP2_Height2_FP2_Height2,0.01086,FLAT,n/a,,,,,0.044242,5/5,INCONCLUSIVE
TOPSIN_ET_R414,0.01085,FLAT,n/a,,,,,0.046244,5/5,INCONCLUSIVE
MEASURE_ET_DC_SEC_X_Ron,0.010834,FLAT,n/a,,,,,0.051078,5/5,INCONCLUSIVE
THIN_ET_F_AB,0.010801,FLAT,n/a,,,,,0.043975,5/5,INCONCLUSIVE
FIC_ET_DC_PIV_Ids0_QP3,0.010796,FLAT,n/a,,,,,0.039494,5/5,INCONCLUSIVE
THIN_ET_Rc_an_ct2_OW_CR,0.010769,FLAT,n/a,,,,,0.042454,5/5,INCONCLUSIVE
MEASURE_ET_F_AB,0.010746,FLAT,n/a,,,,,0.048651,5/5,INCONCLUSIVE
TOPSIN_ET_C100Cap1pf,0.010745,FLAT,n/a,,,,,0.039138,5/5,INCONCLUSIVE
MEASURE_ET_DC_RF_Vbon_min,0.01072,FLAT,n/a,,,,,0.04507,5/5,INCONCLUSIVE
MEASURE_ET_DC_SEC_X_Id_at_Vboff_mA_mm_SD3p5,0.010711,FLAT,n/a,,,,,0.036266,5/5,INCONCLUSIVE
MEASURE_ET_OHMC_GN,0.0107,FLAT,n/a,,,,,0.049852,5/5,INCONCLUSIVE
THIN_ET_lkg_100_at20V,0.0107,FLAT,n/a,,,,,0.059465,5/5,INCONCLUSIVE
MEASURE_ET_DC_SEC_S_Id_at_Vboff_mA_mm_FPSD3p2,0.010659,FLAT,n/a,,,,,0.05452,5/5,INCONCLUSIVE
MEASURE_ET_DC_RF2_S11dB_26GHz,0.01061,FLAT,n/a,,,,,0.077418,5/5,INCONCLUSIVE
MEASURE_ET_DC_SEC_X_Vp_0p7_mA_mm,0.010594,FLAT,n/a,,,,,0.059664,5/5,INCONCLUSIVE
MEASURE_ET_lkg_C500pf,0.010584,FLAT,n/a,,,,,0.075367,5/5,INCONCLUSIVE
MEASURE_ET_DC_SMALL_Vbgd_0p01,0.010574,FLAT,n/a,,,,,0.047067,5/5,INCONCLUSIVE
TOPSIN_ET_DC_SMALL_n_gs,0.010572,FLAT,n/a,,,,,0.048349,5/5,INCONCLUSIVE
SIN_ET_DC_PIV_Idss_QP3,0.010567,FLAT,n/a,,,,,0.031981,5/5,INCONCLUSIVE
SIN_ET_DC_RF_Vdg_max,0.010564,FLAT,n/a,,,,,0.044271,5/5,INCONCLUSIVE
BRIDGE_METAL_Height_Final_TOP_metal_thickness,0.010557,FLAT,n/a,,,,,0.053526,5/5,INCONCLUSIVE
TOPSIN_ET_DC_SMALL_Vbgs1,0.010536,FLAT,n/a,,,,,0.047716,5/5,INCONCLUSIVE
MEASURE_ET_DC_RF_MAG_35GHz_W,0.010529,FLAT,n/a,,,,,0.036001,5/5,INCONCLUSIVE
MEASURE_ET_DC_RF_Vp_01_W,0.010479,FLAT,n/a,,,,,0.039,5/5,INCONCLUSIVE
FIC_ET_R_f_tn_1,0.010478,FLAT,n/a,,,,,0.050107,5/5,INCONCLUSIVE
MEASURE_ET_DC_SEC_S_Ig_cut1_mAmm_neg_SD3p5,0.010476,FLAT,n/a,,,,,0.031576,5/5,INCONCLUSIVE
MEASURE_ET_DC_RF_Vg_Vbon_max,0.010474,FLAT,n/a,,,,,0.038441,5/5,INCONCLUSIVE
THIN_ET_C_AN_2_OW_CR,0.010427,FLAT,n/a,,,,,0.044201,5/5,INCONCLUSIVE
MEASURE_ET_DC_RF_S11ang_26GHz_W,0.010415,FLAT,n/a,,,,,0.049209,5/5,INCONCLUSIVE
MEASURE_ET_DC_RF_Vg_max_Vd,0.010397,FLAT,n/a,,,,,0.045503,5/5,INCONCLUSIVE
TOPSIN_ET_HIRS,0.010391,FLAT,n/a,,,,,0.03222,5/5,INCONCLUSIVE
MEASURE_ET_DC_SEC_X_Ig_cut1_mAmm_neg,0.010375,FLAT,n/a,,,,,0.057225,5/5,INCONCLUSIVE
MEASURE_ET_Rc_an_ct2,0.010361,FLAT,n/a,,,,,0.033932,5/5,INCONCLUSIVE
THIN_ET_Ran_con_3_OW_CR,0.010351,FLAT,n/a,,,,,0.052629,5/5,INCONCLUSIVE
MEASURE_ET_LT_SEC_Ileak_m9V_mA_mm,0.010316,FLAT,n/a,,,,,0.056531,5/5,INCONCLUSIVE
MEASURE_ET_DC_RF_MSG_10GHz,0.010277,FLAT,n/a,,,,,0.042673,5/5,INCONCLUSIVE
MEASURE_ET_DC_SEC_S_Ig_cut3_mAmm_neg,0.010268,FLAT,n/a,,,,,0.044767,5/5,INCONCLUSIVE
SIN_ET_DC_RF_Vt_gd,0.010265,FLAT,n/a,,,,,0.062587,5/5,INCONCLUSIVE
MEASURE_ET_DC_SEC_X_Id_mA_mm_at_Vg1_FPSD3p2,0.01026,FLAT,n/a,,,,,0.048641,5/5,INCONCLUSIVE
MEASURE_ET_R_400_VER,0.010259,FLAT,n/a,,,,,0.036038,5/5,INCONCLUSIVE
TOPSIN_ET_DC_SMALL_Gm_m0p2,0.010257,FLAT,n/a,,,,,0.03826,5/5,INCONCLUSIVE
MEASURE_ET_DC_RF_Vds_max_0p1mA,0.010248,FLAT,n/a,,,,,0.057225,5/5,INCONCLUSIVE
MEASURE_ET_sh_GA142_GN,0.010236,FLAT,n/a,,,,,0.051979,5/5,INCONCLUSIVE
MEASURE_ET_DC_RF_S12dB_26GHz,0.010232,FLAT,n/a,,,,,0.039455,5/5,INCONCLUSIVE
TOPSIN_ET_DC_RF_Vbgd_0p1,0.010212,FLAT,n/a,,,,,0.055396,5/5,INCONCLUSIVE
MESA_ET_Probe_Number,0.010181,FLAT,n/a,,,,,0.047155,5/5,INCONCLUSIVE
THIN_ET_TFR_AB,0.010175,FLAT,n/a,,,,,0.049596,5/5,INCONCLUSIVE
TOPSIN_ET_DC_PIV_Drain_Lag_1,0.010166,FLAT,n/a,,,,,0.043489,5/5,INCONCLUSIVE
MEASURE_ET_DC_SEC_S_Vg_at_I2_neg_SD3p5,0.010164,FLAT,n/a,,,,,0.031559,5/5,INCONCLUSIVE
MEASURE_ET_DC_Stress_Id_stress_after,0.010149,FLAT,n/a,,,,,0.041227,5/5,INCONCLUSIVE
MEASURE_ET_Rcat_cn_1,0.010143,FLAT,n/a,,,,,0.033367,5/5,INCONCLUSIVE
SIN_ET_DC_PIV_Gate_Lag_Imax,0.010134,FLAT,n/a,,,,,0.04574,5/5,INCONCLUSIVE
MEASURE_ET_DC_SEC_X_Ig_cut2_mAmm_pos_SD3p5,0.01013,FLAT,n/a,,,,,0.030556,5/5,INCONCLUSIVE
TOPSIN_ET_DC_PIV_Drain_Lag_0,0.0101,FLAT,n/a,,,,,0.052612,5/5,INCONCLUSIVE
THIN_ET_lkg_10,0.010098,FLAT,n/a,,,,,0.0537,5/5,INCONCLUSIVE
THIN_ET_Rc_cat_ct2,0.010087,FLAT,n/a,,,,,0.03396,5/5,INCONCLUSIVE
THIN_ET_C200,0.010073,FLAT,n/a,,,,,0.063336,5/5,INCONCLUSIVE
CATHODE_ET_Rc_cat_ct2,0.010058,FLAT,n/a,,,,,0.035828,5/5,INCONCLUSIVE
THIN_ET_Rc_TF_AB_2,0.009989,FLAT,n/a,,,,,0.037578,5/5,INCONCLUSIVE
MEASURE_ET_R_f_tn_1,0.009982,FLAT,n/a,,,,,0.0469,5/5,INCONCLUSIVE
GATE2_CD_310nm_Gate_Win_Length,0.009982,FLAT,n/a,,,,,0.037332,5/5,INCONCLUSIVE
MEASURE_ET_DC_RF2_S22ang_26GHz,0.009955,FLAT,n/a,,,,,0.030855,5/5,INCONCLUSIVE
FIC_ET_DC_RF_Vboff,0.009951,FLAT,n/a,,,,,0.03131,5/5,INCONCLUSIVE
MEASURE_ET_DC_RF_CF_S11_Ph_L1002,0.009917,FLAT,n/a,,,,,0.039414,5/5,INCONCLUSIVE
MEASURE_ET_LT_SEC_Vg_Id_min_Vd8,0.009916,FLAT,n/a,,,,,0.046777,5/5,INCONCLUSIVE
MEASURE_ET_RF_Modeling_MAG_19G_Before,0.009908,FLAT,n/a,,,,,0.049272,5/5,INCONCLUSIVE
TOPSIN_ET_DC_SMALL_Vbgd_0p01,0.009905,FLAT,n/a,,,,,0.039045,5/5,INCONCLUSIVE
SIN_ET_DC_PIV_Drain_Lag_Idss,0.009892,FLAT,n/a,,,,,0.031046,5/5,INCONCLUSIVE
MEASURE_ET_Vbkdn_Cap100_Long,0.00989,FLAT,n/a,,,,,0.04561,5/5,INCONCLUSIVE
THIN_ET_Ran_con_2,0.009864,FLAT,n/a,,,,,0.037155,5/5,INCONCLUSIVE
MEASURE_ET_DC_RF2_S12ang_26GHz,0.009861,FLAT,n/a,,,,,0.033502,5/5,INCONCLUSIVE
TOPSIN_ET_DC_RF_Vbgd_0p01,0.009839,FLAT,n/a,,,,,0.04015,5/5,INCONCLUSIVE
THIN_ET_KLV_F_AB_4u,0.009828,FLAT,n/a,,,,,0.050707,5/5,INCONCLUSIVE
TOPSIN_ET_C300pf_0,0.00981,FLAT,n/a,,,,,0.041908,5/5,INCONCLUSIVE
MEASURE_ET_DC_Big_Ids_m0p2,0.009767,FLAT,n/a,,,,,0.039414,5/5,INCONCLUSIVE
MEASURE_ET_DC_Diode_Vbpin,0.009751,FLAT,n/a,,,,,0.056256,5/5,INCONCLUSIVE
TOPSIN_ET_Load_Pull_Id_ord,0.009721,FLAT,n/a,,,,,0.032525,5/5,INCONCLUSIVE
TOPSIN_ET_Ids_m2,0.00972,FLAT,n/a,,,,,0.063944,5/5,INCONCLUSIVE
MEASURE_ET_DC_SEC_Vt_gs,0.009713,FLAT,n/a,,,,,0.040292,5/5,INCONCLUSIVE
MEASURE_ET_DC_Diode_S11_dB_forw_9p5,0.009711,FLAT,n/a,,,,,0.041505,5/5,INCONCLUSIVE
FIC_ET_DC_RF_Vdg_max_0p1,0.009678,FLAT,n/a,,,,,0.041875,5/5,INCONCLUSIVE
MEASURE_ET_sh_GA144,0.009676,FLAT,n/a,,,,,0.04801,5/5,INCONCLUSIVE
MEASURE_ET_DC_RF_Freq_cut_L1002,0.009643,FLAT,n/a,,,,,0.033895,5/5,INCONCLUSIVE
MEASURE_ET_lkg_70,0.009625,FLAT,n/a,,,,,0.068044,5/5,INCONCLUSIVE
MEASURE_ET_DC_RF_K,0.009624,FLAT,n/a,,,,,0.032775,5/5,INCONCLUSIVE
MEASURE_ET_Load_Pull_Pin_Cut,0.009624,FLAT,n/a,,,,,0.031463,5/5,INCONCLUSIVE
TOPSIN_ET_lkg_5,0.00962,FLAT,n/a,,,,,0.073816,5/5,INCONCLUSIVE
MEASURE_ET_DC_RF_Min_S21_Mag_L1002,0.009609,FLAT,n/a,,,,,0.035078,5/5,INCONCLUSIVE
OHMIC_ET_Rc_an_ct2,0.009602,FLAT,n/a,,,,,0.039729,5/5,INCONCLUSIVE
FIC_ET_GT_lin25,0.009586,FLAT,n/a,,,,,0.038427,5/5,INCONCLUSIVE
MEASURE_ET_DC_SEC_X_Ig_cut2_mAmm_neg_FPSD3p2,0.009583,FLAT,n/a,,,,,0.032883,5/5,INCONCLUSIVE
MEASURE_ET_Rc_f_hr_23,0.00957,FLAT,n/a,,,,,0.039011,5/5,INCONCLUSIVE
MEASURE_ET_DC_SEC_Vgs_back_1V,0.009566,FLAT,n/a,,,,,0.032191,5/5,INCONCLUSIVE
MEASURE_ET_Er,0.009565,FLAT,n/a,,,,,0.031167,5/5,INCONCLUSIVE
MEASURE_ET_DC_PIV_Gate_Lag_1,0.009565,FLAT,n/a,,,,,0.038908,5/5,INCONCLUSIVE
FIC_ET_R_f_hr_2,0.009547,FLAT,n/a,,,,,0.028603,5/5,INCONCLUSIVE
MEASURE_ET_DC_RF_Vdg_max_0p1mA,0.009529,FLAT,n/a,,,,,0.043547,5/5,INCONCLUSIVE
MEASURE_ET_i5021_1,0.009524,FLAT,n/a,,,,,0.040699,5/5,INCONCLUSIVE
MEASURE_ET_DC_RF_Vp_01,0.009489,FLAT,n/a,,,,,0.043363,5/5,INCONCLUSIVE
MEASURE_ET_lkg_C20,0.00947,FLAT,n/a,,,,,0.040892,5/5,INCONCLUSIVE
MEASURE_ET_DC_SEC_S_Id_mA_mm_at_Vg2_SD3p5,0.009467,FLAT,n/a,,,,,0.035176,5/5,INCONCLUSIVE
FIC_ET_Ig_mAmm_at_Vd_cond,0.009461,FLAT,n/a,,,,,0.032889,5/5,INCONCLUSIVE
FIC_ET_R_f_hr_1,0.009457,FLAT,n/a,,,,,0.046297,5/5,INCONCLUSIVE
MEASURE_ET_DC_SEC_S_Id_mA_mm_at_Vg3_FPSD3p2,0.009452,FLAT,n/a,,,,,0.043923,5/5,INCONCLUSIVE
THIN_ET_Ran_con_1,0.009439,FLAT,n/a,,,,,0.056991,5/5,INCONCLUSIVE
MEASURE_ET_DC_RD_S12dB_18GHz,0.009418,FLAT,n/a,,,,,0.033834,5/5,INCONCLUSIVE
MEASURE_ET_Load_Pull_ID_comp_Last_mA,0.009418,FLAT,n/a,,,,,0.041153,5/5,INCONCLUSIVE
SIN_GATE_ET_OHMC,0.0094,FLAT,n/a,,,,,0.037961,5/5,INCONCLUSIVE
FIN_CD2_CD_etch_FIN,0.009389,FLAT,n/a,,,,,0.029332,5/5,INCONCLUSIVE
MEASURE_ET_DC_RF_Imax,0.009361,FLAT,n/a,,,,,0.029137,5/5,INCONCLUSIVE
FIC_ET_DC_PIV_Ids0_QP2,0.009313,FLAT,n/a,,,,,0.030139,5/5,INCONCLUSIVE
MEASURE_ET_RF_Modeling_Rgs,0.009299,FLAT,n/a,,,,,0.041044,5/5,INCONCLUSIVE
MEASURE_ET_DC_Stress_Vg_gm_max_after,0.009248,FLAT,n/a,,,,,0.033442,5/5,INCONCLUSIVE
MEASURE_ET_DC_RF_CF_S22_Ph_L1018,0.009243,FLAT,n/a,,,,,0.037073,5/5,INCONCLUSIVE
TFRP_ET_Rc_TF_AB_2,0.009242,FLAT,n/a,,,,,0.03783,5/5,INCONCLUSIVE
TOPSIN_ET_Rc_OG144,0.009239,FLAT,n/a,,,,,0.050611,5/5,INCONCLUSIVE
MEASURE_ET_DC_RF_S21ang_26GHz_W,0.009203,FLAT,n/a,,,,,0.029718,5/5,INCONCLUSIVE
MEASURE_ET_Rc_OG142,0.009197,FLAT,n/a,,,,,0.038095,5/5,INCONCLUSIVE
MEASURE_ET_LT_SEC_Ileak_m10V_mA_mm,0.009195,FLAT,n/a,,,,,0.051245,5/5,INCONCLUSIVE
THIN_ET_Cap20,0.009187,FLAT,n/a,,,,,0.047734,5/5,INCONCLUSIVE
MEASURE_ET_DC_RD_S22ang_18GHz,0.009158,FLAT,n/a,,,,,0.032874,5/5,INCONCLUSIVE
TOPSIN_ET_DC_RF_Ids_m0p2,0.009151,FLAT,n/a,,,,,0.047747,5/5,INCONCLUSIVE
MEASURE_ET_DC_Stress_Vg_max_Ig_before,0.009143,FLAT,n/a,,,,,0.040241,5/5,INCONCLUSIVE
MEASURE_ET_Ran_con_2_OW_CR,0.009125,FLAT,n/a,,,,,0.030293,5/5,INCONCLUSIVE
MEASURE_ET_DC_PIV_Gate_Lag_0,0.009103,FLAT,n/a,,,,,0.044348,5/5,INCONCLUSIVE
MEASURE_ET_DC_PIV_Ids0_QP1,0.009087,FLAT,n/a,,,,,0.03203,5/5,INCONCLUSIVE
MEASURE_ET_DC_RF_CF_S21_Mag_L1018,0.009085,FLAT,n/a,,,,,0.03368,5/5,INCONCLUSIVE
MEASURE_ET_DC_PIV_Idss_QP3,0.009052,FLAT,n/a,,,,,0.026524,5/5,INCONCLUSIVE
TOPSIN_ET_G_per_6K,0.009051,FLAT,n/a,,,,,0.04816,5/5,INCONCLUSIVE
MEASURE_ET_RF_Modeling_S12dB_10GHz,0.009044,FLAT,n/a,,,,,0.037505,5/5,INCONCLUSIVE
MEASURE_ET_LT_SEC_Ileak_m10p5V_mA_mm,0.009033,FLAT,n/a,,,,,0.059402,5/5,INCONCLUSIVE
MEASURE_ET_DC_SEC_S_Ron_FPSD3p2,0.00902,FLAT,n/a,,,,,0.035366,5/5,INCONCLUSIVE
MEASURE_ET_DC_SEC_S_Vg_at_I1_neg,0.009018,FLAT,n/a,,,,,0.036382,5/5,INCONCLUSIVE
CATHODE_ET_Rcat_cn_2_OW_ST,0.009016,FLAT,n/a,,,,,0.057394,5/5,INCONCLUSIVE
MEASURE_ET_RF_Modeling_MAG_18,0.009008,FLAT,n/a,,,,,0.026833,5/5,INCONCLUSIVE
CHRE_Ali_Litho_Channel_to_Ohmic_Alignment,0.009007,FLAT,n/a,,,,,0.033883,5/5,INCONCLUSIVE
MEASURE_ET_DC_SEC_S_Vboff_Id_FPSD3p2,0.009005,FLAT,n/a,,,,,0.037371,5/5,INCONCLUSIVE
MEASURE_ET_DC_SEC_X_Id_mA_mm_at_Vg3_SD3p5,0.008991,FLAT,n/a,,,,,0.031671,5/5,INCONCLUSIVE
THIN_ET_C100,0.008973,FLAT,n/a,,,,,0.040342,5/5,INCONCLUSIVE
MEASURE_ET_R_f_tn_2,0.008944,FLAT,n/a,,,,,0.030575,5/5,INCONCLUSIVE
MEASURE_ET_Cap_C300FB,0.008934,FLAT,n/a,,,,,0.044216,5/5,INCONCLUSIVE
MEASURE_ET_DC_RF_CF_S21_Mag_L2180,0.008932,FLAT,n/a,,,,,0.044976,5/5,INCONCLUSIVE
MEASURE_ET_DC_SEC_X_Ig_mAmm_at_Vg_cond_pos_SD3p5,0.008912,FLAT,n/a,,,,,0.037679,5/5,INCONCLUSIVE
MEASURE_ET_TANR,0.008898,FLAT,n/a,,,,,0.02716,5/5,INCONCLUSIVE
THIN_ET_DC_RF_Ids_m0p2,0.008877,FLAT,n/a,,,,,0.036181,5/5,INCONCLUSIVE
MEASURE_ET_DC_RF_Vds_max_0p1,0.00886,FLAT,n/a,,,,,0.027341,5/5,INCONCLUSIVE
MEASURE_ET_DC_SEC_S_Ig_cut1_mAmm_pos,0.008857,FLAT,n/a,,,,,0.027138,5/5,INCONCLUSIVE
MEASURE_ET_RF_Modeling_Ft_int,0.00885,FLAT,n/a,,,,,0.032097,5/5,INCONCLUSIVE
MEASURE_ET_Ran_con_1,0.00884,FLAT,n/a,,,,,0.047986,5/5,INCONCLUSIVE
TOPSIN_ET_Load_Pull_Freq,0.00882,FLAT,n/a,,,,,0.02926,5/5,INCONCLUSIVE
MEASURE_ET_DC_SEC_Imax_6V,0.008811,FLAT,n/a,,,,,0.027886,5/5,INCONCLUSIVE
MEASURE_ET_RF_Modeling_S11dB_10GHz,0.008809,FLAT,n/a,,,,,0.035207,5/5,INCONCLUSIVE
MEASURE_ET_VIA_KLV,0.008796,FLAT,n/a,,,,,0.052799,5/5,INCONCLUSIVE
BRGM_ET_C300_0,0.008793,FLAT,n/a,,,,,0.033083,5/5,INCONCLUSIVE
MEASURE_ET_Rsh_F_AB_2,0.008788,FLAT,n/a,,,,,0.032828,5/5,INCONCLUSIVE
MEASURE_ET_DC_RF_Gm_m0p2_W,0.008782,FLAT,n/a,,,,,0.030841,5/5,INCONCLUSIVE
TOPSIN_ET_lkg_SY07_10,0.008782,FLAT,n/a,,,,,0.048664,5/5,INCONCLUSIVE
MEASURE_ET_DC_RF_n_gd,0.008754,FLAT,n/a,,,,,0.045582,5/5,INCONCLUSIVE
THIN_ET_C_AN_2,0.008749,FLAT,n/a,,,,,0.034155,5/5,INCONCLUSIVE
MEASURE_ET_DC_RF_Vg_optt,0.008748,FLAT,n/a,,,,,0.05451,5/5,INCONCLUSIVE
TOPSIN_ET_Load_Pull_Vg,0.00874,FLAT,n/a,,,,,0.033588,5/5,INCONCLUSIVE
MEASURE_ET_DC_SEC_S_Vg_at_I1_neg_SD3p5,0.008713,FLAT,n/a,,,,,0.037464,5/5,INCONCLUSIVE
FIC_ET_DC_RF_Gm_0,0.008705,FLAT,n/a,,,,,0.04299,5/5,INCONCLUSIVE
MEASURE_ET_DC_SEC_X_Vg_at_I1_neg,0.008689,FLAT,n/a,,,,,0.02717,5/5,INCONCLUSIVE
SIN_GATE_ET_lkg_SY8_80,0.008684,FLAT,n/a,,,,,0.079513,5/5,INCONCLUSIVE
MEASURE_ET_DC_SEC_X_Id_mA_mm_at_Vg2_SD3p5,0.00868,FLAT,n/a,,,,,0.040616,5/5,INCONCLUSIVE
MEASURE_ET_DC_RF_S12ang_10GHz,0.008678,FLAT,n/a,,,,,0.034191,5/5,INCONCLUSIVE
MEASURE_ET_C300_0,0.008671,FLAT,n/a,,,,,0.036034,5/5,INCONCLUSIVE
TOPSIN_ET_CapFICM1,0.008652,FLAT,n/a,,,,,0.037329,5/5,INCONCLUSIVE
THIN_ET_Ran_con_3,0.008644,FLAT,n/a,,,,,0.030252,5/5,INCONCLUSIVE
MEASURE_ET_DC_RF_CF_S22_Ph_L2180,0.008643,FLAT,n/a,,,,,0.040518,5/5,INCONCLUSIVE
CATHODE_ET_Rcat_cn_1_OW_ST,0.008639,FLAT,n/a,,,,,0.052879,5/5,INCONCLUSIVE
MEASURE_ET_lkg_PAD_10,0.008637,FLAT,n/a,,,,,0.057875,5/5,INCONCLUSIVE
MEASURE_ET_R_4000_HOR,0.008609,FLAT,n/a,,,,,0.045028,5/5,INCONCLUSIVE
TOPSIN_ET_lkg_Cap_USV,0.00859,FLAT,n/a,,,,,0.060756,5/5,INCONCLUSIVE
MEASURE_ET_CapPARCAP,0.008585,FLAT,n/a,,,,,0.035271,5/5,INCONCLUSIVE
MEASURE_ET_DC_SEC_X_Ig_mAmm_at_Vg_cond_neg_SD3p5,0.008578,FLAT,n/a,,,,,0.037303,5/5,INCONCLUSIVE
MEASURE_ET_CapFICM1_0,0.008576,FLAT,n/a,,,,,0.046648,5/5,INCONCLUSIVE
MEASURE_ET_RF_Modeling_MAG_25G_Before,0.008576,FLAT,n/a,,,,,0.045915,5/5,INCONCLUSIVE
CATHODE_ET_Probe_Number,0.00857,FLAT,n/a,,,,,0.037917,5/5,INCONCLUSIVE
MEASURE_ET_RF_Modeling_Gds,0.008547,FLAT,n/a,,,,,0.037041,5/5,INCONCLUSIVE
MEASURE_ET_lkg_Cap_USV,0.008537,FLAT,n/a,,,,,0.036665,5/5,INCONCLUSIVE
MEASURE_ET_DC_SEC_Id_gm_max,0.00852,FLAT,n/a,,,,,0.045132,5/5,INCONCLUSIVE
MEASURE_ET_DC_RF_Max_S11_Ph_L1002,0.008502,FLAT,n/a,,,,,0.042345,5/5,INCONCLUSIVE
MEASURE_ET_DC_SEC_S_Ig_mAmm_at_Vg_cond_neg,0.008482,FLAT,n/a,,,,,0.039639,5/5,INCONCLUSIVE
MEASURE_ET_G2_per_6K,0.008481,FLAT,n/a,,,,,0.041292,5/5,INCONCLUSIVE
MEASURE_ET_DC_SMALL_Vbgs1,0.00848,FLAT,n/a,,,,,0.056152,5/5,INCONCLUSIVE
MEASURE_ET_DC_RD_S21dB_18GHz,0.008442,FLAT,n/a,,,,,0.030308,5/5,INCONCLUSIVE
MEASURE_ET_RF_Modeling_Rg,0.008397,FLAT,n/a,,,,,0.028294,5/5,INCONCLUSIVE
FIC_ET_C200_0S1,0.008379,FLAT,n/a,,,,,0.055201,5/5,INCONCLUSIVE
FIC_ET_G_per_15,0.008376,FLAT,n/a,,,,,0.0395,5/5,INCONCLUSIVE
MEASURE_ET_DC_SMALL_Vg_optt,0.008359,FLAT,n/a,,,,,0.030083,5/5,INCONCLUSIVE
MEASURE_ET_DC_RF_Vbin_gd,0.008322,FLAT,n/a,,,,,0.031412,5/5,INCONCLUSIVE
TOPSIN_ET_R_f_hr_3,0.008319,FLAT,n/a,,,,,0.037331,5/5,INCONCLUSIVE
TOPSIN_ET_GC_Igs,0.008318,FLAT,n/a,,,,,0.032203,5/5,INCONCLUSIVE
MEASURE_ET_DC_SEC_X_Ig_cut2_mAmm_neg,0.008312,FLAT,n/a,,,,,0.03287,5/5,INCONCLUSIVE
MEASURE_ET_DC_RF_CF_S21_Ph_L1002,0.008299,FLAT,n/a,,,,,0.030664,5/5,INCONCLUSIVE
MEASURE_ET_DC_SEC_X_Ig_cut3_mAmm_neg_SD3p5,0.008284,FLAT,n/a,,,,,0.053724,5/5,INCONCLUSIVE
MEASURE_ET_DC_Stress_Ig_max_after,0.008277,FLAT,n/a,,,,,0.034783,5/5,INCONCLUSIVE
MEASURE_ET_DC_SEC_S_Vboff_Id_plus_Ig_FPSD3p2,0.008274,FLAT,n/a,,,,,0.040139,5/5,INCONCLUSIVE
MEASURE_ET_DC_RF_CF_S12_Mag_L2180,0.00827,FLAT,n/a,,,,,0.027478,5/5,INCONCLUSIVE
MEASURE_ET_DC_SMALL_Vds_max_0p1,0.008261,FLAT,n/a,,,,,0.033317,5/5,INCONCLUSIVE
THIN_ET_R_4000_HOR,0.008261,FLAT,n/a,,,,,0.04123,5/5,INCONCLUSIVE
BRGM_ET_Rc_F_AB_2,0.00826,FLAT,n/a,,,,,0.043465,5/5,INCONCLUSIVE
MEASURE_ET_LT_SEC_ChipStatus,0.00826,FLAT,n/a,,,,,0.040923,5/5,INCONCLUSIVE
TOPSIN_ET_Gm_m2,0.008249,FLAT,n/a,,,,,0.024577,5/5,INCONCLUSIVE
MEASURE_ET_lkg_10,0.008248,FLAT,n/a,,,,,0.061557,5/5,INCONCLUSIVE
TOPSIN_ET_Load_Pull_Pin_Cut,0.008248,FLAT,n/a,,,,,0.028746,5/5,INCONCLUSIVE
MEASURE_ET_DC_SEC_S_Ig_cut2_mAmm_neg_SD3p5,0.008233,FLAT,n/a,,,,,0.029849,5/5,INCONCLUSIVE
FIC_ET_DC_RF_Vbgd_0p1,0.00823,FLAT,n/a,,,,,0.032677,5/5,INCONCLUSIVE
MEASURE_ET_DC_PIV_Ids0_QP2,0.008213,FLAT,n/a,,,,,0.026761,5/5,INCONCLUSIVE
VIA_GaN_Measure4GN_Final_GaN_thickness,0.008208,FLAT,n/a,,,,,0.028287,5/5,INCONCLUSIVE
THIN_ET_Ran_con_1_OW_CR,0.008194,FLAT,n/a,,,,,0.034393,5/5,INCONCLUSIVE
MEASURE_ET_DC_RF_S22dB_10GHz,0.008186,FLAT,n/a,,,,,0.03429,5/5,INCONCLUSIVE
THIN_ET_R_400_VER,0.008179,FLAT,n/a,,,,,0.039072,5/5,INCONCLUSIVE
SIN_GATE_ET_Rc_OG142_GN,0.008159,FLAT,n/a,,,,,0.03231,5/5,INCONCLUSIVE
FIC_ET_Vg_Vds_max,0.008138,FLAT,n/a,,,,,0.042487,5/5,INCONCLUSIVE
THIN_ET_Rc_f_hr_23,0.008129,FLAT,n/a,,,,,0.029781,5/5,INCONCLUSIVE
ANODE_ET_C_AN_2,0.008122,FLAT,n/a,,,,,0.034056,5/5,INCONCLUSIVE
FIC_ET_DC_RF_Id_gm_max,0.008109,FLAT,n/a,,,,,0.029933,5/5,INCONCLUSIVE
MEASURE_ET_DC_RF_Gm_max_W,0.008106,FLAT,n/a,,,,,0.025715,5/5,INCONCLUSIVE
THIN_ET_C20,0.008104,FLAT,n/a,,,,,0.032385,5/5,INCONCLUSIVE
MEASURE_ET_Rsh_an_ct2,0.008102,FLAT,n/a,,,,,0.039533,5/5,INCONCLUSIVE
MEASURE_ET_OHMC,0.008088,FLAT,n/a,,,,,0.043452,5/5,INCONCLUSIVE
MEASURE_ET_RF_Modeling_S11ang_10GHz,0.008083,FLAT,n/a,,,,,0.028135,5/5,INCONCLUSIVE
CATHODE_ET_Rcat_cn_1,0.008021,FLAT,n/a,,,,,0.040571,5/5,INCONCLUSIVE
MEASURE_ET_Cap2pf,0.008008,FLAT,n/a,,,,,0.04015,5/5,INCONCLUSIVE
SIN_Thickness1_SiN_Thickness_1st,0.008008,FLAT,n/a,,,,,0.028005,5/5,INCONCLUSIVE
MEASURE_ET_DC_SEC_X_Ids_max,0.008005,FLAT,n/a,,,,,0.039569,5/5,INCONCLUSIVE
TOPSIN_ET_C100CapUSV,0.008001,FLAT,n/a,,,,,0.032115,5/5,INCONCLUSIVE
THIN_ET_DC_RF_Vbgd_0p1,0.007976,FLAT,n/a,,,,,0.059844,5/5,INCONCLUSIVE
THIN_ET_DC_RD_Vboff,0.00797,FLAT,n/a,,,,,0.041249,5/5,INCONCLUSIVE
BRGM_ET_TR_1F,0.007967,FLAT,n/a,,,,,0.025489,5/5,INCONCLUSIVE
MEASURE_ET_Load_Pull_Pout_W_mm_last,0.007967,FLAT,n/a,,,,,0.036846,5/5,INCONCLUSIVE
THIN_ET_i5021_3,0.007966,FLAT,n/a,,,,,0.042003,5/5,INCONCLUSIVE
MEASURE_ET_DC_SEC_X_Ig_cut2_mAmm_neg_SD3p5,0.007952,FLAT,n/a,,,,,0.034855,5/5,INCONCLUSIVE
MEASURE_ET_DC_RF_Min_S21_Ph_L1002,0.007944,FLAT,n/a,,,,,0.024528,5/5,INCONCLUSIVE
MEASURE_ET_DC_SEC_S_Vg_at_I3_pos_SD3p5,0.007944,FLAT,n/a,,,,,0.033586,5/5,INCONCLUSIVE
MEASURE_ET_sh_GA142,0.007937,FLAT,n/a,,,,,0.023362,5/5,INCONCLUSIVE
MEASURE_ET_DC_RF2_MAG_35GHz,0.007919,FLAT,n/a,,,,,0.032657,5/5,INCONCLUSIVE
THIN_ET_R_f_tn_3,0.0079,FLAT,n/a,,,,,0.028639,5/5,INCONCLUSIVE
MEASURE_ET_RF_Modeling_S12ang_10GHz,0.007892,FLAT,n/a,,,,,0.05622,5/5,INCONCLUSIVE
SIN_GATE_ET_OHMC_GN,0.007882,FLAT,n/a,,,,,0.030673,5/5,INCONCLUSIVE
MEASURE_ET_DC_Diode_S21_dB_rev,0.007879,FLAT,n/a,,,,,0.024243,5/5,INCONCLUSIVE
THIN_ET_DC_RF_n_gs,0.007879,FLAT,n/a,,,,,0.03633,5/5,INCONCLUSIVE
TOPSIN_ET_DC_SMALL_Vg_max_Vd_0p1,0.007876,FLAT,n/a,,,,,0.044024,5/5,INCONCLUSIVE
MEASURE_ET_DC_SEC_X_Ig_cut2_mAmm_pos_FPSD3p2,0.007864,FLAT,n/a,,,,,0.029397,5/5,INCONCLUSIVE
MEASURE_ET_DC_RF_Min_S21_Ph_L1018,0.00786,FLAT,n/a,,,,,0.030916,5/5,INCONCLUSIVE
MEASURE_ET_CapUSV,0.007855,FLAT,n/a,,,,,0.050312,5/5,INCONCLUSIVE
MEASURE_ET_DC_SEC_X_Id_mA_mm_at_Vg3,0.007851,FLAT,n/a,,,,,0.050492,5/5,INCONCLUSIVE
TOPSIN_ET_DC_SMALL_Id_gm_max,0.007841,FLAT,n/a,,,,,0.027379,5/5,INCONCLUSIVE
MEASURE_ET_RF_Modeling_Mag_i,0.007826,FLAT,n/a,,,,,0.027135,5/5,INCONCLUSIVE
MEASURE_ET_RF_Modeling_S21_25G_After,0.007811,FLAT,n/a,,,,,0.030003,5/5,INCONCLUSIVE
FMESA_ET_Vbkd,0.007804,FLAT,n/a,,,,,0.030025,5/5,INCONCLUSIVE
MEASURE_ET_DC_RF2_S11ang_26GHz,0.007767,FLAT,n/a,,,,,0.033499,5/5,INCONCLUSIVE
TOPSIN_ET_RGAN3,0.007766,FLAT,n/a,,,,,0.02592,5/5,INCONCLUSIVE
MEASURE_ET_I_5,0.007738,FLAT,n/a,,,,,0.032847,5/5,INCONCLUSIVE
MEASURE_ET_DC_RF_Vbgs1,0.007731,FLAT,n/a,,,,,0.030024,5/5,INCONCLUSIVE
MEASURE_ET_lkg_CapFICM1,0.007668,FLAT,n/a,,,,,0.026791,5/5,INCONCLUSIVE
TOPSIN_ET_DC_RF_Vp_01,0.007663,FLAT,n/a,,,,,0.047542,5/5,INCONCLUSIVE
MEASURE_ET_DC_SEC_S_Ids_max_norm,0.007661,FLAT,n/a,,,,,0.0327,5/5,INCONCLUSIVE
MEASURE_ET_DC_SEC_X_Id_mA_mm_at_Vg2_FPSD3p2,0.00766,FLAT,n/a,,,,,0.028275,5/5,INCONCLUSIVE
MEASURE_ET_DC_RD_Vboff,0.007659,FLAT,n/a,,,,,0.044391,5/5,INCONCLUSIVE
MEASURE_ET_DC_SEC_X_Vboff_Id_plus_Ig,0.007631,FLAT,n/a,,,,,0.02753,5/5,INCONCLUSIVE
TOPSIN_ET_C385pf_0,0.007631,FLAT,n/a,,,,,0.031116,5/5,INCONCLUSIVE
TOPSIN_ET_Load_Pull_Pout_Last,0.007627,FLAT,n/a,,,,,0.026686,5/5,INCONCLUSIVE
THIN_ET_Rsh_F_AB_2,0.007619,FLAT,n/a,,,,,0.04693,5/5,INCONCLUSIVE
TOPSIN_ET_lkg_C500pf,0.007614,FLAT,n/a,,,,,0.051523,5/5,INCONCLUSIVE
THIN_Measure1_Glue_thickness,0.007606,FLAT,n/a,,,,,0.035488,5/5,INCONCLUSIVE
MEASURE_ET_C_AN_2_OW_CR,0.007573,FLAT,n/a,,,,,0.035868,5/5,INCONCLUSIVE
FIC_ET_lkg_SY07_10,0.007564,FLAT,n/a,,,,,0.052001,5/5,INCONCLUSIVE
MEASURE_ET_DC_RF_Vg_Vbon_min,0.007561,FLAT,n/a,,,,,0.034222,5/5,INCONCLUSIVE
SIN_CAPACITOR_ThicknessGN1_SiN_Thickness,0.007555,FLAT,n/a,,,,,0.033056,5/5,INCONCLUSIVE
SIN_ET_DC_RF_Vbgs_0p01,0.007548,FLAT,n/a,,,,,0.046082,5/5,INCONCLUSIVE
MEASURE_ET_Cap1pf_0,0.007542,FLAT,n/a,,,,,0.029928,5/5,INCONCLUSIVE
SIN_ET_TR_1F,0.007534,FLAT,n/a,,,,,0.022512,5/5,INCONCLUSIVE
MEASURE_ET_DC_PIV_Ids1_QP1,0.007533,FLAT,n/a,,,,,0.023851,5/5,INCONCLUSIVE
MEASURE_ET_Rcat_cn_2,0.007532,FLAT,n/a,,,,,0.050168,5/5,INCONCLUSIVE
MEASURE_ET_DC_RF_Vbon_max,0.007518,FLAT,n/a,,,,,0.047538,5/5,INCONCLUSIVE
TOPSIN_ET_C100Cap2pf,0.007513,FLAT,n/a,,,,,0.042829,5/5,INCONCLUSIVE
SIN_GATE_ET_lkg_SY07_10,0.00747,FLAT,n/a,,,,,0.030118,5/5,INCONCLUSIVE
MEASURE_ET_lkg_C300FM1,0.007458,FLAT,n/a,,,,,0.073444,5/5,INCONCLUSIVE
MEASURE_ET_Gm_m2,0.007451,FLAT,n/a,,,,,0.040705,5/5,INCONCLUSIVE
MEASURE_ET_DC_SEC_S_Vg_at_I3_pos,0.007441,FLAT,n/a,,,,,0.029105,5/5,INCONCLUSIVE
MEASURE_ET_DC_SEC_S_Ig_mAmm_at_Vg_cond_pos,0.007426,FLAT,n/a,,,,,0.03984,5/5,INCONCLUSIVE
TOPSIN_ET_KLV_F_AB_4u_FEMSO,0.007411,FLAT,n/a,,,,,0.029327,5/5,INCONCLUSIVE
MEASURE_ET_DC_RF_S21ang_26GHz,0.00741,FLAT,n/a,,,,,0.030384,5/5,INCONCLUSIVE
MEASURE_ET_DC_SEC_S_Ig_cut2_mAmm_neg_FPSD3p2,0.007404,FLAT,n/a,,,,,0.031782,5/5,INCONCLUSIVE
TOPSIN_ET_DC_RF_Vbgs_0p01,0.007399,FLAT,n/a,,,,,0.033251,5/5,INCONCLUSIVE
MEASURE_ET_Load_Pull_GL_meas,0.007392,FLAT,n/a,,,,,0.027235,5/5,INCONCLUSIVE
MEASURE_ET_DC_RF_Gm_max,0.007378,FLAT,n/a,,,,,0.023701,5/5,INCONCLUSIVE
MEASURE_ET_DC_SEC_X_Vg_at_I3_neg,0.007375,FLAT,n/a,,,,,0.04013,5/5,INCONCLUSIVE
THIN_ET_lkg_PAD_10,0.007374,FLAT,n/a,,,,,0.036059,5/5,INCONCLUSIVE
THIN_ET_Rc_cat_ct2_OW_ST,0.007368,FLAT,n/a,,,,,0.035148,5/5,INCONCLUSIVE
MEASURE_ET_DC_Big_Vds_max_0p1mA,0.007341,FLAT,n/a,,,,,0.037416,5/5,INCONCLUSIVE
SIN_ET_DC_RF_Vbgd1,0.007316,FLAT,n/a,,,,,0.026034,5/5,INCONCLUSIVE
MEASURE_ET_RF_Modeling_Gm_max_W,0.007283,FLAT,n/a,,,,,0.02386,5/5,INCONCLUSIVE
MEASURE_ET_DC_SEC_X_Ig_cut2_mAmm_pos,0.007274,FLAT,n/a,,,,,0.055328,5/5,INCONCLUSIVE
MEASURE_ET_DC_SEC_Idss,0.007266,FLAT,n/a,,,,,0.026693,5/5,INCONCLUSIVE
MEASURE_ET_Rc_F_AB_2,0.00725,FLAT,n/a,,,,,0.024044,5/5,INCONCLUSIVE
TOPSIN_ET_DC_SMALL_Vt_gs,0.007246,FLAT,n/a,,,,,0.029624,5/5,INCONCLUSIVE
MEASURE_ET_DC_SEC_X_Ig_mAmm_at_Vg_cond_pos_FPSD3p2,0.007244,FLAT,n/a,,,,,0.034267,5/5,INCONCLUSIVE
MEASURE_ET_LT_SEC_Vbgd1,0.007242,FLAT,n/a,,,,,0.026756,5/5,INCONCLUSIVE
FIC_ET_DC_RF_Vbgd_0p01,0.007241,FLAT,n/a,,,,,0.041667,5/5,INCONCLUSIVE
MEASURE_ET_RF_Modeling_Rgd_err,0.007222,FLAT,n/a,,,,,0.029521,5/5,INCONCLUSIVE
TOPSIN_ET_Cap3pf,0.007193,FLAT,n/a,,,,,0.05712,5/5,INCONCLUSIVE
MEASURE_ET_DC_Big_K,0.007191,FLAT,n/a,,,,,0.039178,5/5,INCONCLUSIVE
SIN_ET_DC_RF_Ids_m0p2,0.007181,FLAT,n/a,,,,,0.036045,5/5,INCONCLUSIVE
THIN_ET_C200_0,0.00717,FLAT,n/a,,,,,0.028325,5/5,INCONCLUSIVE
SIN_GATE_ET_I_5,0.007163,FLAT,n/a,,,,,0.042784,5/5,INCONCLUSIVE
MEASURE_ET_LT_SEC_Vg_Id_min,0.007159,FLAT,n/a,,,,,0.047545,5/5,INCONCLUSIVE
FIC_ET_DC_PIV_Drain_Lag_1,0.007157,FLAT,n/a,,,,,0.031144,5/5,INCONCLUSIVE
TOPSIN_ET_DC_RF_Vbgd1,0.007154,FLAT,n/a,,,,,0.032283,5/5,INCONCLUSIVE
MaskSetSupplyChipsCount,0.007143,FLAT,n/a,,,,,0.026308,5/5,INCONCLUSIVE
MEASURE_ET_DC_RF_Min_S21_Mag_L1018,0.007143,FLAT,n/a,,,,,0.023938,5/5,INCONCLUSIVE
TOPSIN_ET_Load_Pull_GL_set,0.007142,FLAT,n/a,,,,,0.02476,5/5,INCONCLUSIVE
MEASURE_ET_R_f_tn_3,0.007121,FLAT,n/a,,,,,0.035939,5/5,INCONCLUSIVE
MEASURE_ET_DC_Diode_S21_dB_forw,0.00712,FLAT,n/a,,,,,0.030841,5/5,INCONCLUSIVE
MEASURE_ET_DC_Stress_Idss_before,0.007107,FLAT,n/a,,,,,0.025937,5/5,INCONCLUSIVE
MEASURE_ET_DC_RF_S21dB_26GHz,0.007106,FLAT,n/a,,,,,0.04025,5/5,INCONCLUSIVE
MEASURE_ET_DC_SEC_S_Vp_0p7_mA_mm,0.007102,FLAT,n/a,,,,,0.03212,5/5,INCONCLUSIVE
THIN_ET_DC_RF_Vbgs1,0.007098,FLAT,n/a,,,,,0.043807,5/5,INCONCLUSIVE
MEASURE_ET_DC_RF_CF_S21_Ph_L1018,0.007094,FLAT,n/a,,,,,0.04604,5/5,INCONCLUSIVE
MEASURE_ET_DC_RF_Gm_0,0.007093,FLAT,n/a,,,,,0.034316,5/5,INCONCLUSIVE
MEASURE_ET_DC_RD_Id_Vbon_min,0.007091,FLAT,n/a,,,,,0.030961,5/5,INCONCLUSIVE
TOPSIN_ET_CapM1BRGM_0,0.007088,FLAT,n/a,,,,,0.021887,5/5,INCONCLUSIVE
MEASURE_ET_DC_SEC_X_Ig_cut1_mAmm_neg_FPSD3p2,0.00707,FLAT,n/a,,,,,0.038345,5/5,INCONCLUSIVE
MEASURE_ET_DC_RD_S21ang_18GHz,0.007066,FLAT,n/a,,,,,0.032325,5/5,INCONCLUSIVE
MEASURE_ET_DC_RF_CF_S11_Ph_L2180,0.007033,FLAT,n/a,,,,,0.022859,5/5,INCONCLUSIVE
THIN_ET_TF_AB_2,0.007031,FLAT,n/a,,,,,0.040414,5/5,INCONCLUSIVE
MEASURE_ET_R514,0.007029,FLAT,n/a,,,,,0.035871,5/5,INCONCLUSIVE
TOPSIN_ET_Cap1pf,0.007029,FLAT,n/a,,,,,0.041877,5/5,INCONCLUSIVE
MEASURE_ET_lkg_C200,0.007027,FLAT,n/a,,,,,0.041859,5/5,INCONCLUSIVE
MEASURE_ET_DC_Stress_Id_max_Ig_before,0.007009,FLAT,n/a,,,,,0.022868,5/5,INCONCLUSIVE
MEASURE_ET_DC_SEC_Imax,0.007006,FLAT,n/a,,,,,0.022541,5/5,INCONCLUSIVE
MEASURE_ET_Rc_cat_ct2,0.006996,FLAT,n/a,,,,,0.033101,5/5,INCONCLUSIVE
MEASURE_ET_DC_RD_Id_Vbon_max,0.006993,FLAT,n/a,,,,,0.028402,5/5,INCONCLUSIVE
MEASURE_ET_R414,0.006991,FLAT,n/a,,,,,0.024154,5/5,INCONCLUSIVE
FIC_ET_DC_RF_Vds_max,0.006987,FLAT,n/a,,,,,0.021724,5/5,INCONCLUSIVE
MEASURE_ET_DC_Stress_Stress_time,0.006974,FLAT,n/a,,,,,0.038047,5/5,INCONCLUSIVE
MEASURE_ET_RF_Modeling_Id_search,0.006969,FLAT,n/a,,,,,0.020844,5/5,INCONCLUSIVE
MEASURE_ET_DC_SEC_S_Ig_cut3_mAmm_pos_SD3p5,0.006961,FLAT,n/a,,,,,0.040508,5/5,INCONCLUSIVE
TOPSIN_ET_TR_1F,0.006956,FLAT,n/a,,,,,0.04369,5/5,INCONCLUSIVE
MEASURE_ET_Cap_C300FM1,0.006955,FLAT,n/a,,,,,0.025473,5/5,INCONCLUSIVE
MEASURE_ET_DC_SEC_Vgs_0p5V,0.006937,FLAT,n/a,,,,,0.032931,5/5,INCONCLUSIVE
MEASURE_ET_C300FM1_0,0.006925,FLAT,n/a,,,,,0.036973,5/5,INCONCLUSIVE
MEASURE_ET_DC_SEC_Vp_10mA,0.006919,FLAT,n/a,,,,,0.028628,5/5,INCONCLUSIVE
MEASURE_ET_R_660_HOR,0.006911,FLAT,n/a,,,,,0.037412,5/5,INCONCLUSIVE
TOPSIN_ET_Vg_Vds_max,0.006901,FLAT,n/a,,,,,0.023551,5/5,INCONCLUSIVE
MEASURE_ET_DC_SEC_S_Vp_1_mA_mm_first,0.006893,FLAT,n/a,,,,,0.031581,5/5,INCONCLUSIVE
FIC_ET_sh_GA142,0.006869,FLAT,n/a,,,,,0.030793,5/5,INCONCLUSIVE
MEASURE_ET_DC_RF_Vt_gs,0.006845,FLAT,n/a,,,,,0.032189,5/5,INCONCLUSIVE
THIN_ET_DC_RF_Vg_optt1,0.00682,FLAT,n/a,,,,,0.031657,5/5,INCONCLUSIVE
FIC_ET_R_f_hr_3,0.006797,FLAT,n/a,,,,,0.029014,5/5,INCONCLUSIVE
MEASURE_ET_RF_Modeling_Ft_ext,0.006789,FLAT,n/a,,,,,0.045193,5/5,INCONCLUSIVE
TOPSIN_ET_lkg_C385pf,0.006789,FLAT,n/a,,,,,0.049049,5/5,INCONCLUSIVE
TOPSIN_ET_sh_GA144,0.006782,FLAT,n/a,,,,,0.028941,5/5,INCONCLUSIVE
MEASURE_ET_RF_Modeling_Delta_MAG_25G,0.006763,FLAT,n/a,,,,,0.027388,5/5,INCONCLUSIVE
MEASURE_ET_Load_Pull_Id_SS,0.006751,FLAT,n/a,,,,,0.035801,5/5,INCONCLUSIVE
MEASURE_ET_DC_RF_MAG_35GHz,0.006747,FLAT,n/a,,,,,0.033864,5/5,INCONCLUSIVE
TOPSIN_ET_DC_RF_Vdg_max_0p1,0.006743,FLAT,n/a,,,,,0.033473,5/5,INCONCLUSIVE
TOPSIN_ET_Probe_Number,0.006726,FLAT,n/a,,,,,0.023165,5/5,INCONCLUSIVE
FIC_ET_DC_RF_n_gs,0.006725,FLAT,n/a,,,,,0.027845,5/5,INCONCLUSIVE
MEASURE_ET_DC_SEC_X_Vg_at_I2_neg,0.006714,FLAT,n/a,,,,,0.024466,5/5,INCONCLUSIVE
MEASURE_ET_DC_SEC_X_Vp_1_mA_mm,0.006704,FLAT,n/a,,,,,0.036144,5/5,INCONCLUSIVE
MEASURE_ET_DC_RF_S22ang_26GHz,0.006702,FLAT,n/a,,,,,0.019957,5/5,INCONCLUSIVE
FIN_Etch_Hard_Bias,0.00669,FLAT,n/a,,,,,0.03147,5/5,INCONCLUSIVE
MEASURE_ET_i5021_3,0.006685,FLAT,n/a,,,,,0.029108,5/5,INCONCLUSIVE
MEASURE_ET_DC_RF_S22ang_10GHz,0.006676,FLAT,n/a,,,,,0.022454,5/5,INCONCLUSIVE
THIN_ET_DC_RF_Vt_gs,0.006674,FLAT,n/a,,,,,0.031675,5/5,INCONCLUSIVE
MEASURE_ET_DC_RF_Vbin_gs,0.00667,FLAT,n/a,,,,,0.039274,5/5,INCONCLUSIVE
FIC_ET_DC_PIV_Gate_Lag_1,0.006668,FLAT,n/a,,,,,0.043991,5/5,INCONCLUSIVE
THIN_ET_C20_0,0.006652,FLAT,n/a,,,,,0.04483,5/5,INCONCLUSIVE
FIC_ET_C200S1,0.00664,FLAT,n/a,,,,,0.04658,5/5,INCONCLUSIVE
MEASURE_ET_TF_AB_3,0.006636,FLAT,n/a,,,,,0.025498,5/5,INCONCLUSIVE
MEASURE_ET_Cap_C300,0.006629,FLAT,n/a,,,,,0.037349,5/5,INCONCLUSIVE
BFIC_Height_FIC_metal_thickness,0.006604,FLAT,n/a,,,,,0.022659,5/5,INCONCLUSIVE
TOPSIN_ET_Cap3pf_0,0.0066,FLAT,n/a,,,,,0.051449,5/5,INCONCLUSIVE
THIN_ET_lkg_C200,0.006591,FLAT,n/a,,,,,0.041773,5/5,INCONCLUSIVE
TOPSIN_ET_DC_SMALL_Vbgd1,0.006587,FLAT,n/a,,,,,0.021088,5/5,INCONCLUSIVE
MEASURE_ET_DC_Stress_Idss_after,0.006583,FLAT,n/a,,,,,0.023965,5/5,INCONCLUSIVE
MEASURE_ET_DC_RF_Min_S21_Mag_L2180,0.006582,FLAT,n/a,,,,,0.031526,5/5,INCONCLUSIVE
MEASURE_ET_RF_Modeling_L_Gd,0.006578,FLAT,n/a,,,,,0.034631,5/5,INCONCLUSIVE
THIN_ET_Rcat_cn_2,0.006574,FLAT,n/a,,,,,0.03212,5/5,INCONCLUSIVE
BRGM_ET_C100,0.006573,FLAT,n/a,,,,,0.028828,5/5,INCONCLUSIVE
TOPSIN_ET_C300,0.00654,FLAT,n/a,,,,,0.024106,5/5,INCONCLUSIVE
THIN_ET_DC_RF_Vbgd_0p01,0.006534,FLAT,n/a,,,,,0.030549,5/5,INCONCLUSIVE
MEASURE_ET_RF_Modeling_L_Gs,0.006533,FLAT,n/a,,,,,0.025864,5/5,INCONCLUSIVE
MEASURE_ET_RF_Modeling_Vth,0.006529,FLAT,n/a,,,,,0.025652,5/5,INCONCLUSIVE
FIC_ET_DC_RF_Vt_gs,0.006525,FLAT,n/a,,,,,0.045816,5/5,INCONCLUSIVE
MEASURE_ET_USV_Cappf_0,0.006521,FLAT,n/a,,,,,0.049259,5/5,INCONCLUSIVE
SIN_ET_lkg_SY8_80,0.006518,FLAT,n/a,,,,,0.043693,5/5,INCONCLUSIVE
SIN_ET_DC_PIV_Idss_QP2,0.006515,FLAT,n/a,,,,,0.030691,5/5,INCONCLUSIVE
MEASURE_ET_lkg_100_at20V,0.006501,FLAT,n/a,,,,,0.034941,5/5,INCONCLUSIVE
THIN_ET_Rcat_cn_1_OW_ST,0.006469,FLAT,n/a,,,,,0.027544,5/5,INCONCLUSIVE
MEASURE_ET_DC_SMALL_Vbin_gs,0.00646,FLAT,n/a,,,,,0.031028,5/5,INCONCLUSIVE
BRIDGE_METAL_CD_BRGM_Final_metal_CD,0.006456,FLAT,n/a,,,,,0.031855,5/5,INCONCLUSIVE
THIN_Measure2GN_Thickness_after_grinding,0.006429,FLAT,n/a,,,,,0.028913,5/5,INCONCLUSIVE
FIC_ET_Vdg_max,0.006416,FLAT,n/a,,,,,0.031857,5/5,INCONCLUSIVE
MEASURE_ET_DC_Big_S21dB_10GHz,0.006404,FLAT,n/a,,,,,0.020366,5/5,INCONCLUSIVE
TOPSIN_ET_lkg_CapM1BRGM,0.006401,FLAT,n/a,,,,,0.023122,5/5,INCONCLUSIVE
THIN_ET_Rcat_cn_3_OW_ST,0.0064,FLAT,n/a,,,,,0.02925,5/5,INCONCLUSIVE
FIC_ET_G_per_6K,0.006395,FLAT,n/a,,,,,0.033081,5/5,INCONCLUSIVE
MEASURE_ET_DC_Big_Vdg_max,0.006391,FLAT,n/a,,,,,0.033201,5/5,INCONCLUSIVE
MEASURE_ET_DC_SEC_X_Vg_at_I1_pos,0.006387,FLAT,n/a,,,,,0.024549,5/5,INCONCLUSIVE
MEASURE_ET_RF_Modeling_Gm,0.006377,FLAT,n/a,,,,,0.023657,5/5,INCONCLUSIVE
MEASURE_ET_LT_SEC_Vd_Id_min_Vd3,0.006376,FLAT,n/a,,,,,0.022298,5/5,INCONCLUSIVE
BRGM_Height3_TOP_metal_thickness,0.006371,FLAT,n/a,,,,,0.027819,5/5,INCONCLUSIVE
THIN_ET_Er,0.006367,FLAT,n/a,,,,,0.044709,5/5,INCONCLUSIVE
MEASURE_ET_RF_Modeling_Idss_W,0.006364,FLAT,n/a,,,,,0.028523,5/5,INCONCLUSIVE
FIC_ET_DC_PIV_Gate_Lag_0,0.006363,FLAT,n/a,,,,,0.020533,5/5,INCONCLUSIVE
MEASURE_ET_DC_RF_S21ang_10GHz,0.006352,FLAT,n/a,,,,,0.050442,5/5,INCONCLUSIVE
SIN_ET_DC_RF_Vdg_max_0p1,0.006345,FLAT,n/a,,,,,0.034734,5/5,INCONCLUSIVE
THIN_ET_DC_RF_Vbgs_0p01,0.006334,FLAT,n/a,,,,,0.026535,5/5,INCONCLUSIVE
TOPSIN_ET_lkg_Cap1,0.006328,FLAT,n/a,,,,,0.03336,5/5,INCONCLUSIVE
MEASURE_ET_DC_Big_Vg_max_Vd,0.006324,FLAT,n/a,,,,,0.05012,5/5,INCONCLUSIVE
THIN_ET_lkg_50_at20V,0.006324,FLAT,n/a,,,,,0.041987,5/5,INCONCLUSIVE
MEASURE_ET_DC_RD_Ft,0.006308,FLAT,n/a,,,,,0.029909,5/5,INCONCLUSIVE
MEASURE_ET_DC_Big_Vg_optt2,0.006296,FLAT,n/a,,,,,0.034801,5/5,INCONCLUSIVE
FIC_ET_DC_RF_Vg_optt,0.00629,FLAT,n/a,,,,,0.040355,5/5,INCONCLUSIVE
MEASURE_ET_DC_RF_S11dB_26GHz_W,0.006286,FLAT,n/a,,,,,0.026349,5/5,INCONCLUSIVE
OHMIC_ET_Ran_con_2,0.00628,FLAT,n/a,,,,,0.030349,5/5,INCONCLUSIVE
MEASURE_ET_RF_Modeling_Rs,0.006274,FLAT,n/a,,,,,0.024717,5/5,INCONCLUSIVE
MEASURE_ET_RF_Modeling_Cds,0.00627,FLAT,n/a,,,,,0.02937,5/5,INCONCLUSIVE
TOPSIN_ET_lkg_CapFICBRGM,0.006253,FLAT,n/a,,,,,0.021325,5/5,INCONCLUSIVE
MEASURE_ET_DC_SEC_X_Vg_at_I3_pos_FPSD3p2,0.00625,FLAT,n/a,,,,,0.022323,5/5,INCONCLUSIVE
FIC_ET_DC_RF_Vbin_gd,0.006249,FLAT,n/a,,,,,0.03549,5/5,INCONCLUSIVE
THIN_ET_Rc_F_AB_2,0.006219,FLAT,n/a,,,,,0.025137,5/5,INCONCLUSIVE
FP2_Height1_FP2_Height1,0.006213,FLAT,n/a,,,,,0.020137,5/5,INCONCLUSIVE
MEASURE_ET_C100C500pf,0.006191,FLAT,n/a,,,,,0.033261,5/5,INCONCLUSIVE
TOPSIN_ET_DC_RF_Vbin_gs,0.006176,FLAT,n/a,,,,,0.031328,5/5,INCONCLUSIVE
MEASURE_ET_DC_Stress_Vg_max_Ig_after,0.006173,FLAT,n/a,,,,,0.022816,5/5,INCONCLUSIVE
MEASURE_ET_DC_RF_CF_S12_Mag_L1018,0.006166,FLAT,n/a,,,,,0.028713,5/5,INCONCLUSIVE
MEASURE_ET_RF_Modeling_Delta_MAG_19G,0.006147,FLAT,n/a,,,,,0.024422,5/5,INCONCLUSIVE
MEASURE_ET_RF_Modeling_Tau_err,0.006146,FLAT,n/a,,,,,0.030554,5/5,INCONCLUSIVE
MEASURE_ET_DC_SEC_X_Id_mA_mm_at_Vg3_FPSD3p2,0.006142,FLAT,n/a,,,,,0.032837,5/5,INCONCLUSIVE
MEASURE_ET_DC_SMALL_Gm_m0p2,0.006124,FLAT,n/a,,,,,0.025121,5/5,INCONCLUSIVE
SIN_ET_DC_RF_Vbgs1,0.006122,FLAT,n/a,,,,,0.03938,5/5,INCONCLUSIVE
THIN_ET_DC_RF_Imax,0.006122,FLAT,n/a,,,,,0.020147,5/5,INCONCLUSIVE
MEASURE_ET_lkg_100,0.006121,FLAT,n/a,,,,,0.060564,5/5,INCONCLUSIVE
MEASURE_ET_DC_PIV_Gate_Lag_Idss,0.006111,FLAT,n/a,,,,,0.022902,5/5,INCONCLUSIVE
MEASURE_ET_DC_Big_Vdg_max_0p1mA,0.006097,FLAT,n/a,,,,,0.022254,5/5,INCONCLUSIVE
MEASURE_ET_lkg_Cap2,0.006092,FLAT,n/a,,,,,0.061145,5/5,INCONCLUSIVE
MEASURE_ET_Rcat_cn_1_OW_ST,0.006088,FLAT,n/a,,,,,0.02693,5/5,INCONCLUSIVE
MEASURE_ET_DC_SEC_X_Ig_cut1_mAmm_pos_SD3p5,0.006085,FLAT,n/a,,,,,0.030251,5/5,INCONCLUSIVE
MEASURE_ET_DC_SEC_X_Vboff_Id,0.006079,FLAT,n/a,,,,,0.033114,5/5,INCONCLUSIVE
MEASURE_ET_DC_Big_Gm_m0p2,0.006077,FLAT,n/a,,,,,0.01994,5/5,INCONCLUSIVE
TOPSIN_ET_DC_SMALL_Vg_optt,0.006063,FLAT,n/a,,,,,0.036214,5/5,INCONCLUSIVE
TOPSIN_ET_lkg_C175pf,0.006055,FLAT,n/a,,,,,0.025184,5/5,INCONCLUSIVE
MEASURE_ET_Load_Pull_Pout_Last,0.006049,FLAT,n/a,,,,,0.02361,5/5,INCONCLUSIVE
MEASURE_ET_DC_SEC_X_Ig_cut3_mAmm_pos_SD3p5,0.006015,FLAT,n/a,,,,,0.02739,5/5,INCONCLUSIVE
TOPSIN_ET_DC_SMALL_Idss,0.006014,FLAT,n/a,,,,,0.021235,5/5,INCONCLUSIVE
MEASURE_ET_DC_SEC_X_Bin_SD3p5,0.005994,FLAT,n/a,,,,,0.02189,5/5,INCONCLUSIVE
MEASURE_ET_Vbkdn_CapBig,0.005983,FLAT,n/a,,,,,0.026717,5/5,INCONCLUSIVE
MEASURE_ET_DC_RF_S22ang_26GHz_W,0.005983,FLAT,n/a,,,,,0.027022,5/5,INCONCLUSIVE
MEASURE_ET_RF_Modeling_ids_m0p2_W,0.005956,FLAT,n/a,,,,,0.031034,5/5,INCONCLUSIVE
TOPSIN_ET_KLV_F_M1_4u,0.005956,FLAT,n/a,,,,,0.023851,5/5,INCONCLUSIVE
MEASURE_ET_DC_Big_S21ang_10GHz,0.005951,FLAT,n/a,,,,,0.033556,5/5,INCONCLUSIVE
MEASURE_ET_DC_RF_CF_S11_Mag_L1002,0.005935,FLAT,n/a,,,,,0.022558,5/5,INCONCLUSIVE
SIN_ET_DC_RF_Vdg_max_0p1mA,0.005932,FLAT,n/a,,,,,0.022528,5/5,INCONCLUSIVE
TOPSIN_ET_Load_Pull_Id_SS,0.00593,FLAT,n/a,,,,,0.046126,5/5,INCONCLUSIVE
MEASURE_ET_DC_RF_MAG_26GHz,0.005924,FLAT,n/a,,,,,0.033696,5/5,INCONCLUSIVE
TOPSIN_ET_DC_RF_Vt_gs,0.005903,FLAT,n/a,,,,,0.018231,5/5,INCONCLUSIVE
MEASURE_ET_RF_Modeling_Rgs_err,0.005899,FLAT,n/a,,,,,0.026088,5/5,INCONCLUSIVE
TOPSIN_ET_DC_RF_Id_gm_max,0.005899,FLAT,n/a,,,,,0.020413,5/5,INCONCLUSIVE
MEASURE_ET_Ran_con_2,0.005896,FLAT,n/a,,,,,0.018422,5/5,INCONCLUSIVE
TOPSIN_ET_Vp_1,0.005887,FLAT,n/a,,,,,0.031495,5/5,INCONCLUSIVE
FIC_ET_Vp_1,0.005886,FLAT,n/a,,,,,0.022056,5/5,INCONCLUSIVE
MEASURE_ET_RF_Modeling_S22dB_10GHz,0.005875,FLAT,n/a,,,,,0.023823,5/5,INCONCLUSIVE
TOPSIN_ET_Load_Pull_Pout_W_mm_last,0.005872,FLAT,n/a,,,,,0.030618,5/5,INCONCLUSIVE
MEASURE_ET_DC_SEC_S_ChipStatus,0.005864,FLAT,n/a,,,,,0.022384,5/5,INCONCLUSIVE
MEASURE_ET_Cap_C300M1B,0.005863,FLAT,n/a,,,,,0.033013,5/5,INCONCLUSIVE
SIN_ET_DC_PIV_Imax_QP1,0.005862,FLAT,n/a,,,,,0.019284,5/5,INCONCLUSIVE
THIN_ET_DC_RF_Vg_optt2,0.00586,FLAT,n/a,,,,,0.032365,5/5,INCONCLUSIVE
TOPSIN_ET_CapPARCAP,0.005852,FLAT,n/a,,,,,0.024907,5/5,INCONCLUSIVE
MEASURE_ET_lkg_Cap3,0.005849,FLAT,n/a,,,,,0.025263,5/5,INCONCLUSIVE
THIN_ET_DC_RF_Vds_max,0.005846,FLAT,n/a,,,,,0.022713,5/5,INCONCLUSIVE
THIN_ET_DC_RF_Vbin_gs,0.005826,FLAT,n/a,,,,,0.026407,5/5,INCONCLUSIVE
FIC_ET_DC_RF_Vbgs_0p1,0.005825,FLAT,n/a,,,,,0.038971,5/5,INCONCLUSIVE
MEASURE_ET_DC_RF_Vp_1_W,0.005823,FLAT,n/a,,,,,0.022993,5/5,INCONCLUSIVE
MEASURE_ET_LT_SEC_Vg_Id_min_Vd7,0.005819,FLAT,n/a,,,,,0.032516,5/5,INCONCLUSIVE
THIN_ET_HIRS,0.005795,FLAT,n/a,,,,,0.024065,5/5,INCONCLUSIVE
THIN_ET_OHMC,0.005791,FLAT,n/a,,,,,0.040356,5/5,INCONCLUSIVE
SIN_ET_lkg_SY07_10,0.005763,FLAT,n/a,,,,,0.050607,5/5,INCONCLUSIVE
BRGM_Cd_Metal_BRGM_Final_metal_CD,0.00576,FLAT,n/a,,,,,0.018559,5/5,INCONCLUSIVE
FIC_ET_DC_PIV_Ids1_QP1,0.00575,FLAT,n/a,,,,,0.020002,5/5,INCONCLUSIVE
MEASURE_ET_R_f_hr_2,0.00572,FLAT,n/a,,,,,0.036163,5/5,INCONCLUSIVE
TOPSIN_ET_C175pf_0,0.005719,FLAT,n/a,,,,,0.021614,5/5,INCONCLUSIVE
BRGM_ET_KLV_F_AB_4u,0.005701,FLAT,n/a,,,,,0.020471,5/5,INCONCLUSIVE
TOPSIN_ET_DC_RF_Vbin_gd,0.005701,FLAT,n/a,,,,,0.024901,5/5,INCONCLUSIVE
TOPSIN_ET_DC_SMALL_Vds_max,0.005696,FLAT,n/a,,,,,0.023648,5/5,INCONCLUSIVE
FIC_ET_Vd_at_Id_cut_cond,0.005693,FLAT,n/a,,,,,0.027299,5/5,INCONCLUSIVE
MEASURE_ET_DC_RF_S21dB_26GHz_W,0.005687,FLAT,n/a,,,,,0.020008,5/5,INCONCLUSIVE
SIN_ET_DC_RF_Vg_optt,0.005687,FLAT,n/a,,,,,0.020679,5/5,INCONCLUSIVE
MEASURE_ET_TF_AB_1,0.005679,FLAT,n/a,,,,,0.032621,5/5,INCONCLUSIVE
FIC_ET_C100S1,0.005666,FLAT,n/a,,,,,0.025629,5/5,INCONCLUSIVE
TOPSIN_ET_C100C500pf,0.005664,FLAT,n/a,,,,,0.018586,5/5,INCONCLUSIVE
TOPSIN_ET_lkg_CapFICM1,0.005654,FLAT,n/a,,,,,0.040071,5/5,INCONCLUSIVE
SIN_ThicknessGN2_RefractiveIndex,0.005651,FLAT,n/a,,,,,0.021005,5/5,INCONCLUSIVE
THIN_ET_R314,0.005643,FLAT,n/a,,,,,0.017719,5/5,INCONCLUSIVE
TOPSIN_ET_DC_PIV_Ids0_QP2,0.005636,FLAT,n/a,,,,,0.023086,5/5,INCONCLUSIVE
MEASURE_ET_DC_SEC_S_Vg_at_I2_pos_SD3p5,0.005626,FLAT,n/a,,,,,0.025145,5/5,INCONCLUSIVE
THIN_ET_R_f_tn_2,0.005623,FLAT,n/a,,,,,0.032053,5/5,INCONCLUSIVE
FIC_ET_Rc_OG142,0.005621,FLAT,n/a,,,,,0.018148,5/5,INCONCLUSIVE
TOPSIN_ET_Rc_f_hr_23,0.005616,FLAT,n/a,,,,,0.019413,5/5,INCONCLUSIVE
MEASURE_ET_DC_SEC_Vp_1mA,0.005612,FLAT,n/a,,,,,0.028901,5/5,INCONCLUSIVE
MEASURE_ET_DC_PIV_Drain_Lag_Idss,0.00561,FLAT,n/a,,,,,0.016298,5/5,INCONCLUSIVE
FIC_ET_DC_RF_Vg_max_Vd,0.005587,FLAT,n/a,,,,,0.019918,5/5,INCONCLUSIVE
MEASURE_ET_C100C175pf,0.005582,FLAT,n/a,,,,,0.028731,5/5,INCONCLUSIVE
MEASURE_ET_C300FB_0,0.005568,FLAT,n/a,,,,,0.038783,5/5,INCONCLUSIVE
TOPSIN_ET_CapFICM1_0,0.005563,FLAT,n/a,,,,,0.033861,5/5,INCONCLUSIVE
MEASURE_ET_USV_Cappf,0.005561,FLAT,n/a,,,,,0.039111,5/5,INCONCLUSIVE
MEASURE_ET_DC_SEC_S_Vg_at_I1_pos_SD3p5,0.005547,FLAT,n/a,,,,,0.03124,5/5,INCONCLUSIVE
GATE2_ET_Ids2_Gate_recess_current,0.005542,FLAT,n/a,,,,,0.018568,5/5,INCONCLUSIVE
MEASURE_ET_DC_SEC_X_Vp_1_mA_mm_second_FPSD3p2,0.005539,FLAT,n/a,,,,,0.028247,5/5,INCONCLUSIVE
THIN_ET_DC_RF_Vg_gm_max,0.005536,FLAT,n/a,,,,,0.019677,5/5,INCONCLUSIVE
MEASURE_ET_C100Cap2pf,0.005533,FLAT,n/a,,,,,0.021854,5/5,INCONCLUSIVE
TOPSIN_ET_Gm_max,0.005527,FLAT,n/a,,,,,0.026232,5/5,INCONCLUSIVE
MEASURE_ET_DC_RF_MSG_18GHz,0.005522,FLAT,n/a,,,,,0.021111,5/5,INCONCLUSIVE
MEASURE_ET_R_400_HOR,0.005516,FLAT,n/a,,,,,0.032366,5/5,INCONCLUSIVE
MEASURE_ET_DC_SEC_X_Vboff_Id_FPSD3p2,0.00551,FLAT,n/a,,,,,0.027105,5/5,INCONCLUSIVE
MEASURE_ET_DC_Stress_Vd_stress,0.005509,FLAT,n/a,,,,,0.036725,5/5,INCONCLUSIVE
FIC_ET_Bad_Gates,0.005503,FLAT,n/a,,,,,0.034229,5/5,INCONCLUSIVE
MEASURE_ET_Cap3pf_0,0.005503,FLAT,n/a,,,,,0.020527,5/5,INCONCLUSIVE
OHMIC_ET_OHMIC_conc,0.005502,FLAT,n/a,,,,,0.019329,5/5,INCONCLUSIVE
MEASURE_ET_DC_RD_MSG_35GHz,0.005493,FLAT,n/a,,,,,0.01756,5/5,INCONCLUSIVE
TOPSIN_ET_Vdg_max,0.005484,FLAT,n/a,,,,,0.021006,5/5,INCONCLUSIVE
MEASURE_ET_RGAN1,0.005482,FLAT,n/a,,,,,0.020174,5/5,INCONCLUSIVE
THIN_ET_R_f_hr_1,0.005455,FLAT,n/a,,,,,0.021434,5/5,INCONCLUSIVE
MEASURE_ET_Load_Pull_Gain_comp_Last,0.005448,FLAT,n/a,,,,,0.036914,5/5,INCONCLUSIVE
TOPSIN_ET_Load_Pull_Id_ini,0.005441,FLAT,n/a,,,,,0.024374,5/5,INCONCLUSIVE
TOPSIN_ET_DC_RF_Vg_max_Vd_0p1,0.005429,FLAT,n/a,,,,,0.029046,5/5,INCONCLUSIVE
MEASURE_ET_DC_RF_Vds_max,0.005422,FLAT,n/a,,,,,0.022951,5/5,INCONCLUSIVE
MEASURE_ET_lkg_C175pf,0.00542,FLAT,n/a,,,,,0.032512,5/5,INCONCLUSIVE
TOPSIN_ET_Load_Pull_Pin_Last,0.00542,FLAT,n/a,,,,,0.022216,5/5,INCONCLUSIVE
FIC_ET_DC_RF_Vt_gd,0.005408,FLAT,n/a,,,,,0.026825,5/5,INCONCLUSIVE
MEASURE_ET_DC_SEC_X_Ids_max_norm,0.005388,FLAT,n/a,,,,,0.017927,5/5,INCONCLUSIVE
MEASURE_ET_RF_Modeling_L_Gg,0.005386,FLAT,n/a,,,,,0.032482,5/5,INCONCLUSIVE
TFRP_ET_TF_AB_2,0.005386,FLAT,n/a,,,,,0.020189,5/5,INCONCLUSIVE
MEASURE_ET_Load_Pull_Gss,0.005378,FLAT,n/a,,,,,0.026541,5/5,INCONCLUSIVE
MEASURE_ET_Rc_OG144,0.005375,FLAT,n/a,,,,,0.026006,5/5,INCONCLUSIVE
MEASURE_ET_CapFICBRGM,0.005362,FLAT,n/a,,,,,0.02206,5/5,INCONCLUSIVE
MEASURE_ET_R214,0.00535,FLAT,n/a,,,,,0.030333,5/5,INCONCLUSIVE
MEASURE_ET_lkg_C300pf,0.005345,FLAT,n/a,,,,,0.033785,5/5,INCONCLUSIVE
MEASURE_ET_DC_RF_Max_S11_Mag_L2180,0.005343,FLAT,n/a,,,,,0.026973,5/5,INCONCLUSIVE
MEASURE_ET_LT_SEC_Vbgd1_Vd8,0.005342,FLAT,n/a,,,,,0.018795,5/5,INCONCLUSIVE
GATE2_CD_330nm_Gate_Leg_Length,0.005333,FLAT,n/a,,,,,0.021346,5/5,INCONCLUSIVE
SIN_ET_DC_RF_Vg_optt3,0.005329,FLAT,n/a,,,,,0.034742,5/5,INCONCLUSIVE
MEASURE_ET_lkg_SY8_80,0.00532,FLAT,n/a,,,,,0.052343,5/5,INCONCLUSIVE
MEASURE_ET_C300M1B_0,0.005318,FLAT,n/a,,,,,0.026825,5/5,INCONCLUSIVE
MEASURE_ET_RF_Modeling_MAG_25G_After,0.005318,FLAT,n/a,,,,,0.025545,5/5,INCONCLUSIVE
THIN_ET_sh_f_hr_23,0.005307,FLAT,n/a,,,,,0.026386,5/5,INCONCLUSIVE
MEASURE_ET_DC_Big_Vds_max,0.005299,FLAT,n/a,,,,,0.029391,5/5,INCONCLUSIVE
TOPSIN_ET_Load_Pull_PhL_meas,0.005297,FLAT,n/a,,,,,0.027495,5/5,INCONCLUSIVE
TOPSIN_ET_G2_per_6K,0.005292,FLAT,n/a,,,,,0.021651,5/5,INCONCLUSIVE
SIN_GATE_ET_R414,0.005282,FLAT,n/a,,,,,0.025116,5/5,INCONCLUSIVE
TOPSIN_ET_sh_GA142_GN,0.005277,FLAT,n/a,,,,,0.028594,5/5,INCONCLUSIVE
MEASURE_ET_DC_RF_Max_S11_Freq_L1018,0.005273,FLAT,n/a,,,,,0.029715,5/5,INCONCLUSIVE
MEASURE_ET_DC_SMALL_Vdg_max,0.00527,FLAT,n/a,,,,,0.034637,5/5,INCONCLUSIVE
MEASURE_ET_lkg_USV_Cap,0.00526,FLAT,n/a,,,,,0.034392,5/5,INCONCLUSIVE
MEASURE_ET_DC_SEC_S_Ig_cut1_mAmm_neg_FPSD3p2,0.005258,FLAT,n/a,,,,,0.023313,5/5,INCONCLUSIVE
SIN_GATE_ET_OHMIC_conc,0.005254,FLAT,n/a,,,,,0.015433,5/5,INCONCLUSIVE
MEASURE_ET_DC_SEC_Vboff_Vds_min_ON,0.005253,FLAT,n/a,,,,,0.033016,5/5,INCONCLUSIVE
SIN_ET_DC_PIV_Imax_QP2,0.005249,FLAT,n/a,,,,,0.020417,5/5,INCONCLUSIVE
MEASURE_ET_DC_SEC_Vgs_1V,0.005241,FLAT,n/a,,,,,0.020685,5/5,INCONCLUSIVE
ANODE_ET_Probe_Number,0.005236,FLAT,n/a,,,,,0.021119,5/5,INCONCLUSIVE
TOPSIN_ET_Load_Pull_Pout_W_last,0.005226,FLAT,n/a,,,,,0.02717,5/5,INCONCLUSIVE
FIC_ET_DC_RF_Vbin_gs,0.005225,FLAT,n/a,,,,,0.024442,5/5,INCONCLUSIVE
MEASURE_ET_DC_RF_Freq_cut_L1018,0.005224,FLAT,n/a,,,,,0.019023,5/5,INCONCLUSIVE
MEASURE_ET_DC_SEC_S_Vboff_Id_plus_Ig,0.005215,FLAT,n/a,,,,,0.0289,5/5,INCONCLUSIVE
MEASURE_ET_C100,0.00521,FLAT,n/a,,,,,0.016998,5/5,INCONCLUSIVE
MEASURE_ET_DC_SEC_S_Vp_1_mA_mm_second_FPSD3p2,0.005209,FLAT,n/a,,,,,0.020853,5/5,INCONCLUSIVE
TOPSIN_ET_C100CapFICM1,0.005208,FLAT,n/a,,,,,0.026525,5/5,INCONCLUSIVE
MEASURE_ET_DC_SEC_S_Id_mA_mm_at_Vg3_SD3p5,0.005202,FLAT,n/a,,,,,0.017447,5/5,INCONCLUSIVE
TOPSIN_ET_DC_RF_Vg_max_Vd,0.005186,FLAT,n/a,,,,,0.020302,5/5,INCONCLUSIVE
FIC_ET_DC_RF_Vds_max_0p1,0.005184,FLAT,n/a,,,,,0.024798,5/5,INCONCLUSIVE
MEASURE_ET_LT_SEC_Vg_Id_min_Vd3,0.00518,FLAT,n/a,,,,,0.02938,5/5,INCONCLUSIVE
MEASURE_ET_lkg_C300M1B,0.005171,FLAT,n/a,,,,,0.027503,5/5,INCONCLUSIVE
TOPSIN_ET_DC_RF_Idss,0.005166,FLAT,n/a,,,,,0.017386,5/5,INCONCLUSIVE
MEASURE_ET_DC_Big_S11dB_10GHz,0.005162,FLAT,n/a,,,,,0.022482,5/5,INCONCLUSIVE
TOPSIN_ET_R514,0.005156,FLAT,n/a,,,,,0.040597,5/5,INCONCLUSIVE
OHMIC_Thickness_SiN_Thickness,0.005154,FLAT,n/a,,,,,0.027902,5/5,INCONCLUSIVE
MEASURE_ET_DC_RD_S11dB_18GHz,0.005147,FLAT,n/a,,,,,0.021121,5/5,INCONCLUSIVE
MEASURE_ET_Rsh_cat_c2,0.005146,FLAT,n/a,,,,,0.028952,5/5,INCONCLUSIVE
TOPSIN_ET_C300pf,0.005138,FLAT,n/a,,,,,0.027139,5/5,INCONCLUSIVE
MEASURE_ET_Vbkdn_Cap100,0.005135,FLAT,n/a,,,,,0.018261,5/5,INCONCLUSIVE
TOPSIN_ET_lkg_Cap3,0.005115,FLAT,n/a,,,,,0.053684,5/5,INCONCLUSIVE
TOPSIN_ET_DC_RF_n_gs,0.005113,FLAT,n/a,,,,,0.044989,5/5,INCONCLUSIVE
OHMIC_ET_Rc_OG142,0.005103,FLAT,n/a,,,,,0.021093,5/5,INCONCLUSIVE
BRGM_ET_KLV_F_M1_4u,0.005102,FLAT,n/a,,,,,0.016784,5/5,INCONCLUSIVE
THIN_ET_lkg_70_at20V,0.0051,FLAT,n/a,,,,,0.09252,5/5,INCONCLUSIVE
THIN_ET_Rsh_TF_AB2,0.005098,FLAT,n/a,,,,,0.025944,5/5,INCONCLUSIVE
MEASURE_ET_DC_Stress_Id_gm_max_before,0.005092,FLAT,n/a,,,,,0.02319,5/5,INCONCLUSIVE
SIN_Thickness2_SiN_Thickness,0.005091,FLAT,n/a,,,,,0.019633,5/5,INCONCLUSIVE
MEASURE_ET_C300FB,0.005084,FLAT,n/a,,,,,0.024969,5/5,INCONCLUSIVE
MEASURE_ET_DC_RF_CF_S12_Ph_L2180,0.005082,FLAT,n/a,,,,,0.020233,5/5,INCONCLUSIVE
MEASURE_ET_RF_Modeling_Gm_err,0.005081,FLAT,n/a,,,,,0.016533,5/5,INCONCLUSIVE
MEASURE_ET_RF_Modeling_Vg_gm_max_W,0.005077,FLAT,n/a,,,,,0.024029,5/5,INCONCLUSIVE
MEASURE_ET_DC_Stress_Vg_gm_max_before,0.005076,FLAT,n/a,,,,,0.020931,5/5,INCONCLUSIVE
MEASURE_ET_Load_Pull_Vg,0.005072,FLAT,n/a,,,,,0.035033,5/5,INCONCLUSIVE
MEASURE_ET_DC_RD_MSG_18GHz,0.005061,FLAT,n/a,,,,,0.018759,5/5,INCONCLUSIVE
MEASURE_ET_DC_RF_Max_S11_Freq_L2180,0.005057,FLAT,n/a,,,,,0.017386,5/5,INCONCLUSIVE
MEASURE_ET_DC_SEC_S_Ig_cut2_mAmm_pos,0.005056,FLAT,n/a,,,,,0.01856,5/5,INCONCLUSIVE
FIC_ET_R114,0.005047,FLAT,n/a,,,,,0.017152,5/5,INCONCLUSIVE
TOPSIN_ET_DC_RF_Vp_1,0.005038,FLAT,n/a,,,,,0.018598,5/5,INCONCLUSIVE
THIN_ET_C300_0,0.005032,FLAT,n/a,,,,,0.045832,5/5,INCONCLUSIVE
THIN_ET_DC_RF_Vdg_max,0.00502,FLAT,n/a,,,,,0.023977,5/5,INCONCLUSIVE
TOPSIN_ET_Load_Pull_GL_meas,0.005012,FLAT,n/a,,,,,0.021014,5/5,INCONCLUSIVE
FIC_ET_OHMC,0.004998,FLAT,n/a,,,,,0.034253,5/5,INCONCLUSIVE
THIN_ET_TF_AB_3,0.004996,FLAT,n/a,,,,,0.021916,5/5,INCONCLUSIVE
TOPSIN_ET_DC_SMALL_Vt_gd,0.004988,FLAT,n/a,,,,,0.036234,5/5,INCONCLUSIVE
MEASURE_ET_DC_SMALL_Vbgs_0p01,0.004985,FLAT,n/a,,,,,0.033287,5/5,INCONCLUSIVE
SIN_GATE_ET_R314,0.004982,FLAT,n/a,,,,,0.020164,5/5,INCONCLUSIVE
MEASURE_ET_Rcat_cn_2_OW_ST,0.004965,FLAT,n/a,,,,,0.028708,5/5,INCONCLUSIVE
ABVIA_CD_AB_VIA_litho,0.004964,FLAT,n/a,,,,,0.031524,5/5,INCONCLUSIVE
TOPSIN_ET_Cap1pf_0,0.004951,FLAT,n/a,,,,,0.032843,5/5,INCONCLUSIVE
MEASURE_ET_DC_RF_Ft,0.00495,FLAT,n/a,,,,,0.021659,5/5,INCONCLUSIVE
TOPSIN_ET_Cap2pf,0.004934,FLAT,n/a,,,,,0.024126,5/5,INCONCLUSIVE
MEASURE_ET_DC_SEC_X_Ids_max_SD3p5,0.004933,FLAT,n/a,,,,,0.026915,5/5,INCONCLUSIVE
OHMIC_ET_R214,0.004929,FLAT,n/a,,,,,0.019767,5/5,INCONCLUSIVE
MEASURE_ET_C100Cap3pf,0.004922,FLAT,n/a,,,,,0.031123,5/5,INCONCLUSIVE
MEASURE_ET_lkg_5,0.004916,FLAT,n/a,,,,,0.019604,5/5,INCONCLUSIVE
MEASURE_ET_DC_SEC_S_Vp_1_mA_mm_first_SD3p5,0.004908,FLAT,n/a,,,,,0.028231,5/5,INCONCLUSIVE
FIC_ET_DC_PIV_Ids1_QP2,0.004902,FLAT,n/a,,,,,0.02061,5/5,INCONCLUSIVE
MEASURE_ET_DC_SMALL_Imax,0.004895,FLAT,n/a,,,,,0.021957,5/5,INCONCLUSIVE
THIN_ET_Vbpin_D60,0.004895,FLAT,n/a,,,,,0.033567,5/5,INCONCLUSIVE
TOPSIN_ET_DC_PIV_Ids0_QP3,0.004892,FLAT,n/a,,,,,0.027877,5/5,INCONCLUSIVE
THIN_ET_Rsh_an_ct2_OW_CR,0.004888,FLAT,n/a,,,,,0.020064,5/5,INCONCLUSIVE
MEASURE_ET_DC_SEC_S_Ids_max_norm_FPSD3p2,0.00488,FLAT,n/a,,,,,0.024246,5/5,INCONCLUSIVE
TOPSIN_ET_KLV_F_AB_4u,0.004864,FLAT,n/a,,,,,0.023113,5/5,INCONCLUSIVE
FIC_ET_Gate_res,0.004856,FLAT,n/a,,,,,0.018142,5/5,INCONCLUSIVE
TOPSIN_ET_Load_Pull_PhL_set,0.004854,FLAT,n/a,,,,,0.018981,5/5,INCONCLUSIVE
SIN_GATE_ET_Rsh_an_ct2,0.004851,FLAT,n/a,,,,,0.019374,5/5,INCONCLUSIVE
MEASURE_ET_DC_RF_Gm_m0p2,0.004847,FLAT,n/a,,,,,0.026323,5/5,INCONCLUSIVE
MEASURE_ET_C175pf_0,0.004845,FLAT,n/a,,,,,0.0285,5/5,INCONCLUSIVE
MEASURE_ET_DC_SEC_S_Vp_1_mA_mm_second_SD3p5,0.004832,FLAT,n/a,,,,,0.020041,5/5,INCONCLUSIVE
FIC_ET_DC_PIV_Ids1_QP3,0.004828,FLAT,n/a,,,,,0.016795,5/5,INCONCLUSIVE
MEASURE_ET_Ran_con_3_OW_CR,0.004817,FLAT,n/a,,,,,0.020938,5/5,INCONCLUSIVE
MEASURE_ET_LT_SEC_Ig_Id_min_mA_mm_Vd3,0.004814,FLAT,n/a,,,,,0.022788,5/5,INCONCLUSIVE
MEASURE_ET_DC_SMALL_Vg_max_Vd,0.004795,FLAT,n/a,,,,,0.039842,5/5,INCONCLUSIVE
GATE2_CD_Gate_Leg_Length,0.004793,FLAT,n/a,,,,,0.020187,5/5,INCONCLUSIVE
THIN_ET_Vk,0.004785,FLAT,n/a,,,,,0.021786,5/5,INCONCLUSIVE
TOPSIN_ET_RGAN1,0.004775,FLAT,n/a,,,,,0.022133,5/5,INCONCLUSIVE
THIN_ET_Probe_Number,0.004765,FLAT,n/a,,,,,0.016003,5/5,INCONCLUSIVE
TOPSIN_ET_DC_RF_Imax,0.00476,FLAT,n/a,,,,,0.019692,5/5,INCONCLUSIVE
MEASURE_ET_DC_SEC_X_Vp_1_mA_mm_first_FPSD3p2,0.004759,FLAT,n/a,,,,,0.020895,5/5,INCONCLUSIVE
THIN_ET_Rsh_cat_c2,0.004751,FLAT,n/a,,,,,0.017975,5/5,INCONCLUSIVE
MEASURE_ET_DC_SEC_S_Vg_at_I1_pos,0.00475,FLAT,n/a,,,,,0.02446,5/5,INCONCLUSIVE
SIN_Thickness_SiN_Thickness,0.004747,FLAT,n/a,,,,,0.016727,5/5,INCONCLUSIVE
SIN_ET_DC_PIV_Drain_Lag_Imax,0.004746,FLAT,n/a,,,,,0.015184,5/5,INCONCLUSIVE
MESA_ET_Vbkd,0.004745,FLAT,n/a,,,,,0.019263,5/5,INCONCLUSIVE
MEASURE_ET_DC_SEC_S_Bin_SD3p5,0.004736,FLAT,n/a,,,,,0.016141,5/5,INCONCLUSIVE
TOPSIN_ET_DC_PIV_Gate_Lag_0,0.004735,FLAT,n/a,,,,,0.021463,5/5,INCONCLUSIVE
MEASURE_ET_DC_Stress_Id_max_Ig_after,0.00473,FLAT,n/a,,,,,0.01942,5/5,INCONCLUSIVE
MEASURE_ET_RF_Modeling_R_Gg,0.004727,FLAT,n/a,,,,,0.033172,5/5,INCONCLUSIVE
MEASURE_ET_RF_Modeling_Cds_err,0.004725,FLAT,n/a,,,,,0.031399,5/5,INCONCLUSIVE
BRGM_ET_C200_0,0.004712,FLAT,n/a,,,,,0.015821,5/5,INCONCLUSIVE
GATE2_Ali_Litho_Gate_to_recess_alignment,0.004707,FLAT,n/a,,,,,0.019441,5/5,INCONCLUSIVE
MEASURE_ET_LT_SEC_Id_min_mA_mm_Vd7,0.004682,FLAT,n/a,,,,,0.017909,5/5,INCONCLUSIVE
TOPSIN_ET_C100C175pf,0.004682,FLAT,n/a,,,,,0.03476,5/5,INCONCLUSIVE
MEASURE_ET_RF_Modeling_Lg,0.004672,FLAT,n/a,,,,,0.026921,5/5,INCONCLUSIVE
SIN_ET_DC_PIV_Gate_Lag_Idss,0.004668,FLAT,n/a,,,,,0.015746,5/5,INCONCLUSIVE
MEASURE_ET_Load_Pull_Pout_W_last,0.004658,FLAT,n/a,,,,,0.019044,5/5,INCONCLUSIVE
MEASURE_ET_RF_Modeling_K,0.004651,FLAT,n/a,,,,,0.020758,5/5,INCONCLUSIVE
MEASURE_ET_RF_Modeling_Cgd,0.004644,FLAT,n/a,,,,,0.017213,5/5,INCONCLUSIVE
FIC_ET_DC_PIV_Drain_Lag_0,0.00464,FLAT,n/a,,,,,0.034287,5/5,INCONCLUSIVE
MEASURE_ET_DC_SEC_S_Vg_at_I2_pos_FPSD3p2,0.004637,FLAT,n/a,,,,,0.032758,5/5,INCONCLUSIVE
MEASURE_ET_C100CapUSV,0.004635,FLAT,n/a,,,,,0.025378,5/5,INCONCLUSIVE
MEASURE_ET_RF_Modeling_Cgs,0.004633,FLAT,n/a,,,,,0.025284,5/5,INCONCLUSIVE
THIN_ET_R_400_HOR,0.004631,FLAT,n/a,,,,,0.021197,5/5,INCONCLUSIVE
MEASURE_ET_DC_PIV_Imax_QP3,0.00463,FLAT,n/a,,,,,0.018297,5/5,INCONCLUSIVE
MEASURE_ET_RF_Modeling_Mag_d,0.004629,FLAT,n/a,,,,,0.015946,5/5,INCONCLUSIVE
MEASURE_ET_DC_SEC_X_Id_mA_mm_at_Vg1,0.004628,FLAT,n/a,,,,,0.039218,5/5,INCONCLUSIVE
FIC_ET_lkg_5,0.00461,FLAT,n/a,,,,,0.02939,5/5,INCONCLUSIVE
THIN_ET_DC_RF_Vp_1,0.004606,FLAT,n/a,,,,,0.016539,5/5,INCONCLUSIVE
MEASURE_ET_lkg_Cap1,0.004603,FLAT,n/a,,,,,0.028955,5/5,INCONCLUSIVE
MEASURE_ET_RF_Modeling_Vp_1_W,0.004598,FLAT,n/a,,,,,0.027092,5/5,INCONCLUSIVE
TOPSIN_ET_DC_SMALL_Vbgd_0p1,0.004598,FLAT,n/a,,,,,0.022417,5/5,INCONCLUSIVE
MEASURE_ET_lkg_CapUSV,0.004589,FLAT,n/a,,,,,0.048678,5/5,INCONCLUSIVE
MEASURE_ET_R_4000_VER,0.004588,FLAT,n/a,,,,,0.018747,5/5,INCONCLUSIVE
BMETAL1_Height_Metal1_metal_thickness,0.004579,FLAT,n/a,,,,,0.021381,5/5,INCONCLUSIVE
MEASURE_ET_DC_SMALL_Vbgs_0p1,0.004573,FLAT,n/a,,,,,0.025489,5/5,INCONCLUSIVE
MEASURE_ET_DC_SEC_Vgs_back_0p1V,0.004558,FLAT,n/a,,,,,0.024225,5/5,INCONCLUSIVE
MEASURE_ET_sh_f_tn_23,0.004553,FLAT,n/a,,,,,0.022804,5/5,INCONCLUSIVE
MEASURE_ET_RF_Modeling_Id_gm_max_W,0.004546,FLAT,n/a,,,,,0.021476,5/5,INCONCLUSIVE
TOPSIN_ET_DC_RF_Vboff,0.004524,FLAT,n/a,,,,,0.016992,5/5,INCONCLUSIVE
MEASURE_ET_LT_SEC_Ileak_m16p5V_mA_mm,0.004511,FLAT,n/a,,,,,0.075086,5/5,INCONCLUSIVE
BRGM_ET_i5021_3,0.004499,FLAT,n/a,,,,,0.016531,5/5,INCONCLUSIVE
THIN_Measure3GN_Thickness_after_etchback,0.004495,FLAT,n/a,,,,,0.02313,5/5,INCONCLUSIVE
TOPSIN_ET_C100C300pf,0.004491,FLAT,n/a,,,,,0.016771,5/5,INCONCLUSIVE
MEASURE_ET_DC_SMALL_Vp_1,0.004489,FLAT,n/a,,,,,0.019634,5/5,INCONCLUSIVE
MEASURE_ET_C300pf_0,0.004481,FLAT,n/a,,,,,0.041691,5/5,INCONCLUSIVE
TOPSIN_ET_C300_0,0.004471,FLAT,n/a,,,,,0.024218,5/5,INCONCLUSIVE
ANODE_CD_Anode_CD_litho,0.004462,FLAT,n/a,,,,,0.019988,5/5,INCONCLUSIVE
MEASURE_ET_HIRS,0.004461,FLAT,n/a,,,,,0.029263,5/5,INCONCLUSIVE
TOPSIN_ET_DC_SMALL_Gm_0,0.004454,FLAT,n/a,,,,,0.022107,5/5,INCONCLUSIVE
THIN_ET_Ran_con_2_OW_CR,0.004446,FLAT,n/a,,,,,0.034743,5/5,INCONCLUSIVE
THIN_ET_DC_RF_Gm_max,0.004446,FLAT,n/a,,,,,0.018352,5/5,INCONCLUSIVE
THIN_ET_TANR,0.004445,FLAT,n/a,,,,,0.024234,5/5,INCONCLUSIVE
MEASURE_ET_DC_SEC_S_Id_mA_mm_at_Vg2,0.00444,FLAT,n/a,,,,,0.025855,5/5,INCONCLUSIVE
SIN_ET_DC_RF_Imax,0.004437,FLAT,n/a,,,,,0.0152,5/5,INCONCLUSIVE
BRGM_ET_lkg_SY07_10,0.004436,FLAT,n/a,,,,,0.034021,5/5,INCONCLUSIVE
SIN_GATE_ET_R114,0.004432,FLAT,n/a,,,,,0.018893,5/5,INCONCLUSIVE
MEASURE_ET_DC_SEC_n_gs,0.004424,FLAT,n/a,,,,,0.02177,5/5,INCONCLUSIVE
SIN_ET_DC_RF_Vbin_gd,0.004412,FLAT,n/a,,,,,0.021914,5/5,INCONCLUSIVE
TOPSIN_ET_C500pf_0,0.004391,FLAT,n/a,,,,,0.015476,5/5,INCONCLUSIVE
SIN_ET_DC_RF_Vds_max,0.004377,FLAT,n/a,,,,,0.016959,5/5,INCONCLUSIVE
SIN_GATE_ET_Ran_con_3,0.004377,FLAT,n/a,,,,,0.019162,5/5,INCONCLUSIVE
MEASURE_ET_DC_RF_Id_Vbon_max,0.004355,FLAT,n/a,,,,,0.031543,5/5,INCONCLUSIVE
MEASURE_ET_DC_SEC_Gm_m0p2,0.004349,FLAT,n/a,,,,,0.014397,5/5,INCONCLUSIVE
TOPSIN_ET_C100Cap3pf,0.004347,FLAT,n/a,,,,,0.027297,5/5,INCONCLUSIVE
MEASURE_ET_Ran_con_1_OW_CR,0.004339,FLAT,n/a,,,,,0.026532,5/5,INCONCLUSIVE
TOPSIN_ET_Cap2pf_0,0.004326,FLAT,n/a,,,,,0.035185,5/5,INCONCLUSIVE
MEASURE_ET_RF_Modeling_Fmax_ext,0.004313,FLAT,n/a,,,,,0.026338,5/5,INCONCLUSIVE
MEASURE_ET_RF_Modeling_Gm_m0p2_W,0.00431,FLAT,n/a,,,,,0.022198,5/5,INCONCLUSIVE
EBCR2_CD_Gate_Leg_Length,0.004308,FLAT,n/a,,,,,0.033362,5/5,INCONCLUSIVE
MEASURE_ET_DC_RF_CF_S22_Ph_L1002,0.004307,FLAT,n/a,,,,,0.027934,5/5,INCONCLUSIVE
MEASURE_ET_DC_SEC_S_Vg_at_I3_neg_SD3p5,0.004303,FLAT,n/a,,,,,0.024257,5/5,INCONCLUSIVE
MEASURE_ET_DC_PIV_Gate_Lag_Imax,0.004298,FLAT,n/a,,,,,0.014058,5/5,INCONCLUSIVE
MEASURE_ET_Load_Pull_Freq,0.004297,FLAT,n/a,,,,,0.015226,5/5,INCONCLUSIVE
MEASURE_ET_DC_SEC_Imax_7V,0.004289,FLAT,n/a,,,,,0.021683,5/5,INCONCLUSIVE
MEASURE_ET_DC_Stress_Gm_max_before,0.004287,FLAT,n/a,,,,,0.015561,5/5,INCONCLUSIVE
SIN_ET_DC_RF_Vbgd_0p01,0.004281,FLAT,n/a,,,,,0.015378,5/5,INCONCLUSIVE
SIN_ET_DC_RF_Vt_gs,0.004265,FLAT,n/a,,,,,0.024454,5/5,INCONCLUSIVE
THIN_ET_Cap_C300,0.004264,FLAT,n/a,,,,,0.019431,5/5,INCONCLUSIVE
SIN_ThicknessGN2_SiN_Thickness,0.004262,FLAT,n/a,,,,,0.016336,5/5,INCONCLUSIVE
THIN_ET_DC_RF_n_gd,0.004259,FLAT,n/a,,,,,0.015662,5/5,INCONCLUSIVE
MEASURE_ET_DC_Big_S12ang_10GHz,0.004257,FLAT,n/a,,,,,0.025422,5/5,INCONCLUSIVE
MEASURE_ET_DC_SEC_S_Vboff_Id_plus_Ig_SD3p5,0.004256,FLAT,n/a,,,,,0.027484,5/5,INCONCLUSIVE
MEASURE_ET_DC_RF_Vbgd_0p01,0.004252,FLAT,n/a,,,,,0.01558,5/5,INCONCLUSIVE
MEASURE_ET_DC_PIV_Idss_QP2,0.004246,FLAT,n/a,,,,,0.014989,5/5,INCONCLUSIVE
MEASURE_ET_DC_PIV_Imax_QP1,0.004246,FLAT,n/a,,,,,0.012813,5/5,INCONCLUSIVE
MEASURE_ET_lkg_C300,0.004243,FLAT,n/a,,,,,0.036468,5/5,INCONCLUSIVE
MEASURE_ET_DC_Diode_D_leak_65V,0.004237,FLAT,n/a,,,,,0.044909,5/5,INCONCLUSIVE
TOPSIN_ET_C100CapFICBRGM,0.004235,FLAT,n/a,,,,,0.020915,5/5,INCONCLUSIVE
MEASURE_ET_DC_RF_CF_S22_Mag_L1018,0.004234,FLAT,n/a,,,,,0.016674,5/5,INCONCLUSIVE
THIN_ET_DC_RF_Vbgd1,0.00423,FLAT,n/a,,,,,0.019881,5/5,INCONCLUSIVE
MEASURE_ET_DC_SEC_S_Bin_FPSD3p2,0.004226,FLAT,n/a,,,,,0.018532,5/5,INCONCLUSIVE
MEASURE_ET_Load_Pull_Id_ini,0.00422,FLAT,n/a,,,,,0.021754,5/5,INCONCLUSIVE
GATE2_Ali_Litho2_Gate_to_ohmic_alignment,0.004214,FLAT,n/a,,,,,0.039194,5/5,INCONCLUSIVE
MEASURE_ET_DC_SEC_X_Id_at_Vboff_mA_mm,0.004202,FLAT,n/a,,,,,0.018335,5/5,INCONCLUSIVE
MEASURE_ET_i5021_2,0.0042,FLAT,n/a,,,,,0.015622,5/5,INCONCLUSIVE
TOPSIN_ET_lkg_C300,0.004197,FLAT,n/a,,,,,0.029346,5/5,INCONCLUSIVE
MEASURE_ET_DC_Diode_S21_dB_forw_9p5,0.004194,FLAT,n/a,,,,,0.019777,5/5,INCONCLUSIVE
MEASURE_ET_DC_SEC_X_Vboff_Id_SD3p5,0.004192,FLAT,n/a,,,,,0.042757,5/5,INCONCLUSIVE
TOPSIN_ET_C450pf_0,0.004191,FLAT,n/a,,,,,0.01822,5/5,INCONCLUSIVE
MEASURE_ET_LT_SEC_Ig_Id_min_mA_mm,0.004185,FLAT,n/a,,,,,0.022338,5/5,INCONCLUSIVE
THIN_ET_R_660_VER,0.004175,FLAT,n/a,,,,,0.019289,5/5,INCONCLUSIVE
FIC_ET_Ids_m2,0.004167,FLAT,n/a,,,,,0.01329,5/5,INCONCLUSIVE
MEASURE_ET_DC_RD_S11ang_18GHz,0.004165,FLAT,n/a,,,,,0.026896,5/5,INCONCLUSIVE
TOPSIN_ET_DC_SMALL_n_gd,0.004149,FLAT,n/a,,,,,0.02161,5/5,INCONCLUSIVE
MEASURE_ET_C500pf,0.004146,FLAT,n/a,,,,,0.014824,5/5,INCONCLUSIVE
MEASURE_ET_Cap_USV,0.004139,FLAT,n/a,,,,,0.020841,5/5,INCONCLUSIVE
TOPSIN_ThicknessGN_SiN_Thickness,0.004137,FLAT,n/a,,,,,0.030914,5/5,INCONCLUSIVE
TOPSIN_ET_DC_RF_Gm_0,0.004136,FLAT,n/a,,,,,0.016722,5/5,INCONCLUSIVE
MEASURE_ET_C_AN_2,0.00412,FLAT,n/a,,,,,0.027882,5/5,INCONCLUSIVE
MEASURE_ET_DC_SEC_X_Ig_cut3_mAmm_neg,0.004119,FLAT,n/a,,,,,0.018847,5/5,INCONCLUSIVE
MEASURE_ET_DC_RF_Freq_cut_L2180,0.004111,FLAT,n/a,,,,,0.012998,5/5,INCONCLUSIVE
SIN_ET_Probe_Number,0.004111,FLAT,n/a,,,,,0.024821,5/5,INCONCLUSIVE
MEASURE_ET_R114,0.00411,FLAT,n/a,,,,,0.029164,5/5,INCONCLUSIVE
FIC_ET_DC_RF_Vg_gm_max,0.004104,FLAT,n/a,,,,,0.013724,5/5,INCONCLUSIVE
TOPSIN_ET_Load_Pull_ID_comp_Last_mA,0.004101,FLAT,n/a,,,,,0.03385,5/5,INCONCLUSIVE
MEASURE_ET_RF_Modeling_S22ang_10GHz,0.004099,FLAT,n/a,,,,,0.018381,5/5,INCONCLUSIVE
MEASURE_ET_Ids_m2,0.004098,FLAT,n/a,,,,,0.012826,5/5,INCONCLUSIVE
TOPSIN_ET_DC_SMALL_Vbin_gd,0.004091,FLAT,n/a,,,,,0.016118,5/5,INCONCLUSIVE
MEASURE_ET_C100C300pf,0.004068,FLAT,n/a,,,,,0.029862,5/5,INCONCLUSIVE
MEASURE_ET_C300,0.004064,FLAT,n/a,,,,,0.028402,5/5,INCONCLUSIVE
METAL1_Height_Metal1_metal_thickness,0.004055,FLAT,n/a,,,,,0.016328,5/5,INCONCLUSIVE
MEASURE_ET_DC_RF_ids_m0p2_W,0.004049,FLAT,n/a,,,,,0.022922,5/5,INCONCLUSIVE
MEASURE_ET_Load_Pull_GL_set,0.004046,FLAT,n/a,,,,,0.017235,5/5,INCONCLUSIVE
TOPSIN_ET_Cap_C300,0.004027,FLAT,n/a,,,,,0.024462,5/5,INCONCLUSIVE
MEASURE_ET_DC_SEC_S_Id_at_Vboff_mA_mm_SD3p5,0.004025,FLAT,n/a,,,,,0.018416,5/5,INCONCLUSIVE
MEASURE_ET_DC_SEC_X_Vboff_Id_plus_Ig_FPSD3p2,0.004003,FLAT,n/a,,,,,0.026093,5/5,INCONCLUSIVE
TOPSIN_ET_DC_SMALL_Vbgs_0p01,0.004,FLAT,n/a,,,,,0.014635,5/5,INCONCLUSIVE
MEASURE_ET_LT_SEC_Ileak_m5V_mA_mm,0.003995,FLAT,n/a,,,,,0.019237,5/5,INCONCLUSIVE
CHRE_CD_Channel_recess_CD,0.003975,FLAT,n/a,,,,,0.022824,5/5,INCONCLUSIVE
MEASURE_ET_DC_SEC_Gm_0,0.003965,FLAT,n/a,,,,,0.013469,5/5,INCONCLUSIVE
MEASURE_ET_DC_PIV_Ids1_QP2,0.003961,FLAT,n/a,,,,,0.016266,5/5,INCONCLUSIVE
TOPSIN_ET_C450pf,0.003956,FLAT,n/a,,,,,0.019031,5/5,INCONCLUSIVE
THIN_ET_i5021_2,0.003953,FLAT,n/a,,,,,0.024051,5/5,INCONCLUSIVE
MEASURE_ET_DC_Diode_S21_dB_rev_9p5,0.003938,FLAT,n/a,,,,,0.014782,5/5,INCONCLUSIVE
FIC_ET_DC_RF_Vg_optt1,0.003933,FLAT,n/a,,,,,0.018914,5/5,INCONCLUSIVE
MEASURE_ET_RF_Modeling_Tau,0.00393,FLAT,n/a,,,,,0.018732,5/5,INCONCLUSIVE
FIC_ET_DC_RF_Imax,0.003928,FLAT,n/a,,,,,0.015451,5/5,INCONCLUSIVE
TOPSIN_ET_R314,0.003909,FLAT,n/a,,,,,0.023452,5/5,INCONCLUSIVE
MEASURE_ET_DC_Big_Imax,0.003905,FLAT,n/a,,,,,0.015122,5/5,INCONCLUSIVE
FIC_ET_R214,0.003895,FLAT,n/a,,,,,0.022019,5/5,INCONCLUSIVE
TOPSIN_ET_DC_PIV_Ids1_QP3,0.00389,FLAT,n/a,,,,,0.018366,5/5,INCONCLUSIVE
MEASURE_ET_DC_SEC_S_Ig_mAmm_at_Vg_cond_pos_SD3p5,0.003887,FLAT,n/a,,,,,0.01468,5/5,INCONCLUSIVE
MEASURE_ET_LT_SEC_Id_min_mA_mm_Vd3,0.003885,FLAT,n/a,,,,,0.015561,5/5,INCONCLUSIVE
MEASURE_ET_DC_RF_Id_gm_max_W,0.003881,FLAT,n/a,,,,,0.019452,5/5,INCONCLUSIVE
TOPSIN_ET_DC_SMALL_Vg_max_Vd,0.003875,FLAT,n/a,,,,,0.015103,5/5,INCONCLUSIVE
FIC_ET_DC_RF_Vg_optt2,0.003869,FLAT,n/a,,,,,0.014424,5/5,INCONCLUSIVE
MEASURE_ET_DC_RF_Idss_W,0.003859,FLAT,n/a,,,,,0.01333,5/5,INCONCLUSIVE
MEASURE_ET_C100Cap1pf,0.003826,FLAT,n/a,,,,,0.030669,5/5,INCONCLUSIVE
MEASURE_ET_DC_PIV_Drain_Lag_Imax,0.003803,FLAT,n/a,,,,,0.015347,5/5,INCONCLUSIVE
BRGM_ET_lkg_C300,0.003801,FLAT,n/a,,,,,0.01659,5/5,INCONCLUSIVE
MEASURE_ET_DC_SEC_S_Id_mA_mm_at_Vg1_SD3p5,0.003793,FLAT,n/a,,,,,0.019242,5/5,INCONCLUSIVE
TOPSIN_ET_Vg_gm_max,0.003793,FLAT,n/a,,,,,0.023059,5/5,INCONCLUSIVE
MEASURE_ET_DC_SEC_X_Vp_1_mA_mm_second,0.003791,FLAT,n/a,,,,,0.021274,5/5,INCONCLUSIVE
TOPSIN_ET_lkg_Cap2,0.003791,FLAT,n/a,,,,,0.062375,5/5,INCONCLUSIVE
MEASURE_ET_DC_PIV_Idss_QP1,0.003768,FLAT,n/a,,,,,0.015158,5/5,INCONCLUSIVE
MEASURE_ET_DC_SMALL_n_gd,0.003767,FLAT,n/a,,,,,0.01779,5/5,INCONCLUSIVE
MEASURE_ET_LT_SEC_Ileak_m7V_mA_mm,0.00376,FLAT,n/a,,,,,0.056167,5/5,INCONCLUSIVE
MEASURE_ET_DC_SEC_S_Ron,0.003759,FLAT,n/a,,,,,0.018915,5/5,INCONCLUSIVE
THIN_ET_lkg_C20,0.003751,FLAT,n/a,,,,,0.029184,5/5,INCONCLUSIVE
BRGM_ET_F_AB,0.00375,FLAT,n/a,,,,,0.021165,5/5,INCONCLUSIVE
MEASURE_ET_DC_SEC_X_Ig_cut1_mAmm_neg_SD3p5,0.003745,FLAT,n/a,,,,,0.019845,5/5,INCONCLUSIVE
SIN_ET_DC_RF_Gm_m0p2,0.003742,FLAT,n/a,,,,,0.019167,5/5,INCONCLUSIVE
THIN_ET_DC_RF_Vbin_gd,0.00374,FLAT,n/a,,,,,0.017842,5/5,INCONCLUSIVE
SIN_ET_DC_RF_Vbgd_0p1,0.003737,FLAT,n/a,,,,,0.01651,5/5,INCONCLUSIVE
THIN_ET_DC_RF_Id_gm_max,0.003729,FLAT,n/a,,,,,0.015782,5/5,INCONCLUSIVE
MEASURE_ET_DC_RF2_K,0.003726,FLAT,n/a,,,,,0.027266,5/5,INCONCLUSIVE
MEASURE_ET_DC_Big_MAG_18GHz,0.003722,FLAT,n/a,,,,,0.015481,5/5,INCONCLUSIVE
BRGM_Height2_BRGM_Height2,0.003719,FLAT,n/a,,,,,0.012704,5/5,INCONCLUSIVE
THIN_ET_sh_f_tn_23,0.003712,FLAT,n/a,,,,,0.013435,5/5,INCONCLUSIVE
MEASURE_ET_Cap20,0.003708,FLAT,n/a,,,,,0.023859,5/5,INCONCLUSIVE
MEASURE_ET_DC_RF_S22dB_26GHz_W,0.003706,FLAT,n/a,,,,,0.024626,5/5,INCONCLUSIVE
MEASURE_ET_DC_SEC_X_Ig_cut3_mAmm_pos,0.003705,FLAT,n/a,,,,,0.02293,5/5,INCONCLUSIVE
MEASURE_ET_C300pf,0.003701,FLAT,n/a,,,,,0.021364,5/5,INCONCLUSIVE
FIC_ET_DC_RF_Vbgd1,0.00369,FLAT,n/a,,,,,0.017257,5/5,INCONCLUSIVE
MEASURE_ET_RF_Modeling_Mag_m,0.003687,FLAT,n/a,,,,,0.018205,5/5,INCONCLUSIVE
BRGM_Cd_Litho_BRGM_litho_CD,0.003687,FLAT,n/a,,,,,0.014058,5/5,INCONCLUSIVE
MEASURE_ET_DC_SEC_Gm_max,0.003679,FLAT,n/a,,,,,0.012407,5/5,INCONCLUSIVE
Version_V1_1,0.003676,INCONCLUSIVE,n/a,,,,,0.007822,1/5,INCONCLUSIVE
TOPSIN_ET_CapFICBRGM,0.003671,FLAT,n/a,,,,,0.014444,5/5,INCONCLUSIVE
MEASURE_ET_RGAN3,0.00367,FLAT,n/a,,,,,0.015405,5/5,INCONCLUSIVE
TOPSIN_ET_OHMC,0.003657,FLAT,n/a,,,,,0.033141,5/5,INCONCLUSIVE
THIN_ET_R_660_HOR,0.003656,FLAT,n/a,,,,,0.018355,5/5,INCONCLUSIVE
WIN_CD_WIN_CD,0.003649,FLAT,n/a,,,,,0.027896,5/5,INCONCLUSIVE
MEASURE_ET_DC_RF_S11ang_26GHz,0.003648,FLAT,n/a,,,,,0.016736,5/5,INCONCLUSIVE
MEASURE_ET_C175pf,0.003647,FLAT,n/a,,,,,0.021294,5/5,INCONCLUSIVE
BRGM_ET_C200,0.003646,FLAT,n/a,,,,,0.012233,5/5,INCONCLUSIVE
MEASURE_ET_DC_RF_Min_S21_Ph_L2180,0.003638,FLAT,n/a,,,,,0.012869,5/5,INCONCLUSIVE
MEASURE_ET_DC_RF_Vg_gm_max_W,0.003632,FLAT,n/a,,,,,0.014884,5/5,INCONCLUSIVE
MEASURE_ET_DC_Stress_Gm_max_after,0.003624,FLAT,n/a,,,,,0.014165,5/5,INCONCLUSIVE
MEASURE_ET_C_CAT_2,0.003623,FLAT,n/a,,,,,0.031283,5/5,INCONCLUSIVE
SIN_ET_DC_RF_Vbgs_0p1,0.003615,FLAT,n/a,,,,,0.024166,5/5,INCONCLUSIVE
MEASURE_ET_DC_RF_Idss,0.003612,FLAT,n/a,,,,,0.012899,4/5,INCONCLUSIVE
MEASURE_ET_DC_RF_Vt_gd,0.003596,FLAT,n/a,,,,,0.019094,5/5,INCONCLUSIVE
TOPSIN_ET_CapFICBRGM_0,0.00356,FLAT,n/a,,,,,0.012526,5/5,INCONCLUSIVE
MEASURE_ET_DC_SEC_S_Ig_mAmm_at_Vg_cond_pos_FPSD3p2,0.003558,FLAT,n/a,,,,,0.015944,5/5,INCONCLUSIVE
MEASURE_ET_Rc_TF_AB_2,0.003553,FLAT,n/a,,,,,0.014912,5/5,INCONCLUSIVE
GATE2_CD_358nm_Gate_Win_Length,0.003553,FLAT,n/a,,,,,0.024103,5/5,INCONCLUSIVE
SIN_GATE_ET_TR_1F,0.003551,FLAT,n/a,,,,,0.016693,5/5,INCONCLUSIVE
MEASURE_ET_C100USV_Cappf,0.003549,FLAT,n/a,,,,,0.021808,5/5,INCONCLUSIVE
MEASURE_ET_C200,0.003548,FLAT,n/a,,,,,0.015611,5/5,INCONCLUSIVE
MEASURE_ET_CapM1BRGM,0.003548,FLAT,n/a,,,,,0.012277,4/5,INCONCLUSIVE
MEASURE_ET_LT_SEC_Id_min_mA_mm_Vd8,0.003547,FLAT,n/a,,,,,0.013344,5/5,INCONCLUSIVE
MEASURE_ET_DC_SEC_X_Vp_1_mA_mm_first,0.003545,FLAT,n/a,,,,,0.015585,5/5,INCONCLUSIVE
MEASURE_ET_Rc_f_tn_23,0.003539,FLAT,n/a,,,,,0.016636,5/5,INCONCLUSIVE
MEASURE_ET_DC_SEC_X_Id_mA_mm_at_Vg1_SD3p5,0.003536,FLAT,n/a,,,,,0.017539,5/5,INCONCLUSIVE
SIN_ET_DC_RF_Gm_max,0.003528,FLAT,n/a,,,,,0.020446,5/5,INCONCLUSIVE
STREETS_Height_Backside_metal_thickness,0.003525,FLAT,n/a,,,,,0.01769,5/5,INCONCLUSIVE
TOPSIN_ET_DC_SMALL_Vg_gm_max,0.003522,FLAT,n/a,,,,,0.014783,5/5,INCONCLUSIVE
GATE1_Thickness1_Triple_E_beam_thickness,0.003519,FLAT,n/a,,,,,0.017131,5/5,INCONCLUSIVE
TOPSIN_ET_DC_RF_Vdg_max,0.003514,FLAT,n/a,,,,,0.020361,5/5,INCONCLUSIVE
MEASURE_ET_lkg_CapFICBRGM,0.003513,FLAT,n/a,,,,,0.019117,5/5,INCONCLUSIVE
MEASURE_ET_DC_SEC_S_Ig_mAmm_at_Vg_cond_neg_SD3p5,0.003509,FLAT,n/a,,,,,0.021246,5/5,INCONCLUSIVE
THIN_ET_C300,0.003504,FLAT,n/a,,,,,0.039518,5/5,INCONCLUSIVE
MEASURE_ET_DC_Stress_Vp_delta,0.003498,FLAT,n/a,,,,,0.019497,5/5,INCONCLUSIVE
MEASURE_ET_LT_SEC_Vbgd1_Vd7,0.003494,FLAT,n/a,,,,,0.027732,5/5,INCONCLUSIVE
FIC_ET_G2_per_6K,0.003493,FLAT,n/a,,,,,0.013493,5/5,INCONCLUSIVE
MEASURE_ET_DC_SEC_X_Vp_1_mA_mm_first_SD3p5,0.003491,FLAT,n/a,,,,,0.019226,5/5,INCONCLUSIVE
MEASURE_ET_Load_Pull_IG_comp_Last_uA,0.003491,FLAT,n/a,,,,,0.014835,5/5,INCONCLUSIVE
THIN_ET_DC_RF_Vdg_max_0p1mA,0.003489,FLAT,n/a,,,,,0.032426,5/5,INCONCLUSIVE
MEASURE_ET_DC_RF_Vg_max_Vd_0p1mA,0.003484,FLAT,n/a,,,,,0.028677,5/5,INCONCLUSIVE
MEASURE_ET_DC_Big_Idss,0.003479,FLAT,n/a,,,,,0.013298,5/5,INCONCLUSIVE
MEASURE_ET_DC_Big_Gm_max,0.003465,FLAT,n/a,,,,,0.013075,5/5,INCONCLUSIVE
TOPSIN_ET_Vds_max,0.003464,FLAT,n/a,,,,,0.019943,5/5,INCONCLUSIVE
SIN_ET_DC_RF_Id_gm_max,0.003459,FLAT,n/a,,,,,0.01396,5/5,INCONCLUSIVE
MEASURE_ET_Vbpin_D60,0.003454,FLAT,n/a,,,,,0.014027,5/5,INCONCLUSIVE
TOPSIN_ET_DC_RF_n_gd,0.003452,FLAT,n/a,,,,,0.013084,5/5,INCONCLUSIVE
MEASURE_ET_lkg_70_at20V,0.003441,FLAT,n/a,,,,,0.03182,5/5,INCONCLUSIVE
MEASURE_ET_lkg_CapPARCAP,0.003437,FLAT,n/a,,,,,0.061569,5/5,INCONCLUSIVE
MEASURE_ET_DC_SEC_S_Bin,0.003432,FLAT,n/a,,,,,0.02578,5/5,INCONCLUSIVE
MEASURE_ET_C20,0.00343,FLAT,n/a,,,,,0.022266,5/5,INCONCLUSIVE
SIN_ET_DC_RF_n_gd,0.003414,FLAT,n/a,,,,,0.012318,5/5,INCONCLUSIVE
FIC_ET_Gm_m2,0.003413,FLAT,n/a,,,,,0.016716,5/5,INCONCLUSIVE
MEASURE_ET_DC_SEC_S_Vg_at_I3_neg,0.003412,FLAT,n/a,,,,,0.023783,5/5,INCONCLUSIVE
MEASURE_ET_DC_SEC_S_Vg_at_I1_pos_FPSD3p2,0.003405,FLAT,n/a,,,,,0.025742,5/5,INCONCLUSIVE
TOPSIN_ET_R_f_tn_2,0.003404,FLAT,n/a,,,,,0.018748,5/5,INCONCLUSIVE
MEASURE_ET_DC_SEC_S_Vboff_Id_SD3p5,0.003396,FLAT,n/a,,,,,0.025961,5/5,INCONCLUSIVE
MEASURE_ET_RF_Modeling_Stress_time,0.003396,FLAT,n/a,,,,,0.024354,5/5,INCONCLUSIVE
MEASURE_ET_DC_SEC_X_Bin_FPSD3p2,0.003379,FLAT,n/a,,,,,0.030706,5/5,INCONCLUSIVE
MEASURE_ET_DC_SEC_Vg_max_ON,0.003378,FLAT,n/a,,,,,0.017444,5/5,INCONCLUSIVE
FIC_ET_FC_lin_4,0.003375,FLAT,n/a,,,,,0.01058,5/5,INCONCLUSIVE
MEASURE_ET_DC_SMALL_Vp_01,0.00337,FLAT,n/a,,,,,0.014569,5/5,INCONCLUSIVE
MEASURE_ET_DC_SEC_S_Ig_cut2_mAmm_pos_FPSD3p2,0.003353,FLAT,n/a,,,,,0.015746,5/5,INCONCLUSIVE
MEASURE_ET_DC_SMALL_Id_gm_max,0.003352,FLAT,n/a,,,,,0.012608,5/5,INCONCLUSIVE
FIC_Height_FIC_metal_thickness,0.003341,FLAT,n/a,,,,,0.014664,5/5,INCONCLUSIVE
MEASURE_ET_DC_SEC_Vbin_gs,0.00334,FLAT,n/a,,,,,0.019238,5/5,INCONCLUSIVE
MEASURE_ET_DC_Big_Ft,0.003333,FLAT,n/a,,,,,0.011281,5/5,INCONCLUSIVE
MEASURE_ET_DC_RF_n_gs,0.003332,FLAT,n/a,,,,,0.012939,5/5,INCONCLUSIVE
MEASURE_ET_DC_SEC_S_Vp_1_mA_mm_second,0.003332,FLAT,n/a,,,,,0.019804,5/5,INCONCLUSIVE
THIN_ET_DC_RF_Vg_max_Vd,0.003328,FLAT,n/a,,,,,0.010768,5/5,INCONCLUSIVE
TFRP_M_Gauge_P_E_Resistors,0.003306,FLAT,n/a,,,,,0.018459,5/5,INCONCLUSIVE
MEASURE_ET_DC_RF_S12dB_26GHz_W,0.003305,FLAT,n/a,,,,,0.038256,5/5,INCONCLUSIVE
MEASURE_ET_TR_1F,0.003302,FLAT,n/a,,,,,0.024395,5/5,INCONCLUSIVE
FIC_ET_DC_RF_Vg_optt3,0.0033,FLAT,n/a,,,,,0.013416,5/5,INCONCLUSIVE
MEASURE_ET_RF_Modeling_R_Gd,0.003299,FLAT,n/a,,,,,0.0309,5/5,INCONCLUSIVE
MEASURE_ET_DC_RD_Vg_Vbon_max,0.003297,FLAT,n/a,,,,,0.015191,5/5,INCONCLUSIVE
MEASURE_ET_Rsh_cat_c2_OW_ST,0.003291,FLAT,n/a,,,,,0.014723,5/5,INCONCLUSIVE
THIN_ET_Rcat_cn_2_OW_ST,0.003277,FLAT,n/a,,,,,0.027872,5/5,INCONCLUSIVE
FIC_ET_DC_RF_Gm_max,0.003272,FLAT,n/a,,,,,0.015883,5/5,INCONCLUSIVE
MEASURE_ET_TFR_AB,0.003271,FLAT,n/a,,,,,0.01454,5/5,INCONCLUSIVE
MEASURE_ET_Vbkdn_C300pf,0.00327,FLAT,n/a,,,,,0.022364,5/5,INCONCLUSIVE
OHMIC_ET_Probe_Number,0.003261,FLAT,n/a,,,,,0.017959,5/5,INCONCLUSIVE
MEASURE_ET_DC_RF2_S21dB_26GHz,0.003259,FLAT,n/a,,,,,0.013611,5/5,INCONCLUSIVE
GATE2_CD_HPA_CB_Gate_Win_Length,0.003257,FLAT,n/a,,,,,0.012396,5/5,INCONCLUSIVE
MEASURE_ET_C_CAT_2_OW_ST,0.003251,FLAT,n/a,,,,,0.014468,5/5,INCONCLUSIVE
MEASURE_ET_DC_SEC_Ids_max_ON,0.003251,FLAT,n/a,,,,,0.022887,5/5,INCONCLUSIVE
MEASURE_ET_RF_Modeling_Delta_S21_25G,0.003245,FLAT,n/a,,,,,0.014268,5/5,INCONCLUSIVE
VIA_Etch_Via_etch_end_point_time,0.003242,FLAT,n/a,,,,,0.014379,5/5,INCONCLUSIVE
MEASURE_ET_DC_RF_Ft_W,0.003241,FLAT,n/a,,,,,0.011179,5/5,INCONCLUSIVE
MEASURE_ET_R314,0.003239,FLAT,n/a,,,,,0.021912,5/5,INCONCLUSIVE
MEASURE_ET_RF_Modeling_Vp_01_W,0.003233,FLAT,n/a,,,,,0.017958,5/5,INCONCLUSIVE
MEASURE_ET_DC_SEC_Vg_gm_max,0.003222,FLAT,n/a,,,,,0.013106,5/5,INCONCLUSIVE
MEASURE_ET_RF_Modeling_Vg_Stress,0.00322,FLAT,n/a,,,,,0.015628,5/5,INCONCLUSIVE
MEASURE_ET_DC_RF_CF_S21_Mag_L1002,0.003219,FLAT,n/a,,,,,0.019503,5/5,INCONCLUSIVE
MEASURE_ET_DC_SEC_X_Vg_at_I1_neg_FPSD3p2,0.003188,FLAT,n/a,,,,,0.010535,5/5,INCONCLUSIVE
MEASURE_ET_C385pf_0,0.00316,FLAT,n/a,,,,,0.011243,5/5,INCONCLUSIVE
MEASURE_ET_DC_SMALL_Vg_max_Vd_0p1,0.003155,FLAT,n/a,,,,,0.021362,5/5,INCONCLUSIVE
MEASURE_ET_sh_f_hr_23,0.003151,FLAT,n/a,,,,,0.012372,5/5,INCONCLUSIVE
FIC_ET_DC_PIV_Ids0_QP1,0.003138,FLAT,n/a,,,,,0.010855,5/5,INCONCLUSIVE
TOPSIN_ET_Rc_f_tn_23,0.003135,FLAT,n/a,,,,,0.02815,5/5,INCONCLUSIVE
MEASURE_ET_DC_SEC_X_Ig_mAmm_at_Vg_cond_pos,0.003129,FLAT,n/a,,,,,0.013767,5/5,INCONCLUSIVE
MEASURE_ET_DC_SEC_S_Ig_cut2_mAmm_neg,0.003116,FLAT,n/a,,,,,0.012591,5/5,INCONCLUSIVE
MEASURE_ET_DC_SEC_X_Id_plus_Ig_at_Vboff_mA_mm,0.003116,FLAT,n/a,,,,,0.01035,5/5,INCONCLUSIVE
TOPSIN_ET_Cap_USV,0.003113,FLAT,n/a,,,,,0.018724,5/5,INCONCLUSIVE
MEASURE_ET_DC_Stress_Id_gm_max_after,0.003108,FLAT,n/a,,,,,0.014031,5/5,INCONCLUSIVE
MEASURE_ET_DC_SEC_X_Vg_at_I2_pos_FPSD3p2,0.003104,FLAT,n/a,,,,,0.0154,5/5,INCONCLUSIVE
TOPSIN_ET_Rc_OG142_GN,0.003102,FLAT,n/a,,,,,0.02062,5/5,INCONCLUSIVE
THIN_ET_DC_RF_Gm_0,0.003101,FLAT,n/a,,,,,0.010238,5/5,INCONCLUSIVE
MEASURE_ET_DC_Big_Gm_0,0.003098,FLAT,n/a,,,,,0.012173,4/5,INCONCLUSIVE
MEASURE_ET_Cap1pf,0.003096,FLAT,n/a,,,,,0.011887,5/5,INCONCLUSIVE
TOPSIN_ET_TANR,0.003096,FLAT,n/a,,,,,0.014168,5/5,INCONCLUSIVE
MEASURE_ET_DC_SEC_X_Id_plus_Ig_at_Vboff_mA_mm_SD3p5,0.003089,FLAT,n/a,,,,,0.012748,5/5,INCONCLUSIVE
MEASURE_ET_Gate_res,0.003085,FLAT,n/a,,,,,0.019755,5/5,INCONCLUSIVE
MEASURE_ET_DC_Stress_Vp_after,0.003083,FLAT,n/a,,,,,0.019445,5/5,INCONCLUSIVE
MEASURE_ET_DC_SEC_S_Vg_at_I2_neg,0.003078,FLAT,n/a,,,,,0.011649,5/5,INCONCLUSIVE
BRGM_ET_i5021_1,0.003059,FLAT,n/a,,,,,0.013444,5/5,INCONCLUSIVE
THIN_ET_Rsh_cat_c2_OW_ST,0.003055,FLAT,n/a,,,,,0.024607,5/5,INCONCLUSIVE
THIN_ET_Rc_an_ct2,0.003016,FLAT,n/a,,,,,0.012963,5/5,INCONCLUSIVE
MEASURE_ET_DC_Diode_S11_dB_rev_9p5,0.003006,FLAT,n/a,,,,,0.017108,5/5,INCONCLUSIVE
MEASURE_ET_DC_PIV_Ids1_QP3,0.002999,FLAT,n/a,,,,,0.010869,5/5,INCONCLUSIVE
MEASURE_ET_DC_SMALL_Gm_0,0.002999,FLAT,n/a,,,,,0.027302,5/5,INCONCLUSIVE
FIC_ET_DC_RF_Vds_max_0p1mA,0.002993,FLAT,n/a,,,,,0.014524,5/5,INCONCLUSIVE
MEASURE_ET_DC_SEC_S_Vg_at_I2_neg_FPSD3p2,0.002992,FLAT,n/a,,,,,0.021581,5/5,INCONCLUSIVE
MEASURE_ET_Cap2pf_0,0.002985,FLAT,n/a,,,,,0.026414,5/5,INCONCLUSIVE
SIN_Thickness2_RefractiveIndex,0.002985,FLAT,n/a,,,,,0.016822,5/5,INCONCLUSIVE
TOPSIN_ET_DC_SMALL_Vp_01,0.002982,FLAT,n/a,,,,,0.011135,5/5,INCONCLUSIVE
MEASURE_ET_Vbpin,0.002977,FLAT,n/a,,,,,0.019583,5/5,INCONCLUSIVE
MEASURE_ET_lkg_CapM1BRGM,0.002974,FLAT,n/a,,,,,0.011048,5/5,INCONCLUSIVE
MEASURE_ET_DC_SEC_S_Id_plus_Ig_at_Vboff_mA_mm_SD3p5,0.002972,FLAT,n/a,,,,,0.013952,5/5,INCONCLUSIVE
OHMIC_ET_Ran_con_3,0.002964,FLAT,n/a,,,,,0.020359,5/5,INCONCLUSIVE
BRGM_ET_C300,0.00296,FLAT,n/a,,,,,0.016546,5/5,INCONCLUSIVE
MEASURE_ET_DC_PIV_Imax_QP2,0.002956,FLAT,n/a,,,,,0.01473,4/5,INCONCLUSIVE
MEASURE_ET_DC_SEC_S_Ids_max_norm_SD3p5,0.002947,FLAT,n/a,,,,,0.013746,5/5,INCONCLUSIVE
MEASURE_ET_DC_SEC_S_Ig_cut1_mAmm_pos_SD3p5,0.002942,FLAT,n/a,,,,,0.012119,5/5,INCONCLUSIVE
MEASURE_ET_lkg_C385pf,0.002927,FLAT,n/a,,,,,0.031155,5/5,INCONCLUSIVE
MEASURE_ET_DC_RF_Vbgd_0p1,0.002926,FLAT,n/a,,,,,0.01238,5/5,INCONCLUSIVE
MEASURE_ET_Rsh_TF_AB2,0.00292,FLAT,n/a,,,,,0.016885,5/5,INCONCLUSIVE
MEASURE_ET_Rsh_an_ct2_OW_CR,0.002891,FLAT,n/a,,,,,0.023572,5/5,INCONCLUSIVE
FIC_ET_DC_RF_Idss,0.002889,FLAT,n/a,,,,,0.009217,5/5,INCONCLUSIVE
MEASURE_ET_DC_RF_CF_S12_Ph_L1018,0.002889,FLAT,n/a,,,,,0.010239,5/5,INCONCLUSIVE
MEASURE_ET_DC_SMALL_Vdg_max_0p1,0.002887,FLAT,n/a,,,,,0.025448,5/5,INCONCLUSIVE
SIN_Thickness1_RefractiveIndex,0.002886,FLAT,n/a,,,,,0.017909,5/5,INCONCLUSIVE
SIN_GATE_ET_Ran_con_2,0.00288,FLAT,n/a,,,,,0.019252,5/5,INCONCLUSIVE
TOPSIN_ET_DC_RF_Vg_gm_max,0.002869,FLAT,n/a,,,,,0.012469,5/5,INCONCLUSIVE
MEASURE_ET_DC_Diode_S11_dB_forw,0.002867,FLAT,n/a,,,,,0.013914,5/5,INCONCLUSIVE
TOPSIN_ET_R214,0.002867,FLAT,n/a,,,,,0.014413,5/5,INCONCLUSIVE
MEASURE_ET_DC_RF_MAG_26GHz_W,0.002855,FLAT,n/a,,,,,0.02025,5/5,INCONCLUSIVE
MEASURE_ET_DC_RF_Max_S11_Freq_L1002,0.002846,FLAT,n/a,,,,,0.017147,5/5,INCONCLUSIVE
MEASURE_ET_lkg_C300FB,0.002845,FLAT,n/a,,,,,0.028256,5/5,INCONCLUSIVE
MEASURE_ET_DC_RF_Id_gm_max,0.002845,FLAT,n/a,,,,,0.014378,5/5,INCONCLUSIVE
MEASURE_ET_C500pf_0,0.002843,FLAT,n/a,,,,,0.027759,5/5,INCONCLUSIVE
MEASURE_ET_DC_RF_Max_S11_Mag_L1002,0.002831,FLAT,n/a,,,,,0.023899,5/5,INCONCLUSIVE
SIN_ET_DC_RF_Vg_optt2,0.002829,FLAT,n/a,,,,,0.026317,5/5,INCONCLUSIVE
BRGM_ET_Cap_C300,0.002814,FLAT,n/a,,,,,0.018338,5/5,INCONCLUSIVE
MEASURE_ET_DC_Big_Vg_gm_max,0.00281,FLAT,n/a,,,,,0.017998,5/5,INCONCLUSIVE
TOPSIN_ET_DC_SMALL_Gm_max,0.002809,FLAT,n/a,,,,,0.017153,5/5,INCONCLUSIVE
EBCR2_CD_2_EBCR_cd_etch,0.002805,FLAT,n/a,,,,,0.011808,5/5,INCONCLUSIVE
MEASURE_ET_DC_SMALL_Vg_gm_max,0.002804,FLAT,n/a,,,,,0.03082,5/5,INCONCLUSIVE
Version_V2_0,0.002785,FLAT,n/a,,,,,0.00896,1/5,INCONCLUSIVE
SIN_ET_DC_PIV_Idss_QP1,0.002781,FLAT,n/a,,,,,0.009867,5/5,INCONCLUSIVE
MEASURE_ET_Load_Pull_Id_ord,0.002776,FLAT,n/a,,,,,0.019992,5/5,INCONCLUSIVE
THIN_ET_DC_RF_Gm_m0p2,0.002774,FLAT,n/a,,,,,0.016831,5/5,INCONCLUSIVE
MEASURE_ET_C200_0,0.002771,FLAT,n/a,,,,,0.030742,5/5,INCONCLUSIVE
TFRP_ET_TFRP,0.002768,FLAT,n/a,,,,,0.010856,5/5,INCONCLUSIVE
FIC_ET_G_per_2p75K,0.002764,FLAT,n/a,,,,,0.014001,5/5,INCONCLUSIVE
MEASURE_ET_DC_Stress_Vp_before,0.002758,FLAT,n/a,,,,,0.009652,5/5,INCONCLUSIVE
TOPSIN_ET_DC_RF_Vg_optt,0.002757,FLAT,n/a,,,,,0.021441,5/5,INCONCLUSIVE
TOPSIN_ET_sh_f_hr_23,0.002749,FLAT,n/a,,,,,0.01146,5/5,INCONCLUSIVE
MEASURE_ET_RF_Modeling_Cgs_err,0.002746,FLAT,n/a,,,,,0.027753,5/5,INCONCLUSIVE
MEASURE_ET_DC_RF_Max_S11_Ph_L1018,0.002744,FLAT,n/a,,,,,0.010121,5/5,INCONCLUSIVE
MEASURE_ET_C100CapM1BRGM,0.002733,FLAT,n/a,,,,,0.009763,5/5,INCONCLUSIVE
FIC_ET_R_f_tn_3,0.002727,FLAT,n/a,,,,,0.015284,5/5,INCONCLUSIVE
SIN_ET_DC_RF_Vp_1,0.002721,FLAT,n/a,,,,,0.012566,5/5,INCONCLUSIVE
MEASURE_ET_DC_SEC_Vg_min_ON,0.002719,FLAT,n/a,,,,,0.011032,5/5,INCONCLUSIVE
MEASURE_ET_DC_RD_Vbon_min,0.002718,FLAT,n/a,,,,,0.031072,5/5,INCONCLUSIVE
BRGM_ET_lkg_C200,0.002703,FLAT,n/a,,,,,0.01144,5/5,INCONCLUSIVE
MEASURE_ET_DC_RD_Vboff_ON,0.002694,FLAT,n/a,,,,,0.015316,5/5,INCONCLUSIVE
OHMIC_CD_Ohmic_CD_litho,0.002691,FLAT,n/a,,,,,0.017406,5/5,INCONCLUSIVE
MEASURE_ET_C100CapFICBRGM,0.00269,FLAT,n/a,,,,,0.012583,5/5,INCONCLUSIVE
MEASURE_ET_DC_RF_S21dB_10GHz,0.002685,FLAT,n/a,,,,,0.01528,5/5,INCONCLUSIVE
TOPSIN_ET_C100C450pf,0.002684,FLAT,n/a,,,,,0.019014,5/5,INCONCLUSIVE
THIN_ET_DC_RF_Idss,0.002677,FLAT,n/a,,,,,0.010272,5/5,INCONCLUSIVE
CATHODE_ET_Rsh_cat_c2_OW_ST,0.002671,FLAT,n/a,,,,,0.014978,5/5,INCONCLUSIVE
FIC_ET_Id_mAmm_at_Vd_cond,0.002647,FLAT,n/a,,,,,0.029262,5/5,INCONCLUSIVE
MEASURE_ET_Cap3pf,0.002646,FLAT,n/a,,,,,0.022153,5/5,INCONCLUSIVE
ANODE_ET_C_AN_2_OW_CR,0.002645,FLAT,n/a,,,,,0.012417,5/5,INCONCLUSIVE
TOPSIN_ET_DC_RF_Vds_max_0p1,0.002641,FLAT,n/a,,,,,0.009038,5/5,INCONCLUSIVE
TOPSIN_ET_DC_PIV_Ids1_QP2,0.002637,FLAT,n/a,,,,,0.016806,5/5,INCONCLUSIVE
SIN_ET_DC_RF_n_gs,0.002632,FLAT,n/a,,,,,0.016548,5/5,INCONCLUSIVE
MEASURE_ET_DC_SEC_X_ChipStatus,0.002625,FLAT,n/a,,,,,0.012048,5/5,INCONCLUSIVE
OHMIC_ET_R114,0.002624,FLAT,n/a,,,,,0.012451,5/5,INCONCLUSIVE
MEASURE_ET_lkg_SY07_10,0.002613,FLAT,n/a,,,,,0.016349,5/5,INCONCLUSIVE
HIRS_M_Gauge_P_E_MoSi,0.002586,FLAT,n/a,,,,,0.016723,5/5,INCONCLUSIVE
SIN_ET_DC_RF_Vg_gm_max,0.002583,FLAT,n/a,,,,,0.014047,5/5,INCONCLUSIVE
MEASURE_ET_C100CapFICM1,0.002581,FLAT,n/a,,,,,0.014365,5/5,INCONCLUSIVE
THIN_ET_sh_GA142,0.002571,FLAT,n/a,,,,,0.01202,5/5,INCONCLUSIVE
MEASURE_ET_DC_Big_Id_gm_max,0.00255,FLAT,n/a,,,,,0.016407,5/5,INCONCLUSIVE
MEASURE_ET_DC_RF_CF_S21_Ph_L2180,0.00255,FLAT,n/a,,,,,0.010089,5/5,INCONCLUSIVE
MEASURE_ET_RF_Modeling_S21_19G_Before,0.002539,FLAT,n/a,,,,,0.015247,5/5,INCONCLUSIVE
MEASURE_ET_RF_Modeling_Fmax_int,0.002533,FLAT,n/a,,,,,0.016802,5/5,INCONCLUSIVE
TOPSIN_ET_C100CapM1BRGM,0.00253,FLAT,n/a,,,,,0.01175,5/5,INCONCLUSIVE
TOPSIN_ET_CapM1BRGM,0.002528,FLAT,n/a,,,,,0.007632,5/5,INCONCLUSIVE
MEASURE_ET_DC_SEC_S_Ids_max_SD3p5,0.002525,FLAT,n/a,,,,,0.021989,5/5,INCONCLUSIVE
THIN_ET_lkg_5,0.002524,FLAT,n/a,,,,,0.016938,5/5,INCONCLUSIVE
MESA_CD_Mesa_CD_Radius,0.002524,FLAT,n/a,,,,,0.010323,3/5,INCONCLUSIVE
CATHODE_ET_Rsh_cat_c2,0.002516,FLAT,n/a,,,,,0.031391,5/5,INCONCLUSIVE
SIN_ET_DC_RF_Vp_01,0.002504,FLAT,n/a,,,,,0.014557,5/5,INCONCLUSIVE
FIC_ET_DC_RF_Gm_m0p2,0.002494,FLAT,n/a,,,,,0.018333,5/5,INCONCLUSIVE
SIN_ET_DC_PIV_Imax_QP3,0.002491,FLAT,n/a,,,,,0.009111,5/5,INCONCLUSIVE
MEASURE_ET_Gm_max,0.002479,FLAT,n/a,,,,,0.025378,5/5,INCONCLUSIVE
MEASURE_ET_DC_SMALL_Gm_max,0.002474,FLAT,n/a,,,,,0.012198,5/5,INCONCLUSIVE
MEASURE_ET_DC_SMALL_Vbin_gd,0.002474,INCONCLUSIVE,n/a,,,,,0.011064,1/5,INCONCLUSIVE
MEASURE_ET_DC_SEC_S_Id_mA_mm_at_Vg2_FPSD3p2,0.002469,FLAT,n/a,,,,,0.016147,5/5,INCONCLUSIVE
MEASURE_ET_DC_RF_S22dB_26GHz,0.002462,FLAT,n/a,,,,,0.02818,5/5,INCONCLUSIVE
MEASURE_ET_RF_Modeling_Fmax,0.002437,FLAT,n/a,,,,,0.028385,5/5,INCONCLUSIVE
MEASURE_ET_DC_RF_S12ang_26GHz_W,0.002412,FLAT,n/a,,,,,0.01025,5/5,INCONCLUSIVE
THIN_ET_R_4000_VER,0.00241,FLAT,n/a,,,,,0.010568,5/5,INCONCLUSIVE
MEASURE_ET_DC_RF_Vp_1,0.0024,FLAT,n/a,,,,,0.014084,5/5,INCONCLUSIVE
MEASURE_ET_CapFICBRGM_0,0.002399,FLAT,n/a,,,,,0.009412,5/5,INCONCLUSIVE
MEASURE_ET_DC_SEC_X_Ron_FPSD3p2,0.002384,FLAT,n/a,,,,,0.014997,5/5,INCONCLUSIVE
GATE2_CD_358nm_Gate_Leg_Length,0.002375,FLAT,n/a,,,,,0.023532,5/5,INCONCLUSIVE
MEASURE_ET_DC_SEC_X_Vg_at_I1_pos_SD3p5,0.00237,FLAT,n/a,,,,,0.029316,5/5,INCONCLUSIVE
MEASURE_ET_DC_SMALL_Idss,0.002333,FLAT,n/a,,,,,0.010375,3/5,INCONCLUSIVE
BRGM_ET_Rsh_F_AB_2,0.002326,FLAT,n/a,,,,,0.021,5/5,INCONCLUSIVE
FIC_ET_TANR,0.002323,FLAT,n/a,,,,,0.022512,5/5,INCONCLUSIVE
MEASURE_ET_DC_RD_Vg_Vbon_min,0.002305,FLAT,n/a,,,,,0.01028,5/5,INCONCLUSIVE
MEASURE_ET_DC_RF_CF_S12_Ph_L1002,0.0023,FLAT,n/a,,,,,0.017667,5/5,INCONCLUSIVE
THIN_Measure1GN_Thickness_after_bonding,0.002298,FLAT,n/a,,,,,0.014367,5/5,INCONCLUSIVE
MEASURE_ET_TF_AB_2,0.002286,FLAT,n/a,,,,,0.015444,5/5,INCONCLUSIVE
TOPSIN_ET_DC_SMALL_Vp_1,0.002285,FLAT,n/a,,,,,0.010461,5/5,INCONCLUSIVE
TOPSIN_ET_sh_f_tn_23,0.002278,FLAT,n/a,,,,,0.015845,5/5,INCONCLUSIVE
MEASURE_ET_DC_SEC_S_Ig_cut1_mAmm_neg,0.002272,FLAT,n/a,,,,,0.017778,5/5,INCONCLUSIVE
MEASURE_ET_RF_Modeling_S21ang_10GHz,0.00227,FLAT,n/a,,,,,0.013159,5/5,INCONCLUSIVE
THIN_ET_DC_RF_Vg_max_Vd_0p1mA,0.002266,FLAT,n/a,,,,,0.010034,4/5,INCONCLUSIVE
MEASURE_ET_Vp_1,0.002265,FLAT,n/a,,,,,0.00865,5/5,INCONCLUSIVE
MEASURE_ET_RF_Modeling_Vd_set,0.002261,FLAT,n/a,,,,,0.010498,5/5,INCONCLUSIVE
THIN_Measure4_Wafer_thickness_final,0.002257,INCONCLUSIVE,n/a,,,,,0.008342,0/5,INCONCLUSIVE
MEASURE_ET_DC_SEC_X_Id_mA_mm_at_Vg2,0.002255,FLAT,n/a,,,,,0.009227,5/5,INCONCLUSIVE
THIN_ET_DC_RF_Vp_01,0.002246,FLAT,n/a,,,,,0.017527,5/5,INCONCLUSIVE
ANODE_ET_Ran_con_1_OW_CR,0.002244,FLAT,n/a,,,,,0.013193,5/5,INCONCLUSIVE
SIN_GATE_ET_R214,0.002237,FLAT,n/a,,,,,0.014794,5/5,INCONCLUSIVE
MEASURE_ET_DC_SEC_S_Id_mA_mm_at_Vg1,0.002235,FLAT,n/a,,,,,0.011894,5/5,INCONCLUSIVE
MEASURE_ET_DC_RF_Imax_W,0.002226,FLAT,n/a,,,,,0.018489,5/5,INCONCLUSIVE
FMESA_Height_Fmesa_Height,0.002214,FLAT,n/a,,,,,0.015572,5/5,INCONCLUSIVE
MEASURE_ET_DC_SMALL_Vt_gd,0.00221,FLAT,n/a,,,,,0.009218,5/5,INCONCLUSIVE
MEASURE_ET_DC_RF_Vg_gm_max,0.002205,FLAT,n/a,,,,,0.011488,5/5,INCONCLUSIVE
FIC_ET_TR_1F,0.002196,FLAT,n/a,,,,,0.013207,5/5,INCONCLUSIVE
TOPSIN_ET_OHMC_GN,0.002195,FLAT,n/a,,,,,0.012651,5/5,INCONCLUSIVE
SIN_ET_DC_RF_Gm_0,0.002193,FLAT,n/a,,,,,0.017524,5/5,INCONCLUSIVE
MEASURE_ET_CapM1BRGM_0,0.002191,FLAT,n/a,,,,,0.006987,4/5,INCONCLUSIVE
TOPSIN_ET_DC_RF_Gm_m0p2,0.002182,FLAT,n/a,,,,,0.010545,5/5,INCONCLUSIVE
THIN_ET_R_f_tn_1,0.002177,FLAT,n/a,,,,,0.010937,5/5,INCONCLUSIVE
MEASURE_ET_RF_Modeling_Vd_stress,0.002153,FLAT,n/a,,,,,0.014495,5/5,INCONCLUSIVE
MEASURE_ET_VIA_KLV_8p5,0.002146,FLAT,n/a,,,,,0.0101,5/5,INCONCLUSIVE
WIN_WIN_Alignment_WIN_to_FIN_Alignment,0.002133,FLAT,n/a,,,,,0.024601,5/5,INCONCLUSIVE
FIN_CD1_CD_PL_FIN,0.002116,FLAT,n/a,,,,,0.007222,5/5,INCONCLUSIVE
FIC_ET_Vg_gm_max,0.002115,FLAT,n/a,,,,,0.013504,5/5,INCONCLUSIVE
MEASURE_ET_DC_SEC_S_Ids_max,0.002113,FLAT,n/a,,,,,0.008053,5/5,INCONCLUSIVE
MEASURE_ET_C100C385pf,0.002103,FLAT,n/a,,,,,0.014544,5/5,INCONCLUSIVE
MEASURE_ET_DC_SEC_X_Vg_at_I3_neg_FPSD3p2,0.002083,FLAT,n/a,,,,,0.012172,5/5,INCONCLUSIVE
MEASURE_ET_DC_SEC_S_Ig_cut1_mAmm_pos_FPSD3p2,0.00207,FLAT,n/a,,,,,0.01095,5/5,INCONCLUSIVE
BPLATE_Height_BPLATE_metal_thickness,0.002023,FLAT,n/a,,,,,0.013376,5/5,INCONCLUSIVE
SIN_Thickness_RefractiveIndex,0.002002,FLAT,n/a,,,,,0.00853,4/5,INCONCLUSIVE
SIN_GATE_ET_sh_GA142_GN,0.001998,FLAT,n/a,,,,,0.019908,5/5,INCONCLUSIVE
TOPSIN_ET_DC_SMALL_Vbin_gs,0.001971,FLAT,n/a,,,,,0.009025,5/5,INCONCLUSIVE
TOPSIN_ET_DC_SMALL_Ids_m0p2,0.001967,FLAT,n/a,,,,,0.015898,5/5,INCONCLUSIVE
ANODE_ET_Ran_con_2,0.001952,FLAT,n/a,,,,,0.009957,5/5,INCONCLUSIVE
MEASURE_ET_DC_SEC_S_Vp_1_mA_mm,0.001944,FLAT,n/a,,,,,0.012414,5/5,INCONCLUSIVE
MEASURE_ET_RF_Modeling_Rgd,0.001905,FLAT,n/a,,,,,0.019106,5/5,INCONCLUSIVE
MEASURE_ET_CapFICM1,0.001893,FLAT,n/a,,,,,0.016033,5/5,INCONCLUSIVE
MEASURE_ET_DC_Big_Vp_01,0.001879,FLAT,n/a,,,,,0.009906,5/5,INCONCLUSIVE
MEASURE_ET_C300FM1,0.001851,FLAT,n/a,,,,,0.016024,5/5,INCONCLUSIVE
MEASURE_ET_Vk,0.00183,FLAT,n/a,,,,,0.018156,5/5,INCONCLUSIVE
THIN_ET_R_f_hr_3,0.001829,FLAT,n/a,,,,,0.010881,5/5,INCONCLUSIVE
GATE2_CD_310nm_Gate_Leg_Length,0.001808,FLAT,n/a,,,,,0.008675,5/5,INCONCLUSIVE
MEASURE_ET_DC_Big_Vp_1,0.001792,FLAT,n/a,,,,,0.013765,5/5,INCONCLUSIVE
TOPSIN_ET_R114,0.001772,FLAT,n/a,,,,,0.012168,5/5,INCONCLUSIVE
CHRE_ET_Ids_Channel_recess_current,0.001749,FLAT,n/a,,,,,0.009416,5/5,INCONCLUSIVE
MEASURE_ET_DC_RF_Gm_0_W,0.001743,FLAT,n/a,,,,,0.00922,5/5,INCONCLUSIVE
BRGM_ET_ABVIETCH,0.001711,FLAT,n/a,,,,,0.034247,5/5,INCONCLUSIVE
TFRP_ET_Probe_Number,0.001711,FLAT,n/a,,,,,0.008314,5/5,INCONCLUSIVE
MEASURE_ET_DC_Big_S22dB_10GHz,0.001701,FLAT,n/a,,,,,0.009662,5/5,INCONCLUSIVE
TOPSIN_ET_ABVIETCH,0.001668,FLAT,n/a,,,,,0.009866,5/5,INCONCLUSIVE
Technology_PHEMT_0_35um,0.001644,FLAT,n/a,,,,,0.004101,3/5,INCONCLUSIVE
CHRE_CD_2_Channel_recess_CD_Etch,0.001643,FLAT,n/a,,,,,0.010552,5/5,INCONCLUSIVE
TFRP_ET_TF_AB_1,0.001598,FLAT,n/a,,,,,0.00948,5/5,INCONCLUSIVE
TOPSIN_ThicknessGN_RefractiveIndex,0.00156,FLAT,n/a,,,,,0.008268,4/5,INCONCLUSIVE
MEASURE_ET_C300M1B,0.001526,FLAT,n/a,,,,,0.016062,5/5,INCONCLUSIVE
FIC_ET_DC_RF_Vp_01,0.001518,FLAT,n/a,,,,,0.009253,5/5,INCONCLUSIVE
GATE2_CD_Gate_Win_Length,0.001516,FLAT,n/a,,,,,0.007099,5/5,INCONCLUSIVE
MEASURE_ET_DC_SEC_X_Vg_at_I3_pos_SD3p5,0.001513,FLAT,n/a,,,,,0.011873,5/5,INCONCLUSIVE
SIN_ET_DC_RF_Vds_max_0p1,0.001504,FLAT,n/a,,,,,0.014978,5/5,INCONCLUSIVE
MEASURE_ET_Vg_gm_max,0.001489,FLAT,n/a,,,,,0.010255,5/5,INCONCLUSIVE
MEASURE_ET_DC_SEC_X_Vg_at_I2_pos_SD3p5,0.001475,FLAT,n/a,,,,,0.019506,5/5,INCONCLUSIVE
TOPSIN_ET_DC_SMALL_Imax,0.001457,FLAT,n/a,,,,,0.005881,4/5,INCONCLUSIVE
FIC_ET_Gm_max,0.001451,INCONCLUSIVE,n/a,,,,,0.005741,2/5,INCONCLUSIVE
SIN_ET_DC_RF_Vboff,0.001447,FLAT,n/a,,,,,0.012615,4/5,INCONCLUSIVE
SIN_CAPACITOR_ThicknessGN1_RefractiveIndex,0.001421,FLAT,n/a,,,,,0.010766,5/5,INCONCLUSIVE
TOPSIN_ET_C100C385pf,0.00139,FLAT,n/a,,,,,0.007018,5/5,INCONCLUSIVE
BRGM_ET_lkg_SY8_80,0.001372,FLAT,n/a,,,,,0.009369,5/5,INCONCLUSIVE
MEASURE_ET_DC_RF_CF_S22_Mag_L1002,0.001347,FLAT,n/a,,,,,0.024364,5/5,INCONCLUSIVE
MEASURE_ET_DC_SEC_S_Ig_cut3_mAmm_neg_FPSD3p2,0.001334,FLAT,n/a,,,,,0.009401,5/5,INCONCLUSIVE
MEASURE_ET_DC_Big_S22ang_10GHz,0.001287,FLAT,n/a,,,,,0.007884,5/5,INCONCLUSIVE
MEASURE_ET_RF_Modeling_Gm_0_W,0.001231,FLAT,n/a,,,,,0.009778,5/5,INCONCLUSIVE
GATE2_CD_330nm_Gate_Win_Length,0.001216,FLAT,n/a,,,,,0.006226,5/5,INCONCLUSIVE
MEASURE_ET_DC_SEC_X_Vp_1_mA_mm_second_SD3p5,0.00119,FLAT,n/a,,,,,0.006405,5/5,INCONCLUSIVE
BRGM_ET_i5021_2,0.001188,FLAT,n/a,,,,,0.011441,5/5,INCONCLUSIVE
MEASURE_ET_DC_Stress_Ig_max_before,0.001175,FLAT,n/a,,,,,0.011684,5/5,INCONCLUSIVE
ANODE_ET_Ran_con_3_OW_CR,0.001145,FLAT,n/a,,,,,0.010701,5/5,INCONCLUSIVE
THIN_ET_R_f_hr_2,0.001138,FLAT,n/a,,,,,0.007405,5/5,INCONCLUSIVE
TFRP_ET_TF_AB_3,0.001129,FLAT,n/a,,,,,0.009972,4/5,INCONCLUSIVE
MEASURE_ET_DC_RD_Vbon_max,0.000883,INCONCLUSIVE,n/a,,,,,0.005479,0/5,INCONCLUSIVE
THIN_ET_R214,0.00086,FLAT,n/a,,,,,0.006666,5/5,INCONCLUSIVE
