column_name,original_csv_column,category,stage2_eligible,reason,leakage_risk,process_or_ET_parameter,notes
Sorting Date,yes,E,no,"Pure traceability/scheduling date (when the sort test was performed), not a physical process condition.",none,no,Could support a derived calendar-drift feature in future engineered work; not itself a process parameter.
Process,yes,E,no,"Constant value across all 1,500 rows ('GaAs_pHEMT_MMIC') -- zero variance, provides no discriminative information.",none,no,Re-verified fresh: nunique=1.
MaskSetName,yes,C,yes,Genuine categorical process attribute (mask set used). Confirmed to materially associate with mean yield differences across groups in prior EDA.,none,yes,Kept as the canonical column; MaskSetName_group is its exact duplicate (see category F entry).
FinishLineDate,yes,E,no,"Pure traceability/scheduling date (when the wafer finished the fab line), not itself a physical process condition.",none,no,Could support a derived cycle-time feature (FinishLineDate to Sorting Date) in future engineered work.
FinishLineYear,yes,E,no,"Constant value across all 1,500 rows (2026) -- zero variance.",none,no,Re-verified fresh: nunique=1.
Actual Sorting Yield (%),yes,D,no,"Re-verified fresh against raw CSV: Pearson r=0.9875, Spearman r=0.9835 with SortingYield -- effectively a re-expression of the same outcome, not an independent measurement. It is an EOL sort-yield metric, i.e. an OUTPUT/outcome variable computed at or after the same test event as SortingYield, not a process/input parameter.",high,no,Confirmed leakage. Available only after (or as part of) EOL sort -- not usable as a predictor.
LotName,yes,E,no,"Pure identifier (100 unique lot codes). Used only as the grouping key for validation splits, never as a predictor.",none,no,
WaferNum,yes,E,no,"Pure identifier (wafer position label W01-W15 within a lot). Administrative/traceability, not a process condition.",none,no,"Could in principle proxy a real within-lot spatial effect, but as a bare label it is not itself a measured process condition; flagged as excluded rather than uncertain since it is unambiguously an identifier, not a measurement."
VendorName,yes,C,yes,Genuine categorical process attribute (epitaxial wafer vendor).,none,yes,
Version,yes,C,yes,Genuine categorical process attribute (product/process version).,none,yes,
Lot_type,yes,C,yes,Genuine categorical process attribute (engineering vs. production lot).,none,yes,
Sort_WW,yes,E,no,"Work-week number of the sort test -- scheduling/traceability metadata, not a physical process condition.",none,no,
Year_WW,yes,E,no,"Year-work-week composite label -- scheduling/traceability metadata, not a physical process condition.",none,no,
Exception,yes,E,no,"Constant value across all 1,500 rows ('NO') -- zero variance.",none,no,Re-verified fresh: nunique=1.
Customer,yes,C,yes,Genuine categorical process/business attribute; associated with real mean-yield differences in prior EDA.,none,yes,"Business attribute rather than a physical process condition, but not target-derived -- set before test, legitimately eligible."
Technology,yes,C,yes,Genuine categorical process attribute (pHEMT technology node).,none,yes,
LineYield,yes,G,review,"Re-verified fresh: Pearson r=0.0040, Spearman r=-0.0026 with SortingYield -- statistically indistinguishable from zero (n=1500). This does NOT show a correlation-based leakage signature. However, 'LineYield' is semantically an OUTCOME metric (a yield/pass-rate) from a different process stage ('Line' = wafer fab line), not a physical process/ET measurement. Whether front-of-line yield is measured and available BEFORE EOL SortingYield is determined (which would make it a legitimate early-stage input) or is a parallel/downstream rollup cannot be determined from the CSV alone.",none,uncertain,"UNCERTAIN -- engineering review needed to confirm manufacturing-flow timing. If confirmed available pre-EOL and causally upstream, this could become a legitimate early-warning input; if it is a parallel/summary metric it should be treated as leakage-adjacent. Not excluded here, but not automatically included either -- flagged for review per project rule against unsupported assumptions."
BackEndYield,yes,G,review,"Re-verified fresh: Pearson r=0.0045, Spearman r=-0.0207 with SortingYield -- statistically indistinguishable from zero. Same semantic concern as LineYield: 'BackEndYield' is an outcome/yield metric, most plausibly from packaging/assembly (typically AFTER die sort in standard semiconductor flow, which would make it a downstream, non-causal metric relative to SortingYield), but this cannot be confirmed from the CSV alone.",none,uncertain,"UNCERTAIN -- engineering review needed. Near-zero correlation argues against leakage risk, but its outcome/yield semantics argue against it being a genuine process/ET input parameter."
SortingYield,yes,A,no,This IS the Stage 2 relationship-discovery target variable.,not_applicable,no,Never a predictor. All relationships are characterized WITH RESPECT TO this column.
VIYield,yes,G,review,"Re-verified fresh: Pearson r=0.1220, Spearman r=0.1646 with SortingYield -- a modest, non-trivial correlation. 'VI' most plausibly denotes Visual Inspection, typically a post-sort or post-assembly step. An outcome/yield metric, not a physical process measurement.",low,uncertain,UNCERTAIN -- modest correlation plus outcome-type semantics. Engineering review needed to confirm process-flow position before treating as either a legitimate input or leakage.
LTYield,yes,G,review,"Re-verified fresh: Pearson r=0.2155, Spearman r=0.1634 with SortingYield -- a modest, non-trivial correlation. 'LT' most plausibly denotes Life Test / burn-in, typically a post-sort reliability step. An outcome/yield metric, not a physical process measurement.",low,uncertain,UNCERTAIN -- modest correlation plus outcome-type semantics. Engineering review needed.
TotalYield,yes,D,no,"Re-verified fresh: Pearson r=0.9228, Spearman r=0.8947 with SortingYield -- a rollup metric whose value structurally includes SortingYield as one of its components (a yield product/aggregate across stages). Using it as a predictor would let the model trivially recover the target through arithmetic, not through any discovered process relationship.",high,no,Confirmed leakage: target-derived aggregate.
MaskSetSupplyChipsCount,yes,B,yes,"Re-verified fresh: correlates only r=0.0847 with SortingYield -- a planned wafer/capacity count set before production, not derived from actual results. Legitimate, safe process/planning input.",none,yes,Distinct from EstimatedSupplyChipsCount -- verified NOT to encode yield outcome.
EstimatedSupplyChipsCount,yes,D,no,"Re-verified fresh: EstimatedSupplyChipsCount / MaskSetSupplyChipsCount ratio correlates r=0.9229 with SortingYield, while MaskSetSupplyChipsCount alone correlates only r=0.0847. This shows EstimatedSupplyChipsCount is a business projection COMPUTED FROM an actual or forecasted yield figure (chip-count estimate = wafer capacity x yield), not an independent process measurement.",high,no,"Confirmed leakage: derived from yield outcome, not a process input."
Sort_Yield_target[%],yes,C,yes,"Re-verified fresh: takes only 2 values (88, 90) and maps deterministically onto Technology (crosstab confirms a perfect 1:1 relationship) -- a pre-set specification/target threshold assigned before production, not a measurement derived from the actual outcome.",none,uncertain,"Not leakage (set in advance, not derived from results), but fully redundant with Technology -- carries no independent information."
MaskSetName_group,yes,F,no,"Re-verified fresh via direct row-by-row string comparison: MaskSetName_group is identical to MaskSetName for all 1,500 rows (confirmed by crosstab: a perfect 1:1 diagonal mapping).",none,no,Exact duplicate of MaskSetName. No additional exact duplicates were found anywhere in the dataset (checked via content-hash across all numeric columns and pairwise string-equality across all categorical columns).
ANODE_ET_C_AN_2,yes,B,yes,"Original raw-CSV numeric process/inline/ET measurement. Re-checked: not in the leakage-family list, not a constant column, not part of any exact-duplicate group (verified via content-hash across all numeric columns).",none,yes,"Eligible for Stage 2 regardless of standalone importance -- may still matter via nonlinear effects, thresholds, or interactions."
ANODE_ET_C_AN_2_OW_CR,yes,B,yes,"Original raw-CSV numeric process/inline/ET measurement. Re-checked: not in the leakage-family list, not a constant column, not part of any exact-duplicate group (verified via content-hash across all numeric columns).",none,yes,"Eligible for Stage 2 regardless of standalone importance -- may still matter via nonlinear effects, thresholds, or interactions."
ANODE_ET_Probe_Number,yes,B,yes,"Original raw-CSV numeric process/inline/ET measurement. Re-checked: not in the leakage-family list, not a constant column, not part of any exact-duplicate group (verified via content-hash across all numeric columns).",none,yes,"Eligible for Stage 2 regardless of standalone importance -- may still matter via nonlinear effects, thresholds, or interactions."
ANODE_ET_Ran_con_1,yes,B,yes,"Original raw-CSV numeric process/inline/ET measurement. Re-checked: not in the leakage-family list, not a constant column, not part of any exact-duplicate group (verified via content-hash across all numeric columns).",none,yes,"Eligible for Stage 2 regardless of standalone importance -- may still matter via nonlinear effects, thresholds, or interactions."
ANODE_ET_Ran_con_1_OW_CR,yes,B,yes,"Original raw-CSV numeric process/inline/ET measurement. Re-checked: not in the leakage-family list, not a constant column, not part of any exact-duplicate group (verified via content-hash across all numeric columns).",none,yes,"Eligible for Stage 2 regardless of standalone importance -- may still matter via nonlinear effects, thresholds, or interactions."
ANODE_ET_Ran_con_2,yes,B,yes,"Original raw-CSV numeric process/inline/ET measurement. Re-checked: not in the leakage-family list, not a constant column, not part of any exact-duplicate group (verified via content-hash across all numeric columns).",none,yes,"Eligible for Stage 2 regardless of standalone importance -- may still matter via nonlinear effects, thresholds, or interactions."
ANODE_ET_Ran_con_2_OW_CR,yes,B,yes,"Original raw-CSV numeric process/inline/ET measurement. Re-checked: not in the leakage-family list, not a constant column, not part of any exact-duplicate group (verified via content-hash across all numeric columns).",none,yes,"Eligible for Stage 2 regardless of standalone importance -- may still matter via nonlinear effects, thresholds, or interactions."
ANODE_ET_Ran_con_3,yes,B,yes,"Original raw-CSV numeric process/inline/ET measurement. Re-checked: not in the leakage-family list, not a constant column, not part of any exact-duplicate group (verified via content-hash across all numeric columns).",none,yes,"Eligible for Stage 2 regardless of standalone importance -- may still matter via nonlinear effects, thresholds, or interactions."
ANODE_ET_Ran_con_3_OW_CR,yes,B,yes,"Original raw-CSV numeric process/inline/ET measurement. Re-checked: not in the leakage-family list, not a constant column, not part of any exact-duplicate group (verified via content-hash across all numeric columns).",none,yes,"Eligible for Stage 2 regardless of standalone importance -- may still matter via nonlinear effects, thresholds, or interactions."
ANODE_ET_Rc_an_ct2,yes,B,yes,"Original raw-CSV numeric process/inline/ET measurement. Re-checked: not in the leakage-family list, not a constant column, not part of any exact-duplicate group (verified via content-hash across all numeric columns).",none,yes,"Eligible for Stage 2 regardless of standalone importance -- may still matter via nonlinear effects, thresholds, or interactions."
ANODE_ET_Rc_an_ct2_OW_CR,yes,B,yes,"Original raw-CSV numeric process/inline/ET measurement. Re-checked: not in the leakage-family list, not a constant column, not part of any exact-duplicate group (verified via content-hash across all numeric columns).",none,yes,"Eligible for Stage 2 regardless of standalone importance -- may still matter via nonlinear effects, thresholds, or interactions."
ANODE_ET_Rsh_an_ct2,yes,B,yes,"Original raw-CSV numeric process/inline/ET measurement. Re-checked: not in the leakage-family list, not a constant column, not part of any exact-duplicate group (verified via content-hash across all numeric columns).",none,yes,"Eligible for Stage 2 regardless of standalone importance -- may still matter via nonlinear effects, thresholds, or interactions."
ANODE_ET_Rsh_an_ct2_OW_CR,yes,B,yes,"Original raw-CSV numeric process/inline/ET measurement. Re-checked: not in the leakage-family list, not a constant column, not part of any exact-duplicate group (verified via content-hash across all numeric columns).",none,yes,"Eligible for Stage 2 regardless of standalone importance -- may still matter via nonlinear effects, thresholds, or interactions."
BRGM_ET_ABVIETCH,yes,B,yes,"Original raw-CSV numeric process/inline/ET measurement. Re-checked: not in the leakage-family list, not a constant column, not part of any exact-duplicate group (verified via content-hash across all numeric columns).",none,yes,"Eligible for Stage 2 regardless of standalone importance -- may still matter via nonlinear effects, thresholds, or interactions."
BRGM_ET_C100,yes,B,yes,"Original raw-CSV numeric process/inline/ET measurement. Re-checked: not in the leakage-family list, not a constant column, not part of any exact-duplicate group (verified via content-hash across all numeric columns).",none,yes,"Eligible for Stage 2 regardless of standalone importance -- may still matter via nonlinear effects, thresholds, or interactions."
BRGM_ET_C200,yes,B,yes,"Original raw-CSV numeric process/inline/ET measurement. Re-checked: not in the leakage-family list, not a constant column, not part of any exact-duplicate group (verified via content-hash across all numeric columns).",none,yes,"Eligible for Stage 2 regardless of standalone importance -- may still matter via nonlinear effects, thresholds, or interactions."
BRGM_ET_C200_0,yes,B,yes,"Original raw-CSV numeric process/inline/ET measurement. Re-checked: not in the leakage-family list, not a constant column, not part of any exact-duplicate group (verified via content-hash across all numeric columns).",none,yes,"Eligible for Stage 2 regardless of standalone importance -- may still matter via nonlinear effects, thresholds, or interactions."
BRGM_ET_C300,yes,B,yes,"Original raw-CSV numeric process/inline/ET measurement. Re-checked: not in the leakage-family list, not a constant column, not part of any exact-duplicate group (verified via content-hash across all numeric columns).",none,yes,"Eligible for Stage 2 regardless of standalone importance -- may still matter via nonlinear effects, thresholds, or interactions."
BRGM_ET_C300_0,yes,B,yes,"Original raw-CSV numeric process/inline/ET measurement. Re-checked: not in the leakage-family list, not a constant column, not part of any exact-duplicate group (verified via content-hash across all numeric columns).",none,yes,"Eligible for Stage 2 regardless of standalone importance -- may still matter via nonlinear effects, thresholds, or interactions."
BRGM_ET_Cap_C300,yes,B,yes,"Original raw-CSV numeric process/inline/ET measurement. Re-checked: not in the leakage-family list, not a constant column, not part of any exact-duplicate group (verified via content-hash across all numeric columns).",none,yes,"Eligible for Stage 2 regardless of standalone importance -- may still matter via nonlinear effects, thresholds, or interactions."
BRGM_ET_F_AB,yes,B,yes,"Original raw-CSV numeric process/inline/ET measurement. Re-checked: not in the leakage-family list, not a constant column, not part of any exact-duplicate group (verified via content-hash across all numeric columns).",none,yes,"Eligible for Stage 2 regardless of standalone importance -- may still matter via nonlinear effects, thresholds, or interactions."
BRGM_ET_i5021_1,yes,B,yes,"Original raw-CSV numeric process/inline/ET measurement. Re-checked: not in the leakage-family list, not a constant column, not part of any exact-duplicate group (verified via content-hash across all numeric columns).",none,yes,"Eligible for Stage 2 regardless of standalone importance -- may still matter via nonlinear effects, thresholds, or interactions."
BRGM_ET_i5021_2,yes,B,yes,"Original raw-CSV numeric process/inline/ET measurement. Re-checked: not in the leakage-family list, not a constant column, not part of any exact-duplicate group (verified via content-hash across all numeric columns).",none,yes,"Eligible for Stage 2 regardless of standalone importance -- may still matter via nonlinear effects, thresholds, or interactions."
BRGM_ET_i5021_3,yes,B,yes,"Original raw-CSV numeric process/inline/ET measurement. Re-checked: not in the leakage-family list, not a constant column, not part of any exact-duplicate group (verified via content-hash across all numeric columns).",none,yes,"Eligible for Stage 2 regardless of standalone importance -- may still matter via nonlinear effects, thresholds, or interactions."
BRGM_ET_KLV_F_AB_4u,yes,B,yes,"Original raw-CSV numeric process/inline/ET measurement. Re-checked: not in the leakage-family list, not a constant column, not part of any exact-duplicate group (verified via content-hash across all numeric columns).",none,yes,"Eligible for Stage 2 regardless of standalone importance -- may still matter via nonlinear effects, thresholds, or interactions."
BRGM_ET_KLV_F_M1_4u,yes,B,yes,"Original raw-CSV numeric process/inline/ET measurement. Re-checked: not in the leakage-family list, not a constant column, not part of any exact-duplicate group (verified via content-hash across all numeric columns).",none,yes,"Eligible for Stage 2 regardless of standalone importance -- may still matter via nonlinear effects, thresholds, or interactions."
BRGM_ET_lkg_C200,yes,B,yes,"Original raw-CSV numeric process/inline/ET measurement. Re-checked: not in the leakage-family list, not a constant column, not part of any exact-duplicate group (verified via content-hash across all numeric columns).",none,yes,"Eligible for Stage 2 regardless of standalone importance -- may still matter via nonlinear effects, thresholds, or interactions."
BRGM_ET_lkg_C300,yes,B,yes,"Original raw-CSV numeric process/inline/ET measurement. Re-checked: not in the leakage-family list, not a constant column, not part of any exact-duplicate group (verified via content-hash across all numeric columns).",none,yes,"Eligible for Stage 2 regardless of standalone importance -- may still matter via nonlinear effects, thresholds, or interactions."
BRGM_ET_lkg_SY07_10,yes,B,yes,"Original raw-CSV numeric process/inline/ET measurement. Re-checked: not in the leakage-family list, not a constant column, not part of any exact-duplicate group (verified via content-hash across all numeric columns).",none,yes,"Eligible for Stage 2 regardless of standalone importance -- may still matter via nonlinear effects, thresholds, or interactions."
BRGM_ET_lkg_SY8_80,yes,B,yes,"Original raw-CSV numeric process/inline/ET measurement. Re-checked: not in the leakage-family list, not a constant column, not part of any exact-duplicate group (verified via content-hash across all numeric columns).",none,yes,"Eligible for Stage 2 regardless of standalone importance -- may still matter via nonlinear effects, thresholds, or interactions."
BRGM_ET_Probe_Number,yes,B,yes,"Original raw-CSV numeric process/inline/ET measurement. Re-checked: not in the leakage-family list, not a constant column, not part of any exact-duplicate group (verified via content-hash across all numeric columns).",none,yes,"Eligible for Stage 2 regardless of standalone importance -- may still matter via nonlinear effects, thresholds, or interactions."
BRGM_ET_Rc_F_AB_2,yes,B,yes,"Original raw-CSV numeric process/inline/ET measurement. Re-checked: not in the leakage-family list, not a constant column, not part of any exact-duplicate group (verified via content-hash across all numeric columns).",none,yes,"Eligible for Stage 2 regardless of standalone importance -- may still matter via nonlinear effects, thresholds, or interactions."
BRGM_ET_Rsh_F_AB_2,yes,B,yes,"Original raw-CSV numeric process/inline/ET measurement. Re-checked: not in the leakage-family list, not a constant column, not part of any exact-duplicate group (verified via content-hash across all numeric columns).",none,yes,"Eligible for Stage 2 regardless of standalone importance -- may still matter via nonlinear effects, thresholds, or interactions."
BRGM_ET_TR_1F,yes,B,yes,"Original raw-CSV numeric process/inline/ET measurement. Re-checked: not in the leakage-family list, not a constant column, not part of any exact-duplicate group (verified via content-hash across all numeric columns).",none,yes,"Eligible for Stage 2 regardless of standalone importance -- may still matter via nonlinear effects, thresholds, or interactions."
CATHODE_ET_C_CAT_2,yes,B,yes,"Original raw-CSV numeric process/inline/ET measurement. Re-checked: not in the leakage-family list, not a constant column, not part of any exact-duplicate group (verified via content-hash across all numeric columns).",none,yes,"Eligible for Stage 2 regardless of standalone importance -- may still matter via nonlinear effects, thresholds, or interactions."
CATHODE_ET_C_CAT_2_OW_ST,yes,B,yes,"Original raw-CSV numeric process/inline/ET measurement. Re-checked: not in the leakage-family list, not a constant column, not part of any exact-duplicate group (verified via content-hash across all numeric columns).",none,yes,"Eligible for Stage 2 regardless of standalone importance -- may still matter via nonlinear effects, thresholds, or interactions."
CATHODE_ET_Probe_Number,yes,B,yes,"Original raw-CSV numeric process/inline/ET measurement. Re-checked: not in the leakage-family list, not a constant column, not part of any exact-duplicate group (verified via content-hash across all numeric columns).",none,yes,"Eligible for Stage 2 regardless of standalone importance -- may still matter via nonlinear effects, thresholds, or interactions."
CATHODE_ET_Rc_cat_ct2,yes,B,yes,"Original raw-CSV numeric process/inline/ET measurement. Re-checked: not in the leakage-family list, not a constant column, not part of any exact-duplicate group (verified via content-hash across all numeric columns).",none,yes,"Eligible for Stage 2 regardless of standalone importance -- may still matter via nonlinear effects, thresholds, or interactions."
CATHODE_ET_Rc_cat_ct2_OW_ST,yes,B,yes,"Original raw-CSV numeric process/inline/ET measurement. Re-checked: not in the leakage-family list, not a constant column, not part of any exact-duplicate group (verified via content-hash across all numeric columns).",none,yes,"Eligible for Stage 2 regardless of standalone importance -- may still matter via nonlinear effects, thresholds, or interactions."
CATHODE_ET_Rcat_cn_1,yes,B,yes,"Original raw-CSV numeric process/inline/ET measurement. Re-checked: not in the leakage-family list, not a constant column, not part of any exact-duplicate group (verified via content-hash across all numeric columns).",none,yes,"Eligible for Stage 2 regardless of standalone importance -- may still matter via nonlinear effects, thresholds, or interactions."
CATHODE_ET_Rcat_cn_1_OW_ST,yes,B,yes,"Original raw-CSV numeric process/inline/ET measurement. Re-checked: not in the leakage-family list, not a constant column, not part of any exact-duplicate group (verified via content-hash across all numeric columns).",none,yes,"Eligible for Stage 2 regardless of standalone importance -- may still matter via nonlinear effects, thresholds, or interactions."
CATHODE_ET_Rcat_cn_2,yes,B,yes,"Original raw-CSV numeric process/inline/ET measurement. Re-checked: not in the leakage-family list, not a constant column, not part of any exact-duplicate group (verified via content-hash across all numeric columns).",none,yes,"Eligible for Stage 2 regardless of standalone importance -- may still matter via nonlinear effects, thresholds, or interactions."
CATHODE_ET_Rcat_cn_2_OW_ST,yes,B,yes,"Original raw-CSV numeric process/inline/ET measurement. Re-checked: not in the leakage-family list, not a constant column, not part of any exact-duplicate group (verified via content-hash across all numeric columns).",none,yes,"Eligible for Stage 2 regardless of standalone importance -- may still matter via nonlinear effects, thresholds, or interactions."
CATHODE_ET_Rcat_cn_3,yes,B,yes,"Original raw-CSV numeric process/inline/ET measurement. Re-checked: not in the leakage-family list, not a constant column, not part of any exact-duplicate group (verified via content-hash across all numeric columns).",none,yes,"Eligible for Stage 2 regardless of standalone importance -- may still matter via nonlinear effects, thresholds, or interactions."
CATHODE_ET_Rcat_cn_3_OW_ST,yes,B,yes,"Original raw-CSV numeric process/inline/ET measurement. Re-checked: not in the leakage-family list, not a constant column, not part of any exact-duplicate group (verified via content-hash across all numeric columns).",none,yes,"Eligible for Stage 2 regardless of standalone importance -- may still matter via nonlinear effects, thresholds, or interactions."
CATHODE_ET_Rsh_cat_c2,yes,B,yes,"Original raw-CSV numeric process/inline/ET measurement. Re-checked: not in the leakage-family list, not a constant column, not part of any exact-duplicate group (verified via content-hash across all numeric columns).",none,yes,"Eligible for Stage 2 regardless of standalone importance -- may still matter via nonlinear effects, thresholds, or interactions."
CATHODE_ET_Rsh_cat_c2_OW_ST,yes,B,yes,"Original raw-CSV numeric process/inline/ET measurement. Re-checked: not in the leakage-family list, not a constant column, not part of any exact-duplicate group (verified via content-hash across all numeric columns).",none,yes,"Eligible for Stage 2 regardless of standalone importance -- may still matter via nonlinear effects, thresholds, or interactions."
FIC_ET_Bad_Gates,yes,B,yes,"Original raw-CSV numeric process/inline/ET measurement. Re-checked: not in the leakage-family list, not a constant column, not part of any exact-duplicate group (verified via content-hash across all numeric columns).",none,yes,"Eligible for Stage 2 regardless of standalone importance -- may still matter via nonlinear effects, thresholds, or interactions."
FIC_ET_C100S1,yes,B,yes,"Original raw-CSV numeric process/inline/ET measurement. Re-checked: not in the leakage-family list, not a constant column, not part of any exact-duplicate group (verified via content-hash across all numeric columns).",none,yes,"Eligible for Stage 2 regardless of standalone importance -- may still matter via nonlinear effects, thresholds, or interactions."
FIC_ET_C200_0S1,yes,B,yes,"Original raw-CSV numeric process/inline/ET measurement. Re-checked: not in the leakage-family list, not a constant column, not part of any exact-duplicate group (verified via content-hash across all numeric columns).",none,yes,"Eligible for Stage 2 regardless of standalone importance -- may still matter via nonlinear effects, thresholds, or interactions."
FIC_ET_C200S1,yes,B,yes,"Original raw-CSV numeric process/inline/ET measurement. Re-checked: not in the leakage-family list, not a constant column, not part of any exact-duplicate group (verified via content-hash across all numeric columns).",none,yes,"Eligible for Stage 2 regardless of standalone importance -- may still matter via nonlinear effects, thresholds, or interactions."
FIC_ET_FC_lin_4,yes,B,yes,"Original raw-CSV numeric process/inline/ET measurement. Re-checked: not in the leakage-family list, not a constant column, not part of any exact-duplicate group (verified via content-hash across all numeric columns).",none,yes,"Eligible for Stage 2 regardless of standalone importance -- may still matter via nonlinear effects, thresholds, or interactions."
FIC_ET_G_per_15,yes,B,yes,"Original raw-CSV numeric process/inline/ET measurement. Re-checked: not in the leakage-family list, not a constant column, not part of any exact-duplicate group (verified via content-hash across all numeric columns).",none,yes,"Eligible for Stage 2 regardless of standalone importance -- may still matter via nonlinear effects, thresholds, or interactions."
FIC_ET_G_per_25,yes,B,yes,"Original raw-CSV numeric process/inline/ET measurement. Re-checked: not in the leakage-family list, not a constant column, not part of any exact-duplicate group (verified via content-hash across all numeric columns).",none,yes,"Eligible for Stage 2 regardless of standalone importance -- may still matter via nonlinear effects, thresholds, or interactions."
FIC_ET_G_per_2p75K,yes,B,yes,"Original raw-CSV numeric process/inline/ET measurement. Re-checked: not in the leakage-family list, not a constant column, not part of any exact-duplicate group (verified via content-hash across all numeric columns).",none,yes,"Eligible for Stage 2 regardless of standalone importance -- may still matter via nonlinear effects, thresholds, or interactions."
FIC_ET_G_per_6K,yes,B,yes,"Original raw-CSV numeric process/inline/ET measurement. Re-checked: not in the leakage-family list, not a constant column, not part of any exact-duplicate group (verified via content-hash across all numeric columns).",none,yes,"Eligible for Stage 2 regardless of standalone importance -- may still matter via nonlinear effects, thresholds, or interactions."
FIC_ET_G2_per_6K,yes,B,yes,"Original raw-CSV numeric process/inline/ET measurement. Re-checked: not in the leakage-family list, not a constant column, not part of any exact-duplicate group (verified via content-hash across all numeric columns).",none,yes,"Eligible for Stage 2 regardless of standalone importance -- may still matter via nonlinear effects, thresholds, or interactions."
FIC_ET_Gate_res,yes,B,yes,"Original raw-CSV numeric process/inline/ET measurement. Re-checked: not in the leakage-family list, not a constant column, not part of any exact-duplicate group (verified via content-hash across all numeric columns).",none,yes,"Eligible for Stage 2 regardless of standalone importance -- may still matter via nonlinear effects, thresholds, or interactions."
FIC_ET_Gm_m2,yes,B,yes,"Original raw-CSV numeric process/inline/ET measurement. Re-checked: not in the leakage-family list, not a constant column, not part of any exact-duplicate group (verified via content-hash across all numeric columns).",none,yes,"Eligible for Stage 2 regardless of standalone importance -- may still matter via nonlinear effects, thresholds, or interactions."
FIC_ET_Gm_max,yes,B,yes,"Original raw-CSV numeric process/inline/ET measurement. Re-checked: not in the leakage-family list, not a constant column, not part of any exact-duplicate group (verified via content-hash across all numeric columns).",none,yes,"Eligible for Stage 2 regardless of standalone importance -- may still matter via nonlinear effects, thresholds, or interactions."
FIC_ET_GT_lin25,yes,B,yes,"Original raw-CSV numeric process/inline/ET measurement. Re-checked: not in the leakage-family list, not a constant column, not part of any exact-duplicate group (verified via content-hash across all numeric columns).",none,yes,"Eligible for Stage 2 regardless of standalone importance -- may still matter via nonlinear effects, thresholds, or interactions."
FIC_ET_HIRS,yes,B,yes,"Original raw-CSV numeric process/inline/ET measurement. Re-checked: not in the leakage-family list, not a constant column, not part of any exact-duplicate group (verified via content-hash across all numeric columns).",none,yes,"Eligible for Stage 2 regardless of standalone importance -- may still matter via nonlinear effects, thresholds, or interactions."
FIC_ET_Id_mAmm_at_Vd_cond,yes,B,yes,"Original raw-CSV numeric process/inline/ET measurement. Re-checked: not in the leakage-family list, not a constant column, not part of any exact-duplicate group (verified via content-hash across all numeric columns).",none,yes,"Eligible for Stage 2 regardless of standalone importance -- may still matter via nonlinear effects, thresholds, or interactions."
FIC_ET_Ids_m2,yes,B,yes,"Original raw-CSV numeric process/inline/ET measurement. Re-checked: not in the leakage-family list, not a constant column, not part of any exact-duplicate group (verified via content-hash across all numeric columns).",none,yes,"Eligible for Stage 2 regardless of standalone importance -- may still matter via nonlinear effects, thresholds, or interactions."
FIC_ET_Ig_mAmm_at_Vd_cond,yes,B,yes,"Original raw-CSV numeric process/inline/ET measurement. Re-checked: not in the leakage-family list, not a constant column, not part of any exact-duplicate group (verified via content-hash across all numeric columns).",none,yes,"Eligible for Stage 2 regardless of standalone importance -- may still matter via nonlinear effects, thresholds, or interactions."
FIC_ET_lkg_5,yes,B,yes,"Original raw-CSV numeric process/inline/ET measurement. Re-checked: not in the leakage-family list, not a constant column, not part of any exact-duplicate group (verified via content-hash across all numeric columns).",none,yes,"Eligible for Stage 2 regardless of standalone importance -- may still matter via nonlinear effects, thresholds, or interactions."
FIC_ET_lkg_SY07_10,yes,B,yes,"Original raw-CSV numeric process/inline/ET measurement. Re-checked: not in the leakage-family list, not a constant column, not part of any exact-duplicate group (verified via content-hash across all numeric columns).",none,yes,"Eligible for Stage 2 regardless of standalone importance -- may still matter via nonlinear effects, thresholds, or interactions."
FIC_ET_lkg_SY8_80,yes,B,yes,"Original raw-CSV numeric process/inline/ET measurement. Re-checked: not in the leakage-family list, not a constant column, not part of any exact-duplicate group (verified via content-hash across all numeric columns).",none,yes,"Eligible for Stage 2 regardless of standalone importance -- may still matter via nonlinear effects, thresholds, or interactions."
FIC_ET_OHMC,yes,B,yes,"Original raw-CSV numeric process/inline/ET measurement. Re-checked: not in the leakage-family list, not a constant column, not part of any exact-duplicate group (verified via content-hash across all numeric columns).",none,yes,"Eligible for Stage 2 regardless of standalone importance -- may still matter via nonlinear effects, thresholds, or interactions."
FIC_ET_Probe_Number,yes,B,yes,"Original raw-CSV numeric process/inline/ET measurement. Re-checked: not in the leakage-family list, not a constant column, not part of any exact-duplicate group (verified via content-hash across all numeric columns).",none,yes,"Eligible for Stage 2 regardless of standalone importance -- may still matter via nonlinear effects, thresholds, or interactions."
FIC_ET_R_f_hr_1,yes,B,yes,"Original raw-CSV numeric process/inline/ET measurement. Re-checked: not in the leakage-family list, not a constant column, not part of any exact-duplicate group (verified via content-hash across all numeric columns).",none,yes,"Eligible for Stage 2 regardless of standalone importance -- may still matter via nonlinear effects, thresholds, or interactions."
FIC_ET_R_f_hr_2,yes,B,yes,"Original raw-CSV numeric process/inline/ET measurement. Re-checked: not in the leakage-family list, not a constant column, not part of any exact-duplicate group (verified via content-hash across all numeric columns).",none,yes,"Eligible for Stage 2 regardless of standalone importance -- may still matter via nonlinear effects, thresholds, or interactions."
FIC_ET_R_f_hr_3,yes,B,yes,"Original raw-CSV numeric process/inline/ET measurement. Re-checked: not in the leakage-family list, not a constant column, not part of any exact-duplicate group (verified via content-hash across all numeric columns).",none,yes,"Eligible for Stage 2 regardless of standalone importance -- may still matter via nonlinear effects, thresholds, or interactions."
FIC_ET_R_f_tn_1,yes,B,yes,"Original raw-CSV numeric process/inline/ET measurement. Re-checked: not in the leakage-family list, not a constant column, not part of any exact-duplicate group (verified via content-hash across all numeric columns).",none,yes,"Eligible for Stage 2 regardless of standalone importance -- may still matter via nonlinear effects, thresholds, or interactions."
FIC_ET_R_f_tn_2,yes,B,yes,"Original raw-CSV numeric process/inline/ET measurement. Re-checked: not in the leakage-family list, not a constant column, not part of any exact-duplicate group (verified via content-hash across all numeric columns).",none,yes,"Eligible for Stage 2 regardless of standalone importance -- may still matter via nonlinear effects, thresholds, or interactions."
FIC_ET_R_f_tn_3,yes,B,yes,"Original raw-CSV numeric process/inline/ET measurement. Re-checked: not in the leakage-family list, not a constant column, not part of any exact-duplicate group (verified via content-hash across all numeric columns).",none,yes,"Eligible for Stage 2 regardless of standalone importance -- may still matter via nonlinear effects, thresholds, or interactions."
FIC_ET_R114,yes,B,yes,"Original raw-CSV numeric process/inline/ET measurement. Re-checked: not in the leakage-family list, not a constant column, not part of any exact-duplicate group (verified via content-hash across all numeric columns).",none,yes,"Eligible for Stage 2 regardless of standalone importance -- may still matter via nonlinear effects, thresholds, or interactions."
FIC_ET_R214,yes,B,yes,"Original raw-CSV numeric process/inline/ET measurement. Re-checked: not in the leakage-family list, not a constant column, not part of any exact-duplicate group (verified via content-hash across all numeric columns).",none,yes,"Eligible for Stage 2 regardless of standalone importance -- may still matter via nonlinear effects, thresholds, or interactions."
FIC_ET_R314,yes,B,yes,"Original raw-CSV numeric process/inline/ET measurement. Re-checked: not in the leakage-family list, not a constant column, not part of any exact-duplicate group (verified via content-hash across all numeric columns).",none,yes,"Eligible for Stage 2 regardless of standalone importance -- may still matter via nonlinear effects, thresholds, or interactions."
FIC_ET_Rc_f_hr_23,yes,B,yes,"Original raw-CSV numeric process/inline/ET measurement. Re-checked: not in the leakage-family list, not a constant column, not part of any exact-duplicate group (verified via content-hash across all numeric columns).",none,yes,"Eligible for Stage 2 regardless of standalone importance -- may still matter via nonlinear effects, thresholds, or interactions."
FIC_ET_Rc_f_tn_23,yes,B,yes,"Original raw-CSV numeric process/inline/ET measurement. Re-checked: not in the leakage-family list, not a constant column, not part of any exact-duplicate group (verified via content-hash across all numeric columns).",none,yes,"Eligible for Stage 2 regardless of standalone importance -- may still matter via nonlinear effects, thresholds, or interactions."
FIC_ET_Rc_OG142,yes,B,yes,"Original raw-CSV numeric process/inline/ET measurement. Re-checked: not in the leakage-family list, not a constant column, not part of any exact-duplicate group (verified via content-hash across all numeric columns).",none,yes,"Eligible for Stage 2 regardless of standalone importance -- may still matter via nonlinear effects, thresholds, or interactions."
FIC_ET_sh_f_hr_23,yes,B,yes,"Original raw-CSV numeric process/inline/ET measurement. Re-checked: not in the leakage-family list, not a constant column, not part of any exact-duplicate group (verified via content-hash across all numeric columns).",none,yes,"Eligible for Stage 2 regardless of standalone importance -- may still matter via nonlinear effects, thresholds, or interactions."
FIC_ET_sh_f_tn_23,yes,B,yes,"Original raw-CSV numeric process/inline/ET measurement. Re-checked: not in the leakage-family list, not a constant column, not part of any exact-duplicate group (verified via content-hash across all numeric columns).",none,yes,"Eligible for Stage 2 regardless of standalone importance -- may still matter via nonlinear effects, thresholds, or interactions."
FIC_ET_sh_GA142,yes,B,yes,"Original raw-CSV numeric process/inline/ET measurement. Re-checked: not in the leakage-family list, not a constant column, not part of any exact-duplicate group (verified via content-hash across all numeric columns).",none,yes,"Eligible for Stage 2 regardless of standalone importance -- may still matter via nonlinear effects, thresholds, or interactions."
FIC_ET_TANR,yes,B,yes,"Original raw-CSV numeric process/inline/ET measurement. Re-checked: not in the leakage-family list, not a constant column, not part of any exact-duplicate group (verified via content-hash across all numeric columns).",none,yes,"Eligible for Stage 2 regardless of standalone importance -- may still matter via nonlinear effects, thresholds, or interactions."
FIC_ET_TR_1F,yes,B,yes,"Original raw-CSV numeric process/inline/ET measurement. Re-checked: not in the leakage-family list, not a constant column, not part of any exact-duplicate group (verified via content-hash across all numeric columns).",none,yes,"Eligible for Stage 2 regardless of standalone importance -- may still matter via nonlinear effects, thresholds, or interactions."
FIC_ET_Vd_at_Id_cut_cond,yes,B,yes,"Original raw-CSV numeric process/inline/ET measurement. Re-checked: not in the leakage-family list, not a constant column, not part of any exact-duplicate group (verified via content-hash across all numeric columns).",none,yes,"Eligible for Stage 2 regardless of standalone importance -- may still matter via nonlinear effects, thresholds, or interactions."
FIC_ET_Vdg_max,yes,B,yes,"Original raw-CSV numeric process/inline/ET measurement. Re-checked: not in the leakage-family list, not a constant column, not part of any exact-duplicate group (verified via content-hash across all numeric columns).",none,yes,"Eligible for Stage 2 regardless of standalone importance -- may still matter via nonlinear effects, thresholds, or interactions."
FIC_ET_Vds_max,yes,B,yes,"Original raw-CSV numeric process/inline/ET measurement. Re-checked: not in the leakage-family list, not a constant column, not part of any exact-duplicate group (verified via content-hash across all numeric columns).",none,yes,"Eligible for Stage 2 regardless of standalone importance -- may still matter via nonlinear effects, thresholds, or interactions."
FIC_ET_Vg_gm_max,yes,B,yes,"Original raw-CSV numeric process/inline/ET measurement. Re-checked: not in the leakage-family list, not a constant column, not part of any exact-duplicate group (verified via content-hash across all numeric columns).",none,yes,"Eligible for Stage 2 regardless of standalone importance -- may still matter via nonlinear effects, thresholds, or interactions."
FIC_ET_Vg_Vds_max,yes,B,yes,"Original raw-CSV numeric process/inline/ET measurement. Re-checked: not in the leakage-family list, not a constant column, not part of any exact-duplicate group (verified via content-hash across all numeric columns).",none,yes,"Eligible for Stage 2 regardless of standalone importance -- may still matter via nonlinear effects, thresholds, or interactions."
FIC_ET_Vp_1,yes,B,yes,"Original raw-CSV numeric process/inline/ET measurement. Re-checked: not in the leakage-family list, not a constant column, not part of any exact-duplicate group (verified via content-hash across all numeric columns).",none,yes,"Eligible for Stage 2 regardless of standalone importance -- may still matter via nonlinear effects, thresholds, or interactions."
FIC_ET_DC_PIV_Drain_Lag_0,yes,B,yes,"Original raw-CSV numeric process/inline/ET measurement. Re-checked: not in the leakage-family list, not a constant column, not part of any exact-duplicate group (verified via content-hash across all numeric columns).",none,yes,"Eligible for Stage 2 regardless of standalone importance -- may still matter via nonlinear effects, thresholds, or interactions."
FIC_ET_DC_PIV_Drain_Lag_1,yes,B,yes,"Original raw-CSV numeric process/inline/ET measurement. Re-checked: not in the leakage-family list, not a constant column, not part of any exact-duplicate group (verified via content-hash across all numeric columns).",none,yes,"Eligible for Stage 2 regardless of standalone importance -- may still matter via nonlinear effects, thresholds, or interactions."
FIC_ET_DC_PIV_Gate_Lag_0,yes,B,yes,"Original raw-CSV numeric process/inline/ET measurement. Re-checked: not in the leakage-family list, not a constant column, not part of any exact-duplicate group (verified via content-hash across all numeric columns).",none,yes,"Eligible for Stage 2 regardless of standalone importance -- may still matter via nonlinear effects, thresholds, or interactions."
FIC_ET_DC_PIV_Gate_Lag_1,yes,B,yes,"Original raw-CSV numeric process/inline/ET measurement. Re-checked: not in the leakage-family list, not a constant column, not part of any exact-duplicate group (verified via content-hash across all numeric columns).",none,yes,"Eligible for Stage 2 regardless of standalone importance -- may still matter via nonlinear effects, thresholds, or interactions."
FIC_ET_DC_PIV_Ids0_QP1,yes,B,yes,"Original raw-CSV numeric process/inline/ET measurement. Re-checked: not in the leakage-family list, not a constant column, not part of any exact-duplicate group (verified via content-hash across all numeric columns).",none,yes,"Eligible for Stage 2 regardless of standalone importance -- may still matter via nonlinear effects, thresholds, or interactions."
FIC_ET_DC_PIV_Ids0_QP2,yes,B,yes,"Original raw-CSV numeric process/inline/ET measurement. Re-checked: not in the leakage-family list, not a constant column, not part of any exact-duplicate group (verified via content-hash across all numeric columns).",none,yes,"Eligible for Stage 2 regardless of standalone importance -- may still matter via nonlinear effects, thresholds, or interactions."
FIC_ET_DC_PIV_Ids0_QP3,yes,B,yes,"Original raw-CSV numeric process/inline/ET measurement. Re-checked: not in the leakage-family list, not a constant column, not part of any exact-duplicate group (verified via content-hash across all numeric columns).",none,yes,"Eligible for Stage 2 regardless of standalone importance -- may still matter via nonlinear effects, thresholds, or interactions."
FIC_ET_DC_PIV_Ids1_QP1,yes,B,yes,"Original raw-CSV numeric process/inline/ET measurement. Re-checked: not in the leakage-family list, not a constant column, not part of any exact-duplicate group (verified via content-hash across all numeric columns).",none,yes,"Eligible for Stage 2 regardless of standalone importance -- may still matter via nonlinear effects, thresholds, or interactions."
FIC_ET_DC_PIV_Ids1_QP2,yes,B,yes,"Original raw-CSV numeric process/inline/ET measurement. Re-checked: not in the leakage-family list, not a constant column, not part of any exact-duplicate group (verified via content-hash across all numeric columns).",none,yes,"Eligible for Stage 2 regardless of standalone importance -- may still matter via nonlinear effects, thresholds, or interactions."
FIC_ET_DC_PIV_Ids1_QP3,yes,B,yes,"Original raw-CSV numeric process/inline/ET measurement. Re-checked: not in the leakage-family list, not a constant column, not part of any exact-duplicate group (verified via content-hash across all numeric columns).",none,yes,"Eligible for Stage 2 regardless of standalone importance -- may still matter via nonlinear effects, thresholds, or interactions."
FIC_ET_DC_RF_Gm_0,yes,B,yes,"Original raw-CSV numeric process/inline/ET measurement. Re-checked: not in the leakage-family list, not a constant column, not part of any exact-duplicate group (verified via content-hash across all numeric columns).",none,yes,"Eligible for Stage 2 regardless of standalone importance -- may still matter via nonlinear effects, thresholds, or interactions."
FIC_ET_DC_RF_Gm_m0p2,yes,B,yes,"Original raw-CSV numeric process/inline/ET measurement. Re-checked: not in the leakage-family list, not a constant column, not part of any exact-duplicate group (verified via content-hash across all numeric columns).",none,yes,"Eligible for Stage 2 regardless of standalone importance -- may still matter via nonlinear effects, thresholds, or interactions."
FIC_ET_DC_RF_Gm_max,yes,B,yes,"Original raw-CSV numeric process/inline/ET measurement. Re-checked: not in the leakage-family list, not a constant column, not part of any exact-duplicate group (verified via content-hash across all numeric columns).",none,yes,"Eligible for Stage 2 regardless of standalone importance -- may still matter via nonlinear effects, thresholds, or interactions."
FIC_ET_DC_RF_Id_gm_max,yes,B,yes,"Original raw-CSV numeric process/inline/ET measurement. Re-checked: not in the leakage-family list, not a constant column, not part of any exact-duplicate group (verified via content-hash across all numeric columns).",none,yes,"Eligible for Stage 2 regardless of standalone importance -- may still matter via nonlinear effects, thresholds, or interactions."
FIC_ET_DC_RF_Ids_m0p2,yes,B,yes,"Original raw-CSV numeric process/inline/ET measurement. Re-checked: not in the leakage-family list, not a constant column, not part of any exact-duplicate group (verified via content-hash across all numeric columns).",none,yes,"Eligible for Stage 2 regardless of standalone importance -- may still matter via nonlinear effects, thresholds, or interactions."
FIC_ET_DC_RF_Idss,yes,B,yes,"Original raw-CSV numeric process/inline/ET measurement. Re-checked: not in the leakage-family list, not a constant column, not part of any exact-duplicate group (verified via content-hash across all numeric columns).",none,yes,"Eligible for Stage 2 regardless of standalone importance -- may still matter via nonlinear effects, thresholds, or interactions."
FIC_ET_DC_RF_Imax,yes,B,yes,"Original raw-CSV numeric process/inline/ET measurement. Re-checked: not in the leakage-family list, not a constant column, not part of any exact-duplicate group (verified via content-hash across all numeric columns).",none,yes,"Eligible for Stage 2 regardless of standalone importance -- may still matter via nonlinear effects, thresholds, or interactions."
FIC_ET_DC_RF_n_gd,yes,B,yes,"Original raw-CSV numeric process/inline/ET measurement. Re-checked: not in the leakage-family list, not a constant column, not part of any exact-duplicate group (verified via content-hash across all numeric columns).",none,yes,"Eligible for Stage 2 regardless of standalone importance -- may still matter via nonlinear effects, thresholds, or interactions."
FIC_ET_DC_RF_n_gs,yes,B,yes,"Original raw-CSV numeric process/inline/ET measurement. Re-checked: not in the leakage-family list, not a constant column, not part of any exact-duplicate group (verified via content-hash across all numeric columns).",none,yes,"Eligible for Stage 2 regardless of standalone importance -- may still matter via nonlinear effects, thresholds, or interactions."
FIC_ET_DC_RF_Vbgd_0p01,yes,B,yes,"Original raw-CSV numeric process/inline/ET measurement. Re-checked: not in the leakage-family list, not a constant column, not part of any exact-duplicate group (verified via content-hash across all numeric columns).",none,yes,"Eligible for Stage 2 regardless of standalone importance -- may still matter via nonlinear effects, thresholds, or interactions."
FIC_ET_DC_RF_Vbgd_0p1,yes,B,yes,"Original raw-CSV numeric process/inline/ET measurement. Re-checked: not in the leakage-family list, not a constant column, not part of any exact-duplicate group (verified via content-hash across all numeric columns).",none,yes,"Eligible for Stage 2 regardless of standalone importance -- may still matter via nonlinear effects, thresholds, or interactions."
FIC_ET_DC_RF_Vbgd1,yes,B,yes,"Original raw-CSV numeric process/inline/ET measurement. Re-checked: not in the leakage-family list, not a constant column, not part of any exact-duplicate group (verified via content-hash across all numeric columns).",none,yes,"Eligible for Stage 2 regardless of standalone importance -- may still matter via nonlinear effects, thresholds, or interactions."
FIC_ET_DC_RF_Vbgs_0p01,yes,B,yes,"Original raw-CSV numeric process/inline/ET measurement. Re-checked: not in the leakage-family list, not a constant column, not part of any exact-duplicate group (verified via content-hash across all numeric columns).",none,yes,"Eligible for Stage 2 regardless of standalone importance -- may still matter via nonlinear effects, thresholds, or interactions."
FIC_ET_DC_RF_Vbgs_0p1,yes,B,yes,"Original raw-CSV numeric process/inline/ET measurement. Re-checked: not in the leakage-family list, not a constant column, not part of any exact-duplicate group (verified via content-hash across all numeric columns).",none,yes,"Eligible for Stage 2 regardless of standalone importance -- may still matter via nonlinear effects, thresholds, or interactions."
FIC_ET_DC_RF_Vbgs1,yes,B,yes,"Original raw-CSV numeric process/inline/ET measurement. Re-checked: not in the leakage-family list, not a constant column, not part of any exact-duplicate group (verified via content-hash across all numeric columns).",none,yes,"Eligible for Stage 2 regardless of standalone importance -- may still matter via nonlinear effects, thresholds, or interactions."
FIC_ET_DC_RF_Vbin_gd,yes,B,yes,"Original raw-CSV numeric process/inline/ET measurement. Re-checked: not in the leakage-family list, not a constant column, not part of any exact-duplicate group (verified via content-hash across all numeric columns).",none,yes,"Eligible for Stage 2 regardless of standalone importance -- may still matter via nonlinear effects, thresholds, or interactions."
FIC_ET_DC_RF_Vbin_gs,yes,B,yes,"Original raw-CSV numeric process/inline/ET measurement. Re-checked: not in the leakage-family list, not a constant column, not part of any exact-duplicate group (verified via content-hash across all numeric columns).",none,yes,"Eligible for Stage 2 regardless of standalone importance -- may still matter via nonlinear effects, thresholds, or interactions."
FIC_ET_DC_RF_Vboff,yes,B,yes,"Original raw-CSV numeric process/inline/ET measurement. Re-checked: not in the leakage-family list, not a constant column, not part of any exact-duplicate group (verified via content-hash across all numeric columns).",none,yes,"Eligible for Stage 2 regardless of standalone importance -- may still matter via nonlinear effects, thresholds, or interactions."
FIC_ET_DC_RF_Vdg_max,yes,B,yes,"Original raw-CSV numeric process/inline/ET measurement. Re-checked: not in the leakage-family list, not a constant column, not part of any exact-duplicate group (verified via content-hash across all numeric columns).",none,yes,"Eligible for Stage 2 regardless of standalone importance -- may still matter via nonlinear effects, thresholds, or interactions."
FIC_ET_DC_RF_Vdg_max_0p1,yes,B,yes,"Original raw-CSV numeric process/inline/ET measurement. Re-checked: not in the leakage-family list, not a constant column, not part of any exact-duplicate group (verified via content-hash across all numeric columns).",none,yes,"Eligible for Stage 2 regardless of standalone importance -- may still matter via nonlinear effects, thresholds, or interactions."
FIC_ET_DC_RF_Vdg_max_0p1mA,yes,B,yes,"Original raw-CSV numeric process/inline/ET measurement. Re-checked: not in the leakage-family list, not a constant column, not part of any exact-duplicate group (verified via content-hash across all numeric columns).",none,yes,"Eligible for Stage 2 regardless of standalone importance -- may still matter via nonlinear effects, thresholds, or interactions."
FIC_ET_DC_RF_Vds_max,yes,B,yes,"Original raw-CSV numeric process/inline/ET measurement. Re-checked: not in the leakage-family list, not a constant column, not part of any exact-duplicate group (verified via content-hash across all numeric columns).",none,yes,"Eligible for Stage 2 regardless of standalone importance -- may still matter via nonlinear effects, thresholds, or interactions."
FIC_ET_DC_RF_Vds_max_0p1,yes,B,yes,"Original raw-CSV numeric process/inline/ET measurement. Re-checked: not in the leakage-family list, not a constant column, not part of any exact-duplicate group (verified via content-hash across all numeric columns).",none,yes,"Eligible for Stage 2 regardless of standalone importance -- may still matter via nonlinear effects, thresholds, or interactions."
FIC_ET_DC_RF_Vds_max_0p1mA,yes,B,yes,"Original raw-CSV numeric process/inline/ET measurement. Re-checked: not in the leakage-family list, not a constant column, not part of any exact-duplicate group (verified via content-hash across all numeric columns).",none,yes,"Eligible for Stage 2 regardless of standalone importance -- may still matter via nonlinear effects, thresholds, or interactions."
FIC_ET_DC_RF_Vg_gm_max,yes,B,yes,"Original raw-CSV numeric process/inline/ET measurement. Re-checked: not in the leakage-family list, not a constant column, not part of any exact-duplicate group (verified via content-hash across all numeric columns).",none,yes,"Eligible for Stage 2 regardless of standalone importance -- may still matter via nonlinear effects, thresholds, or interactions."
FIC_ET_DC_RF_Vg_max_Vd,yes,B,yes,"Original raw-CSV numeric process/inline/ET measurement. Re-checked: not in the leakage-family list, not a constant column, not part of any exact-duplicate group (verified via content-hash across all numeric columns).",none,yes,"Eligible for Stage 2 regardless of standalone importance -- may still matter via nonlinear effects, thresholds, or interactions."
FIC_ET_DC_RF_Vg_max_Vd_0p1,yes,B,yes,"Original raw-CSV numeric process/inline/ET measurement. Re-checked: not in the leakage-family list, not a constant column, not part of any exact-duplicate group (verified via content-hash across all numeric columns).",none,yes,"Eligible for Stage 2 regardless of standalone importance -- may still matter via nonlinear effects, thresholds, or interactions."
FIC_ET_DC_RF_Vg_max_Vd_0p1mA,yes,B,yes,"Original raw-CSV numeric process/inline/ET measurement. Re-checked: not in the leakage-family list, not a constant column, not part of any exact-duplicate group (verified via content-hash across all numeric columns).",none,yes,"Eligible for Stage 2 regardless of standalone importance -- may still matter via nonlinear effects, thresholds, or interactions."
FIC_ET_DC_RF_Vg_optt,yes,B,yes,"Original raw-CSV numeric process/inline/ET measurement. Re-checked: not in the leakage-family list, not a constant column, not part of any exact-duplicate group (verified via content-hash across all numeric columns).",none,yes,"Eligible for Stage 2 regardless of standalone importance -- may still matter via nonlinear effects, thresholds, or interactions."
FIC_ET_DC_RF_Vg_optt1,yes,B,yes,"Original raw-CSV numeric process/inline/ET measurement. Re-checked: not in the leakage-family list, not a constant column, not part of any exact-duplicate group (verified via content-hash across all numeric columns).",none,yes,"Eligible for Stage 2 regardless of standalone importance -- may still matter via nonlinear effects, thresholds, or interactions."
FIC_ET_DC_RF_Vg_optt2,yes,B,yes,"Original raw-CSV numeric process/inline/ET measurement. Re-checked: not in the leakage-family list, not a constant column, not part of any exact-duplicate group (verified via content-hash across all numeric columns).",none,yes,"Eligible for Stage 2 regardless of standalone importance -- may still matter via nonlinear effects, thresholds, or interactions."
FIC_ET_DC_RF_Vg_optt3,yes,B,yes,"Original raw-CSV numeric process/inline/ET measurement. Re-checked: not in the leakage-family list, not a constant column, not part of any exact-duplicate group (verified via content-hash across all numeric columns).",none,yes,"Eligible for Stage 2 regardless of standalone importance -- may still matter via nonlinear effects, thresholds, or interactions."
FIC_ET_DC_RF_Vp_01,yes,B,yes,"Original raw-CSV numeric process/inline/ET measurement. Re-checked: not in the leakage-family list, not a constant column, not part of any exact-duplicate group (verified via content-hash across all numeric columns).",none,yes,"Eligible for Stage 2 regardless of standalone importance -- may still matter via nonlinear effects, thresholds, or interactions."
FIC_ET_DC_RF_Vp_1,yes,B,yes,"Original raw-CSV numeric process/inline/ET measurement. Re-checked: not in the leakage-family list, not a constant column, not part of any exact-duplicate group (verified via content-hash across all numeric columns).",none,yes,"Eligible for Stage 2 regardless of standalone importance -- may still matter via nonlinear effects, thresholds, or interactions."
FIC_ET_DC_RF_Vt_gd,yes,B,yes,"Original raw-CSV numeric process/inline/ET measurement. Re-checked: not in the leakage-family list, not a constant column, not part of any exact-duplicate group (verified via content-hash across all numeric columns).",none,yes,"Eligible for Stage 2 regardless of standalone importance -- may still matter via nonlinear effects, thresholds, or interactions."
FIC_ET_DC_RF_Vt_gs,yes,B,yes,"Original raw-CSV numeric process/inline/ET measurement. Re-checked: not in the leakage-family list, not a constant column, not part of any exact-duplicate group (verified via content-hash across all numeric columns).",none,yes,"Eligible for Stage 2 regardless of standalone importance -- may still matter via nonlinear effects, thresholds, or interactions."
FMESA_ET_Probe_Number,yes,B,yes,"Original raw-CSV numeric process/inline/ET measurement. Re-checked: not in the leakage-family list, not a constant column, not part of any exact-duplicate group (verified via content-hash across all numeric columns).",none,yes,"Eligible for Stage 2 regardless of standalone importance -- may still matter via nonlinear effects, thresholds, or interactions."
FMESA_ET_Vbkd,yes,B,yes,"Original raw-CSV numeric process/inline/ET measurement. Re-checked: not in the leakage-family list, not a constant column, not part of any exact-duplicate group (verified via content-hash across all numeric columns).",none,yes,"Eligible for Stage 2 regardless of standalone importance -- may still matter via nonlinear effects, thresholds, or interactions."
MEASURE_ET_ABVIETCH,yes,B,yes,"Original raw-CSV numeric process/inline/ET measurement. Re-checked: not in the leakage-family list, not a constant column, not part of any exact-duplicate group (verified via content-hash across all numeric columns).",none,yes,"Eligible for Stage 2 regardless of standalone importance -- may still matter via nonlinear effects, thresholds, or interactions."
MEASURE_ET_C_AN_2,yes,B,yes,"Original raw-CSV numeric process/inline/ET measurement. Re-checked: not in the leakage-family list, not a constant column, not part of any exact-duplicate group (verified via content-hash across all numeric columns).",none,yes,"Eligible for Stage 2 regardless of standalone importance -- may still matter via nonlinear effects, thresholds, or interactions."
MEASURE_ET_C_AN_2_OW_CR,yes,B,yes,"Original raw-CSV numeric process/inline/ET measurement. Re-checked: not in the leakage-family list, not a constant column, not part of any exact-duplicate group (verified via content-hash across all numeric columns).",none,yes,"Eligible for Stage 2 regardless of standalone importance -- may still matter via nonlinear effects, thresholds, or interactions."
MEASURE_ET_C_CAT_2,yes,B,yes,"Original raw-CSV numeric process/inline/ET measurement. Re-checked: not in the leakage-family list, not a constant column, not part of any exact-duplicate group (verified via content-hash across all numeric columns).",none,yes,"Eligible for Stage 2 regardless of standalone importance -- may still matter via nonlinear effects, thresholds, or interactions."
MEASURE_ET_C_CAT_2_OW_ST,yes,B,yes,"Original raw-CSV numeric process/inline/ET measurement. Re-checked: not in the leakage-family list, not a constant column, not part of any exact-duplicate group (verified via content-hash across all numeric columns).",none,yes,"Eligible for Stage 2 regardless of standalone importance -- may still matter via nonlinear effects, thresholds, or interactions."
MEASURE_ET_C100,yes,B,yes,"Original raw-CSV numeric process/inline/ET measurement. Re-checked: not in the leakage-family list, not a constant column, not part of any exact-duplicate group (verified via content-hash across all numeric columns).",none,yes,"Eligible for Stage 2 regardless of standalone importance -- may still matter via nonlinear effects, thresholds, or interactions."
MEASURE_ET_C100C175pf,yes,B,yes,"Original raw-CSV numeric process/inline/ET measurement. Re-checked: not in the leakage-family list, not a constant column, not part of any exact-duplicate group (verified via content-hash across all numeric columns).",none,yes,"Eligible for Stage 2 regardless of standalone importance -- may still matter via nonlinear effects, thresholds, or interactions."
MEASURE_ET_C100C300pf,yes,B,yes,"Original raw-CSV numeric process/inline/ET measurement. Re-checked: not in the leakage-family list, not a constant column, not part of any exact-duplicate group (verified via content-hash across all numeric columns).",none,yes,"Eligible for Stage 2 regardless of standalone importance -- may still matter via nonlinear effects, thresholds, or interactions."
MEASURE_ET_C100C385pf,yes,B,yes,"Original raw-CSV numeric process/inline/ET measurement. Re-checked: not in the leakage-family list, not a constant column, not part of any exact-duplicate group (verified via content-hash across all numeric columns).",none,yes,"Eligible for Stage 2 regardless of standalone importance -- may still matter via nonlinear effects, thresholds, or interactions."
MEASURE_ET_C100C500pf,yes,B,yes,"Original raw-CSV numeric process/inline/ET measurement. Re-checked: not in the leakage-family list, not a constant column, not part of any exact-duplicate group (verified via content-hash across all numeric columns).",none,yes,"Eligible for Stage 2 regardless of standalone importance -- may still matter via nonlinear effects, thresholds, or interactions."
MEASURE_ET_C100Cap1pf,yes,B,yes,"Original raw-CSV numeric process/inline/ET measurement. Re-checked: not in the leakage-family list, not a constant column, not part of any exact-duplicate group (verified via content-hash across all numeric columns).",none,yes,"Eligible for Stage 2 regardless of standalone importance -- may still matter via nonlinear effects, thresholds, or interactions."
MEASURE_ET_C100Cap2pf,yes,B,yes,"Original raw-CSV numeric process/inline/ET measurement. Re-checked: not in the leakage-family list, not a constant column, not part of any exact-duplicate group (verified via content-hash across all numeric columns).",none,yes,"Eligible for Stage 2 regardless of standalone importance -- may still matter via nonlinear effects, thresholds, or interactions."
MEASURE_ET_C100Cap3pf,yes,B,yes,"Original raw-CSV numeric process/inline/ET measurement. Re-checked: not in the leakage-family list, not a constant column, not part of any exact-duplicate group (verified via content-hash across all numeric columns).",none,yes,"Eligible for Stage 2 regardless of standalone importance -- may still matter via nonlinear effects, thresholds, or interactions."
MEASURE_ET_C100CapFICBRGM,yes,B,yes,"Original raw-CSV numeric process/inline/ET measurement. Re-checked: not in the leakage-family list, not a constant column, not part of any exact-duplicate group (verified via content-hash across all numeric columns).",none,yes,"Eligible for Stage 2 regardless of standalone importance -- may still matter via nonlinear effects, thresholds, or interactions."
MEASURE_ET_C100CapFICM1,yes,B,yes,"Original raw-CSV numeric process/inline/ET measurement. Re-checked: not in the leakage-family list, not a constant column, not part of any exact-duplicate group (verified via content-hash across all numeric columns).",none,yes,"Eligible for Stage 2 regardless of standalone importance -- may still matter via nonlinear effects, thresholds, or interactions."
MEASURE_ET_C100CapM1BRGM,yes,B,yes,"Original raw-CSV numeric process/inline/ET measurement. Re-checked: not in the leakage-family list, not a constant column, not part of any exact-duplicate group (verified via content-hash across all numeric columns).",none,yes,"Eligible for Stage 2 regardless of standalone importance -- may still matter via nonlinear effects, thresholds, or interactions."
MEASURE_ET_C100CapPARCAP,yes,B,yes,"Original raw-CSV numeric process/inline/ET measurement. Re-checked: not in the leakage-family list, not a constant column, not part of any exact-duplicate group (verified via content-hash across all numeric columns).",none,yes,"Eligible for Stage 2 regardless of standalone importance -- may still matter via nonlinear effects, thresholds, or interactions."
MEASURE_ET_C100CapUSV,yes,B,yes,"Original raw-CSV numeric process/inline/ET measurement. Re-checked: not in the leakage-family list, not a constant column, not part of any exact-duplicate group (verified via content-hash across all numeric columns).",none,yes,"Eligible for Stage 2 regardless of standalone importance -- may still matter via nonlinear effects, thresholds, or interactions."
MEASURE_ET_C100USV_Cappf,yes,B,yes,"Original raw-CSV numeric process/inline/ET measurement. Re-checked: not in the leakage-family list, not a constant column, not part of any exact-duplicate group (verified via content-hash across all numeric columns).",none,yes,"Eligible for Stage 2 regardless of standalone importance -- may still matter via nonlinear effects, thresholds, or interactions."
MEASURE_ET_C175pf,yes,B,yes,"Original raw-CSV numeric process/inline/ET measurement. Re-checked: not in the leakage-family list, not a constant column, not part of any exact-duplicate group (verified via content-hash across all numeric columns).",none,yes,"Eligible for Stage 2 regardless of standalone importance -- may still matter via nonlinear effects, thresholds, or interactions."
MEASURE_ET_C175pf_0,yes,B,yes,"Original raw-CSV numeric process/inline/ET measurement. Re-checked: not in the leakage-family list, not a constant column, not part of any exact-duplicate group (verified via content-hash across all numeric columns).",none,yes,"Eligible for Stage 2 regardless of standalone importance -- may still matter via nonlinear effects, thresholds, or interactions."
MEASURE_ET_C20,yes,B,yes,"Original raw-CSV numeric process/inline/ET measurement. Re-checked: not in the leakage-family list, not a constant column, not part of any exact-duplicate group (verified via content-hash across all numeric columns).",none,yes,"Eligible for Stage 2 regardless of standalone importance -- may still matter via nonlinear effects, thresholds, or interactions."
MEASURE_ET_C20_0,yes,B,yes,"Original raw-CSV numeric process/inline/ET measurement. Re-checked: not in the leakage-family list, not a constant column, not part of any exact-duplicate group (verified via content-hash across all numeric columns).",none,yes,"Eligible for Stage 2 regardless of standalone importance -- may still matter via nonlinear effects, thresholds, or interactions."
MEASURE_ET_C200,yes,B,yes,"Original raw-CSV numeric process/inline/ET measurement. Re-checked: not in the leakage-family list, not a constant column, not part of any exact-duplicate group (verified via content-hash across all numeric columns).",none,yes,"Eligible for Stage 2 regardless of standalone importance -- may still matter via nonlinear effects, thresholds, or interactions."
MEASURE_ET_C200_0,yes,B,yes,"Original raw-CSV numeric process/inline/ET measurement. Re-checked: not in the leakage-family list, not a constant column, not part of any exact-duplicate group (verified via content-hash across all numeric columns).",none,yes,"Eligible for Stage 2 regardless of standalone importance -- may still matter via nonlinear effects, thresholds, or interactions."
MEASURE_ET_C300,yes,B,yes,"Original raw-CSV numeric process/inline/ET measurement. Re-checked: not in the leakage-family list, not a constant column, not part of any exact-duplicate group (verified via content-hash across all numeric columns).",none,yes,"Eligible for Stage 2 regardless of standalone importance -- may still matter via nonlinear effects, thresholds, or interactions."
MEASURE_ET_C300_0,yes,B,yes,"Original raw-CSV numeric process/inline/ET measurement. Re-checked: not in the leakage-family list, not a constant column, not part of any exact-duplicate group (verified via content-hash across all numeric columns).",none,yes,"Eligible for Stage 2 regardless of standalone importance -- may still matter via nonlinear effects, thresholds, or interactions."
MEASURE_ET_C300FB,yes,B,yes,"Original raw-CSV numeric process/inline/ET measurement. Re-checked: not in the leakage-family list, not a constant column, not part of any exact-duplicate group (verified via content-hash across all numeric columns).",none,yes,"Eligible for Stage 2 regardless of standalone importance -- may still matter via nonlinear effects, thresholds, or interactions."
MEASURE_ET_C300FB_0,yes,B,yes,"Original raw-CSV numeric process/inline/ET measurement. Re-checked: not in the leakage-family list, not a constant column, not part of any exact-duplicate group (verified via content-hash across all numeric columns).",none,yes,"Eligible for Stage 2 regardless of standalone importance -- may still matter via nonlinear effects, thresholds, or interactions."
MEASURE_ET_C300FM1,yes,B,yes,"Original raw-CSV numeric process/inline/ET measurement. Re-checked: not in the leakage-family list, not a constant column, not part of any exact-duplicate group (verified via content-hash across all numeric columns).",none,yes,"Eligible for Stage 2 regardless of standalone importance -- may still matter via nonlinear effects, thresholds, or interactions."
MEASURE_ET_C300FM1_0,yes,B,yes,"Original raw-CSV numeric process/inline/ET measurement. Re-checked: not in the leakage-family list, not a constant column, not part of any exact-duplicate group (verified via content-hash across all numeric columns).",none,yes,"Eligible for Stage 2 regardless of standalone importance -- may still matter via nonlinear effects, thresholds, or interactions."
MEASURE_ET_C300M1B,yes,B,yes,"Original raw-CSV numeric process/inline/ET measurement. Re-checked: not in the leakage-family list, not a constant column, not part of any exact-duplicate group (verified via content-hash across all numeric columns).",none,yes,"Eligible for Stage 2 regardless of standalone importance -- may still matter via nonlinear effects, thresholds, or interactions."
MEASURE_ET_C300M1B_0,yes,B,yes,"Original raw-CSV numeric process/inline/ET measurement. Re-checked: not in the leakage-family list, not a constant column, not part of any exact-duplicate group (verified via content-hash across all numeric columns).",none,yes,"Eligible for Stage 2 regardless of standalone importance -- may still matter via nonlinear effects, thresholds, or interactions."
MEASURE_ET_C300pf,yes,B,yes,"Original raw-CSV numeric process/inline/ET measurement. Re-checked: not in the leakage-family list, not a constant column, not part of any exact-duplicate group (verified via content-hash across all numeric columns).",none,yes,"Eligible for Stage 2 regardless of standalone importance -- may still matter via nonlinear effects, thresholds, or interactions."
MEASURE_ET_C300pf_0,yes,B,yes,"Original raw-CSV numeric process/inline/ET measurement. Re-checked: not in the leakage-family list, not a constant column, not part of any exact-duplicate group (verified via content-hash across all numeric columns).",none,yes,"Eligible for Stage 2 regardless of standalone importance -- may still matter via nonlinear effects, thresholds, or interactions."
MEASURE_ET_C385pf,yes,B,yes,"Original raw-CSV numeric process/inline/ET measurement. Re-checked: not in the leakage-family list, not a constant column, not part of any exact-duplicate group (verified via content-hash across all numeric columns).",none,yes,"Eligible for Stage 2 regardless of standalone importance -- may still matter via nonlinear effects, thresholds, or interactions."
MEASURE_ET_C385pf_0,yes,B,yes,"Original raw-CSV numeric process/inline/ET measurement. Re-checked: not in the leakage-family list, not a constant column, not part of any exact-duplicate group (verified via content-hash across all numeric columns).",none,yes,"Eligible for Stage 2 regardless of standalone importance -- may still matter via nonlinear effects, thresholds, or interactions."
MEASURE_ET_C500pf,yes,B,yes,"Original raw-CSV numeric process/inline/ET measurement. Re-checked: not in the leakage-family list, not a constant column, not part of any exact-duplicate group (verified via content-hash across all numeric columns).",none,yes,"Eligible for Stage 2 regardless of standalone importance -- may still matter via nonlinear effects, thresholds, or interactions."
MEASURE_ET_C500pf_0,yes,B,yes,"Original raw-CSV numeric process/inline/ET measurement. Re-checked: not in the leakage-family list, not a constant column, not part of any exact-duplicate group (verified via content-hash across all numeric columns).",none,yes,"Eligible for Stage 2 regardless of standalone importance -- may still matter via nonlinear effects, thresholds, or interactions."
MEASURE_ET_Cap_C300,yes,B,yes,"Original raw-CSV numeric process/inline/ET measurement. Re-checked: not in the leakage-family list, not a constant column, not part of any exact-duplicate group (verified via content-hash across all numeric columns).",none,yes,"Eligible for Stage 2 regardless of standalone importance -- may still matter via nonlinear effects, thresholds, or interactions."
MEASURE_ET_Cap_C300FB,yes,B,yes,"Original raw-CSV numeric process/inline/ET measurement. Re-checked: not in the leakage-family list, not a constant column, not part of any exact-duplicate group (verified via content-hash across all numeric columns).",none,yes,"Eligible for Stage 2 regardless of standalone importance -- may still matter via nonlinear effects, thresholds, or interactions."
MEASURE_ET_Cap_C300FM1,yes,B,yes,"Original raw-CSV numeric process/inline/ET measurement. Re-checked: not in the leakage-family list, not a constant column, not part of any exact-duplicate group (verified via content-hash across all numeric columns).",none,yes,"Eligible for Stage 2 regardless of standalone importance -- may still matter via nonlinear effects, thresholds, or interactions."
MEASURE_ET_Cap_C300M1B,yes,B,yes,"Original raw-CSV numeric process/inline/ET measurement. Re-checked: not in the leakage-family list, not a constant column, not part of any exact-duplicate group (verified via content-hash across all numeric columns).",none,yes,"Eligible for Stage 2 regardless of standalone importance -- may still matter via nonlinear effects, thresholds, or interactions."
MEASURE_ET_Cap_USV,yes,B,yes,"Original raw-CSV numeric process/inline/ET measurement. Re-checked: not in the leakage-family list, not a constant column, not part of any exact-duplicate group (verified via content-hash across all numeric columns).",none,yes,"Eligible for Stage 2 regardless of standalone importance -- may still matter via nonlinear effects, thresholds, or interactions."
MEASURE_ET_Cap1pf,yes,B,yes,"Original raw-CSV numeric process/inline/ET measurement. Re-checked: not in the leakage-family list, not a constant column, not part of any exact-duplicate group (verified via content-hash across all numeric columns).",none,yes,"Eligible for Stage 2 regardless of standalone importance -- may still matter via nonlinear effects, thresholds, or interactions."
MEASURE_ET_Cap1pf_0,yes,B,yes,"Original raw-CSV numeric process/inline/ET measurement. Re-checked: not in the leakage-family list, not a constant column, not part of any exact-duplicate group (verified via content-hash across all numeric columns).",none,yes,"Eligible for Stage 2 regardless of standalone importance -- may still matter via nonlinear effects, thresholds, or interactions."
MEASURE_ET_Cap20,yes,B,yes,"Original raw-CSV numeric process/inline/ET measurement. Re-checked: not in the leakage-family list, not a constant column, not part of any exact-duplicate group (verified via content-hash across all numeric columns).",none,yes,"Eligible for Stage 2 regardless of standalone importance -- may still matter via nonlinear effects, thresholds, or interactions."
MEASURE_ET_Cap2pf,yes,B,yes,"Original raw-CSV numeric process/inline/ET measurement. Re-checked: not in the leakage-family list, not a constant column, not part of any exact-duplicate group (verified via content-hash across all numeric columns).",none,yes,"Eligible for Stage 2 regardless of standalone importance -- may still matter via nonlinear effects, thresholds, or interactions."
MEASURE_ET_Cap2pf_0,yes,B,yes,"Original raw-CSV numeric process/inline/ET measurement. Re-checked: not in the leakage-family list, not a constant column, not part of any exact-duplicate group (verified via content-hash across all numeric columns).",none,yes,"Eligible for Stage 2 regardless of standalone importance -- may still matter via nonlinear effects, thresholds, or interactions."
MEASURE_ET_Cap3pf,yes,B,yes,"Original raw-CSV numeric process/inline/ET measurement. Re-checked: not in the leakage-family list, not a constant column, not part of any exact-duplicate group (verified via content-hash across all numeric columns).",none,yes,"Eligible for Stage 2 regardless of standalone importance -- may still matter via nonlinear effects, thresholds, or interactions."
MEASURE_ET_Cap3pf_0,yes,B,yes,"Original raw-CSV numeric process/inline/ET measurement. Re-checked: not in the leakage-family list, not a constant column, not part of any exact-duplicate group (verified via content-hash across all numeric columns).",none,yes,"Eligible for Stage 2 regardless of standalone importance -- may still matter via nonlinear effects, thresholds, or interactions."
MEASURE_ET_CapFICBRGM,yes,B,yes,"Original raw-CSV numeric process/inline/ET measurement. Re-checked: not in the leakage-family list, not a constant column, not part of any exact-duplicate group (verified via content-hash across all numeric columns).",none,yes,"Eligible for Stage 2 regardless of standalone importance -- may still matter via nonlinear effects, thresholds, or interactions."
MEASURE_ET_CapFICBRGM_0,yes,B,yes,"Original raw-CSV numeric process/inline/ET measurement. Re-checked: not in the leakage-family list, not a constant column, not part of any exact-duplicate group (verified via content-hash across all numeric columns).",none,yes,"Eligible for Stage 2 regardless of standalone importance -- may still matter via nonlinear effects, thresholds, or interactions."
MEASURE_ET_CapFICM1,yes,B,yes,"Original raw-CSV numeric process/inline/ET measurement. Re-checked: not in the leakage-family list, not a constant column, not part of any exact-duplicate group (verified via content-hash across all numeric columns).",none,yes,"Eligible for Stage 2 regardless of standalone importance -- may still matter via nonlinear effects, thresholds, or interactions."
MEASURE_ET_CapFICM1_0,yes,B,yes,"Original raw-CSV numeric process/inline/ET measurement. Re-checked: not in the leakage-family list, not a constant column, not part of any exact-duplicate group (verified via content-hash across all numeric columns).",none,yes,"Eligible for Stage 2 regardless of standalone importance -- may still matter via nonlinear effects, thresholds, or interactions."
MEASURE_ET_CapM1BRGM,yes,B,yes,"Original raw-CSV numeric process/inline/ET measurement. Re-checked: not in the leakage-family list, not a constant column, not part of any exact-duplicate group (verified via content-hash across all numeric columns).",none,yes,"Eligible for Stage 2 regardless of standalone importance -- may still matter via nonlinear effects, thresholds, or interactions."
MEASURE_ET_CapM1BRGM_0,yes,B,yes,"Original raw-CSV numeric process/inline/ET measurement. Re-checked: not in the leakage-family list, not a constant column, not part of any exact-duplicate group (verified via content-hash across all numeric columns).",none,yes,"Eligible for Stage 2 regardless of standalone importance -- may still matter via nonlinear effects, thresholds, or interactions."
MEASURE_ET_CapPARCAP,yes,B,yes,"Original raw-CSV numeric process/inline/ET measurement. Re-checked: not in the leakage-family list, not a constant column, not part of any exact-duplicate group (verified via content-hash across all numeric columns).",none,yes,"Eligible for Stage 2 regardless of standalone importance -- may still matter via nonlinear effects, thresholds, or interactions."
MEASURE_ET_CapPARCAP_0,yes,B,yes,"Original raw-CSV numeric process/inline/ET measurement. Re-checked: not in the leakage-family list, not a constant column, not part of any exact-duplicate group (verified via content-hash across all numeric columns).",none,yes,"Eligible for Stage 2 regardless of standalone importance -- may still matter via nonlinear effects, thresholds, or interactions."
MEASURE_ET_CapUSV,yes,B,yes,"Original raw-CSV numeric process/inline/ET measurement. Re-checked: not in the leakage-family list, not a constant column, not part of any exact-duplicate group (verified via content-hash across all numeric columns).",none,yes,"Eligible for Stage 2 regardless of standalone importance -- may still matter via nonlinear effects, thresholds, or interactions."
MEASURE_ET_CapUSV_0,yes,B,yes,"Original raw-CSV numeric process/inline/ET measurement. Re-checked: not in the leakage-family list, not a constant column, not part of any exact-duplicate group (verified via content-hash across all numeric columns).",none,yes,"Eligible for Stage 2 regardless of standalone importance -- may still matter via nonlinear effects, thresholds, or interactions."
MEASURE_ET_Er,yes,B,yes,"Original raw-CSV numeric process/inline/ET measurement. Re-checked: not in the leakage-family list, not a constant column, not part of any exact-duplicate group (verified via content-hash across all numeric columns).",none,yes,"Eligible for Stage 2 regardless of standalone importance -- may still matter via nonlinear effects, thresholds, or interactions."
MEASURE_ET_F_AB,yes,B,yes,"Original raw-CSV numeric process/inline/ET measurement. Re-checked: not in the leakage-family list, not a constant column, not part of any exact-duplicate group (verified via content-hash across all numeric columns).",none,yes,"Eligible for Stage 2 regardless of standalone importance -- may still matter via nonlinear effects, thresholds, or interactions."
MEASURE_ET_G_per_6K,yes,B,yes,"Original raw-CSV numeric process/inline/ET measurement. Re-checked: not in the leakage-family list, not a constant column, not part of any exact-duplicate group (verified via content-hash across all numeric columns).",none,yes,"Eligible for Stage 2 regardless of standalone importance -- may still matter via nonlinear effects, thresholds, or interactions."
MEASURE_ET_G2_per_6K,yes,B,yes,"Original raw-CSV numeric process/inline/ET measurement. Re-checked: not in the leakage-family list, not a constant column, not part of any exact-duplicate group (verified via content-hash across all numeric columns).",none,yes,"Eligible for Stage 2 regardless of standalone importance -- may still matter via nonlinear effects, thresholds, or interactions."
MEASURE_ET_Gate_res,yes,B,yes,"Original raw-CSV numeric process/inline/ET measurement. Re-checked: not in the leakage-family list, not a constant column, not part of any exact-duplicate group (verified via content-hash across all numeric columns).",none,yes,"Eligible for Stage 2 regardless of standalone importance -- may still matter via nonlinear effects, thresholds, or interactions."
MEASURE_ET_Gm_m2,yes,B,yes,"Original raw-CSV numeric process/inline/ET measurement. Re-checked: not in the leakage-family list, not a constant column, not part of any exact-duplicate group (verified via content-hash across all numeric columns).",none,yes,"Eligible for Stage 2 regardless of standalone importance -- may still matter via nonlinear effects, thresholds, or interactions."
MEASURE_ET_Gm_max,yes,B,yes,"Original raw-CSV numeric process/inline/ET measurement. Re-checked: not in the leakage-family list, not a constant column, not part of any exact-duplicate group (verified via content-hash across all numeric columns).",none,yes,"Eligible for Stage 2 regardless of standalone importance -- may still matter via nonlinear effects, thresholds, or interactions."
MEASURE_ET_HIRS,yes,B,yes,"Original raw-CSV numeric process/inline/ET measurement. Re-checked: not in the leakage-family list, not a constant column, not part of any exact-duplicate group (verified via content-hash across all numeric columns).",none,yes,"Eligible for Stage 2 regardless of standalone importance -- may still matter via nonlinear effects, thresholds, or interactions."
MEASURE_ET_I_5,yes,B,yes,"Original raw-CSV numeric process/inline/ET measurement. Re-checked: not in the leakage-family list, not a constant column, not part of any exact-duplicate group (verified via content-hash across all numeric columns).",none,yes,"Eligible for Stage 2 regardless of standalone importance -- may still matter via nonlinear effects, thresholds, or interactions."
MEASURE_ET_i5021_1,yes,B,yes,"Original raw-CSV numeric process/inline/ET measurement. Re-checked: not in the leakage-family list, not a constant column, not part of any exact-duplicate group (verified via content-hash across all numeric columns).",none,yes,"Eligible for Stage 2 regardless of standalone importance -- may still matter via nonlinear effects, thresholds, or interactions."
MEASURE_ET_i5021_2,yes,B,yes,"Original raw-CSV numeric process/inline/ET measurement. Re-checked: not in the leakage-family list, not a constant column, not part of any exact-duplicate group (verified via content-hash across all numeric columns).",none,yes,"Eligible for Stage 2 regardless of standalone importance -- may still matter via nonlinear effects, thresholds, or interactions."
MEASURE_ET_i5021_3,yes,B,yes,"Original raw-CSV numeric process/inline/ET measurement. Re-checked: not in the leakage-family list, not a constant column, not part of any exact-duplicate group (verified via content-hash across all numeric columns).",none,yes,"Eligible for Stage 2 regardless of standalone importance -- may still matter via nonlinear effects, thresholds, or interactions."
MEASURE_ET_Ids_m2,yes,B,yes,"Original raw-CSV numeric process/inline/ET measurement. Re-checked: not in the leakage-family list, not a constant column, not part of any exact-duplicate group (verified via content-hash across all numeric columns).",none,yes,"Eligible for Stage 2 regardless of standalone importance -- may still matter via nonlinear effects, thresholds, or interactions."
MEASURE_ET_KLV_F_AB_4u,yes,B,yes,"Original raw-CSV numeric process/inline/ET measurement. Re-checked: not in the leakage-family list, not a constant column, not part of any exact-duplicate group (verified via content-hash across all numeric columns).",none,yes,"Eligible for Stage 2 regardless of standalone importance -- may still matter via nonlinear effects, thresholds, or interactions."
MEASURE_ET_lkg_10,yes,B,yes,"Original raw-CSV numeric process/inline/ET measurement. Re-checked: not in the leakage-family list, not a constant column, not part of any exact-duplicate group (verified via content-hash across all numeric columns).",none,yes,"Eligible for Stage 2 regardless of standalone importance -- may still matter via nonlinear effects, thresholds, or interactions."
MEASURE_ET_lkg_100,yes,B,yes,"Original raw-CSV numeric process/inline/ET measurement. Re-checked: not in the leakage-family list, not a constant column, not part of any exact-duplicate group (verified via content-hash across all numeric columns).",none,yes,"Eligible for Stage 2 regardless of standalone importance -- may still matter via nonlinear effects, thresholds, or interactions."
MEASURE_ET_lkg_100_at20V,yes,B,yes,"Original raw-CSV numeric process/inline/ET measurement. Re-checked: not in the leakage-family list, not a constant column, not part of any exact-duplicate group (verified via content-hash across all numeric columns).",none,yes,"Eligible for Stage 2 regardless of standalone importance -- may still matter via nonlinear effects, thresholds, or interactions."
MEASURE_ET_lkg_5,yes,B,yes,"Original raw-CSV numeric process/inline/ET measurement. Re-checked: not in the leakage-family list, not a constant column, not part of any exact-duplicate group (verified via content-hash across all numeric columns).",none,yes,"Eligible for Stage 2 regardless of standalone importance -- may still matter via nonlinear effects, thresholds, or interactions."
MEASURE_ET_lkg_50,yes,B,yes,"Original raw-CSV numeric process/inline/ET measurement. Re-checked: not in the leakage-family list, not a constant column, not part of any exact-duplicate group (verified via content-hash across all numeric columns).",none,yes,"Eligible for Stage 2 regardless of standalone importance -- may still matter via nonlinear effects, thresholds, or interactions."
MEASURE_ET_lkg_50_at20V,yes,B,yes,"Original raw-CSV numeric process/inline/ET measurement. Re-checked: not in the leakage-family list, not a constant column, not part of any exact-duplicate group (verified via content-hash across all numeric columns).",none,yes,"Eligible for Stage 2 regardless of standalone importance -- may still matter via nonlinear effects, thresholds, or interactions."
MEASURE_ET_lkg_70,yes,B,yes,"Original raw-CSV numeric process/inline/ET measurement. Re-checked: not in the leakage-family list, not a constant column, not part of any exact-duplicate group (verified via content-hash across all numeric columns).",none,yes,"Eligible for Stage 2 regardless of standalone importance -- may still matter via nonlinear effects, thresholds, or interactions."
MEASURE_ET_lkg_70_at20V,yes,B,yes,"Original raw-CSV numeric process/inline/ET measurement. Re-checked: not in the leakage-family list, not a constant column, not part of any exact-duplicate group (verified via content-hash across all numeric columns).",none,yes,"Eligible for Stage 2 regardless of standalone importance -- may still matter via nonlinear effects, thresholds, or interactions."
MEASURE_ET_lkg_C175pf,yes,B,yes,"Original raw-CSV numeric process/inline/ET measurement. Re-checked: not in the leakage-family list, not a constant column, not part of any exact-duplicate group (verified via content-hash across all numeric columns).",none,yes,"Eligible for Stage 2 regardless of standalone importance -- may still matter via nonlinear effects, thresholds, or interactions."
MEASURE_ET_lkg_C20,yes,B,yes,"Original raw-CSV numeric process/inline/ET measurement. Re-checked: not in the leakage-family list, not a constant column, not part of any exact-duplicate group (verified via content-hash across all numeric columns).",none,yes,"Eligible for Stage 2 regardless of standalone importance -- may still matter via nonlinear effects, thresholds, or interactions."
MEASURE_ET_lkg_C200,yes,B,yes,"Original raw-CSV numeric process/inline/ET measurement. Re-checked: not in the leakage-family list, not a constant column, not part of any exact-duplicate group (verified via content-hash across all numeric columns).",none,yes,"Eligible for Stage 2 regardless of standalone importance -- may still matter via nonlinear effects, thresholds, or interactions."
MEASURE_ET_lkg_C300,yes,B,yes,"Original raw-CSV numeric process/inline/ET measurement. Re-checked: not in the leakage-family list, not a constant column, not part of any exact-duplicate group (verified via content-hash across all numeric columns).",none,yes,"Eligible for Stage 2 regardless of standalone importance -- may still matter via nonlinear effects, thresholds, or interactions."
MEASURE_ET_lkg_C300FB,yes,B,yes,"Original raw-CSV numeric process/inline/ET measurement. Re-checked: not in the leakage-family list, not a constant column, not part of any exact-duplicate group (verified via content-hash across all numeric columns).",none,yes,"Eligible for Stage 2 regardless of standalone importance -- may still matter via nonlinear effects, thresholds, or interactions."
MEASURE_ET_lkg_C300FM1,yes,B,yes,"Original raw-CSV numeric process/inline/ET measurement. Re-checked: not in the leakage-family list, not a constant column, not part of any exact-duplicate group (verified via content-hash across all numeric columns).",none,yes,"Eligible for Stage 2 regardless of standalone importance -- may still matter via nonlinear effects, thresholds, or interactions."
MEASURE_ET_lkg_C300M1B,yes,B,yes,"Original raw-CSV numeric process/inline/ET measurement. Re-checked: not in the leakage-family list, not a constant column, not part of any exact-duplicate group (verified via content-hash across all numeric columns).",none,yes,"Eligible for Stage 2 regardless of standalone importance -- may still matter via nonlinear effects, thresholds, or interactions."
MEASURE_ET_lkg_C300pf,yes,B,yes,"Original raw-CSV numeric process/inline/ET measurement. Re-checked: not in the leakage-family list, not a constant column, not part of any exact-duplicate group (verified via content-hash across all numeric columns).",none,yes,"Eligible for Stage 2 regardless of standalone importance -- may still matter via nonlinear effects, thresholds, or interactions."
MEASURE_ET_lkg_C385pf,yes,B,yes,"Original raw-CSV numeric process/inline/ET measurement. Re-checked: not in the leakage-family list, not a constant column, not part of any exact-duplicate group (verified via content-hash across all numeric columns).",none,yes,"Eligible for Stage 2 regardless of standalone importance -- may still matter via nonlinear effects, thresholds, or interactions."
MEASURE_ET_lkg_C500pf,yes,B,yes,"Original raw-CSV numeric process/inline/ET measurement. Re-checked: not in the leakage-family list, not a constant column, not part of any exact-duplicate group (verified via content-hash across all numeric columns).",none,yes,"Eligible for Stage 2 regardless of standalone importance -- may still matter via nonlinear effects, thresholds, or interactions."
MEASURE_ET_lkg_Cap_USV,yes,B,yes,"Original raw-CSV numeric process/inline/ET measurement. Re-checked: not in the leakage-family list, not a constant column, not part of any exact-duplicate group (verified via content-hash across all numeric columns).",none,yes,"Eligible for Stage 2 regardless of standalone importance -- may still matter via nonlinear effects, thresholds, or interactions."
MEASURE_ET_lkg_Cap1,yes,B,yes,"Original raw-CSV numeric process/inline/ET measurement. Re-checked: not in the leakage-family list, not a constant column, not part of any exact-duplicate group (verified via content-hash across all numeric columns).",none,yes,"Eligible for Stage 2 regardless of standalone importance -- may still matter via nonlinear effects, thresholds, or interactions."
MEASURE_ET_lkg_Cap2,yes,B,yes,"Original raw-CSV numeric process/inline/ET measurement. Re-checked: not in the leakage-family list, not a constant column, not part of any exact-duplicate group (verified via content-hash across all numeric columns).",none,yes,"Eligible for Stage 2 regardless of standalone importance -- may still matter via nonlinear effects, thresholds, or interactions."
MEASURE_ET_lkg_Cap3,yes,B,yes,"Original raw-CSV numeric process/inline/ET measurement. Re-checked: not in the leakage-family list, not a constant column, not part of any exact-duplicate group (verified via content-hash across all numeric columns).",none,yes,"Eligible for Stage 2 regardless of standalone importance -- may still matter via nonlinear effects, thresholds, or interactions."
MEASURE_ET_lkg_CapFICBRGM,yes,B,yes,"Original raw-CSV numeric process/inline/ET measurement. Re-checked: not in the leakage-family list, not a constant column, not part of any exact-duplicate group (verified via content-hash across all numeric columns).",none,yes,"Eligible for Stage 2 regardless of standalone importance -- may still matter via nonlinear effects, thresholds, or interactions."
MEASURE_ET_lkg_CapFICM1,yes,B,yes,"Original raw-CSV numeric process/inline/ET measurement. Re-checked: not in the leakage-family list, not a constant column, not part of any exact-duplicate group (verified via content-hash across all numeric columns).",none,yes,"Eligible for Stage 2 regardless of standalone importance -- may still matter via nonlinear effects, thresholds, or interactions."
MEASURE_ET_lkg_CapM1BRGM,yes,B,yes,"Original raw-CSV numeric process/inline/ET measurement. Re-checked: not in the leakage-family list, not a constant column, not part of any exact-duplicate group (verified via content-hash across all numeric columns).",none,yes,"Eligible for Stage 2 regardless of standalone importance -- may still matter via nonlinear effects, thresholds, or interactions."
MEASURE_ET_lkg_CapPARCAP,yes,B,yes,"Original raw-CSV numeric process/inline/ET measurement. Re-checked: not in the leakage-family list, not a constant column, not part of any exact-duplicate group (verified via content-hash across all numeric columns).",none,yes,"Eligible for Stage 2 regardless of standalone importance -- may still matter via nonlinear effects, thresholds, or interactions."
MEASURE_ET_lkg_CapUSV,yes,B,yes,"Original raw-CSV numeric process/inline/ET measurement. Re-checked: not in the leakage-family list, not a constant column, not part of any exact-duplicate group (verified via content-hash across all numeric columns).",none,yes,"Eligible for Stage 2 regardless of standalone importance -- may still matter via nonlinear effects, thresholds, or interactions."
MEASURE_ET_lkg_PAD_10,yes,B,yes,"Original raw-CSV numeric process/inline/ET measurement. Re-checked: not in the leakage-family list, not a constant column, not part of any exact-duplicate group (verified via content-hash across all numeric columns).",none,yes,"Eligible for Stage 2 regardless of standalone importance -- may still matter via nonlinear effects, thresholds, or interactions."
MEASURE_ET_lkg_SY07_10,yes,B,yes,"Original raw-CSV numeric process/inline/ET measurement. Re-checked: not in the leakage-family list, not a constant column, not part of any exact-duplicate group (verified via content-hash across all numeric columns).",none,yes,"Eligible for Stage 2 regardless of standalone importance -- may still matter via nonlinear effects, thresholds, or interactions."
MEASURE_ET_lkg_SY8_80,yes,B,yes,"Original raw-CSV numeric process/inline/ET measurement. Re-checked: not in the leakage-family list, not a constant column, not part of any exact-duplicate group (verified via content-hash across all numeric columns).",none,yes,"Eligible for Stage 2 regardless of standalone importance -- may still matter via nonlinear effects, thresholds, or interactions."
MEASURE_ET_lkg_USV_Cap,yes,B,yes,"Original raw-CSV numeric process/inline/ET measurement. Re-checked: not in the leakage-family list, not a constant column, not part of any exact-duplicate group (verified via content-hash across all numeric columns).",none,yes,"Eligible for Stage 2 regardless of standalone importance -- may still matter via nonlinear effects, thresholds, or interactions."
MEASURE_ET_OHMC,yes,B,yes,"Original raw-CSV numeric process/inline/ET measurement. Re-checked: not in the leakage-family list, not a constant column, not part of any exact-duplicate group (verified via content-hash across all numeric columns).",none,yes,"Eligible for Stage 2 regardless of standalone importance -- may still matter via nonlinear effects, thresholds, or interactions."
MEASURE_ET_OHMC_GN,yes,B,yes,"Original raw-CSV numeric process/inline/ET measurement. Re-checked: not in the leakage-family list, not a constant column, not part of any exact-duplicate group (verified via content-hash across all numeric columns).",none,yes,"Eligible for Stage 2 regardless of standalone importance -- may still matter via nonlinear effects, thresholds, or interactions."
MEASURE_ET_Probe_Number,yes,B,yes,"Original raw-CSV numeric process/inline/ET measurement. Re-checked: not in the leakage-family list, not a constant column, not part of any exact-duplicate group (verified via content-hash across all numeric columns).",none,yes,"Eligible for Stage 2 regardless of standalone importance -- may still matter via nonlinear effects, thresholds, or interactions."
MEASURE_ET_R_400_HOR,yes,B,yes,"Original raw-CSV numeric process/inline/ET measurement. Re-checked: not in the leakage-family list, not a constant column, not part of any exact-duplicate group (verified via content-hash across all numeric columns).",none,yes,"Eligible for Stage 2 regardless of standalone importance -- may still matter via nonlinear effects, thresholds, or interactions."
MEASURE_ET_R_400_VER,yes,B,yes,"Original raw-CSV numeric process/inline/ET measurement. Re-checked: not in the leakage-family list, not a constant column, not part of any exact-duplicate group (verified via content-hash across all numeric columns).",none,yes,"Eligible for Stage 2 regardless of standalone importance -- may still matter via nonlinear effects, thresholds, or interactions."
MEASURE_ET_R_4000_HOR,yes,B,yes,"Original raw-CSV numeric process/inline/ET measurement. Re-checked: not in the leakage-family list, not a constant column, not part of any exact-duplicate group (verified via content-hash across all numeric columns).",none,yes,"Eligible for Stage 2 regardless of standalone importance -- may still matter via nonlinear effects, thresholds, or interactions."
MEASURE_ET_R_4000_VER,yes,B,yes,"Original raw-CSV numeric process/inline/ET measurement. Re-checked: not in the leakage-family list, not a constant column, not part of any exact-duplicate group (verified via content-hash across all numeric columns).",none,yes,"Eligible for Stage 2 regardless of standalone importance -- may still matter via nonlinear effects, thresholds, or interactions."
MEASURE_ET_R_660_HOR,yes,B,yes,"Original raw-CSV numeric process/inline/ET measurement. Re-checked: not in the leakage-family list, not a constant column, not part of any exact-duplicate group (verified via content-hash across all numeric columns).",none,yes,"Eligible for Stage 2 regardless of standalone importance -- may still matter via nonlinear effects, thresholds, or interactions."
MEASURE_ET_R_660_VER,yes,B,yes,"Original raw-CSV numeric process/inline/ET measurement. Re-checked: not in the leakage-family list, not a constant column, not part of any exact-duplicate group (verified via content-hash across all numeric columns).",none,yes,"Eligible for Stage 2 regardless of standalone importance -- may still matter via nonlinear effects, thresholds, or interactions."
MEASURE_ET_R_f_hr_1,yes,B,yes,"Original raw-CSV numeric process/inline/ET measurement. Re-checked: not in the leakage-family list, not a constant column, not part of any exact-duplicate group (verified via content-hash across all numeric columns).",none,yes,"Eligible for Stage 2 regardless of standalone importance -- may still matter via nonlinear effects, thresholds, or interactions."
MEASURE_ET_R_f_hr_2,yes,B,yes,"Original raw-CSV numeric process/inline/ET measurement. Re-checked: not in the leakage-family list, not a constant column, not part of any exact-duplicate group (verified via content-hash across all numeric columns).",none,yes,"Eligible for Stage 2 regardless of standalone importance -- may still matter via nonlinear effects, thresholds, or interactions."
MEASURE_ET_R_f_hr_3,yes,B,yes,"Original raw-CSV numeric process/inline/ET measurement. Re-checked: not in the leakage-family list, not a constant column, not part of any exact-duplicate group (verified via content-hash across all numeric columns).",none,yes,"Eligible for Stage 2 regardless of standalone importance -- may still matter via nonlinear effects, thresholds, or interactions."
MEASURE_ET_R_f_tn_1,yes,B,yes,"Original raw-CSV numeric process/inline/ET measurement. Re-checked: not in the leakage-family list, not a constant column, not part of any exact-duplicate group (verified via content-hash across all numeric columns).",none,yes,"Eligible for Stage 2 regardless of standalone importance -- may still matter via nonlinear effects, thresholds, or interactions."
MEASURE_ET_R_f_tn_2,yes,B,yes,"Original raw-CSV numeric process/inline/ET measurement. Re-checked: not in the leakage-family list, not a constant column, not part of any exact-duplicate group (verified via content-hash across all numeric columns).",none,yes,"Eligible for Stage 2 regardless of standalone importance -- may still matter via nonlinear effects, thresholds, or interactions."
MEASURE_ET_R_f_tn_3,yes,B,yes,"Original raw-CSV numeric process/inline/ET measurement. Re-checked: not in the leakage-family list, not a constant column, not part of any exact-duplicate group (verified via content-hash across all numeric columns).",none,yes,"Eligible for Stage 2 regardless of standalone importance -- may still matter via nonlinear effects, thresholds, or interactions."
MEASURE_ET_R114,yes,B,yes,"Original raw-CSV numeric process/inline/ET measurement. Re-checked: not in the leakage-family list, not a constant column, not part of any exact-duplicate group (verified via content-hash across all numeric columns).",none,yes,"Eligible for Stage 2 regardless of standalone importance -- may still matter via nonlinear effects, thresholds, or interactions."
MEASURE_ET_R214,yes,B,yes,"Original raw-CSV numeric process/inline/ET measurement. Re-checked: not in the leakage-family list, not a constant column, not part of any exact-duplicate group (verified via content-hash across all numeric columns).",none,yes,"Eligible for Stage 2 regardless of standalone importance -- may still matter via nonlinear effects, thresholds, or interactions."
MEASURE_ET_R314,yes,B,yes,"Original raw-CSV numeric process/inline/ET measurement. Re-checked: not in the leakage-family list, not a constant column, not part of any exact-duplicate group (verified via content-hash across all numeric columns).",none,yes,"Eligible for Stage 2 regardless of standalone importance -- may still matter via nonlinear effects, thresholds, or interactions."
MEASURE_ET_R414,yes,B,yes,"Original raw-CSV numeric process/inline/ET measurement. Re-checked: not in the leakage-family list, not a constant column, not part of any exact-duplicate group (verified via content-hash across all numeric columns).",none,yes,"Eligible for Stage 2 regardless of standalone importance -- may still matter via nonlinear effects, thresholds, or interactions."
MEASURE_ET_R514,yes,B,yes,"Original raw-CSV numeric process/inline/ET measurement. Re-checked: not in the leakage-family list, not a constant column, not part of any exact-duplicate group (verified via content-hash across all numeric columns).",none,yes,"Eligible for Stage 2 regardless of standalone importance -- may still matter via nonlinear effects, thresholds, or interactions."
MEASURE_ET_Ran_con_1,yes,B,yes,"Original raw-CSV numeric process/inline/ET measurement. Re-checked: not in the leakage-family list, not a constant column, not part of any exact-duplicate group (verified via content-hash across all numeric columns).",none,yes,"Eligible for Stage 2 regardless of standalone importance -- may still matter via nonlinear effects, thresholds, or interactions."
MEASURE_ET_Ran_con_1_OW_CR,yes,B,yes,"Original raw-CSV numeric process/inline/ET measurement. Re-checked: not in the leakage-family list, not a constant column, not part of any exact-duplicate group (verified via content-hash across all numeric columns).",none,yes,"Eligible for Stage 2 regardless of standalone importance -- may still matter via nonlinear effects, thresholds, or interactions."
MEASURE_ET_Ran_con_2,yes,B,yes,"Original raw-CSV numeric process/inline/ET measurement. Re-checked: not in the leakage-family list, not a constant column, not part of any exact-duplicate group (verified via content-hash across all numeric columns).",none,yes,"Eligible for Stage 2 regardless of standalone importance -- may still matter via nonlinear effects, thresholds, or interactions."
MEASURE_ET_Ran_con_2_OW_CR,yes,B,yes,"Original raw-CSV numeric process/inline/ET measurement. Re-checked: not in the leakage-family list, not a constant column, not part of any exact-duplicate group (verified via content-hash across all numeric columns).",none,yes,"Eligible for Stage 2 regardless of standalone importance -- may still matter via nonlinear effects, thresholds, or interactions."
MEASURE_ET_Ran_con_3,yes,B,yes,"Original raw-CSV numeric process/inline/ET measurement. Re-checked: not in the leakage-family list, not a constant column, not part of any exact-duplicate group (verified via content-hash across all numeric columns).",none,yes,"Eligible for Stage 2 regardless of standalone importance -- may still matter via nonlinear effects, thresholds, or interactions."
MEASURE_ET_Ran_con_3_OW_CR,yes,B,yes,"Original raw-CSV numeric process/inline/ET measurement. Re-checked: not in the leakage-family list, not a constant column, not part of any exact-duplicate group (verified via content-hash across all numeric columns).",none,yes,"Eligible for Stage 2 regardless of standalone importance -- may still matter via nonlinear effects, thresholds, or interactions."
MEASURE_ET_Rc_an_ct2,yes,B,yes,"Original raw-CSV numeric process/inline/ET measurement. Re-checked: not in the leakage-family list, not a constant column, not part of any exact-duplicate group (verified via content-hash across all numeric columns).",none,yes,"Eligible for Stage 2 regardless of standalone importance -- may still matter via nonlinear effects, thresholds, or interactions."
MEASURE_ET_Rc_an_ct2_OW_CR,yes,B,yes,"Original raw-CSV numeric process/inline/ET measurement. Re-checked: not in the leakage-family list, not a constant column, not part of any exact-duplicate group (verified via content-hash across all numeric columns).",none,yes,"Eligible for Stage 2 regardless of standalone importance -- may still matter via nonlinear effects, thresholds, or interactions."
MEASURE_ET_Rc_cat_ct2,yes,B,yes,"Original raw-CSV numeric process/inline/ET measurement. Re-checked: not in the leakage-family list, not a constant column, not part of any exact-duplicate group (verified via content-hash across all numeric columns).",none,yes,"Eligible for Stage 2 regardless of standalone importance -- may still matter via nonlinear effects, thresholds, or interactions."
MEASURE_ET_Rc_cat_ct2_OW_ST,yes,B,yes,"Original raw-CSV numeric process/inline/ET measurement. Re-checked: not in the leakage-family list, not a constant column, not part of any exact-duplicate group (verified via content-hash across all numeric columns).",none,yes,"Eligible for Stage 2 regardless of standalone importance -- may still matter via nonlinear effects, thresholds, or interactions."
MEASURE_ET_Rc_F_AB_2,yes,B,yes,"Original raw-CSV numeric process/inline/ET measurement. Re-checked: not in the leakage-family list, not a constant column, not part of any exact-duplicate group (verified via content-hash across all numeric columns).",none,yes,"Eligible for Stage 2 regardless of standalone importance -- may still matter via nonlinear effects, thresholds, or interactions."
MEASURE_ET_Rc_f_hr_23,yes,B,yes,"Original raw-CSV numeric process/inline/ET measurement. Re-checked: not in the leakage-family list, not a constant column, not part of any exact-duplicate group (verified via content-hash across all numeric columns).",none,yes,"Eligible for Stage 2 regardless of standalone importance -- may still matter via nonlinear effects, thresholds, or interactions."
MEASURE_ET_Rc_f_tn_23,yes,B,yes,"Original raw-CSV numeric process/inline/ET measurement. Re-checked: not in the leakage-family list, not a constant column, not part of any exact-duplicate group (verified via content-hash across all numeric columns).",none,yes,"Eligible for Stage 2 regardless of standalone importance -- may still matter via nonlinear effects, thresholds, or interactions."
MEASURE_ET_Rc_OG142,yes,B,yes,"Original raw-CSV numeric process/inline/ET measurement. Re-checked: not in the leakage-family list, not a constant column, not part of any exact-duplicate group (verified via content-hash across all numeric columns).",none,yes,"Eligible for Stage 2 regardless of standalone importance -- may still matter via nonlinear effects, thresholds, or interactions."
MEASURE_ET_Rc_OG142_GN,yes,B,yes,"Original raw-CSV numeric process/inline/ET measurement. Re-checked: not in the leakage-family list, not a constant column, not part of any exact-duplicate group (verified via content-hash across all numeric columns).",none,yes,"Eligible for Stage 2 regardless of standalone importance -- may still matter via nonlinear effects, thresholds, or interactions."
MEASURE_ET_Rc_OG144,yes,B,yes,"Original raw-CSV numeric process/inline/ET measurement. Re-checked: not in the leakage-family list, not a constant column, not part of any exact-duplicate group (verified via content-hash across all numeric columns).",none,yes,"Eligible for Stage 2 regardless of standalone importance -- may still matter via nonlinear effects, thresholds, or interactions."
MEASURE_ET_Rc_TF_AB_2,yes,B,yes,"Original raw-CSV numeric process/inline/ET measurement. Re-checked: not in the leakage-family list, not a constant column, not part of any exact-duplicate group (verified via content-hash across all numeric columns).",none,yes,"Eligible for Stage 2 regardless of standalone importance -- may still matter via nonlinear effects, thresholds, or interactions."
MEASURE_ET_Rcat_cn_1,yes,B,yes,"Original raw-CSV numeric process/inline/ET measurement. Re-checked: not in the leakage-family list, not a constant column, not part of any exact-duplicate group (verified via content-hash across all numeric columns).",none,yes,"Eligible for Stage 2 regardless of standalone importance -- may still matter via nonlinear effects, thresholds, or interactions."
MEASURE_ET_Rcat_cn_1_OW_ST,yes,B,yes,"Original raw-CSV numeric process/inline/ET measurement. Re-checked: not in the leakage-family list, not a constant column, not part of any exact-duplicate group (verified via content-hash across all numeric columns).",none,yes,"Eligible for Stage 2 regardless of standalone importance -- may still matter via nonlinear effects, thresholds, or interactions."
MEASURE_ET_Rcat_cn_2,yes,B,yes,"Original raw-CSV numeric process/inline/ET measurement. Re-checked: not in the leakage-family list, not a constant column, not part of any exact-duplicate group (verified via content-hash across all numeric columns).",none,yes,"Eligible for Stage 2 regardless of standalone importance -- may still matter via nonlinear effects, thresholds, or interactions."
MEASURE_ET_Rcat_cn_2_OW_ST,yes,B,yes,"Original raw-CSV numeric process/inline/ET measurement. Re-checked: not in the leakage-family list, not a constant column, not part of any exact-duplicate group (verified via content-hash across all numeric columns).",none,yes,"Eligible for Stage 2 regardless of standalone importance -- may still matter via nonlinear effects, thresholds, or interactions."
MEASURE_ET_Rcat_cn_3,yes,B,yes,"Original raw-CSV numeric process/inline/ET measurement. Re-checked: not in the leakage-family list, not a constant column, not part of any exact-duplicate group (verified via content-hash across all numeric columns).",none,yes,"Eligible for Stage 2 regardless of standalone importance -- may still matter via nonlinear effects, thresholds, or interactions."
MEASURE_ET_Rcat_cn_3_OW_ST,yes,B,yes,"Original raw-CSV numeric process/inline/ET measurement. Re-checked: not in the leakage-family list, not a constant column, not part of any exact-duplicate group (verified via content-hash across all numeric columns).",none,yes,"Eligible for Stage 2 regardless of standalone importance -- may still matter via nonlinear effects, thresholds, or interactions."
MEASURE_ET_RGAN1,yes,B,yes,"Original raw-CSV numeric process/inline/ET measurement. Re-checked: not in the leakage-family list, not a constant column, not part of any exact-duplicate group (verified via content-hash across all numeric columns).",none,yes,"Eligible for Stage 2 regardless of standalone importance -- may still matter via nonlinear effects, thresholds, or interactions."
MEASURE_ET_RGAN2,yes,B,yes,"Original raw-CSV numeric process/inline/ET measurement. Re-checked: not in the leakage-family list, not a constant column, not part of any exact-duplicate group (verified via content-hash across all numeric columns).",none,yes,"Eligible for Stage 2 regardless of standalone importance -- may still matter via nonlinear effects, thresholds, or interactions."
MEASURE_ET_RGAN3,yes,B,yes,"Original raw-CSV numeric process/inline/ET measurement. Re-checked: not in the leakage-family list, not a constant column, not part of any exact-duplicate group (verified via content-hash across all numeric columns).",none,yes,"Eligible for Stage 2 regardless of standalone importance -- may still matter via nonlinear effects, thresholds, or interactions."
MEASURE_ET_Rsh_an_ct2,yes,B,yes,"Original raw-CSV numeric process/inline/ET measurement. Re-checked: not in the leakage-family list, not a constant column, not part of any exact-duplicate group (verified via content-hash across all numeric columns).",none,yes,"Eligible for Stage 2 regardless of standalone importance -- may still matter via nonlinear effects, thresholds, or interactions."
MEASURE_ET_Rsh_an_ct2_OW_CR,yes,B,yes,"Original raw-CSV numeric process/inline/ET measurement. Re-checked: not in the leakage-family list, not a constant column, not part of any exact-duplicate group (verified via content-hash across all numeric columns).",none,yes,"Eligible for Stage 2 regardless of standalone importance -- may still matter via nonlinear effects, thresholds, or interactions."
MEASURE_ET_Rsh_cat_c2,yes,B,yes,"Original raw-CSV numeric process/inline/ET measurement. Re-checked: not in the leakage-family list, not a constant column, not part of any exact-duplicate group (verified via content-hash across all numeric columns).",none,yes,"Eligible for Stage 2 regardless of standalone importance -- may still matter via nonlinear effects, thresholds, or interactions."
MEASURE_ET_Rsh_cat_c2_OW_ST,yes,B,yes,"Original raw-CSV numeric process/inline/ET measurement. Re-checked: not in the leakage-family list, not a constant column, not part of any exact-duplicate group (verified via content-hash across all numeric columns).",none,yes,"Eligible for Stage 2 regardless of standalone importance -- may still matter via nonlinear effects, thresholds, or interactions."
MEASURE_ET_Rsh_F_AB_2,yes,B,yes,"Original raw-CSV numeric process/inline/ET measurement. Re-checked: not in the leakage-family list, not a constant column, not part of any exact-duplicate group (verified via content-hash across all numeric columns).",none,yes,"Eligible for Stage 2 regardless of standalone importance -- may still matter via nonlinear effects, thresholds, or interactions."
MEASURE_ET_Rsh_TF_AB2,yes,B,yes,"Original raw-CSV numeric process/inline/ET measurement. Re-checked: not in the leakage-family list, not a constant column, not part of any exact-duplicate group (verified via content-hash across all numeric columns).",none,yes,"Eligible for Stage 2 regardless of standalone importance -- may still matter via nonlinear effects, thresholds, or interactions."
MEASURE_ET_sh_f_hr_23,yes,B,yes,"Original raw-CSV numeric process/inline/ET measurement. Re-checked: not in the leakage-family list, not a constant column, not part of any exact-duplicate group (verified via content-hash across all numeric columns).",none,yes,"Eligible for Stage 2 regardless of standalone importance -- may still matter via nonlinear effects, thresholds, or interactions."
MEASURE_ET_sh_f_tn_23,yes,B,yes,"Original raw-CSV numeric process/inline/ET measurement. Re-checked: not in the leakage-family list, not a constant column, not part of any exact-duplicate group (verified via content-hash across all numeric columns).",none,yes,"Eligible for Stage 2 regardless of standalone importance -- may still matter via nonlinear effects, thresholds, or interactions."
MEASURE_ET_sh_GA142,yes,B,yes,"Original raw-CSV numeric process/inline/ET measurement. Re-checked: not in the leakage-family list, not a constant column, not part of any exact-duplicate group (verified via content-hash across all numeric columns).",none,yes,"Eligible for Stage 2 regardless of standalone importance -- may still matter via nonlinear effects, thresholds, or interactions."
MEASURE_ET_sh_GA142_GN,yes,B,yes,"Original raw-CSV numeric process/inline/ET measurement. Re-checked: not in the leakage-family list, not a constant column, not part of any exact-duplicate group (verified via content-hash across all numeric columns).",none,yes,"Eligible for Stage 2 regardless of standalone importance -- may still matter via nonlinear effects, thresholds, or interactions."
MEASURE_ET_sh_GA144,yes,B,yes,"Original raw-CSV numeric process/inline/ET measurement. Re-checked: not in the leakage-family list, not a constant column, not part of any exact-duplicate group (verified via content-hash across all numeric columns).",none,yes,"Eligible for Stage 2 regardless of standalone importance -- may still matter via nonlinear effects, thresholds, or interactions."
MEASURE_ET_TANR,yes,B,yes,"Original raw-CSV numeric process/inline/ET measurement. Re-checked: not in the leakage-family list, not a constant column, not part of any exact-duplicate group (verified via content-hash across all numeric columns).",none,yes,"Eligible for Stage 2 regardless of standalone importance -- may still matter via nonlinear effects, thresholds, or interactions."
MEASURE_ET_TF_AB_1,yes,B,yes,"Original raw-CSV numeric process/inline/ET measurement. Re-checked: not in the leakage-family list, not a constant column, not part of any exact-duplicate group (verified via content-hash across all numeric columns).",none,yes,"Eligible for Stage 2 regardless of standalone importance -- may still matter via nonlinear effects, thresholds, or interactions."
MEASURE_ET_TF_AB_2,yes,B,yes,"Original raw-CSV numeric process/inline/ET measurement. Re-checked: not in the leakage-family list, not a constant column, not part of any exact-duplicate group (verified via content-hash across all numeric columns).",none,yes,"Eligible for Stage 2 regardless of standalone importance -- may still matter via nonlinear effects, thresholds, or interactions."
MEASURE_ET_TF_AB_3,yes,B,yes,"Original raw-CSV numeric process/inline/ET measurement. Re-checked: not in the leakage-family list, not a constant column, not part of any exact-duplicate group (verified via content-hash across all numeric columns).",none,yes,"Eligible for Stage 2 regardless of standalone importance -- may still matter via nonlinear effects, thresholds, or interactions."
MEASURE_ET_TFR_AB,yes,B,yes,"Original raw-CSV numeric process/inline/ET measurement. Re-checked: not in the leakage-family list, not a constant column, not part of any exact-duplicate group (verified via content-hash across all numeric columns).",none,yes,"Eligible for Stage 2 regardless of standalone importance -- may still matter via nonlinear effects, thresholds, or interactions."
MEASURE_ET_TR_1F,yes,B,yes,"Original raw-CSV numeric process/inline/ET measurement. Re-checked: not in the leakage-family list, not a constant column, not part of any exact-duplicate group (verified via content-hash across all numeric columns).",none,yes,"Eligible for Stage 2 regardless of standalone importance -- may still matter via nonlinear effects, thresholds, or interactions."
MEASURE_ET_USV_Cappf,yes,B,yes,"Original raw-CSV numeric process/inline/ET measurement. Re-checked: not in the leakage-family list, not a constant column, not part of any exact-duplicate group (verified via content-hash across all numeric columns).",none,yes,"Eligible for Stage 2 regardless of standalone importance -- may still matter via nonlinear effects, thresholds, or interactions."
MEASURE_ET_USV_Cappf_0,yes,B,yes,"Original raw-CSV numeric process/inline/ET measurement. Re-checked: not in the leakage-family list, not a constant column, not part of any exact-duplicate group (verified via content-hash across all numeric columns).",none,yes,"Eligible for Stage 2 regardless of standalone importance -- may still matter via nonlinear effects, thresholds, or interactions."
MEASURE_ET_Vbkdn_C300pf,yes,B,yes,"Original raw-CSV numeric process/inline/ET measurement. Re-checked: not in the leakage-family list, not a constant column, not part of any exact-duplicate group (verified via content-hash across all numeric columns).",none,yes,"Eligible for Stage 2 regardless of standalone importance -- may still matter via nonlinear effects, thresholds, or interactions."
MEASURE_ET_Vbkdn_C385pf,yes,B,yes,"Original raw-CSV numeric process/inline/ET measurement. Re-checked: not in the leakage-family list, not a constant column, not part of any exact-duplicate group (verified via content-hash across all numeric columns).",none,yes,"Eligible for Stage 2 regardless of standalone importance -- may still matter via nonlinear effects, thresholds, or interactions."
MEASURE_ET_Vbkdn_Cap100,yes,B,yes,"Original raw-CSV numeric process/inline/ET measurement. Re-checked: not in the leakage-family list, not a constant column, not part of any exact-duplicate group (verified via content-hash across all numeric columns).",none,yes,"Eligible for Stage 2 regardless of standalone importance -- may still matter via nonlinear effects, thresholds, or interactions."
MEASURE_ET_Vbkdn_Cap100_Long,yes,B,yes,"Original raw-CSV numeric process/inline/ET measurement. Re-checked: not in the leakage-family list, not a constant column, not part of any exact-duplicate group (verified via content-hash across all numeric columns).",none,yes,"Eligible for Stage 2 regardless of standalone importance -- may still matter via nonlinear effects, thresholds, or interactions."
MEASURE_ET_Vbkdn_CapBig,yes,B,yes,"Original raw-CSV numeric process/inline/ET measurement. Re-checked: not in the leakage-family list, not a constant column, not part of any exact-duplicate group (verified via content-hash across all numeric columns).",none,yes,"Eligible for Stage 2 regardless of standalone importance -- may still matter via nonlinear effects, thresholds, or interactions."
MEASURE_ET_Vbpin,yes,B,yes,"Original raw-CSV numeric process/inline/ET measurement. Re-checked: not in the leakage-family list, not a constant column, not part of any exact-duplicate group (verified via content-hash across all numeric columns).",none,yes,"Eligible for Stage 2 regardless of standalone importance -- may still matter via nonlinear effects, thresholds, or interactions."
MEASURE_ET_Vbpin_D60,yes,B,yes,"Original raw-CSV numeric process/inline/ET measurement. Re-checked: not in the leakage-family list, not a constant column, not part of any exact-duplicate group (verified via content-hash across all numeric columns).",none,yes,"Eligible for Stage 2 regardless of standalone importance -- may still matter via nonlinear effects, thresholds, or interactions."
MEASURE_ET_Vg_gm_max,yes,B,yes,"Original raw-CSV numeric process/inline/ET measurement. Re-checked: not in the leakage-family list, not a constant column, not part of any exact-duplicate group (verified via content-hash across all numeric columns).",none,yes,"Eligible for Stage 2 regardless of standalone importance -- may still matter via nonlinear effects, thresholds, or interactions."
MEASURE_ET_VIA_KLV,yes,B,yes,"Original raw-CSV numeric process/inline/ET measurement. Re-checked: not in the leakage-family list, not a constant column, not part of any exact-duplicate group (verified via content-hash across all numeric columns).",none,yes,"Eligible for Stage 2 regardless of standalone importance -- may still matter via nonlinear effects, thresholds, or interactions."
MEASURE_ET_VIA_KLV_2,yes,B,yes,"Original raw-CSV numeric process/inline/ET measurement. Re-checked: not in the leakage-family list, not a constant column, not part of any exact-duplicate group (verified via content-hash across all numeric columns).",none,yes,"Eligible for Stage 2 regardless of standalone importance -- may still matter via nonlinear effects, thresholds, or interactions."
MEASURE_ET_VIA_KLV_8p5,yes,B,yes,"Original raw-CSV numeric process/inline/ET measurement. Re-checked: not in the leakage-family list, not a constant column, not part of any exact-duplicate group (verified via content-hash across all numeric columns).",none,yes,"Eligible for Stage 2 regardless of standalone importance -- may still matter via nonlinear effects, thresholds, or interactions."
MEASURE_ET_Vk,yes,B,yes,"Original raw-CSV numeric process/inline/ET measurement. Re-checked: not in the leakage-family list, not a constant column, not part of any exact-duplicate group (verified via content-hash across all numeric columns).",none,yes,"Eligible for Stage 2 regardless of standalone importance -- may still matter via nonlinear effects, thresholds, or interactions."
MEASURE_ET_Vp_1,yes,B,yes,"Original raw-CSV numeric process/inline/ET measurement. Re-checked: not in the leakage-family list, not a constant column, not part of any exact-duplicate group (verified via content-hash across all numeric columns).",none,yes,"Eligible for Stage 2 regardless of standalone importance -- may still matter via nonlinear effects, thresholds, or interactions."
MEASURE_ET_DC_Big_Ft,yes,B,yes,"Original raw-CSV numeric process/inline/ET measurement. Re-checked: not in the leakage-family list, not a constant column, not part of any exact-duplicate group (verified via content-hash across all numeric columns).",none,yes,"Eligible for Stage 2 regardless of standalone importance -- may still matter via nonlinear effects, thresholds, or interactions."
MEASURE_ET_DC_Big_Gm_0,yes,B,yes,"Original raw-CSV numeric process/inline/ET measurement. Re-checked: not in the leakage-family list, not a constant column, not part of any exact-duplicate group (verified via content-hash across all numeric columns).",none,yes,"Eligible for Stage 2 regardless of standalone importance -- may still matter via nonlinear effects, thresholds, or interactions."
MEASURE_ET_DC_Big_Gm_m0p2,yes,B,yes,"Original raw-CSV numeric process/inline/ET measurement. Re-checked: not in the leakage-family list, not a constant column, not part of any exact-duplicate group (verified via content-hash across all numeric columns).",none,yes,"Eligible for Stage 2 regardless of standalone importance -- may still matter via nonlinear effects, thresholds, or interactions."
MEASURE_ET_DC_Big_Gm_max,yes,B,yes,"Original raw-CSV numeric process/inline/ET measurement. Re-checked: not in the leakage-family list, not a constant column, not part of any exact-duplicate group (verified via content-hash across all numeric columns).",none,yes,"Eligible for Stage 2 regardless of standalone importance -- may still matter via nonlinear effects, thresholds, or interactions."
MEASURE_ET_DC_Big_Id_gm_max,yes,B,yes,"Original raw-CSV numeric process/inline/ET measurement. Re-checked: not in the leakage-family list, not a constant column, not part of any exact-duplicate group (verified via content-hash across all numeric columns).",none,yes,"Eligible for Stage 2 regardless of standalone importance -- may still matter via nonlinear effects, thresholds, or interactions."
MEASURE_ET_DC_Big_Ids_m0p2,yes,B,yes,"Original raw-CSV numeric process/inline/ET measurement. Re-checked: not in the leakage-family list, not a constant column, not part of any exact-duplicate group (verified via content-hash across all numeric columns).",none,yes,"Eligible for Stage 2 regardless of standalone importance -- may still matter via nonlinear effects, thresholds, or interactions."
MEASURE_ET_DC_Big_Idss,yes,B,yes,"Original raw-CSV numeric process/inline/ET measurement. Re-checked: not in the leakage-family list, not a constant column, not part of any exact-duplicate group (verified via content-hash across all numeric columns).",none,yes,"Eligible for Stage 2 regardless of standalone importance -- may still matter via nonlinear effects, thresholds, or interactions."
MEASURE_ET_DC_Big_Imax,yes,B,yes,"Original raw-CSV numeric process/inline/ET measurement. Re-checked: not in the leakage-family list, not a constant column, not part of any exact-duplicate group (verified via content-hash across all numeric columns).",none,yes,"Eligible for Stage 2 regardless of standalone importance -- may still matter via nonlinear effects, thresholds, or interactions."
MEASURE_ET_DC_Big_K,yes,B,yes,"Original raw-CSV numeric process/inline/ET measurement. Re-checked: not in the leakage-family list, not a constant column, not part of any exact-duplicate group (verified via content-hash across all numeric columns).",none,yes,"Eligible for Stage 2 regardless of standalone importance -- may still matter via nonlinear effects, thresholds, or interactions."
MEASURE_ET_DC_Big_MAG_10GHz,yes,B,yes,"Original raw-CSV numeric process/inline/ET measurement. Re-checked: not in the leakage-family list, not a constant column, not part of any exact-duplicate group (verified via content-hash across all numeric columns).",none,yes,"Eligible for Stage 2 regardless of standalone importance -- may still matter via nonlinear effects, thresholds, or interactions."
MEASURE_ET_DC_Big_MAG_18GHz,yes,B,yes,"Original raw-CSV numeric process/inline/ET measurement. Re-checked: not in the leakage-family list, not a constant column, not part of any exact-duplicate group (verified via content-hash across all numeric columns).",none,yes,"Eligible for Stage 2 regardless of standalone importance -- may still matter via nonlinear effects, thresholds, or interactions."
MEASURE_ET_DC_Big_S11ang_10GHz,yes,B,yes,"Original raw-CSV numeric process/inline/ET measurement. Re-checked: not in the leakage-family list, not a constant column, not part of any exact-duplicate group (verified via content-hash across all numeric columns).",none,yes,"Eligible for Stage 2 regardless of standalone importance -- may still matter via nonlinear effects, thresholds, or interactions."
MEASURE_ET_DC_Big_S11dB_10GHz,yes,B,yes,"Original raw-CSV numeric process/inline/ET measurement. Re-checked: not in the leakage-family list, not a constant column, not part of any exact-duplicate group (verified via content-hash across all numeric columns).",none,yes,"Eligible for Stage 2 regardless of standalone importance -- may still matter via nonlinear effects, thresholds, or interactions."
MEASURE_ET_DC_Big_S12ang_10GHz,yes,B,yes,"Original raw-CSV numeric process/inline/ET measurement. Re-checked: not in the leakage-family list, not a constant column, not part of any exact-duplicate group (verified via content-hash across all numeric columns).",none,yes,"Eligible for Stage 2 regardless of standalone importance -- may still matter via nonlinear effects, thresholds, or interactions."
MEASURE_ET_DC_Big_S12dB_10GHz,yes,B,yes,"Original raw-CSV numeric process/inline/ET measurement. Re-checked: not in the leakage-family list, not a constant column, not part of any exact-duplicate group (verified via content-hash across all numeric columns).",none,yes,"Eligible for Stage 2 regardless of standalone importance -- may still matter via nonlinear effects, thresholds, or interactions."
MEASURE_ET_DC_Big_S21ang_10GHz,yes,B,yes,"Original raw-CSV numeric process/inline/ET measurement. Re-checked: not in the leakage-family list, not a constant column, not part of any exact-duplicate group (verified via content-hash across all numeric columns).",none,yes,"Eligible for Stage 2 regardless of standalone importance -- may still matter via nonlinear effects, thresholds, or interactions."
MEASURE_ET_DC_Big_S21dB_10GHz,yes,B,yes,"Original raw-CSV numeric process/inline/ET measurement. Re-checked: not in the leakage-family list, not a constant column, not part of any exact-duplicate group (verified via content-hash across all numeric columns).",none,yes,"Eligible for Stage 2 regardless of standalone importance -- may still matter via nonlinear effects, thresholds, or interactions."
MEASURE_ET_DC_Big_S22ang_10GHz,yes,B,yes,"Original raw-CSV numeric process/inline/ET measurement. Re-checked: not in the leakage-family list, not a constant column, not part of any exact-duplicate group (verified via content-hash across all numeric columns).",none,yes,"Eligible for Stage 2 regardless of standalone importance -- may still matter via nonlinear effects, thresholds, or interactions."
MEASURE_ET_DC_Big_S22dB_10GHz,yes,B,yes,"Original raw-CSV numeric process/inline/ET measurement. Re-checked: not in the leakage-family list, not a constant column, not part of any exact-duplicate group (verified via content-hash across all numeric columns).",none,yes,"Eligible for Stage 2 regardless of standalone importance -- may still matter via nonlinear effects, thresholds, or interactions."
MEASURE_ET_DC_Big_Vdg_max,yes,B,yes,"Original raw-CSV numeric process/inline/ET measurement. Re-checked: not in the leakage-family list, not a constant column, not part of any exact-duplicate group (verified via content-hash across all numeric columns).",none,yes,"Eligible for Stage 2 regardless of standalone importance -- may still matter via nonlinear effects, thresholds, or interactions."
MEASURE_ET_DC_Big_Vdg_max_0p1mA,yes,B,yes,"Original raw-CSV numeric process/inline/ET measurement. Re-checked: not in the leakage-family list, not a constant column, not part of any exact-duplicate group (verified via content-hash across all numeric columns).",none,yes,"Eligible for Stage 2 regardless of standalone importance -- may still matter via nonlinear effects, thresholds, or interactions."
MEASURE_ET_DC_Big_Vds_max,yes,B,yes,"Original raw-CSV numeric process/inline/ET measurement. Re-checked: not in the leakage-family list, not a constant column, not part of any exact-duplicate group (verified via content-hash across all numeric columns).",none,yes,"Eligible for Stage 2 regardless of standalone importance -- may still matter via nonlinear effects, thresholds, or interactions."
MEASURE_ET_DC_Big_Vds_max_0p1mA,yes,B,yes,"Original raw-CSV numeric process/inline/ET measurement. Re-checked: not in the leakage-family list, not a constant column, not part of any exact-duplicate group (verified via content-hash across all numeric columns).",none,yes,"Eligible for Stage 2 regardless of standalone importance -- may still matter via nonlinear effects, thresholds, or interactions."
MEASURE_ET_DC_Big_Vg_gm_max,yes,B,yes,"Original raw-CSV numeric process/inline/ET measurement. Re-checked: not in the leakage-family list, not a constant column, not part of any exact-duplicate group (verified via content-hash across all numeric columns).",none,yes,"Eligible for Stage 2 regardless of standalone importance -- may still matter via nonlinear effects, thresholds, or interactions."
MEASURE_ET_DC_Big_Vg_max_Vd,yes,B,yes,"Original raw-CSV numeric process/inline/ET measurement. Re-checked: not in the leakage-family list, not a constant column, not part of any exact-duplicate group (verified via content-hash across all numeric columns).",none,yes,"Eligible for Stage 2 regardless of standalone importance -- may still matter via nonlinear effects, thresholds, or interactions."
MEASURE_ET_DC_Big_Vg_max_Vd_0p1mA,yes,B,yes,"Original raw-CSV numeric process/inline/ET measurement. Re-checked: not in the leakage-family list, not a constant column, not part of any exact-duplicate group (verified via content-hash across all numeric columns).",none,yes,"Eligible for Stage 2 regardless of standalone importance -- may still matter via nonlinear effects, thresholds, or interactions."
MEASURE_ET_DC_Big_Vg_optt1,yes,B,yes,"Original raw-CSV numeric process/inline/ET measurement. Re-checked: not in the leakage-family list, not a constant column, not part of any exact-duplicate group (verified via content-hash across all numeric columns).",none,yes,"Eligible for Stage 2 regardless of standalone importance -- may still matter via nonlinear effects, thresholds, or interactions."
MEASURE_ET_DC_Big_Vg_optt2,yes,B,yes,"Original raw-CSV numeric process/inline/ET measurement. Re-checked: not in the leakage-family list, not a constant column, not part of any exact-duplicate group (verified via content-hash across all numeric columns).",none,yes,"Eligible for Stage 2 regardless of standalone importance -- may still matter via nonlinear effects, thresholds, or interactions."
MEASURE_ET_DC_Big_Vg_optt3,yes,B,yes,"Original raw-CSV numeric process/inline/ET measurement. Re-checked: not in the leakage-family list, not a constant column, not part of any exact-duplicate group (verified via content-hash across all numeric columns).",none,yes,"Eligible for Stage 2 regardless of standalone importance -- may still matter via nonlinear effects, thresholds, or interactions."
MEASURE_ET_DC_Big_Vp_01,yes,B,yes,"Original raw-CSV numeric process/inline/ET measurement. Re-checked: not in the leakage-family list, not a constant column, not part of any exact-duplicate group (verified via content-hash across all numeric columns).",none,yes,"Eligible for Stage 2 regardless of standalone importance -- may still matter via nonlinear effects, thresholds, or interactions."
MEASURE_ET_DC_Big_Vp_1,yes,B,yes,"Original raw-CSV numeric process/inline/ET measurement. Re-checked: not in the leakage-family list, not a constant column, not part of any exact-duplicate group (verified via content-hash across all numeric columns).",none,yes,"Eligible for Stage 2 regardless of standalone importance -- may still matter via nonlinear effects, thresholds, or interactions."
MEASURE_ET_DC_Diode_D_leak_65V,yes,B,yes,"Original raw-CSV numeric process/inline/ET measurement. Re-checked: not in the leakage-family list, not a constant column, not part of any exact-duplicate group (verified via content-hash across all numeric columns).",none,yes,"Eligible for Stage 2 regardless of standalone importance -- may still matter via nonlinear effects, thresholds, or interactions."
MEASURE_ET_DC_Diode_Rs,yes,B,yes,"Original raw-CSV numeric process/inline/ET measurement. Re-checked: not in the leakage-family list, not a constant column, not part of any exact-duplicate group (verified via content-hash across all numeric columns).",none,yes,"Eligible for Stage 2 regardless of standalone importance -- may still matter via nonlinear effects, thresholds, or interactions."
MEASURE_ET_DC_Diode_Rs_9p5,yes,B,yes,"Original raw-CSV numeric process/inline/ET measurement. Re-checked: not in the leakage-family list, not a constant column, not part of any exact-duplicate group (verified via content-hash across all numeric columns).",none,yes,"Eligible for Stage 2 regardless of standalone importance -- may still matter via nonlinear effects, thresholds, or interactions."
MEASURE_ET_DC_Diode_S11_dB_forw,yes,B,yes,"Original raw-CSV numeric process/inline/ET measurement. Re-checked: not in the leakage-family list, not a constant column, not part of any exact-duplicate group (verified via content-hash across all numeric columns).",none,yes,"Eligible for Stage 2 regardless of standalone importance -- may still matter via nonlinear effects, thresholds, or interactions."
MEASURE_ET_DC_Diode_S11_dB_forw_9p5,yes,B,yes,"Original raw-CSV numeric process/inline/ET measurement. Re-checked: not in the leakage-family list, not a constant column, not part of any exact-duplicate group (verified via content-hash across all numeric columns).",none,yes,"Eligible for Stage 2 regardless of standalone importance -- may still matter via nonlinear effects, thresholds, or interactions."
MEASURE_ET_DC_Diode_S11_dB_rev,yes,B,yes,"Original raw-CSV numeric process/inline/ET measurement. Re-checked: not in the leakage-family list, not a constant column, not part of any exact-duplicate group (verified via content-hash across all numeric columns).",none,yes,"Eligible for Stage 2 regardless of standalone importance -- may still matter via nonlinear effects, thresholds, or interactions."
MEASURE_ET_DC_Diode_S11_dB_rev_9p5,yes,B,yes,"Original raw-CSV numeric process/inline/ET measurement. Re-checked: not in the leakage-family list, not a constant column, not part of any exact-duplicate group (verified via content-hash across all numeric columns).",none,yes,"Eligible for Stage 2 regardless of standalone importance -- may still matter via nonlinear effects, thresholds, or interactions."
MEASURE_ET_DC_Diode_S21_dB_forw,yes,B,yes,"Original raw-CSV numeric process/inline/ET measurement. Re-checked: not in the leakage-family list, not a constant column, not part of any exact-duplicate group (verified via content-hash across all numeric columns).",none,yes,"Eligible for Stage 2 regardless of standalone importance -- may still matter via nonlinear effects, thresholds, or interactions."
MEASURE_ET_DC_Diode_S21_dB_forw_9p5,yes,B,yes,"Original raw-CSV numeric process/inline/ET measurement. Re-checked: not in the leakage-family list, not a constant column, not part of any exact-duplicate group (verified via content-hash across all numeric columns).",none,yes,"Eligible for Stage 2 regardless of standalone importance -- may still matter via nonlinear effects, thresholds, or interactions."
MEASURE_ET_DC_Diode_S21_dB_rev,yes,B,yes,"Original raw-CSV numeric process/inline/ET measurement. Re-checked: not in the leakage-family list, not a constant column, not part of any exact-duplicate group (verified via content-hash across all numeric columns).",none,yes,"Eligible for Stage 2 regardless of standalone importance -- may still matter via nonlinear effects, thresholds, or interactions."
MEASURE_ET_DC_Diode_S21_dB_rev_9p5,yes,B,yes,"Original raw-CSV numeric process/inline/ET measurement. Re-checked: not in the leakage-family list, not a constant column, not part of any exact-duplicate group (verified via content-hash across all numeric columns).",none,yes,"Eligible for Stage 2 regardless of standalone importance -- may still matter via nonlinear effects, thresholds, or interactions."
MEASURE_ET_DC_Diode_Vbpin,yes,B,yes,"Original raw-CSV numeric process/inline/ET measurement. Re-checked: not in the leakage-family list, not a constant column, not part of any exact-duplicate group (verified via content-hash across all numeric columns).",none,yes,"Eligible for Stage 2 regardless of standalone importance -- may still matter via nonlinear effects, thresholds, or interactions."
MEASURE_ET_DC_PIV_Drain_Lag_0,yes,B,yes,"Original raw-CSV numeric process/inline/ET measurement. Re-checked: not in the leakage-family list, not a constant column, not part of any exact-duplicate group (verified via content-hash across all numeric columns).",none,yes,"Eligible for Stage 2 regardless of standalone importance -- may still matter via nonlinear effects, thresholds, or interactions."
MEASURE_ET_DC_PIV_Drain_Lag_1,yes,B,yes,"Original raw-CSV numeric process/inline/ET measurement. Re-checked: not in the leakage-family list, not a constant column, not part of any exact-duplicate group (verified via content-hash across all numeric columns).",none,yes,"Eligible for Stage 2 regardless of standalone importance -- may still matter via nonlinear effects, thresholds, or interactions."
MEASURE_ET_DC_PIV_Drain_Lag_Idss,yes,B,yes,"Original raw-CSV numeric process/inline/ET measurement. Re-checked: not in the leakage-family list, not a constant column, not part of any exact-duplicate group (verified via content-hash across all numeric columns).",none,yes,"Eligible for Stage 2 regardless of standalone importance -- may still matter via nonlinear effects, thresholds, or interactions."
MEASURE_ET_DC_PIV_Drain_Lag_Imax,yes,B,yes,"Original raw-CSV numeric process/inline/ET measurement. Re-checked: not in the leakage-family list, not a constant column, not part of any exact-duplicate group (verified via content-hash across all numeric columns).",none,yes,"Eligible for Stage 2 regardless of standalone importance -- may still matter via nonlinear effects, thresholds, or interactions."
MEASURE_ET_DC_PIV_Gate_Lag_0,yes,B,yes,"Original raw-CSV numeric process/inline/ET measurement. Re-checked: not in the leakage-family list, not a constant column, not part of any exact-duplicate group (verified via content-hash across all numeric columns).",none,yes,"Eligible for Stage 2 regardless of standalone importance -- may still matter via nonlinear effects, thresholds, or interactions."
MEASURE_ET_DC_PIV_Gate_Lag_1,yes,B,yes,"Original raw-CSV numeric process/inline/ET measurement. Re-checked: not in the leakage-family list, not a constant column, not part of any exact-duplicate group (verified via content-hash across all numeric columns).",none,yes,"Eligible for Stage 2 regardless of standalone importance -- may still matter via nonlinear effects, thresholds, or interactions."
MEASURE_ET_DC_PIV_Gate_Lag_Idss,yes,B,yes,"Original raw-CSV numeric process/inline/ET measurement. Re-checked: not in the leakage-family list, not a constant column, not part of any exact-duplicate group (verified via content-hash across all numeric columns).",none,yes,"Eligible for Stage 2 regardless of standalone importance -- may still matter via nonlinear effects, thresholds, or interactions."
MEASURE_ET_DC_PIV_Gate_Lag_Imax,yes,B,yes,"Original raw-CSV numeric process/inline/ET measurement. Re-checked: not in the leakage-family list, not a constant column, not part of any exact-duplicate group (verified via content-hash across all numeric columns).",none,yes,"Eligible for Stage 2 regardless of standalone importance -- may still matter via nonlinear effects, thresholds, or interactions."
MEASURE_ET_DC_PIV_Ids0_QP1,yes,B,yes,"Original raw-CSV numeric process/inline/ET measurement. Re-checked: not in the leakage-family list, not a constant column, not part of any exact-duplicate group (verified via content-hash across all numeric columns).",none,yes,"Eligible for Stage 2 regardless of standalone importance -- may still matter via nonlinear effects, thresholds, or interactions."
MEASURE_ET_DC_PIV_Ids0_QP2,yes,B,yes,"Original raw-CSV numeric process/inline/ET measurement. Re-checked: not in the leakage-family list, not a constant column, not part of any exact-duplicate group (verified via content-hash across all numeric columns).",none,yes,"Eligible for Stage 2 regardless of standalone importance -- may still matter via nonlinear effects, thresholds, or interactions."
MEASURE_ET_DC_PIV_Ids0_QP3,yes,B,yes,"Original raw-CSV numeric process/inline/ET measurement. Re-checked: not in the leakage-family list, not a constant column, not part of any exact-duplicate group (verified via content-hash across all numeric columns).",none,yes,"Eligible for Stage 2 regardless of standalone importance -- may still matter via nonlinear effects, thresholds, or interactions."
MEASURE_ET_DC_PIV_Ids1_QP1,yes,B,yes,"Original raw-CSV numeric process/inline/ET measurement. Re-checked: not in the leakage-family list, not a constant column, not part of any exact-duplicate group (verified via content-hash across all numeric columns).",none,yes,"Eligible for Stage 2 regardless of standalone importance -- may still matter via nonlinear effects, thresholds, or interactions."
MEASURE_ET_DC_PIV_Ids1_QP2,yes,B,yes,"Original raw-CSV numeric process/inline/ET measurement. Re-checked: not in the leakage-family list, not a constant column, not part of any exact-duplicate group (verified via content-hash across all numeric columns).",none,yes,"Eligible for Stage 2 regardless of standalone importance -- may still matter via nonlinear effects, thresholds, or interactions."
MEASURE_ET_DC_PIV_Ids1_QP3,yes,B,yes,"Original raw-CSV numeric process/inline/ET measurement. Re-checked: not in the leakage-family list, not a constant column, not part of any exact-duplicate group (verified via content-hash across all numeric columns).",none,yes,"Eligible for Stage 2 regardless of standalone importance -- may still matter via nonlinear effects, thresholds, or interactions."
MEASURE_ET_DC_PIV_Idss_QP1,yes,B,yes,"Original raw-CSV numeric process/inline/ET measurement. Re-checked: not in the leakage-family list, not a constant column, not part of any exact-duplicate group (verified via content-hash across all numeric columns).",none,yes,"Eligible for Stage 2 regardless of standalone importance -- may still matter via nonlinear effects, thresholds, or interactions."
MEASURE_ET_DC_PIV_Idss_QP2,yes,B,yes,"Original raw-CSV numeric process/inline/ET measurement. Re-checked: not in the leakage-family list, not a constant column, not part of any exact-duplicate group (verified via content-hash across all numeric columns).",none,yes,"Eligible for Stage 2 regardless of standalone importance -- may still matter via nonlinear effects, thresholds, or interactions."
MEASURE_ET_DC_PIV_Idss_QP3,yes,B,yes,"Original raw-CSV numeric process/inline/ET measurement. Re-checked: not in the leakage-family list, not a constant column, not part of any exact-duplicate group (verified via content-hash across all numeric columns).",none,yes,"Eligible for Stage 2 regardless of standalone importance -- may still matter via nonlinear effects, thresholds, or interactions."
MEASURE_ET_DC_PIV_Imax_QP1,yes,B,yes,"Original raw-CSV numeric process/inline/ET measurement. Re-checked: not in the leakage-family list, not a constant column, not part of any exact-duplicate group (verified via content-hash across all numeric columns).",none,yes,"Eligible for Stage 2 regardless of standalone importance -- may still matter via nonlinear effects, thresholds, or interactions."
MEASURE_ET_DC_PIV_Imax_QP2,yes,B,yes,"Original raw-CSV numeric process/inline/ET measurement. Re-checked: not in the leakage-family list, not a constant column, not part of any exact-duplicate group (verified via content-hash across all numeric columns).",none,yes,"Eligible for Stage 2 regardless of standalone importance -- may still matter via nonlinear effects, thresholds, or interactions."
MEASURE_ET_DC_PIV_Imax_QP3,yes,B,yes,"Original raw-CSV numeric process/inline/ET measurement. Re-checked: not in the leakage-family list, not a constant column, not part of any exact-duplicate group (verified via content-hash across all numeric columns).",none,yes,"Eligible for Stage 2 regardless of standalone importance -- may still matter via nonlinear effects, thresholds, or interactions."
MEASURE_ET_DC_RD_Ft,yes,B,yes,"Original raw-CSV numeric process/inline/ET measurement. Re-checked: not in the leakage-family list, not a constant column, not part of any exact-duplicate group (verified via content-hash across all numeric columns).",none,yes,"Eligible for Stage 2 regardless of standalone importance -- may still matter via nonlinear effects, thresholds, or interactions."
MEASURE_ET_DC_RD_Id_Vbon_max,yes,B,yes,"Original raw-CSV numeric process/inline/ET measurement. Re-checked: not in the leakage-family list, not a constant column, not part of any exact-duplicate group (verified via content-hash across all numeric columns).",none,yes,"Eligible for Stage 2 regardless of standalone importance -- may still matter via nonlinear effects, thresholds, or interactions."
MEASURE_ET_DC_RD_Id_Vbon_min,yes,B,yes,"Original raw-CSV numeric process/inline/ET measurement. Re-checked: not in the leakage-family list, not a constant column, not part of any exact-duplicate group (verified via content-hash across all numeric columns).",none,yes,"Eligible for Stage 2 regardless of standalone importance -- may still matter via nonlinear effects, thresholds, or interactions."
MEASURE_ET_DC_RD_K,yes,B,yes,"Original raw-CSV numeric process/inline/ET measurement. Re-checked: not in the leakage-family list, not a constant column, not part of any exact-duplicate group (verified via content-hash across all numeric columns).",none,yes,"Eligible for Stage 2 regardless of standalone importance -- may still matter via nonlinear effects, thresholds, or interactions."
MEASURE_ET_DC_RD_MSG_18GHz,yes,B,yes,"Original raw-CSV numeric process/inline/ET measurement. Re-checked: not in the leakage-family list, not a constant column, not part of any exact-duplicate group (verified via content-hash across all numeric columns).",none,yes,"Eligible for Stage 2 regardless of standalone importance -- may still matter via nonlinear effects, thresholds, or interactions."
MEASURE_ET_DC_RD_MSG_35GHz,yes,B,yes,"Original raw-CSV numeric process/inline/ET measurement. Re-checked: not in the leakage-family list, not a constant column, not part of any exact-duplicate group (verified via content-hash across all numeric columns).",none,yes,"Eligible for Stage 2 regardless of standalone importance -- may still matter via nonlinear effects, thresholds, or interactions."
MEASURE_ET_DC_RD_S11ang_18GHz,yes,B,yes,"Original raw-CSV numeric process/inline/ET measurement. Re-checked: not in the leakage-family list, not a constant column, not part of any exact-duplicate group (verified via content-hash across all numeric columns).",none,yes,"Eligible for Stage 2 regardless of standalone importance -- may still matter via nonlinear effects, thresholds, or interactions."
MEASURE_ET_DC_RD_S11dB_18GHz,yes,B,yes,"Original raw-CSV numeric process/inline/ET measurement. Re-checked: not in the leakage-family list, not a constant column, not part of any exact-duplicate group (verified via content-hash across all numeric columns).",none,yes,"Eligible for Stage 2 regardless of standalone importance -- may still matter via nonlinear effects, thresholds, or interactions."
MEASURE_ET_DC_RD_S12ang_18GHz,yes,B,yes,"Original raw-CSV numeric process/inline/ET measurement. Re-checked: not in the leakage-family list, not a constant column, not part of any exact-duplicate group (verified via content-hash across all numeric columns).",none,yes,"Eligible for Stage 2 regardless of standalone importance -- may still matter via nonlinear effects, thresholds, or interactions."
MEASURE_ET_DC_RD_S12dB_18GHz,yes,B,yes,"Original raw-CSV numeric process/inline/ET measurement. Re-checked: not in the leakage-family list, not a constant column, not part of any exact-duplicate group (verified via content-hash across all numeric columns).",none,yes,"Eligible for Stage 2 regardless of standalone importance -- may still matter via nonlinear effects, thresholds, or interactions."
MEASURE_ET_DC_RD_S21ang_18GHz,yes,B,yes,"Original raw-CSV numeric process/inline/ET measurement. Re-checked: not in the leakage-family list, not a constant column, not part of any exact-duplicate group (verified via content-hash across all numeric columns).",none,yes,"Eligible for Stage 2 regardless of standalone importance -- may still matter via nonlinear effects, thresholds, or interactions."
MEASURE_ET_DC_RD_S21dB_18GHz,yes,B,yes,"Original raw-CSV numeric process/inline/ET measurement. Re-checked: not in the leakage-family list, not a constant column, not part of any exact-duplicate group (verified via content-hash across all numeric columns).",none,yes,"Eligible for Stage 2 regardless of standalone importance -- may still matter via nonlinear effects, thresholds, or interactions."
MEASURE_ET_DC_RD_S22ang_18GHz,yes,B,yes,"Original raw-CSV numeric process/inline/ET measurement. Re-checked: not in the leakage-family list, not a constant column, not part of any exact-duplicate group (verified via content-hash across all numeric columns).",none,yes,"Eligible for Stage 2 regardless of standalone importance -- may still matter via nonlinear effects, thresholds, or interactions."
MEASURE_ET_DC_RD_S22dB_18GHz,yes,B,yes,"Original raw-CSV numeric process/inline/ET measurement. Re-checked: not in the leakage-family list, not a constant column, not part of any exact-duplicate group (verified via content-hash across all numeric columns).",none,yes,"Eligible for Stage 2 regardless of standalone importance -- may still matter via nonlinear effects, thresholds, or interactions."
MEASURE_ET_DC_RD_Vboff,yes,B,yes,"Original raw-CSV numeric process/inline/ET measurement. Re-checked: not in the leakage-family list, not a constant column, not part of any exact-duplicate group (verified via content-hash across all numeric columns).",none,yes,"Eligible for Stage 2 regardless of standalone importance -- may still matter via nonlinear effects, thresholds, or interactions."
MEASURE_ET_DC_RD_Vboff_ON,yes,B,yes,"Original raw-CSV numeric process/inline/ET measurement. Re-checked: not in the leakage-family list, not a constant column, not part of any exact-duplicate group (verified via content-hash across all numeric columns).",none,yes,"Eligible for Stage 2 regardless of standalone importance -- may still matter via nonlinear effects, thresholds, or interactions."
MEASURE_ET_DC_RD_Vbon_max,yes,B,yes,"Original raw-CSV numeric process/inline/ET measurement. Re-checked: not in the leakage-family list, not a constant column, not part of any exact-duplicate group (verified via content-hash across all numeric columns).",none,yes,"Eligible for Stage 2 regardless of standalone importance -- may still matter via nonlinear effects, thresholds, or interactions."
MEASURE_ET_DC_RD_Vbon_min,yes,B,yes,"Original raw-CSV numeric process/inline/ET measurement. Re-checked: not in the leakage-family list, not a constant column, not part of any exact-duplicate group (verified via content-hash across all numeric columns).",none,yes,"Eligible for Stage 2 regardless of standalone importance -- may still matter via nonlinear effects, thresholds, or interactions."
MEASURE_ET_DC_RD_Vg_Vbon_max,yes,B,yes,"Original raw-CSV numeric process/inline/ET measurement. Re-checked: not in the leakage-family list, not a constant column, not part of any exact-duplicate group (verified via content-hash across all numeric columns).",none,yes,"Eligible for Stage 2 regardless of standalone importance -- may still matter via nonlinear effects, thresholds, or interactions."
MEASURE_ET_DC_RD_Vg_Vbon_min,yes,B,yes,"Original raw-CSV numeric process/inline/ET measurement. Re-checked: not in the leakage-family list, not a constant column, not part of any exact-duplicate group (verified via content-hash across all numeric columns).",none,yes,"Eligible for Stage 2 regardless of standalone importance -- may still matter via nonlinear effects, thresholds, or interactions."
MEASURE_ET_DC_RF_CF_S11_Mag_L1002,yes,B,yes,"Original raw-CSV numeric process/inline/ET measurement. Re-checked: not in the leakage-family list, not a constant column, not part of any exact-duplicate group (verified via content-hash across all numeric columns).",none,yes,"Eligible for Stage 2 regardless of standalone importance -- may still matter via nonlinear effects, thresholds, or interactions."
MEASURE_ET_DC_RF_CF_S11_Mag_L1018,yes,B,yes,"Original raw-CSV numeric process/inline/ET measurement. Re-checked: not in the leakage-family list, not a constant column, not part of any exact-duplicate group (verified via content-hash across all numeric columns).",none,yes,"Eligible for Stage 2 regardless of standalone importance -- may still matter via nonlinear effects, thresholds, or interactions."
MEASURE_ET_DC_RF_CF_S11_Mag_L2180,yes,B,yes,"Original raw-CSV numeric process/inline/ET measurement. Re-checked: not in the leakage-family list, not a constant column, not part of any exact-duplicate group (verified via content-hash across all numeric columns).",none,yes,"Eligible for Stage 2 regardless of standalone importance -- may still matter via nonlinear effects, thresholds, or interactions."
MEASURE_ET_DC_RF_CF_S11_Ph_L1002,yes,B,yes,"Original raw-CSV numeric process/inline/ET measurement. Re-checked: not in the leakage-family list, not a constant column, not part of any exact-duplicate group (verified via content-hash across all numeric columns).",none,yes,"Eligible for Stage 2 regardless of standalone importance -- may still matter via nonlinear effects, thresholds, or interactions."
MEASURE_ET_DC_RF_CF_S11_Ph_L1018,yes,B,yes,"Original raw-CSV numeric process/inline/ET measurement. Re-checked: not in the leakage-family list, not a constant column, not part of any exact-duplicate group (verified via content-hash across all numeric columns).",none,yes,"Eligible for Stage 2 regardless of standalone importance -- may still matter via nonlinear effects, thresholds, or interactions."
MEASURE_ET_DC_RF_CF_S11_Ph_L2180,yes,B,yes,"Original raw-CSV numeric process/inline/ET measurement. Re-checked: not in the leakage-family list, not a constant column, not part of any exact-duplicate group (verified via content-hash across all numeric columns).",none,yes,"Eligible for Stage 2 regardless of standalone importance -- may still matter via nonlinear effects, thresholds, or interactions."
MEASURE_ET_DC_RF_CF_S12_Mag_L1002,yes,B,yes,"Original raw-CSV numeric process/inline/ET measurement. Re-checked: not in the leakage-family list, not a constant column, not part of any exact-duplicate group (verified via content-hash across all numeric columns).",none,yes,"Eligible for Stage 2 regardless of standalone importance -- may still matter via nonlinear effects, thresholds, or interactions."
MEASURE_ET_DC_RF_CF_S12_Mag_L1018,yes,B,yes,"Original raw-CSV numeric process/inline/ET measurement. Re-checked: not in the leakage-family list, not a constant column, not part of any exact-duplicate group (verified via content-hash across all numeric columns).",none,yes,"Eligible for Stage 2 regardless of standalone importance -- may still matter via nonlinear effects, thresholds, or interactions."
MEASURE_ET_DC_RF_CF_S12_Mag_L2180,yes,B,yes,"Original raw-CSV numeric process/inline/ET measurement. Re-checked: not in the leakage-family list, not a constant column, not part of any exact-duplicate group (verified via content-hash across all numeric columns).",none,yes,"Eligible for Stage 2 regardless of standalone importance -- may still matter via nonlinear effects, thresholds, or interactions."
MEASURE_ET_DC_RF_CF_S12_Ph_L1002,yes,B,yes,"Original raw-CSV numeric process/inline/ET measurement. Re-checked: not in the leakage-family list, not a constant column, not part of any exact-duplicate group (verified via content-hash across all numeric columns).",none,yes,"Eligible for Stage 2 regardless of standalone importance -- may still matter via nonlinear effects, thresholds, or interactions."
MEASURE_ET_DC_RF_CF_S12_Ph_L1018,yes,B,yes,"Original raw-CSV numeric process/inline/ET measurement. Re-checked: not in the leakage-family list, not a constant column, not part of any exact-duplicate group (verified via content-hash across all numeric columns).",none,yes,"Eligible for Stage 2 regardless of standalone importance -- may still matter via nonlinear effects, thresholds, or interactions."
MEASURE_ET_DC_RF_CF_S12_Ph_L2180,yes,B,yes,"Original raw-CSV numeric process/inline/ET measurement. Re-checked: not in the leakage-family list, not a constant column, not part of any exact-duplicate group (verified via content-hash across all numeric columns).",none,yes,"Eligible for Stage 2 regardless of standalone importance -- may still matter via nonlinear effects, thresholds, or interactions."
MEASURE_ET_DC_RF_CF_S21_Mag_L1002,yes,B,yes,"Original raw-CSV numeric process/inline/ET measurement. Re-checked: not in the leakage-family list, not a constant column, not part of any exact-duplicate group (verified via content-hash across all numeric columns).",none,yes,"Eligible for Stage 2 regardless of standalone importance -- may still matter via nonlinear effects, thresholds, or interactions."
MEASURE_ET_DC_RF_CF_S21_Mag_L1018,yes,B,yes,"Original raw-CSV numeric process/inline/ET measurement. Re-checked: not in the leakage-family list, not a constant column, not part of any exact-duplicate group (verified via content-hash across all numeric columns).",none,yes,"Eligible for Stage 2 regardless of standalone importance -- may still matter via nonlinear effects, thresholds, or interactions."
MEASURE_ET_DC_RF_CF_S21_Mag_L2180,yes,B,yes,"Original raw-CSV numeric process/inline/ET measurement. Re-checked: not in the leakage-family list, not a constant column, not part of any exact-duplicate group (verified via content-hash across all numeric columns).",none,yes,"Eligible for Stage 2 regardless of standalone importance -- may still matter via nonlinear effects, thresholds, or interactions."
MEASURE_ET_DC_RF_CF_S21_Ph_L1002,yes,B,yes,"Original raw-CSV numeric process/inline/ET measurement. Re-checked: not in the leakage-family list, not a constant column, not part of any exact-duplicate group (verified via content-hash across all numeric columns).",none,yes,"Eligible for Stage 2 regardless of standalone importance -- may still matter via nonlinear effects, thresholds, or interactions."
MEASURE_ET_DC_RF_CF_S21_Ph_L1018,yes,B,yes,"Original raw-CSV numeric process/inline/ET measurement. Re-checked: not in the leakage-family list, not a constant column, not part of any exact-duplicate group (verified via content-hash across all numeric columns).",none,yes,"Eligible for Stage 2 regardless of standalone importance -- may still matter via nonlinear effects, thresholds, or interactions."
MEASURE_ET_DC_RF_CF_S21_Ph_L2180,yes,B,yes,"Original raw-CSV numeric process/inline/ET measurement. Re-checked: not in the leakage-family list, not a constant column, not part of any exact-duplicate group (verified via content-hash across all numeric columns).",none,yes,"Eligible for Stage 2 regardless of standalone importance -- may still matter via nonlinear effects, thresholds, or interactions."
MEASURE_ET_DC_RF_CF_S22_Mag_L1002,yes,B,yes,"Original raw-CSV numeric process/inline/ET measurement. Re-checked: not in the leakage-family list, not a constant column, not part of any exact-duplicate group (verified via content-hash across all numeric columns).",none,yes,"Eligible for Stage 2 regardless of standalone importance -- may still matter via nonlinear effects, thresholds, or interactions."
MEASURE_ET_DC_RF_CF_S22_Mag_L1018,yes,B,yes,"Original raw-CSV numeric process/inline/ET measurement. Re-checked: not in the leakage-family list, not a constant column, not part of any exact-duplicate group (verified via content-hash across all numeric columns).",none,yes,"Eligible for Stage 2 regardless of standalone importance -- may still matter via nonlinear effects, thresholds, or interactions."
MEASURE_ET_DC_RF_CF_S22_Mag_L2180,yes,B,yes,"Original raw-CSV numeric process/inline/ET measurement. Re-checked: not in the leakage-family list, not a constant column, not part of any exact-duplicate group (verified via content-hash across all numeric columns).",none,yes,"Eligible for Stage 2 regardless of standalone importance -- may still matter via nonlinear effects, thresholds, or interactions."
MEASURE_ET_DC_RF_CF_S22_Ph_L1002,yes,B,yes,"Original raw-CSV numeric process/inline/ET measurement. Re-checked: not in the leakage-family list, not a constant column, not part of any exact-duplicate group (verified via content-hash across all numeric columns).",none,yes,"Eligible for Stage 2 regardless of standalone importance -- may still matter via nonlinear effects, thresholds, or interactions."
MEASURE_ET_DC_RF_CF_S22_Ph_L1018,yes,B,yes,"Original raw-CSV numeric process/inline/ET measurement. Re-checked: not in the leakage-family list, not a constant column, not part of any exact-duplicate group (verified via content-hash across all numeric columns).",none,yes,"Eligible for Stage 2 regardless of standalone importance -- may still matter via nonlinear effects, thresholds, or interactions."
MEASURE_ET_DC_RF_CF_S22_Ph_L2180,yes,B,yes,"Original raw-CSV numeric process/inline/ET measurement. Re-checked: not in the leakage-family list, not a constant column, not part of any exact-duplicate group (verified via content-hash across all numeric columns).",none,yes,"Eligible for Stage 2 regardless of standalone importance -- may still matter via nonlinear effects, thresholds, or interactions."
MEASURE_ET_DC_RF_Freq_cut_L1002,yes,B,yes,"Original raw-CSV numeric process/inline/ET measurement. Re-checked: not in the leakage-family list, not a constant column, not part of any exact-duplicate group (verified via content-hash across all numeric columns).",none,yes,"Eligible for Stage 2 regardless of standalone importance -- may still matter via nonlinear effects, thresholds, or interactions."
MEASURE_ET_DC_RF_Freq_cut_L1018,yes,B,yes,"Original raw-CSV numeric process/inline/ET measurement. Re-checked: not in the leakage-family list, not a constant column, not part of any exact-duplicate group (verified via content-hash across all numeric columns).",none,yes,"Eligible for Stage 2 regardless of standalone importance -- may still matter via nonlinear effects, thresholds, or interactions."
MEASURE_ET_DC_RF_Freq_cut_L2180,yes,B,yes,"Original raw-CSV numeric process/inline/ET measurement. Re-checked: not in the leakage-family list, not a constant column, not part of any exact-duplicate group (verified via content-hash across all numeric columns).",none,yes,"Eligible for Stage 2 regardless of standalone importance -- may still matter via nonlinear effects, thresholds, or interactions."
MEASURE_ET_DC_RF_Ft,yes,B,yes,"Original raw-CSV numeric process/inline/ET measurement. Re-checked: not in the leakage-family list, not a constant column, not part of any exact-duplicate group (verified via content-hash across all numeric columns).",none,yes,"Eligible for Stage 2 regardless of standalone importance -- may still matter via nonlinear effects, thresholds, or interactions."
MEASURE_ET_DC_RF_Ft_W,yes,B,yes,"Original raw-CSV numeric process/inline/ET measurement. Re-checked: not in the leakage-family list, not a constant column, not part of any exact-duplicate group (verified via content-hash across all numeric columns).",none,yes,"Eligible for Stage 2 regardless of standalone importance -- may still matter via nonlinear effects, thresholds, or interactions."
MEASURE_ET_DC_RF_Gm_0,yes,B,yes,"Original raw-CSV numeric process/inline/ET measurement. Re-checked: not in the leakage-family list, not a constant column, not part of any exact-duplicate group (verified via content-hash across all numeric columns).",none,yes,"Eligible for Stage 2 regardless of standalone importance -- may still matter via nonlinear effects, thresholds, or interactions."
MEASURE_ET_DC_RF_Gm_0_W,yes,B,yes,"Original raw-CSV numeric process/inline/ET measurement. Re-checked: not in the leakage-family list, not a constant column, not part of any exact-duplicate group (verified via content-hash across all numeric columns).",none,yes,"Eligible for Stage 2 regardless of standalone importance -- may still matter via nonlinear effects, thresholds, or interactions."
MEASURE_ET_DC_RF_Gm_m0p2,yes,B,yes,"Original raw-CSV numeric process/inline/ET measurement. Re-checked: not in the leakage-family list, not a constant column, not part of any exact-duplicate group (verified via content-hash across all numeric columns).",none,yes,"Eligible for Stage 2 regardless of standalone importance -- may still matter via nonlinear effects, thresholds, or interactions."
MEASURE_ET_DC_RF_Gm_m0p2_W,yes,B,yes,"Original raw-CSV numeric process/inline/ET measurement. Re-checked: not in the leakage-family list, not a constant column, not part of any exact-duplicate group (verified via content-hash across all numeric columns).",none,yes,"Eligible for Stage 2 regardless of standalone importance -- may still matter via nonlinear effects, thresholds, or interactions."
MEASURE_ET_DC_RF_Gm_max,yes,B,yes,"Original raw-CSV numeric process/inline/ET measurement. Re-checked: not in the leakage-family list, not a constant column, not part of any exact-duplicate group (verified via content-hash across all numeric columns).",none,yes,"Eligible for Stage 2 regardless of standalone importance -- may still matter via nonlinear effects, thresholds, or interactions."
MEASURE_ET_DC_RF_Gm_max_W,yes,B,yes,"Original raw-CSV numeric process/inline/ET measurement. Re-checked: not in the leakage-family list, not a constant column, not part of any exact-duplicate group (verified via content-hash across all numeric columns).",none,yes,"Eligible for Stage 2 regardless of standalone importance -- may still matter via nonlinear effects, thresholds, or interactions."
MEASURE_ET_DC_RF_Id_gm_max,yes,B,yes,"Original raw-CSV numeric process/inline/ET measurement. Re-checked: not in the leakage-family list, not a constant column, not part of any exact-duplicate group (verified via content-hash across all numeric columns).",none,yes,"Eligible for Stage 2 regardless of standalone importance -- may still matter via nonlinear effects, thresholds, or interactions."
MEASURE_ET_DC_RF_Id_gm_max_W,yes,B,yes,"Original raw-CSV numeric process/inline/ET measurement. Re-checked: not in the leakage-family list, not a constant column, not part of any exact-duplicate group (verified via content-hash across all numeric columns).",none,yes,"Eligible for Stage 2 regardless of standalone importance -- may still matter via nonlinear effects, thresholds, or interactions."
MEASURE_ET_DC_RF_Id_Vbon_max,yes,B,yes,"Original raw-CSV numeric process/inline/ET measurement. Re-checked: not in the leakage-family list, not a constant column, not part of any exact-duplicate group (verified via content-hash across all numeric columns).",none,yes,"Eligible for Stage 2 regardless of standalone importance -- may still matter via nonlinear effects, thresholds, or interactions."
MEASURE_ET_DC_RF_Id_Vbon_min,yes,B,yes,"Original raw-CSV numeric process/inline/ET measurement. Re-checked: not in the leakage-family list, not a constant column, not part of any exact-duplicate group (verified via content-hash across all numeric columns).",none,yes,"Eligible for Stage 2 regardless of standalone importance -- may still matter via nonlinear effects, thresholds, or interactions."
MEASURE_ET_DC_RF_Ids_m0p2,yes,B,yes,"Original raw-CSV numeric process/inline/ET measurement. Re-checked: not in the leakage-family list, not a constant column, not part of any exact-duplicate group (verified via content-hash across all numeric columns).",none,yes,"Eligible for Stage 2 regardless of standalone importance -- may still matter via nonlinear effects, thresholds, or interactions."
MEASURE_ET_DC_RF_ids_m0p2_W,yes,B,yes,"Original raw-CSV numeric process/inline/ET measurement. Re-checked: not in the leakage-family list, not a constant column, not part of any exact-duplicate group (verified via content-hash across all numeric columns).",none,yes,"Eligible for Stage 2 regardless of standalone importance -- may still matter via nonlinear effects, thresholds, or interactions."
MEASURE_ET_DC_RF_Idss,yes,B,yes,"Original raw-CSV numeric process/inline/ET measurement. Re-checked: not in the leakage-family list, not a constant column, not part of any exact-duplicate group (verified via content-hash across all numeric columns).",none,yes,"Eligible for Stage 2 regardless of standalone importance -- may still matter via nonlinear effects, thresholds, or interactions."
MEASURE_ET_DC_RF_Idss_W,yes,B,yes,"Original raw-CSV numeric process/inline/ET measurement. Re-checked: not in the leakage-family list, not a constant column, not part of any exact-duplicate group (verified via content-hash across all numeric columns).",none,yes,"Eligible for Stage 2 regardless of standalone importance -- may still matter via nonlinear effects, thresholds, or interactions."
MEASURE_ET_DC_RF_Imax,yes,B,yes,"Original raw-CSV numeric process/inline/ET measurement. Re-checked: not in the leakage-family list, not a constant column, not part of any exact-duplicate group (verified via content-hash across all numeric columns).",none,yes,"Eligible for Stage 2 regardless of standalone importance -- may still matter via nonlinear effects, thresholds, or interactions."
MEASURE_ET_DC_RF_Imax_W,yes,B,yes,"Original raw-CSV numeric process/inline/ET measurement. Re-checked: not in the leakage-family list, not a constant column, not part of any exact-duplicate group (verified via content-hash across all numeric columns).",none,yes,"Eligible for Stage 2 regardless of standalone importance -- may still matter via nonlinear effects, thresholds, or interactions."
MEASURE_ET_DC_RF_K,yes,B,yes,"Original raw-CSV numeric process/inline/ET measurement. Re-checked: not in the leakage-family list, not a constant column, not part of any exact-duplicate group (verified via content-hash across all numeric columns).",none,yes,"Eligible for Stage 2 regardless of standalone importance -- may still matter via nonlinear effects, thresholds, or interactions."
MEASURE_ET_DC_RF_K_W,yes,B,yes,"Original raw-CSV numeric process/inline/ET measurement. Re-checked: not in the leakage-family list, not a constant column, not part of any exact-duplicate group (verified via content-hash across all numeric columns).",none,yes,"Eligible for Stage 2 regardless of standalone importance -- may still matter via nonlinear effects, thresholds, or interactions."
MEASURE_ET_DC_RF_MAG_26GHz,yes,B,yes,"Original raw-CSV numeric process/inline/ET measurement. Re-checked: not in the leakage-family list, not a constant column, not part of any exact-duplicate group (verified via content-hash across all numeric columns).",none,yes,"Eligible for Stage 2 regardless of standalone importance -- may still matter via nonlinear effects, thresholds, or interactions."
MEASURE_ET_DC_RF_MAG_26GHz_W,yes,B,yes,"Original raw-CSV numeric process/inline/ET measurement. Re-checked: not in the leakage-family list, not a constant column, not part of any exact-duplicate group (verified via content-hash across all numeric columns).",none,yes,"Eligible for Stage 2 regardless of standalone importance -- may still matter via nonlinear effects, thresholds, or interactions."
MEASURE_ET_DC_RF_MAG_35GHz,yes,B,yes,"Original raw-CSV numeric process/inline/ET measurement. Re-checked: not in the leakage-family list, not a constant column, not part of any exact-duplicate group (verified via content-hash across all numeric columns).",none,yes,"Eligible for Stage 2 regardless of standalone importance -- may still matter via nonlinear effects, thresholds, or interactions."
MEASURE_ET_DC_RF_MAG_35GHz_W,yes,B,yes,"Original raw-CSV numeric process/inline/ET measurement. Re-checked: not in the leakage-family list, not a constant column, not part of any exact-duplicate group (verified via content-hash across all numeric columns).",none,yes,"Eligible for Stage 2 regardless of standalone importance -- may still matter via nonlinear effects, thresholds, or interactions."
MEASURE_ET_DC_RF_Max_S11_Freq_L1002,yes,B,yes,"Original raw-CSV numeric process/inline/ET measurement. Re-checked: not in the leakage-family list, not a constant column, not part of any exact-duplicate group (verified via content-hash across all numeric columns).",none,yes,"Eligible for Stage 2 regardless of standalone importance -- may still matter via nonlinear effects, thresholds, or interactions."
MEASURE_ET_DC_RF_Max_S11_Freq_L1018,yes,B,yes,"Original raw-CSV numeric process/inline/ET measurement. Re-checked: not in the leakage-family list, not a constant column, not part of any exact-duplicate group (verified via content-hash across all numeric columns).",none,yes,"Eligible for Stage 2 regardless of standalone importance -- may still matter via nonlinear effects, thresholds, or interactions."
MEASURE_ET_DC_RF_Max_S11_Freq_L2180,yes,B,yes,"Original raw-CSV numeric process/inline/ET measurement. Re-checked: not in the leakage-family list, not a constant column, not part of any exact-duplicate group (verified via content-hash across all numeric columns).",none,yes,"Eligible for Stage 2 regardless of standalone importance -- may still matter via nonlinear effects, thresholds, or interactions."
MEASURE_ET_DC_RF_Max_S11_Mag_L1002,yes,B,yes,"Original raw-CSV numeric process/inline/ET measurement. Re-checked: not in the leakage-family list, not a constant column, not part of any exact-duplicate group (verified via content-hash across all numeric columns).",none,yes,"Eligible for Stage 2 regardless of standalone importance -- may still matter via nonlinear effects, thresholds, or interactions."
MEASURE_ET_DC_RF_Max_S11_Mag_L1018,yes,B,yes,"Original raw-CSV numeric process/inline/ET measurement. Re-checked: not in the leakage-family list, not a constant column, not part of any exact-duplicate group (verified via content-hash across all numeric columns).",none,yes,"Eligible for Stage 2 regardless of standalone importance -- may still matter via nonlinear effects, thresholds, or interactions."
MEASURE_ET_DC_RF_Max_S11_Mag_L2180,yes,B,yes,"Original raw-CSV numeric process/inline/ET measurement. Re-checked: not in the leakage-family list, not a constant column, not part of any exact-duplicate group (verified via content-hash across all numeric columns).",none,yes,"Eligible for Stage 2 regardless of standalone importance -- may still matter via nonlinear effects, thresholds, or interactions."
MEASURE_ET_DC_RF_Max_S11_Ph_L1002,yes,B,yes,"Original raw-CSV numeric process/inline/ET measurement. Re-checked: not in the leakage-family list, not a constant column, not part of any exact-duplicate group (verified via content-hash across all numeric columns).",none,yes,"Eligible for Stage 2 regardless of standalone importance -- may still matter via nonlinear effects, thresholds, or interactions."
MEASURE_ET_DC_RF_Max_S11_Ph_L1018,yes,B,yes,"Original raw-CSV numeric process/inline/ET measurement. Re-checked: not in the leakage-family list, not a constant column, not part of any exact-duplicate group (verified via content-hash across all numeric columns).",none,yes,"Eligible for Stage 2 regardless of standalone importance -- may still matter via nonlinear effects, thresholds, or interactions."
MEASURE_ET_DC_RF_Max_S11_Ph_L2180,yes,B,yes,"Original raw-CSV numeric process/inline/ET measurement. Re-checked: not in the leakage-family list, not a constant column, not part of any exact-duplicate group (verified via content-hash across all numeric columns).",none,yes,"Eligible for Stage 2 regardless of standalone importance -- may still matter via nonlinear effects, thresholds, or interactions."
MEASURE_ET_DC_RF_Min_S21_Freq_L1002,yes,B,yes,"Original raw-CSV numeric process/inline/ET measurement. Re-checked: not in the leakage-family list, not a constant column, not part of any exact-duplicate group (verified via content-hash across all numeric columns).",none,yes,"Eligible for Stage 2 regardless of standalone importance -- may still matter via nonlinear effects, thresholds, or interactions."
MEASURE_ET_DC_RF_Min_S21_Freq_L1018,yes,B,yes,"Original raw-CSV numeric process/inline/ET measurement. Re-checked: not in the leakage-family list, not a constant column, not part of any exact-duplicate group (verified via content-hash across all numeric columns).",none,yes,"Eligible for Stage 2 regardless of standalone importance -- may still matter via nonlinear effects, thresholds, or interactions."
MEASURE_ET_DC_RF_Min_S21_Freq_L2180,yes,B,yes,"Original raw-CSV numeric process/inline/ET measurement. Re-checked: not in the leakage-family list, not a constant column, not part of any exact-duplicate group (verified via content-hash across all numeric columns).",none,yes,"Eligible for Stage 2 regardless of standalone importance -- may still matter via nonlinear effects, thresholds, or interactions."
MEASURE_ET_DC_RF_Min_S21_Mag_L1002,yes,B,yes,"Original raw-CSV numeric process/inline/ET measurement. Re-checked: not in the leakage-family list, not a constant column, not part of any exact-duplicate group (verified via content-hash across all numeric columns).",none,yes,"Eligible for Stage 2 regardless of standalone importance -- may still matter via nonlinear effects, thresholds, or interactions."
MEASURE_ET_DC_RF_Min_S21_Mag_L1018,yes,B,yes,"Original raw-CSV numeric process/inline/ET measurement. Re-checked: not in the leakage-family list, not a constant column, not part of any exact-duplicate group (verified via content-hash across all numeric columns).",none,yes,"Eligible for Stage 2 regardless of standalone importance -- may still matter via nonlinear effects, thresholds, or interactions."
MEASURE_ET_DC_RF_Min_S21_Mag_L2180,yes,B,yes,"Original raw-CSV numeric process/inline/ET measurement. Re-checked: not in the leakage-family list, not a constant column, not part of any exact-duplicate group (verified via content-hash across all numeric columns).",none,yes,"Eligible for Stage 2 regardless of standalone importance -- may still matter via nonlinear effects, thresholds, or interactions."
MEASURE_ET_DC_RF_Min_S21_Ph_L1002,yes,B,yes,"Original raw-CSV numeric process/inline/ET measurement. Re-checked: not in the leakage-family list, not a constant column, not part of any exact-duplicate group (verified via content-hash across all numeric columns).",none,yes,"Eligible for Stage 2 regardless of standalone importance -- may still matter via nonlinear effects, thresholds, or interactions."
MEASURE_ET_DC_RF_Min_S21_Ph_L1018,yes,B,yes,"Original raw-CSV numeric process/inline/ET measurement. Re-checked: not in the leakage-family list, not a constant column, not part of any exact-duplicate group (verified via content-hash across all numeric columns).",none,yes,"Eligible for Stage 2 regardless of standalone importance -- may still matter via nonlinear effects, thresholds, or interactions."
MEASURE_ET_DC_RF_Min_S21_Ph_L2180,yes,B,yes,"Original raw-CSV numeric process/inline/ET measurement. Re-checked: not in the leakage-family list, not a constant column, not part of any exact-duplicate group (verified via content-hash across all numeric columns).",none,yes,"Eligible for Stage 2 regardless of standalone importance -- may still matter via nonlinear effects, thresholds, or interactions."
MEASURE_ET_DC_RF_MSG_10GHz,yes,B,yes,"Original raw-CSV numeric process/inline/ET measurement. Re-checked: not in the leakage-family list, not a constant column, not part of any exact-duplicate group (verified via content-hash across all numeric columns).",none,yes,"Eligible for Stage 2 regardless of standalone importance -- may still matter via nonlinear effects, thresholds, or interactions."
MEASURE_ET_DC_RF_MSG_18GHz,yes,B,yes,"Original raw-CSV numeric process/inline/ET measurement. Re-checked: not in the leakage-family list, not a constant column, not part of any exact-duplicate group (verified via content-hash across all numeric columns).",none,yes,"Eligible for Stage 2 regardless of standalone importance -- may still matter via nonlinear effects, thresholds, or interactions."
MEASURE_ET_DC_RF_n_gd,yes,B,yes,"Original raw-CSV numeric process/inline/ET measurement. Re-checked: not in the leakage-family list, not a constant column, not part of any exact-duplicate group (verified via content-hash across all numeric columns).",none,yes,"Eligible for Stage 2 regardless of standalone importance -- may still matter via nonlinear effects, thresholds, or interactions."
MEASURE_ET_DC_RF_n_gs,yes,B,yes,"Original raw-CSV numeric process/inline/ET measurement. Re-checked: not in the leakage-family list, not a constant column, not part of any exact-duplicate group (verified via content-hash across all numeric columns).",none,yes,"Eligible for Stage 2 regardless of standalone importance -- may still matter via nonlinear effects, thresholds, or interactions."
MEASURE_ET_DC_RF_S11ang_10GHz,yes,B,yes,"Original raw-CSV numeric process/inline/ET measurement. Re-checked: not in the leakage-family list, not a constant column, not part of any exact-duplicate group (verified via content-hash across all numeric columns).",none,yes,"Eligible for Stage 2 regardless of standalone importance -- may still matter via nonlinear effects, thresholds, or interactions."
MEASURE_ET_DC_RF_S11ang_26GHz,yes,B,yes,"Original raw-CSV numeric process/inline/ET measurement. Re-checked: not in the leakage-family list, not a constant column, not part of any exact-duplicate group (verified via content-hash across all numeric columns).",none,yes,"Eligible for Stage 2 regardless of standalone importance -- may still matter via nonlinear effects, thresholds, or interactions."
MEASURE_ET_DC_RF_S11ang_26GHz_W,yes,B,yes,"Original raw-CSV numeric process/inline/ET measurement. Re-checked: not in the leakage-family list, not a constant column, not part of any exact-duplicate group (verified via content-hash across all numeric columns).",none,yes,"Eligible for Stage 2 regardless of standalone importance -- may still matter via nonlinear effects, thresholds, or interactions."
MEASURE_ET_DC_RF_S11dB_10GHz,yes,B,yes,"Original raw-CSV numeric process/inline/ET measurement. Re-checked: not in the leakage-family list, not a constant column, not part of any exact-duplicate group (verified via content-hash across all numeric columns).",none,yes,"Eligible for Stage 2 regardless of standalone importance -- may still matter via nonlinear effects, thresholds, or interactions."
MEASURE_ET_DC_RF_S11dB_26GHz,yes,B,yes,"Original raw-CSV numeric process/inline/ET measurement. Re-checked: not in the leakage-family list, not a constant column, not part of any exact-duplicate group (verified via content-hash across all numeric columns).",none,yes,"Eligible for Stage 2 regardless of standalone importance -- may still matter via nonlinear effects, thresholds, or interactions."
MEASURE_ET_DC_RF_S11dB_26GHz_W,yes,B,yes,"Original raw-CSV numeric process/inline/ET measurement. Re-checked: not in the leakage-family list, not a constant column, not part of any exact-duplicate group (verified via content-hash across all numeric columns).",none,yes,"Eligible for Stage 2 regardless of standalone importance -- may still matter via nonlinear effects, thresholds, or interactions."
MEASURE_ET_DC_RF_S12ang_10GHz,yes,B,yes,"Original raw-CSV numeric process/inline/ET measurement. Re-checked: not in the leakage-family list, not a constant column, not part of any exact-duplicate group (verified via content-hash across all numeric columns).",none,yes,"Eligible for Stage 2 regardless of standalone importance -- may still matter via nonlinear effects, thresholds, or interactions."
MEASURE_ET_DC_RF_S12ang_26GHz,yes,B,yes,"Original raw-CSV numeric process/inline/ET measurement. Re-checked: not in the leakage-family list, not a constant column, not part of any exact-duplicate group (verified via content-hash across all numeric columns).",none,yes,"Eligible for Stage 2 regardless of standalone importance -- may still matter via nonlinear effects, thresholds, or interactions."
MEASURE_ET_DC_RF_S12ang_26GHz_W,yes,B,yes,"Original raw-CSV numeric process/inline/ET measurement. Re-checked: not in the leakage-family list, not a constant column, not part of any exact-duplicate group (verified via content-hash across all numeric columns).",none,yes,"Eligible for Stage 2 regardless of standalone importance -- may still matter via nonlinear effects, thresholds, or interactions."
MEASURE_ET_DC_RF_S12dB_10GHz,yes,B,yes,"Original raw-CSV numeric process/inline/ET measurement. Re-checked: not in the leakage-family list, not a constant column, not part of any exact-duplicate group (verified via content-hash across all numeric columns).",none,yes,"Eligible for Stage 2 regardless of standalone importance -- may still matter via nonlinear effects, thresholds, or interactions."
MEASURE_ET_DC_RF_S12dB_26GHz,yes,B,yes,"Original raw-CSV numeric process/inline/ET measurement. Re-checked: not in the leakage-family list, not a constant column, not part of any exact-duplicate group (verified via content-hash across all numeric columns).",none,yes,"Eligible for Stage 2 regardless of standalone importance -- may still matter via nonlinear effects, thresholds, or interactions."
MEASURE_ET_DC_RF_S12dB_26GHz_W,yes,B,yes,"Original raw-CSV numeric process/inline/ET measurement. Re-checked: not in the leakage-family list, not a constant column, not part of any exact-duplicate group (verified via content-hash across all numeric columns).",none,yes,"Eligible for Stage 2 regardless of standalone importance -- may still matter via nonlinear effects, thresholds, or interactions."
MEASURE_ET_DC_RF_S21ang_10GHz,yes,B,yes,"Original raw-CSV numeric process/inline/ET measurement. Re-checked: not in the leakage-family list, not a constant column, not part of any exact-duplicate group (verified via content-hash across all numeric columns).",none,yes,"Eligible for Stage 2 regardless of standalone importance -- may still matter via nonlinear effects, thresholds, or interactions."
MEASURE_ET_DC_RF_S21ang_26GHz,yes,B,yes,"Original raw-CSV numeric process/inline/ET measurement. Re-checked: not in the leakage-family list, not a constant column, not part of any exact-duplicate group (verified via content-hash across all numeric columns).",none,yes,"Eligible for Stage 2 regardless of standalone importance -- may still matter via nonlinear effects, thresholds, or interactions."
MEASURE_ET_DC_RF_S21ang_26GHz_W,yes,B,yes,"Original raw-CSV numeric process/inline/ET measurement. Re-checked: not in the leakage-family list, not a constant column, not part of any exact-duplicate group (verified via content-hash across all numeric columns).",none,yes,"Eligible for Stage 2 regardless of standalone importance -- may still matter via nonlinear effects, thresholds, or interactions."
MEASURE_ET_DC_RF_S21dB_10GHz,yes,B,yes,"Original raw-CSV numeric process/inline/ET measurement. Re-checked: not in the leakage-family list, not a constant column, not part of any exact-duplicate group (verified via content-hash across all numeric columns).",none,yes,"Eligible for Stage 2 regardless of standalone importance -- may still matter via nonlinear effects, thresholds, or interactions."
MEASURE_ET_DC_RF_S21dB_26GHz,yes,B,yes,"Original raw-CSV numeric process/inline/ET measurement. Re-checked: not in the leakage-family list, not a constant column, not part of any exact-duplicate group (verified via content-hash across all numeric columns).",none,yes,"Eligible for Stage 2 regardless of standalone importance -- may still matter via nonlinear effects, thresholds, or interactions."
MEASURE_ET_DC_RF_S21dB_26GHz_W,yes,B,yes,"Original raw-CSV numeric process/inline/ET measurement. Re-checked: not in the leakage-family list, not a constant column, not part of any exact-duplicate group (verified via content-hash across all numeric columns).",none,yes,"Eligible for Stage 2 regardless of standalone importance -- may still matter via nonlinear effects, thresholds, or interactions."
MEASURE_ET_DC_RF_S22ang_10GHz,yes,B,yes,"Original raw-CSV numeric process/inline/ET measurement. Re-checked: not in the leakage-family list, not a constant column, not part of any exact-duplicate group (verified via content-hash across all numeric columns).",none,yes,"Eligible for Stage 2 regardless of standalone importance -- may still matter via nonlinear effects, thresholds, or interactions."
MEASURE_ET_DC_RF_S22ang_26GHz,yes,B,yes,"Original raw-CSV numeric process/inline/ET measurement. Re-checked: not in the leakage-family list, not a constant column, not part of any exact-duplicate group (verified via content-hash across all numeric columns).",none,yes,"Eligible for Stage 2 regardless of standalone importance -- may still matter via nonlinear effects, thresholds, or interactions."
MEASURE_ET_DC_RF_S22ang_26GHz_W,yes,B,yes,"Original raw-CSV numeric process/inline/ET measurement. Re-checked: not in the leakage-family list, not a constant column, not part of any exact-duplicate group (verified via content-hash across all numeric columns).",none,yes,"Eligible for Stage 2 regardless of standalone importance -- may still matter via nonlinear effects, thresholds, or interactions."
MEASURE_ET_DC_RF_S22dB_10GHz,yes,B,yes,"Original raw-CSV numeric process/inline/ET measurement. Re-checked: not in the leakage-family list, not a constant column, not part of any exact-duplicate group (verified via content-hash across all numeric columns).",none,yes,"Eligible for Stage 2 regardless of standalone importance -- may still matter via nonlinear effects, thresholds, or interactions."
MEASURE_ET_DC_RF_S22dB_26GHz,yes,B,yes,"Original raw-CSV numeric process/inline/ET measurement. Re-checked: not in the leakage-family list, not a constant column, not part of any exact-duplicate group (verified via content-hash across all numeric columns).",none,yes,"Eligible for Stage 2 regardless of standalone importance -- may still matter via nonlinear effects, thresholds, or interactions."
MEASURE_ET_DC_RF_S22dB_26GHz_W,yes,B,yes,"Original raw-CSV numeric process/inline/ET measurement. Re-checked: not in the leakage-family list, not a constant column, not part of any exact-duplicate group (verified via content-hash across all numeric columns).",none,yes,"Eligible for Stage 2 regardless of standalone importance -- may still matter via nonlinear effects, thresholds, or interactions."
MEASURE_ET_DC_RF_Vbgd_0p01,yes,B,yes,"Original raw-CSV numeric process/inline/ET measurement. Re-checked: not in the leakage-family list, not a constant column, not part of any exact-duplicate group (verified via content-hash across all numeric columns).",none,yes,"Eligible for Stage 2 regardless of standalone importance -- may still matter via nonlinear effects, thresholds, or interactions."
MEASURE_ET_DC_RF_Vbgd_0p1,yes,B,yes,"Original raw-CSV numeric process/inline/ET measurement. Re-checked: not in the leakage-family list, not a constant column, not part of any exact-duplicate group (verified via content-hash across all numeric columns).",none,yes,"Eligible for Stage 2 regardless of standalone importance -- may still matter via nonlinear effects, thresholds, or interactions."
MEASURE_ET_DC_RF_Vbgd1,yes,B,yes,"Original raw-CSV numeric process/inline/ET measurement. Re-checked: not in the leakage-family list, not a constant column, not part of any exact-duplicate group (verified via content-hash across all numeric columns).",none,yes,"Eligible for Stage 2 regardless of standalone importance -- may still matter via nonlinear effects, thresholds, or interactions."
MEASURE_ET_DC_RF_Vbgs_0p01,yes,B,yes,"Original raw-CSV numeric process/inline/ET measurement. Re-checked: not in the leakage-family list, not a constant column, not part of any exact-duplicate group (verified via content-hash across all numeric columns).",none,yes,"Eligible for Stage 2 regardless of standalone importance -- may still matter via nonlinear effects, thresholds, or interactions."
MEASURE_ET_DC_RF_Vbgs_0p1,yes,B,yes,"Original raw-CSV numeric process/inline/ET measurement. Re-checked: not in the leakage-family list, not a constant column, not part of any exact-duplicate group (verified via content-hash across all numeric columns).",none,yes,"Eligible for Stage 2 regardless of standalone importance -- may still matter via nonlinear effects, thresholds, or interactions."
MEASURE_ET_DC_RF_Vbgs1,yes,B,yes,"Original raw-CSV numeric process/inline/ET measurement. Re-checked: not in the leakage-family list, not a constant column, not part of any exact-duplicate group (verified via content-hash across all numeric columns).",none,yes,"Eligible for Stage 2 regardless of standalone importance -- may still matter via nonlinear effects, thresholds, or interactions."
MEASURE_ET_DC_RF_Vbin_gd,yes,B,yes,"Original raw-CSV numeric process/inline/ET measurement. Re-checked: not in the leakage-family list, not a constant column, not part of any exact-duplicate group (verified via content-hash across all numeric columns).",none,yes,"Eligible for Stage 2 regardless of standalone importance -- may still matter via nonlinear effects, thresholds, or interactions."
MEASURE_ET_DC_RF_Vbin_gs,yes,B,yes,"Original raw-CSV numeric process/inline/ET measurement. Re-checked: not in the leakage-family list, not a constant column, not part of any exact-duplicate group (verified via content-hash across all numeric columns).",none,yes,"Eligible for Stage 2 regardless of standalone importance -- may still matter via nonlinear effects, thresholds, or interactions."
MEASURE_ET_DC_RF_Vboff,yes,B,yes,"Original raw-CSV numeric process/inline/ET measurement. Re-checked: not in the leakage-family list, not a constant column, not part of any exact-duplicate group (verified via content-hash across all numeric columns).",none,yes,"Eligible for Stage 2 regardless of standalone importance -- may still matter via nonlinear effects, thresholds, or interactions."
MEASURE_ET_DC_RF_Vboff_ON,yes,B,yes,"Original raw-CSV numeric process/inline/ET measurement. Re-checked: not in the leakage-family list, not a constant column, not part of any exact-duplicate group (verified via content-hash across all numeric columns).",none,yes,"Eligible for Stage 2 regardless of standalone importance -- may still matter via nonlinear effects, thresholds, or interactions."
MEASURE_ET_DC_RF_Vbon_max,yes,B,yes,"Original raw-CSV numeric process/inline/ET measurement. Re-checked: not in the leakage-family list, not a constant column, not part of any exact-duplicate group (verified via content-hash across all numeric columns).",none,yes,"Eligible for Stage 2 regardless of standalone importance -- may still matter via nonlinear effects, thresholds, or interactions."
MEASURE_ET_DC_RF_Vbon_min,yes,B,yes,"Original raw-CSV numeric process/inline/ET measurement. Re-checked: not in the leakage-family list, not a constant column, not part of any exact-duplicate group (verified via content-hash across all numeric columns).",none,yes,"Eligible for Stage 2 regardless of standalone importance -- may still matter via nonlinear effects, thresholds, or interactions."
MEASURE_ET_DC_RF_Vdg_max,yes,B,yes,"Original raw-CSV numeric process/inline/ET measurement. Re-checked: not in the leakage-family list, not a constant column, not part of any exact-duplicate group (verified via content-hash across all numeric columns).",none,yes,"Eligible for Stage 2 regardless of standalone importance -- may still matter via nonlinear effects, thresholds, or interactions."
MEASURE_ET_DC_RF_Vdg_max_0p1,yes,B,yes,"Original raw-CSV numeric process/inline/ET measurement. Re-checked: not in the leakage-family list, not a constant column, not part of any exact-duplicate group (verified via content-hash across all numeric columns).",none,yes,"Eligible for Stage 2 regardless of standalone importance -- may still matter via nonlinear effects, thresholds, or interactions."
MEASURE_ET_DC_RF_Vdg_max_0p1mA,yes,B,yes,"Original raw-CSV numeric process/inline/ET measurement. Re-checked: not in the leakage-family list, not a constant column, not part of any exact-duplicate group (verified via content-hash across all numeric columns).",none,yes,"Eligible for Stage 2 regardless of standalone importance -- may still matter via nonlinear effects, thresholds, or interactions."
MEASURE_ET_DC_RF_Vds_max,yes,B,yes,"Original raw-CSV numeric process/inline/ET measurement. Re-checked: not in the leakage-family list, not a constant column, not part of any exact-duplicate group (verified via content-hash across all numeric columns).",none,yes,"Eligible for Stage 2 regardless of standalone importance -- may still matter via nonlinear effects, thresholds, or interactions."
MEASURE_ET_DC_RF_Vds_max_0p1,yes,B,yes,"Original raw-CSV numeric process/inline/ET measurement. Re-checked: not in the leakage-family list, not a constant column, not part of any exact-duplicate group (verified via content-hash across all numeric columns).",none,yes,"Eligible for Stage 2 regardless of standalone importance -- may still matter via nonlinear effects, thresholds, or interactions."
MEASURE_ET_DC_RF_Vds_max_0p1mA,yes,B,yes,"Original raw-CSV numeric process/inline/ET measurement. Re-checked: not in the leakage-family list, not a constant column, not part of any exact-duplicate group (verified via content-hash across all numeric columns).",none,yes,"Eligible for Stage 2 regardless of standalone importance -- may still matter via nonlinear effects, thresholds, or interactions."
MEASURE_ET_DC_RF_Vg_gm_max,yes,B,yes,"Original raw-CSV numeric process/inline/ET measurement. Re-checked: not in the leakage-family list, not a constant column, not part of any exact-duplicate group (verified via content-hash across all numeric columns).",none,yes,"Eligible for Stage 2 regardless of standalone importance -- may still matter via nonlinear effects, thresholds, or interactions."
MEASURE_ET_DC_RF_Vg_gm_max_W,yes,B,yes,"Original raw-CSV numeric process/inline/ET measurement. Re-checked: not in the leakage-family list, not a constant column, not part of any exact-duplicate group (verified via content-hash across all numeric columns).",none,yes,"Eligible for Stage 2 regardless of standalone importance -- may still matter via nonlinear effects, thresholds, or interactions."
MEASURE_ET_DC_RF_Vg_max_Vd,yes,B,yes,"Original raw-CSV numeric process/inline/ET measurement. Re-checked: not in the leakage-family list, not a constant column, not part of any exact-duplicate group (verified via content-hash across all numeric columns).",none,yes,"Eligible for Stage 2 regardless of standalone importance -- may still matter via nonlinear effects, thresholds, or interactions."
MEASURE_ET_DC_RF_Vg_max_Vd_0p1,yes,B,yes,"Original raw-CSV numeric process/inline/ET measurement. Re-checked: not in the leakage-family list, not a constant column, not part of any exact-duplicate group (verified via content-hash across all numeric columns).",none,yes,"Eligible for Stage 2 regardless of standalone importance -- may still matter via nonlinear effects, thresholds, or interactions."
MEASURE_ET_DC_RF_Vg_max_Vd_0p1mA,yes,B,yes,"Original raw-CSV numeric process/inline/ET measurement. Re-checked: not in the leakage-family list, not a constant column, not part of any exact-duplicate group (verified via content-hash across all numeric columns).",none,yes,"Eligible for Stage 2 regardless of standalone importance -- may still matter via nonlinear effects, thresholds, or interactions."
MEASURE_ET_DC_RF_Vg_optt,yes,B,yes,"Original raw-CSV numeric process/inline/ET measurement. Re-checked: not in the leakage-family list, not a constant column, not part of any exact-duplicate group (verified via content-hash across all numeric columns).",none,yes,"Eligible for Stage 2 regardless of standalone importance -- may still matter via nonlinear effects, thresholds, or interactions."
MEASURE_ET_DC_RF_Vg_Vbon_max,yes,B,yes,"Original raw-CSV numeric process/inline/ET measurement. Re-checked: not in the leakage-family list, not a constant column, not part of any exact-duplicate group (verified via content-hash across all numeric columns).",none,yes,"Eligible for Stage 2 regardless of standalone importance -- may still matter via nonlinear effects, thresholds, or interactions."
MEASURE_ET_DC_RF_Vg_Vbon_min,yes,B,yes,"Original raw-CSV numeric process/inline/ET measurement. Re-checked: not in the leakage-family list, not a constant column, not part of any exact-duplicate group (verified via content-hash across all numeric columns).",none,yes,"Eligible for Stage 2 regardless of standalone importance -- may still matter via nonlinear effects, thresholds, or interactions."
MEASURE_ET_DC_RF_Vp_01,yes,B,yes,"Original raw-CSV numeric process/inline/ET measurement. Re-checked: not in the leakage-family list, not a constant column, not part of any exact-duplicate group (verified via content-hash across all numeric columns).",none,yes,"Eligible for Stage 2 regardless of standalone importance -- may still matter via nonlinear effects, thresholds, or interactions."
MEASURE_ET_DC_RF_Vp_01_W,yes,B,yes,"Original raw-CSV numeric process/inline/ET measurement. Re-checked: not in the leakage-family list, not a constant column, not part of any exact-duplicate group (verified via content-hash across all numeric columns).",none,yes,"Eligible for Stage 2 regardless of standalone importance -- may still matter via nonlinear effects, thresholds, or interactions."
MEASURE_ET_DC_RF_Vp_1,yes,B,yes,"Original raw-CSV numeric process/inline/ET measurement. Re-checked: not in the leakage-family list, not a constant column, not part of any exact-duplicate group (verified via content-hash across all numeric columns).",none,yes,"Eligible for Stage 2 regardless of standalone importance -- may still matter via nonlinear effects, thresholds, or interactions."
MEASURE_ET_DC_RF_Vp_1_W,yes,B,yes,"Original raw-CSV numeric process/inline/ET measurement. Re-checked: not in the leakage-family list, not a constant column, not part of any exact-duplicate group (verified via content-hash across all numeric columns).",none,yes,"Eligible for Stage 2 regardless of standalone importance -- may still matter via nonlinear effects, thresholds, or interactions."
MEASURE_ET_DC_RF_Vt_gd,yes,B,yes,"Original raw-CSV numeric process/inline/ET measurement. Re-checked: not in the leakage-family list, not a constant column, not part of any exact-duplicate group (verified via content-hash across all numeric columns).",none,yes,"Eligible for Stage 2 regardless of standalone importance -- may still matter via nonlinear effects, thresholds, or interactions."
MEASURE_ET_DC_RF_Vt_gs,yes,B,yes,"Original raw-CSV numeric process/inline/ET measurement. Re-checked: not in the leakage-family list, not a constant column, not part of any exact-duplicate group (verified via content-hash across all numeric columns).",none,yes,"Eligible for Stage 2 regardless of standalone importance -- may still matter via nonlinear effects, thresholds, or interactions."
MEASURE_ET_DC_RF2_Ft,yes,B,yes,"Original raw-CSV numeric process/inline/ET measurement. Re-checked: not in the leakage-family list, not a constant column, not part of any exact-duplicate group (verified via content-hash across all numeric columns).",none,yes,"Eligible for Stage 2 regardless of standalone importance -- may still matter via nonlinear effects, thresholds, or interactions."
MEASURE_ET_DC_RF2_K,yes,B,yes,"Original raw-CSV numeric process/inline/ET measurement. Re-checked: not in the leakage-family list, not a constant column, not part of any exact-duplicate group (verified via content-hash across all numeric columns).",none,yes,"Eligible for Stage 2 regardless of standalone importance -- may still matter via nonlinear effects, thresholds, or interactions."
MEASURE_ET_DC_RF2_MAG_26GHz,yes,B,yes,"Original raw-CSV numeric process/inline/ET measurement. Re-checked: not in the leakage-family list, not a constant column, not part of any exact-duplicate group (verified via content-hash across all numeric columns).",none,yes,"Eligible for Stage 2 regardless of standalone importance -- may still matter via nonlinear effects, thresholds, or interactions."
MEASURE_ET_DC_RF2_MAG_35GHz,yes,B,yes,"Original raw-CSV numeric process/inline/ET measurement. Re-checked: not in the leakage-family list, not a constant column, not part of any exact-duplicate group (verified via content-hash across all numeric columns).",none,yes,"Eligible for Stage 2 regardless of standalone importance -- may still matter via nonlinear effects, thresholds, or interactions."
MEASURE_ET_DC_RF2_S11ang_26GHz,yes,B,yes,"Original raw-CSV numeric process/inline/ET measurement. Re-checked: not in the leakage-family list, not a constant column, not part of any exact-duplicate group (verified via content-hash across all numeric columns).",none,yes,"Eligible for Stage 2 regardless of standalone importance -- may still matter via nonlinear effects, thresholds, or interactions."
MEASURE_ET_DC_RF2_S11dB_26GHz,yes,B,yes,"Original raw-CSV numeric process/inline/ET measurement. Re-checked: not in the leakage-family list, not a constant column, not part of any exact-duplicate group (verified via content-hash across all numeric columns).",none,yes,"Eligible for Stage 2 regardless of standalone importance -- may still matter via nonlinear effects, thresholds, or interactions."
MEASURE_ET_DC_RF2_S12ang_26GHz,yes,B,yes,"Original raw-CSV numeric process/inline/ET measurement. Re-checked: not in the leakage-family list, not a constant column, not part of any exact-duplicate group (verified via content-hash across all numeric columns).",none,yes,"Eligible for Stage 2 regardless of standalone importance -- may still matter via nonlinear effects, thresholds, or interactions."
MEASURE_ET_DC_RF2_S12dB_26GHz,yes,B,yes,"Original raw-CSV numeric process/inline/ET measurement. Re-checked: not in the leakage-family list, not a constant column, not part of any exact-duplicate group (verified via content-hash across all numeric columns).",none,yes,"Eligible for Stage 2 regardless of standalone importance -- may still matter via nonlinear effects, thresholds, or interactions."
MEASURE_ET_DC_RF2_S21ang_26GHz,yes,B,yes,"Original raw-CSV numeric process/inline/ET measurement. Re-checked: not in the leakage-family list, not a constant column, not part of any exact-duplicate group (verified via content-hash across all numeric columns).",none,yes,"Eligible for Stage 2 regardless of standalone importance -- may still matter via nonlinear effects, thresholds, or interactions."
MEASURE_ET_DC_RF2_S21dB_26GHz,yes,B,yes,"Original raw-CSV numeric process/inline/ET measurement. Re-checked: not in the leakage-family list, not a constant column, not part of any exact-duplicate group (verified via content-hash across all numeric columns).",none,yes,"Eligible for Stage 2 regardless of standalone importance -- may still matter via nonlinear effects, thresholds, or interactions."
MEASURE_ET_DC_RF2_S22ang_26GHz,yes,B,yes,"Original raw-CSV numeric process/inline/ET measurement. Re-checked: not in the leakage-family list, not a constant column, not part of any exact-duplicate group (verified via content-hash across all numeric columns).",none,yes,"Eligible for Stage 2 regardless of standalone importance -- may still matter via nonlinear effects, thresholds, or interactions."
MEASURE_ET_DC_RF2_S22dB_26GHz,yes,B,yes,"Original raw-CSV numeric process/inline/ET measurement. Re-checked: not in the leakage-family list, not a constant column, not part of any exact-duplicate group (verified via content-hash across all numeric columns).",none,yes,"Eligible for Stage 2 regardless of standalone importance -- may still matter via nonlinear effects, thresholds, or interactions."
MEASURE_ET_DC_SEC_Gm_0,yes,B,yes,"Original raw-CSV numeric process/inline/ET measurement. Re-checked: not in the leakage-family list, not a constant column, not part of any exact-duplicate group (verified via content-hash across all numeric columns).",none,yes,"Eligible for Stage 2 regardless of standalone importance -- may still matter via nonlinear effects, thresholds, or interactions."
MEASURE_ET_DC_SEC_Gm_m0p2,yes,B,yes,"Original raw-CSV numeric process/inline/ET measurement. Re-checked: not in the leakage-family list, not a constant column, not part of any exact-duplicate group (verified via content-hash across all numeric columns).",none,yes,"Eligible for Stage 2 regardless of standalone importance -- may still matter via nonlinear effects, thresholds, or interactions."
MEASURE_ET_DC_SEC_Gm_max,yes,B,yes,"Original raw-CSV numeric process/inline/ET measurement. Re-checked: not in the leakage-family list, not a constant column, not part of any exact-duplicate group (verified via content-hash across all numeric columns).",none,yes,"Eligible for Stage 2 regardless of standalone importance -- may still matter via nonlinear effects, thresholds, or interactions."
MEASURE_ET_DC_SEC_Id_gm_max,yes,B,yes,"Original raw-CSV numeric process/inline/ET measurement. Re-checked: not in the leakage-family list, not a constant column, not part of any exact-duplicate group (verified via content-hash across all numeric columns).",none,yes,"Eligible for Stage 2 regardless of standalone importance -- may still matter via nonlinear effects, thresholds, or interactions."
MEASURE_ET_DC_SEC_Ids_m0p2,yes,B,yes,"Original raw-CSV numeric process/inline/ET measurement. Re-checked: not in the leakage-family list, not a constant column, not part of any exact-duplicate group (verified via content-hash across all numeric columns).",none,yes,"Eligible for Stage 2 regardless of standalone importance -- may still matter via nonlinear effects, thresholds, or interactions."
MEASURE_ET_DC_SEC_Ids_max_ON,yes,B,yes,"Original raw-CSV numeric process/inline/ET measurement. Re-checked: not in the leakage-family list, not a constant column, not part of any exact-duplicate group (verified via content-hash across all numeric columns).",none,yes,"Eligible for Stage 2 regardless of standalone importance -- may still matter via nonlinear effects, thresholds, or interactions."
MEASURE_ET_DC_SEC_Ids_min_ON,yes,B,yes,"Original raw-CSV numeric process/inline/ET measurement. Re-checked: not in the leakage-family list, not a constant column, not part of any exact-duplicate group (verified via content-hash across all numeric columns).",none,yes,"Eligible for Stage 2 regardless of standalone importance -- may still matter via nonlinear effects, thresholds, or interactions."
MEASURE_ET_DC_SEC_Idss,yes,B,yes,"Original raw-CSV numeric process/inline/ET measurement. Re-checked: not in the leakage-family list, not a constant column, not part of any exact-duplicate group (verified via content-hash across all numeric columns).",none,yes,"Eligible for Stage 2 regardless of standalone importance -- may still matter via nonlinear effects, thresholds, or interactions."
MEASURE_ET_DC_SEC_Imax,yes,B,yes,"Original raw-CSV numeric process/inline/ET measurement. Re-checked: not in the leakage-family list, not a constant column, not part of any exact-duplicate group (verified via content-hash across all numeric columns).",none,yes,"Eligible for Stage 2 regardless of standalone importance -- may still matter via nonlinear effects, thresholds, or interactions."
MEASURE_ET_DC_SEC_Imax_6V,yes,B,yes,"Original raw-CSV numeric process/inline/ET measurement. Re-checked: not in the leakage-family list, not a constant column, not part of any exact-duplicate group (verified via content-hash across all numeric columns).",none,yes,"Eligible for Stage 2 regardless of standalone importance -- may still matter via nonlinear effects, thresholds, or interactions."
MEASURE_ET_DC_SEC_Imax_7V,yes,B,yes,"Original raw-CSV numeric process/inline/ET measurement. Re-checked: not in the leakage-family list, not a constant column, not part of any exact-duplicate group (verified via content-hash across all numeric columns).",none,yes,"Eligible for Stage 2 regardless of standalone importance -- may still matter via nonlinear effects, thresholds, or interactions."
MEASURE_ET_DC_SEC_n_gs,yes,B,yes,"Original raw-CSV numeric process/inline/ET measurement. Re-checked: not in the leakage-family list, not a constant column, not part of any exact-duplicate group (verified via content-hash across all numeric columns).",none,yes,"Eligible for Stage 2 regardless of standalone importance -- may still matter via nonlinear effects, thresholds, or interactions."
MEASURE_ET_DC_SEC_Vbin_gs,yes,B,yes,"Original raw-CSV numeric process/inline/ET measurement. Re-checked: not in the leakage-family list, not a constant column, not part of any exact-duplicate group (verified via content-hash across all numeric columns).",none,yes,"Eligible for Stage 2 regardless of standalone importance -- may still matter via nonlinear effects, thresholds, or interactions."
MEASURE_ET_DC_SEC_Vboff_1,yes,B,yes,"Original raw-CSV numeric process/inline/ET measurement. Re-checked: not in the leakage-family list, not a constant column, not part of any exact-duplicate group (verified via content-hash across all numeric columns).",none,yes,"Eligible for Stage 2 regardless of standalone importance -- may still matter via nonlinear effects, thresholds, or interactions."
MEASURE_ET_DC_SEC_Vboff_2_1,yes,B,yes,"Original raw-CSV numeric process/inline/ET measurement. Re-checked: not in the leakage-family list, not a constant column, not part of any exact-duplicate group (verified via content-hash across all numeric columns).",none,yes,"Eligible for Stage 2 regardless of standalone importance -- may still matter via nonlinear effects, thresholds, or interactions."
MEASURE_ET_DC_SEC_Vboff_Vds_min_ON,yes,B,yes,"Original raw-CSV numeric process/inline/ET measurement. Re-checked: not in the leakage-family list, not a constant column, not part of any exact-duplicate group (verified via content-hash across all numeric columns).",none,yes,"Eligible for Stage 2 regardless of standalone importance -- may still matter via nonlinear effects, thresholds, or interactions."
MEASURE_ET_DC_SEC_Vds_max_ON,yes,B,yes,"Original raw-CSV numeric process/inline/ET measurement. Re-checked: not in the leakage-family list, not a constant column, not part of any exact-duplicate group (verified via content-hash across all numeric columns).",none,yes,"Eligible for Stage 2 regardless of standalone importance -- may still matter via nonlinear effects, thresholds, or interactions."
MEASURE_ET_DC_SEC_Vds_min_ON,yes,B,yes,"Original raw-CSV numeric process/inline/ET measurement. Re-checked: not in the leakage-family list, not a constant column, not part of any exact-duplicate group (verified via content-hash across all numeric columns).",none,yes,"Eligible for Stage 2 regardless of standalone importance -- may still matter via nonlinear effects, thresholds, or interactions."
MEASURE_ET_DC_SEC_Vg_gm_max,yes,B,yes,"Original raw-CSV numeric process/inline/ET measurement. Re-checked: not in the leakage-family list, not a constant column, not part of any exact-duplicate group (verified via content-hash across all numeric columns).",none,yes,"Eligible for Stage 2 regardless of standalone importance -- may still matter via nonlinear effects, thresholds, or interactions."
MEASURE_ET_DC_SEC_Vg_max_ON,yes,B,yes,"Original raw-CSV numeric process/inline/ET measurement. Re-checked: not in the leakage-family list, not a constant column, not part of any exact-duplicate group (verified via content-hash across all numeric columns).",none,yes,"Eligible for Stage 2 regardless of standalone importance -- may still matter via nonlinear effects, thresholds, or interactions."
MEASURE_ET_DC_SEC_Vg_min_ON,yes,B,yes,"Original raw-CSV numeric process/inline/ET measurement. Re-checked: not in the leakage-family list, not a constant column, not part of any exact-duplicate group (verified via content-hash across all numeric columns).",none,yes,"Eligible for Stage 2 regardless of standalone importance -- may still matter via nonlinear effects, thresholds, or interactions."
MEASURE_ET_DC_SEC_Vgs_0p1V,yes,B,yes,"Original raw-CSV numeric process/inline/ET measurement. Re-checked: not in the leakage-family list, not a constant column, not part of any exact-duplicate group (verified via content-hash across all numeric columns).",none,yes,"Eligible for Stage 2 regardless of standalone importance -- may still matter via nonlinear effects, thresholds, or interactions."
MEASURE_ET_DC_SEC_Vgs_0p5V,yes,B,yes,"Original raw-CSV numeric process/inline/ET measurement. Re-checked: not in the leakage-family list, not a constant column, not part of any exact-duplicate group (verified via content-hash across all numeric columns).",none,yes,"Eligible for Stage 2 regardless of standalone importance -- may still matter via nonlinear effects, thresholds, or interactions."
MEASURE_ET_DC_SEC_Vgs_1V,yes,B,yes,"Original raw-CSV numeric process/inline/ET measurement. Re-checked: not in the leakage-family list, not a constant column, not part of any exact-duplicate group (verified via content-hash across all numeric columns).",none,yes,"Eligible for Stage 2 regardless of standalone importance -- may still matter via nonlinear effects, thresholds, or interactions."
MEASURE_ET_DC_SEC_Vgs_back_0p1V,yes,B,yes,"Original raw-CSV numeric process/inline/ET measurement. Re-checked: not in the leakage-family list, not a constant column, not part of any exact-duplicate group (verified via content-hash across all numeric columns).",none,yes,"Eligible for Stage 2 regardless of standalone importance -- may still matter via nonlinear effects, thresholds, or interactions."
MEASURE_ET_DC_SEC_Vgs_back_0p5V,yes,B,yes,"Original raw-CSV numeric process/inline/ET measurement. Re-checked: not in the leakage-family list, not a constant column, not part of any exact-duplicate group (verified via content-hash across all numeric columns).",none,yes,"Eligible for Stage 2 regardless of standalone importance -- may still matter via nonlinear effects, thresholds, or interactions."
MEASURE_ET_DC_SEC_Vgs_back_1V,yes,B,yes,"Original raw-CSV numeric process/inline/ET measurement. Re-checked: not in the leakage-family list, not a constant column, not part of any exact-duplicate group (verified via content-hash across all numeric columns).",none,yes,"Eligible for Stage 2 regardless of standalone importance -- may still matter via nonlinear effects, thresholds, or interactions."
MEASURE_ET_DC_SEC_Vp_10mA,yes,B,yes,"Original raw-CSV numeric process/inline/ET measurement. Re-checked: not in the leakage-family list, not a constant column, not part of any exact-duplicate group (verified via content-hash across all numeric columns).",none,yes,"Eligible for Stage 2 regardless of standalone importance -- may still matter via nonlinear effects, thresholds, or interactions."
MEASURE_ET_DC_SEC_Vp_1mA,yes,B,yes,"Original raw-CSV numeric process/inline/ET measurement. Re-checked: not in the leakage-family list, not a constant column, not part of any exact-duplicate group (verified via content-hash across all numeric columns).",none,yes,"Eligible for Stage 2 regardless of standalone importance -- may still matter via nonlinear effects, thresholds, or interactions."
MEASURE_ET_DC_SEC_Vt_gs,yes,B,yes,"Original raw-CSV numeric process/inline/ET measurement. Re-checked: not in the leakage-family list, not a constant column, not part of any exact-duplicate group (verified via content-hash across all numeric columns).",none,yes,"Eligible for Stage 2 regardless of standalone importance -- may still matter via nonlinear effects, thresholds, or interactions."
MEASURE_ET_DC_SEC_S_Bin,yes,B,yes,"Original raw-CSV numeric process/inline/ET measurement. Re-checked: not in the leakage-family list, not a constant column, not part of any exact-duplicate group (verified via content-hash across all numeric columns).",none,yes,"Eligible for Stage 2 regardless of standalone importance -- may still matter via nonlinear effects, thresholds, or interactions."
MEASURE_ET_DC_SEC_S_Bin_FPSD3p2,yes,B,yes,"Original raw-CSV numeric process/inline/ET measurement. Re-checked: not in the leakage-family list, not a constant column, not part of any exact-duplicate group (verified via content-hash across all numeric columns).",none,yes,"Eligible for Stage 2 regardless of standalone importance -- may still matter via nonlinear effects, thresholds, or interactions."
MEASURE_ET_DC_SEC_S_Bin_SD3p5,yes,B,yes,"Original raw-CSV numeric process/inline/ET measurement. Re-checked: not in the leakage-family list, not a constant column, not part of any exact-duplicate group (verified via content-hash across all numeric columns).",none,yes,"Eligible for Stage 2 regardless of standalone importance -- may still matter via nonlinear effects, thresholds, or interactions."
MEASURE_ET_DC_SEC_S_ChipStatus,yes,B,yes,"Original raw-CSV numeric process/inline/ET measurement. Re-checked: not in the leakage-family list, not a constant column, not part of any exact-duplicate group (verified via content-hash across all numeric columns).",none,yes,"Eligible for Stage 2 regardless of standalone importance -- may still matter via nonlinear effects, thresholds, or interactions."
MEASURE_ET_DC_SEC_S_Id_at_Vboff_mA_mm,yes,B,yes,"Original raw-CSV numeric process/inline/ET measurement. Re-checked: not in the leakage-family list, not a constant column, not part of any exact-duplicate group (verified via content-hash across all numeric columns).",none,yes,"Eligible for Stage 2 regardless of standalone importance -- may still matter via nonlinear effects, thresholds, or interactions."
MEASURE_ET_DC_SEC_S_Id_at_Vboff_mA_mm_FPSD3p2,yes,B,yes,"Original raw-CSV numeric process/inline/ET measurement. Re-checked: not in the leakage-family list, not a constant column, not part of any exact-duplicate group (verified via content-hash across all numeric columns).",none,yes,"Eligible for Stage 2 regardless of standalone importance -- may still matter via nonlinear effects, thresholds, or interactions."
MEASURE_ET_DC_SEC_S_Id_at_Vboff_mA_mm_SD3p5,yes,B,yes,"Original raw-CSV numeric process/inline/ET measurement. Re-checked: not in the leakage-family list, not a constant column, not part of any exact-duplicate group (verified via content-hash across all numeric columns).",none,yes,"Eligible for Stage 2 regardless of standalone importance -- may still matter via nonlinear effects, thresholds, or interactions."
MEASURE_ET_DC_SEC_S_Id_mA_mm_at_Vg1,yes,B,yes,"Original raw-CSV numeric process/inline/ET measurement. Re-checked: not in the leakage-family list, not a constant column, not part of any exact-duplicate group (verified via content-hash across all numeric columns).",none,yes,"Eligible for Stage 2 regardless of standalone importance -- may still matter via nonlinear effects, thresholds, or interactions."
MEASURE_ET_DC_SEC_S_Id_mA_mm_at_Vg1_FPSD3p2,yes,B,yes,"Original raw-CSV numeric process/inline/ET measurement. Re-checked: not in the leakage-family list, not a constant column, not part of any exact-duplicate group (verified via content-hash across all numeric columns).",none,yes,"Eligible for Stage 2 regardless of standalone importance -- may still matter via nonlinear effects, thresholds, or interactions."
MEASURE_ET_DC_SEC_S_Id_mA_mm_at_Vg1_SD3p5,yes,B,yes,"Original raw-CSV numeric process/inline/ET measurement. Re-checked: not in the leakage-family list, not a constant column, not part of any exact-duplicate group (verified via content-hash across all numeric columns).",none,yes,"Eligible for Stage 2 regardless of standalone importance -- may still matter via nonlinear effects, thresholds, or interactions."
MEASURE_ET_DC_SEC_S_Id_mA_mm_at_Vg2,yes,B,yes,"Original raw-CSV numeric process/inline/ET measurement. Re-checked: not in the leakage-family list, not a constant column, not part of any exact-duplicate group (verified via content-hash across all numeric columns).",none,yes,"Eligible for Stage 2 regardless of standalone importance -- may still matter via nonlinear effects, thresholds, or interactions."
MEASURE_ET_DC_SEC_S_Id_mA_mm_at_Vg2_FPSD3p2,yes,B,yes,"Original raw-CSV numeric process/inline/ET measurement. Re-checked: not in the leakage-family list, not a constant column, not part of any exact-duplicate group (verified via content-hash across all numeric columns).",none,yes,"Eligible for Stage 2 regardless of standalone importance -- may still matter via nonlinear effects, thresholds, or interactions."
MEASURE_ET_DC_SEC_S_Id_mA_mm_at_Vg2_SD3p5,yes,B,yes,"Original raw-CSV numeric process/inline/ET measurement. Re-checked: not in the leakage-family list, not a constant column, not part of any exact-duplicate group (verified via content-hash across all numeric columns).",none,yes,"Eligible for Stage 2 regardless of standalone importance -- may still matter via nonlinear effects, thresholds, or interactions."
MEASURE_ET_DC_SEC_S_Id_mA_mm_at_Vg3,yes,B,yes,"Original raw-CSV numeric process/inline/ET measurement. Re-checked: not in the leakage-family list, not a constant column, not part of any exact-duplicate group (verified via content-hash across all numeric columns).",none,yes,"Eligible for Stage 2 regardless of standalone importance -- may still matter via nonlinear effects, thresholds, or interactions."
MEASURE_ET_DC_SEC_S_Id_mA_mm_at_Vg3_FPSD3p2,yes,B,yes,"Original raw-CSV numeric process/inline/ET measurement. Re-checked: not in the leakage-family list, not a constant column, not part of any exact-duplicate group (verified via content-hash across all numeric columns).",none,yes,"Eligible for Stage 2 regardless of standalone importance -- may still matter via nonlinear effects, thresholds, or interactions."
MEASURE_ET_DC_SEC_S_Id_mA_mm_at_Vg3_SD3p5,yes,B,yes,"Original raw-CSV numeric process/inline/ET measurement. Re-checked: not in the leakage-family list, not a constant column, not part of any exact-duplicate group (verified via content-hash across all numeric columns).",none,yes,"Eligible for Stage 2 regardless of standalone importance -- may still matter via nonlinear effects, thresholds, or interactions."
MEASURE_ET_DC_SEC_S_Id_plus_Ig_at_Vboff_mA_mm,yes,B,yes,"Original raw-CSV numeric process/inline/ET measurement. Re-checked: not in the leakage-family list, not a constant column, not part of any exact-duplicate group (verified via content-hash across all numeric columns).",none,yes,"Eligible for Stage 2 regardless of standalone importance -- may still matter via nonlinear effects, thresholds, or interactions."
MEASURE_ET_DC_SEC_S_Id_plus_Ig_at_Vboff_mA_mm_FPSD3p2,yes,B,yes,"Original raw-CSV numeric process/inline/ET measurement. Re-checked: not in the leakage-family list, not a constant column, not part of any exact-duplicate group (verified via content-hash across all numeric columns).",none,yes,"Eligible for Stage 2 regardless of standalone importance -- may still matter via nonlinear effects, thresholds, or interactions."
MEASURE_ET_DC_SEC_S_Id_plus_Ig_at_Vboff_mA_mm_SD3p5,yes,B,yes,"Original raw-CSV numeric process/inline/ET measurement. Re-checked: not in the leakage-family list, not a constant column, not part of any exact-duplicate group (verified via content-hash across all numeric columns).",none,yes,"Eligible for Stage 2 regardless of standalone importance -- may still matter via nonlinear effects, thresholds, or interactions."
MEASURE_ET_DC_SEC_S_Ids_max,yes,B,yes,"Original raw-CSV numeric process/inline/ET measurement. Re-checked: not in the leakage-family list, not a constant column, not part of any exact-duplicate group (verified via content-hash across all numeric columns).",none,yes,"Eligible for Stage 2 regardless of standalone importance -- may still matter via nonlinear effects, thresholds, or interactions."
MEASURE_ET_DC_SEC_S_Ids_max_FPSD3p2,yes,B,yes,"Original raw-CSV numeric process/inline/ET measurement. Re-checked: not in the leakage-family list, not a constant column, not part of any exact-duplicate group (verified via content-hash across all numeric columns).",none,yes,"Eligible for Stage 2 regardless of standalone importance -- may still matter via nonlinear effects, thresholds, or interactions."
MEASURE_ET_DC_SEC_S_Ids_max_norm,yes,B,yes,"Original raw-CSV numeric process/inline/ET measurement. Re-checked: not in the leakage-family list, not a constant column, not part of any exact-duplicate group (verified via content-hash across all numeric columns).",none,yes,"Eligible for Stage 2 regardless of standalone importance -- may still matter via nonlinear effects, thresholds, or interactions."
MEASURE_ET_DC_SEC_S_Ids_max_norm_FPSD3p2,yes,B,yes,"Original raw-CSV numeric process/inline/ET measurement. Re-checked: not in the leakage-family list, not a constant column, not part of any exact-duplicate group (verified via content-hash across all numeric columns).",none,yes,"Eligible for Stage 2 regardless of standalone importance -- may still matter via nonlinear effects, thresholds, or interactions."
MEASURE_ET_DC_SEC_S_Ids_max_norm_SD3p5,yes,B,yes,"Original raw-CSV numeric process/inline/ET measurement. Re-checked: not in the leakage-family list, not a constant column, not part of any exact-duplicate group (verified via content-hash across all numeric columns).",none,yes,"Eligible for Stage 2 regardless of standalone importance -- may still matter via nonlinear effects, thresholds, or interactions."
MEASURE_ET_DC_SEC_S_Ids_max_SD3p5,yes,B,yes,"Original raw-CSV numeric process/inline/ET measurement. Re-checked: not in the leakage-family list, not a constant column, not part of any exact-duplicate group (verified via content-hash across all numeric columns).",none,yes,"Eligible for Stage 2 regardless of standalone importance -- may still matter via nonlinear effects, thresholds, or interactions."
MEASURE_ET_DC_SEC_S_Ig_cut1_mAmm_neg,yes,B,yes,"Original raw-CSV numeric process/inline/ET measurement. Re-checked: not in the leakage-family list, not a constant column, not part of any exact-duplicate group (verified via content-hash across all numeric columns).",none,yes,"Eligible for Stage 2 regardless of standalone importance -- may still matter via nonlinear effects, thresholds, or interactions."
MEASURE_ET_DC_SEC_S_Ig_cut1_mAmm_neg_FPSD3p2,yes,B,yes,"Original raw-CSV numeric process/inline/ET measurement. Re-checked: not in the leakage-family list, not a constant column, not part of any exact-duplicate group (verified via content-hash across all numeric columns).",none,yes,"Eligible for Stage 2 regardless of standalone importance -- may still matter via nonlinear effects, thresholds, or interactions."
MEASURE_ET_DC_SEC_S_Ig_cut1_mAmm_neg_SD3p5,yes,B,yes,"Original raw-CSV numeric process/inline/ET measurement. Re-checked: not in the leakage-family list, not a constant column, not part of any exact-duplicate group (verified via content-hash across all numeric columns).",none,yes,"Eligible for Stage 2 regardless of standalone importance -- may still matter via nonlinear effects, thresholds, or interactions."
MEASURE_ET_DC_SEC_S_Ig_cut1_mAmm_pos,yes,B,yes,"Original raw-CSV numeric process/inline/ET measurement. Re-checked: not in the leakage-family list, not a constant column, not part of any exact-duplicate group (verified via content-hash across all numeric columns).",none,yes,"Eligible for Stage 2 regardless of standalone importance -- may still matter via nonlinear effects, thresholds, or interactions."
MEASURE_ET_DC_SEC_S_Ig_cut1_mAmm_pos_FPSD3p2,yes,B,yes,"Original raw-CSV numeric process/inline/ET measurement. Re-checked: not in the leakage-family list, not a constant column, not part of any exact-duplicate group (verified via content-hash across all numeric columns).",none,yes,"Eligible for Stage 2 regardless of standalone importance -- may still matter via nonlinear effects, thresholds, or interactions."
MEASURE_ET_DC_SEC_S_Ig_cut1_mAmm_pos_SD3p5,yes,B,yes,"Original raw-CSV numeric process/inline/ET measurement. Re-checked: not in the leakage-family list, not a constant column, not part of any exact-duplicate group (verified via content-hash across all numeric columns).",none,yes,"Eligible for Stage 2 regardless of standalone importance -- may still matter via nonlinear effects, thresholds, or interactions."
MEASURE_ET_DC_SEC_S_Ig_cut2_mAmm_neg,yes,B,yes,"Original raw-CSV numeric process/inline/ET measurement. Re-checked: not in the leakage-family list, not a constant column, not part of any exact-duplicate group (verified via content-hash across all numeric columns).",none,yes,"Eligible for Stage 2 regardless of standalone importance -- may still matter via nonlinear effects, thresholds, or interactions."
MEASURE_ET_DC_SEC_S_Ig_cut2_mAmm_neg_FPSD3p2,yes,B,yes,"Original raw-CSV numeric process/inline/ET measurement. Re-checked: not in the leakage-family list, not a constant column, not part of any exact-duplicate group (verified via content-hash across all numeric columns).",none,yes,"Eligible for Stage 2 regardless of standalone importance -- may still matter via nonlinear effects, thresholds, or interactions."
MEASURE_ET_DC_SEC_S_Ig_cut2_mAmm_neg_SD3p5,yes,B,yes,"Original raw-CSV numeric process/inline/ET measurement. Re-checked: not in the leakage-family list, not a constant column, not part of any exact-duplicate group (verified via content-hash across all numeric columns).",none,yes,"Eligible for Stage 2 regardless of standalone importance -- may still matter via nonlinear effects, thresholds, or interactions."
MEASURE_ET_DC_SEC_S_Ig_cut2_mAmm_pos,yes,B,yes,"Original raw-CSV numeric process/inline/ET measurement. Re-checked: not in the leakage-family list, not a constant column, not part of any exact-duplicate group (verified via content-hash across all numeric columns).",none,yes,"Eligible for Stage 2 regardless of standalone importance -- may still matter via nonlinear effects, thresholds, or interactions."
MEASURE_ET_DC_SEC_S_Ig_cut2_mAmm_pos_FPSD3p2,yes,B,yes,"Original raw-CSV numeric process/inline/ET measurement. Re-checked: not in the leakage-family list, not a constant column, not part of any exact-duplicate group (verified via content-hash across all numeric columns).",none,yes,"Eligible for Stage 2 regardless of standalone importance -- may still matter via nonlinear effects, thresholds, or interactions."
MEASURE_ET_DC_SEC_S_Ig_cut2_mAmm_pos_SD3p5,yes,B,yes,"Original raw-CSV numeric process/inline/ET measurement. Re-checked: not in the leakage-family list, not a constant column, not part of any exact-duplicate group (verified via content-hash across all numeric columns).",none,yes,"Eligible for Stage 2 regardless of standalone importance -- may still matter via nonlinear effects, thresholds, or interactions."
MEASURE_ET_DC_SEC_S_Ig_cut3_mAmm_neg,yes,B,yes,"Original raw-CSV numeric process/inline/ET measurement. Re-checked: not in the leakage-family list, not a constant column, not part of any exact-duplicate group (verified via content-hash across all numeric columns).",none,yes,"Eligible for Stage 2 regardless of standalone importance -- may still matter via nonlinear effects, thresholds, or interactions."
MEASURE_ET_DC_SEC_S_Ig_cut3_mAmm_neg_FPSD3p2,yes,B,yes,"Original raw-CSV numeric process/inline/ET measurement. Re-checked: not in the leakage-family list, not a constant column, not part of any exact-duplicate group (verified via content-hash across all numeric columns).",none,yes,"Eligible for Stage 2 regardless of standalone importance -- may still matter via nonlinear effects, thresholds, or interactions."
MEASURE_ET_DC_SEC_S_Ig_cut3_mAmm_neg_SD3p5,yes,B,yes,"Original raw-CSV numeric process/inline/ET measurement. Re-checked: not in the leakage-family list, not a constant column, not part of any exact-duplicate group (verified via content-hash across all numeric columns).",none,yes,"Eligible for Stage 2 regardless of standalone importance -- may still matter via nonlinear effects, thresholds, or interactions."
MEASURE_ET_DC_SEC_S_Ig_cut3_mAmm_pos,yes,B,yes,"Original raw-CSV numeric process/inline/ET measurement. Re-checked: not in the leakage-family list, not a constant column, not part of any exact-duplicate group (verified via content-hash across all numeric columns).",none,yes,"Eligible for Stage 2 regardless of standalone importance -- may still matter via nonlinear effects, thresholds, or interactions."
MEASURE_ET_DC_SEC_S_Ig_cut3_mAmm_pos_FPSD3p2,yes,B,yes,"Original raw-CSV numeric process/inline/ET measurement. Re-checked: not in the leakage-family list, not a constant column, not part of any exact-duplicate group (verified via content-hash across all numeric columns).",none,yes,"Eligible for Stage 2 regardless of standalone importance -- may still matter via nonlinear effects, thresholds, or interactions."
MEASURE_ET_DC_SEC_S_Ig_cut3_mAmm_pos_SD3p5,yes,B,yes,"Original raw-CSV numeric process/inline/ET measurement. Re-checked: not in the leakage-family list, not a constant column, not part of any exact-duplicate group (verified via content-hash across all numeric columns).",none,yes,"Eligible for Stage 2 regardless of standalone importance -- may still matter via nonlinear effects, thresholds, or interactions."
MEASURE_ET_DC_SEC_S_Ig_mAmm_at_Vg_cond_neg,yes,B,yes,"Original raw-CSV numeric process/inline/ET measurement. Re-checked: not in the leakage-family list, not a constant column, not part of any exact-duplicate group (verified via content-hash across all numeric columns).",none,yes,"Eligible for Stage 2 regardless of standalone importance -- may still matter via nonlinear effects, thresholds, or interactions."
MEASURE_ET_DC_SEC_S_Ig_mAmm_at_Vg_cond_neg_FPSD3p2,yes,B,yes,"Original raw-CSV numeric process/inline/ET measurement. Re-checked: not in the leakage-family list, not a constant column, not part of any exact-duplicate group (verified via content-hash across all numeric columns).",none,yes,"Eligible for Stage 2 regardless of standalone importance -- may still matter via nonlinear effects, thresholds, or interactions."
MEASURE_ET_DC_SEC_S_Ig_mAmm_at_Vg_cond_neg_SD3p5,yes,B,yes,"Original raw-CSV numeric process/inline/ET measurement. Re-checked: not in the leakage-family list, not a constant column, not part of any exact-duplicate group (verified via content-hash across all numeric columns).",none,yes,"Eligible for Stage 2 regardless of standalone importance -- may still matter via nonlinear effects, thresholds, or interactions."
MEASURE_ET_DC_SEC_S_Ig_mAmm_at_Vg_cond_pos,yes,B,yes,"Original raw-CSV numeric process/inline/ET measurement. Re-checked: not in the leakage-family list, not a constant column, not part of any exact-duplicate group (verified via content-hash across all numeric columns).",none,yes,"Eligible for Stage 2 regardless of standalone importance -- may still matter via nonlinear effects, thresholds, or interactions."
MEASURE_ET_DC_SEC_S_Ig_mAmm_at_Vg_cond_pos_FPSD3p2,yes,B,yes,"Original raw-CSV numeric process/inline/ET measurement. Re-checked: not in the leakage-family list, not a constant column, not part of any exact-duplicate group (verified via content-hash across all numeric columns).",none,yes,"Eligible for Stage 2 regardless of standalone importance -- may still matter via nonlinear effects, thresholds, or interactions."
MEASURE_ET_DC_SEC_S_Ig_mAmm_at_Vg_cond_pos_SD3p5,yes,B,yes,"Original raw-CSV numeric process/inline/ET measurement. Re-checked: not in the leakage-family list, not a constant column, not part of any exact-duplicate group (verified via content-hash across all numeric columns).",none,yes,"Eligible for Stage 2 regardless of standalone importance -- may still matter via nonlinear effects, thresholds, or interactions."
MEASURE_ET_DC_SEC_S_Ron,yes,B,yes,"Original raw-CSV numeric process/inline/ET measurement. Re-checked: not in the leakage-family list, not a constant column, not part of any exact-duplicate group (verified via content-hash across all numeric columns).",none,yes,"Eligible for Stage 2 regardless of standalone importance -- may still matter via nonlinear effects, thresholds, or interactions."
MEASURE_ET_DC_SEC_S_Ron_FPSD3p2,yes,B,yes,"Original raw-CSV numeric process/inline/ET measurement. Re-checked: not in the leakage-family list, not a constant column, not part of any exact-duplicate group (verified via content-hash across all numeric columns).",none,yes,"Eligible for Stage 2 regardless of standalone importance -- may still matter via nonlinear effects, thresholds, or interactions."
MEASURE_ET_DC_SEC_S_Ron_SD3p5,yes,B,yes,"Original raw-CSV numeric process/inline/ET measurement. Re-checked: not in the leakage-family list, not a constant column, not part of any exact-duplicate group (verified via content-hash across all numeric columns).",none,yes,"Eligible for Stage 2 regardless of standalone importance -- may still matter via nonlinear effects, thresholds, or interactions."
MEASURE_ET_DC_SEC_S_Vboff_Id,yes,B,yes,"Original raw-CSV numeric process/inline/ET measurement. Re-checked: not in the leakage-family list, not a constant column, not part of any exact-duplicate group (verified via content-hash across all numeric columns).",none,yes,"Eligible for Stage 2 regardless of standalone importance -- may still matter via nonlinear effects, thresholds, or interactions."
MEASURE_ET_DC_SEC_S_Vboff_Id_FPSD3p2,yes,B,yes,"Original raw-CSV numeric process/inline/ET measurement. Re-checked: not in the leakage-family list, not a constant column, not part of any exact-duplicate group (verified via content-hash across all numeric columns).",none,yes,"Eligible for Stage 2 regardless of standalone importance -- may still matter via nonlinear effects, thresholds, or interactions."
MEASURE_ET_DC_SEC_S_Vboff_Id_plus_Ig,yes,B,yes,"Original raw-CSV numeric process/inline/ET measurement. Re-checked: not in the leakage-family list, not a constant column, not part of any exact-duplicate group (verified via content-hash across all numeric columns).",none,yes,"Eligible for Stage 2 regardless of standalone importance -- may still matter via nonlinear effects, thresholds, or interactions."
MEASURE_ET_DC_SEC_S_Vboff_Id_plus_Ig_FPSD3p2,yes,B,yes,"Original raw-CSV numeric process/inline/ET measurement. Re-checked: not in the leakage-family list, not a constant column, not part of any exact-duplicate group (verified via content-hash across all numeric columns).",none,yes,"Eligible for Stage 2 regardless of standalone importance -- may still matter via nonlinear effects, thresholds, or interactions."
MEASURE_ET_DC_SEC_S_Vboff_Id_plus_Ig_SD3p5,yes,B,yes,"Original raw-CSV numeric process/inline/ET measurement. Re-checked: not in the leakage-family list, not a constant column, not part of any exact-duplicate group (verified via content-hash across all numeric columns).",none,yes,"Eligible for Stage 2 regardless of standalone importance -- may still matter via nonlinear effects, thresholds, or interactions."
MEASURE_ET_DC_SEC_S_Vboff_Id_SD3p5,yes,B,yes,"Original raw-CSV numeric process/inline/ET measurement. Re-checked: not in the leakage-family list, not a constant column, not part of any exact-duplicate group (verified via content-hash across all numeric columns).",none,yes,"Eligible for Stage 2 regardless of standalone importance -- may still matter via nonlinear effects, thresholds, or interactions."
MEASURE_ET_DC_SEC_S_Vg_at_I1_neg,yes,B,yes,"Original raw-CSV numeric process/inline/ET measurement. Re-checked: not in the leakage-family list, not a constant column, not part of any exact-duplicate group (verified via content-hash across all numeric columns).",none,yes,"Eligible for Stage 2 regardless of standalone importance -- may still matter via nonlinear effects, thresholds, or interactions."
MEASURE_ET_DC_SEC_S_Vg_at_I1_neg_FPSD3p2,yes,B,yes,"Original raw-CSV numeric process/inline/ET measurement. Re-checked: not in the leakage-family list, not a constant column, not part of any exact-duplicate group (verified via content-hash across all numeric columns).",none,yes,"Eligible for Stage 2 regardless of standalone importance -- may still matter via nonlinear effects, thresholds, or interactions."
MEASURE_ET_DC_SEC_S_Vg_at_I1_neg_SD3p5,yes,B,yes,"Original raw-CSV numeric process/inline/ET measurement. Re-checked: not in the leakage-family list, not a constant column, not part of any exact-duplicate group (verified via content-hash across all numeric columns).",none,yes,"Eligible for Stage 2 regardless of standalone importance -- may still matter via nonlinear effects, thresholds, or interactions."
MEASURE_ET_DC_SEC_S_Vg_at_I1_pos,yes,B,yes,"Original raw-CSV numeric process/inline/ET measurement. Re-checked: not in the leakage-family list, not a constant column, not part of any exact-duplicate group (verified via content-hash across all numeric columns).",none,yes,"Eligible for Stage 2 regardless of standalone importance -- may still matter via nonlinear effects, thresholds, or interactions."
MEASURE_ET_DC_SEC_S_Vg_at_I1_pos_FPSD3p2,yes,B,yes,"Original raw-CSV numeric process/inline/ET measurement. Re-checked: not in the leakage-family list, not a constant column, not part of any exact-duplicate group (verified via content-hash across all numeric columns).",none,yes,"Eligible for Stage 2 regardless of standalone importance -- may still matter via nonlinear effects, thresholds, or interactions."
MEASURE_ET_DC_SEC_S_Vg_at_I1_pos_SD3p5,yes,B,yes,"Original raw-CSV numeric process/inline/ET measurement. Re-checked: not in the leakage-family list, not a constant column, not part of any exact-duplicate group (verified via content-hash across all numeric columns).",none,yes,"Eligible for Stage 2 regardless of standalone importance -- may still matter via nonlinear effects, thresholds, or interactions."
MEASURE_ET_DC_SEC_S_Vg_at_I2_neg,yes,B,yes,"Original raw-CSV numeric process/inline/ET measurement. Re-checked: not in the leakage-family list, not a constant column, not part of any exact-duplicate group (verified via content-hash across all numeric columns).",none,yes,"Eligible for Stage 2 regardless of standalone importance -- may still matter via nonlinear effects, thresholds, or interactions."
MEASURE_ET_DC_SEC_S_Vg_at_I2_neg_FPSD3p2,yes,B,yes,"Original raw-CSV numeric process/inline/ET measurement. Re-checked: not in the leakage-family list, not a constant column, not part of any exact-duplicate group (verified via content-hash across all numeric columns).",none,yes,"Eligible for Stage 2 regardless of standalone importance -- may still matter via nonlinear effects, thresholds, or interactions."
MEASURE_ET_DC_SEC_S_Vg_at_I2_neg_SD3p5,yes,B,yes,"Original raw-CSV numeric process/inline/ET measurement. Re-checked: not in the leakage-family list, not a constant column, not part of any exact-duplicate group (verified via content-hash across all numeric columns).",none,yes,"Eligible for Stage 2 regardless of standalone importance -- may still matter via nonlinear effects, thresholds, or interactions."
MEASURE_ET_DC_SEC_S_Vg_at_I2_pos,yes,B,yes,"Original raw-CSV numeric process/inline/ET measurement. Re-checked: not in the leakage-family list, not a constant column, not part of any exact-duplicate group (verified via content-hash across all numeric columns).",none,yes,"Eligible for Stage 2 regardless of standalone importance -- may still matter via nonlinear effects, thresholds, or interactions."
MEASURE_ET_DC_SEC_S_Vg_at_I2_pos_FPSD3p2,yes,B,yes,"Original raw-CSV numeric process/inline/ET measurement. Re-checked: not in the leakage-family list, not a constant column, not part of any exact-duplicate group (verified via content-hash across all numeric columns).",none,yes,"Eligible for Stage 2 regardless of standalone importance -- may still matter via nonlinear effects, thresholds, or interactions."
MEASURE_ET_DC_SEC_S_Vg_at_I2_pos_SD3p5,yes,B,yes,"Original raw-CSV numeric process/inline/ET measurement. Re-checked: not in the leakage-family list, not a constant column, not part of any exact-duplicate group (verified via content-hash across all numeric columns).",none,yes,"Eligible for Stage 2 regardless of standalone importance -- may still matter via nonlinear effects, thresholds, or interactions."
MEASURE_ET_DC_SEC_S_Vg_at_I3_neg,yes,B,yes,"Original raw-CSV numeric process/inline/ET measurement. Re-checked: not in the leakage-family list, not a constant column, not part of any exact-duplicate group (verified via content-hash across all numeric columns).",none,yes,"Eligible for Stage 2 regardless of standalone importance -- may still matter via nonlinear effects, thresholds, or interactions."
MEASURE_ET_DC_SEC_S_Vg_at_I3_neg_FPSD3p2,yes,B,yes,"Original raw-CSV numeric process/inline/ET measurement. Re-checked: not in the leakage-family list, not a constant column, not part of any exact-duplicate group (verified via content-hash across all numeric columns).",none,yes,"Eligible for Stage 2 regardless of standalone importance -- may still matter via nonlinear effects, thresholds, or interactions."
MEASURE_ET_DC_SEC_S_Vg_at_I3_neg_SD3p5,yes,B,yes,"Original raw-CSV numeric process/inline/ET measurement. Re-checked: not in the leakage-family list, not a constant column, not part of any exact-duplicate group (verified via content-hash across all numeric columns).",none,yes,"Eligible for Stage 2 regardless of standalone importance -- may still matter via nonlinear effects, thresholds, or interactions."
MEASURE_ET_DC_SEC_S_Vg_at_I3_pos,yes,B,yes,"Original raw-CSV numeric process/inline/ET measurement. Re-checked: not in the leakage-family list, not a constant column, not part of any exact-duplicate group (verified via content-hash across all numeric columns).",none,yes,"Eligible for Stage 2 regardless of standalone importance -- may still matter via nonlinear effects, thresholds, or interactions."
MEASURE_ET_DC_SEC_S_Vg_at_I3_pos_FPSD3p2,yes,B,yes,"Original raw-CSV numeric process/inline/ET measurement. Re-checked: not in the leakage-family list, not a constant column, not part of any exact-duplicate group (verified via content-hash across all numeric columns).",none,yes,"Eligible for Stage 2 regardless of standalone importance -- may still matter via nonlinear effects, thresholds, or interactions."
MEASURE_ET_DC_SEC_S_Vg_at_I3_pos_SD3p5,yes,B,yes,"Original raw-CSV numeric process/inline/ET measurement. Re-checked: not in the leakage-family list, not a constant column, not part of any exact-duplicate group (verified via content-hash across all numeric columns).",none,yes,"Eligible for Stage 2 regardless of standalone importance -- may still matter via nonlinear effects, thresholds, or interactions."
MEASURE_ET_DC_SEC_S_Vp_0p7_mA_mm,yes,B,yes,"Original raw-CSV numeric process/inline/ET measurement. Re-checked: not in the leakage-family list, not a constant column, not part of any exact-duplicate group (verified via content-hash across all numeric columns).",none,yes,"Eligible for Stage 2 regardless of standalone importance -- may still matter via nonlinear effects, thresholds, or interactions."
MEASURE_ET_DC_SEC_S_Vp_1_mA_mm,yes,B,yes,"Original raw-CSV numeric process/inline/ET measurement. Re-checked: not in the leakage-family list, not a constant column, not part of any exact-duplicate group (verified via content-hash across all numeric columns).",none,yes,"Eligible for Stage 2 regardless of standalone importance -- may still matter via nonlinear effects, thresholds, or interactions."
MEASURE_ET_DC_SEC_S_Vp_1_mA_mm_first,yes,B,yes,"Original raw-CSV numeric process/inline/ET measurement. Re-checked: not in the leakage-family list, not a constant column, not part of any exact-duplicate group (verified via content-hash across all numeric columns).",none,yes,"Eligible for Stage 2 regardless of standalone importance -- may still matter via nonlinear effects, thresholds, or interactions."
MEASURE_ET_DC_SEC_S_Vp_1_mA_mm_first_FPSD3p2,yes,B,yes,"Original raw-CSV numeric process/inline/ET measurement. Re-checked: not in the leakage-family list, not a constant column, not part of any exact-duplicate group (verified via content-hash across all numeric columns).",none,yes,"Eligible for Stage 2 regardless of standalone importance -- may still matter via nonlinear effects, thresholds, or interactions."
MEASURE_ET_DC_SEC_S_Vp_1_mA_mm_first_SD3p5,yes,B,yes,"Original raw-CSV numeric process/inline/ET measurement. Re-checked: not in the leakage-family list, not a constant column, not part of any exact-duplicate group (verified via content-hash across all numeric columns).",none,yes,"Eligible for Stage 2 regardless of standalone importance -- may still matter via nonlinear effects, thresholds, or interactions."
MEASURE_ET_DC_SEC_S_Vp_1_mA_mm_second,yes,B,yes,"Original raw-CSV numeric process/inline/ET measurement. Re-checked: not in the leakage-family list, not a constant column, not part of any exact-duplicate group (verified via content-hash across all numeric columns).",none,yes,"Eligible for Stage 2 regardless of standalone importance -- may still matter via nonlinear effects, thresholds, or interactions."
MEASURE_ET_DC_SEC_S_Vp_1_mA_mm_second_FPSD3p2,yes,B,yes,"Original raw-CSV numeric process/inline/ET measurement. Re-checked: not in the leakage-family list, not a constant column, not part of any exact-duplicate group (verified via content-hash across all numeric columns).",none,yes,"Eligible for Stage 2 regardless of standalone importance -- may still matter via nonlinear effects, thresholds, or interactions."
MEASURE_ET_DC_SEC_S_Vp_1_mA_mm_second_SD3p5,yes,B,yes,"Original raw-CSV numeric process/inline/ET measurement. Re-checked: not in the leakage-family list, not a constant column, not part of any exact-duplicate group (verified via content-hash across all numeric columns).",none,yes,"Eligible for Stage 2 regardless of standalone importance -- may still matter via nonlinear effects, thresholds, or interactions."
MEASURE_ET_DC_SEC_X_Bin,yes,B,yes,"Original raw-CSV numeric process/inline/ET measurement. Re-checked: not in the leakage-family list, not a constant column, not part of any exact-duplicate group (verified via content-hash across all numeric columns).",none,yes,"Eligible for Stage 2 regardless of standalone importance -- may still matter via nonlinear effects, thresholds, or interactions."
MEASURE_ET_DC_SEC_X_Bin_FPSD3p2,yes,B,yes,"Original raw-CSV numeric process/inline/ET measurement. Re-checked: not in the leakage-family list, not a constant column, not part of any exact-duplicate group (verified via content-hash across all numeric columns).",none,yes,"Eligible for Stage 2 regardless of standalone importance -- may still matter via nonlinear effects, thresholds, or interactions."
MEASURE_ET_DC_SEC_X_Bin_SD3p5,yes,B,yes,"Original raw-CSV numeric process/inline/ET measurement. Re-checked: not in the leakage-family list, not a constant column, not part of any exact-duplicate group (verified via content-hash across all numeric columns).",none,yes,"Eligible for Stage 2 regardless of standalone importance -- may still matter via nonlinear effects, thresholds, or interactions."
MEASURE_ET_DC_SEC_X_ChipStatus,yes,B,yes,"Original raw-CSV numeric process/inline/ET measurement. Re-checked: not in the leakage-family list, not a constant column, not part of any exact-duplicate group (verified via content-hash across all numeric columns).",none,yes,"Eligible for Stage 2 regardless of standalone importance -- may still matter via nonlinear effects, thresholds, or interactions."
MEASURE_ET_DC_SEC_X_Id_at_Vboff_mA_mm,yes,B,yes,"Original raw-CSV numeric process/inline/ET measurement. Re-checked: not in the leakage-family list, not a constant column, not part of any exact-duplicate group (verified via content-hash across all numeric columns).",none,yes,"Eligible for Stage 2 regardless of standalone importance -- may still matter via nonlinear effects, thresholds, or interactions."
MEASURE_ET_DC_SEC_X_Id_at_Vboff_mA_mm_FPSD3p2,yes,B,yes,"Original raw-CSV numeric process/inline/ET measurement. Re-checked: not in the leakage-family list, not a constant column, not part of any exact-duplicate group (verified via content-hash across all numeric columns).",none,yes,"Eligible for Stage 2 regardless of standalone importance -- may still matter via nonlinear effects, thresholds, or interactions."
MEASURE_ET_DC_SEC_X_Id_at_Vboff_mA_mm_SD3p5,yes,B,yes,"Original raw-CSV numeric process/inline/ET measurement. Re-checked: not in the leakage-family list, not a constant column, not part of any exact-duplicate group (verified via content-hash across all numeric columns).",none,yes,"Eligible for Stage 2 regardless of standalone importance -- may still matter via nonlinear effects, thresholds, or interactions."
MEASURE_ET_DC_SEC_X_Id_mA_mm_at_Vg1,yes,B,yes,"Original raw-CSV numeric process/inline/ET measurement. Re-checked: not in the leakage-family list, not a constant column, not part of any exact-duplicate group (verified via content-hash across all numeric columns).",none,yes,"Eligible for Stage 2 regardless of standalone importance -- may still matter via nonlinear effects, thresholds, or interactions."
MEASURE_ET_DC_SEC_X_Id_mA_mm_at_Vg1_FPSD3p2,yes,B,yes,"Original raw-CSV numeric process/inline/ET measurement. Re-checked: not in the leakage-family list, not a constant column, not part of any exact-duplicate group (verified via content-hash across all numeric columns).",none,yes,"Eligible for Stage 2 regardless of standalone importance -- may still matter via nonlinear effects, thresholds, or interactions."
MEASURE_ET_DC_SEC_X_Id_mA_mm_at_Vg1_SD3p5,yes,B,yes,"Original raw-CSV numeric process/inline/ET measurement. Re-checked: not in the leakage-family list, not a constant column, not part of any exact-duplicate group (verified via content-hash across all numeric columns).",none,yes,"Eligible for Stage 2 regardless of standalone importance -- may still matter via nonlinear effects, thresholds, or interactions."
MEASURE_ET_DC_SEC_X_Id_mA_mm_at_Vg2,yes,B,yes,"Original raw-CSV numeric process/inline/ET measurement. Re-checked: not in the leakage-family list, not a constant column, not part of any exact-duplicate group (verified via content-hash across all numeric columns).",none,yes,"Eligible for Stage 2 regardless of standalone importance -- may still matter via nonlinear effects, thresholds, or interactions."
MEASURE_ET_DC_SEC_X_Id_mA_mm_at_Vg2_FPSD3p2,yes,B,yes,"Original raw-CSV numeric process/inline/ET measurement. Re-checked: not in the leakage-family list, not a constant column, not part of any exact-duplicate group (verified via content-hash across all numeric columns).",none,yes,"Eligible for Stage 2 regardless of standalone importance -- may still matter via nonlinear effects, thresholds, or interactions."
MEASURE_ET_DC_SEC_X_Id_mA_mm_at_Vg2_SD3p5,yes,B,yes,"Original raw-CSV numeric process/inline/ET measurement. Re-checked: not in the leakage-family list, not a constant column, not part of any exact-duplicate group (verified via content-hash across all numeric columns).",none,yes,"Eligible for Stage 2 regardless of standalone importance -- may still matter via nonlinear effects, thresholds, or interactions."
MEASURE_ET_DC_SEC_X_Id_mA_mm_at_Vg3,yes,B,yes,"Original raw-CSV numeric process/inline/ET measurement. Re-checked: not in the leakage-family list, not a constant column, not part of any exact-duplicate group (verified via content-hash across all numeric columns).",none,yes,"Eligible for Stage 2 regardless of standalone importance -- may still matter via nonlinear effects, thresholds, or interactions."
MEASURE_ET_DC_SEC_X_Id_mA_mm_at_Vg3_FPSD3p2,yes,B,yes,"Original raw-CSV numeric process/inline/ET measurement. Re-checked: not in the leakage-family list, not a constant column, not part of any exact-duplicate group (verified via content-hash across all numeric columns).",none,yes,"Eligible for Stage 2 regardless of standalone importance -- may still matter via nonlinear effects, thresholds, or interactions."
MEASURE_ET_DC_SEC_X_Id_mA_mm_at_Vg3_SD3p5,yes,B,yes,"Original raw-CSV numeric process/inline/ET measurement. Re-checked: not in the leakage-family list, not a constant column, not part of any exact-duplicate group (verified via content-hash across all numeric columns).",none,yes,"Eligible for Stage 2 regardless of standalone importance -- may still matter via nonlinear effects, thresholds, or interactions."
MEASURE_ET_DC_SEC_X_Id_plus_Ig_at_Vboff_mA_mm,yes,B,yes,"Original raw-CSV numeric process/inline/ET measurement. Re-checked: not in the leakage-family list, not a constant column, not part of any exact-duplicate group (verified via content-hash across all numeric columns).",none,yes,"Eligible for Stage 2 regardless of standalone importance -- may still matter via nonlinear effects, thresholds, or interactions."
MEASURE_ET_DC_SEC_X_Id_plus_Ig_at_Vboff_mA_mm_FPSD3p2,yes,B,yes,"Original raw-CSV numeric process/inline/ET measurement. Re-checked: not in the leakage-family list, not a constant column, not part of any exact-duplicate group (verified via content-hash across all numeric columns).",none,yes,"Eligible for Stage 2 regardless of standalone importance -- may still matter via nonlinear effects, thresholds, or interactions."
MEASURE_ET_DC_SEC_X_Id_plus_Ig_at_Vboff_mA_mm_SD3p5,yes,B,yes,"Original raw-CSV numeric process/inline/ET measurement. Re-checked: not in the leakage-family list, not a constant column, not part of any exact-duplicate group (verified via content-hash across all numeric columns).",none,yes,"Eligible for Stage 2 regardless of standalone importance -- may still matter via nonlinear effects, thresholds, or interactions."
MEASURE_ET_DC_SEC_X_Ids_max,yes,B,yes,"Original raw-CSV numeric process/inline/ET measurement. Re-checked: not in the leakage-family list, not a constant column, not part of any exact-duplicate group (verified via content-hash across all numeric columns).",none,yes,"Eligible for Stage 2 regardless of standalone importance -- may still matter via nonlinear effects, thresholds, or interactions."
MEASURE_ET_DC_SEC_X_Ids_max_FPSD3p2,yes,B,yes,"Original raw-CSV numeric process/inline/ET measurement. Re-checked: not in the leakage-family list, not a constant column, not part of any exact-duplicate group (verified via content-hash across all numeric columns).",none,yes,"Eligible for Stage 2 regardless of standalone importance -- may still matter via nonlinear effects, thresholds, or interactions."
MEASURE_ET_DC_SEC_X_Ids_max_norm,yes,B,yes,"Original raw-CSV numeric process/inline/ET measurement. Re-checked: not in the leakage-family list, not a constant column, not part of any exact-duplicate group (verified via content-hash across all numeric columns).",none,yes,"Eligible for Stage 2 regardless of standalone importance -- may still matter via nonlinear effects, thresholds, or interactions."
MEASURE_ET_DC_SEC_X_Ids_max_norm_FPSD3p2,yes,B,yes,"Original raw-CSV numeric process/inline/ET measurement. Re-checked: not in the leakage-family list, not a constant column, not part of any exact-duplicate group (verified via content-hash across all numeric columns).",none,yes,"Eligible for Stage 2 regardless of standalone importance -- may still matter via nonlinear effects, thresholds, or interactions."
MEASURE_ET_DC_SEC_X_Ids_max_norm_SD3p5,yes,B,yes,"Original raw-CSV numeric process/inline/ET measurement. Re-checked: not in the leakage-family list, not a constant column, not part of any exact-duplicate group (verified via content-hash across all numeric columns).",none,yes,"Eligible for Stage 2 regardless of standalone importance -- may still matter via nonlinear effects, thresholds, or interactions."
MEASURE_ET_DC_SEC_X_Ids_max_SD3p5,yes,B,yes,"Original raw-CSV numeric process/inline/ET measurement. Re-checked: not in the leakage-family list, not a constant column, not part of any exact-duplicate group (verified via content-hash across all numeric columns).",none,yes,"Eligible for Stage 2 regardless of standalone importance -- may still matter via nonlinear effects, thresholds, or interactions."
MEASURE_ET_DC_SEC_X_Ig_cut1_mAmm_neg,yes,B,yes,"Original raw-CSV numeric process/inline/ET measurement. Re-checked: not in the leakage-family list, not a constant column, not part of any exact-duplicate group (verified via content-hash across all numeric columns).",none,yes,"Eligible for Stage 2 regardless of standalone importance -- may still matter via nonlinear effects, thresholds, or interactions."
MEASURE_ET_DC_SEC_X_Ig_cut1_mAmm_neg_FPSD3p2,yes,B,yes,"Original raw-CSV numeric process/inline/ET measurement. Re-checked: not in the leakage-family list, not a constant column, not part of any exact-duplicate group (verified via content-hash across all numeric columns).",none,yes,"Eligible for Stage 2 regardless of standalone importance -- may still matter via nonlinear effects, thresholds, or interactions."
MEASURE_ET_DC_SEC_X_Ig_cut1_mAmm_neg_SD3p5,yes,B,yes,"Original raw-CSV numeric process/inline/ET measurement. Re-checked: not in the leakage-family list, not a constant column, not part of any exact-duplicate group (verified via content-hash across all numeric columns).",none,yes,"Eligible for Stage 2 regardless of standalone importance -- may still matter via nonlinear effects, thresholds, or interactions."
MEASURE_ET_DC_SEC_X_Ig_cut1_mAmm_pos,yes,B,yes,"Original raw-CSV numeric process/inline/ET measurement. Re-checked: not in the leakage-family list, not a constant column, not part of any exact-duplicate group (verified via content-hash across all numeric columns).",none,yes,"Eligible for Stage 2 regardless of standalone importance -- may still matter via nonlinear effects, thresholds, or interactions."
MEASURE_ET_DC_SEC_X_Ig_cut1_mAmm_pos_FPSD3p2,yes,B,yes,"Original raw-CSV numeric process/inline/ET measurement. Re-checked: not in the leakage-family list, not a constant column, not part of any exact-duplicate group (verified via content-hash across all numeric columns).",none,yes,"Eligible for Stage 2 regardless of standalone importance -- may still matter via nonlinear effects, thresholds, or interactions."
MEASURE_ET_DC_SEC_X_Ig_cut1_mAmm_pos_SD3p5,yes,B,yes,"Original raw-CSV numeric process/inline/ET measurement. Re-checked: not in the leakage-family list, not a constant column, not part of any exact-duplicate group (verified via content-hash across all numeric columns).",none,yes,"Eligible for Stage 2 regardless of standalone importance -- may still matter via nonlinear effects, thresholds, or interactions."
MEASURE_ET_DC_SEC_X_Ig_cut2_mAmm_neg,yes,B,yes,"Original raw-CSV numeric process/inline/ET measurement. Re-checked: not in the leakage-family list, not a constant column, not part of any exact-duplicate group (verified via content-hash across all numeric columns).",none,yes,"Eligible for Stage 2 regardless of standalone importance -- may still matter via nonlinear effects, thresholds, or interactions."
MEASURE_ET_DC_SEC_X_Ig_cut2_mAmm_neg_FPSD3p2,yes,B,yes,"Original raw-CSV numeric process/inline/ET measurement. Re-checked: not in the leakage-family list, not a constant column, not part of any exact-duplicate group (verified via content-hash across all numeric columns).",none,yes,"Eligible for Stage 2 regardless of standalone importance -- may still matter via nonlinear effects, thresholds, or interactions."
MEASURE_ET_DC_SEC_X_Ig_cut2_mAmm_neg_SD3p5,yes,B,yes,"Original raw-CSV numeric process/inline/ET measurement. Re-checked: not in the leakage-family list, not a constant column, not part of any exact-duplicate group (verified via content-hash across all numeric columns).",none,yes,"Eligible for Stage 2 regardless of standalone importance -- may still matter via nonlinear effects, thresholds, or interactions."
MEASURE_ET_DC_SEC_X_Ig_cut2_mAmm_pos,yes,B,yes,"Original raw-CSV numeric process/inline/ET measurement. Re-checked: not in the leakage-family list, not a constant column, not part of any exact-duplicate group (verified via content-hash across all numeric columns).",none,yes,"Eligible for Stage 2 regardless of standalone importance -- may still matter via nonlinear effects, thresholds, or interactions."
MEASURE_ET_DC_SEC_X_Ig_cut2_mAmm_pos_FPSD3p2,yes,B,yes,"Original raw-CSV numeric process/inline/ET measurement. Re-checked: not in the leakage-family list, not a constant column, not part of any exact-duplicate group (verified via content-hash across all numeric columns).",none,yes,"Eligible for Stage 2 regardless of standalone importance -- may still matter via nonlinear effects, thresholds, or interactions."
MEASURE_ET_DC_SEC_X_Ig_cut2_mAmm_pos_SD3p5,yes,B,yes,"Original raw-CSV numeric process/inline/ET measurement. Re-checked: not in the leakage-family list, not a constant column, not part of any exact-duplicate group (verified via content-hash across all numeric columns).",none,yes,"Eligible for Stage 2 regardless of standalone importance -- may still matter via nonlinear effects, thresholds, or interactions."
MEASURE_ET_DC_SEC_X_Ig_cut3_mAmm_neg,yes,B,yes,"Original raw-CSV numeric process/inline/ET measurement. Re-checked: not in the leakage-family list, not a constant column, not part of any exact-duplicate group (verified via content-hash across all numeric columns).",none,yes,"Eligible for Stage 2 regardless of standalone importance -- may still matter via nonlinear effects, thresholds, or interactions."
MEASURE_ET_DC_SEC_X_Ig_cut3_mAmm_neg_FPSD3p2,yes,B,yes,"Original raw-CSV numeric process/inline/ET measurement. Re-checked: not in the leakage-family list, not a constant column, not part of any exact-duplicate group (verified via content-hash across all numeric columns).",none,yes,"Eligible for Stage 2 regardless of standalone importance -- may still matter via nonlinear effects, thresholds, or interactions."
MEASURE_ET_DC_SEC_X_Ig_cut3_mAmm_neg_SD3p5,yes,B,yes,"Original raw-CSV numeric process/inline/ET measurement. Re-checked: not in the leakage-family list, not a constant column, not part of any exact-duplicate group (verified via content-hash across all numeric columns).",none,yes,"Eligible for Stage 2 regardless of standalone importance -- may still matter via nonlinear effects, thresholds, or interactions."
MEASURE_ET_DC_SEC_X_Ig_cut3_mAmm_pos,yes,B,yes,"Original raw-CSV numeric process/inline/ET measurement. Re-checked: not in the leakage-family list, not a constant column, not part of any exact-duplicate group (verified via content-hash across all numeric columns).",none,yes,"Eligible for Stage 2 regardless of standalone importance -- may still matter via nonlinear effects, thresholds, or interactions."
MEASURE_ET_DC_SEC_X_Ig_cut3_mAmm_pos_FPSD3p2,yes,B,yes,"Original raw-CSV numeric process/inline/ET measurement. Re-checked: not in the leakage-family list, not a constant column, not part of any exact-duplicate group (verified via content-hash across all numeric columns).",none,yes,"Eligible for Stage 2 regardless of standalone importance -- may still matter via nonlinear effects, thresholds, or interactions."
MEASURE_ET_DC_SEC_X_Ig_cut3_mAmm_pos_SD3p5,yes,B,yes,"Original raw-CSV numeric process/inline/ET measurement. Re-checked: not in the leakage-family list, not a constant column, not part of any exact-duplicate group (verified via content-hash across all numeric columns).",none,yes,"Eligible for Stage 2 regardless of standalone importance -- may still matter via nonlinear effects, thresholds, or interactions."
MEASURE_ET_DC_SEC_X_Ig_mAmm_at_Vg_cond_neg,yes,B,yes,"Original raw-CSV numeric process/inline/ET measurement. Re-checked: not in the leakage-family list, not a constant column, not part of any exact-duplicate group (verified via content-hash across all numeric columns).",none,yes,"Eligible for Stage 2 regardless of standalone importance -- may still matter via nonlinear effects, thresholds, or interactions."
MEASURE_ET_DC_SEC_X_Ig_mAmm_at_Vg_cond_neg_FPSD3p2,yes,B,yes,"Original raw-CSV numeric process/inline/ET measurement. Re-checked: not in the leakage-family list, not a constant column, not part of any exact-duplicate group (verified via content-hash across all numeric columns).",none,yes,"Eligible for Stage 2 regardless of standalone importance -- may still matter via nonlinear effects, thresholds, or interactions."
MEASURE_ET_DC_SEC_X_Ig_mAmm_at_Vg_cond_neg_SD3p5,yes,B,yes,"Original raw-CSV numeric process/inline/ET measurement. Re-checked: not in the leakage-family list, not a constant column, not part of any exact-duplicate group (verified via content-hash across all numeric columns).",none,yes,"Eligible for Stage 2 regardless of standalone importance -- may still matter via nonlinear effects, thresholds, or interactions."
MEASURE_ET_DC_SEC_X_Ig_mAmm_at_Vg_cond_pos,yes,B,yes,"Original raw-CSV numeric process/inline/ET measurement. Re-checked: not in the leakage-family list, not a constant column, not part of any exact-duplicate group (verified via content-hash across all numeric columns).",none,yes,"Eligible for Stage 2 regardless of standalone importance -- may still matter via nonlinear effects, thresholds, or interactions."
MEASURE_ET_DC_SEC_X_Ig_mAmm_at_Vg_cond_pos_FPSD3p2,yes,B,yes,"Original raw-CSV numeric process/inline/ET measurement. Re-checked: not in the leakage-family list, not a constant column, not part of any exact-duplicate group (verified via content-hash across all numeric columns).",none,yes,"Eligible for Stage 2 regardless of standalone importance -- may still matter via nonlinear effects, thresholds, or interactions."
MEASURE_ET_DC_SEC_X_Ig_mAmm_at_Vg_cond_pos_SD3p5,yes,B,yes,"Original raw-CSV numeric process/inline/ET measurement. Re-checked: not in the leakage-family list, not a constant column, not part of any exact-duplicate group (verified via content-hash across all numeric columns).",none,yes,"Eligible for Stage 2 regardless of standalone importance -- may still matter via nonlinear effects, thresholds, or interactions."
MEASURE_ET_DC_SEC_X_Ron,yes,B,yes,"Original raw-CSV numeric process/inline/ET measurement. Re-checked: not in the leakage-family list, not a constant column, not part of any exact-duplicate group (verified via content-hash across all numeric columns).",none,yes,"Eligible for Stage 2 regardless of standalone importance -- may still matter via nonlinear effects, thresholds, or interactions."
MEASURE_ET_DC_SEC_X_Ron_FPSD3p2,yes,B,yes,"Original raw-CSV numeric process/inline/ET measurement. Re-checked: not in the leakage-family list, not a constant column, not part of any exact-duplicate group (verified via content-hash across all numeric columns).",none,yes,"Eligible for Stage 2 regardless of standalone importance -- may still matter via nonlinear effects, thresholds, or interactions."
MEASURE_ET_DC_SEC_X_Ron_SD3p5,yes,B,yes,"Original raw-CSV numeric process/inline/ET measurement. Re-checked: not in the leakage-family list, not a constant column, not part of any exact-duplicate group (verified via content-hash across all numeric columns).",none,yes,"Eligible for Stage 2 regardless of standalone importance -- may still matter via nonlinear effects, thresholds, or interactions."
MEASURE_ET_DC_SEC_X_Vboff_Id,yes,B,yes,"Original raw-CSV numeric process/inline/ET measurement. Re-checked: not in the leakage-family list, not a constant column, not part of any exact-duplicate group (verified via content-hash across all numeric columns).",none,yes,"Eligible for Stage 2 regardless of standalone importance -- may still matter via nonlinear effects, thresholds, or interactions."
MEASURE_ET_DC_SEC_X_Vboff_Id_FPSD3p2,yes,B,yes,"Original raw-CSV numeric process/inline/ET measurement. Re-checked: not in the leakage-family list, not a constant column, not part of any exact-duplicate group (verified via content-hash across all numeric columns).",none,yes,"Eligible for Stage 2 regardless of standalone importance -- may still matter via nonlinear effects, thresholds, or interactions."
MEASURE_ET_DC_SEC_X_Vboff_Id_plus_Ig,yes,B,yes,"Original raw-CSV numeric process/inline/ET measurement. Re-checked: not in the leakage-family list, not a constant column, not part of any exact-duplicate group (verified via content-hash across all numeric columns).",none,yes,"Eligible for Stage 2 regardless of standalone importance -- may still matter via nonlinear effects, thresholds, or interactions."
MEASURE_ET_DC_SEC_X_Vboff_Id_plus_Ig_FPSD3p2,yes,B,yes,"Original raw-CSV numeric process/inline/ET measurement. Re-checked: not in the leakage-family list, not a constant column, not part of any exact-duplicate group (verified via content-hash across all numeric columns).",none,yes,"Eligible for Stage 2 regardless of standalone importance -- may still matter via nonlinear effects, thresholds, or interactions."
MEASURE_ET_DC_SEC_X_Vboff_Id_plus_Ig_SD3p5,yes,B,yes,"Original raw-CSV numeric process/inline/ET measurement. Re-checked: not in the leakage-family list, not a constant column, not part of any exact-duplicate group (verified via content-hash across all numeric columns).",none,yes,"Eligible for Stage 2 regardless of standalone importance -- may still matter via nonlinear effects, thresholds, or interactions."
MEASURE_ET_DC_SEC_X_Vboff_Id_SD3p5,yes,B,yes,"Original raw-CSV numeric process/inline/ET measurement. Re-checked: not in the leakage-family list, not a constant column, not part of any exact-duplicate group (verified via content-hash across all numeric columns).",none,yes,"Eligible for Stage 2 regardless of standalone importance -- may still matter via nonlinear effects, thresholds, or interactions."
MEASURE_ET_DC_SEC_X_Vg_at_I1_neg,yes,B,yes,"Original raw-CSV numeric process/inline/ET measurement. Re-checked: not in the leakage-family list, not a constant column, not part of any exact-duplicate group (verified via content-hash across all numeric columns).",none,yes,"Eligible for Stage 2 regardless of standalone importance -- may still matter via nonlinear effects, thresholds, or interactions."
MEASURE_ET_DC_SEC_X_Vg_at_I1_neg_FPSD3p2,yes,B,yes,"Original raw-CSV numeric process/inline/ET measurement. Re-checked: not in the leakage-family list, not a constant column, not part of any exact-duplicate group (verified via content-hash across all numeric columns).",none,yes,"Eligible for Stage 2 regardless of standalone importance -- may still matter via nonlinear effects, thresholds, or interactions."
MEASURE_ET_DC_SEC_X_Vg_at_I1_neg_SD3p5,yes,B,yes,"Original raw-CSV numeric process/inline/ET measurement. Re-checked: not in the leakage-family list, not a constant column, not part of any exact-duplicate group (verified via content-hash across all numeric columns).",none,yes,"Eligible for Stage 2 regardless of standalone importance -- may still matter via nonlinear effects, thresholds, or interactions."
MEASURE_ET_DC_SEC_X_Vg_at_I1_pos,yes,B,yes,"Original raw-CSV numeric process/inline/ET measurement. Re-checked: not in the leakage-family list, not a constant column, not part of any exact-duplicate group (verified via content-hash across all numeric columns).",none,yes,"Eligible for Stage 2 regardless of standalone importance -- may still matter via nonlinear effects, thresholds, or interactions."
MEASURE_ET_DC_SEC_X_Vg_at_I1_pos_FPSD3p2,yes,B,yes,"Original raw-CSV numeric process/inline/ET measurement. Re-checked: not in the leakage-family list, not a constant column, not part of any exact-duplicate group (verified via content-hash across all numeric columns).",none,yes,"Eligible for Stage 2 regardless of standalone importance -- may still matter via nonlinear effects, thresholds, or interactions."
MEASURE_ET_DC_SEC_X_Vg_at_I1_pos_SD3p5,yes,B,yes,"Original raw-CSV numeric process/inline/ET measurement. Re-checked: not in the leakage-family list, not a constant column, not part of any exact-duplicate group (verified via content-hash across all numeric columns).",none,yes,"Eligible for Stage 2 regardless of standalone importance -- may still matter via nonlinear effects, thresholds, or interactions."
MEASURE_ET_DC_SEC_X_Vg_at_I2_neg,yes,B,yes,"Original raw-CSV numeric process/inline/ET measurement. Re-checked: not in the leakage-family list, not a constant column, not part of any exact-duplicate group (verified via content-hash across all numeric columns).",none,yes,"Eligible for Stage 2 regardless of standalone importance -- may still matter via nonlinear effects, thresholds, or interactions."
MEASURE_ET_DC_SEC_X_Vg_at_I2_neg_FPSD3p2,yes,B,yes,"Original raw-CSV numeric process/inline/ET measurement. Re-checked: not in the leakage-family list, not a constant column, not part of any exact-duplicate group (verified via content-hash across all numeric columns).",none,yes,"Eligible for Stage 2 regardless of standalone importance -- may still matter via nonlinear effects, thresholds, or interactions."
MEASURE_ET_DC_SEC_X_Vg_at_I2_neg_SD3p5,yes,B,yes,"Original raw-CSV numeric process/inline/ET measurement. Re-checked: not in the leakage-family list, not a constant column, not part of any exact-duplicate group (verified via content-hash across all numeric columns).",none,yes,"Eligible for Stage 2 regardless of standalone importance -- may still matter via nonlinear effects, thresholds, or interactions."
MEASURE_ET_DC_SEC_X_Vg_at_I2_pos,yes,B,yes,"Original raw-CSV numeric process/inline/ET measurement. Re-checked: not in the leakage-family list, not a constant column, not part of any exact-duplicate group (verified via content-hash across all numeric columns).",none,yes,"Eligible for Stage 2 regardless of standalone importance -- may still matter via nonlinear effects, thresholds, or interactions."
MEASURE_ET_DC_SEC_X_Vg_at_I2_pos_FPSD3p2,yes,B,yes,"Original raw-CSV numeric process/inline/ET measurement. Re-checked: not in the leakage-family list, not a constant column, not part of any exact-duplicate group (verified via content-hash across all numeric columns).",none,yes,"Eligible for Stage 2 regardless of standalone importance -- may still matter via nonlinear effects, thresholds, or interactions."
MEASURE_ET_DC_SEC_X_Vg_at_I2_pos_SD3p5,yes,B,yes,"Original raw-CSV numeric process/inline/ET measurement. Re-checked: not in the leakage-family list, not a constant column, not part of any exact-duplicate group (verified via content-hash across all numeric columns).",none,yes,"Eligible for Stage 2 regardless of standalone importance -- may still matter via nonlinear effects, thresholds, or interactions."
MEASURE_ET_DC_SEC_X_Vg_at_I3_neg,yes,B,yes,"Original raw-CSV numeric process/inline/ET measurement. Re-checked: not in the leakage-family list, not a constant column, not part of any exact-duplicate group (verified via content-hash across all numeric columns).",none,yes,"Eligible for Stage 2 regardless of standalone importance -- may still matter via nonlinear effects, thresholds, or interactions."
MEASURE_ET_DC_SEC_X_Vg_at_I3_neg_FPSD3p2,yes,B,yes,"Original raw-CSV numeric process/inline/ET measurement. Re-checked: not in the leakage-family list, not a constant column, not part of any exact-duplicate group (verified via content-hash across all numeric columns).",none,yes,"Eligible for Stage 2 regardless of standalone importance -- may still matter via nonlinear effects, thresholds, or interactions."
MEASURE_ET_DC_SEC_X_Vg_at_I3_neg_SD3p5,yes,B,yes,"Original raw-CSV numeric process/inline/ET measurement. Re-checked: not in the leakage-family list, not a constant column, not part of any exact-duplicate group (verified via content-hash across all numeric columns).",none,yes,"Eligible for Stage 2 regardless of standalone importance -- may still matter via nonlinear effects, thresholds, or interactions."
MEASURE_ET_DC_SEC_X_Vg_at_I3_pos,yes,B,yes,"Original raw-CSV numeric process/inline/ET measurement. Re-checked: not in the leakage-family list, not a constant column, not part of any exact-duplicate group (verified via content-hash across all numeric columns).",none,yes,"Eligible for Stage 2 regardless of standalone importance -- may still matter via nonlinear effects, thresholds, or interactions."
MEASURE_ET_DC_SEC_X_Vg_at_I3_pos_FPSD3p2,yes,B,yes,"Original raw-CSV numeric process/inline/ET measurement. Re-checked: not in the leakage-family list, not a constant column, not part of any exact-duplicate group (verified via content-hash across all numeric columns).",none,yes,"Eligible for Stage 2 regardless of standalone importance -- may still matter via nonlinear effects, thresholds, or interactions."
MEASURE_ET_DC_SEC_X_Vg_at_I3_pos_SD3p5,yes,B,yes,"Original raw-CSV numeric process/inline/ET measurement. Re-checked: not in the leakage-family list, not a constant column, not part of any exact-duplicate group (verified via content-hash across all numeric columns).",none,yes,"Eligible for Stage 2 regardless of standalone importance -- may still matter via nonlinear effects, thresholds, or interactions."
MEASURE_ET_DC_SEC_X_Vp_0p7_mA_mm,yes,B,yes,"Original raw-CSV numeric process/inline/ET measurement. Re-checked: not in the leakage-family list, not a constant column, not part of any exact-duplicate group (verified via content-hash across all numeric columns).",none,yes,"Eligible for Stage 2 regardless of standalone importance -- may still matter via nonlinear effects, thresholds, or interactions."
MEASURE_ET_DC_SEC_X_Vp_1_mA_mm,yes,B,yes,"Original raw-CSV numeric process/inline/ET measurement. Re-checked: not in the leakage-family list, not a constant column, not part of any exact-duplicate group (verified via content-hash across all numeric columns).",none,yes,"Eligible for Stage 2 regardless of standalone importance -- may still matter via nonlinear effects, thresholds, or interactions."
MEASURE_ET_DC_SEC_X_Vp_1_mA_mm_first,yes,B,yes,"Original raw-CSV numeric process/inline/ET measurement. Re-checked: not in the leakage-family list, not a constant column, not part of any exact-duplicate group (verified via content-hash across all numeric columns).",none,yes,"Eligible for Stage 2 regardless of standalone importance -- may still matter via nonlinear effects, thresholds, or interactions."
MEASURE_ET_DC_SEC_X_Vp_1_mA_mm_first_FPSD3p2,yes,B,yes,"Original raw-CSV numeric process/inline/ET measurement. Re-checked: not in the leakage-family list, not a constant column, not part of any exact-duplicate group (verified via content-hash across all numeric columns).",none,yes,"Eligible for Stage 2 regardless of standalone importance -- may still matter via nonlinear effects, thresholds, or interactions."
MEASURE_ET_DC_SEC_X_Vp_1_mA_mm_first_SD3p5,yes,B,yes,"Original raw-CSV numeric process/inline/ET measurement. Re-checked: not in the leakage-family list, not a constant column, not part of any exact-duplicate group (verified via content-hash across all numeric columns).",none,yes,"Eligible for Stage 2 regardless of standalone importance -- may still matter via nonlinear effects, thresholds, or interactions."
MEASURE_ET_DC_SEC_X_Vp_1_mA_mm_second,yes,B,yes,"Original raw-CSV numeric process/inline/ET measurement. Re-checked: not in the leakage-family list, not a constant column, not part of any exact-duplicate group (verified via content-hash across all numeric columns).",none,yes,"Eligible for Stage 2 regardless of standalone importance -- may still matter via nonlinear effects, thresholds, or interactions."
MEASURE_ET_DC_SEC_X_Vp_1_mA_mm_second_FPSD3p2,yes,B,yes,"Original raw-CSV numeric process/inline/ET measurement. Re-checked: not in the leakage-family list, not a constant column, not part of any exact-duplicate group (verified via content-hash across all numeric columns).",none,yes,"Eligible for Stage 2 regardless of standalone importance -- may still matter via nonlinear effects, thresholds, or interactions."
MEASURE_ET_DC_SEC_X_Vp_1_mA_mm_second_SD3p5,yes,B,yes,"Original raw-CSV numeric process/inline/ET measurement. Re-checked: not in the leakage-family list, not a constant column, not part of any exact-duplicate group (verified via content-hash across all numeric columns).",none,yes,"Eligible for Stage 2 regardless of standalone importance -- may still matter via nonlinear effects, thresholds, or interactions."
MEASURE_ET_DC_SMALL_Gm_0,yes,B,yes,"Original raw-CSV numeric process/inline/ET measurement. Re-checked: not in the leakage-family list, not a constant column, not part of any exact-duplicate group (verified via content-hash across all numeric columns).",none,yes,"Eligible for Stage 2 regardless of standalone importance -- may still matter via nonlinear effects, thresholds, or interactions."
MEASURE_ET_DC_SMALL_Gm_m0p2,yes,B,yes,"Original raw-CSV numeric process/inline/ET measurement. Re-checked: not in the leakage-family list, not a constant column, not part of any exact-duplicate group (verified via content-hash across all numeric columns).",none,yes,"Eligible for Stage 2 regardless of standalone importance -- may still matter via nonlinear effects, thresholds, or interactions."
MEASURE_ET_DC_SMALL_Gm_max,yes,B,yes,"Original raw-CSV numeric process/inline/ET measurement. Re-checked: not in the leakage-family list, not a constant column, not part of any exact-duplicate group (verified via content-hash across all numeric columns).",none,yes,"Eligible for Stage 2 regardless of standalone importance -- may still matter via nonlinear effects, thresholds, or interactions."
MEASURE_ET_DC_SMALL_Id_gm_max,yes,B,yes,"Original raw-CSV numeric process/inline/ET measurement. Re-checked: not in the leakage-family list, not a constant column, not part of any exact-duplicate group (verified via content-hash across all numeric columns).",none,yes,"Eligible for Stage 2 regardless of standalone importance -- may still matter via nonlinear effects, thresholds, or interactions."
MEASURE_ET_DC_SMALL_Ids_m0p2,yes,B,yes,"Original raw-CSV numeric process/inline/ET measurement. Re-checked: not in the leakage-family list, not a constant column, not part of any exact-duplicate group (verified via content-hash across all numeric columns).",none,yes,"Eligible for Stage 2 regardless of standalone importance -- may still matter via nonlinear effects, thresholds, or interactions."
MEASURE_ET_DC_SMALL_Idss,yes,B,yes,"Original raw-CSV numeric process/inline/ET measurement. Re-checked: not in the leakage-family list, not a constant column, not part of any exact-duplicate group (verified via content-hash across all numeric columns).",none,yes,"Eligible for Stage 2 regardless of standalone importance -- may still matter via nonlinear effects, thresholds, or interactions."
MEASURE_ET_DC_SMALL_Imax,yes,B,yes,"Original raw-CSV numeric process/inline/ET measurement. Re-checked: not in the leakage-family list, not a constant column, not part of any exact-duplicate group (verified via content-hash across all numeric columns).",none,yes,"Eligible for Stage 2 regardless of standalone importance -- may still matter via nonlinear effects, thresholds, or interactions."
MEASURE_ET_DC_SMALL_n_gd,yes,B,yes,"Original raw-CSV numeric process/inline/ET measurement. Re-checked: not in the leakage-family list, not a constant column, not part of any exact-duplicate group (verified via content-hash across all numeric columns).",none,yes,"Eligible for Stage 2 regardless of standalone importance -- may still matter via nonlinear effects, thresholds, or interactions."
MEASURE_ET_DC_SMALL_n_gs,yes,B,yes,"Original raw-CSV numeric process/inline/ET measurement. Re-checked: not in the leakage-family list, not a constant column, not part of any exact-duplicate group (verified via content-hash across all numeric columns).",none,yes,"Eligible for Stage 2 regardless of standalone importance -- may still matter via nonlinear effects, thresholds, or interactions."
MEASURE_ET_DC_SMALL_Vbgd_0p01,yes,B,yes,"Original raw-CSV numeric process/inline/ET measurement. Re-checked: not in the leakage-family list, not a constant column, not part of any exact-duplicate group (verified via content-hash across all numeric columns).",none,yes,"Eligible for Stage 2 regardless of standalone importance -- may still matter via nonlinear effects, thresholds, or interactions."
MEASURE_ET_DC_SMALL_Vbgd_0p1,yes,B,yes,"Original raw-CSV numeric process/inline/ET measurement. Re-checked: not in the leakage-family list, not a constant column, not part of any exact-duplicate group (verified via content-hash across all numeric columns).",none,yes,"Eligible for Stage 2 regardless of standalone importance -- may still matter via nonlinear effects, thresholds, or interactions."
MEASURE_ET_DC_SMALL_Vbgd1,yes,B,yes,"Original raw-CSV numeric process/inline/ET measurement. Re-checked: not in the leakage-family list, not a constant column, not part of any exact-duplicate group (verified via content-hash across all numeric columns).",none,yes,"Eligible for Stage 2 regardless of standalone importance -- may still matter via nonlinear effects, thresholds, or interactions."
MEASURE_ET_DC_SMALL_Vbgs_0p01,yes,B,yes,"Original raw-CSV numeric process/inline/ET measurement. Re-checked: not in the leakage-family list, not a constant column, not part of any exact-duplicate group (verified via content-hash across all numeric columns).",none,yes,"Eligible for Stage 2 regardless of standalone importance -- may still matter via nonlinear effects, thresholds, or interactions."
MEASURE_ET_DC_SMALL_Vbgs_0p1,yes,B,yes,"Original raw-CSV numeric process/inline/ET measurement. Re-checked: not in the leakage-family list, not a constant column, not part of any exact-duplicate group (verified via content-hash across all numeric columns).",none,yes,"Eligible for Stage 2 regardless of standalone importance -- may still matter via nonlinear effects, thresholds, or interactions."
MEASURE_ET_DC_SMALL_Vbgs1,yes,B,yes,"Original raw-CSV numeric process/inline/ET measurement. Re-checked: not in the leakage-family list, not a constant column, not part of any exact-duplicate group (verified via content-hash across all numeric columns).",none,yes,"Eligible for Stage 2 regardless of standalone importance -- may still matter via nonlinear effects, thresholds, or interactions."
MEASURE_ET_DC_SMALL_Vbin_gd,yes,B,yes,"Original raw-CSV numeric process/inline/ET measurement. Re-checked: not in the leakage-family list, not a constant column, not part of any exact-duplicate group (verified via content-hash across all numeric columns).",none,yes,"Eligible for Stage 2 regardless of standalone importance -- may still matter via nonlinear effects, thresholds, or interactions."
MEASURE_ET_DC_SMALL_Vbin_gs,yes,B,yes,"Original raw-CSV numeric process/inline/ET measurement. Re-checked: not in the leakage-family list, not a constant column, not part of any exact-duplicate group (verified via content-hash across all numeric columns).",none,yes,"Eligible for Stage 2 regardless of standalone importance -- may still matter via nonlinear effects, thresholds, or interactions."
MEASURE_ET_DC_SMALL_Vboff,yes,B,yes,"Original raw-CSV numeric process/inline/ET measurement. Re-checked: not in the leakage-family list, not a constant column, not part of any exact-duplicate group (verified via content-hash across all numeric columns).",none,yes,"Eligible for Stage 2 regardless of standalone importance -- may still matter via nonlinear effects, thresholds, or interactions."
MEASURE_ET_DC_SMALL_Vdg_max,yes,B,yes,"Original raw-CSV numeric process/inline/ET measurement. Re-checked: not in the leakage-family list, not a constant column, not part of any exact-duplicate group (verified via content-hash across all numeric columns).",none,yes,"Eligible for Stage 2 regardless of standalone importance -- may still matter via nonlinear effects, thresholds, or interactions."
MEASURE_ET_DC_SMALL_Vdg_max_0p1,yes,B,yes,"Original raw-CSV numeric process/inline/ET measurement. Re-checked: not in the leakage-family list, not a constant column, not part of any exact-duplicate group (verified via content-hash across all numeric columns).",none,yes,"Eligible for Stage 2 regardless of standalone importance -- may still matter via nonlinear effects, thresholds, or interactions."
MEASURE_ET_DC_SMALL_Vds_max,yes,B,yes,"Original raw-CSV numeric process/inline/ET measurement. Re-checked: not in the leakage-family list, not a constant column, not part of any exact-duplicate group (verified via content-hash across all numeric columns).",none,yes,"Eligible for Stage 2 regardless of standalone importance -- may still matter via nonlinear effects, thresholds, or interactions."
MEASURE_ET_DC_SMALL_Vds_max_0p1,yes,B,yes,"Original raw-CSV numeric process/inline/ET measurement. Re-checked: not in the leakage-family list, not a constant column, not part of any exact-duplicate group (verified via content-hash across all numeric columns).",none,yes,"Eligible for Stage 2 regardless of standalone importance -- may still matter via nonlinear effects, thresholds, or interactions."
MEASURE_ET_DC_SMALL_Vg_gm_max,yes,B,yes,"Original raw-CSV numeric process/inline/ET measurement. Re-checked: not in the leakage-family list, not a constant column, not part of any exact-duplicate group (verified via content-hash across all numeric columns).",none,yes,"Eligible for Stage 2 regardless of standalone importance -- may still matter via nonlinear effects, thresholds, or interactions."
MEASURE_ET_DC_SMALL_Vg_max_Vd,yes,B,yes,"Original raw-CSV numeric process/inline/ET measurement. Re-checked: not in the leakage-family list, not a constant column, not part of any exact-duplicate group (verified via content-hash across all numeric columns).",none,yes,"Eligible for Stage 2 regardless of standalone importance -- may still matter via nonlinear effects, thresholds, or interactions."
MEASURE_ET_DC_SMALL_Vg_max_Vd_0p1,yes,B,yes,"Original raw-CSV numeric process/inline/ET measurement. Re-checked: not in the leakage-family list, not a constant column, not part of any exact-duplicate group (verified via content-hash across all numeric columns).",none,yes,"Eligible for Stage 2 regardless of standalone importance -- may still matter via nonlinear effects, thresholds, or interactions."
MEASURE_ET_DC_SMALL_Vg_optt,yes,B,yes,"Original raw-CSV numeric process/inline/ET measurement. Re-checked: not in the leakage-family list, not a constant column, not part of any exact-duplicate group (verified via content-hash across all numeric columns).",none,yes,"Eligible for Stage 2 regardless of standalone importance -- may still matter via nonlinear effects, thresholds, or interactions."
MEASURE_ET_DC_SMALL_Vp_01,yes,B,yes,"Original raw-CSV numeric process/inline/ET measurement. Re-checked: not in the leakage-family list, not a constant column, not part of any exact-duplicate group (verified via content-hash across all numeric columns).",none,yes,"Eligible for Stage 2 regardless of standalone importance -- may still matter via nonlinear effects, thresholds, or interactions."
MEASURE_ET_DC_SMALL_Vp_1,yes,B,yes,"Original raw-CSV numeric process/inline/ET measurement. Re-checked: not in the leakage-family list, not a constant column, not part of any exact-duplicate group (verified via content-hash across all numeric columns).",none,yes,"Eligible for Stage 2 regardless of standalone importance -- may still matter via nonlinear effects, thresholds, or interactions."
MEASURE_ET_DC_SMALL_Vt_gd,yes,B,yes,"Original raw-CSV numeric process/inline/ET measurement. Re-checked: not in the leakage-family list, not a constant column, not part of any exact-duplicate group (verified via content-hash across all numeric columns).",none,yes,"Eligible for Stage 2 regardless of standalone importance -- may still matter via nonlinear effects, thresholds, or interactions."
MEASURE_ET_DC_SMALL_Vt_gs,yes,B,yes,"Original raw-CSV numeric process/inline/ET measurement. Re-checked: not in the leakage-family list, not a constant column, not part of any exact-duplicate group (verified via content-hash across all numeric columns).",none,yes,"Eligible for Stage 2 regardless of standalone importance -- may still matter via nonlinear effects, thresholds, or interactions."
MEASURE_ET_DC_Stress_Gm_max_after,yes,B,yes,"Original raw-CSV numeric process/inline/ET measurement. Re-checked: not in the leakage-family list, not a constant column, not part of any exact-duplicate group (verified via content-hash across all numeric columns).",none,yes,"Eligible for Stage 2 regardless of standalone importance -- may still matter via nonlinear effects, thresholds, or interactions."
MEASURE_ET_DC_Stress_Gm_max_before,yes,B,yes,"Original raw-CSV numeric process/inline/ET measurement. Re-checked: not in the leakage-family list, not a constant column, not part of any exact-duplicate group (verified via content-hash across all numeric columns).",none,yes,"Eligible for Stage 2 regardless of standalone importance -- may still matter via nonlinear effects, thresholds, or interactions."
MEASURE_ET_DC_Stress_Id_gm_max_after,yes,B,yes,"Original raw-CSV numeric process/inline/ET measurement. Re-checked: not in the leakage-family list, not a constant column, not part of any exact-duplicate group (verified via content-hash across all numeric columns).",none,yes,"Eligible for Stage 2 regardless of standalone importance -- may still matter via nonlinear effects, thresholds, or interactions."
MEASURE_ET_DC_Stress_Id_gm_max_before,yes,B,yes,"Original raw-CSV numeric process/inline/ET measurement. Re-checked: not in the leakage-family list, not a constant column, not part of any exact-duplicate group (verified via content-hash across all numeric columns).",none,yes,"Eligible for Stage 2 regardless of standalone importance -- may still matter via nonlinear effects, thresholds, or interactions."
MEASURE_ET_DC_Stress_Id_max_Ig_after,yes,B,yes,"Original raw-CSV numeric process/inline/ET measurement. Re-checked: not in the leakage-family list, not a constant column, not part of any exact-duplicate group (verified via content-hash across all numeric columns).",none,yes,"Eligible for Stage 2 regardless of standalone importance -- may still matter via nonlinear effects, thresholds, or interactions."
MEASURE_ET_DC_Stress_Id_max_Ig_before,yes,B,yes,"Original raw-CSV numeric process/inline/ET measurement. Re-checked: not in the leakage-family list, not a constant column, not part of any exact-duplicate group (verified via content-hash across all numeric columns).",none,yes,"Eligible for Stage 2 regardless of standalone importance -- may still matter via nonlinear effects, thresholds, or interactions."
MEASURE_ET_DC_Stress_Id_stress_after,yes,B,yes,"Original raw-CSV numeric process/inline/ET measurement. Re-checked: not in the leakage-family list, not a constant column, not part of any exact-duplicate group (verified via content-hash across all numeric columns).",none,yes,"Eligible for Stage 2 regardless of standalone importance -- may still matter via nonlinear effects, thresholds, or interactions."
MEASURE_ET_DC_Stress_Id_stress_before,yes,B,yes,"Original raw-CSV numeric process/inline/ET measurement. Re-checked: not in the leakage-family list, not a constant column, not part of any exact-duplicate group (verified via content-hash across all numeric columns).",none,yes,"Eligible for Stage 2 regardless of standalone importance -- may still matter via nonlinear effects, thresholds, or interactions."
MEASURE_ET_DC_Stress_Idss_after,yes,B,yes,"Original raw-CSV numeric process/inline/ET measurement. Re-checked: not in the leakage-family list, not a constant column, not part of any exact-duplicate group (verified via content-hash across all numeric columns).",none,yes,"Eligible for Stage 2 regardless of standalone importance -- may still matter via nonlinear effects, thresholds, or interactions."
MEASURE_ET_DC_Stress_Idss_before,yes,B,yes,"Original raw-CSV numeric process/inline/ET measurement. Re-checked: not in the leakage-family list, not a constant column, not part of any exact-duplicate group (verified via content-hash across all numeric columns).",none,yes,"Eligible for Stage 2 regardless of standalone importance -- may still matter via nonlinear effects, thresholds, or interactions."
MEASURE_ET_DC_Stress_Ig_max_after,yes,B,yes,"Original raw-CSV numeric process/inline/ET measurement. Re-checked: not in the leakage-family list, not a constant column, not part of any exact-duplicate group (verified via content-hash across all numeric columns).",none,yes,"Eligible for Stage 2 regardless of standalone importance -- may still matter via nonlinear effects, thresholds, or interactions."
MEASURE_ET_DC_Stress_Ig_max_before,yes,B,yes,"Original raw-CSV numeric process/inline/ET measurement. Re-checked: not in the leakage-family list, not a constant column, not part of any exact-duplicate group (verified via content-hash across all numeric columns).",none,yes,"Eligible for Stage 2 regardless of standalone importance -- may still matter via nonlinear effects, thresholds, or interactions."
MEASURE_ET_DC_Stress_Stress_time,yes,B,yes,"Original raw-CSV numeric process/inline/ET measurement. Re-checked: not in the leakage-family list, not a constant column, not part of any exact-duplicate group (verified via content-hash across all numeric columns).",none,yes,"Eligible for Stage 2 regardless of standalone importance -- may still matter via nonlinear effects, thresholds, or interactions."
MEASURE_ET_DC_Stress_Vd_stress,yes,B,yes,"Original raw-CSV numeric process/inline/ET measurement. Re-checked: not in the leakage-family list, not a constant column, not part of any exact-duplicate group (verified via content-hash across all numeric columns).",none,yes,"Eligible for Stage 2 regardless of standalone importance -- may still matter via nonlinear effects, thresholds, or interactions."
MEASURE_ET_DC_Stress_Vg_gm_max_after,yes,B,yes,"Original raw-CSV numeric process/inline/ET measurement. Re-checked: not in the leakage-family list, not a constant column, not part of any exact-duplicate group (verified via content-hash across all numeric columns).",none,yes,"Eligible for Stage 2 regardless of standalone importance -- may still matter via nonlinear effects, thresholds, or interactions."
MEASURE_ET_DC_Stress_Vg_gm_max_before,yes,B,yes,"Original raw-CSV numeric process/inline/ET measurement. Re-checked: not in the leakage-family list, not a constant column, not part of any exact-duplicate group (verified via content-hash across all numeric columns).",none,yes,"Eligible for Stage 2 regardless of standalone importance -- may still matter via nonlinear effects, thresholds, or interactions."
MEASURE_ET_DC_Stress_Vg_max_Ig_after,yes,B,yes,"Original raw-CSV numeric process/inline/ET measurement. Re-checked: not in the leakage-family list, not a constant column, not part of any exact-duplicate group (verified via content-hash across all numeric columns).",none,yes,"Eligible for Stage 2 regardless of standalone importance -- may still matter via nonlinear effects, thresholds, or interactions."
MEASURE_ET_DC_Stress_Vg_max_Ig_before,yes,B,yes,"Original raw-CSV numeric process/inline/ET measurement. Re-checked: not in the leakage-family list, not a constant column, not part of any exact-duplicate group (verified via content-hash across all numeric columns).",none,yes,"Eligible for Stage 2 regardless of standalone importance -- may still matter via nonlinear effects, thresholds, or interactions."
MEASURE_ET_DC_Stress_Vp_after,yes,B,yes,"Original raw-CSV numeric process/inline/ET measurement. Re-checked: not in the leakage-family list, not a constant column, not part of any exact-duplicate group (verified via content-hash across all numeric columns).",none,yes,"Eligible for Stage 2 regardless of standalone importance -- may still matter via nonlinear effects, thresholds, or interactions."
MEASURE_ET_DC_Stress_Vp_before,yes,B,yes,"Original raw-CSV numeric process/inline/ET measurement. Re-checked: not in the leakage-family list, not a constant column, not part of any exact-duplicate group (verified via content-hash across all numeric columns).",none,yes,"Eligible for Stage 2 regardless of standalone importance -- may still matter via nonlinear effects, thresholds, or interactions."
MEASURE_ET_DC_Stress_Vp_delta,yes,B,yes,"Original raw-CSV numeric process/inline/ET measurement. Re-checked: not in the leakage-family list, not a constant column, not part of any exact-duplicate group (verified via content-hash across all numeric columns).",none,yes,"Eligible for Stage 2 regardless of standalone importance -- may still matter via nonlinear effects, thresholds, or interactions."
MEASURE_ET_Load_Pull_Freq,yes,B,yes,"Original raw-CSV numeric process/inline/ET measurement. Re-checked: not in the leakage-family list, not a constant column, not part of any exact-duplicate group (verified via content-hash across all numeric columns).",none,yes,"Eligible for Stage 2 regardless of standalone importance -- may still matter via nonlinear effects, thresholds, or interactions."
MEASURE_ET_Load_Pull_Gain_comp_Last,yes,B,yes,"Original raw-CSV numeric process/inline/ET measurement. Re-checked: not in the leakage-family list, not a constant column, not part of any exact-duplicate group (verified via content-hash across all numeric columns).",none,yes,"Eligible for Stage 2 regardless of standalone importance -- may still matter via nonlinear effects, thresholds, or interactions."
MEASURE_ET_Load_Pull_GL_meas,yes,B,yes,"Original raw-CSV numeric process/inline/ET measurement. Re-checked: not in the leakage-family list, not a constant column, not part of any exact-duplicate group (verified via content-hash across all numeric columns).",none,yes,"Eligible for Stage 2 regardless of standalone importance -- may still matter via nonlinear effects, thresholds, or interactions."
MEASURE_ET_Load_Pull_GL_set,yes,B,yes,"Original raw-CSV numeric process/inline/ET measurement. Re-checked: not in the leakage-family list, not a constant column, not part of any exact-duplicate group (verified via content-hash across all numeric columns).",none,yes,"Eligible for Stage 2 regardless of standalone importance -- may still matter via nonlinear effects, thresholds, or interactions."
MEASURE_ET_Load_Pull_Gss,yes,B,yes,"Original raw-CSV numeric process/inline/ET measurement. Re-checked: not in the leakage-family list, not a constant column, not part of any exact-duplicate group (verified via content-hash across all numeric columns).",none,yes,"Eligible for Stage 2 regardless of standalone importance -- may still matter via nonlinear effects, thresholds, or interactions."
MEASURE_ET_Load_Pull_ID_comp_Last_mA,yes,B,yes,"Original raw-CSV numeric process/inline/ET measurement. Re-checked: not in the leakage-family list, not a constant column, not part of any exact-duplicate group (verified via content-hash across all numeric columns).",none,yes,"Eligible for Stage 2 regardless of standalone importance -- may still matter via nonlinear effects, thresholds, or interactions."
MEASURE_ET_Load_Pull_Id_ini,yes,B,yes,"Original raw-CSV numeric process/inline/ET measurement. Re-checked: not in the leakage-family list, not a constant column, not part of any exact-duplicate group (verified via content-hash across all numeric columns).",none,yes,"Eligible for Stage 2 regardless of standalone importance -- may still matter via nonlinear effects, thresholds, or interactions."
MEASURE_ET_Load_Pull_Id_ord,yes,B,yes,"Original raw-CSV numeric process/inline/ET measurement. Re-checked: not in the leakage-family list, not a constant column, not part of any exact-duplicate group (verified via content-hash across all numeric columns).",none,yes,"Eligible for Stage 2 regardless of standalone importance -- may still matter via nonlinear effects, thresholds, or interactions."
MEASURE_ET_Load_Pull_Id_SS,yes,B,yes,"Original raw-CSV numeric process/inline/ET measurement. Re-checked: not in the leakage-family list, not a constant column, not part of any exact-duplicate group (verified via content-hash across all numeric columns).",none,yes,"Eligible for Stage 2 regardless of standalone importance -- may still matter via nonlinear effects, thresholds, or interactions."
MEASURE_ET_Load_Pull_IG_comp_Last_uA,yes,B,yes,"Original raw-CSV numeric process/inline/ET measurement. Re-checked: not in the leakage-family list, not a constant column, not part of any exact-duplicate group (verified via content-hash across all numeric columns).",none,yes,"Eligible for Stage 2 regardless of standalone importance -- may still matter via nonlinear effects, thresholds, or interactions."
MEASURE_ET_Load_Pull_P.A.E_Last,yes,B,yes,"Original raw-CSV numeric process/inline/ET measurement. Re-checked: not in the leakage-family list, not a constant column, not part of any exact-duplicate group (verified via content-hash across all numeric columns).",none,yes,"Eligible for Stage 2 regardless of standalone importance -- may still matter via nonlinear effects, thresholds, or interactions."
MEASURE_ET_Load_Pull_PhL_meas,yes,B,yes,"Original raw-CSV numeric process/inline/ET measurement. Re-checked: not in the leakage-family list, not a constant column, not part of any exact-duplicate group (verified via content-hash across all numeric columns).",none,yes,"Eligible for Stage 2 regardless of standalone importance -- may still matter via nonlinear effects, thresholds, or interactions."
MEASURE_ET_Load_Pull_PhL_set,yes,B,yes,"Original raw-CSV numeric process/inline/ET measurement. Re-checked: not in the leakage-family list, not a constant column, not part of any exact-duplicate group (verified via content-hash across all numeric columns).",none,yes,"Eligible for Stage 2 regardless of standalone importance -- may still matter via nonlinear effects, thresholds, or interactions."
MEASURE_ET_Load_Pull_Pin_Cut,yes,B,yes,"Original raw-CSV numeric process/inline/ET measurement. Re-checked: not in the leakage-family list, not a constant column, not part of any exact-duplicate group (verified via content-hash across all numeric columns).",none,yes,"Eligible for Stage 2 regardless of standalone importance -- may still matter via nonlinear effects, thresholds, or interactions."
MEASURE_ET_Load_Pull_Pin_Last,yes,B,yes,"Original raw-CSV numeric process/inline/ET measurement. Re-checked: not in the leakage-family list, not a constant column, not part of any exact-duplicate group (verified via content-hash across all numeric columns).",none,yes,"Eligible for Stage 2 regardless of standalone importance -- may still matter via nonlinear effects, thresholds, or interactions."
MEASURE_ET_Load_Pull_Pout_Last,yes,B,yes,"Original raw-CSV numeric process/inline/ET measurement. Re-checked: not in the leakage-family list, not a constant column, not part of any exact-duplicate group (verified via content-hash across all numeric columns).",none,yes,"Eligible for Stage 2 regardless of standalone importance -- may still matter via nonlinear effects, thresholds, or interactions."
MEASURE_ET_Load_Pull_Pout_W_last,yes,B,yes,"Original raw-CSV numeric process/inline/ET measurement. Re-checked: not in the leakage-family list, not a constant column, not part of any exact-duplicate group (verified via content-hash across all numeric columns).",none,yes,"Eligible for Stage 2 regardless of standalone importance -- may still matter via nonlinear effects, thresholds, or interactions."
MEASURE_ET_Load_Pull_Pout_W_mm_last,yes,B,yes,"Original raw-CSV numeric process/inline/ET measurement. Re-checked: not in the leakage-family list, not a constant column, not part of any exact-duplicate group (verified via content-hash across all numeric columns).",none,yes,"Eligible for Stage 2 regardless of standalone importance -- may still matter via nonlinear effects, thresholds, or interactions."
MEASURE_ET_Load_Pull_Vg,yes,B,yes,"Original raw-CSV numeric process/inline/ET measurement. Re-checked: not in the leakage-family list, not a constant column, not part of any exact-duplicate group (verified via content-hash across all numeric columns).",none,yes,"Eligible for Stage 2 regardless of standalone importance -- may still matter via nonlinear effects, thresholds, or interactions."
MEASURE_ET_LT_SEC_ChipStatus,yes,B,yes,"Original raw-CSV numeric process/inline/ET measurement. Re-checked: not in the leakage-family list, not a constant column, not part of any exact-duplicate group (verified via content-hash across all numeric columns).",none,yes,"Eligible for Stage 2 regardless of standalone importance -- may still matter via nonlinear effects, thresholds, or interactions."
MEASURE_ET_LT_SEC_Id_min_mA_mm,yes,B,yes,"Original raw-CSV numeric process/inline/ET measurement. Re-checked: not in the leakage-family list, not a constant column, not part of any exact-duplicate group (verified via content-hash across all numeric columns).",none,yes,"Eligible for Stage 2 regardless of standalone importance -- may still matter via nonlinear effects, thresholds, or interactions."
MEASURE_ET_LT_SEC_Id_min_mA_mm_Vd3,yes,B,yes,"Original raw-CSV numeric process/inline/ET measurement. Re-checked: not in the leakage-family list, not a constant column, not part of any exact-duplicate group (verified via content-hash across all numeric columns).",none,yes,"Eligible for Stage 2 regardless of standalone importance -- may still matter via nonlinear effects, thresholds, or interactions."
MEASURE_ET_LT_SEC_Id_min_mA_mm_Vd7,yes,B,yes,"Original raw-CSV numeric process/inline/ET measurement. Re-checked: not in the leakage-family list, not a constant column, not part of any exact-duplicate group (verified via content-hash across all numeric columns).",none,yes,"Eligible for Stage 2 regardless of standalone importance -- may still matter via nonlinear effects, thresholds, or interactions."
MEASURE_ET_LT_SEC_Id_min_mA_mm_Vd8,yes,B,yes,"Original raw-CSV numeric process/inline/ET measurement. Re-checked: not in the leakage-family list, not a constant column, not part of any exact-duplicate group (verified via content-hash across all numeric columns).",none,yes,"Eligible for Stage 2 regardless of standalone importance -- may still matter via nonlinear effects, thresholds, or interactions."
MEASURE_ET_LT_SEC_Ig_Id_min_mA_mm,yes,B,yes,"Original raw-CSV numeric process/inline/ET measurement. Re-checked: not in the leakage-family list, not a constant column, not part of any exact-duplicate group (verified via content-hash across all numeric columns).",none,yes,"Eligible for Stage 2 regardless of standalone importance -- may still matter via nonlinear effects, thresholds, or interactions."
MEASURE_ET_LT_SEC_Ig_Id_min_mA_mm_Vd3,yes,B,yes,"Original raw-CSV numeric process/inline/ET measurement. Re-checked: not in the leakage-family list, not a constant column, not part of any exact-duplicate group (verified via content-hash across all numeric columns).",none,yes,"Eligible for Stage 2 regardless of standalone importance -- may still matter via nonlinear effects, thresholds, or interactions."
MEASURE_ET_LT_SEC_Ig_Id_min_mA_mm_Vd7,yes,B,yes,"Original raw-CSV numeric process/inline/ET measurement. Re-checked: not in the leakage-family list, not a constant column, not part of any exact-duplicate group (verified via content-hash across all numeric columns).",none,yes,"Eligible for Stage 2 regardless of standalone importance -- may still matter via nonlinear effects, thresholds, or interactions."
MEASURE_ET_LT_SEC_Ig_Id_min_mA_mm_Vd8,yes,B,yes,"Original raw-CSV numeric process/inline/ET measurement. Re-checked: not in the leakage-family list, not a constant column, not part of any exact-duplicate group (verified via content-hash across all numeric columns).",none,yes,"Eligible for Stage 2 regardless of standalone importance -- may still matter via nonlinear effects, thresholds, or interactions."
MEASURE_ET_LT_SEC_Ileak_m10p5V_mA_mm,yes,B,yes,"Original raw-CSV numeric process/inline/ET measurement. Re-checked: not in the leakage-family list, not a constant column, not part of any exact-duplicate group (verified via content-hash across all numeric columns).",none,yes,"Eligible for Stage 2 regardless of standalone importance -- may still matter via nonlinear effects, thresholds, or interactions."
MEASURE_ET_LT_SEC_Ileak_m10V_mA_mm,yes,B,yes,"Original raw-CSV numeric process/inline/ET measurement. Re-checked: not in the leakage-family list, not a constant column, not part of any exact-duplicate group (verified via content-hash across all numeric columns).",none,yes,"Eligible for Stage 2 regardless of standalone importance -- may still matter via nonlinear effects, thresholds, or interactions."
MEASURE_ET_LT_SEC_Ileak_m12p5V_mA_mm,yes,B,yes,"Original raw-CSV numeric process/inline/ET measurement. Re-checked: not in the leakage-family list, not a constant column, not part of any exact-duplicate group (verified via content-hash across all numeric columns).",none,yes,"Eligible for Stage 2 regardless of standalone importance -- may still matter via nonlinear effects, thresholds, or interactions."
MEASURE_ET_LT_SEC_Ileak_m16p5V_mA_mm,yes,B,yes,"Original raw-CSV numeric process/inline/ET measurement. Re-checked: not in the leakage-family list, not a constant column, not part of any exact-duplicate group (verified via content-hash across all numeric columns).",none,yes,"Eligible for Stage 2 regardless of standalone importance -- may still matter via nonlinear effects, thresholds, or interactions."
MEASURE_ET_LT_SEC_Ileak_m5p5V_mA_mm,yes,B,yes,"Original raw-CSV numeric process/inline/ET measurement. Re-checked: not in the leakage-family list, not a constant column, not part of any exact-duplicate group (verified via content-hash across all numeric columns).",none,yes,"Eligible for Stage 2 regardless of standalone importance -- may still matter via nonlinear effects, thresholds, or interactions."
MEASURE_ET_LT_SEC_Ileak_m5V_mA_mm,yes,B,yes,"Original raw-CSV numeric process/inline/ET measurement. Re-checked: not in the leakage-family list, not a constant column, not part of any exact-duplicate group (verified via content-hash across all numeric columns).",none,yes,"Eligible for Stage 2 regardless of standalone importance -- may still matter via nonlinear effects, thresholds, or interactions."
MEASURE_ET_LT_SEC_Ileak_m7V_mA_mm,yes,B,yes,"Original raw-CSV numeric process/inline/ET measurement. Re-checked: not in the leakage-family list, not a constant column, not part of any exact-duplicate group (verified via content-hash across all numeric columns).",none,yes,"Eligible for Stage 2 regardless of standalone importance -- may still matter via nonlinear effects, thresholds, or interactions."
MEASURE_ET_LT_SEC_Ileak_m9p5V_mA_mm,yes,B,yes,"Original raw-CSV numeric process/inline/ET measurement. Re-checked: not in the leakage-family list, not a constant column, not part of any exact-duplicate group (verified via content-hash across all numeric columns).",none,yes,"Eligible for Stage 2 regardless of standalone importance -- may still matter via nonlinear effects, thresholds, or interactions."
MEASURE_ET_LT_SEC_Ileak_m9V_mA_mm,yes,B,yes,"Original raw-CSV numeric process/inline/ET measurement. Re-checked: not in the leakage-family list, not a constant column, not part of any exact-duplicate group (verified via content-hash across all numeric columns).",none,yes,"Eligible for Stage 2 regardless of standalone importance -- may still matter via nonlinear effects, thresholds, or interactions."
MEASURE_ET_LT_SEC_Vbgd1,yes,B,yes,"Original raw-CSV numeric process/inline/ET measurement. Re-checked: not in the leakage-family list, not a constant column, not part of any exact-duplicate group (verified via content-hash across all numeric columns).",none,yes,"Eligible for Stage 2 regardless of standalone importance -- may still matter via nonlinear effects, thresholds, or interactions."
MEASURE_ET_LT_SEC_Vbgd1_Vd3,yes,B,yes,"Original raw-CSV numeric process/inline/ET measurement. Re-checked: not in the leakage-family list, not a constant column, not part of any exact-duplicate group (verified via content-hash across all numeric columns).",none,yes,"Eligible for Stage 2 regardless of standalone importance -- may still matter via nonlinear effects, thresholds, or interactions."
MEASURE_ET_LT_SEC_Vbgd1_Vd7,yes,B,yes,"Original raw-CSV numeric process/inline/ET measurement. Re-checked: not in the leakage-family list, not a constant column, not part of any exact-duplicate group (verified via content-hash across all numeric columns).",none,yes,"Eligible for Stage 2 regardless of standalone importance -- may still matter via nonlinear effects, thresholds, or interactions."
MEASURE_ET_LT_SEC_Vbgd1_Vd8,yes,B,yes,"Original raw-CSV numeric process/inline/ET measurement. Re-checked: not in the leakage-family list, not a constant column, not part of any exact-duplicate group (verified via content-hash across all numeric columns).",none,yes,"Eligible for Stage 2 regardless of standalone importance -- may still matter via nonlinear effects, thresholds, or interactions."
MEASURE_ET_LT_SEC_Vd_Id_min,yes,B,yes,"Original raw-CSV numeric process/inline/ET measurement. Re-checked: not in the leakage-family list, not a constant column, not part of any exact-duplicate group (verified via content-hash across all numeric columns).",none,yes,"Eligible for Stage 2 regardless of standalone importance -- may still matter via nonlinear effects, thresholds, or interactions."
MEASURE_ET_LT_SEC_Vd_Id_min_Vd3,yes,B,yes,"Original raw-CSV numeric process/inline/ET measurement. Re-checked: not in the leakage-family list, not a constant column, not part of any exact-duplicate group (verified via content-hash across all numeric columns).",none,yes,"Eligible for Stage 2 regardless of standalone importance -- may still matter via nonlinear effects, thresholds, or interactions."
MEASURE_ET_LT_SEC_Vd_Id_min_Vd7,yes,B,yes,"Original raw-CSV numeric process/inline/ET measurement. Re-checked: not in the leakage-family list, not a constant column, not part of any exact-duplicate group (verified via content-hash across all numeric columns).",none,yes,"Eligible for Stage 2 regardless of standalone importance -- may still matter via nonlinear effects, thresholds, or interactions."
MEASURE_ET_LT_SEC_Vd_Id_min_Vd8,yes,B,yes,"Original raw-CSV numeric process/inline/ET measurement. Re-checked: not in the leakage-family list, not a constant column, not part of any exact-duplicate group (verified via content-hash across all numeric columns).",none,yes,"Eligible for Stage 2 regardless of standalone importance -- may still matter via nonlinear effects, thresholds, or interactions."
MEASURE_ET_LT_SEC_Vg_Id_min,yes,B,yes,"Original raw-CSV numeric process/inline/ET measurement. Re-checked: not in the leakage-family list, not a constant column, not part of any exact-duplicate group (verified via content-hash across all numeric columns).",none,yes,"Eligible for Stage 2 regardless of standalone importance -- may still matter via nonlinear effects, thresholds, or interactions."
MEASURE_ET_LT_SEC_Vg_Id_min_Vd3,yes,B,yes,"Original raw-CSV numeric process/inline/ET measurement. Re-checked: not in the leakage-family list, not a constant column, not part of any exact-duplicate group (verified via content-hash across all numeric columns).",none,yes,"Eligible for Stage 2 regardless of standalone importance -- may still matter via nonlinear effects, thresholds, or interactions."
MEASURE_ET_LT_SEC_Vg_Id_min_Vd7,yes,B,yes,"Original raw-CSV numeric process/inline/ET measurement. Re-checked: not in the leakage-family list, not a constant column, not part of any exact-duplicate group (verified via content-hash across all numeric columns).",none,yes,"Eligible for Stage 2 regardless of standalone importance -- may still matter via nonlinear effects, thresholds, or interactions."
MEASURE_ET_LT_SEC_Vg_Id_min_Vd8,yes,B,yes,"Original raw-CSV numeric process/inline/ET measurement. Re-checked: not in the leakage-family list, not a constant column, not part of any exact-duplicate group (verified via content-hash across all numeric columns).",none,yes,"Eligible for Stage 2 regardless of standalone importance -- may still matter via nonlinear effects, thresholds, or interactions."
MEASURE_ET_RF_Modeling_Cds,yes,B,yes,"Original raw-CSV numeric process/inline/ET measurement. Re-checked: not in the leakage-family list, not a constant column, not part of any exact-duplicate group (verified via content-hash across all numeric columns).",none,yes,"Eligible for Stage 2 regardless of standalone importance -- may still matter via nonlinear effects, thresholds, or interactions."
MEASURE_ET_RF_Modeling_Cds_err,yes,B,yes,"Original raw-CSV numeric process/inline/ET measurement. Re-checked: not in the leakage-family list, not a constant column, not part of any exact-duplicate group (verified via content-hash across all numeric columns).",none,yes,"Eligible for Stage 2 regardless of standalone importance -- may still matter via nonlinear effects, thresholds, or interactions."
MEASURE_ET_RF_Modeling_Cgd,yes,B,yes,"Original raw-CSV numeric process/inline/ET measurement. Re-checked: not in the leakage-family list, not a constant column, not part of any exact-duplicate group (verified via content-hash across all numeric columns).",none,yes,"Eligible for Stage 2 regardless of standalone importance -- may still matter via nonlinear effects, thresholds, or interactions."
MEASURE_ET_RF_Modeling_Cgd_err,yes,B,yes,"Original raw-CSV numeric process/inline/ET measurement. Re-checked: not in the leakage-family list, not a constant column, not part of any exact-duplicate group (verified via content-hash across all numeric columns).",none,yes,"Eligible for Stage 2 regardless of standalone importance -- may still matter via nonlinear effects, thresholds, or interactions."
MEASURE_ET_RF_Modeling_Cgs,yes,B,yes,"Original raw-CSV numeric process/inline/ET measurement. Re-checked: not in the leakage-family list, not a constant column, not part of any exact-duplicate group (verified via content-hash across all numeric columns).",none,yes,"Eligible for Stage 2 regardless of standalone importance -- may still matter via nonlinear effects, thresholds, or interactions."
MEASURE_ET_RF_Modeling_Cgs_err,yes,B,yes,"Original raw-CSV numeric process/inline/ET measurement. Re-checked: not in the leakage-family list, not a constant column, not part of any exact-duplicate group (verified via content-hash across all numeric columns).",none,yes,"Eligible for Stage 2 regardless of standalone importance -- may still matter via nonlinear effects, thresholds, or interactions."
MEASURE_ET_RF_Modeling_Delta_MAG_19G,yes,B,yes,"Original raw-CSV numeric process/inline/ET measurement. Re-checked: not in the leakage-family list, not a constant column, not part of any exact-duplicate group (verified via content-hash across all numeric columns).",none,yes,"Eligible for Stage 2 regardless of standalone importance -- may still matter via nonlinear effects, thresholds, or interactions."
MEASURE_ET_RF_Modeling_Delta_MAG_25G,yes,B,yes,"Original raw-CSV numeric process/inline/ET measurement. Re-checked: not in the leakage-family list, not a constant column, not part of any exact-duplicate group (verified via content-hash across all numeric columns).",none,yes,"Eligible for Stage 2 regardless of standalone importance -- may still matter via nonlinear effects, thresholds, or interactions."
MEASURE_ET_RF_Modeling_Delta_S21_19G,yes,B,yes,"Original raw-CSV numeric process/inline/ET measurement. Re-checked: not in the leakage-family list, not a constant column, not part of any exact-duplicate group (verified via content-hash across all numeric columns).",none,yes,"Eligible for Stage 2 regardless of standalone importance -- may still matter via nonlinear effects, thresholds, or interactions."
MEASURE_ET_RF_Modeling_Delta_S21_25G,yes,B,yes,"Original raw-CSV numeric process/inline/ET measurement. Re-checked: not in the leakage-family list, not a constant column, not part of any exact-duplicate group (verified via content-hash across all numeric columns).",none,yes,"Eligible for Stage 2 regardless of standalone importance -- may still matter via nonlinear effects, thresholds, or interactions."
MEASURE_ET_RF_Modeling_Fmax,yes,B,yes,"Original raw-CSV numeric process/inline/ET measurement. Re-checked: not in the leakage-family list, not a constant column, not part of any exact-duplicate group (verified via content-hash across all numeric columns).",none,yes,"Eligible for Stage 2 regardless of standalone importance -- may still matter via nonlinear effects, thresholds, or interactions."
MEASURE_ET_RF_Modeling_Fmax_ext,yes,B,yes,"Original raw-CSV numeric process/inline/ET measurement. Re-checked: not in the leakage-family list, not a constant column, not part of any exact-duplicate group (verified via content-hash across all numeric columns).",none,yes,"Eligible for Stage 2 regardless of standalone importance -- may still matter via nonlinear effects, thresholds, or interactions."
MEASURE_ET_RF_Modeling_Fmax_int,yes,B,yes,"Original raw-CSV numeric process/inline/ET measurement. Re-checked: not in the leakage-family list, not a constant column, not part of any exact-duplicate group (verified via content-hash across all numeric columns).",none,yes,"Eligible for Stage 2 regardless of standalone importance -- may still matter via nonlinear effects, thresholds, or interactions."
MEASURE_ET_RF_Modeling_Ft,yes,B,yes,"Original raw-CSV numeric process/inline/ET measurement. Re-checked: not in the leakage-family list, not a constant column, not part of any exact-duplicate group (verified via content-hash across all numeric columns).",none,yes,"Eligible for Stage 2 regardless of standalone importance -- may still matter via nonlinear effects, thresholds, or interactions."
MEASURE_ET_RF_Modeling_Ft_ext,yes,B,yes,"Original raw-CSV numeric process/inline/ET measurement. Re-checked: not in the leakage-family list, not a constant column, not part of any exact-duplicate group (verified via content-hash across all numeric columns).",none,yes,"Eligible for Stage 2 regardless of standalone importance -- may still matter via nonlinear effects, thresholds, or interactions."
MEASURE_ET_RF_Modeling_Ft_int,yes,B,yes,"Original raw-CSV numeric process/inline/ET measurement. Re-checked: not in the leakage-family list, not a constant column, not part of any exact-duplicate group (verified via content-hash across all numeric columns).",none,yes,"Eligible for Stage 2 regardless of standalone importance -- may still matter via nonlinear effects, thresholds, or interactions."
MEASURE_ET_RF_Modeling_Gds,yes,B,yes,"Original raw-CSV numeric process/inline/ET measurement. Re-checked: not in the leakage-family list, not a constant column, not part of any exact-duplicate group (verified via content-hash across all numeric columns).",none,yes,"Eligible for Stage 2 regardless of standalone importance -- may still matter via nonlinear effects, thresholds, or interactions."
MEASURE_ET_RF_Modeling_Gds_err,yes,B,yes,"Original raw-CSV numeric process/inline/ET measurement. Re-checked: not in the leakage-family list, not a constant column, not part of any exact-duplicate group (verified via content-hash across all numeric columns).",none,yes,"Eligible for Stage 2 regardless of standalone importance -- may still matter via nonlinear effects, thresholds, or interactions."
MEASURE_ET_RF_Modeling_Gm,yes,B,yes,"Original raw-CSV numeric process/inline/ET measurement. Re-checked: not in the leakage-family list, not a constant column, not part of any exact-duplicate group (verified via content-hash across all numeric columns).",none,yes,"Eligible for Stage 2 regardless of standalone importance -- may still matter via nonlinear effects, thresholds, or interactions."
MEASURE_ET_RF_Modeling_Gm_0_W,yes,B,yes,"Original raw-CSV numeric process/inline/ET measurement. Re-checked: not in the leakage-family list, not a constant column, not part of any exact-duplicate group (verified via content-hash across all numeric columns).",none,yes,"Eligible for Stage 2 regardless of standalone importance -- may still matter via nonlinear effects, thresholds, or interactions."
MEASURE_ET_RF_Modeling_Gm_err,yes,B,yes,"Original raw-CSV numeric process/inline/ET measurement. Re-checked: not in the leakage-family list, not a constant column, not part of any exact-duplicate group (verified via content-hash across all numeric columns).",none,yes,"Eligible for Stage 2 regardless of standalone importance -- may still matter via nonlinear effects, thresholds, or interactions."
MEASURE_ET_RF_Modeling_Gm_m0p2_W,yes,B,yes,"Original raw-CSV numeric process/inline/ET measurement. Re-checked: not in the leakage-family list, not a constant column, not part of any exact-duplicate group (verified via content-hash across all numeric columns).",none,yes,"Eligible for Stage 2 regardless of standalone importance -- may still matter via nonlinear effects, thresholds, or interactions."
MEASURE_ET_RF_Modeling_Gm_max_W,yes,B,yes,"Original raw-CSV numeric process/inline/ET measurement. Re-checked: not in the leakage-family list, not a constant column, not part of any exact-duplicate group (verified via content-hash across all numeric columns).",none,yes,"Eligible for Stage 2 regardless of standalone importance -- may still matter via nonlinear effects, thresholds, or interactions."
MEASURE_ET_RF_Modeling_Id_gm_max_W,yes,B,yes,"Original raw-CSV numeric process/inline/ET measurement. Re-checked: not in the leakage-family list, not a constant column, not part of any exact-duplicate group (verified via content-hash across all numeric columns).",none,yes,"Eligible for Stage 2 regardless of standalone importance -- may still matter via nonlinear effects, thresholds, or interactions."
MEASURE_ET_RF_Modeling_Id_search,yes,B,yes,"Original raw-CSV numeric process/inline/ET measurement. Re-checked: not in the leakage-family list, not a constant column, not part of any exact-duplicate group (verified via content-hash across all numeric columns).",none,yes,"Eligible for Stage 2 regardless of standalone importance -- may still matter via nonlinear effects, thresholds, or interactions."
MEASURE_ET_RF_Modeling_ids_m0p2_W,yes,B,yes,"Original raw-CSV numeric process/inline/ET measurement. Re-checked: not in the leakage-family list, not a constant column, not part of any exact-duplicate group (verified via content-hash across all numeric columns).",none,yes,"Eligible for Stage 2 regardless of standalone importance -- may still matter via nonlinear effects, thresholds, or interactions."
MEASURE_ET_RF_Modeling_Idss_W,yes,B,yes,"Original raw-CSV numeric process/inline/ET measurement. Re-checked: not in the leakage-family list, not a constant column, not part of any exact-duplicate group (verified via content-hash across all numeric columns).",none,yes,"Eligible for Stage 2 regardless of standalone importance -- may still matter via nonlinear effects, thresholds, or interactions."
MEASURE_ET_RF_Modeling_K,yes,B,yes,"Original raw-CSV numeric process/inline/ET measurement. Re-checked: not in the leakage-family list, not a constant column, not part of any exact-duplicate group (verified via content-hash across all numeric columns).",none,yes,"Eligible for Stage 2 regardless of standalone importance -- may still matter via nonlinear effects, thresholds, or interactions."
MEASURE_ET_RF_Modeling_L_Gd,yes,B,yes,"Original raw-CSV numeric process/inline/ET measurement. Re-checked: not in the leakage-family list, not a constant column, not part of any exact-duplicate group (verified via content-hash across all numeric columns).",none,yes,"Eligible for Stage 2 regardless of standalone importance -- may still matter via nonlinear effects, thresholds, or interactions."
MEASURE_ET_RF_Modeling_L_Gg,yes,B,yes,"Original raw-CSV numeric process/inline/ET measurement. Re-checked: not in the leakage-family list, not a constant column, not part of any exact-duplicate group (verified via content-hash across all numeric columns).",none,yes,"Eligible for Stage 2 regardless of standalone importance -- may still matter via nonlinear effects, thresholds, or interactions."
MEASURE_ET_RF_Modeling_L_Gs,yes,B,yes,"Original raw-CSV numeric process/inline/ET measurement. Re-checked: not in the leakage-family list, not a constant column, not part of any exact-duplicate group (verified via content-hash across all numeric columns).",none,yes,"Eligible for Stage 2 regardless of standalone importance -- may still matter via nonlinear effects, thresholds, or interactions."
MEASURE_ET_RF_Modeling_Ld,yes,B,yes,"Original raw-CSV numeric process/inline/ET measurement. Re-checked: not in the leakage-family list, not a constant column, not part of any exact-duplicate group (verified via content-hash across all numeric columns).",none,yes,"Eligible for Stage 2 regardless of standalone importance -- may still matter via nonlinear effects, thresholds, or interactions."
MEASURE_ET_RF_Modeling_Lg,yes,B,yes,"Original raw-CSV numeric process/inline/ET measurement. Re-checked: not in the leakage-family list, not a constant column, not part of any exact-duplicate group (verified via content-hash across all numeric columns).",none,yes,"Eligible for Stage 2 regardless of standalone importance -- may still matter via nonlinear effects, thresholds, or interactions."
MEASURE_ET_RF_Modeling_Ls,yes,B,yes,"Original raw-CSV numeric process/inline/ET measurement. Re-checked: not in the leakage-family list, not a constant column, not part of any exact-duplicate group (verified via content-hash across all numeric columns).",none,yes,"Eligible for Stage 2 regardless of standalone importance -- may still matter via nonlinear effects, thresholds, or interactions."
MEASURE_ET_RF_Modeling_MAG_18,yes,B,yes,"Original raw-CSV numeric process/inline/ET measurement. Re-checked: not in the leakage-family list, not a constant column, not part of any exact-duplicate group (verified via content-hash across all numeric columns).",none,yes,"Eligible for Stage 2 regardless of standalone importance -- may still matter via nonlinear effects, thresholds, or interactions."
MEASURE_ET_RF_Modeling_MAG_19G_After,yes,B,yes,"Original raw-CSV numeric process/inline/ET measurement. Re-checked: not in the leakage-family list, not a constant column, not part of any exact-duplicate group (verified via content-hash across all numeric columns).",none,yes,"Eligible for Stage 2 regardless of standalone importance -- may still matter via nonlinear effects, thresholds, or interactions."
MEASURE_ET_RF_Modeling_MAG_19G_Before,yes,B,yes,"Original raw-CSV numeric process/inline/ET measurement. Re-checked: not in the leakage-family list, not a constant column, not part of any exact-duplicate group (verified via content-hash across all numeric columns).",none,yes,"Eligible for Stage 2 regardless of standalone importance -- may still matter via nonlinear effects, thresholds, or interactions."
MEASURE_ET_RF_Modeling_MAG_25G_After,yes,B,yes,"Original raw-CSV numeric process/inline/ET measurement. Re-checked: not in the leakage-family list, not a constant column, not part of any exact-duplicate group (verified via content-hash across all numeric columns).",none,yes,"Eligible for Stage 2 regardless of standalone importance -- may still matter via nonlinear effects, thresholds, or interactions."
MEASURE_ET_RF_Modeling_MAG_25G_Before,yes,B,yes,"Original raw-CSV numeric process/inline/ET measurement. Re-checked: not in the leakage-family list, not a constant column, not part of any exact-duplicate group (verified via content-hash across all numeric columns).",none,yes,"Eligible for Stage 2 regardless of standalone importance -- may still matter via nonlinear effects, thresholds, or interactions."
MEASURE_ET_RF_Modeling_Mag_d,yes,B,yes,"Original raw-CSV numeric process/inline/ET measurement. Re-checked: not in the leakage-family list, not a constant column, not part of any exact-duplicate group (verified via content-hash across all numeric columns).",none,yes,"Eligible for Stage 2 regardless of standalone importance -- may still matter via nonlinear effects, thresholds, or interactions."
MEASURE_ET_RF_Modeling_Mag_i,yes,B,yes,"Original raw-CSV numeric process/inline/ET measurement. Re-checked: not in the leakage-family list, not a constant column, not part of any exact-duplicate group (verified via content-hash across all numeric columns).",none,yes,"Eligible for Stage 2 regardless of standalone importance -- may still matter via nonlinear effects, thresholds, or interactions."
MEASURE_ET_RF_Modeling_Mag_m,yes,B,yes,"Original raw-CSV numeric process/inline/ET measurement. Re-checked: not in the leakage-family list, not a constant column, not part of any exact-duplicate group (verified via content-hash across all numeric columns).",none,yes,"Eligible for Stage 2 regardless of standalone importance -- may still matter via nonlinear effects, thresholds, or interactions."
MEASURE_ET_RF_Modeling_R_Gd,yes,B,yes,"Original raw-CSV numeric process/inline/ET measurement. Re-checked: not in the leakage-family list, not a constant column, not part of any exact-duplicate group (verified via content-hash across all numeric columns).",none,yes,"Eligible for Stage 2 regardless of standalone importance -- may still matter via nonlinear effects, thresholds, or interactions."
MEASURE_ET_RF_Modeling_R_Gg,yes,B,yes,"Original raw-CSV numeric process/inline/ET measurement. Re-checked: not in the leakage-family list, not a constant column, not part of any exact-duplicate group (verified via content-hash across all numeric columns).",none,yes,"Eligible for Stage 2 regardless of standalone importance -- may still matter via nonlinear effects, thresholds, or interactions."
MEASURE_ET_RF_Modeling_R_Gs,yes,B,yes,"Original raw-CSV numeric process/inline/ET measurement. Re-checked: not in the leakage-family list, not a constant column, not part of any exact-duplicate group (verified via content-hash across all numeric columns).",none,yes,"Eligible for Stage 2 regardless of standalone importance -- may still matter via nonlinear effects, thresholds, or interactions."
MEASURE_ET_RF_Modeling_Rd,yes,B,yes,"Original raw-CSV numeric process/inline/ET measurement. Re-checked: not in the leakage-family list, not a constant column, not part of any exact-duplicate group (verified via content-hash across all numeric columns).",none,yes,"Eligible for Stage 2 regardless of standalone importance -- may still matter via nonlinear effects, thresholds, or interactions."
MEASURE_ET_RF_Modeling_Rg,yes,B,yes,"Original raw-CSV numeric process/inline/ET measurement. Re-checked: not in the leakage-family list, not a constant column, not part of any exact-duplicate group (verified via content-hash across all numeric columns).",none,yes,"Eligible for Stage 2 regardless of standalone importance -- may still matter via nonlinear effects, thresholds, or interactions."
MEASURE_ET_RF_Modeling_Rgd,yes,B,yes,"Original raw-CSV numeric process/inline/ET measurement. Re-checked: not in the leakage-family list, not a constant column, not part of any exact-duplicate group (verified via content-hash across all numeric columns).",none,yes,"Eligible for Stage 2 regardless of standalone importance -- may still matter via nonlinear effects, thresholds, or interactions."
MEASURE_ET_RF_Modeling_Rgd_err,yes,B,yes,"Original raw-CSV numeric process/inline/ET measurement. Re-checked: not in the leakage-family list, not a constant column, not part of any exact-duplicate group (verified via content-hash across all numeric columns).",none,yes,"Eligible for Stage 2 regardless of standalone importance -- may still matter via nonlinear effects, thresholds, or interactions."
MEASURE_ET_RF_Modeling_Rgs,yes,B,yes,"Original raw-CSV numeric process/inline/ET measurement. Re-checked: not in the leakage-family list, not a constant column, not part of any exact-duplicate group (verified via content-hash across all numeric columns).",none,yes,"Eligible for Stage 2 regardless of standalone importance -- may still matter via nonlinear effects, thresholds, or interactions."
MEASURE_ET_RF_Modeling_Rgs_err,yes,B,yes,"Original raw-CSV numeric process/inline/ET measurement. Re-checked: not in the leakage-family list, not a constant column, not part of any exact-duplicate group (verified via content-hash across all numeric columns).",none,yes,"Eligible for Stage 2 regardless of standalone importance -- may still matter via nonlinear effects, thresholds, or interactions."
MEASURE_ET_RF_Modeling_Rs,yes,B,yes,"Original raw-CSV numeric process/inline/ET measurement. Re-checked: not in the leakage-family list, not a constant column, not part of any exact-duplicate group (verified via content-hash across all numeric columns).",none,yes,"Eligible for Stage 2 regardless of standalone importance -- may still matter via nonlinear effects, thresholds, or interactions."
MEASURE_ET_RF_Modeling_S11ang_10GHz,yes,B,yes,"Original raw-CSV numeric process/inline/ET measurement. Re-checked: not in the leakage-family list, not a constant column, not part of any exact-duplicate group (verified via content-hash across all numeric columns).",none,yes,"Eligible for Stage 2 regardless of standalone importance -- may still matter via nonlinear effects, thresholds, or interactions."
MEASURE_ET_RF_Modeling_S11dB_10GHz,yes,B,yes,"Original raw-CSV numeric process/inline/ET measurement. Re-checked: not in the leakage-family list, not a constant column, not part of any exact-duplicate group (verified via content-hash across all numeric columns).",none,yes,"Eligible for Stage 2 regardless of standalone importance -- may still matter via nonlinear effects, thresholds, or interactions."
MEASURE_ET_RF_Modeling_S12ang_10GHz,yes,B,yes,"Original raw-CSV numeric process/inline/ET measurement. Re-checked: not in the leakage-family list, not a constant column, not part of any exact-duplicate group (verified via content-hash across all numeric columns).",none,yes,"Eligible for Stage 2 regardless of standalone importance -- may still matter via nonlinear effects, thresholds, or interactions."
MEASURE_ET_RF_Modeling_S12dB_10GHz,yes,B,yes,"Original raw-CSV numeric process/inline/ET measurement. Re-checked: not in the leakage-family list, not a constant column, not part of any exact-duplicate group (verified via content-hash across all numeric columns).",none,yes,"Eligible for Stage 2 regardless of standalone importance -- may still matter via nonlinear effects, thresholds, or interactions."
MEASURE_ET_RF_Modeling_S21_19G_After,yes,B,yes,"Original raw-CSV numeric process/inline/ET measurement. Re-checked: not in the leakage-family list, not a constant column, not part of any exact-duplicate group (verified via content-hash across all numeric columns).",none,yes,"Eligible for Stage 2 regardless of standalone importance -- may still matter via nonlinear effects, thresholds, or interactions."
MEASURE_ET_RF_Modeling_S21_19G_Before,yes,B,yes,"Original raw-CSV numeric process/inline/ET measurement. Re-checked: not in the leakage-family list, not a constant column, not part of any exact-duplicate group (verified via content-hash across all numeric columns).",none,yes,"Eligible for Stage 2 regardless of standalone importance -- may still matter via nonlinear effects, thresholds, or interactions."
MEASURE_ET_RF_Modeling_S21_25G_After,yes,B,yes,"Original raw-CSV numeric process/inline/ET measurement. Re-checked: not in the leakage-family list, not a constant column, not part of any exact-duplicate group (verified via content-hash across all numeric columns).",none,yes,"Eligible for Stage 2 regardless of standalone importance -- may still matter via nonlinear effects, thresholds, or interactions."
MEASURE_ET_RF_Modeling_S21_25G_Before,yes,B,yes,"Original raw-CSV numeric process/inline/ET measurement. Re-checked: not in the leakage-family list, not a constant column, not part of any exact-duplicate group (verified via content-hash across all numeric columns).",none,yes,"Eligible for Stage 2 regardless of standalone importance -- may still matter via nonlinear effects, thresholds, or interactions."
MEASURE_ET_RF_Modeling_S21ang_10GHz,yes,B,yes,"Original raw-CSV numeric process/inline/ET measurement. Re-checked: not in the leakage-family list, not a constant column, not part of any exact-duplicate group (verified via content-hash across all numeric columns).",none,yes,"Eligible for Stage 2 regardless of standalone importance -- may still matter via nonlinear effects, thresholds, or interactions."
MEASURE_ET_RF_Modeling_S21dB_10GHz,yes,B,yes,"Original raw-CSV numeric process/inline/ET measurement. Re-checked: not in the leakage-family list, not a constant column, not part of any exact-duplicate group (verified via content-hash across all numeric columns).",none,yes,"Eligible for Stage 2 regardless of standalone importance -- may still matter via nonlinear effects, thresholds, or interactions."
MEASURE_ET_RF_Modeling_S22ang_10GHz,yes,B,yes,"Original raw-CSV numeric process/inline/ET measurement. Re-checked: not in the leakage-family list, not a constant column, not part of any exact-duplicate group (verified via content-hash across all numeric columns).",none,yes,"Eligible for Stage 2 regardless of standalone importance -- may still matter via nonlinear effects, thresholds, or interactions."
MEASURE_ET_RF_Modeling_S22dB_10GHz,yes,B,yes,"Original raw-CSV numeric process/inline/ET measurement. Re-checked: not in the leakage-family list, not a constant column, not part of any exact-duplicate group (verified via content-hash across all numeric columns).",none,yes,"Eligible for Stage 2 regardless of standalone importance -- may still matter via nonlinear effects, thresholds, or interactions."
MEASURE_ET_RF_Modeling_Stress_time,yes,B,yes,"Original raw-CSV numeric process/inline/ET measurement. Re-checked: not in the leakage-family list, not a constant column, not part of any exact-duplicate group (verified via content-hash across all numeric columns).",none,yes,"Eligible for Stage 2 regardless of standalone importance -- may still matter via nonlinear effects, thresholds, or interactions."
MEASURE_ET_RF_Modeling_Tau,yes,B,yes,"Original raw-CSV numeric process/inline/ET measurement. Re-checked: not in the leakage-family list, not a constant column, not part of any exact-duplicate group (verified via content-hash across all numeric columns).",none,yes,"Eligible for Stage 2 regardless of standalone importance -- may still matter via nonlinear effects, thresholds, or interactions."
MEASURE_ET_RF_Modeling_Tau_err,yes,B,yes,"Original raw-CSV numeric process/inline/ET measurement. Re-checked: not in the leakage-family list, not a constant column, not part of any exact-duplicate group (verified via content-hash across all numeric columns).",none,yes,"Eligible for Stage 2 regardless of standalone importance -- may still matter via nonlinear effects, thresholds, or interactions."
MEASURE_ET_RF_Modeling_Vd_set,yes,B,yes,"Original raw-CSV numeric process/inline/ET measurement. Re-checked: not in the leakage-family list, not a constant column, not part of any exact-duplicate group (verified via content-hash across all numeric columns).",none,yes,"Eligible for Stage 2 regardless of standalone importance -- may still matter via nonlinear effects, thresholds, or interactions."
MEASURE_ET_RF_Modeling_Vd_stress,yes,B,yes,"Original raw-CSV numeric process/inline/ET measurement. Re-checked: not in the leakage-family list, not a constant column, not part of any exact-duplicate group (verified via content-hash across all numeric columns).",none,yes,"Eligible for Stage 2 regardless of standalone importance -- may still matter via nonlinear effects, thresholds, or interactions."
MEASURE_ET_RF_Modeling_Vg_gm_max_W,yes,B,yes,"Original raw-CSV numeric process/inline/ET measurement. Re-checked: not in the leakage-family list, not a constant column, not part of any exact-duplicate group (verified via content-hash across all numeric columns).",none,yes,"Eligible for Stage 2 regardless of standalone importance -- may still matter via nonlinear effects, thresholds, or interactions."
MEASURE_ET_RF_Modeling_Vg_Stress,yes,B,yes,"Original raw-CSV numeric process/inline/ET measurement. Re-checked: not in the leakage-family list, not a constant column, not part of any exact-duplicate group (verified via content-hash across all numeric columns).",none,yes,"Eligible for Stage 2 regardless of standalone importance -- may still matter via nonlinear effects, thresholds, or interactions."
MEASURE_ET_RF_Modeling_Vp_01_W,yes,B,yes,"Original raw-CSV numeric process/inline/ET measurement. Re-checked: not in the leakage-family list, not a constant column, not part of any exact-duplicate group (verified via content-hash across all numeric columns).",none,yes,"Eligible for Stage 2 regardless of standalone importance -- may still matter via nonlinear effects, thresholds, or interactions."
MEASURE_ET_RF_Modeling_Vp_1_W,yes,B,yes,"Original raw-CSV numeric process/inline/ET measurement. Re-checked: not in the leakage-family list, not a constant column, not part of any exact-duplicate group (verified via content-hash across all numeric columns).",none,yes,"Eligible for Stage 2 regardless of standalone importance -- may still matter via nonlinear effects, thresholds, or interactions."
MEASURE_ET_RF_Modeling_Vth,yes,B,yes,"Original raw-CSV numeric process/inline/ET measurement. Re-checked: not in the leakage-family list, not a constant column, not part of any exact-duplicate group (verified via content-hash across all numeric columns).",none,yes,"Eligible for Stage 2 regardless of standalone importance -- may still matter via nonlinear effects, thresholds, or interactions."
MESA_ET_Probe_Number,yes,B,yes,"Original raw-CSV numeric process/inline/ET measurement. Re-checked: not in the leakage-family list, not a constant column, not part of any exact-duplicate group (verified via content-hash across all numeric columns).",none,yes,"Eligible for Stage 2 regardless of standalone importance -- may still matter via nonlinear effects, thresholds, or interactions."
MESA_ET_Vbkd,yes,B,yes,"Original raw-CSV numeric process/inline/ET measurement. Re-checked: not in the leakage-family list, not a constant column, not part of any exact-duplicate group (verified via content-hash across all numeric columns).",none,yes,"Eligible for Stage 2 regardless of standalone importance -- may still matter via nonlinear effects, thresholds, or interactions."
OHMIC_ET_lkg_5,yes,B,yes,"Original raw-CSV numeric process/inline/ET measurement. Re-checked: not in the leakage-family list, not a constant column, not part of any exact-duplicate group (verified via content-hash across all numeric columns).",none,yes,"Eligible for Stage 2 regardless of standalone importance -- may still matter via nonlinear effects, thresholds, or interactions."
OHMIC_ET_OHMC,yes,B,yes,"Original raw-CSV numeric process/inline/ET measurement. Re-checked: not in the leakage-family list, not a constant column, not part of any exact-duplicate group (verified via content-hash across all numeric columns).",none,yes,"Eligible for Stage 2 regardless of standalone importance -- may still matter via nonlinear effects, thresholds, or interactions."
OHMIC_ET_OHMIC_conc,yes,B,yes,"Original raw-CSV numeric process/inline/ET measurement. Re-checked: not in the leakage-family list, not a constant column, not part of any exact-duplicate group (verified via content-hash across all numeric columns).",none,yes,"Eligible for Stage 2 regardless of standalone importance -- may still matter via nonlinear effects, thresholds, or interactions."
OHMIC_ET_Probe_Number,yes,B,yes,"Original raw-CSV numeric process/inline/ET measurement. Re-checked: not in the leakage-family list, not a constant column, not part of any exact-duplicate group (verified via content-hash across all numeric columns).",none,yes,"Eligible for Stage 2 regardless of standalone importance -- may still matter via nonlinear effects, thresholds, or interactions."
OHMIC_ET_R114,yes,B,yes,"Original raw-CSV numeric process/inline/ET measurement. Re-checked: not in the leakage-family list, not a constant column, not part of any exact-duplicate group (verified via content-hash across all numeric columns).",none,yes,"Eligible for Stage 2 regardless of standalone importance -- may still matter via nonlinear effects, thresholds, or interactions."
OHMIC_ET_R214,yes,B,yes,"Original raw-CSV numeric process/inline/ET measurement. Re-checked: not in the leakage-family list, not a constant column, not part of any exact-duplicate group (verified via content-hash across all numeric columns).",none,yes,"Eligible for Stage 2 regardless of standalone importance -- may still matter via nonlinear effects, thresholds, or interactions."
OHMIC_ET_R314,yes,B,yes,"Original raw-CSV numeric process/inline/ET measurement. Re-checked: not in the leakage-family list, not a constant column, not part of any exact-duplicate group (verified via content-hash across all numeric columns).",none,yes,"Eligible for Stage 2 regardless of standalone importance -- may still matter via nonlinear effects, thresholds, or interactions."
OHMIC_ET_Ran_con_1,yes,B,yes,"Original raw-CSV numeric process/inline/ET measurement. Re-checked: not in the leakage-family list, not a constant column, not part of any exact-duplicate group (verified via content-hash across all numeric columns).",none,yes,"Eligible for Stage 2 regardless of standalone importance -- may still matter via nonlinear effects, thresholds, or interactions."
OHMIC_ET_Ran_con_2,yes,B,yes,"Original raw-CSV numeric process/inline/ET measurement. Re-checked: not in the leakage-family list, not a constant column, not part of any exact-duplicate group (verified via content-hash across all numeric columns).",none,yes,"Eligible for Stage 2 regardless of standalone importance -- may still matter via nonlinear effects, thresholds, or interactions."
OHMIC_ET_Ran_con_3,yes,B,yes,"Original raw-CSV numeric process/inline/ET measurement. Re-checked: not in the leakage-family list, not a constant column, not part of any exact-duplicate group (verified via content-hash across all numeric columns).",none,yes,"Eligible for Stage 2 regardless of standalone importance -- may still matter via nonlinear effects, thresholds, or interactions."
OHMIC_ET_Rc_an_ct2,yes,B,yes,"Original raw-CSV numeric process/inline/ET measurement. Re-checked: not in the leakage-family list, not a constant column, not part of any exact-duplicate group (verified via content-hash across all numeric columns).",none,yes,"Eligible for Stage 2 regardless of standalone importance -- may still matter via nonlinear effects, thresholds, or interactions."
OHMIC_ET_Rc_OG142,yes,B,yes,"Original raw-CSV numeric process/inline/ET measurement. Re-checked: not in the leakage-family list, not a constant column, not part of any exact-duplicate group (verified via content-hash across all numeric columns).",none,yes,"Eligible for Stage 2 regardless of standalone importance -- may still matter via nonlinear effects, thresholds, or interactions."
OHMIC_ET_Rsh_an_ct2,yes,B,yes,"Original raw-CSV numeric process/inline/ET measurement. Re-checked: not in the leakage-family list, not a constant column, not part of any exact-duplicate group (verified via content-hash across all numeric columns).",none,yes,"Eligible for Stage 2 regardless of standalone importance -- may still matter via nonlinear effects, thresholds, or interactions."
OHMIC_ET_sh_GA142,yes,B,yes,"Original raw-CSV numeric process/inline/ET measurement. Re-checked: not in the leakage-family list, not a constant column, not part of any exact-duplicate group (verified via content-hash across all numeric columns).",none,yes,"Eligible for Stage 2 regardless of standalone importance -- may still matter via nonlinear effects, thresholds, or interactions."
SIN_ET_lkg_SY07_10,yes,B,yes,"Original raw-CSV numeric process/inline/ET measurement. Re-checked: not in the leakage-family list, not a constant column, not part of any exact-duplicate group (verified via content-hash across all numeric columns).",none,yes,"Eligible for Stage 2 regardless of standalone importance -- may still matter via nonlinear effects, thresholds, or interactions."
SIN_ET_lkg_SY8_80,yes,B,yes,"Original raw-CSV numeric process/inline/ET measurement. Re-checked: not in the leakage-family list, not a constant column, not part of any exact-duplicate group (verified via content-hash across all numeric columns).",none,yes,"Eligible for Stage 2 regardless of standalone importance -- may still matter via nonlinear effects, thresholds, or interactions."
SIN_ET_Probe_Number,yes,B,yes,"Original raw-CSV numeric process/inline/ET measurement. Re-checked: not in the leakage-family list, not a constant column, not part of any exact-duplicate group (verified via content-hash across all numeric columns).",none,yes,"Eligible for Stage 2 regardless of standalone importance -- may still matter via nonlinear effects, thresholds, or interactions."
SIN_ET_TR_1F,yes,B,yes,"Original raw-CSV numeric process/inline/ET measurement. Re-checked: not in the leakage-family list, not a constant column, not part of any exact-duplicate group (verified via content-hash across all numeric columns).",none,yes,"Eligible for Stage 2 regardless of standalone importance -- may still matter via nonlinear effects, thresholds, or interactions."
SIN_ET_DC_PIV_Drain_Lag_Idss,yes,B,yes,"Original raw-CSV numeric process/inline/ET measurement. Re-checked: not in the leakage-family list, not a constant column, not part of any exact-duplicate group (verified via content-hash across all numeric columns).",none,yes,"Eligible for Stage 2 regardless of standalone importance -- may still matter via nonlinear effects, thresholds, or interactions."
SIN_ET_DC_PIV_Drain_Lag_Imax,yes,B,yes,"Original raw-CSV numeric process/inline/ET measurement. Re-checked: not in the leakage-family list, not a constant column, not part of any exact-duplicate group (verified via content-hash across all numeric columns).",none,yes,"Eligible for Stage 2 regardless of standalone importance -- may still matter via nonlinear effects, thresholds, or interactions."
SIN_ET_DC_PIV_Gate_Lag_Idss,yes,B,yes,"Original raw-CSV numeric process/inline/ET measurement. Re-checked: not in the leakage-family list, not a constant column, not part of any exact-duplicate group (verified via content-hash across all numeric columns).",none,yes,"Eligible for Stage 2 regardless of standalone importance -- may still matter via nonlinear effects, thresholds, or interactions."
SIN_ET_DC_PIV_Gate_Lag_Imax,yes,B,yes,"Original raw-CSV numeric process/inline/ET measurement. Re-checked: not in the leakage-family list, not a constant column, not part of any exact-duplicate group (verified via content-hash across all numeric columns).",none,yes,"Eligible for Stage 2 regardless of standalone importance -- may still matter via nonlinear effects, thresholds, or interactions."
SIN_ET_DC_PIV_Idss_QP1,yes,B,yes,"Original raw-CSV numeric process/inline/ET measurement. Re-checked: not in the leakage-family list, not a constant column, not part of any exact-duplicate group (verified via content-hash across all numeric columns).",none,yes,"Eligible for Stage 2 regardless of standalone importance -- may still matter via nonlinear effects, thresholds, or interactions."
SIN_ET_DC_PIV_Idss_QP2,yes,B,yes,"Original raw-CSV numeric process/inline/ET measurement. Re-checked: not in the leakage-family list, not a constant column, not part of any exact-duplicate group (verified via content-hash across all numeric columns).",none,yes,"Eligible for Stage 2 regardless of standalone importance -- may still matter via nonlinear effects, thresholds, or interactions."
SIN_ET_DC_PIV_Idss_QP3,yes,B,yes,"Original raw-CSV numeric process/inline/ET measurement. Re-checked: not in the leakage-family list, not a constant column, not part of any exact-duplicate group (verified via content-hash across all numeric columns).",none,yes,"Eligible for Stage 2 regardless of standalone importance -- may still matter via nonlinear effects, thresholds, or interactions."
SIN_ET_DC_PIV_Imax_QP1,yes,B,yes,"Original raw-CSV numeric process/inline/ET measurement. Re-checked: not in the leakage-family list, not a constant column, not part of any exact-duplicate group (verified via content-hash across all numeric columns).",none,yes,"Eligible for Stage 2 regardless of standalone importance -- may still matter via nonlinear effects, thresholds, or interactions."
SIN_ET_DC_PIV_Imax_QP2,yes,B,yes,"Original raw-CSV numeric process/inline/ET measurement. Re-checked: not in the leakage-family list, not a constant column, not part of any exact-duplicate group (verified via content-hash across all numeric columns).",none,yes,"Eligible for Stage 2 regardless of standalone importance -- may still matter via nonlinear effects, thresholds, or interactions."
SIN_ET_DC_PIV_Imax_QP3,yes,B,yes,"Original raw-CSV numeric process/inline/ET measurement. Re-checked: not in the leakage-family list, not a constant column, not part of any exact-duplicate group (verified via content-hash across all numeric columns).",none,yes,"Eligible for Stage 2 regardless of standalone importance -- may still matter via nonlinear effects, thresholds, or interactions."
SIN_ET_DC_RF_Gm_0,yes,B,yes,"Original raw-CSV numeric process/inline/ET measurement. Re-checked: not in the leakage-family list, not a constant column, not part of any exact-duplicate group (verified via content-hash across all numeric columns).",none,yes,"Eligible for Stage 2 regardless of standalone importance -- may still matter via nonlinear effects, thresholds, or interactions."
SIN_ET_DC_RF_Gm_m0p2,yes,B,yes,"Original raw-CSV numeric process/inline/ET measurement. Re-checked: not in the leakage-family list, not a constant column, not part of any exact-duplicate group (verified via content-hash across all numeric columns).",none,yes,"Eligible for Stage 2 regardless of standalone importance -- may still matter via nonlinear effects, thresholds, or interactions."
SIN_ET_DC_RF_Gm_max,yes,B,yes,"Original raw-CSV numeric process/inline/ET measurement. Re-checked: not in the leakage-family list, not a constant column, not part of any exact-duplicate group (verified via content-hash across all numeric columns).",none,yes,"Eligible for Stage 2 regardless of standalone importance -- may still matter via nonlinear effects, thresholds, or interactions."
SIN_ET_DC_RF_Id_gm_max,yes,B,yes,"Original raw-CSV numeric process/inline/ET measurement. Re-checked: not in the leakage-family list, not a constant column, not part of any exact-duplicate group (verified via content-hash across all numeric columns).",none,yes,"Eligible for Stage 2 regardless of standalone importance -- may still matter via nonlinear effects, thresholds, or interactions."
SIN_ET_DC_RF_Ids_m0p2,yes,B,yes,"Original raw-CSV numeric process/inline/ET measurement. Re-checked: not in the leakage-family list, not a constant column, not part of any exact-duplicate group (verified via content-hash across all numeric columns).",none,yes,"Eligible for Stage 2 regardless of standalone importance -- may still matter via nonlinear effects, thresholds, or interactions."
SIN_ET_DC_RF_Idss,yes,B,yes,"Original raw-CSV numeric process/inline/ET measurement. Re-checked: not in the leakage-family list, not a constant column, not part of any exact-duplicate group (verified via content-hash across all numeric columns).",none,yes,"Eligible for Stage 2 regardless of standalone importance -- may still matter via nonlinear effects, thresholds, or interactions."
SIN_ET_DC_RF_Imax,yes,B,yes,"Original raw-CSV numeric process/inline/ET measurement. Re-checked: not in the leakage-family list, not a constant column, not part of any exact-duplicate group (verified via content-hash across all numeric columns).",none,yes,"Eligible for Stage 2 regardless of standalone importance -- may still matter via nonlinear effects, thresholds, or interactions."
SIN_ET_DC_RF_n_gd,yes,B,yes,"Original raw-CSV numeric process/inline/ET measurement. Re-checked: not in the leakage-family list, not a constant column, not part of any exact-duplicate group (verified via content-hash across all numeric columns).",none,yes,"Eligible for Stage 2 regardless of standalone importance -- may still matter via nonlinear effects, thresholds, or interactions."
SIN_ET_DC_RF_n_gs,yes,B,yes,"Original raw-CSV numeric process/inline/ET measurement. Re-checked: not in the leakage-family list, not a constant column, not part of any exact-duplicate group (verified via content-hash across all numeric columns).",none,yes,"Eligible for Stage 2 regardless of standalone importance -- may still matter via nonlinear effects, thresholds, or interactions."
SIN_ET_DC_RF_Vbgd_0p01,yes,B,yes,"Original raw-CSV numeric process/inline/ET measurement. Re-checked: not in the leakage-family list, not a constant column, not part of any exact-duplicate group (verified via content-hash across all numeric columns).",none,yes,"Eligible for Stage 2 regardless of standalone importance -- may still matter via nonlinear effects, thresholds, or interactions."
SIN_ET_DC_RF_Vbgd_0p1,yes,B,yes,"Original raw-CSV numeric process/inline/ET measurement. Re-checked: not in the leakage-family list, not a constant column, not part of any exact-duplicate group (verified via content-hash across all numeric columns).",none,yes,"Eligible for Stage 2 regardless of standalone importance -- may still matter via nonlinear effects, thresholds, or interactions."
SIN_ET_DC_RF_Vbgd1,yes,B,yes,"Original raw-CSV numeric process/inline/ET measurement. Re-checked: not in the leakage-family list, not a constant column, not part of any exact-duplicate group (verified via content-hash across all numeric columns).",none,yes,"Eligible for Stage 2 regardless of standalone importance -- may still matter via nonlinear effects, thresholds, or interactions."
SIN_ET_DC_RF_Vbgs_0p01,yes,B,yes,"Original raw-CSV numeric process/inline/ET measurement. Re-checked: not in the leakage-family list, not a constant column, not part of any exact-duplicate group (verified via content-hash across all numeric columns).",none,yes,"Eligible for Stage 2 regardless of standalone importance -- may still matter via nonlinear effects, thresholds, or interactions."
SIN_ET_DC_RF_Vbgs_0p1,yes,B,yes,"Original raw-CSV numeric process/inline/ET measurement. Re-checked: not in the leakage-family list, not a constant column, not part of any exact-duplicate group (verified via content-hash across all numeric columns).",none,yes,"Eligible for Stage 2 regardless of standalone importance -- may still matter via nonlinear effects, thresholds, or interactions."
SIN_ET_DC_RF_Vbgs1,yes,B,yes,"Original raw-CSV numeric process/inline/ET measurement. Re-checked: not in the leakage-family list, not a constant column, not part of any exact-duplicate group (verified via content-hash across all numeric columns).",none,yes,"Eligible for Stage 2 regardless of standalone importance -- may still matter via nonlinear effects, thresholds, or interactions."
SIN_ET_DC_RF_Vbin_gd,yes,B,yes,"Original raw-CSV numeric process/inline/ET measurement. Re-checked: not in the leakage-family list, not a constant column, not part of any exact-duplicate group (verified via content-hash across all numeric columns).",none,yes,"Eligible for Stage 2 regardless of standalone importance -- may still matter via nonlinear effects, thresholds, or interactions."
SIN_ET_DC_RF_Vbin_gs,yes,B,yes,"Original raw-CSV numeric process/inline/ET measurement. Re-checked: not in the leakage-family list, not a constant column, not part of any exact-duplicate group (verified via content-hash across all numeric columns).",none,yes,"Eligible for Stage 2 regardless of standalone importance -- may still matter via nonlinear effects, thresholds, or interactions."
SIN_ET_DC_RF_Vboff,yes,B,yes,"Original raw-CSV numeric process/inline/ET measurement. Re-checked: not in the leakage-family list, not a constant column, not part of any exact-duplicate group (verified via content-hash across all numeric columns).",none,yes,"Eligible for Stage 2 regardless of standalone importance -- may still matter via nonlinear effects, thresholds, or interactions."
SIN_ET_DC_RF_Vdg_max,yes,B,yes,"Original raw-CSV numeric process/inline/ET measurement. Re-checked: not in the leakage-family list, not a constant column, not part of any exact-duplicate group (verified via content-hash across all numeric columns).",none,yes,"Eligible for Stage 2 regardless of standalone importance -- may still matter via nonlinear effects, thresholds, or interactions."
SIN_ET_DC_RF_Vdg_max_0p1,yes,B,yes,"Original raw-CSV numeric process/inline/ET measurement. Re-checked: not in the leakage-family list, not a constant column, not part of any exact-duplicate group (verified via content-hash across all numeric columns).",none,yes,"Eligible for Stage 2 regardless of standalone importance -- may still matter via nonlinear effects, thresholds, or interactions."
SIN_ET_DC_RF_Vdg_max_0p1mA,yes,B,yes,"Original raw-CSV numeric process/inline/ET measurement. Re-checked: not in the leakage-family list, not a constant column, not part of any exact-duplicate group (verified via content-hash across all numeric columns).",none,yes,"Eligible for Stage 2 regardless of standalone importance -- may still matter via nonlinear effects, thresholds, or interactions."
SIN_ET_DC_RF_Vds_max,yes,B,yes,"Original raw-CSV numeric process/inline/ET measurement. Re-checked: not in the leakage-family list, not a constant column, not part of any exact-duplicate group (verified via content-hash across all numeric columns).",none,yes,"Eligible for Stage 2 regardless of standalone importance -- may still matter via nonlinear effects, thresholds, or interactions."
SIN_ET_DC_RF_Vds_max_0p1,yes,B,yes,"Original raw-CSV numeric process/inline/ET measurement. Re-checked: not in the leakage-family list, not a constant column, not part of any exact-duplicate group (verified via content-hash across all numeric columns).",none,yes,"Eligible for Stage 2 regardless of standalone importance -- may still matter via nonlinear effects, thresholds, or interactions."
SIN_ET_DC_RF_Vds_max_0p1mA,yes,B,yes,"Original raw-CSV numeric process/inline/ET measurement. Re-checked: not in the leakage-family list, not a constant column, not part of any exact-duplicate group (verified via content-hash across all numeric columns).",none,yes,"Eligible for Stage 2 regardless of standalone importance -- may still matter via nonlinear effects, thresholds, or interactions."
SIN_ET_DC_RF_Vg_gm_max,yes,B,yes,"Original raw-CSV numeric process/inline/ET measurement. Re-checked: not in the leakage-family list, not a constant column, not part of any exact-duplicate group (verified via content-hash across all numeric columns).",none,yes,"Eligible for Stage 2 regardless of standalone importance -- may still matter via nonlinear effects, thresholds, or interactions."
SIN_ET_DC_RF_Vg_max_Vd,yes,B,yes,"Original raw-CSV numeric process/inline/ET measurement. Re-checked: not in the leakage-family list, not a constant column, not part of any exact-duplicate group (verified via content-hash across all numeric columns).",none,yes,"Eligible for Stage 2 regardless of standalone importance -- may still matter via nonlinear effects, thresholds, or interactions."
SIN_ET_DC_RF_Vg_max_Vd_0p1,yes,B,yes,"Original raw-CSV numeric process/inline/ET measurement. Re-checked: not in the leakage-family list, not a constant column, not part of any exact-duplicate group (verified via content-hash across all numeric columns).",none,yes,"Eligible for Stage 2 regardless of standalone importance -- may still matter via nonlinear effects, thresholds, or interactions."
SIN_ET_DC_RF_Vg_max_Vd_0p1mA,yes,B,yes,"Original raw-CSV numeric process/inline/ET measurement. Re-checked: not in the leakage-family list, not a constant column, not part of any exact-duplicate group (verified via content-hash across all numeric columns).",none,yes,"Eligible for Stage 2 regardless of standalone importance -- may still matter via nonlinear effects, thresholds, or interactions."
SIN_ET_DC_RF_Vg_optt,yes,B,yes,"Original raw-CSV numeric process/inline/ET measurement. Re-checked: not in the leakage-family list, not a constant column, not part of any exact-duplicate group (verified via content-hash across all numeric columns).",none,yes,"Eligible for Stage 2 regardless of standalone importance -- may still matter via nonlinear effects, thresholds, or interactions."
SIN_ET_DC_RF_Vg_optt1,yes,B,yes,"Original raw-CSV numeric process/inline/ET measurement. Re-checked: not in the leakage-family list, not a constant column, not part of any exact-duplicate group (verified via content-hash across all numeric columns).",none,yes,"Eligible for Stage 2 regardless of standalone importance -- may still matter via nonlinear effects, thresholds, or interactions."
SIN_ET_DC_RF_Vg_optt2,yes,B,yes,"Original raw-CSV numeric process/inline/ET measurement. Re-checked: not in the leakage-family list, not a constant column, not part of any exact-duplicate group (verified via content-hash across all numeric columns).",none,yes,"Eligible for Stage 2 regardless of standalone importance -- may still matter via nonlinear effects, thresholds, or interactions."
SIN_ET_DC_RF_Vg_optt3,yes,B,yes,"Original raw-CSV numeric process/inline/ET measurement. Re-checked: not in the leakage-family list, not a constant column, not part of any exact-duplicate group (verified via content-hash across all numeric columns).",none,yes,"Eligible for Stage 2 regardless of standalone importance -- may still matter via nonlinear effects, thresholds, or interactions."
SIN_ET_DC_RF_Vp_01,yes,B,yes,"Original raw-CSV numeric process/inline/ET measurement. Re-checked: not in the leakage-family list, not a constant column, not part of any exact-duplicate group (verified via content-hash across all numeric columns).",none,yes,"Eligible for Stage 2 regardless of standalone importance -- may still matter via nonlinear effects, thresholds, or interactions."
SIN_ET_DC_RF_Vp_1,yes,B,yes,"Original raw-CSV numeric process/inline/ET measurement. Re-checked: not in the leakage-family list, not a constant column, not part of any exact-duplicate group (verified via content-hash across all numeric columns).",none,yes,"Eligible for Stage 2 regardless of standalone importance -- may still matter via nonlinear effects, thresholds, or interactions."
SIN_ET_DC_RF_Vt_gd,yes,B,yes,"Original raw-CSV numeric process/inline/ET measurement. Re-checked: not in the leakage-family list, not a constant column, not part of any exact-duplicate group (verified via content-hash across all numeric columns).",none,yes,"Eligible for Stage 2 regardless of standalone importance -- may still matter via nonlinear effects, thresholds, or interactions."
SIN_ET_DC_RF_Vt_gs,yes,B,yes,"Original raw-CSV numeric process/inline/ET measurement. Re-checked: not in the leakage-family list, not a constant column, not part of any exact-duplicate group (verified via content-hash across all numeric columns).",none,yes,"Eligible for Stage 2 regardless of standalone importance -- may still matter via nonlinear effects, thresholds, or interactions."
SIN_GATE_ET_I_5,yes,B,yes,"Original raw-CSV numeric process/inline/ET measurement. Re-checked: not in the leakage-family list, not a constant column, not part of any exact-duplicate group (verified via content-hash across all numeric columns).",none,yes,"Eligible for Stage 2 regardless of standalone importance -- may still matter via nonlinear effects, thresholds, or interactions."
SIN_GATE_ET_lkg_5,yes,B,yes,"Original raw-CSV numeric process/inline/ET measurement. Re-checked: not in the leakage-family list, not a constant column, not part of any exact-duplicate group (verified via content-hash across all numeric columns).",none,yes,"Eligible for Stage 2 regardless of standalone importance -- may still matter via nonlinear effects, thresholds, or interactions."
SIN_GATE_ET_lkg_SY07_10,yes,B,yes,"Original raw-CSV numeric process/inline/ET measurement. Re-checked: not in the leakage-family list, not a constant column, not part of any exact-duplicate group (verified via content-hash across all numeric columns).",none,yes,"Eligible for Stage 2 regardless of standalone importance -- may still matter via nonlinear effects, thresholds, or interactions."
SIN_GATE_ET_lkg_SY8_80,yes,B,yes,"Original raw-CSV numeric process/inline/ET measurement. Re-checked: not in the leakage-family list, not a constant column, not part of any exact-duplicate group (verified via content-hash across all numeric columns).",none,yes,"Eligible for Stage 2 regardless of standalone importance -- may still matter via nonlinear effects, thresholds, or interactions."
SIN_GATE_ET_OHMC,yes,B,yes,"Original raw-CSV numeric process/inline/ET measurement. Re-checked: not in the leakage-family list, not a constant column, not part of any exact-duplicate group (verified via content-hash across all numeric columns).",none,yes,"Eligible for Stage 2 regardless of standalone importance -- may still matter via nonlinear effects, thresholds, or interactions."
SIN_GATE_ET_OHMC_GN,yes,B,yes,"Original raw-CSV numeric process/inline/ET measurement. Re-checked: not in the leakage-family list, not a constant column, not part of any exact-duplicate group (verified via content-hash across all numeric columns).",none,yes,"Eligible for Stage 2 regardless of standalone importance -- may still matter via nonlinear effects, thresholds, or interactions."
SIN_GATE_ET_OHMIC_conc,yes,B,yes,"Original raw-CSV numeric process/inline/ET measurement. Re-checked: not in the leakage-family list, not a constant column, not part of any exact-duplicate group (verified via content-hash across all numeric columns).",none,yes,"Eligible for Stage 2 regardless of standalone importance -- may still matter via nonlinear effects, thresholds, or interactions."
SIN_GATE_ET_Probe_Number,yes,B,yes,"Original raw-CSV numeric process/inline/ET measurement. Re-checked: not in the leakage-family list, not a constant column, not part of any exact-duplicate group (verified via content-hash across all numeric columns).",none,yes,"Eligible for Stage 2 regardless of standalone importance -- may still matter via nonlinear effects, thresholds, or interactions."
SIN_GATE_ET_R114,yes,B,yes,"Original raw-CSV numeric process/inline/ET measurement. Re-checked: not in the leakage-family list, not a constant column, not part of any exact-duplicate group (verified via content-hash across all numeric columns).",none,yes,"Eligible for Stage 2 regardless of standalone importance -- may still matter via nonlinear effects, thresholds, or interactions."
SIN_GATE_ET_R214,yes,B,yes,"Original raw-CSV numeric process/inline/ET measurement. Re-checked: not in the leakage-family list, not a constant column, not part of any exact-duplicate group (verified via content-hash across all numeric columns).",none,yes,"Eligible for Stage 2 regardless of standalone importance -- may still matter via nonlinear effects, thresholds, or interactions."
SIN_GATE_ET_R314,yes,B,yes,"Original raw-CSV numeric process/inline/ET measurement. Re-checked: not in the leakage-family list, not a constant column, not part of any exact-duplicate group (verified via content-hash across all numeric columns).",none,yes,"Eligible for Stage 2 regardless of standalone importance -- may still matter via nonlinear effects, thresholds, or interactions."
SIN_GATE_ET_R414,yes,B,yes,"Original raw-CSV numeric process/inline/ET measurement. Re-checked: not in the leakage-family list, not a constant column, not part of any exact-duplicate group (verified via content-hash across all numeric columns).",none,yes,"Eligible for Stage 2 regardless of standalone importance -- may still matter via nonlinear effects, thresholds, or interactions."
SIN_GATE_ET_R514,yes,B,yes,"Original raw-CSV numeric process/inline/ET measurement. Re-checked: not in the leakage-family list, not a constant column, not part of any exact-duplicate group (verified via content-hash across all numeric columns).",none,yes,"Eligible for Stage 2 regardless of standalone importance -- may still matter via nonlinear effects, thresholds, or interactions."
SIN_GATE_ET_Ran_con_1,yes,B,yes,"Original raw-CSV numeric process/inline/ET measurement. Re-checked: not in the leakage-family list, not a constant column, not part of any exact-duplicate group (verified via content-hash across all numeric columns).",none,yes,"Eligible for Stage 2 regardless of standalone importance -- may still matter via nonlinear effects, thresholds, or interactions."
SIN_GATE_ET_Ran_con_2,yes,B,yes,"Original raw-CSV numeric process/inline/ET measurement. Re-checked: not in the leakage-family list, not a constant column, not part of any exact-duplicate group (verified via content-hash across all numeric columns).",none,yes,"Eligible for Stage 2 regardless of standalone importance -- may still matter via nonlinear effects, thresholds, or interactions."
SIN_GATE_ET_Ran_con_3,yes,B,yes,"Original raw-CSV numeric process/inline/ET measurement. Re-checked: not in the leakage-family list, not a constant column, not part of any exact-duplicate group (verified via content-hash across all numeric columns).",none,yes,"Eligible for Stage 2 regardless of standalone importance -- may still matter via nonlinear effects, thresholds, or interactions."
SIN_GATE_ET_Rc_an_ct2,yes,B,yes,"Original raw-CSV numeric process/inline/ET measurement. Re-checked: not in the leakage-family list, not a constant column, not part of any exact-duplicate group (verified via content-hash across all numeric columns).",none,yes,"Eligible for Stage 2 regardless of standalone importance -- may still matter via nonlinear effects, thresholds, or interactions."
SIN_GATE_ET_Rc_OG142_GN,yes,B,yes,"Original raw-CSV numeric process/inline/ET measurement. Re-checked: not in the leakage-family list, not a constant column, not part of any exact-duplicate group (verified via content-hash across all numeric columns).",none,yes,"Eligible for Stage 2 regardless of standalone importance -- may still matter via nonlinear effects, thresholds, or interactions."
SIN_GATE_ET_Rc_OG144,yes,B,yes,"Original raw-CSV numeric process/inline/ET measurement. Re-checked: not in the leakage-family list, not a constant column, not part of any exact-duplicate group (verified via content-hash across all numeric columns).",none,yes,"Eligible for Stage 2 regardless of standalone importance -- may still matter via nonlinear effects, thresholds, or interactions."
SIN_GATE_ET_RGAN1,yes,B,yes,"Original raw-CSV numeric process/inline/ET measurement. Re-checked: not in the leakage-family list, not a constant column, not part of any exact-duplicate group (verified via content-hash across all numeric columns).",none,yes,"Eligible for Stage 2 regardless of standalone importance -- may still matter via nonlinear effects, thresholds, or interactions."
SIN_GATE_ET_RGAN2,yes,B,yes,"Original raw-CSV numeric process/inline/ET measurement. Re-checked: not in the leakage-family list, not a constant column, not part of any exact-duplicate group (verified via content-hash across all numeric columns).",none,yes,"Eligible for Stage 2 regardless of standalone importance -- may still matter via nonlinear effects, thresholds, or interactions."
SIN_GATE_ET_RGAN3,yes,B,yes,"Original raw-CSV numeric process/inline/ET measurement. Re-checked: not in the leakage-family list, not a constant column, not part of any exact-duplicate group (verified via content-hash across all numeric columns).",none,yes,"Eligible for Stage 2 regardless of standalone importance -- may still matter via nonlinear effects, thresholds, or interactions."
SIN_GATE_ET_Rsh_an_ct2,yes,B,yes,"Original raw-CSV numeric process/inline/ET measurement. Re-checked: not in the leakage-family list, not a constant column, not part of any exact-duplicate group (verified via content-hash across all numeric columns).",none,yes,"Eligible for Stage 2 regardless of standalone importance -- may still matter via nonlinear effects, thresholds, or interactions."
SIN_GATE_ET_sh_GA142_GN,yes,B,yes,"Original raw-CSV numeric process/inline/ET measurement. Re-checked: not in the leakage-family list, not a constant column, not part of any exact-duplicate group (verified via content-hash across all numeric columns).",none,yes,"Eligible for Stage 2 regardless of standalone importance -- may still matter via nonlinear effects, thresholds, or interactions."
SIN_GATE_ET_sh_GA144,yes,B,yes,"Original raw-CSV numeric process/inline/ET measurement. Re-checked: not in the leakage-family list, not a constant column, not part of any exact-duplicate group (verified via content-hash across all numeric columns).",none,yes,"Eligible for Stage 2 regardless of standalone importance -- may still matter via nonlinear effects, thresholds, or interactions."
SIN_GATE_ET_TR_1F,yes,B,yes,"Original raw-CSV numeric process/inline/ET measurement. Re-checked: not in the leakage-family list, not a constant column, not part of any exact-duplicate group (verified via content-hash across all numeric columns).",none,yes,"Eligible for Stage 2 regardless of standalone importance -- may still matter via nonlinear effects, thresholds, or interactions."
TFRP_ET_Probe_Number,yes,B,yes,"Original raw-CSV numeric process/inline/ET measurement. Re-checked: not in the leakage-family list, not a constant column, not part of any exact-duplicate group (verified via content-hash across all numeric columns).",none,yes,"Eligible for Stage 2 regardless of standalone importance -- may still matter via nonlinear effects, thresholds, or interactions."
TFRP_ET_Rc_TF_AB_2,yes,B,yes,"Original raw-CSV numeric process/inline/ET measurement. Re-checked: not in the leakage-family list, not a constant column, not part of any exact-duplicate group (verified via content-hash across all numeric columns).",none,yes,"Eligible for Stage 2 regardless of standalone importance -- may still matter via nonlinear effects, thresholds, or interactions."
TFRP_ET_Rsh_TFR2,yes,B,yes,"Original raw-CSV numeric process/inline/ET measurement. Re-checked: not in the leakage-family list, not a constant column, not part of any exact-duplicate group (verified via content-hash across all numeric columns).",none,yes,"Eligible for Stage 2 regardless of standalone importance -- may still matter via nonlinear effects, thresholds, or interactions."
TFRP_ET_TF_AB_1,yes,B,yes,"Original raw-CSV numeric process/inline/ET measurement. Re-checked: not in the leakage-family list, not a constant column, not part of any exact-duplicate group (verified via content-hash across all numeric columns).",none,yes,"Eligible for Stage 2 regardless of standalone importance -- may still matter via nonlinear effects, thresholds, or interactions."
TFRP_ET_TF_AB_2,yes,B,yes,"Original raw-CSV numeric process/inline/ET measurement. Re-checked: not in the leakage-family list, not a constant column, not part of any exact-duplicate group (verified via content-hash across all numeric columns).",none,yes,"Eligible for Stage 2 regardless of standalone importance -- may still matter via nonlinear effects, thresholds, or interactions."
TFRP_ET_TF_AB_3,yes,B,yes,"Original raw-CSV numeric process/inline/ET measurement. Re-checked: not in the leakage-family list, not a constant column, not part of any exact-duplicate group (verified via content-hash across all numeric columns).",none,yes,"Eligible for Stage 2 regardless of standalone importance -- may still matter via nonlinear effects, thresholds, or interactions."
TFRP_ET_TFRP,yes,B,yes,"Original raw-CSV numeric process/inline/ET measurement. Re-checked: not in the leakage-family list, not a constant column, not part of any exact-duplicate group (verified via content-hash across all numeric columns).",none,yes,"Eligible for Stage 2 regardless of standalone importance -- may still matter via nonlinear effects, thresholds, or interactions."
THIN_ET_C_AN_2,yes,B,yes,"Original raw-CSV numeric process/inline/ET measurement. Re-checked: not in the leakage-family list, not a constant column, not part of any exact-duplicate group (verified via content-hash across all numeric columns).",none,yes,"Eligible for Stage 2 regardless of standalone importance -- may still matter via nonlinear effects, thresholds, or interactions."
THIN_ET_C_AN_2_OW_CR,yes,B,yes,"Original raw-CSV numeric process/inline/ET measurement. Re-checked: not in the leakage-family list, not a constant column, not part of any exact-duplicate group (verified via content-hash across all numeric columns).",none,yes,"Eligible for Stage 2 regardless of standalone importance -- may still matter via nonlinear effects, thresholds, or interactions."
THIN_ET_C_CAT_2,yes,B,yes,"Original raw-CSV numeric process/inline/ET measurement. Re-checked: not in the leakage-family list, not a constant column, not part of any exact-duplicate group (verified via content-hash across all numeric columns).",none,yes,"Eligible for Stage 2 regardless of standalone importance -- may still matter via nonlinear effects, thresholds, or interactions."
THIN_ET_C_CAT_2_OW_ST,yes,B,yes,"Original raw-CSV numeric process/inline/ET measurement. Re-checked: not in the leakage-family list, not a constant column, not part of any exact-duplicate group (verified via content-hash across all numeric columns).",none,yes,"Eligible for Stage 2 regardless of standalone importance -- may still matter via nonlinear effects, thresholds, or interactions."
THIN_ET_C100,yes,B,yes,"Original raw-CSV numeric process/inline/ET measurement. Re-checked: not in the leakage-family list, not a constant column, not part of any exact-duplicate group (verified via content-hash across all numeric columns).",none,yes,"Eligible for Stage 2 regardless of standalone importance -- may still matter via nonlinear effects, thresholds, or interactions."
THIN_ET_C20,yes,B,yes,"Original raw-CSV numeric process/inline/ET measurement. Re-checked: not in the leakage-family list, not a constant column, not part of any exact-duplicate group (verified via content-hash across all numeric columns).",none,yes,"Eligible for Stage 2 regardless of standalone importance -- may still matter via nonlinear effects, thresholds, or interactions."
THIN_ET_C20_0,yes,B,yes,"Original raw-CSV numeric process/inline/ET measurement. Re-checked: not in the leakage-family list, not a constant column, not part of any exact-duplicate group (verified via content-hash across all numeric columns).",none,yes,"Eligible for Stage 2 regardless of standalone importance -- may still matter via nonlinear effects, thresholds, or interactions."
THIN_ET_C200,yes,B,yes,"Original raw-CSV numeric process/inline/ET measurement. Re-checked: not in the leakage-family list, not a constant column, not part of any exact-duplicate group (verified via content-hash across all numeric columns).",none,yes,"Eligible for Stage 2 regardless of standalone importance -- may still matter via nonlinear effects, thresholds, or interactions."
THIN_ET_C200_0,yes,B,yes,"Original raw-CSV numeric process/inline/ET measurement. Re-checked: not in the leakage-family list, not a constant column, not part of any exact-duplicate group (verified via content-hash across all numeric columns).",none,yes,"Eligible for Stage 2 regardless of standalone importance -- may still matter via nonlinear effects, thresholds, or interactions."
THIN_ET_C300,yes,B,yes,"Original raw-CSV numeric process/inline/ET measurement. Re-checked: not in the leakage-family list, not a constant column, not part of any exact-duplicate group (verified via content-hash across all numeric columns).",none,yes,"Eligible for Stage 2 regardless of standalone importance -- may still matter via nonlinear effects, thresholds, or interactions."
THIN_ET_C300_0,yes,B,yes,"Original raw-CSV numeric process/inline/ET measurement. Re-checked: not in the leakage-family list, not a constant column, not part of any exact-duplicate group (verified via content-hash across all numeric columns).",none,yes,"Eligible for Stage 2 regardless of standalone importance -- may still matter via nonlinear effects, thresholds, or interactions."
THIN_ET_Cap_C300,yes,B,yes,"Original raw-CSV numeric process/inline/ET measurement. Re-checked: not in the leakage-family list, not a constant column, not part of any exact-duplicate group (verified via content-hash across all numeric columns).",none,yes,"Eligible for Stage 2 regardless of standalone importance -- may still matter via nonlinear effects, thresholds, or interactions."
THIN_ET_Cap20,yes,B,yes,"Original raw-CSV numeric process/inline/ET measurement. Re-checked: not in the leakage-family list, not a constant column, not part of any exact-duplicate group (verified via content-hash across all numeric columns).",none,yes,"Eligible for Stage 2 regardless of standalone importance -- may still matter via nonlinear effects, thresholds, or interactions."
THIN_ET_Er,yes,B,yes,"Original raw-CSV numeric process/inline/ET measurement. Re-checked: not in the leakage-family list, not a constant column, not part of any exact-duplicate group (verified via content-hash across all numeric columns).",none,yes,"Eligible for Stage 2 regardless of standalone importance -- may still matter via nonlinear effects, thresholds, or interactions."
THIN_ET_F_AB,yes,B,yes,"Original raw-CSV numeric process/inline/ET measurement. Re-checked: not in the leakage-family list, not a constant column, not part of any exact-duplicate group (verified via content-hash across all numeric columns).",none,yes,"Eligible for Stage 2 regardless of standalone importance -- may still matter via nonlinear effects, thresholds, or interactions."
THIN_ET_HIRS,yes,B,yes,"Original raw-CSV numeric process/inline/ET measurement. Re-checked: not in the leakage-family list, not a constant column, not part of any exact-duplicate group (verified via content-hash across all numeric columns).",none,yes,"Eligible for Stage 2 regardless of standalone importance -- may still matter via nonlinear effects, thresholds, or interactions."
THIN_ET_i5021_1,yes,B,yes,"Original raw-CSV numeric process/inline/ET measurement. Re-checked: not in the leakage-family list, not a constant column, not part of any exact-duplicate group (verified via content-hash across all numeric columns).",none,yes,"Eligible for Stage 2 regardless of standalone importance -- may still matter via nonlinear effects, thresholds, or interactions."
THIN_ET_i5021_2,yes,B,yes,"Original raw-CSV numeric process/inline/ET measurement. Re-checked: not in the leakage-family list, not a constant column, not part of any exact-duplicate group (verified via content-hash across all numeric columns).",none,yes,"Eligible for Stage 2 regardless of standalone importance -- may still matter via nonlinear effects, thresholds, or interactions."
THIN_ET_i5021_3,yes,B,yes,"Original raw-CSV numeric process/inline/ET measurement. Re-checked: not in the leakage-family list, not a constant column, not part of any exact-duplicate group (verified via content-hash across all numeric columns).",none,yes,"Eligible for Stage 2 regardless of standalone importance -- may still matter via nonlinear effects, thresholds, or interactions."
THIN_ET_KLV_F_AB_4u,yes,B,yes,"Original raw-CSV numeric process/inline/ET measurement. Re-checked: not in the leakage-family list, not a constant column, not part of any exact-duplicate group (verified via content-hash across all numeric columns).",none,yes,"Eligible for Stage 2 regardless of standalone importance -- may still matter via nonlinear effects, thresholds, or interactions."
THIN_ET_lkg_10,yes,B,yes,"Original raw-CSV numeric process/inline/ET measurement. Re-checked: not in the leakage-family list, not a constant column, not part of any exact-duplicate group (verified via content-hash across all numeric columns).",none,yes,"Eligible for Stage 2 regardless of standalone importance -- may still matter via nonlinear effects, thresholds, or interactions."
THIN_ET_lkg_100_at20V,yes,B,yes,"Original raw-CSV numeric process/inline/ET measurement. Re-checked: not in the leakage-family list, not a constant column, not part of any exact-duplicate group (verified via content-hash across all numeric columns).",none,yes,"Eligible for Stage 2 regardless of standalone importance -- may still matter via nonlinear effects, thresholds, or interactions."
THIN_ET_lkg_5,yes,B,yes,"Original raw-CSV numeric process/inline/ET measurement. Re-checked: not in the leakage-family list, not a constant column, not part of any exact-duplicate group (verified via content-hash across all numeric columns).",none,yes,"Eligible for Stage 2 regardless of standalone importance -- may still matter via nonlinear effects, thresholds, or interactions."
THIN_ET_lkg_50_at20V,yes,B,yes,"Original raw-CSV numeric process/inline/ET measurement. Re-checked: not in the leakage-family list, not a constant column, not part of any exact-duplicate group (verified via content-hash across all numeric columns).",none,yes,"Eligible for Stage 2 regardless of standalone importance -- may still matter via nonlinear effects, thresholds, or interactions."
THIN_ET_lkg_70_at20V,yes,B,yes,"Original raw-CSV numeric process/inline/ET measurement. Re-checked: not in the leakage-family list, not a constant column, not part of any exact-duplicate group (verified via content-hash across all numeric columns).",none,yes,"Eligible for Stage 2 regardless of standalone importance -- may still matter via nonlinear effects, thresholds, or interactions."
THIN_ET_lkg_C20,yes,B,yes,"Original raw-CSV numeric process/inline/ET measurement. Re-checked: not in the leakage-family list, not a constant column, not part of any exact-duplicate group (verified via content-hash across all numeric columns).",none,yes,"Eligible for Stage 2 regardless of standalone importance -- may still matter via nonlinear effects, thresholds, or interactions."
THIN_ET_lkg_C200,yes,B,yes,"Original raw-CSV numeric process/inline/ET measurement. Re-checked: not in the leakage-family list, not a constant column, not part of any exact-duplicate group (verified via content-hash across all numeric columns).",none,yes,"Eligible for Stage 2 regardless of standalone importance -- may still matter via nonlinear effects, thresholds, or interactions."
THIN_ET_lkg_C300,yes,B,yes,"Original raw-CSV numeric process/inline/ET measurement. Re-checked: not in the leakage-family list, not a constant column, not part of any exact-duplicate group (verified via content-hash across all numeric columns).",none,yes,"Eligible for Stage 2 regardless of standalone importance -- may still matter via nonlinear effects, thresholds, or interactions."
THIN_ET_lkg_PAD_10,yes,B,yes,"Original raw-CSV numeric process/inline/ET measurement. Re-checked: not in the leakage-family list, not a constant column, not part of any exact-duplicate group (verified via content-hash across all numeric columns).",none,yes,"Eligible for Stage 2 regardless of standalone importance -- may still matter via nonlinear effects, thresholds, or interactions."
THIN_ET_OHMC,yes,B,yes,"Original raw-CSV numeric process/inline/ET measurement. Re-checked: not in the leakage-family list, not a constant column, not part of any exact-duplicate group (verified via content-hash across all numeric columns).",none,yes,"Eligible for Stage 2 regardless of standalone importance -- may still matter via nonlinear effects, thresholds, or interactions."
THIN_ET_Probe_Number,yes,B,yes,"Original raw-CSV numeric process/inline/ET measurement. Re-checked: not in the leakage-family list, not a constant column, not part of any exact-duplicate group (verified via content-hash across all numeric columns).",none,yes,"Eligible for Stage 2 regardless of standalone importance -- may still matter via nonlinear effects, thresholds, or interactions."
THIN_ET_R_400_HOR,yes,B,yes,"Original raw-CSV numeric process/inline/ET measurement. Re-checked: not in the leakage-family list, not a constant column, not part of any exact-duplicate group (verified via content-hash across all numeric columns).",none,yes,"Eligible for Stage 2 regardless of standalone importance -- may still matter via nonlinear effects, thresholds, or interactions."
THIN_ET_R_400_VER,yes,B,yes,"Original raw-CSV numeric process/inline/ET measurement. Re-checked: not in the leakage-family list, not a constant column, not part of any exact-duplicate group (verified via content-hash across all numeric columns).",none,yes,"Eligible for Stage 2 regardless of standalone importance -- may still matter via nonlinear effects, thresholds, or interactions."
THIN_ET_R_4000_HOR,yes,B,yes,"Original raw-CSV numeric process/inline/ET measurement. Re-checked: not in the leakage-family list, not a constant column, not part of any exact-duplicate group (verified via content-hash across all numeric columns).",none,yes,"Eligible for Stage 2 regardless of standalone importance -- may still matter via nonlinear effects, thresholds, or interactions."
THIN_ET_R_4000_VER,yes,B,yes,"Original raw-CSV numeric process/inline/ET measurement. Re-checked: not in the leakage-family list, not a constant column, not part of any exact-duplicate group (verified via content-hash across all numeric columns).",none,yes,"Eligible for Stage 2 regardless of standalone importance -- may still matter via nonlinear effects, thresholds, or interactions."
THIN_ET_R_660_HOR,yes,B,yes,"Original raw-CSV numeric process/inline/ET measurement. Re-checked: not in the leakage-family list, not a constant column, not part of any exact-duplicate group (verified via content-hash across all numeric columns).",none,yes,"Eligible for Stage 2 regardless of standalone importance -- may still matter via nonlinear effects, thresholds, or interactions."
THIN_ET_R_660_VER,yes,B,yes,"Original raw-CSV numeric process/inline/ET measurement. Re-checked: not in the leakage-family list, not a constant column, not part of any exact-duplicate group (verified via content-hash across all numeric columns).",none,yes,"Eligible for Stage 2 regardless of standalone importance -- may still matter via nonlinear effects, thresholds, or interactions."
THIN_ET_R_f_hr_1,yes,B,yes,"Original raw-CSV numeric process/inline/ET measurement. Re-checked: not in the leakage-family list, not a constant column, not part of any exact-duplicate group (verified via content-hash across all numeric columns).",none,yes,"Eligible for Stage 2 regardless of standalone importance -- may still matter via nonlinear effects, thresholds, or interactions."
THIN_ET_R_f_hr_2,yes,B,yes,"Original raw-CSV numeric process/inline/ET measurement. Re-checked: not in the leakage-family list, not a constant column, not part of any exact-duplicate group (verified via content-hash across all numeric columns).",none,yes,"Eligible for Stage 2 regardless of standalone importance -- may still matter via nonlinear effects, thresholds, or interactions."
THIN_ET_R_f_hr_3,yes,B,yes,"Original raw-CSV numeric process/inline/ET measurement. Re-checked: not in the leakage-family list, not a constant column, not part of any exact-duplicate group (verified via content-hash across all numeric columns).",none,yes,"Eligible for Stage 2 regardless of standalone importance -- may still matter via nonlinear effects, thresholds, or interactions."
THIN_ET_R_f_tn_1,yes,B,yes,"Original raw-CSV numeric process/inline/ET measurement. Re-checked: not in the leakage-family list, not a constant column, not part of any exact-duplicate group (verified via content-hash across all numeric columns).",none,yes,"Eligible for Stage 2 regardless of standalone importance -- may still matter via nonlinear effects, thresholds, or interactions."
THIN_ET_R_f_tn_2,yes,B,yes,"Original raw-CSV numeric process/inline/ET measurement. Re-checked: not in the leakage-family list, not a constant column, not part of any exact-duplicate group (verified via content-hash across all numeric columns).",none,yes,"Eligible for Stage 2 regardless of standalone importance -- may still matter via nonlinear effects, thresholds, or interactions."
THIN_ET_R_f_tn_3,yes,B,yes,"Original raw-CSV numeric process/inline/ET measurement. Re-checked: not in the leakage-family list, not a constant column, not part of any exact-duplicate group (verified via content-hash across all numeric columns).",none,yes,"Eligible for Stage 2 regardless of standalone importance -- may still matter via nonlinear effects, thresholds, or interactions."
THIN_ET_R114,yes,B,yes,"Original raw-CSV numeric process/inline/ET measurement. Re-checked: not in the leakage-family list, not a constant column, not part of any exact-duplicate group (verified via content-hash across all numeric columns).",none,yes,"Eligible for Stage 2 regardless of standalone importance -- may still matter via nonlinear effects, thresholds, or interactions."
THIN_ET_R214,yes,B,yes,"Original raw-CSV numeric process/inline/ET measurement. Re-checked: not in the leakage-family list, not a constant column, not part of any exact-duplicate group (verified via content-hash across all numeric columns).",none,yes,"Eligible for Stage 2 regardless of standalone importance -- may still matter via nonlinear effects, thresholds, or interactions."
THIN_ET_R314,yes,B,yes,"Original raw-CSV numeric process/inline/ET measurement. Re-checked: not in the leakage-family list, not a constant column, not part of any exact-duplicate group (verified via content-hash across all numeric columns).",none,yes,"Eligible for Stage 2 regardless of standalone importance -- may still matter via nonlinear effects, thresholds, or interactions."
THIN_ET_Ran_con_1,yes,B,yes,"Original raw-CSV numeric process/inline/ET measurement. Re-checked: not in the leakage-family list, not a constant column, not part of any exact-duplicate group (verified via content-hash across all numeric columns).",none,yes,"Eligible for Stage 2 regardless of standalone importance -- may still matter via nonlinear effects, thresholds, or interactions."
THIN_ET_Ran_con_1_OW_CR,yes,B,yes,"Original raw-CSV numeric process/inline/ET measurement. Re-checked: not in the leakage-family list, not a constant column, not part of any exact-duplicate group (verified via content-hash across all numeric columns).",none,yes,"Eligible for Stage 2 regardless of standalone importance -- may still matter via nonlinear effects, thresholds, or interactions."
THIN_ET_Ran_con_2,yes,B,yes,"Original raw-CSV numeric process/inline/ET measurement. Re-checked: not in the leakage-family list, not a constant column, not part of any exact-duplicate group (verified via content-hash across all numeric columns).",none,yes,"Eligible for Stage 2 regardless of standalone importance -- may still matter via nonlinear effects, thresholds, or interactions."
THIN_ET_Ran_con_2_OW_CR,yes,B,yes,"Original raw-CSV numeric process/inline/ET measurement. Re-checked: not in the leakage-family list, not a constant column, not part of any exact-duplicate group (verified via content-hash across all numeric columns).",none,yes,"Eligible for Stage 2 regardless of standalone importance -- may still matter via nonlinear effects, thresholds, or interactions."
THIN_ET_Ran_con_3,yes,B,yes,"Original raw-CSV numeric process/inline/ET measurement. Re-checked: not in the leakage-family list, not a constant column, not part of any exact-duplicate group (verified via content-hash across all numeric columns).",none,yes,"Eligible for Stage 2 regardless of standalone importance -- may still matter via nonlinear effects, thresholds, or interactions."
THIN_ET_Ran_con_3_OW_CR,yes,B,yes,"Original raw-CSV numeric process/inline/ET measurement. Re-checked: not in the leakage-family list, not a constant column, not part of any exact-duplicate group (verified via content-hash across all numeric columns).",none,yes,"Eligible for Stage 2 regardless of standalone importance -- may still matter via nonlinear effects, thresholds, or interactions."
THIN_ET_Rc_an_ct2,yes,B,yes,"Original raw-CSV numeric process/inline/ET measurement. Re-checked: not in the leakage-family list, not a constant column, not part of any exact-duplicate group (verified via content-hash across all numeric columns).",none,yes,"Eligible for Stage 2 regardless of standalone importance -- may still matter via nonlinear effects, thresholds, or interactions."
THIN_ET_Rc_an_ct2_OW_CR,yes,B,yes,"Original raw-CSV numeric process/inline/ET measurement. Re-checked: not in the leakage-family list, not a constant column, not part of any exact-duplicate group (verified via content-hash across all numeric columns).",none,yes,"Eligible for Stage 2 regardless of standalone importance -- may still matter via nonlinear effects, thresholds, or interactions."
THIN_ET_Rc_cat_ct2,yes,B,yes,"Original raw-CSV numeric process/inline/ET measurement. Re-checked: not in the leakage-family list, not a constant column, not part of any exact-duplicate group (verified via content-hash across all numeric columns).",none,yes,"Eligible for Stage 2 regardless of standalone importance -- may still matter via nonlinear effects, thresholds, or interactions."
THIN_ET_Rc_cat_ct2_OW_ST,yes,B,yes,"Original raw-CSV numeric process/inline/ET measurement. Re-checked: not in the leakage-family list, not a constant column, not part of any exact-duplicate group (verified via content-hash across all numeric columns).",none,yes,"Eligible for Stage 2 regardless of standalone importance -- may still matter via nonlinear effects, thresholds, or interactions."
THIN_ET_Rc_F_AB_2,yes,B,yes,"Original raw-CSV numeric process/inline/ET measurement. Re-checked: not in the leakage-family list, not a constant column, not part of any exact-duplicate group (verified via content-hash across all numeric columns).",none,yes,"Eligible for Stage 2 regardless of standalone importance -- may still matter via nonlinear effects, thresholds, or interactions."
THIN_ET_Rc_f_hr_23,yes,B,yes,"Original raw-CSV numeric process/inline/ET measurement. Re-checked: not in the leakage-family list, not a constant column, not part of any exact-duplicate group (verified via content-hash across all numeric columns).",none,yes,"Eligible for Stage 2 regardless of standalone importance -- may still matter via nonlinear effects, thresholds, or interactions."
THIN_ET_Rc_f_tn_23,yes,B,yes,"Original raw-CSV numeric process/inline/ET measurement. Re-checked: not in the leakage-family list, not a constant column, not part of any exact-duplicate group (verified via content-hash across all numeric columns).",none,yes,"Eligible for Stage 2 regardless of standalone importance -- may still matter via nonlinear effects, thresholds, or interactions."
THIN_ET_Rc_OG142,yes,B,yes,"Original raw-CSV numeric process/inline/ET measurement. Re-checked: not in the leakage-family list, not a constant column, not part of any exact-duplicate group (verified via content-hash across all numeric columns).",none,yes,"Eligible for Stage 2 regardless of standalone importance -- may still matter via nonlinear effects, thresholds, or interactions."
THIN_ET_Rc_TF_AB_2,yes,B,yes,"Original raw-CSV numeric process/inline/ET measurement. Re-checked: not in the leakage-family list, not a constant column, not part of any exact-duplicate group (verified via content-hash across all numeric columns).",none,yes,"Eligible for Stage 2 regardless of standalone importance -- may still matter via nonlinear effects, thresholds, or interactions."
THIN_ET_Rcat_cn_1,yes,B,yes,"Original raw-CSV numeric process/inline/ET measurement. Re-checked: not in the leakage-family list, not a constant column, not part of any exact-duplicate group (verified via content-hash across all numeric columns).",none,yes,"Eligible for Stage 2 regardless of standalone importance -- may still matter via nonlinear effects, thresholds, or interactions."
THIN_ET_Rcat_cn_1_OW_ST,yes,B,yes,"Original raw-CSV numeric process/inline/ET measurement. Re-checked: not in the leakage-family list, not a constant column, not part of any exact-duplicate group (verified via content-hash across all numeric columns).",none,yes,"Eligible for Stage 2 regardless of standalone importance -- may still matter via nonlinear effects, thresholds, or interactions."
THIN_ET_Rcat_cn_2,yes,B,yes,"Original raw-CSV numeric process/inline/ET measurement. Re-checked: not in the leakage-family list, not a constant column, not part of any exact-duplicate group (verified via content-hash across all numeric columns).",none,yes,"Eligible for Stage 2 regardless of standalone importance -- may still matter via nonlinear effects, thresholds, or interactions."
THIN_ET_Rcat_cn_2_OW_ST,yes,B,yes,"Original raw-CSV numeric process/inline/ET measurement. Re-checked: not in the leakage-family list, not a constant column, not part of any exact-duplicate group (verified via content-hash across all numeric columns).",none,yes,"Eligible for Stage 2 regardless of standalone importance -- may still matter via nonlinear effects, thresholds, or interactions."
THIN_ET_Rcat_cn_3,yes,B,yes,"Original raw-CSV numeric process/inline/ET measurement. Re-checked: not in the leakage-family list, not a constant column, not part of any exact-duplicate group (verified via content-hash across all numeric columns).",none,yes,"Eligible for Stage 2 regardless of standalone importance -- may still matter via nonlinear effects, thresholds, or interactions."
THIN_ET_Rcat_cn_3_OW_ST,yes,B,yes,"Original raw-CSV numeric process/inline/ET measurement. Re-checked: not in the leakage-family list, not a constant column, not part of any exact-duplicate group (verified via content-hash across all numeric columns).",none,yes,"Eligible for Stage 2 regardless of standalone importance -- may still matter via nonlinear effects, thresholds, or interactions."
THIN_ET_Rsh_an_ct2,yes,B,yes,"Original raw-CSV numeric process/inline/ET measurement. Re-checked: not in the leakage-family list, not a constant column, not part of any exact-duplicate group (verified via content-hash across all numeric columns).",none,yes,"Eligible for Stage 2 regardless of standalone importance -- may still matter via nonlinear effects, thresholds, or interactions."
THIN_ET_Rsh_an_ct2_OW_CR,yes,B,yes,"Original raw-CSV numeric process/inline/ET measurement. Re-checked: not in the leakage-family list, not a constant column, not part of any exact-duplicate group (verified via content-hash across all numeric columns).",none,yes,"Eligible for Stage 2 regardless of standalone importance -- may still matter via nonlinear effects, thresholds, or interactions."
THIN_ET_Rsh_cat_c2,yes,B,yes,"Original raw-CSV numeric process/inline/ET measurement. Re-checked: not in the leakage-family list, not a constant column, not part of any exact-duplicate group (verified via content-hash across all numeric columns).",none,yes,"Eligible for Stage 2 regardless of standalone importance -- may still matter via nonlinear effects, thresholds, or interactions."
THIN_ET_Rsh_cat_c2_OW_ST,yes,B,yes,"Original raw-CSV numeric process/inline/ET measurement. Re-checked: not in the leakage-family list, not a constant column, not part of any exact-duplicate group (verified via content-hash across all numeric columns).",none,yes,"Eligible for Stage 2 regardless of standalone importance -- may still matter via nonlinear effects, thresholds, or interactions."
THIN_ET_Rsh_F_AB_2,yes,B,yes,"Original raw-CSV numeric process/inline/ET measurement. Re-checked: not in the leakage-family list, not a constant column, not part of any exact-duplicate group (verified via content-hash across all numeric columns).",none,yes,"Eligible for Stage 2 regardless of standalone importance -- may still matter via nonlinear effects, thresholds, or interactions."
THIN_ET_Rsh_TF_AB2,yes,B,yes,"Original raw-CSV numeric process/inline/ET measurement. Re-checked: not in the leakage-family list, not a constant column, not part of any exact-duplicate group (verified via content-hash across all numeric columns).",none,yes,"Eligible for Stage 2 regardless of standalone importance -- may still matter via nonlinear effects, thresholds, or interactions."
THIN_ET_sh_f_hr_23,yes,B,yes,"Original raw-CSV numeric process/inline/ET measurement. Re-checked: not in the leakage-family list, not a constant column, not part of any exact-duplicate group (verified via content-hash across all numeric columns).",none,yes,"Eligible for Stage 2 regardless of standalone importance -- may still matter via nonlinear effects, thresholds, or interactions."
THIN_ET_sh_f_tn_23,yes,B,yes,"Original raw-CSV numeric process/inline/ET measurement. Re-checked: not in the leakage-family list, not a constant column, not part of any exact-duplicate group (verified via content-hash across all numeric columns).",none,yes,"Eligible for Stage 2 regardless of standalone importance -- may still matter via nonlinear effects, thresholds, or interactions."
THIN_ET_sh_GA142,yes,B,yes,"Original raw-CSV numeric process/inline/ET measurement. Re-checked: not in the leakage-family list, not a constant column, not part of any exact-duplicate group (verified via content-hash across all numeric columns).",none,yes,"Eligible for Stage 2 regardless of standalone importance -- may still matter via nonlinear effects, thresholds, or interactions."
THIN_ET_TANR,yes,B,yes,"Original raw-CSV numeric process/inline/ET measurement. Re-checked: not in the leakage-family list, not a constant column, not part of any exact-duplicate group (verified via content-hash across all numeric columns).",none,yes,"Eligible for Stage 2 regardless of standalone importance -- may still matter via nonlinear effects, thresholds, or interactions."
THIN_ET_TF_AB_1,yes,B,yes,"Original raw-CSV numeric process/inline/ET measurement. Re-checked: not in the leakage-family list, not a constant column, not part of any exact-duplicate group (verified via content-hash across all numeric columns).",none,yes,"Eligible for Stage 2 regardless of standalone importance -- may still matter via nonlinear effects, thresholds, or interactions."
THIN_ET_TF_AB_2,yes,B,yes,"Original raw-CSV numeric process/inline/ET measurement. Re-checked: not in the leakage-family list, not a constant column, not part of any exact-duplicate group (verified via content-hash across all numeric columns).",none,yes,"Eligible for Stage 2 regardless of standalone importance -- may still matter via nonlinear effects, thresholds, or interactions."
THIN_ET_TF_AB_3,yes,B,yes,"Original raw-CSV numeric process/inline/ET measurement. Re-checked: not in the leakage-family list, not a constant column, not part of any exact-duplicate group (verified via content-hash across all numeric columns).",none,yes,"Eligible for Stage 2 regardless of standalone importance -- may still matter via nonlinear effects, thresholds, or interactions."
THIN_ET_TFR_AB,yes,B,yes,"Original raw-CSV numeric process/inline/ET measurement. Re-checked: not in the leakage-family list, not a constant column, not part of any exact-duplicate group (verified via content-hash across all numeric columns).",none,yes,"Eligible for Stage 2 regardless of standalone importance -- may still matter via nonlinear effects, thresholds, or interactions."
THIN_ET_Vbpin,yes,B,yes,"Original raw-CSV numeric process/inline/ET measurement. Re-checked: not in the leakage-family list, not a constant column, not part of any exact-duplicate group (verified via content-hash across all numeric columns).",none,yes,"Eligible for Stage 2 regardless of standalone importance -- may still matter via nonlinear effects, thresholds, or interactions."
THIN_ET_Vbpin_D60,yes,B,yes,"Original raw-CSV numeric process/inline/ET measurement. Re-checked: not in the leakage-family list, not a constant column, not part of any exact-duplicate group (verified via content-hash across all numeric columns).",none,yes,"Eligible for Stage 2 regardless of standalone importance -- may still matter via nonlinear effects, thresholds, or interactions."
THIN_ET_Vk,yes,B,yes,"Original raw-CSV numeric process/inline/ET measurement. Re-checked: not in the leakage-family list, not a constant column, not part of any exact-duplicate group (verified via content-hash across all numeric columns).",none,yes,"Eligible for Stage 2 regardless of standalone importance -- may still matter via nonlinear effects, thresholds, or interactions."
THIN_ET_DC_RD_Vboff,yes,B,yes,"Original raw-CSV numeric process/inline/ET measurement. Re-checked: not in the leakage-family list, not a constant column, not part of any exact-duplicate group (verified via content-hash across all numeric columns).",none,yes,"Eligible for Stage 2 regardless of standalone importance -- may still matter via nonlinear effects, thresholds, or interactions."
THIN_ET_DC_RF_Gm_0,yes,B,yes,"Original raw-CSV numeric process/inline/ET measurement. Re-checked: not in the leakage-family list, not a constant column, not part of any exact-duplicate group (verified via content-hash across all numeric columns).",none,yes,"Eligible for Stage 2 regardless of standalone importance -- may still matter via nonlinear effects, thresholds, or interactions."
THIN_ET_DC_RF_Gm_m0p2,yes,B,yes,"Original raw-CSV numeric process/inline/ET measurement. Re-checked: not in the leakage-family list, not a constant column, not part of any exact-duplicate group (verified via content-hash across all numeric columns).",none,yes,"Eligible for Stage 2 regardless of standalone importance -- may still matter via nonlinear effects, thresholds, or interactions."
THIN_ET_DC_RF_Gm_max,yes,B,yes,"Original raw-CSV numeric process/inline/ET measurement. Re-checked: not in the leakage-family list, not a constant column, not part of any exact-duplicate group (verified via content-hash across all numeric columns).",none,yes,"Eligible for Stage 2 regardless of standalone importance -- may still matter via nonlinear effects, thresholds, or interactions."
THIN_ET_DC_RF_Id_gm_max,yes,B,yes,"Original raw-CSV numeric process/inline/ET measurement. Re-checked: not in the leakage-family list, not a constant column, not part of any exact-duplicate group (verified via content-hash across all numeric columns).",none,yes,"Eligible for Stage 2 regardless of standalone importance -- may still matter via nonlinear effects, thresholds, or interactions."
THIN_ET_DC_RF_Ids_m0p2,yes,B,yes,"Original raw-CSV numeric process/inline/ET measurement. Re-checked: not in the leakage-family list, not a constant column, not part of any exact-duplicate group (verified via content-hash across all numeric columns).",none,yes,"Eligible for Stage 2 regardless of standalone importance -- may still matter via nonlinear effects, thresholds, or interactions."
THIN_ET_DC_RF_Idss,yes,B,yes,"Original raw-CSV numeric process/inline/ET measurement. Re-checked: not in the leakage-family list, not a constant column, not part of any exact-duplicate group (verified via content-hash across all numeric columns).",none,yes,"Eligible for Stage 2 regardless of standalone importance -- may still matter via nonlinear effects, thresholds, or interactions."
THIN_ET_DC_RF_Imax,yes,B,yes,"Original raw-CSV numeric process/inline/ET measurement. Re-checked: not in the leakage-family list, not a constant column, not part of any exact-duplicate group (verified via content-hash across all numeric columns).",none,yes,"Eligible for Stage 2 regardless of standalone importance -- may still matter via nonlinear effects, thresholds, or interactions."
THIN_ET_DC_RF_n_gd,yes,B,yes,"Original raw-CSV numeric process/inline/ET measurement. Re-checked: not in the leakage-family list, not a constant column, not part of any exact-duplicate group (verified via content-hash across all numeric columns).",none,yes,"Eligible for Stage 2 regardless of standalone importance -- may still matter via nonlinear effects, thresholds, or interactions."
THIN_ET_DC_RF_n_gs,yes,B,yes,"Original raw-CSV numeric process/inline/ET measurement. Re-checked: not in the leakage-family list, not a constant column, not part of any exact-duplicate group (verified via content-hash across all numeric columns).",none,yes,"Eligible for Stage 2 regardless of standalone importance -- may still matter via nonlinear effects, thresholds, or interactions."
THIN_ET_DC_RF_Vbgd_0p01,yes,B,yes,"Original raw-CSV numeric process/inline/ET measurement. Re-checked: not in the leakage-family list, not a constant column, not part of any exact-duplicate group (verified via content-hash across all numeric columns).",none,yes,"Eligible for Stage 2 regardless of standalone importance -- may still matter via nonlinear effects, thresholds, or interactions."
THIN_ET_DC_RF_Vbgd_0p1,yes,B,yes,"Original raw-CSV numeric process/inline/ET measurement. Re-checked: not in the leakage-family list, not a constant column, not part of any exact-duplicate group (verified via content-hash across all numeric columns).",none,yes,"Eligible for Stage 2 regardless of standalone importance -- may still matter via nonlinear effects, thresholds, or interactions."
THIN_ET_DC_RF_Vbgd1,yes,B,yes,"Original raw-CSV numeric process/inline/ET measurement. Re-checked: not in the leakage-family list, not a constant column, not part of any exact-duplicate group (verified via content-hash across all numeric columns).",none,yes,"Eligible for Stage 2 regardless of standalone importance -- may still matter via nonlinear effects, thresholds, or interactions."
THIN_ET_DC_RF_Vbgs_0p01,yes,B,yes,"Original raw-CSV numeric process/inline/ET measurement. Re-checked: not in the leakage-family list, not a constant column, not part of any exact-duplicate group (verified via content-hash across all numeric columns).",none,yes,"Eligible for Stage 2 regardless of standalone importance -- may still matter via nonlinear effects, thresholds, or interactions."
THIN_ET_DC_RF_Vbgs_0p1,yes,B,yes,"Original raw-CSV numeric process/inline/ET measurement. Re-checked: not in the leakage-family list, not a constant column, not part of any exact-duplicate group (verified via content-hash across all numeric columns).",none,yes,"Eligible for Stage 2 regardless of standalone importance -- may still matter via nonlinear effects, thresholds, or interactions."
THIN_ET_DC_RF_Vbgs1,yes,B,yes,"Original raw-CSV numeric process/inline/ET measurement. Re-checked: not in the leakage-family list, not a constant column, not part of any exact-duplicate group (verified via content-hash across all numeric columns).",none,yes,"Eligible for Stage 2 regardless of standalone importance -- may still matter via nonlinear effects, thresholds, or interactions."
THIN_ET_DC_RF_Vbin_gd,yes,B,yes,"Original raw-CSV numeric process/inline/ET measurement. Re-checked: not in the leakage-family list, not a constant column, not part of any exact-duplicate group (verified via content-hash across all numeric columns).",none,yes,"Eligible for Stage 2 regardless of standalone importance -- may still matter via nonlinear effects, thresholds, or interactions."
THIN_ET_DC_RF_Vbin_gs,yes,B,yes,"Original raw-CSV numeric process/inline/ET measurement. Re-checked: not in the leakage-family list, not a constant column, not part of any exact-duplicate group (verified via content-hash across all numeric columns).",none,yes,"Eligible for Stage 2 regardless of standalone importance -- may still matter via nonlinear effects, thresholds, or interactions."
THIN_ET_DC_RF_Vdg_max,yes,B,yes,"Original raw-CSV numeric process/inline/ET measurement. Re-checked: not in the leakage-family list, not a constant column, not part of any exact-duplicate group (verified via content-hash across all numeric columns).",none,yes,"Eligible for Stage 2 regardless of standalone importance -- may still matter via nonlinear effects, thresholds, or interactions."
THIN_ET_DC_RF_Vdg_max_0p1mA,yes,B,yes,"Original raw-CSV numeric process/inline/ET measurement. Re-checked: not in the leakage-family list, not a constant column, not part of any exact-duplicate group (verified via content-hash across all numeric columns).",none,yes,"Eligible for Stage 2 regardless of standalone importance -- may still matter via nonlinear effects, thresholds, or interactions."
THIN_ET_DC_RF_Vds_max,yes,B,yes,"Original raw-CSV numeric process/inline/ET measurement. Re-checked: not in the leakage-family list, not a constant column, not part of any exact-duplicate group (verified via content-hash across all numeric columns).",none,yes,"Eligible for Stage 2 regardless of standalone importance -- may still matter via nonlinear effects, thresholds, or interactions."
THIN_ET_DC_RF_Vds_max_0p1mA,yes,B,yes,"Original raw-CSV numeric process/inline/ET measurement. Re-checked: not in the leakage-family list, not a constant column, not part of any exact-duplicate group (verified via content-hash across all numeric columns).",none,yes,"Eligible for Stage 2 regardless of standalone importance -- may still matter via nonlinear effects, thresholds, or interactions."
THIN_ET_DC_RF_Vg_gm_max,yes,B,yes,"Original raw-CSV numeric process/inline/ET measurement. Re-checked: not in the leakage-family list, not a constant column, not part of any exact-duplicate group (verified via content-hash across all numeric columns).",none,yes,"Eligible for Stage 2 regardless of standalone importance -- may still matter via nonlinear effects, thresholds, or interactions."
THIN_ET_DC_RF_Vg_max_Vd,yes,B,yes,"Original raw-CSV numeric process/inline/ET measurement. Re-checked: not in the leakage-family list, not a constant column, not part of any exact-duplicate group (verified via content-hash across all numeric columns).",none,yes,"Eligible for Stage 2 regardless of standalone importance -- may still matter via nonlinear effects, thresholds, or interactions."
THIN_ET_DC_RF_Vg_max_Vd_0p1mA,yes,B,yes,"Original raw-CSV numeric process/inline/ET measurement. Re-checked: not in the leakage-family list, not a constant column, not part of any exact-duplicate group (verified via content-hash across all numeric columns).",none,yes,"Eligible for Stage 2 regardless of standalone importance -- may still matter via nonlinear effects, thresholds, or interactions."
THIN_ET_DC_RF_Vg_optt1,yes,B,yes,"Original raw-CSV numeric process/inline/ET measurement. Re-checked: not in the leakage-family list, not a constant column, not part of any exact-duplicate group (verified via content-hash across all numeric columns).",none,yes,"Eligible for Stage 2 regardless of standalone importance -- may still matter via nonlinear effects, thresholds, or interactions."
THIN_ET_DC_RF_Vg_optt2,yes,B,yes,"Original raw-CSV numeric process/inline/ET measurement. Re-checked: not in the leakage-family list, not a constant column, not part of any exact-duplicate group (verified via content-hash across all numeric columns).",none,yes,"Eligible for Stage 2 regardless of standalone importance -- may still matter via nonlinear effects, thresholds, or interactions."
THIN_ET_DC_RF_Vg_optt3,yes,B,yes,"Original raw-CSV numeric process/inline/ET measurement. Re-checked: not in the leakage-family list, not a constant column, not part of any exact-duplicate group (verified via content-hash across all numeric columns).",none,yes,"Eligible for Stage 2 regardless of standalone importance -- may still matter via nonlinear effects, thresholds, or interactions."
THIN_ET_DC_RF_Vp_01,yes,B,yes,"Original raw-CSV numeric process/inline/ET measurement. Re-checked: not in the leakage-family list, not a constant column, not part of any exact-duplicate group (verified via content-hash across all numeric columns).",none,yes,"Eligible for Stage 2 regardless of standalone importance -- may still matter via nonlinear effects, thresholds, or interactions."
THIN_ET_DC_RF_Vp_1,yes,B,yes,"Original raw-CSV numeric process/inline/ET measurement. Re-checked: not in the leakage-family list, not a constant column, not part of any exact-duplicate group (verified via content-hash across all numeric columns).",none,yes,"Eligible for Stage 2 regardless of standalone importance -- may still matter via nonlinear effects, thresholds, or interactions."
THIN_ET_DC_RF_Vt_gd,yes,B,yes,"Original raw-CSV numeric process/inline/ET measurement. Re-checked: not in the leakage-family list, not a constant column, not part of any exact-duplicate group (verified via content-hash across all numeric columns).",none,yes,"Eligible for Stage 2 regardless of standalone importance -- may still matter via nonlinear effects, thresholds, or interactions."
THIN_ET_DC_RF_Vt_gs,yes,B,yes,"Original raw-CSV numeric process/inline/ET measurement. Re-checked: not in the leakage-family list, not a constant column, not part of any exact-duplicate group (verified via content-hash across all numeric columns).",none,yes,"Eligible for Stage 2 regardless of standalone importance -- may still matter via nonlinear effects, thresholds, or interactions."
TOPSIN_ET_ABVIETCH,yes,B,yes,"Original raw-CSV numeric process/inline/ET measurement. Re-checked: not in the leakage-family list, not a constant column, not part of any exact-duplicate group (verified via content-hash across all numeric columns).",none,yes,"Eligible for Stage 2 regardless of standalone importance -- may still matter via nonlinear effects, thresholds, or interactions."
TOPSIN_ET_C100C175pf,yes,B,yes,"Original raw-CSV numeric process/inline/ET measurement. Re-checked: not in the leakage-family list, not a constant column, not part of any exact-duplicate group (verified via content-hash across all numeric columns).",none,yes,"Eligible for Stage 2 regardless of standalone importance -- may still matter via nonlinear effects, thresholds, or interactions."
TOPSIN_ET_C100C300pf,yes,B,yes,"Original raw-CSV numeric process/inline/ET measurement. Re-checked: not in the leakage-family list, not a constant column, not part of any exact-duplicate group (verified via content-hash across all numeric columns).",none,yes,"Eligible for Stage 2 regardless of standalone importance -- may still matter via nonlinear effects, thresholds, or interactions."
TOPSIN_ET_C100C385pf,yes,B,yes,"Original raw-CSV numeric process/inline/ET measurement. Re-checked: not in the leakage-family list, not a constant column, not part of any exact-duplicate group (verified via content-hash across all numeric columns).",none,yes,"Eligible for Stage 2 regardless of standalone importance -- may still matter via nonlinear effects, thresholds, or interactions."
TOPSIN_ET_C100C450pf,yes,B,yes,"Original raw-CSV numeric process/inline/ET measurement. Re-checked: not in the leakage-family list, not a constant column, not part of any exact-duplicate group (verified via content-hash across all numeric columns).",none,yes,"Eligible for Stage 2 regardless of standalone importance -- may still matter via nonlinear effects, thresholds, or interactions."
TOPSIN_ET_C100C500pf,yes,B,yes,"Original raw-CSV numeric process/inline/ET measurement. Re-checked: not in the leakage-family list, not a constant column, not part of any exact-duplicate group (verified via content-hash across all numeric columns).",none,yes,"Eligible for Stage 2 regardless of standalone importance -- may still matter via nonlinear effects, thresholds, or interactions."
TOPSIN_ET_C100Cap1pf,yes,B,yes,"Original raw-CSV numeric process/inline/ET measurement. Re-checked: not in the leakage-family list, not a constant column, not part of any exact-duplicate group (verified via content-hash across all numeric columns).",none,yes,"Eligible for Stage 2 regardless of standalone importance -- may still matter via nonlinear effects, thresholds, or interactions."
TOPSIN_ET_C100Cap2pf,yes,B,yes,"Original raw-CSV numeric process/inline/ET measurement. Re-checked: not in the leakage-family list, not a constant column, not part of any exact-duplicate group (verified via content-hash across all numeric columns).",none,yes,"Eligible for Stage 2 regardless of standalone importance -- may still matter via nonlinear effects, thresholds, or interactions."
TOPSIN_ET_C100Cap3pf,yes,B,yes,"Original raw-CSV numeric process/inline/ET measurement. Re-checked: not in the leakage-family list, not a constant column, not part of any exact-duplicate group (verified via content-hash across all numeric columns).",none,yes,"Eligible for Stage 2 regardless of standalone importance -- may still matter via nonlinear effects, thresholds, or interactions."
TOPSIN_ET_C100CapFICBRGM,yes,B,yes,"Original raw-CSV numeric process/inline/ET measurement. Re-checked: not in the leakage-family list, not a constant column, not part of any exact-duplicate group (verified via content-hash across all numeric columns).",none,yes,"Eligible for Stage 2 regardless of standalone importance -- may still matter via nonlinear effects, thresholds, or interactions."
TOPSIN_ET_C100CapFICM1,yes,B,yes,"Original raw-CSV numeric process/inline/ET measurement. Re-checked: not in the leakage-family list, not a constant column, not part of any exact-duplicate group (verified via content-hash across all numeric columns).",none,yes,"Eligible for Stage 2 regardless of standalone importance -- may still matter via nonlinear effects, thresholds, or interactions."
TOPSIN_ET_C100CapM1BRGM,yes,B,yes,"Original raw-CSV numeric process/inline/ET measurement. Re-checked: not in the leakage-family list, not a constant column, not part of any exact-duplicate group (verified via content-hash across all numeric columns).",none,yes,"Eligible for Stage 2 regardless of standalone importance -- may still matter via nonlinear effects, thresholds, or interactions."
TOPSIN_ET_C100CapPARCAP,yes,B,yes,"Original raw-CSV numeric process/inline/ET measurement. Re-checked: not in the leakage-family list, not a constant column, not part of any exact-duplicate group (verified via content-hash across all numeric columns).",none,yes,"Eligible for Stage 2 regardless of standalone importance -- may still matter via nonlinear effects, thresholds, or interactions."
TOPSIN_ET_C100CapUSV,yes,B,yes,"Original raw-CSV numeric process/inline/ET measurement. Re-checked: not in the leakage-family list, not a constant column, not part of any exact-duplicate group (verified via content-hash across all numeric columns).",none,yes,"Eligible for Stage 2 regardless of standalone importance -- may still matter via nonlinear effects, thresholds, or interactions."
TOPSIN_ET_C175pf,yes,B,yes,"Original raw-CSV numeric process/inline/ET measurement. Re-checked: not in the leakage-family list, not a constant column, not part of any exact-duplicate group (verified via content-hash across all numeric columns).",none,yes,"Eligible for Stage 2 regardless of standalone importance -- may still matter via nonlinear effects, thresholds, or interactions."
TOPSIN_ET_C175pf_0,yes,B,yes,"Original raw-CSV numeric process/inline/ET measurement. Re-checked: not in the leakage-family list, not a constant column, not part of any exact-duplicate group (verified via content-hash across all numeric columns).",none,yes,"Eligible for Stage 2 regardless of standalone importance -- may still matter via nonlinear effects, thresholds, or interactions."
TOPSIN_ET_C300,yes,B,yes,"Original raw-CSV numeric process/inline/ET measurement. Re-checked: not in the leakage-family list, not a constant column, not part of any exact-duplicate group (verified via content-hash across all numeric columns).",none,yes,"Eligible for Stage 2 regardless of standalone importance -- may still matter via nonlinear effects, thresholds, or interactions."
TOPSIN_ET_C300_0,yes,B,yes,"Original raw-CSV numeric process/inline/ET measurement. Re-checked: not in the leakage-family list, not a constant column, not part of any exact-duplicate group (verified via content-hash across all numeric columns).",none,yes,"Eligible for Stage 2 regardless of standalone importance -- may still matter via nonlinear effects, thresholds, or interactions."
TOPSIN_ET_C300pf,yes,B,yes,"Original raw-CSV numeric process/inline/ET measurement. Re-checked: not in the leakage-family list, not a constant column, not part of any exact-duplicate group (verified via content-hash across all numeric columns).",none,yes,"Eligible for Stage 2 regardless of standalone importance -- may still matter via nonlinear effects, thresholds, or interactions."
TOPSIN_ET_C300pf_0,yes,B,yes,"Original raw-CSV numeric process/inline/ET measurement. Re-checked: not in the leakage-family list, not a constant column, not part of any exact-duplicate group (verified via content-hash across all numeric columns).",none,yes,"Eligible for Stage 2 regardless of standalone importance -- may still matter via nonlinear effects, thresholds, or interactions."
TOPSIN_ET_C385pf,yes,B,yes,"Original raw-CSV numeric process/inline/ET measurement. Re-checked: not in the leakage-family list, not a constant column, not part of any exact-duplicate group (verified via content-hash across all numeric columns).",none,yes,"Eligible for Stage 2 regardless of standalone importance -- may still matter via nonlinear effects, thresholds, or interactions."
TOPSIN_ET_C385pf_0,yes,B,yes,"Original raw-CSV numeric process/inline/ET measurement. Re-checked: not in the leakage-family list, not a constant column, not part of any exact-duplicate group (verified via content-hash across all numeric columns).",none,yes,"Eligible for Stage 2 regardless of standalone importance -- may still matter via nonlinear effects, thresholds, or interactions."
TOPSIN_ET_C450pf,yes,B,yes,"Original raw-CSV numeric process/inline/ET measurement. Re-checked: not in the leakage-family list, not a constant column, not part of any exact-duplicate group (verified via content-hash across all numeric columns).",none,yes,"Eligible for Stage 2 regardless of standalone importance -- may still matter via nonlinear effects, thresholds, or interactions."
TOPSIN_ET_C450pf_0,yes,B,yes,"Original raw-CSV numeric process/inline/ET measurement. Re-checked: not in the leakage-family list, not a constant column, not part of any exact-duplicate group (verified via content-hash across all numeric columns).",none,yes,"Eligible for Stage 2 regardless of standalone importance -- may still matter via nonlinear effects, thresholds, or interactions."
TOPSIN_ET_C500pf,yes,B,yes,"Original raw-CSV numeric process/inline/ET measurement. Re-checked: not in the leakage-family list, not a constant column, not part of any exact-duplicate group (verified via content-hash across all numeric columns).",none,yes,"Eligible for Stage 2 regardless of standalone importance -- may still matter via nonlinear effects, thresholds, or interactions."
TOPSIN_ET_C500pf_0,yes,B,yes,"Original raw-CSV numeric process/inline/ET measurement. Re-checked: not in the leakage-family list, not a constant column, not part of any exact-duplicate group (verified via content-hash across all numeric columns).",none,yes,"Eligible for Stage 2 regardless of standalone importance -- may still matter via nonlinear effects, thresholds, or interactions."
TOPSIN_ET_Cap_C300,yes,B,yes,"Original raw-CSV numeric process/inline/ET measurement. Re-checked: not in the leakage-family list, not a constant column, not part of any exact-duplicate group (verified via content-hash across all numeric columns).",none,yes,"Eligible for Stage 2 regardless of standalone importance -- may still matter via nonlinear effects, thresholds, or interactions."
TOPSIN_ET_Cap_USV,yes,B,yes,"Original raw-CSV numeric process/inline/ET measurement. Re-checked: not in the leakage-family list, not a constant column, not part of any exact-duplicate group (verified via content-hash across all numeric columns).",none,yes,"Eligible for Stage 2 regardless of standalone importance -- may still matter via nonlinear effects, thresholds, or interactions."
TOPSIN_ET_Cap1pf,yes,B,yes,"Original raw-CSV numeric process/inline/ET measurement. Re-checked: not in the leakage-family list, not a constant column, not part of any exact-duplicate group (verified via content-hash across all numeric columns).",none,yes,"Eligible for Stage 2 regardless of standalone importance -- may still matter via nonlinear effects, thresholds, or interactions."
TOPSIN_ET_Cap1pf_0,yes,B,yes,"Original raw-CSV numeric process/inline/ET measurement. Re-checked: not in the leakage-family list, not a constant column, not part of any exact-duplicate group (verified via content-hash across all numeric columns).",none,yes,"Eligible for Stage 2 regardless of standalone importance -- may still matter via nonlinear effects, thresholds, or interactions."
TOPSIN_ET_Cap2pf,yes,B,yes,"Original raw-CSV numeric process/inline/ET measurement. Re-checked: not in the leakage-family list, not a constant column, not part of any exact-duplicate group (verified via content-hash across all numeric columns).",none,yes,"Eligible for Stage 2 regardless of standalone importance -- may still matter via nonlinear effects, thresholds, or interactions."
TOPSIN_ET_Cap2pf_0,yes,B,yes,"Original raw-CSV numeric process/inline/ET measurement. Re-checked: not in the leakage-family list, not a constant column, not part of any exact-duplicate group (verified via content-hash across all numeric columns).",none,yes,"Eligible for Stage 2 regardless of standalone importance -- may still matter via nonlinear effects, thresholds, or interactions."
TOPSIN_ET_Cap3pf,yes,B,yes,"Original raw-CSV numeric process/inline/ET measurement. Re-checked: not in the leakage-family list, not a constant column, not part of any exact-duplicate group (verified via content-hash across all numeric columns).",none,yes,"Eligible for Stage 2 regardless of standalone importance -- may still matter via nonlinear effects, thresholds, or interactions."
TOPSIN_ET_Cap3pf_0,yes,B,yes,"Original raw-CSV numeric process/inline/ET measurement. Re-checked: not in the leakage-family list, not a constant column, not part of any exact-duplicate group (verified via content-hash across all numeric columns).",none,yes,"Eligible for Stage 2 regardless of standalone importance -- may still matter via nonlinear effects, thresholds, or interactions."
TOPSIN_ET_CapFICBRGM,yes,B,yes,"Original raw-CSV numeric process/inline/ET measurement. Re-checked: not in the leakage-family list, not a constant column, not part of any exact-duplicate group (verified via content-hash across all numeric columns).",none,yes,"Eligible for Stage 2 regardless of standalone importance -- may still matter via nonlinear effects, thresholds, or interactions."
TOPSIN_ET_CapFICBRGM_0,yes,B,yes,"Original raw-CSV numeric process/inline/ET measurement. Re-checked: not in the leakage-family list, not a constant column, not part of any exact-duplicate group (verified via content-hash across all numeric columns).",none,yes,"Eligible for Stage 2 regardless of standalone importance -- may still matter via nonlinear effects, thresholds, or interactions."
TOPSIN_ET_CapFICM1,yes,B,yes,"Original raw-CSV numeric process/inline/ET measurement. Re-checked: not in the leakage-family list, not a constant column, not part of any exact-duplicate group (verified via content-hash across all numeric columns).",none,yes,"Eligible for Stage 2 regardless of standalone importance -- may still matter via nonlinear effects, thresholds, or interactions."
TOPSIN_ET_CapFICM1_0,yes,B,yes,"Original raw-CSV numeric process/inline/ET measurement. Re-checked: not in the leakage-family list, not a constant column, not part of any exact-duplicate group (verified via content-hash across all numeric columns).",none,yes,"Eligible for Stage 2 regardless of standalone importance -- may still matter via nonlinear effects, thresholds, or interactions."
TOPSIN_ET_CapM1BRGM,yes,B,yes,"Original raw-CSV numeric process/inline/ET measurement. Re-checked: not in the leakage-family list, not a constant column, not part of any exact-duplicate group (verified via content-hash across all numeric columns).",none,yes,"Eligible for Stage 2 regardless of standalone importance -- may still matter via nonlinear effects, thresholds, or interactions."
TOPSIN_ET_CapM1BRGM_0,yes,B,yes,"Original raw-CSV numeric process/inline/ET measurement. Re-checked: not in the leakage-family list, not a constant column, not part of any exact-duplicate group (verified via content-hash across all numeric columns).",none,yes,"Eligible for Stage 2 regardless of standalone importance -- may still matter via nonlinear effects, thresholds, or interactions."
TOPSIN_ET_CapPARCAP,yes,B,yes,"Original raw-CSV numeric process/inline/ET measurement. Re-checked: not in the leakage-family list, not a constant column, not part of any exact-duplicate group (verified via content-hash across all numeric columns).",none,yes,"Eligible for Stage 2 regardless of standalone importance -- may still matter via nonlinear effects, thresholds, or interactions."
TOPSIN_ET_CapPARCAP_0,yes,B,yes,"Original raw-CSV numeric process/inline/ET measurement. Re-checked: not in the leakage-family list, not a constant column, not part of any exact-duplicate group (verified via content-hash across all numeric columns).",none,yes,"Eligible for Stage 2 regardless of standalone importance -- may still matter via nonlinear effects, thresholds, or interactions."
TOPSIN_ET_CapUSV_0,yes,B,yes,"Original raw-CSV numeric process/inline/ET measurement. Re-checked: not in the leakage-family list, not a constant column, not part of any exact-duplicate group (verified via content-hash across all numeric columns).",none,yes,"Eligible for Stage 2 regardless of standalone importance -- may still matter via nonlinear effects, thresholds, or interactions."
TOPSIN_ET_G_per_6K,yes,B,yes,"Original raw-CSV numeric process/inline/ET measurement. Re-checked: not in the leakage-family list, not a constant column, not part of any exact-duplicate group (verified via content-hash across all numeric columns).",none,yes,"Eligible for Stage 2 regardless of standalone importance -- may still matter via nonlinear effects, thresholds, or interactions."
TOPSIN_ET_G2_per_6K,yes,B,yes,"Original raw-CSV numeric process/inline/ET measurement. Re-checked: not in the leakage-family list, not a constant column, not part of any exact-duplicate group (verified via content-hash across all numeric columns).",none,yes,"Eligible for Stage 2 regardless of standalone importance -- may still matter via nonlinear effects, thresholds, or interactions."
TOPSIN_ET_Gate_res,yes,B,yes,"Original raw-CSV numeric process/inline/ET measurement. Re-checked: not in the leakage-family list, not a constant column, not part of any exact-duplicate group (verified via content-hash across all numeric columns).",none,yes,"Eligible for Stage 2 regardless of standalone importance -- may still matter via nonlinear effects, thresholds, or interactions."
TOPSIN_ET_GC_Igs,yes,B,yes,"Original raw-CSV numeric process/inline/ET measurement. Re-checked: not in the leakage-family list, not a constant column, not part of any exact-duplicate group (verified via content-hash across all numeric columns).",none,yes,"Eligible for Stage 2 regardless of standalone importance -- may still matter via nonlinear effects, thresholds, or interactions."
TOPSIN_ET_Gm_m2,yes,B,yes,"Original raw-CSV numeric process/inline/ET measurement. Re-checked: not in the leakage-family list, not a constant column, not part of any exact-duplicate group (verified via content-hash across all numeric columns).",none,yes,"Eligible for Stage 2 regardless of standalone importance -- may still matter via nonlinear effects, thresholds, or interactions."
TOPSIN_ET_Gm_max,yes,B,yes,"Original raw-CSV numeric process/inline/ET measurement. Re-checked: not in the leakage-family list, not a constant column, not part of any exact-duplicate group (verified via content-hash across all numeric columns).",none,yes,"Eligible for Stage 2 regardless of standalone importance -- may still matter via nonlinear effects, thresholds, or interactions."
TOPSIN_ET_HIRS,yes,B,yes,"Original raw-CSV numeric process/inline/ET measurement. Re-checked: not in the leakage-family list, not a constant column, not part of any exact-duplicate group (verified via content-hash across all numeric columns).",none,yes,"Eligible for Stage 2 regardless of standalone importance -- may still matter via nonlinear effects, thresholds, or interactions."
TOPSIN_ET_I_5,yes,B,yes,"Original raw-CSV numeric process/inline/ET measurement. Re-checked: not in the leakage-family list, not a constant column, not part of any exact-duplicate group (verified via content-hash across all numeric columns).",none,yes,"Eligible for Stage 2 regardless of standalone importance -- may still matter via nonlinear effects, thresholds, or interactions."
TOPSIN_ET_Ids_m2,yes,B,yes,"Original raw-CSV numeric process/inline/ET measurement. Re-checked: not in the leakage-family list, not a constant column, not part of any exact-duplicate group (verified via content-hash across all numeric columns).",none,yes,"Eligible for Stage 2 regardless of standalone importance -- may still matter via nonlinear effects, thresholds, or interactions."
TOPSIN_ET_KLV_F_AB_4u,yes,B,yes,"Original raw-CSV numeric process/inline/ET measurement. Re-checked: not in the leakage-family list, not a constant column, not part of any exact-duplicate group (verified via content-hash across all numeric columns).",none,yes,"Eligible for Stage 2 regardless of standalone importance -- may still matter via nonlinear effects, thresholds, or interactions."
TOPSIN_ET_KLV_F_AB_4u_FEMSO,yes,B,yes,"Original raw-CSV numeric process/inline/ET measurement. Re-checked: not in the leakage-family list, not a constant column, not part of any exact-duplicate group (verified via content-hash across all numeric columns).",none,yes,"Eligible for Stage 2 regardless of standalone importance -- may still matter via nonlinear effects, thresholds, or interactions."
TOPSIN_ET_KLV_F_M1_4u,yes,B,yes,"Original raw-CSV numeric process/inline/ET measurement. Re-checked: not in the leakage-family list, not a constant column, not part of any exact-duplicate group (verified via content-hash across all numeric columns).",none,yes,"Eligible for Stage 2 regardless of standalone importance -- may still matter via nonlinear effects, thresholds, or interactions."
TOPSIN_ET_lkg_5,yes,B,yes,"Original raw-CSV numeric process/inline/ET measurement. Re-checked: not in the leakage-family list, not a constant column, not part of any exact-duplicate group (verified via content-hash across all numeric columns).",none,yes,"Eligible for Stage 2 regardless of standalone importance -- may still matter via nonlinear effects, thresholds, or interactions."
TOPSIN_ET_lkg_C175pf,yes,B,yes,"Original raw-CSV numeric process/inline/ET measurement. Re-checked: not in the leakage-family list, not a constant column, not part of any exact-duplicate group (verified via content-hash across all numeric columns).",none,yes,"Eligible for Stage 2 regardless of standalone importance -- may still matter via nonlinear effects, thresholds, or interactions."
TOPSIN_ET_lkg_C300,yes,B,yes,"Original raw-CSV numeric process/inline/ET measurement. Re-checked: not in the leakage-family list, not a constant column, not part of any exact-duplicate group (verified via content-hash across all numeric columns).",none,yes,"Eligible for Stage 2 regardless of standalone importance -- may still matter via nonlinear effects, thresholds, or interactions."
TOPSIN_ET_lkg_C300pf,yes,B,yes,"Original raw-CSV numeric process/inline/ET measurement. Re-checked: not in the leakage-family list, not a constant column, not part of any exact-duplicate group (verified via content-hash across all numeric columns).",none,yes,"Eligible for Stage 2 regardless of standalone importance -- may still matter via nonlinear effects, thresholds, or interactions."
TOPSIN_ET_lkg_C385pf,yes,B,yes,"Original raw-CSV numeric process/inline/ET measurement. Re-checked: not in the leakage-family list, not a constant column, not part of any exact-duplicate group (verified via content-hash across all numeric columns).",none,yes,"Eligible for Stage 2 regardless of standalone importance -- may still matter via nonlinear effects, thresholds, or interactions."
TOPSIN_ET_lkg_C450pf,yes,B,yes,"Original raw-CSV numeric process/inline/ET measurement. Re-checked: not in the leakage-family list, not a constant column, not part of any exact-duplicate group (verified via content-hash across all numeric columns).",none,yes,"Eligible for Stage 2 regardless of standalone importance -- may still matter via nonlinear effects, thresholds, or interactions."
TOPSIN_ET_lkg_C500pf,yes,B,yes,"Original raw-CSV numeric process/inline/ET measurement. Re-checked: not in the leakage-family list, not a constant column, not part of any exact-duplicate group (verified via content-hash across all numeric columns).",none,yes,"Eligible for Stage 2 regardless of standalone importance -- may still matter via nonlinear effects, thresholds, or interactions."
TOPSIN_ET_lkg_Cap_USV,yes,B,yes,"Original raw-CSV numeric process/inline/ET measurement. Re-checked: not in the leakage-family list, not a constant column, not part of any exact-duplicate group (verified via content-hash across all numeric columns).",none,yes,"Eligible for Stage 2 regardless of standalone importance -- may still matter via nonlinear effects, thresholds, or interactions."
TOPSIN_ET_lkg_Cap1,yes,B,yes,"Original raw-CSV numeric process/inline/ET measurement. Re-checked: not in the leakage-family list, not a constant column, not part of any exact-duplicate group (verified via content-hash across all numeric columns).",none,yes,"Eligible for Stage 2 regardless of standalone importance -- may still matter via nonlinear effects, thresholds, or interactions."
TOPSIN_ET_lkg_Cap2,yes,B,yes,"Original raw-CSV numeric process/inline/ET measurement. Re-checked: not in the leakage-family list, not a constant column, not part of any exact-duplicate group (verified via content-hash across all numeric columns).",none,yes,"Eligible for Stage 2 regardless of standalone importance -- may still matter via nonlinear effects, thresholds, or interactions."
TOPSIN_ET_lkg_Cap3,yes,B,yes,"Original raw-CSV numeric process/inline/ET measurement. Re-checked: not in the leakage-family list, not a constant column, not part of any exact-duplicate group (verified via content-hash across all numeric columns).",none,yes,"Eligible for Stage 2 regardless of standalone importance -- may still matter via nonlinear effects, thresholds, or interactions."
TOPSIN_ET_lkg_CapFICBRGM,yes,B,yes,"Original raw-CSV numeric process/inline/ET measurement. Re-checked: not in the leakage-family list, not a constant column, not part of any exact-duplicate group (verified via content-hash across all numeric columns).",none,yes,"Eligible for Stage 2 regardless of standalone importance -- may still matter via nonlinear effects, thresholds, or interactions."
TOPSIN_ET_lkg_CapFICM1,yes,B,yes,"Original raw-CSV numeric process/inline/ET measurement. Re-checked: not in the leakage-family list, not a constant column, not part of any exact-duplicate group (verified via content-hash across all numeric columns).",none,yes,"Eligible for Stage 2 regardless of standalone importance -- may still matter via nonlinear effects, thresholds, or interactions."
TOPSIN_ET_lkg_CapM1BRGM,yes,B,yes,"Original raw-CSV numeric process/inline/ET measurement. Re-checked: not in the leakage-family list, not a constant column, not part of any exact-duplicate group (verified via content-hash across all numeric columns).",none,yes,"Eligible for Stage 2 regardless of standalone importance -- may still matter via nonlinear effects, thresholds, or interactions."
TOPSIN_ET_lkg_CapPARCAP,yes,B,yes,"Original raw-CSV numeric process/inline/ET measurement. Re-checked: not in the leakage-family list, not a constant column, not part of any exact-duplicate group (verified via content-hash across all numeric columns).",none,yes,"Eligible for Stage 2 regardless of standalone importance -- may still matter via nonlinear effects, thresholds, or interactions."
TOPSIN_ET_lkg_SY07_10,yes,B,yes,"Original raw-CSV numeric process/inline/ET measurement. Re-checked: not in the leakage-family list, not a constant column, not part of any exact-duplicate group (verified via content-hash across all numeric columns).",none,yes,"Eligible for Stage 2 regardless of standalone importance -- may still matter via nonlinear effects, thresholds, or interactions."
TOPSIN_ET_lkg_SY8_80,yes,B,yes,"Original raw-CSV numeric process/inline/ET measurement. Re-checked: not in the leakage-family list, not a constant column, not part of any exact-duplicate group (verified via content-hash across all numeric columns).",none,yes,"Eligible for Stage 2 regardless of standalone importance -- may still matter via nonlinear effects, thresholds, or interactions."
TOPSIN_ET_OHMC,yes,B,yes,"Original raw-CSV numeric process/inline/ET measurement. Re-checked: not in the leakage-family list, not a constant column, not part of any exact-duplicate group (verified via content-hash across all numeric columns).",none,yes,"Eligible for Stage 2 regardless of standalone importance -- may still matter via nonlinear effects, thresholds, or interactions."
TOPSIN_ET_OHMC_GN,yes,B,yes,"Original raw-CSV numeric process/inline/ET measurement. Re-checked: not in the leakage-family list, not a constant column, not part of any exact-duplicate group (verified via content-hash across all numeric columns).",none,yes,"Eligible for Stage 2 regardless of standalone importance -- may still matter via nonlinear effects, thresholds, or interactions."
TOPSIN_ET_Probe_Number,yes,B,yes,"Original raw-CSV numeric process/inline/ET measurement. Re-checked: not in the leakage-family list, not a constant column, not part of any exact-duplicate group (verified via content-hash across all numeric columns).",none,yes,"Eligible for Stage 2 regardless of standalone importance -- may still matter via nonlinear effects, thresholds, or interactions."
TOPSIN_ET_R_f_hr_1,yes,B,yes,"Original raw-CSV numeric process/inline/ET measurement. Re-checked: not in the leakage-family list, not a constant column, not part of any exact-duplicate group (verified via content-hash across all numeric columns).",none,yes,"Eligible for Stage 2 regardless of standalone importance -- may still matter via nonlinear effects, thresholds, or interactions."
TOPSIN_ET_R_f_hr_2,yes,B,yes,"Original raw-CSV numeric process/inline/ET measurement. Re-checked: not in the leakage-family list, not a constant column, not part of any exact-duplicate group (verified via content-hash across all numeric columns).",none,yes,"Eligible for Stage 2 regardless of standalone importance -- may still matter via nonlinear effects, thresholds, or interactions."
TOPSIN_ET_R_f_hr_3,yes,B,yes,"Original raw-CSV numeric process/inline/ET measurement. Re-checked: not in the leakage-family list, not a constant column, not part of any exact-duplicate group (verified via content-hash across all numeric columns).",none,yes,"Eligible for Stage 2 regardless of standalone importance -- may still matter via nonlinear effects, thresholds, or interactions."
TOPSIN_ET_R_f_tn_1,yes,B,yes,"Original raw-CSV numeric process/inline/ET measurement. Re-checked: not in the leakage-family list, not a constant column, not part of any exact-duplicate group (verified via content-hash across all numeric columns).",none,yes,"Eligible for Stage 2 regardless of standalone importance -- may still matter via nonlinear effects, thresholds, or interactions."
TOPSIN_ET_R_f_tn_2,yes,B,yes,"Original raw-CSV numeric process/inline/ET measurement. Re-checked: not in the leakage-family list, not a constant column, not part of any exact-duplicate group (verified via content-hash across all numeric columns).",none,yes,"Eligible for Stage 2 regardless of standalone importance -- may still matter via nonlinear effects, thresholds, or interactions."
TOPSIN_ET_R_f_tn_3,yes,B,yes,"Original raw-CSV numeric process/inline/ET measurement. Re-checked: not in the leakage-family list, not a constant column, not part of any exact-duplicate group (verified via content-hash across all numeric columns).",none,yes,"Eligible for Stage 2 regardless of standalone importance -- may still matter via nonlinear effects, thresholds, or interactions."
TOPSIN_ET_R114,yes,B,yes,"Original raw-CSV numeric process/inline/ET measurement. Re-checked: not in the leakage-family list, not a constant column, not part of any exact-duplicate group (verified via content-hash across all numeric columns).",none,yes,"Eligible for Stage 2 regardless of standalone importance -- may still matter via nonlinear effects, thresholds, or interactions."
TOPSIN_ET_R214,yes,B,yes,"Original raw-CSV numeric process/inline/ET measurement. Re-checked: not in the leakage-family list, not a constant column, not part of any exact-duplicate group (verified via content-hash across all numeric columns).",none,yes,"Eligible for Stage 2 regardless of standalone importance -- may still matter via nonlinear effects, thresholds, or interactions."
TOPSIN_ET_R314,yes,B,yes,"Original raw-CSV numeric process/inline/ET measurement. Re-checked: not in the leakage-family list, not a constant column, not part of any exact-duplicate group (verified via content-hash across all numeric columns).",none,yes,"Eligible for Stage 2 regardless of standalone importance -- may still matter via nonlinear effects, thresholds, or interactions."
TOPSIN_ET_R414,yes,B,yes,"Original raw-CSV numeric process/inline/ET measurement. Re-checked: not in the leakage-family list, not a constant column, not part of any exact-duplicate group (verified via content-hash across all numeric columns).",none,yes,"Eligible for Stage 2 regardless of standalone importance -- may still matter via nonlinear effects, thresholds, or interactions."
TOPSIN_ET_R514,yes,B,yes,"Original raw-CSV numeric process/inline/ET measurement. Re-checked: not in the leakage-family list, not a constant column, not part of any exact-duplicate group (verified via content-hash across all numeric columns).",none,yes,"Eligible for Stage 2 regardless of standalone importance -- may still matter via nonlinear effects, thresholds, or interactions."
TOPSIN_ET_Rc_f_hr_23,yes,B,yes,"Original raw-CSV numeric process/inline/ET measurement. Re-checked: not in the leakage-family list, not a constant column, not part of any exact-duplicate group (verified via content-hash across all numeric columns).",none,yes,"Eligible for Stage 2 regardless of standalone importance -- may still matter via nonlinear effects, thresholds, or interactions."
TOPSIN_ET_Rc_f_tn_23,yes,B,yes,"Original raw-CSV numeric process/inline/ET measurement. Re-checked: not in the leakage-family list, not a constant column, not part of any exact-duplicate group (verified via content-hash across all numeric columns).",none,yes,"Eligible for Stage 2 regardless of standalone importance -- may still matter via nonlinear effects, thresholds, or interactions."
TOPSIN_ET_Rc_OG142_GN,yes,B,yes,"Original raw-CSV numeric process/inline/ET measurement. Re-checked: not in the leakage-family list, not a constant column, not part of any exact-duplicate group (verified via content-hash across all numeric columns).",none,yes,"Eligible for Stage 2 regardless of standalone importance -- may still matter via nonlinear effects, thresholds, or interactions."
TOPSIN_ET_Rc_OG144,yes,B,yes,"Original raw-CSV numeric process/inline/ET measurement. Re-checked: not in the leakage-family list, not a constant column, not part of any exact-duplicate group (verified via content-hash across all numeric columns).",none,yes,"Eligible for Stage 2 regardless of standalone importance -- may still matter via nonlinear effects, thresholds, or interactions."
TOPSIN_ET_RGAN1,yes,B,yes,"Original raw-CSV numeric process/inline/ET measurement. Re-checked: not in the leakage-family list, not a constant column, not part of any exact-duplicate group (verified via content-hash across all numeric columns).",none,yes,"Eligible for Stage 2 regardless of standalone importance -- may still matter via nonlinear effects, thresholds, or interactions."
TOPSIN_ET_RGAN2,yes,B,yes,"Original raw-CSV numeric process/inline/ET measurement. Re-checked: not in the leakage-family list, not a constant column, not part of any exact-duplicate group (verified via content-hash across all numeric columns).",none,yes,"Eligible for Stage 2 regardless of standalone importance -- may still matter via nonlinear effects, thresholds, or interactions."
TOPSIN_ET_RGAN3,yes,B,yes,"Original raw-CSV numeric process/inline/ET measurement. Re-checked: not in the leakage-family list, not a constant column, not part of any exact-duplicate group (verified via content-hash across all numeric columns).",none,yes,"Eligible for Stage 2 regardless of standalone importance -- may still matter via nonlinear effects, thresholds, or interactions."
TOPSIN_ET_sh_f_hr_23,yes,B,yes,"Original raw-CSV numeric process/inline/ET measurement. Re-checked: not in the leakage-family list, not a constant column, not part of any exact-duplicate group (verified via content-hash across all numeric columns).",none,yes,"Eligible for Stage 2 regardless of standalone importance -- may still matter via nonlinear effects, thresholds, or interactions."
TOPSIN_ET_sh_f_tn_23,yes,B,yes,"Original raw-CSV numeric process/inline/ET measurement. Re-checked: not in the leakage-family list, not a constant column, not part of any exact-duplicate group (verified via content-hash across all numeric columns).",none,yes,"Eligible for Stage 2 regardless of standalone importance -- may still matter via nonlinear effects, thresholds, or interactions."
TOPSIN_ET_sh_GA142_GN,yes,B,yes,"Original raw-CSV numeric process/inline/ET measurement. Re-checked: not in the leakage-family list, not a constant column, not part of any exact-duplicate group (verified via content-hash across all numeric columns).",none,yes,"Eligible for Stage 2 regardless of standalone importance -- may still matter via nonlinear effects, thresholds, or interactions."
TOPSIN_ET_sh_GA144,yes,B,yes,"Original raw-CSV numeric process/inline/ET measurement. Re-checked: not in the leakage-family list, not a constant column, not part of any exact-duplicate group (verified via content-hash across all numeric columns).",none,yes,"Eligible for Stage 2 regardless of standalone importance -- may still matter via nonlinear effects, thresholds, or interactions."
TOPSIN_ET_TANR,yes,B,yes,"Original raw-CSV numeric process/inline/ET measurement. Re-checked: not in the leakage-family list, not a constant column, not part of any exact-duplicate group (verified via content-hash across all numeric columns).",none,yes,"Eligible for Stage 2 regardless of standalone importance -- may still matter via nonlinear effects, thresholds, or interactions."
TOPSIN_ET_TR_1F,yes,B,yes,"Original raw-CSV numeric process/inline/ET measurement. Re-checked: not in the leakage-family list, not a constant column, not part of any exact-duplicate group (verified via content-hash across all numeric columns).",none,yes,"Eligible for Stage 2 regardless of standalone importance -- may still matter via nonlinear effects, thresholds, or interactions."
TOPSIN_ET_Vdg_max,yes,B,yes,"Original raw-CSV numeric process/inline/ET measurement. Re-checked: not in the leakage-family list, not a constant column, not part of any exact-duplicate group (verified via content-hash across all numeric columns).",none,yes,"Eligible for Stage 2 regardless of standalone importance -- may still matter via nonlinear effects, thresholds, or interactions."
TOPSIN_ET_Vds_max,yes,B,yes,"Original raw-CSV numeric process/inline/ET measurement. Re-checked: not in the leakage-family list, not a constant column, not part of any exact-duplicate group (verified via content-hash across all numeric columns).",none,yes,"Eligible for Stage 2 regardless of standalone importance -- may still matter via nonlinear effects, thresholds, or interactions."
TOPSIN_ET_Vg_gm_max,yes,B,yes,"Original raw-CSV numeric process/inline/ET measurement. Re-checked: not in the leakage-family list, not a constant column, not part of any exact-duplicate group (verified via content-hash across all numeric columns).",none,yes,"Eligible for Stage 2 regardless of standalone importance -- may still matter via nonlinear effects, thresholds, or interactions."
TOPSIN_ET_Vg_Vds_max,yes,B,yes,"Original raw-CSV numeric process/inline/ET measurement. Re-checked: not in the leakage-family list, not a constant column, not part of any exact-duplicate group (verified via content-hash across all numeric columns).",none,yes,"Eligible for Stage 2 regardless of standalone importance -- may still matter via nonlinear effects, thresholds, or interactions."
TOPSIN_ET_Vp_1,yes,B,yes,"Original raw-CSV numeric process/inline/ET measurement. Re-checked: not in the leakage-family list, not a constant column, not part of any exact-duplicate group (verified via content-hash across all numeric columns).",none,yes,"Eligible for Stage 2 regardless of standalone importance -- may still matter via nonlinear effects, thresholds, or interactions."
TOPSIN_ET_DC_PIV_Drain_Lag_0,yes,B,yes,"Original raw-CSV numeric process/inline/ET measurement. Re-checked: not in the leakage-family list, not a constant column, not part of any exact-duplicate group (verified via content-hash across all numeric columns).",none,yes,"Eligible for Stage 2 regardless of standalone importance -- may still matter via nonlinear effects, thresholds, or interactions."
TOPSIN_ET_DC_PIV_Drain_Lag_1,yes,B,yes,"Original raw-CSV numeric process/inline/ET measurement. Re-checked: not in the leakage-family list, not a constant column, not part of any exact-duplicate group (verified via content-hash across all numeric columns).",none,yes,"Eligible for Stage 2 regardless of standalone importance -- may still matter via nonlinear effects, thresholds, or interactions."
TOPSIN_ET_DC_PIV_Gate_Lag_0,yes,B,yes,"Original raw-CSV numeric process/inline/ET measurement. Re-checked: not in the leakage-family list, not a constant column, not part of any exact-duplicate group (verified via content-hash across all numeric columns).",none,yes,"Eligible for Stage 2 regardless of standalone importance -- may still matter via nonlinear effects, thresholds, or interactions."
TOPSIN_ET_DC_PIV_Gate_Lag_1,yes,B,yes,"Original raw-CSV numeric process/inline/ET measurement. Re-checked: not in the leakage-family list, not a constant column, not part of any exact-duplicate group (verified via content-hash across all numeric columns).",none,yes,"Eligible for Stage 2 regardless of standalone importance -- may still matter via nonlinear effects, thresholds, or interactions."
TOPSIN_ET_DC_PIV_Ids0_QP1,yes,B,yes,"Original raw-CSV numeric process/inline/ET measurement. Re-checked: not in the leakage-family list, not a constant column, not part of any exact-duplicate group (verified via content-hash across all numeric columns).",none,yes,"Eligible for Stage 2 regardless of standalone importance -- may still matter via nonlinear effects, thresholds, or interactions."
TOPSIN_ET_DC_PIV_Ids0_QP2,yes,B,yes,"Original raw-CSV numeric process/inline/ET measurement. Re-checked: not in the leakage-family list, not a constant column, not part of any exact-duplicate group (verified via content-hash across all numeric columns).",none,yes,"Eligible for Stage 2 regardless of standalone importance -- may still matter via nonlinear effects, thresholds, or interactions."
TOPSIN_ET_DC_PIV_Ids0_QP3,yes,B,yes,"Original raw-CSV numeric process/inline/ET measurement. Re-checked: not in the leakage-family list, not a constant column, not part of any exact-duplicate group (verified via content-hash across all numeric columns).",none,yes,"Eligible for Stage 2 regardless of standalone importance -- may still matter via nonlinear effects, thresholds, or interactions."
TOPSIN_ET_DC_PIV_Ids1_QP1,yes,B,yes,"Original raw-CSV numeric process/inline/ET measurement. Re-checked: not in the leakage-family list, not a constant column, not part of any exact-duplicate group (verified via content-hash across all numeric columns).",none,yes,"Eligible for Stage 2 regardless of standalone importance -- may still matter via nonlinear effects, thresholds, or interactions."
TOPSIN_ET_DC_PIV_Ids1_QP2,yes,B,yes,"Original raw-CSV numeric process/inline/ET measurement. Re-checked: not in the leakage-family list, not a constant column, not part of any exact-duplicate group (verified via content-hash across all numeric columns).",none,yes,"Eligible for Stage 2 regardless of standalone importance -- may still matter via nonlinear effects, thresholds, or interactions."
TOPSIN_ET_DC_PIV_Ids1_QP3,yes,B,yes,"Original raw-CSV numeric process/inline/ET measurement. Re-checked: not in the leakage-family list, not a constant column, not part of any exact-duplicate group (verified via content-hash across all numeric columns).",none,yes,"Eligible for Stage 2 regardless of standalone importance -- may still matter via nonlinear effects, thresholds, or interactions."
TOPSIN_ET_DC_RF_Gm_0,yes,B,yes,"Original raw-CSV numeric process/inline/ET measurement. Re-checked: not in the leakage-family list, not a constant column, not part of any exact-duplicate group (verified via content-hash across all numeric columns).",none,yes,"Eligible for Stage 2 regardless of standalone importance -- may still matter via nonlinear effects, thresholds, or interactions."
TOPSIN_ET_DC_RF_Gm_m0p2,yes,B,yes,"Original raw-CSV numeric process/inline/ET measurement. Re-checked: not in the leakage-family list, not a constant column, not part of any exact-duplicate group (verified via content-hash across all numeric columns).",none,yes,"Eligible for Stage 2 regardless of standalone importance -- may still matter via nonlinear effects, thresholds, or interactions."
TOPSIN_ET_DC_RF_Gm_max,yes,B,yes,"Original raw-CSV numeric process/inline/ET measurement. Re-checked: not in the leakage-family list, not a constant column, not part of any exact-duplicate group (verified via content-hash across all numeric columns).",none,yes,"Eligible for Stage 2 regardless of standalone importance -- may still matter via nonlinear effects, thresholds, or interactions."
TOPSIN_ET_DC_RF_Id_gm_max,yes,B,yes,"Original raw-CSV numeric process/inline/ET measurement. Re-checked: not in the leakage-family list, not a constant column, not part of any exact-duplicate group (verified via content-hash across all numeric columns).",none,yes,"Eligible for Stage 2 regardless of standalone importance -- may still matter via nonlinear effects, thresholds, or interactions."
TOPSIN_ET_DC_RF_Ids_m0p2,yes,B,yes,"Original raw-CSV numeric process/inline/ET measurement. Re-checked: not in the leakage-family list, not a constant column, not part of any exact-duplicate group (verified via content-hash across all numeric columns).",none,yes,"Eligible for Stage 2 regardless of standalone importance -- may still matter via nonlinear effects, thresholds, or interactions."
TOPSIN_ET_DC_RF_Idss,yes,B,yes,"Original raw-CSV numeric process/inline/ET measurement. Re-checked: not in the leakage-family list, not a constant column, not part of any exact-duplicate group (verified via content-hash across all numeric columns).",none,yes,"Eligible for Stage 2 regardless of standalone importance -- may still matter via nonlinear effects, thresholds, or interactions."
TOPSIN_ET_DC_RF_Imax,yes,B,yes,"Original raw-CSV numeric process/inline/ET measurement. Re-checked: not in the leakage-family list, not a constant column, not part of any exact-duplicate group (verified via content-hash across all numeric columns).",none,yes,"Eligible for Stage 2 regardless of standalone importance -- may still matter via nonlinear effects, thresholds, or interactions."
TOPSIN_ET_DC_RF_n_gd,yes,B,yes,"Original raw-CSV numeric process/inline/ET measurement. Re-checked: not in the leakage-family list, not a constant column, not part of any exact-duplicate group (verified via content-hash across all numeric columns).",none,yes,"Eligible for Stage 2 regardless of standalone importance -- may still matter via nonlinear effects, thresholds, or interactions."
TOPSIN_ET_DC_RF_n_gs,yes,B,yes,"Original raw-CSV numeric process/inline/ET measurement. Re-checked: not in the leakage-family list, not a constant column, not part of any exact-duplicate group (verified via content-hash across all numeric columns).",none,yes,"Eligible for Stage 2 regardless of standalone importance -- may still matter via nonlinear effects, thresholds, or interactions."
TOPSIN_ET_DC_RF_Vbgd_0p01,yes,B,yes,"Original raw-CSV numeric process/inline/ET measurement. Re-checked: not in the leakage-family list, not a constant column, not part of any exact-duplicate group (verified via content-hash across all numeric columns).",none,yes,"Eligible for Stage 2 regardless of standalone importance -- may still matter via nonlinear effects, thresholds, or interactions."
TOPSIN_ET_DC_RF_Vbgd_0p1,yes,B,yes,"Original raw-CSV numeric process/inline/ET measurement. Re-checked: not in the leakage-family list, not a constant column, not part of any exact-duplicate group (verified via content-hash across all numeric columns).",none,yes,"Eligible for Stage 2 regardless of standalone importance -- may still matter via nonlinear effects, thresholds, or interactions."
TOPSIN_ET_DC_RF_Vbgd1,yes,B,yes,"Original raw-CSV numeric process/inline/ET measurement. Re-checked: not in the leakage-family list, not a constant column, not part of any exact-duplicate group (verified via content-hash across all numeric columns).",none,yes,"Eligible for Stage 2 regardless of standalone importance -- may still matter via nonlinear effects, thresholds, or interactions."
TOPSIN_ET_DC_RF_Vbgs_0p01,yes,B,yes,"Original raw-CSV numeric process/inline/ET measurement. Re-checked: not in the leakage-family list, not a constant column, not part of any exact-duplicate group (verified via content-hash across all numeric columns).",none,yes,"Eligible for Stage 2 regardless of standalone importance -- may still matter via nonlinear effects, thresholds, or interactions."
TOPSIN_ET_DC_RF_Vbgs_0p1,yes,B,yes,"Original raw-CSV numeric process/inline/ET measurement. Re-checked: not in the leakage-family list, not a constant column, not part of any exact-duplicate group (verified via content-hash across all numeric columns).",none,yes,"Eligible for Stage 2 regardless of standalone importance -- may still matter via nonlinear effects, thresholds, or interactions."
TOPSIN_ET_DC_RF_Vbgs1,yes,B,yes,"Original raw-CSV numeric process/inline/ET measurement. Re-checked: not in the leakage-family list, not a constant column, not part of any exact-duplicate group (verified via content-hash across all numeric columns).",none,yes,"Eligible for Stage 2 regardless of standalone importance -- may still matter via nonlinear effects, thresholds, or interactions."
TOPSIN_ET_DC_RF_Vbin_gd,yes,B,yes,"Original raw-CSV numeric process/inline/ET measurement. Re-checked: not in the leakage-family list, not a constant column, not part of any exact-duplicate group (verified via content-hash across all numeric columns).",none,yes,"Eligible for Stage 2 regardless of standalone importance -- may still matter via nonlinear effects, thresholds, or interactions."
TOPSIN_ET_DC_RF_Vbin_gs,yes,B,yes,"Original raw-CSV numeric process/inline/ET measurement. Re-checked: not in the leakage-family list, not a constant column, not part of any exact-duplicate group (verified via content-hash across all numeric columns).",none,yes,"Eligible for Stage 2 regardless of standalone importance -- may still matter via nonlinear effects, thresholds, or interactions."
TOPSIN_ET_DC_RF_Vboff,yes,B,yes,"Original raw-CSV numeric process/inline/ET measurement. Re-checked: not in the leakage-family list, not a constant column, not part of any exact-duplicate group (verified via content-hash across all numeric columns).",none,yes,"Eligible for Stage 2 regardless of standalone importance -- may still matter via nonlinear effects, thresholds, or interactions."
TOPSIN_ET_DC_RF_Vdg_max,yes,B,yes,"Original raw-CSV numeric process/inline/ET measurement. Re-checked: not in the leakage-family list, not a constant column, not part of any exact-duplicate group (verified via content-hash across all numeric columns).",none,yes,"Eligible for Stage 2 regardless of standalone importance -- may still matter via nonlinear effects, thresholds, or interactions."
TOPSIN_ET_DC_RF_Vdg_max_0p1,yes,B,yes,"Original raw-CSV numeric process/inline/ET measurement. Re-checked: not in the leakage-family list, not a constant column, not part of any exact-duplicate group (verified via content-hash across all numeric columns).",none,yes,"Eligible for Stage 2 regardless of standalone importance -- may still matter via nonlinear effects, thresholds, or interactions."
TOPSIN_ET_DC_RF_Vds_max,yes,B,yes,"Original raw-CSV numeric process/inline/ET measurement. Re-checked: not in the leakage-family list, not a constant column, not part of any exact-duplicate group (verified via content-hash across all numeric columns).",none,yes,"Eligible for Stage 2 regardless of standalone importance -- may still matter via nonlinear effects, thresholds, or interactions."
TOPSIN_ET_DC_RF_Vds_max_0p1,yes,B,yes,"Original raw-CSV numeric process/inline/ET measurement. Re-checked: not in the leakage-family list, not a constant column, not part of any exact-duplicate group (verified via content-hash across all numeric columns).",none,yes,"Eligible for Stage 2 regardless of standalone importance -- may still matter via nonlinear effects, thresholds, or interactions."
TOPSIN_ET_DC_RF_Vg_gm_max,yes,B,yes,"Original raw-CSV numeric process/inline/ET measurement. Re-checked: not in the leakage-family list, not a constant column, not part of any exact-duplicate group (verified via content-hash across all numeric columns).",none,yes,"Eligible for Stage 2 regardless of standalone importance -- may still matter via nonlinear effects, thresholds, or interactions."
TOPSIN_ET_DC_RF_Vg_max_Vd,yes,B,yes,"Original raw-CSV numeric process/inline/ET measurement. Re-checked: not in the leakage-family list, not a constant column, not part of any exact-duplicate group (verified via content-hash across all numeric columns).",none,yes,"Eligible for Stage 2 regardless of standalone importance -- may still matter via nonlinear effects, thresholds, or interactions."
TOPSIN_ET_DC_RF_Vg_max_Vd_0p1,yes,B,yes,"Original raw-CSV numeric process/inline/ET measurement. Re-checked: not in the leakage-family list, not a constant column, not part of any exact-duplicate group (verified via content-hash across all numeric columns).",none,yes,"Eligible for Stage 2 regardless of standalone importance -- may still matter via nonlinear effects, thresholds, or interactions."
TOPSIN_ET_DC_RF_Vg_optt,yes,B,yes,"Original raw-CSV numeric process/inline/ET measurement. Re-checked: not in the leakage-family list, not a constant column, not part of any exact-duplicate group (verified via content-hash across all numeric columns).",none,yes,"Eligible for Stage 2 regardless of standalone importance -- may still matter via nonlinear effects, thresholds, or interactions."
TOPSIN_ET_DC_RF_Vp_01,yes,B,yes,"Original raw-CSV numeric process/inline/ET measurement. Re-checked: not in the leakage-family list, not a constant column, not part of any exact-duplicate group (verified via content-hash across all numeric columns).",none,yes,"Eligible for Stage 2 regardless of standalone importance -- may still matter via nonlinear effects, thresholds, or interactions."
TOPSIN_ET_DC_RF_Vp_1,yes,B,yes,"Original raw-CSV numeric process/inline/ET measurement. Re-checked: not in the leakage-family list, not a constant column, not part of any exact-duplicate group (verified via content-hash across all numeric columns).",none,yes,"Eligible for Stage 2 regardless of standalone importance -- may still matter via nonlinear effects, thresholds, or interactions."
TOPSIN_ET_DC_RF_Vt_gd,yes,B,yes,"Original raw-CSV numeric process/inline/ET measurement. Re-checked: not in the leakage-family list, not a constant column, not part of any exact-duplicate group (verified via content-hash across all numeric columns).",none,yes,"Eligible for Stage 2 regardless of standalone importance -- may still matter via nonlinear effects, thresholds, or interactions."
TOPSIN_ET_DC_RF_Vt_gs,yes,B,yes,"Original raw-CSV numeric process/inline/ET measurement. Re-checked: not in the leakage-family list, not a constant column, not part of any exact-duplicate group (verified via content-hash across all numeric columns).",none,yes,"Eligible for Stage 2 regardless of standalone importance -- may still matter via nonlinear effects, thresholds, or interactions."
TOPSIN_ET_DC_SMALL_Gm_0,yes,B,yes,"Original raw-CSV numeric process/inline/ET measurement. Re-checked: not in the leakage-family list, not a constant column, not part of any exact-duplicate group (verified via content-hash across all numeric columns).",none,yes,"Eligible for Stage 2 regardless of standalone importance -- may still matter via nonlinear effects, thresholds, or interactions."
TOPSIN_ET_DC_SMALL_Gm_m0p2,yes,B,yes,"Original raw-CSV numeric process/inline/ET measurement. Re-checked: not in the leakage-family list, not a constant column, not part of any exact-duplicate group (verified via content-hash across all numeric columns).",none,yes,"Eligible for Stage 2 regardless of standalone importance -- may still matter via nonlinear effects, thresholds, or interactions."
TOPSIN_ET_DC_SMALL_Gm_max,yes,B,yes,"Original raw-CSV numeric process/inline/ET measurement. Re-checked: not in the leakage-family list, not a constant column, not part of any exact-duplicate group (verified via content-hash across all numeric columns).",none,yes,"Eligible for Stage 2 regardless of standalone importance -- may still matter via nonlinear effects, thresholds, or interactions."
TOPSIN_ET_DC_SMALL_Id_gm_max,yes,B,yes,"Original raw-CSV numeric process/inline/ET measurement. Re-checked: not in the leakage-family list, not a constant column, not part of any exact-duplicate group (verified via content-hash across all numeric columns).",none,yes,"Eligible for Stage 2 regardless of standalone importance -- may still matter via nonlinear effects, thresholds, or interactions."
TOPSIN_ET_DC_SMALL_Ids_m0p2,yes,B,yes,"Original raw-CSV numeric process/inline/ET measurement. Re-checked: not in the leakage-family list, not a constant column, not part of any exact-duplicate group (verified via content-hash across all numeric columns).",none,yes,"Eligible for Stage 2 regardless of standalone importance -- may still matter via nonlinear effects, thresholds, or interactions."
TOPSIN_ET_DC_SMALL_Idss,yes,B,yes,"Original raw-CSV numeric process/inline/ET measurement. Re-checked: not in the leakage-family list, not a constant column, not part of any exact-duplicate group (verified via content-hash across all numeric columns).",none,yes,"Eligible for Stage 2 regardless of standalone importance -- may still matter via nonlinear effects, thresholds, or interactions."
TOPSIN_ET_DC_SMALL_Imax,yes,B,yes,"Original raw-CSV numeric process/inline/ET measurement. Re-checked: not in the leakage-family list, not a constant column, not part of any exact-duplicate group (verified via content-hash across all numeric columns).",none,yes,"Eligible for Stage 2 regardless of standalone importance -- may still matter via nonlinear effects, thresholds, or interactions."
TOPSIN_ET_DC_SMALL_n_gd,yes,B,yes,"Original raw-CSV numeric process/inline/ET measurement. Re-checked: not in the leakage-family list, not a constant column, not part of any exact-duplicate group (verified via content-hash across all numeric columns).",none,yes,"Eligible for Stage 2 regardless of standalone importance -- may still matter via nonlinear effects, thresholds, or interactions."
TOPSIN_ET_DC_SMALL_n_gs,yes,B,yes,"Original raw-CSV numeric process/inline/ET measurement. Re-checked: not in the leakage-family list, not a constant column, not part of any exact-duplicate group (verified via content-hash across all numeric columns).",none,yes,"Eligible for Stage 2 regardless of standalone importance -- may still matter via nonlinear effects, thresholds, or interactions."
TOPSIN_ET_DC_SMALL_Vbgd_0p01,yes,B,yes,"Original raw-CSV numeric process/inline/ET measurement. Re-checked: not in the leakage-family list, not a constant column, not part of any exact-duplicate group (verified via content-hash across all numeric columns).",none,yes,"Eligible for Stage 2 regardless of standalone importance -- may still matter via nonlinear effects, thresholds, or interactions."
TOPSIN_ET_DC_SMALL_Vbgd_0p1,yes,B,yes,"Original raw-CSV numeric process/inline/ET measurement. Re-checked: not in the leakage-family list, not a constant column, not part of any exact-duplicate group (verified via content-hash across all numeric columns).",none,yes,"Eligible for Stage 2 regardless of standalone importance -- may still matter via nonlinear effects, thresholds, or interactions."
TOPSIN_ET_DC_SMALL_Vbgd1,yes,B,yes,"Original raw-CSV numeric process/inline/ET measurement. Re-checked: not in the leakage-family list, not a constant column, not part of any exact-duplicate group (verified via content-hash across all numeric columns).",none,yes,"Eligible for Stage 2 regardless of standalone importance -- may still matter via nonlinear effects, thresholds, or interactions."
TOPSIN_ET_DC_SMALL_Vbgs_0p01,yes,B,yes,"Original raw-CSV numeric process/inline/ET measurement. Re-checked: not in the leakage-family list, not a constant column, not part of any exact-duplicate group (verified via content-hash across all numeric columns).",none,yes,"Eligible for Stage 2 regardless of standalone importance -- may still matter via nonlinear effects, thresholds, or interactions."
TOPSIN_ET_DC_SMALL_Vbgs_0p1,yes,B,yes,"Original raw-CSV numeric process/inline/ET measurement. Re-checked: not in the leakage-family list, not a constant column, not part of any exact-duplicate group (verified via content-hash across all numeric columns).",none,yes,"Eligible for Stage 2 regardless of standalone importance -- may still matter via nonlinear effects, thresholds, or interactions."
TOPSIN_ET_DC_SMALL_Vbgs1,yes,B,yes,"Original raw-CSV numeric process/inline/ET measurement. Re-checked: not in the leakage-family list, not a constant column, not part of any exact-duplicate group (verified via content-hash across all numeric columns).",none,yes,"Eligible for Stage 2 regardless of standalone importance -- may still matter via nonlinear effects, thresholds, or interactions."
TOPSIN_ET_DC_SMALL_Vbin_gd,yes,B,yes,"Original raw-CSV numeric process/inline/ET measurement. Re-checked: not in the leakage-family list, not a constant column, not part of any exact-duplicate group (verified via content-hash across all numeric columns).",none,yes,"Eligible for Stage 2 regardless of standalone importance -- may still matter via nonlinear effects, thresholds, or interactions."
TOPSIN_ET_DC_SMALL_Vbin_gs,yes,B,yes,"Original raw-CSV numeric process/inline/ET measurement. Re-checked: not in the leakage-family list, not a constant column, not part of any exact-duplicate group (verified via content-hash across all numeric columns).",none,yes,"Eligible for Stage 2 regardless of standalone importance -- may still matter via nonlinear effects, thresholds, or interactions."
TOPSIN_ET_DC_SMALL_Vboff,yes,B,yes,"Original raw-CSV numeric process/inline/ET measurement. Re-checked: not in the leakage-family list, not a constant column, not part of any exact-duplicate group (verified via content-hash across all numeric columns).",none,yes,"Eligible for Stage 2 regardless of standalone importance -- may still matter via nonlinear effects, thresholds, or interactions."
TOPSIN_ET_DC_SMALL_Vdg_max,yes,B,yes,"Original raw-CSV numeric process/inline/ET measurement. Re-checked: not in the leakage-family list, not a constant column, not part of any exact-duplicate group (verified via content-hash across all numeric columns).",none,yes,"Eligible for Stage 2 regardless of standalone importance -- may still matter via nonlinear effects, thresholds, or interactions."
TOPSIN_ET_DC_SMALL_Vdg_max_0p1,yes,B,yes,"Original raw-CSV numeric process/inline/ET measurement. Re-checked: not in the leakage-family list, not a constant column, not part of any exact-duplicate group (verified via content-hash across all numeric columns).",none,yes,"Eligible for Stage 2 regardless of standalone importance -- may still matter via nonlinear effects, thresholds, or interactions."
TOPSIN_ET_DC_SMALL_Vds_max,yes,B,yes,"Original raw-CSV numeric process/inline/ET measurement. Re-checked: not in the leakage-family list, not a constant column, not part of any exact-duplicate group (verified via content-hash across all numeric columns).",none,yes,"Eligible for Stage 2 regardless of standalone importance -- may still matter via nonlinear effects, thresholds, or interactions."
TOPSIN_ET_DC_SMALL_Vds_max_0p1,yes,B,yes,"Original raw-CSV numeric process/inline/ET measurement. Re-checked: not in the leakage-family list, not a constant column, not part of any exact-duplicate group (verified via content-hash across all numeric columns).",none,yes,"Eligible for Stage 2 regardless of standalone importance -- may still matter via nonlinear effects, thresholds, or interactions."
TOPSIN_ET_DC_SMALL_Vg_gm_max,yes,B,yes,"Original raw-CSV numeric process/inline/ET measurement. Re-checked: not in the leakage-family list, not a constant column, not part of any exact-duplicate group (verified via content-hash across all numeric columns).",none,yes,"Eligible for Stage 2 regardless of standalone importance -- may still matter via nonlinear effects, thresholds, or interactions."
TOPSIN_ET_DC_SMALL_Vg_max_Vd,yes,B,yes,"Original raw-CSV numeric process/inline/ET measurement. Re-checked: not in the leakage-family list, not a constant column, not part of any exact-duplicate group (verified via content-hash across all numeric columns).",none,yes,"Eligible for Stage 2 regardless of standalone importance -- may still matter via nonlinear effects, thresholds, or interactions."
TOPSIN_ET_DC_SMALL_Vg_max_Vd_0p1,yes,B,yes,"Original raw-CSV numeric process/inline/ET measurement. Re-checked: not in the leakage-family list, not a constant column, not part of any exact-duplicate group (verified via content-hash across all numeric columns).",none,yes,"Eligible for Stage 2 regardless of standalone importance -- may still matter via nonlinear effects, thresholds, or interactions."
TOPSIN_ET_DC_SMALL_Vg_optt,yes,B,yes,"Original raw-CSV numeric process/inline/ET measurement. Re-checked: not in the leakage-family list, not a constant column, not part of any exact-duplicate group (verified via content-hash across all numeric columns).",none,yes,"Eligible for Stage 2 regardless of standalone importance -- may still matter via nonlinear effects, thresholds, or interactions."
TOPSIN_ET_DC_SMALL_Vp_01,yes,B,yes,"Original raw-CSV numeric process/inline/ET measurement. Re-checked: not in the leakage-family list, not a constant column, not part of any exact-duplicate group (verified via content-hash across all numeric columns).",none,yes,"Eligible for Stage 2 regardless of standalone importance -- may still matter via nonlinear effects, thresholds, or interactions."
TOPSIN_ET_DC_SMALL_Vp_1,yes,B,yes,"Original raw-CSV numeric process/inline/ET measurement. Re-checked: not in the leakage-family list, not a constant column, not part of any exact-duplicate group (verified via content-hash across all numeric columns).",none,yes,"Eligible for Stage 2 regardless of standalone importance -- may still matter via nonlinear effects, thresholds, or interactions."
TOPSIN_ET_DC_SMALL_Vt_gd,yes,B,yes,"Original raw-CSV numeric process/inline/ET measurement. Re-checked: not in the leakage-family list, not a constant column, not part of any exact-duplicate group (verified via content-hash across all numeric columns).",none,yes,"Eligible for Stage 2 regardless of standalone importance -- may still matter via nonlinear effects, thresholds, or interactions."
TOPSIN_ET_DC_SMALL_Vt_gs,yes,B,yes,"Original raw-CSV numeric process/inline/ET measurement. Re-checked: not in the leakage-family list, not a constant column, not part of any exact-duplicate group (verified via content-hash across all numeric columns).",none,yes,"Eligible for Stage 2 regardless of standalone importance -- may still matter via nonlinear effects, thresholds, or interactions."
TOPSIN_ET_Load_Pull_Freq,yes,B,yes,"Original raw-CSV numeric process/inline/ET measurement. Re-checked: not in the leakage-family list, not a constant column, not part of any exact-duplicate group (verified via content-hash across all numeric columns).",none,yes,"Eligible for Stage 2 regardless of standalone importance -- may still matter via nonlinear effects, thresholds, or interactions."
TOPSIN_ET_Load_Pull_Gain_comp_Last,yes,B,yes,"Original raw-CSV numeric process/inline/ET measurement. Re-checked: not in the leakage-family list, not a constant column, not part of any exact-duplicate group (verified via content-hash across all numeric columns).",none,yes,"Eligible for Stage 2 regardless of standalone importance -- may still matter via nonlinear effects, thresholds, or interactions."
TOPSIN_ET_Load_Pull_GL_meas,yes,B,yes,"Original raw-CSV numeric process/inline/ET measurement. Re-checked: not in the leakage-family list, not a constant column, not part of any exact-duplicate group (verified via content-hash across all numeric columns).",none,yes,"Eligible for Stage 2 regardless of standalone importance -- may still matter via nonlinear effects, thresholds, or interactions."
TOPSIN_ET_Load_Pull_GL_set,yes,B,yes,"Original raw-CSV numeric process/inline/ET measurement. Re-checked: not in the leakage-family list, not a constant column, not part of any exact-duplicate group (verified via content-hash across all numeric columns).",none,yes,"Eligible for Stage 2 regardless of standalone importance -- may still matter via nonlinear effects, thresholds, or interactions."
TOPSIN_ET_Load_Pull_Gss,yes,B,yes,"Original raw-CSV numeric process/inline/ET measurement. Re-checked: not in the leakage-family list, not a constant column, not part of any exact-duplicate group (verified via content-hash across all numeric columns).",none,yes,"Eligible for Stage 2 regardless of standalone importance -- may still matter via nonlinear effects, thresholds, or interactions."
TOPSIN_ET_Load_Pull_ID_comp_Last_mA,yes,B,yes,"Original raw-CSV numeric process/inline/ET measurement. Re-checked: not in the leakage-family list, not a constant column, not part of any exact-duplicate group (verified via content-hash across all numeric columns).",none,yes,"Eligible for Stage 2 regardless of standalone importance -- may still matter via nonlinear effects, thresholds, or interactions."
TOPSIN_ET_Load_Pull_Id_ini,yes,B,yes,"Original raw-CSV numeric process/inline/ET measurement. Re-checked: not in the leakage-family list, not a constant column, not part of any exact-duplicate group (verified via content-hash across all numeric columns).",none,yes,"Eligible for Stage 2 regardless of standalone importance -- may still matter via nonlinear effects, thresholds, or interactions."
TOPSIN_ET_Load_Pull_Id_ord,yes,B,yes,"Original raw-CSV numeric process/inline/ET measurement. Re-checked: not in the leakage-family list, not a constant column, not part of any exact-duplicate group (verified via content-hash across all numeric columns).",none,yes,"Eligible for Stage 2 regardless of standalone importance -- may still matter via nonlinear effects, thresholds, or interactions."
TOPSIN_ET_Load_Pull_Id_SS,yes,B,yes,"Original raw-CSV numeric process/inline/ET measurement. Re-checked: not in the leakage-family list, not a constant column, not part of any exact-duplicate group (verified via content-hash across all numeric columns).",none,yes,"Eligible for Stage 2 regardless of standalone importance -- may still matter via nonlinear effects, thresholds, or interactions."
TOPSIN_ET_Load_Pull_IG_comp_Last_uA,yes,B,yes,"Original raw-CSV numeric process/inline/ET measurement. Re-checked: not in the leakage-family list, not a constant column, not part of any exact-duplicate group (verified via content-hash across all numeric columns).",none,yes,"Eligible for Stage 2 regardless of standalone importance -- may still matter via nonlinear effects, thresholds, or interactions."
TOPSIN_ET_Load_Pull_P.A.E_Last,yes,B,yes,"Original raw-CSV numeric process/inline/ET measurement. Re-checked: not in the leakage-family list, not a constant column, not part of any exact-duplicate group (verified via content-hash across all numeric columns).",none,yes,"Eligible for Stage 2 regardless of standalone importance -- may still matter via nonlinear effects, thresholds, or interactions."
TOPSIN_ET_Load_Pull_PhL_meas,yes,B,yes,"Original raw-CSV numeric process/inline/ET measurement. Re-checked: not in the leakage-family list, not a constant column, not part of any exact-duplicate group (verified via content-hash across all numeric columns).",none,yes,"Eligible for Stage 2 regardless of standalone importance -- may still matter via nonlinear effects, thresholds, or interactions."
TOPSIN_ET_Load_Pull_PhL_set,yes,B,yes,"Original raw-CSV numeric process/inline/ET measurement. Re-checked: not in the leakage-family list, not a constant column, not part of any exact-duplicate group (verified via content-hash across all numeric columns).",none,yes,"Eligible for Stage 2 regardless of standalone importance -- may still matter via nonlinear effects, thresholds, or interactions."
TOPSIN_ET_Load_Pull_Pin_Cut,yes,B,yes,"Original raw-CSV numeric process/inline/ET measurement. Re-checked: not in the leakage-family list, not a constant column, not part of any exact-duplicate group (verified via content-hash across all numeric columns).",none,yes,"Eligible for Stage 2 regardless of standalone importance -- may still matter via nonlinear effects, thresholds, or interactions."
TOPSIN_ET_Load_Pull_Pin_Last,yes,B,yes,"Original raw-CSV numeric process/inline/ET measurement. Re-checked: not in the leakage-family list, not a constant column, not part of any exact-duplicate group (verified via content-hash across all numeric columns).",none,yes,"Eligible for Stage 2 regardless of standalone importance -- may still matter via nonlinear effects, thresholds, or interactions."
TOPSIN_ET_Load_Pull_Pout_Last,yes,B,yes,"Original raw-CSV numeric process/inline/ET measurement. Re-checked: not in the leakage-family list, not a constant column, not part of any exact-duplicate group (verified via content-hash across all numeric columns).",none,yes,"Eligible for Stage 2 regardless of standalone importance -- may still matter via nonlinear effects, thresholds, or interactions."
TOPSIN_ET_Load_Pull_Pout_W_last,yes,B,yes,"Original raw-CSV numeric process/inline/ET measurement. Re-checked: not in the leakage-family list, not a constant column, not part of any exact-duplicate group (verified via content-hash across all numeric columns).",none,yes,"Eligible for Stage 2 regardless of standalone importance -- may still matter via nonlinear effects, thresholds, or interactions."
TOPSIN_ET_Load_Pull_Pout_W_mm_last,yes,B,yes,"Original raw-CSV numeric process/inline/ET measurement. Re-checked: not in the leakage-family list, not a constant column, not part of any exact-duplicate group (verified via content-hash across all numeric columns).",none,yes,"Eligible for Stage 2 regardless of standalone importance -- may still matter via nonlinear effects, thresholds, or interactions."
TOPSIN_ET_Load_Pull_Vg,yes,B,yes,"Original raw-CSV numeric process/inline/ET measurement. Re-checked: not in the leakage-family list, not a constant column, not part of any exact-duplicate group (verified via content-hash across all numeric columns).",none,yes,"Eligible for Stage 2 regardless of standalone importance -- may still matter via nonlinear effects, thresholds, or interactions."
ABVIA_CD_AB_VIA_litho,yes,B,yes,"Original raw-CSV numeric process/inline/ET measurement. Re-checked: not in the leakage-family list, not a constant column, not part of any exact-duplicate group (verified via content-hash across all numeric columns).",none,yes,"Eligible for Stage 2 regardless of standalone importance -- may still matter via nonlinear effects, thresholds, or interactions."
ANODE_CD_Anode_CD_litho,yes,B,yes,"Original raw-CSV numeric process/inline/ET measurement. Re-checked: not in the leakage-family list, not a constant column, not part of any exact-duplicate group (verified via content-hash across all numeric columns).",none,yes,"Eligible for Stage 2 regardless of standalone importance -- may still matter via nonlinear effects, thresholds, or interactions."
BFIC_Height_FIC_metal_thickness,yes,B,yes,"Original raw-CSV numeric process/inline/ET measurement. Re-checked: not in the leakage-family list, not a constant column, not part of any exact-duplicate group (verified via content-hash across all numeric columns).",none,yes,"Eligible for Stage 2 regardless of standalone importance -- may still matter via nonlinear effects, thresholds, or interactions."
BMETAL1_Height_Metal1_metal_thickness,yes,B,yes,"Original raw-CSV numeric process/inline/ET measurement. Re-checked: not in the leakage-family list, not a constant column, not part of any exact-duplicate group (verified via content-hash across all numeric columns).",none,yes,"Eligible for Stage 2 regardless of standalone importance -- may still matter via nonlinear effects, thresholds, or interactions."
BPLATE_Height_BPLATE_metal_thickness,yes,B,yes,"Original raw-CSV numeric process/inline/ET measurement. Re-checked: not in the leakage-family list, not a constant column, not part of any exact-duplicate group (verified via content-hash across all numeric columns).",none,yes,"Eligible for Stage 2 regardless of standalone importance -- may still matter via nonlinear effects, thresholds, or interactions."
BRGM_Cd_Litho_BRGM_litho_CD,yes,B,yes,"Original raw-CSV numeric process/inline/ET measurement. Re-checked: not in the leakage-family list, not a constant column, not part of any exact-duplicate group (verified via content-hash across all numeric columns).",none,yes,"Eligible for Stage 2 regardless of standalone importance -- may still matter via nonlinear effects, thresholds, or interactions."
BRGM_Cd_Metal_BRGM_Final_metal_CD,yes,B,yes,"Original raw-CSV numeric process/inline/ET measurement. Re-checked: not in the leakage-family list, not a constant column, not part of any exact-duplicate group (verified via content-hash across all numeric columns).",none,yes,"Eligible for Stage 2 regardless of standalone importance -- may still matter via nonlinear effects, thresholds, or interactions."
BRGM_Height2_BRGM_Height2,yes,B,yes,"Original raw-CSV numeric process/inline/ET measurement. Re-checked: not in the leakage-family list, not a constant column, not part of any exact-duplicate group (verified via content-hash across all numeric columns).",none,yes,"Eligible for Stage 2 regardless of standalone importance -- may still matter via nonlinear effects, thresholds, or interactions."
BRGM_Height3_TOP_metal_thickness,yes,B,yes,"Original raw-CSV numeric process/inline/ET measurement. Re-checked: not in the leakage-family list, not a constant column, not part of any exact-duplicate group (verified via content-hash across all numeric columns).",none,yes,"Eligible for Stage 2 regardless of standalone importance -- may still matter via nonlinear effects, thresholds, or interactions."
BRIDGE_METAL_CD_BRGM_Final_metal_CD,yes,B,yes,"Original raw-CSV numeric process/inline/ET measurement. Re-checked: not in the leakage-family list, not a constant column, not part of any exact-duplicate group (verified via content-hash across all numeric columns).",none,yes,"Eligible for Stage 2 regardless of standalone importance -- may still matter via nonlinear effects, thresholds, or interactions."
BRIDGE_METAL_Height_Final_TOP_metal_thickness,yes,B,yes,"Original raw-CSV numeric process/inline/ET measurement. Re-checked: not in the leakage-family list, not a constant column, not part of any exact-duplicate group (verified via content-hash across all numeric columns).",none,yes,"Eligible for Stage 2 regardless of standalone importance -- may still matter via nonlinear effects, thresholds, or interactions."
BRIDGE_METAL_Height2_BRGM_Height2,yes,B,yes,"Original raw-CSV numeric process/inline/ET measurement. Re-checked: not in the leakage-family list, not a constant column, not part of any exact-duplicate group (verified via content-hash across all numeric columns).",none,yes,"Eligible for Stage 2 regardless of standalone importance -- may still matter via nonlinear effects, thresholds, or interactions."
CHRE_Ali_Litho_Channel_to_Ohmic_Alignment,yes,B,yes,"Original raw-CSV numeric process/inline/ET measurement. Re-checked: not in the leakage-family list, not a constant column, not part of any exact-duplicate group (verified via content-hash across all numeric columns).",none,yes,"Eligible for Stage 2 regardless of standalone importance -- may still matter via nonlinear effects, thresholds, or interactions."
CHRE_CD_Channel_recess_CD,yes,B,yes,"Original raw-CSV numeric process/inline/ET measurement. Re-checked: not in the leakage-family list, not a constant column, not part of any exact-duplicate group (verified via content-hash across all numeric columns).",none,yes,"Eligible for Stage 2 regardless of standalone importance -- may still matter via nonlinear effects, thresholds, or interactions."
CHRE_CD_2_Channel_recess_CD_Etch,yes,B,yes,"Original raw-CSV numeric process/inline/ET measurement. Re-checked: not in the leakage-family list, not a constant column, not part of any exact-duplicate group (verified via content-hash across all numeric columns).",none,yes,"Eligible for Stage 2 regardless of standalone importance -- may still matter via nonlinear effects, thresholds, or interactions."
CHRE_ET_Ids_Channel_recess_current,yes,B,yes,"Original raw-CSV numeric process/inline/ET measurement. Re-checked: not in the leakage-family list, not a constant column, not part of any exact-duplicate group (verified via content-hash across all numeric columns).",none,yes,"Eligible for Stage 2 regardless of standalone importance -- may still matter via nonlinear effects, thresholds, or interactions."
EBCR2_Ali_Litho_Gate_to_ohmic_alignment,yes,B,yes,"Original raw-CSV numeric process/inline/ET measurement. Re-checked: not in the leakage-family list, not a constant column, not part of any exact-duplicate group (verified via content-hash across all numeric columns).",none,yes,"Eligible for Stage 2 regardless of standalone importance -- may still matter via nonlinear effects, thresholds, or interactions."
EBCR2_CD_Gate_Leg_Length,yes,B,yes,"Original raw-CSV numeric process/inline/ET measurement. Re-checked: not in the leakage-family list, not a constant column, not part of any exact-duplicate group (verified via content-hash across all numeric columns).",none,yes,"Eligible for Stage 2 regardless of standalone importance -- may still matter via nonlinear effects, thresholds, or interactions."
EBCR2_CD_2_EBCR_cd_etch,yes,B,yes,"Original raw-CSV numeric process/inline/ET measurement. Re-checked: not in the leakage-family list, not a constant column, not part of any exact-duplicate group (verified via content-hash across all numeric columns).",none,yes,"Eligible for Stage 2 regardless of standalone importance -- may still matter via nonlinear effects, thresholds, or interactions."
EBCR2_ET_Ids_EBCR_recess_current,yes,B,yes,"Original raw-CSV numeric process/inline/ET measurement. Re-checked: not in the leakage-family list, not a constant column, not part of any exact-duplicate group (verified via content-hash across all numeric columns).",none,yes,"Eligible for Stage 2 regardless of standalone importance -- may still matter via nonlinear effects, thresholds, or interactions."
FIC_Height_FIC_metal_thickness,yes,B,yes,"Original raw-CSV numeric process/inline/ET measurement. Re-checked: not in the leakage-family list, not a constant column, not part of any exact-duplicate group (verified via content-hash across all numeric columns).",none,yes,"Eligible for Stage 2 regardless of standalone importance -- may still matter via nonlinear effects, thresholds, or interactions."
FIN_CD1_CD_PL_FIN,yes,B,yes,"Original raw-CSV numeric process/inline/ET measurement. Re-checked: not in the leakage-family list, not a constant column, not part of any exact-duplicate group (verified via content-hash across all numeric columns).",none,yes,"Eligible for Stage 2 regardless of standalone importance -- may still matter via nonlinear effects, thresholds, or interactions."
FIN_CD2_CD_etch_FIN,yes,B,yes,"Original raw-CSV numeric process/inline/ET measurement. Re-checked: not in the leakage-family list, not a constant column, not part of any exact-duplicate group (verified via content-hash across all numeric columns).",none,yes,"Eligible for Stage 2 regardless of standalone importance -- may still matter via nonlinear effects, thresholds, or interactions."
FIN_Etch_Hard_Bias,yes,B,yes,"Original raw-CSV numeric process/inline/ET measurement. Re-checked: not in the leakage-family list, not a constant column, not part of any exact-duplicate group (verified via content-hash across all numeric columns).",none,yes,"Eligible for Stage 2 regardless of standalone importance -- may still matter via nonlinear effects, thresholds, or interactions."
FIN_Etch_Soft_Bias,yes,B,yes,"Original raw-CSV numeric process/inline/ET measurement. Re-checked: not in the leakage-family list, not a constant column, not part of any exact-duplicate group (verified via content-hash across all numeric columns).",none,yes,"Eligible for Stage 2 regardless of standalone importance -- may still matter via nonlinear effects, thresholds, or interactions."
FIN_FIN_Alignment_FIN_to_ohmic_alignment,yes,B,yes,"Original raw-CSV numeric process/inline/ET measurement. Re-checked: not in the leakage-family list, not a constant column, not part of any exact-duplicate group (verified via content-hash across all numeric columns).",none,yes,"Eligible for Stage 2 regardless of standalone importance -- may still matter via nonlinear effects, thresholds, or interactions."
FMESA_Height_Fmesa_Height,yes,B,yes,"Original raw-CSV numeric process/inline/ET measurement. Re-checked: not in the leakage-family list, not a constant column, not part of any exact-duplicate group (verified via content-hash across all numeric columns).",none,yes,"Eligible for Stage 2 regardless of standalone importance -- may still matter via nonlinear effects, thresholds, or interactions."
FP2_Height1_FP2_Height1,yes,B,yes,"Original raw-CSV numeric process/inline/ET measurement. Re-checked: not in the leakage-family list, not a constant column, not part of any exact-duplicate group (verified via content-hash across all numeric columns).",none,yes,"Eligible for Stage 2 regardless of standalone importance -- may still matter via nonlinear effects, thresholds, or interactions."
FP2_Height2_FP2_Height2,yes,B,yes,"Original raw-CSV numeric process/inline/ET measurement. Re-checked: not in the leakage-family list, not a constant column, not part of any exact-duplicate group (verified via content-hash across all numeric columns).",none,yes,"Eligible for Stage 2 regardless of standalone importance -- may still matter via nonlinear effects, thresholds, or interactions."
GATE1_Thickness1_Triple_E-beam_thickness,yes,B,yes,"Original raw-CSV numeric process/inline/ET measurement. Re-checked: not in the leakage-family list, not a constant column, not part of any exact-duplicate group (verified via content-hash across all numeric columns).",none,yes,"Eligible for Stage 2 regardless of standalone importance -- may still matter via nonlinear effects, thresholds, or interactions."
GATE2_Ali_Litho_Gate_to_recess_alignment,yes,B,yes,"Original raw-CSV numeric process/inline/ET measurement. Re-checked: not in the leakage-family list, not a constant column, not part of any exact-duplicate group (verified via content-hash across all numeric columns).",none,yes,"Eligible for Stage 2 regardless of standalone importance -- may still matter via nonlinear effects, thresholds, or interactions."
GATE2_Ali_Litho2_Gate_to_ohmic_alignment,yes,B,yes,"Original raw-CSV numeric process/inline/ET measurement. Re-checked: not in the leakage-family list, not a constant column, not part of any exact-duplicate group (verified via content-hash across all numeric columns).",none,yes,"Eligible for Stage 2 regardless of standalone importance -- may still matter via nonlinear effects, thresholds, or interactions."
GATE2_CD_Gate_Leg_Length,yes,B,yes,"Original raw-CSV numeric process/inline/ET measurement. Re-checked: not in the leakage-family list, not a constant column, not part of any exact-duplicate group (verified via content-hash across all numeric columns).",none,yes,"Eligible for Stage 2 regardless of standalone importance -- may still matter via nonlinear effects, thresholds, or interactions."
GATE2_CD_Gate_Win_Length,yes,B,yes,"Original raw-CSV numeric process/inline/ET measurement. Re-checked: not in the leakage-family list, not a constant column, not part of any exact-duplicate group (verified via content-hash across all numeric columns).",none,yes,"Eligible for Stage 2 regardless of standalone importance -- may still matter via nonlinear effects, thresholds, or interactions."
GATE2_CD_310nm_Gate_Leg_Length,yes,B,yes,"Original raw-CSV numeric process/inline/ET measurement. Re-checked: not in the leakage-family list, not a constant column, not part of any exact-duplicate group (verified via content-hash across all numeric columns).",none,yes,"Eligible for Stage 2 regardless of standalone importance -- may still matter via nonlinear effects, thresholds, or interactions."
GATE2_CD_310nm_Gate_Win_Length,yes,B,yes,"Original raw-CSV numeric process/inline/ET measurement. Re-checked: not in the leakage-family list, not a constant column, not part of any exact-duplicate group (verified via content-hash across all numeric columns).",none,yes,"Eligible for Stage 2 regardless of standalone importance -- may still matter via nonlinear effects, thresholds, or interactions."
GATE2_CD_330nm_Gate_Leg_Length,yes,B,yes,"Original raw-CSV numeric process/inline/ET measurement. Re-checked: not in the leakage-family list, not a constant column, not part of any exact-duplicate group (verified via content-hash across all numeric columns).",none,yes,"Eligible for Stage 2 regardless of standalone importance -- may still matter via nonlinear effects, thresholds, or interactions."
GATE2_CD_330nm_Gate_Win_Length,yes,B,yes,"Original raw-CSV numeric process/inline/ET measurement. Re-checked: not in the leakage-family list, not a constant column, not part of any exact-duplicate group (verified via content-hash across all numeric columns).",none,yes,"Eligible for Stage 2 regardless of standalone importance -- may still matter via nonlinear effects, thresholds, or interactions."
GATE2_CD_358nm_Gate_Leg_Length,yes,B,yes,"Original raw-CSV numeric process/inline/ET measurement. Re-checked: not in the leakage-family list, not a constant column, not part of any exact-duplicate group (verified via content-hash across all numeric columns).",none,yes,"Eligible for Stage 2 regardless of standalone importance -- may still matter via nonlinear effects, thresholds, or interactions."
GATE2_CD_358nm_Gate_Win_Length,yes,B,yes,"Original raw-CSV numeric process/inline/ET measurement. Re-checked: not in the leakage-family list, not a constant column, not part of any exact-duplicate group (verified via content-hash across all numeric columns).",none,yes,"Eligible for Stage 2 regardless of standalone importance -- may still matter via nonlinear effects, thresholds, or interactions."
GATE2_CD_HPA_CB_Gate_Win_Length,yes,B,yes,"Original raw-CSV numeric process/inline/ET measurement. Re-checked: not in the leakage-family list, not a constant column, not part of any exact-duplicate group (verified via content-hash across all numeric columns).",none,yes,"Eligible for Stage 2 regardless of standalone importance -- may still matter via nonlinear effects, thresholds, or interactions."
GATE2_ET_Ids2_Gate_recess_current,yes,B,yes,"Original raw-CSV numeric process/inline/ET measurement. Re-checked: not in the leakage-family list, not a constant column, not part of any exact-duplicate group (verified via content-hash across all numeric columns).",none,yes,"Eligible for Stage 2 regardless of standalone importance -- may still matter via nonlinear effects, thresholds, or interactions."
GATE2_Thickness4_PMMA_PR_etch_thickness,yes,B,yes,"Original raw-CSV numeric process/inline/ET measurement. Re-checked: not in the leakage-family list, not a constant column, not part of any exact-duplicate group (verified via content-hash across all numeric columns).",none,yes,"Eligible for Stage 2 regardless of standalone importance -- may still matter via nonlinear effects, thresholds, or interactions."
HIRS_M_Gauge_P_E_MoSi,yes,B,yes,"Original raw-CSV numeric process/inline/ET measurement. Re-checked: not in the leakage-family list, not a constant column, not part of any exact-duplicate group (verified via content-hash across all numeric columns).",none,yes,"Eligible for Stage 2 regardless of standalone importance -- may still matter via nonlinear effects, thresholds, or interactions."
MESA_CD_Mesa_CD_Radius,yes,B,yes,"Original raw-CSV numeric process/inline/ET measurement. Re-checked: not in the leakage-family list, not a constant column, not part of any exact-duplicate group (verified via content-hash across all numeric columns).",none,yes,"Eligible for Stage 2 regardless of standalone importance -- may still matter via nonlinear effects, thresholds, or interactions."
MESA_Height_Mesa_Height,yes,B,yes,"Original raw-CSV numeric process/inline/ET measurement. Re-checked: not in the leakage-family list, not a constant column, not part of any exact-duplicate group (verified via content-hash across all numeric columns).",none,yes,"Eligible for Stage 2 regardless of standalone importance -- may still matter via nonlinear effects, thresholds, or interactions."
METAL1_Height_Metal1_metal_thickness,yes,B,yes,"Original raw-CSV numeric process/inline/ET measurement. Re-checked: not in the leakage-family list, not a constant column, not part of any exact-duplicate group (verified via content-hash across all numeric columns).",none,yes,"Eligible for Stage 2 regardless of standalone importance -- may still matter via nonlinear effects, thresholds, or interactions."
OHMIC_CD_Ohmic_CD_litho,yes,B,yes,"Original raw-CSV numeric process/inline/ET measurement. Re-checked: not in the leakage-family list, not a constant column, not part of any exact-duplicate group (verified via content-hash across all numeric columns).",none,yes,"Eligible for Stage 2 regardless of standalone importance -- may still matter via nonlinear effects, thresholds, or interactions."
OHMIC_Thickness_SiN_Thickness,yes,B,yes,"Original raw-CSV numeric process/inline/ET measurement. Re-checked: not in the leakage-family list, not a constant column, not part of any exact-duplicate group (verified via content-hash across all numeric columns).",none,yes,"Eligible for Stage 2 regardless of standalone importance -- may still matter via nonlinear effects, thresholds, or interactions."
SIN_Thickness_RefractiveIndex,yes,B,yes,"Original raw-CSV numeric process/inline/ET measurement. Re-checked: not in the leakage-family list, not a constant column, not part of any exact-duplicate group (verified via content-hash across all numeric columns).",none,yes,"Eligible for Stage 2 regardless of standalone importance -- may still matter via nonlinear effects, thresholds, or interactions."
SIN_Thickness_SiN_Thickness,yes,B,yes,"Original raw-CSV numeric process/inline/ET measurement. Re-checked: not in the leakage-family list, not a constant column, not part of any exact-duplicate group (verified via content-hash across all numeric columns).",none,yes,"Eligible for Stage 2 regardless of standalone importance -- may still matter via nonlinear effects, thresholds, or interactions."
SIN_Thickness1_RefractiveIndex,yes,B,yes,"Original raw-CSV numeric process/inline/ET measurement. Re-checked: not in the leakage-family list, not a constant column, not part of any exact-duplicate group (verified via content-hash across all numeric columns).",none,yes,"Eligible for Stage 2 regardless of standalone importance -- may still matter via nonlinear effects, thresholds, or interactions."
SIN_Thickness1_SiN_Thickness_1st,yes,B,yes,"Original raw-CSV numeric process/inline/ET measurement. Re-checked: not in the leakage-family list, not a constant column, not part of any exact-duplicate group (verified via content-hash across all numeric columns).",none,yes,"Eligible for Stage 2 regardless of standalone importance -- may still matter via nonlinear effects, thresholds, or interactions."
SIN_Thickness2_RefractiveIndex,yes,B,yes,"Original raw-CSV numeric process/inline/ET measurement. Re-checked: not in the leakage-family list, not a constant column, not part of any exact-duplicate group (verified via content-hash across all numeric columns).",none,yes,"Eligible for Stage 2 regardless of standalone importance -- may still matter via nonlinear effects, thresholds, or interactions."
SIN_Thickness2_SiN_Thickness,yes,B,yes,"Original raw-CSV numeric process/inline/ET measurement. Re-checked: not in the leakage-family list, not a constant column, not part of any exact-duplicate group (verified via content-hash across all numeric columns).",none,yes,"Eligible for Stage 2 regardless of standalone importance -- may still matter via nonlinear effects, thresholds, or interactions."
SIN_ThicknessGN2_RefractiveIndex,yes,B,yes,"Original raw-CSV numeric process/inline/ET measurement. Re-checked: not in the leakage-family list, not a constant column, not part of any exact-duplicate group (verified via content-hash across all numeric columns).",none,yes,"Eligible for Stage 2 regardless of standalone importance -- may still matter via nonlinear effects, thresholds, or interactions."
SIN_ThicknessGN2_SiN_Thickness,yes,B,yes,"Original raw-CSV numeric process/inline/ET measurement. Re-checked: not in the leakage-family list, not a constant column, not part of any exact-duplicate group (verified via content-hash across all numeric columns).",none,yes,"Eligible for Stage 2 regardless of standalone importance -- may still matter via nonlinear effects, thresholds, or interactions."
SIN_CAPACITOR_ThicknessGN1_RefractiveIndex,yes,B,yes,"Original raw-CSV numeric process/inline/ET measurement. Re-checked: not in the leakage-family list, not a constant column, not part of any exact-duplicate group (verified via content-hash across all numeric columns).",none,yes,"Eligible for Stage 2 regardless of standalone importance -- may still matter via nonlinear effects, thresholds, or interactions."
SIN_CAPACITOR_ThicknessGN1_SiN_Thickness,yes,B,yes,"Original raw-CSV numeric process/inline/ET measurement. Re-checked: not in the leakage-family list, not a constant column, not part of any exact-duplicate group (verified via content-hash across all numeric columns).",none,yes,"Eligible for Stage 2 regardless of standalone importance -- may still matter via nonlinear effects, thresholds, or interactions."
STREETS_Height_Backside_metal_thickness,yes,B,yes,"Original raw-CSV numeric process/inline/ET measurement. Re-checked: not in the leakage-family list, not a constant column, not part of any exact-duplicate group (verified via content-hash across all numeric columns).",none,yes,"Eligible for Stage 2 regardless of standalone importance -- may still matter via nonlinear effects, thresholds, or interactions."
TANR_M_Gauge_P_E_TaN,yes,B,yes,"Original raw-CSV numeric process/inline/ET measurement. Re-checked: not in the leakage-family list, not a constant column, not part of any exact-duplicate group (verified via content-hash across all numeric columns).",none,yes,"Eligible for Stage 2 regardless of standalone importance -- may still matter via nonlinear effects, thresholds, or interactions."
TFRP_M_Gauge_P_E_Resistors,yes,B,yes,"Original raw-CSV numeric process/inline/ET measurement. Re-checked: not in the leakage-family list, not a constant column, not part of any exact-duplicate group (verified via content-hash across all numeric columns).",none,yes,"Eligible for Stage 2 regardless of standalone importance -- may still matter via nonlinear effects, thresholds, or interactions."
THIN_Measure1_Glue_thickness,yes,B,yes,"Original raw-CSV numeric process/inline/ET measurement. Re-checked: not in the leakage-family list, not a constant column, not part of any exact-duplicate group (verified via content-hash across all numeric columns).",none,yes,"Eligible for Stage 2 regardless of standalone importance -- may still matter via nonlinear effects, thresholds, or interactions."
THIN_Measure1GN_Thickness_after_bonding,yes,B,yes,"Original raw-CSV numeric process/inline/ET measurement. Re-checked: not in the leakage-family list, not a constant column, not part of any exact-duplicate group (verified via content-hash across all numeric columns).",none,yes,"Eligible for Stage 2 regardless of standalone importance -- may still matter via nonlinear effects, thresholds, or interactions."
THIN_Measure2_Thickness_after_grinding,yes,B,yes,"Original raw-CSV numeric process/inline/ET measurement. Re-checked: not in the leakage-family list, not a constant column, not part of any exact-duplicate group (verified via content-hash across all numeric columns).",none,yes,"Eligible for Stage 2 regardless of standalone importance -- may still matter via nonlinear effects, thresholds, or interactions."
THIN_Measure2GN_Thickness_after_grinding,yes,B,yes,"Original raw-CSV numeric process/inline/ET measurement. Re-checked: not in the leakage-family list, not a constant column, not part of any exact-duplicate group (verified via content-hash across all numeric columns).",none,yes,"Eligible for Stage 2 regardless of standalone importance -- may still matter via nonlinear effects, thresholds, or interactions."
THIN_Measure3GN_Thickness_after_etchback,yes,B,yes,"Original raw-CSV numeric process/inline/ET measurement. Re-checked: not in the leakage-family list, not a constant column, not part of any exact-duplicate group (verified via content-hash across all numeric columns).",none,yes,"Eligible for Stage 2 regardless of standalone importance -- may still matter via nonlinear effects, thresholds, or interactions."
THIN_Measure4_Wafer_thickness_final,yes,B,yes,"Original raw-CSV numeric process/inline/ET measurement. Re-checked: not in the leakage-family list, not a constant column, not part of any exact-duplicate group (verified via content-hash across all numeric columns).",none,yes,"Eligible for Stage 2 regardless of standalone importance -- may still matter via nonlinear effects, thresholds, or interactions."
TOPSIN_ThicknessGN_RefractiveIndex,yes,B,yes,"Original raw-CSV numeric process/inline/ET measurement. Re-checked: not in the leakage-family list, not a constant column, not part of any exact-duplicate group (verified via content-hash across all numeric columns).",none,yes,"Eligible for Stage 2 regardless of standalone importance -- may still matter via nonlinear effects, thresholds, or interactions."
TOPSIN_ThicknessGN_SiN_Thickness,yes,B,yes,"Original raw-CSV numeric process/inline/ET measurement. Re-checked: not in the leakage-family list, not a constant column, not part of any exact-duplicate group (verified via content-hash across all numeric columns).",none,yes,"Eligible for Stage 2 regardless of standalone importance -- may still matter via nonlinear effects, thresholds, or interactions."
VIA_Etch_Via_etch_end_point_time,yes,B,yes,"Original raw-CSV numeric process/inline/ET measurement. Re-checked: not in the leakage-family list, not a constant column, not part of any exact-duplicate group (verified via content-hash across all numeric columns).",none,yes,"Eligible for Stage 2 regardless of standalone importance -- may still matter via nonlinear effects, thresholds, or interactions."
VIA_GaN_Height_Ni_height,yes,B,yes,"Original raw-CSV numeric process/inline/ET measurement. Re-checked: not in the leakage-family list, not a constant column, not part of any exact-duplicate group (verified via content-hash across all numeric columns).",none,yes,"Eligible for Stage 2 regardless of standalone importance -- may still matter via nonlinear effects, thresholds, or interactions."
VIA_GaN_Measure4GN_Final_GaN_thickness,yes,B,yes,"Original raw-CSV numeric process/inline/ET measurement. Re-checked: not in the leakage-family list, not a constant column, not part of any exact-duplicate group (verified via content-hash across all numeric columns).",none,yes,"Eligible for Stage 2 regardless of standalone importance -- may still matter via nonlinear effects, thresholds, or interactions."
WIN_CD_WIN_CD,yes,B,yes,"Original raw-CSV numeric process/inline/ET measurement. Re-checked: not in the leakage-family list, not a constant column, not part of any exact-duplicate group (verified via content-hash across all numeric columns).",none,yes,"Eligible for Stage 2 regardless of standalone importance -- may still matter via nonlinear effects, thresholds, or interactions."
WIN_WIN_Alignment_WIN_to_FIN_Alignment,yes,B,yes,"Original raw-CSV numeric process/inline/ET measurement. Re-checked: not in the leakage-family list, not a constant column, not part of any exact-duplicate group (verified via content-hash across all numeric columns).",none,yes,"Eligible for Stage 2 regardless of standalone importance -- may still matter via nonlinear effects, thresholds, or interactions."
