raw_csv_parameter_name,relationship_class,direction,turning_point_1,turning_point_2,beneficial_range,harmful_range,effect_size_yield_pct,shape_fold_consistency,n_fold_curves_used,linear_cv_rmse,spline_cv_rmse,rmse_improvement_pct,linear_cv_r2,spline_cv_r2,folds_spline_better,nonlinear_advantage,evidence_label,reason,n_train_rows_used
THIN_ET_lkg_10,THRESHOLD,positive,0.045618,,0.01781 to 0.2085,0.2164 to 0.3277,8.015,5/5,5,1.9285,1.8379,4.698,0.2551,0.3201,5/5,True,STRONG,Shape reproduced in 5/5 fold curves; positive out-of-fold R^2 (0.3201).,1200
MEASURE_ET_lkg_50_at20V,SATURATION,negative,0.224711,,0.02594 to 0.1963,0.2026 to 0.272,7.8556,5/5,5,1.9053,1.8153,4.723,0.2679,0.3323,5/5,True,STRONG,Shape reproduced in 5/5 fold curves; positive out-of-fold R^2 (0.3323).,1200
TOPSIN_ET_lkg_C175pf,COMPLEX_NONLINEAR,n/a,0.046881,0.094835,0.0229 to 0.1599,0.1668 to 0.2901,7.6981,5/5,5,1.9957,1.8944,5.08,0.2069,0.277,5/5,True,STRONG,Shape reproduced in 5/5 fold curves; positive out-of-fold R^2 (0.2770).,1200
TOPSIN_ET_lkg_C300,COMPLEX_NONLINEAR,n/a,0.055237,0.083515,0.02343 to 0.1224,0.2426 to 0.2991,7.6197,5/5,5,2.0462,1.97,3.721,0.1674,0.2215,4/5,True,STRONG,Shape reproduced in 5/5 fold curves; positive out-of-fold R^2 (0.2215).,1200
MEASURE_ET_LT_SEC_Ileak_m9V_mA_mm,PROCESS_WINDOW,n/a,0.096233,,0.02104 to 0.1786,0.1857 to 0.3003,7.4699,5/5,5,2.018,1.9668,2.536,0.1881,0.2188,2/5,False,STRONG,Shape reproduced in 5/5 fold curves; positive out-of-fold R^2 (0.2188).,1200
MEASURE_ET_LT_SEC_Ileak_m5p5V_mA_mm,MONOTONIC_NEGATIVE,negative,,,0.02697 to 0.1947,0.202 to 0.3114,7.1623,5/5,5,1.9149,1.8533,3.221,0.2643,0.3046,4/5,True,STRONG,Shape reproduced in 5/5 fold curves; positive out-of-fold R^2 (0.3046).,1200
MEASURE_ET_lkg_PAD_10,THRESHOLD,negative,0.21051,,0.02487 to 0.1957,0.2031 to 0.3145,7.033,5/5,5,1.948,1.8973,2.607,0.2384,0.2716,4/5,True,STRONG,Shape reproduced in 5/5 fold curves; positive out-of-fold R^2 (0.2716).,1200
MEASURE_ET_lkg_Cap3,THRESHOLD,positive,0.060629,,0.0268 to 0.1997,0.2072 to 0.32,7.0053,5/5,5,2.0189,2.0001,0.934,0.1878,0.1965,2/5,False,STRONG,Shape reproduced in 5/5 fold curves; positive out-of-fold R^2 (0.1965).,1200
THIN_ET_lkg_50_at20V,THRESHOLD,negative,0.116885,,0.02355 to 0.1667,0.1729 to 0.2662,6.9657,5/5,5,2.0016,1.9592,2.119,0.1987,0.2187,3/5,False,STRONG,Shape reproduced in 5/5 fold curves; positive out-of-fold R^2 (0.2187).,1200
FIC_ET_lkg_SY8_80,SATURATION,negative,0.223278,,0.02303 to 0.1375,0.1947 to 0.271,6.8749,5/5,5,1.9815,1.9537,1.403,0.2146,0.2315,4/5,True,STRONG,Shape reproduced in 5/5 fold curves; positive out-of-fold R^2 (0.2315).,1200
TOPSIN_ET_lkg_CapFICM1,THRESHOLD,negative,0.141185,,0.02622 to 0.1586,0.1656 to 0.298,6.6956,4/5,5,2.0165,2.0056,0.543,0.1881,0.1907,2/5,False,STRONG,Shape reproduced in 4/5 fold curves; positive out-of-fold R^2 (0.1907).,1200
THIN_ET_lkg_C20,THRESHOLD,negative,0.147363,,0.0275 to 0.1919,0.1987 to 0.2946,6.6759,5/5,5,2.016,1.9422,3.664,0.1913,0.2437,5/5,True,STRONG,Shape reproduced in 5/5 fold curves; positive out-of-fold R^2 (0.2437).,1200
TOPSIN_ET_lkg_Cap3,SATURATION,negative,0.053062,,0.02281 to 0.227,0.2346 to 0.3178,6.6562,4/5,5,1.9797,1.8837,4.852,0.2156,0.2816,5/5,True,STRONG,Shape reproduced in 4/5 fold curves; positive out-of-fold R^2 (0.2816).,1200
MEASURE_ET_lkg_100,THRESHOLD,negative,0.24977,,0.02673 to 0.2006,0.2082 to 0.3216,6.6274,5/5,5,1.9798,1.9611,0.946,0.2172,0.229,4/5,False,STRONG,Shape reproduced in 5/5 fold curves; positive out-of-fold R^2 (0.2290).,1200
MEASURE_ET_lkg_C300FB,SATURATION,negative,0.293546,,0.02216 to 0.1658,0.2696 to 0.3335,6.5979,5/5,5,1.9765,1.8719,5.293,0.2136,0.2905,5/5,True,STRONG,Shape reproduced in 5/5 fold curves; positive out-of-fold R^2 (0.2905).,1200
MEASURE_ET_LT_SEC_Ileak_m5V_mA_mm,COMPLEX_NONLINEAR,n/a,0.230923,0.284705,0.01964 to 0.1426,0.1503 to 0.2424,6.2716,5/5,5,2.0634,2.0228,1.968,0.1473,0.1763,4/5,True,STRONG,Shape reproduced in 5/5 fold curves; positive out-of-fold R^2 (0.1763).,1200
MEASURE_ET_lkg_70,SATURATION,negative,0.250248,,0.02226 to 0.1534,0.1597 to 0.2659,6.2471,5/5,5,1.9909,1.8937,4.882,0.2034,0.2705,5/5,True,STRONG,Shape reproduced in 5/5 fold curves; positive out-of-fold R^2 (0.2705).,1200
TOPSIN_ET_lkg_C500pf,PROCESS_WINDOW,n/a,0.08185,,0.02237 to 0.1476,0.1539 to 0.2665,6.1196,5/5,5,2.0155,1.9427,3.613,0.187,0.2329,3/5,False,STRONG,Shape reproduced in 5/5 fold curves; positive out-of-fold R^2 (0.2329).,1200
MEASURE_ET_LT_SEC_Ileak_m16p5V_mA_mm,SATURATION,negative,0.043287,,0.02296 to 0.1652,0.172 to 0.2872,5.9976,4/5,5,1.9972,1.9453,2.595,0.2026,0.2384,4/5,True,STRONG,Shape reproduced in 4/5 fold curves; positive out-of-fold R^2 (0.2384).,1200
OHMIC_ET_lkg_5,THRESHOLD,negative,0.162539,,0.02433 to 0.1764,0.1833 to 0.2938,5.9605,4/5,5,1.9657,1.9338,1.627,0.2222,0.2399,2/5,False,STRONG,Shape reproduced in 4/5 fold curves; positive out-of-fold R^2 (0.2399).,1200
MEASURE_ET_lkg_C200,THRESHOLD,negative,0.305938,,0.02404 to 0.1762,0.1851 to 0.3731,5.9473,4/5,5,1.9593,1.8876,3.662,0.2293,0.2794,5/5,True,STRONG,Shape reproduced in 4/5 fold curves; positive out-of-fold R^2 (0.2794).,1200
MEASURE_ET_lkg_C175pf,SATURATION,negative,0.285799,,0.02568 to 0.1765,0.184 to 0.3197,5.8112,5/5,5,2.0339,2.0104,1.154,0.1726,0.1884,4/5,True,STRONG,Shape reproduced in 5/5 fold curves; positive out-of-fold R^2 (0.1884).,1200
MEASURE_ET_lkg_USV_Cap,COMPLEX_NONLINEAR,n/a,0.160993,0.257152,0.02415 to 0.1351,0.2461 to 0.3126,5.7918,4/5,5,1.9503,1.8712,4.057,0.2398,0.2933,4/5,True,STRONG,Shape reproduced in 4/5 fold curves; positive out-of-fold R^2 (0.2933).,1200
THIN_ET_lkg_70_at20V,THRESHOLD,negative,0.231829,,0.02238 to 0.2121,0.22 to 0.3306,5.6159,5/5,5,1.9675,1.935,1.648,0.2228,0.245,4/5,True,STRONG,Shape reproduced in 5/5 fold curves; positive out-of-fold R^2 (0.2450).,1200
MEASURE_ET_lkg_Cap1,THRESHOLD,negative,0.17321,,0.0188 to 0.1941,0.2024 to 0.3443,5.6012,5/5,5,1.9712,1.9538,0.886,0.229,0.234,3/5,False,STRONG,Shape reproduced in 5/5 fold curves; positive out-of-fold R^2 (0.2340).,1200
FIC_ET_lkg_5,THRESHOLD,negative,0.291781,,0.02644 to 0.1956,0.2033 to 0.3264,5.5579,5/5,5,1.9896,1.9095,4.024,0.2096,0.2656,5/5,True,STRONG,Shape reproduced in 5/5 fold curves; positive out-of-fold R^2 (0.2656).,1200
GATE2_CD_Gate_Leg_Length,COMPLEX_NONLINEAR,n/a,0.205853,0.24862,0.2246 to 0.2673,0.1711 to 0.2192,5.4924,5/5,5,2.2574,2.2199,1.66,-0.0044,0.0252,4/5,True,STRONG,Shape reproduced in 5/5 fold curves; positive out-of-fold R^2 (0.0252).,1200
SIN_GATE_ET_lkg_5,SATURATION,negative,0.314432,,0.02272 to 0.1705,0.1783 to 0.3261,5.4744,4/5,5,1.872,1.8218,2.678,0.2999,0.3318,4/5,True,STRONG,Shape reproduced in 4/5 fold curves; positive out-of-fold R^2 (0.3318).,1200
TOPSIN_ET_DC_PIV_Gate_Lag_1,SATURATION,negative,7.579431,,1.21 to 4.533,6.564 to 8.41,5.2856,5/5,5,2.1432,2.0445,4.606,0.0928,0.1687,5/5,True,STRONG,Shape reproduced in 5/5 fold curves; positive out-of-fold R^2 (0.1687).,1200
MEASURE_ET_lkg_Cap2,THRESHOLD,negative,0.280173,,0.02099 to 0.1725,0.1805 to 0.332,5.2537,4/5,5,1.9564,1.897,3.037,0.2313,0.2713,4/5,True,STRONG,Shape reproduced in 4/5 fold curves; positive out-of-fold R^2 (0.2713).,1200
SIN_GATE_ET_lkg_SY8_80,SATURATION,negative,0.238119,,0.02522 to 0.1651,0.1712 to 0.2625,5.1804,5/5,5,1.9687,1.9297,1.982,0.2276,0.2532,4/5,True,STRONG,Shape reproduced in 5/5 fold curves; positive out-of-fold R^2 (0.2532).,1200
MEASURE_ET_Rc_an_ct2_OW_CR,COMPLEX_NONLINEAR,n/a,0.175266,0.247407,0.177 to 0.2388,0.2423 to 0.2732,5.1628,5/5,5,2.1784,2.0159,7.459,0.0628,0.2024,5/5,True,STRONG,Shape reproduced in 5/5 fold curves; positive out-of-fold R^2 (0.2024).,1200
MEASURE_ET_lkg_C300M1B,COMPLEX_NONLINEAR,n/a,0.056481,0.110963,0.02146 to 0.216,0.2238 to 0.325,5.0026,5/5,5,2.0063,1.9088,4.861,0.1932,0.2618,5/5,True,STRONG,Shape reproduced in 5/5 fold curves; positive out-of-fold R^2 (0.2618).,1200
SIN_ET_DC_RF_Vbin_gs,SATURATION,positive,23.368873,,24.51 to 33.6,20.93 to 24.18,4.9974,4/5,5,2.0952,1.9882,5.107,0.1288,0.2052,4/5,True,STRONG,Shape reproduced in 4/5 fold curves; positive out-of-fold R^2 (0.2052).,1200
SIN_ET_lkg_SY8_80,THRESHOLD,negative,0.189706,,0.02149 to 0.1725,0.1794 to 0.2893,4.8654,5/5,5,1.9993,2.0246,-1.266,0.2069,0.1759,3/5,False,STRONG,Shape reproduced in 5/5 fold curves; positive out-of-fold R^2 (0.1759).,1200
MEASURE_ET_C100Cap2pf,PROCESS_WINDOW,n/a,0.708473,,0.6237 to 0.9629,0.9759 to 1.067,4.8547,5/5,5,2.2525,2.0888,7.269,0.0013,0.1319,5/5,True,STRONG,Shape reproduced in 5/5 fold curves; positive out-of-fold R^2 (0.1319).,1200
MEASURE_ET_LT_SEC_Ileak_m10p5V_mA_mm,THRESHOLD,positive,0.059154,,0.02161 to 0.1718,0.1786 to 0.2879,4.8184,4/5,5,1.9831,1.8564,6.389,0.1997,0.2886,5/5,True,STRONG,Shape reproduced in 4/5 fold curves; positive out-of-fold R^2 (0.2886).,1200
TOPSIN_ET_DC_PIV_Ids1_QP1,COMPLEX_NONLINEAR,n/a,14.195007,16.571077,12.57 to 14.95,15.17 to 17.11,4.8136,5/5,5,2.2124,2.101,5.035,0.0298,0.1024,3/5,False,STRONG,Shape reproduced in 5/5 fold curves; positive out-of-fold R^2 (0.1024).,1200
TOPSIN_ET_lkg_C300pf,THRESHOLD,negative,0.141233,,0.01944 to 0.1501,0.1561 to 0.2511,4.7997,5/5,5,2.0014,1.9794,1.095,0.201,0.2131,3/5,False,STRONG,Shape reproduced in 5/5 fold curves; positive out-of-fold R^2 (0.2131).,1200
TOPSIN_ET_lkg_Cap_USV,THRESHOLD,negative,0.145241,,0.0261 to 0.185,0.1929 to 0.3359,4.7887,4/5,5,1.9306,1.9194,0.581,0.2467,0.2524,3/5,False,STRONG,Shape reproduced in 4/5 fold curves; positive out-of-fold R^2 (0.2524).,1200
TOPSIN_ET_lkg_SY8_80,THRESHOLD,negative,0.150612,,0.02359 to 0.1609,0.1678 to 0.2914,4.6487,5/5,5,1.9653,1.8599,5.359,0.2222,0.2926,5/5,True,STRONG,Shape reproduced in 5/5 fold curves; positive out-of-fold R^2 (0.2926).,1200
MEASURE_ET_lkg_Cap_USV,THRESHOLD,negative,0.146364,,0.02327 to 0.1464,0.1528 to 0.2759,4.6475,4/5,5,1.9389,1.8586,4.143,0.2443,0.2986,5/5,True,STRONG,Shape reproduced in 4/5 fold curves; positive out-of-fold R^2 (0.2986).,1200
THIN_ET_lkg_5,THRESHOLD,negative,0.131312,,0.023 to 0.1592,0.1654 to 0.2644,4.6406,5/5,5,2.0313,1.9986,1.61,0.1827,0.1971,3/5,False,STRONG,Shape reproduced in 5/5 fold curves; positive out-of-fold R^2 (0.1971).,1200
MEASURE_ET_lkg_50,SATURATION,negative,0.244678,,0.02488 to 0.1655,0.1714 to 0.2535,4.6046,4/5,5,1.9132,1.8802,1.723,0.2587,0.2838,5/5,True,STRONG,Shape reproduced in 4/5 fold curves; positive out-of-fold R^2 (0.2838).,1200
TOPSIN_ET_Cap_C300,COMPLEX_NONLINEAR,n/a,0.678159,0.822389,0.8168 to 0.9389,0.7281 to 0.8057,4.5809,5/5,5,2.2624,2.0968,7.317,-0.0082,0.1268,5/5,True,STRONG,Shape reproduced in 5/5 fold curves; positive out-of-fold R^2 (0.1268).,1200
MEASURE_ET_DC_SEC_X_Ig_cut1_mAmm_pos_FPSD3p2,SATURATION,positive,21.511249,,24.62 to 28.58,21.23 to 24.43,4.5489,5/5,5,2.1211,2.0797,1.951,0.1124,0.1459,5/5,True,STRONG,Shape reproduced in 5/5 fold curves; positive out-of-fold R^2 (0.1459).,1200
TOPSIN_ET_DC_RF_Vbin_gs,SATURATION,positive,33.280208,,26.66 to 34.33,20.73 to 26.31,4.4125,5/5,5,2.1816,2.1731,0.389,0.0592,0.0651,4/5,False,STRONG,Shape reproduced in 5/5 fold curves; positive out-of-fold R^2 (0.0651).,1200
MEASURE_ET_DC_Diode_D_leak_65V,THRESHOLD,negative,0.304002,,0.02603 to 0.186,0.1936 to 0.323,4.4106,4/5,5,1.9576,1.9009,2.899,0.2302,0.2684,4/5,True,STRONG,Shape reproduced in 4/5 fold curves; positive out-of-fold R^2 (0.2684).,1200
THIN_ET_C300_0,COMPLEX_NONLINEAR,n/a,0.694098,0.79359,0.777 to 0.9097,0.9207 to 1.009,4.3719,5/5,5,2.2422,2.0523,8.467,0.0109,0.1585,5/5,True,STRONG,Shape reproduced in 5/5 fold curves; positive out-of-fold R^2 (0.1585).,1200
SIN_ET_DC_RF_Vg_max_Vd_0p1,SATURATION,positive,63.964895,,65.1 to 71.94,62.07 to 64.85,4.3506,5/5,5,2.1349,2.053,3.838,0.1025,0.1623,4/5,True,STRONG,Shape reproduced in 5/5 fold curves; positive out-of-fold R^2 (0.1623).,1200
MEASURE_ET_LT_SEC_Ileak_m10V_mA_mm,THRESHOLD,negative,0.12446,,0.02483 to 0.1551,0.1628 to 0.3237,4.3222,5/5,5,1.9918,1.9913,0.029,0.2018,0.2,3/5,False,STRONG,Shape reproduced in 5/5 fold curves; positive out-of-fold R^2 (0.2000).,1200
EBCR2_CD_Gate_Leg_Length,COMPLEX_NONLINEAR,n/a,0.163539,0.211633,0.2357 to 0.3532,0.1716 to 0.2303,4.2076,5/5,5,2.2576,2.2184,1.736,-0.0046,0.0304,5/5,True,STRONG,Shape reproduced in 5/5 fold curves; positive out-of-fold R^2 (0.0304).,1200
TOPSIN_ET_Rc_f_tn_23,SATURATION,negative,0.284034,,0.1369 to 0.2624,0.2667 to 0.3057,4.1353,4/5,5,2.2206,2.1562,2.9,0.0288,0.0869,5/5,True,STRONG,Shape reproduced in 4/5 fold curves; positive out-of-fold R^2 (0.0869).,1200
TOPSIN_ET_Cap3pf_0,COMPLEX_NONLINEAR,n/a,0.672943,0.928884,0.6788 to 0.9347,0.5857 to 0.6671,4.1231,5/5,5,2.2439,2.1572,3.862,0.0094,0.0775,4/5,True,STRONG,Shape reproduced in 5/5 fold curves; positive out-of-fold R^2 (0.0775).,1200
MEASURE_ET_lkg_5,THRESHOLD,negative,0.122953,,0.0276 to 0.175,0.1836 to 0.3657,4.0913,5/5,5,1.9571,1.9507,0.329,0.2285,0.2309,3/5,False,STRONG,Shape reproduced in 5/5 fold curves; positive out-of-fold R^2 (0.2309).,1200
SIN_ET_DC_RF_Vbgd1,SATURATION,positive,21.793314,,29.22 to 35,25.09 to 28.81,4.0706,4/5,5,2.1879,2.1644,1.075,0.056,0.0791,3/5,False,STRONG,Shape reproduced in 4/5 fold curves; positive out-of-fold R^2 (0.0791).,1200
SIN_ET_DC_RF_Vbgd_0p01,SATURATION,positive,23.0533,,23.8 to 34.92,20.46 to 23.42,4.0617,4/5,5,2.1922,2.1764,0.722,0.0537,0.0609,3/5,False,STRONG,Shape reproduced in 4/5 fold curves; positive out-of-fold R^2 (0.0609).,1200
MEASURE_ET_lkg_C300pf,THRESHOLD,negative,0.192915,,0.02505 to 0.1743,0.1817 to 0.316,4.0408,5/5,5,2.0039,1.9449,2.94,0.1991,0.2389,4/5,True,STRONG,Shape reproduced in 5/5 fold curves; positive out-of-fold R^2 (0.2389).,1200
MEASURE_ET_C300FM1,SATURATION,negative,1.011507,,0.725 to 0.8419,0.9706 to 1.041,4.0028,5/5,5,2.2265,2.1942,1.449,0.0254,0.0529,4/5,True,STRONG,Shape reproduced in 5/5 fold curves; positive out-of-fold R^2 (0.0529).,1200
THIN_ET_lkg_C300,MONOTONIC_NEGATIVE,negative,,,0.02073 to 0.163,0.1701 to 0.2982,3.9881,5/5,5,1.9431,1.9206,1.159,0.2429,0.2569,3/5,False,STRONG,Shape reproduced in 5/5 fold curves; positive out-of-fold R^2 (0.2569).,1200
TOPSIN_ET_C300pf_0,COMPLEX_NONLINEAR,n/a,0.684643,0.799132,0.691 to 0.8309,0.8437 to 1.047,3.9859,5/5,5,2.2262,2.1511,3.375,0.0255,0.087,4/5,True,STRONG,Shape reproduced in 5/5 fold curves; positive out-of-fold R^2 (0.0870).,1200
TOPSIN_ET_C100CapPARCAP,SATURATION,negative,0.252587,,0.1407 to 0.1934,0.1967 to 0.269,3.9449,5/5,5,2.1878,2.1486,1.789,0.0543,0.0871,5/5,True,STRONG,Shape reproduced in 5/5 fold curves; positive out-of-fold R^2 (0.0871).,1200
TOPSIN_ET_DC_RF_Vbgd_0p1,SATURATION,positive,24.020872,,26.03 to 34.75,21.67 to 25.7,3.9407,5/5,5,2.1733,2.1323,1.885,0.0678,0.1021,5/5,True,STRONG,Shape reproduced in 5/5 fold curves; positive out-of-fold R^2 (0.1021).,1200
TOPSIN_ET_lkg_Cap2,THRESHOLD,negative,0.146004,,0.02818 to 0.1556,0.1619 to 0.2766,3.9345,5/5,5,1.9522,1.904,2.467,0.2304,0.2591,3/5,False,STRONG,Shape reproduced in 5/5 fold curves; positive out-of-fold R^2 (0.2591).,1200
MEASURE_ET_USV_Cappf_0,PROCESS_WINDOW,n/a,0.666079,,0.5533 to 0.7195,0.9094 to 1.016,3.8767,4/5,5,2.2464,2.0819,7.322,0.0084,0.1277,3/5,False,STRONG,Shape reproduced in 4/5 fold curves; positive out-of-fold R^2 (0.1277).,1200
MEASURE_ET_DC_SEC_X_Vg_at_I2_pos,SATURATION,negative,4.125599,,3.457 to 4.794,5.017 to 11.03,3.8676,4/5,5,2.2583,2.2071,2.266,-0.0053,0.0376,5/5,True,STRONG,Shape reproduced in 4/5 fold curves; positive out-of-fold R^2 (0.0376).,1200
MEASURE_ET_DC_SMALL_Vbgs_0p01,SATURATION,positive,20.246926,,24.61 to 34.53,19.06 to 24.21,3.8515,5/5,5,2.1756,2.1505,1.153,0.0642,0.0872,4/5,True,STRONG,Shape reproduced in 5/5 fold curves; positive out-of-fold R^2 (0.0872).,1200
MEASURE_ET_CapFICM1_0,COMPLEX_NONLINEAR,n/a,0.678068,0.827288,0.6097 to 0.734,0.9206 to 1.045,3.8513,5/5,5,2.2513,2.1417,4.866,0.0026,0.0902,4/5,True,STRONG,Shape reproduced in 5/5 fold curves; positive out-of-fold R^2 (0.0902).,1200
THIN_ET_DC_RF_Vbgs_0p1,THRESHOLD,positive,25.182275,,25.73 to 34.93,20.58 to 25.37,3.83,5/5,5,2.0946,2.0341,2.889,0.1369,0.1869,5/5,True,STRONG,Shape reproduced in 5/5 fold curves; positive out-of-fold R^2 (0.1869).,1200
MEASURE_ET_lkg_70_at20V,SATURATION,negative,0.077408,,0.02525 to 0.1782,0.1852 to 0.2965,3.8208,5/5,5,2.0261,1.9869,1.935,0.1772,0.2052,5/5,True,STRONG,Shape reproduced in 5/5 fold curves; positive out-of-fold R^2 (0.2052).,1200
MEASURE_ET_lkg_C385pf,MONOTONIC_NEGATIVE,negative,,,0.02594 to 0.1737,0.1824 to 0.3649,3.7959,5/5,5,1.9529,1.9313,1.103,0.2347,0.2487,4/5,True,STRONG,Shape reproduced in 5/5 fold curves; positive out-of-fold R^2 (0.2487).,1200
MEASURE_ET_RF_Modeling_Rgs_err,SATURATION,positive,57.071599,,59.57 to 64.78,56.31 to 59.35,3.7837,5/5,5,2.184,2.1574,1.219,0.0585,0.0833,4/5,True,STRONG,Shape reproduced in 5/5 fold curves; positive out-of-fold R^2 (0.0833).,1200
MEASURE_ET_Vbpin,THRESHOLD,positive,34.993666,,31.61 to 35.15,22.59 to 26.78,3.7813,4/5,5,2.1728,2.155,0.822,0.068,0.0819,4/5,False,STRONG,Shape reproduced in 4/5 fold curves; positive out-of-fold R^2 (0.0819).,1200
TOPSIN_ET_lkg_Cap1,THRESHOLD,negative,0.138799,,0.02005 to 0.1568,0.164 to 0.3007,3.7752,5/5,5,1.9447,1.9023,2.178,0.2394,0.2636,3/5,False,STRONG,Shape reproduced in 5/5 fold curves; positive out-of-fold R^2 (0.2636).,1200
THIN_ET_DC_RF_Vg_optt3,COMPLEX_NONLINEAR,n/a,5.827502,7.726807,4.213 to 6.302,2.694 to 4.023,3.7683,4/5,5,2.251,2.139,4.975,0.0,0.0837,3/5,False,STRONG,Shape reproduced in 4/5 fold curves; positive out-of-fold R^2 (0.0837).,1200
MEASURE_ET_Rc_OG142,COMPLEX_NONLINEAR,n/a,0.189913,0.23161,0.1236 to 0.1615,0.1653 to 0.2032,3.7393,5/5,5,2.2405,2.1514,3.976,0.0103,0.0893,5/5,True,STRONG,Shape reproduced in 5/5 fold curves; positive out-of-fold R^2 (0.0893).,1200
TOPSIN_ET_lkg_5,THRESHOLD,negative,0.132014,,0.02672 to 0.1352,0.1416 to 0.2756,3.7343,5/5,5,1.919,1.8205,5.133,0.2488,0.3121,5/5,True,STRONG,Shape reproduced in 5/5 fold curves; positive out-of-fold R^2 (0.3121).,1200
MEASURE_ET_C385pf,SATURATION,positive,29.105669,,24.3 to 29.85,21.53 to 24.09,3.7145,5/5,5,2.1665,2.1432,1.075,0.0725,0.0908,3/5,False,STRONG,Shape reproduced in 5/5 fold curves; positive out-of-fold R^2 (0.0908).,1200
SIN_ET_DC_RF_Vbgd_0p1,COMPLEX_NONLINEAR,n/a,23.384859,25.764874,27.29 to 30.69,23.89 to 26.95,3.7112,5/5,5,2.2197,2.1493,3.172,0.0306,0.0905,5/5,True,STRONG,Shape reproduced in 5/5 fold curves; positive out-of-fold R^2 (0.0905).,1200
SIN_GATE_ET_lkg_SY07_10,THRESHOLD,negative,0.121671,,0.02723 to 0.1217,0.1295 to 0.2082,3.6574,5/5,5,2.0267,1.961,3.244,0.1833,0.2256,3/5,False,STRONG,Shape reproduced in 5/5 fold curves; positive out-of-fold R^2 (0.2256).,1200
THIN_ET_Rcat_cn_2_OW_ST,SATURATION,negative,0.155518,,0.1328 to 0.1631,0.1669 to 0.2541,3.6405,5/5,5,2.2488,2.1756,3.255,0.0026,0.0674,5/5,True,STRONG,Shape reproduced in 5/5 fold curves; positive out-of-fold R^2 (0.0674).,1200
MEASURE_ET_DC_SEC_X_Vg_at_I2_neg_SD3p5,SATURATION,positive,39.007317,,42.34 to 46.85,38.47 to 42.12,3.5561,5/5,5,2.1712,2.1428,1.306,0.0715,0.096,4/5,True,STRONG,Shape reproduced in 5/5 fold curves; positive out-of-fold R^2 (0.0960).,1200
TOPSIN_ET_DC_RF_Vds_max,COMPLEX_NONLINEAR,n/a,3.876306,6.115426,4.212 to 6.451,-0.49 to 3.988,3.5106,5/5,5,2.2565,2.1457,4.912,-0.0038,0.0925,5/5,True,STRONG,Shape reproduced in 5/5 fold curves; positive out-of-fold R^2 (0.0925).,1200
THIN_ET_Rcat_cn_1_OW_ST,COMPLEX_NONLINEAR,n/a,0.203545,0.288665,0.1699 to 0.255,0.2585 to 0.2904,3.5034,5/5,5,2.234,2.1201,5.096,0.0155,0.1124,5/5,True,STRONG,Shape reproduced in 5/5 fold curves; positive out-of-fold R^2 (0.1124).,1200
MEASURE_ET_DC_SEC_Vboff_2_1,THRESHOLD,positive,15.786608,,11.39 to 16.3,9.341 to 11.18,3.4587,5/5,5,2.2433,2.1312,4.994,0.0089,0.106,5/5,True,STRONG,Shape reproduced in 5/5 fold curves; positive out-of-fold R^2 (0.1060).,1200
THIN_ET_Rc_f_tn_23,THRESHOLD,positive,0.24645,,0.1262 to 0.215,0.2187 to 0.2705,3.4169,5/5,5,2.1888,2.1613,1.258,0.0537,0.0791,5/5,True,STRONG,Shape reproduced in 5/5 fold curves; positive out-of-fold R^2 (0.0791).,1200
MEASURE_ET_lkg_100_at20V,SATURATION,negative,0.211775,,0.02463 to 0.1369,0.1423 to 0.2332,3.3861,5/5,5,2.0259,1.9747,2.53,0.1777,0.2155,5/5,True,STRONG,Shape reproduced in 5/5 fold curves; positive out-of-fold R^2 (0.2155).,1200
FIC_ET_G_per_2p75K,SATURATION,positive,13.127113,,7.08 to 9.214,9.451 to 12.3,3.3738,4/5,5,2.251,2.2298,0.942,0.0006,0.0168,3/5,False,STRONG,Shape reproduced in 4/5 fold curves; positive out-of-fold R^2 (0.0168).,1200
MEASURE_ET_DC_SEC_S_Id_at_Vboff_mA_mm_FPSD3p2,SATURATION,positive,88.828737,,91.51 to 98.48,88.02 to 91.24,3.3674,5/5,5,2.1607,2.0593,4.692,0.0774,0.1546,5/5,True,STRONG,Shape reproduced in 5/5 fold curves; positive out-of-fold R^2 (0.1546).,1200
MEASURE_ET_Rcat_cn_2,PROCESS_WINDOW,n/a,0.248625,,0.1801 to 0.2539,0.2574 to 0.2855,3.3574,5/5,5,2.2317,2.1152,5.219,0.0188,0.1217,5/5,True,STRONG,Shape reproduced in 5/5 fold curves; positive out-of-fold R^2 (0.1217).,1200
MEASURE_ET_DC_RF_Vbgs_0p1,COMPLEX_NONLINEAR,n/a,29.183667,31.152483,26.39 to 33.61,20.82 to 26.07,3.3566,5/5,5,2.1165,1.9892,6.012,0.1162,0.2084,5/5,True,STRONG,Shape reproduced in 5/5 fold curves; positive out-of-fold R^2 (0.2084).,1200
MEASURE_ET_RF_Modeling_Gm_m0p2_W,COMPLEX_NONLINEAR,n/a,496.963795,557.587211,571.4 to 632,510.7 to 565.9,3.3559,5/5,5,2.2249,2.1401,3.813,0.0249,0.0999,5/5,True,STRONG,Shape reproduced in 5/5 fold curves; positive out-of-fold R^2 (0.0999).,1200
MEASURE_ET_R_400_HOR,SATURATION,positive,85.840624,,90.96 to 95.67,84.87 to 87.36,3.3547,4/5,5,2.1964,2.1769,0.891,0.0491,0.0644,4/5,False,STRONG,Shape reproduced in 4/5 fold curves; positive out-of-fold R^2 (0.0644).,1200
TOPSIN_ET_DC_PIV_Drain_Lag_1,THRESHOLD,negative,8.025756,,1.864 to 7.269,7.485 to 10.3,3.3458,4/5,5,2.1068,2.022,4.021,0.1259,0.1916,4/5,True,STRONG,Shape reproduced in 4/5 fold curves; positive out-of-fold R^2 (0.1916).,1200
THIN_ET_DC_RF_Vbgd1,THRESHOLD,negative,22.527919,,24.6 to 34.77,20.08 to 24.22,3.3445,5/5,5,2.2134,2.1567,2.561,0.0344,0.0827,5/5,True,STRONG,Shape reproduced in 5/5 fold curves; positive out-of-fold R^2 (0.0827).,1200
MEASURE_ET_C100C500pf,COMPLEX_NONLINEAR,n/a,0.774864,0.863027,0.7694 to 0.8906,0.9016 to 1.012,3.3407,5/5,5,2.2392,2.148,4.077,0.0125,0.0908,5/5,True,STRONG,Shape reproduced in 5/5 fold curves; positive out-of-fold R^2 (0.0908).,1200
MEASURE_ET_C100CapFICBRGM,COMPLEX_NONLINEAR,n/a,484.737569,560.853794,575.5 to 634,505.2 to 569.6,3.3381,5/5,5,2.2505,2.1528,4.344,0.0014,0.0878,5/5,True,STRONG,Shape reproduced in 5/5 fold curves; positive out-of-fold R^2 (0.0878).,1200
TOPSIN_ET_C100Cap2pf,SATURATION,negative,0.951871,,0.5898 to 0.745,0.9208 to 0.9933,3.3303,5/5,5,2.2185,2.1678,2.287,0.0316,0.0755,4/5,True,STRONG,Shape reproduced in 5/5 fold curves; positive out-of-fold R^2 (0.0755).,1200
BRGM_ET_TR_1F,COMPLEX_NONLINEAR,n/a,500.724867,574.646482,441 to 503.6,509.3 to 577.5,3.3257,5/5,5,2.2491,2.1765,3.23,0.0035,0.0675,4/5,True,STRONG,Shape reproduced in 5/5 fold curves; positive out-of-fold R^2 (0.0675).,1200
MEASURE_ET_lkg_10,THRESHOLD,negative,0.142219,,0.02449 to 0.1262,0.1315 to 0.2332,3.3176,5/5,5,1.9341,1.9049,1.508,0.2494,0.2677,3/5,False,STRONG,Shape reproduced in 5/5 fold curves; positive out-of-fold R^2 (0.2677).,1200
FIC_ET_Gm_m2,COMPLEX_NONLINEAR,n/a,510.123999,568.014722,582.5 to 646.2,513 to 576.7,3.3009,5/5,5,2.2442,2.1506,4.17,0.0073,0.0877,5/5,True,STRONG,Shape reproduced in 5/5 fold curves; positive out-of-fold R^2 (0.0877).,1200
MEASURE_ET_DC_Big_S11ang_10GHz,SATURATION,negative,-15.553754,,-16.23 to -14.1,-13.9 to -8.661,3.2968,5/5,5,2.2323,2.208,1.091,0.0195,0.0421,5/5,True,STRONG,Shape reproduced in 5/5 fold curves; positive out-of-fold R^2 (0.0421).,1200
FIC_ET_C200_0S1,SATURATION,negative,0.979234,,0.5172 to 0.6841,0.6969 to 1.018,3.2936,5/5,5,2.2181,2.1908,1.231,0.0311,0.0519,3/5,False,STRONG,Shape reproduced in 5/5 fold curves; positive out-of-fold R^2 (0.0519).,1200
MEASURE_ET_C300FB_0,PROCESS_WINDOW,n/a,0.701273,,0.6098 to 0.927,0.9392 to 1.049,3.2611,4/5,5,2.2637,2.1386,5.526,-0.009,0.0927,5/5,True,STRONG,Shape reproduced in 4/5 fold curves; positive out-of-fold R^2 (0.0927).,1200
MEASURE_ET_DC_RF_Idss,COMPLEX_NONLINEAR,n/a,326.56843,374.919116,387 to 449.9,333.8 to 382.2,3.2556,5/5,5,2.2421,2.1898,2.333,0.0092,0.0556,4/5,True,STRONG,Shape reproduced in 5/5 fold curves; positive out-of-fold R^2 (0.0556).,1200
THIN_ET_OHMC,COMPLEX_NONLINEAR,n/a,33.633145,35.981118,31.15 to 33.76,34.02 to 36.89,3.2552,5/5,5,2.2411,2.1643,3.426,0.0093,0.0746,5/5,True,STRONG,Shape reproduced in 5/5 fold curves; positive out-of-fold R^2 (0.0746).,1200
MEASURE_ET_VIA_KLV,SATURATION,positive,2.074545,,8.194 to 10.73,1.728 to 7.963,3.2546,5/5,5,2.2364,2.2213,0.676,0.0166,0.0292,4/5,False,STRONG,Shape reproduced in 5/5 fold curves; positive out-of-fold R^2 (0.0292).,1200
SIN_ET_DC_PIV_Idss_QP3,COMPLEX_NONLINEAR,n/a,332.709052,389.099469,391.4 to 447.8,339.8 to 386.7,3.2496,5/5,5,2.2506,2.1988,2.3,0.0019,0.0463,4/5,True,STRONG,Shape reproduced in 5/5 fold curves; positive out-of-fold R^2 (0.0463).,1200
TOPSIN_ET_C500pf,COMPLEX_NONLINEAR,n/a,28.863974,30.881982,31.79 to 33.81,29.57 to 31.59,3.2489,5/5,5,2.2378,2.1706,3.002,0.0125,0.0716,5/5,True,STRONG,Shape reproduced in 5/5 fold curves; positive out-of-fold R^2 (0.0716).,1200
MEASURE_ET_DC_PIV_Drain_Lag_0,PROCESS_WINDOW,n/a,5.145829,,2.05 to 7.003,7.251 to 11.46,3.2471,4/5,5,2.1358,2.0695,3.106,0.1008,0.1545,5/5,True,STRONG,Shape reproduced in 4/5 fold curves; positive out-of-fold R^2 (0.1545).,1200
MEASURE_ET_DC_Big_S21ang_10GHz,COMPLEX_NONLINEAR,n/a,14.196879,15.039661,15.2 to 16.67,14.46 to 15.09,3.247,5/5,5,2.2447,2.1688,3.382,0.0076,0.0742,5/5,True,STRONG,Shape reproduced in 5/5 fold curves; positive out-of-fold R^2 (0.0742).,1200
FIC_ET_DC_RF_Imax,COMPLEX_NONLINEAR,n/a,630.945606,715.75883,570.9 to 641.5,648.6 to 733.4,3.2437,5/5,5,2.254,2.147,4.747,-0.0021,0.0924,5/5,True,STRONG,Shape reproduced in 5/5 fold curves; positive out-of-fold R^2 (0.0924).,1200
MEASURE_ET_DC_SEC_Idss,COMPLEX_NONLINEAR,n/a,330.627366,377.906539,394.5 to 446.5,342.4 to 389.7,3.2203,5/5,5,2.2523,2.1498,4.551,-0.0002,0.0874,5/5,True,STRONG,Shape reproduced in 5/5 fold curves; positive out-of-fold R^2 (0.0874).,1200
MEASURE_ET_Cap1pf_0,SATURATION,negative,0.94407,,0.7803 to 0.9045,0.656 to 0.769,3.2162,5/5,5,2.2559,2.1543,4.503,-0.0026,0.0899,5/5,True,STRONG,Shape reproduced in 5/5 fold curves; positive out-of-fold R^2 (0.0899).,1200
MEASURE_ET_DC_RF_S21ang_10GHz,SATURATION,positive,13.646798,,14.18 to 17.49,12.88 to 14.06,3.2116,5/5,5,2.2045,2.18,1.112,0.0435,0.0621,4/5,True,STRONG,Shape reproduced in 5/5 fold curves; positive out-of-fold R^2 (0.0621).,1200
MEASURE_ET_DC_PIV_Imax_QP3,COMPLEX_NONLINEAR,n/a,633.550758,708.854376,582.2 to 650.7,657.5 to 739.7,3.2101,5/5,5,2.2539,2.1385,5.119,-0.0016,0.1003,5/5,True,STRONG,Shape reproduced in 5/5 fold curves; positive out-of-fold R^2 (0.1003).,1200
TOPSIN_ET_Cap2pf_0,SATURATION,negative,1.002606,,0.6284 to 0.9412,0.9523 to 1.031,3.2045,5/5,5,2.2481,2.1995,2.163,0.0053,0.0444,4/5,True,STRONG,Shape reproduced in 5/5 fold curves; positive out-of-fold R^2 (0.0444).,1200
TOPSIN_ET_R114,U_SHAPED,n/a,10.704097,,6.206 to 7.59,7.821 to 11.74,3.2006,5/5,5,2.2357,2.1609,3.343,0.0155,0.0813,5/5,True,STRONG,Shape reproduced in 5/5 fold curves; positive out-of-fold R^2 (0.0813).,1200
MEASURE_ET_DC_SEC_X_Id_plus_Ig_at_Vboff_mA_mm_SD3p5,COMPLEX_NONLINEAR,n/a,13.901022,16.377448,14.46 to 16.72,11.76 to 14.24,3.1924,5/5,5,2.242,2.1372,4.675,0.0095,0.0959,5/5,True,STRONG,Shape reproduced in 5/5 fold curves; positive out-of-fold R^2 (0.0959).,1200
MEASURE_ET_CapFICM1,THRESHOLD,positive,0.984838,,0.6515 to 0.9592,0.6003 to 0.6413,3.1863,5/5,5,2.2549,2.1516,4.582,-0.0005,0.0861,5/5,True,STRONG,Shape reproduced in 5/5 fold curves; positive out-of-fold R^2 (0.0861).,1200
MEASURE_ET_DC_SEC_X_Ig_cut3_mAmm_neg_FPSD3p2,PROCESS_WINDOW,n/a,43.935293,,40.93 to 45.16,45.38 to 47.39,3.1821,4/5,5,2.2549,2.1644,4.013,-0.002,0.072,4/5,True,STRONG,Shape reproduced in 4/5 fold curves; positive out-of-fold R^2 (0.0720).,1200
TOPSIN_ET_DC_SMALL_Id_gm_max,COMPLEX_NONLINEAR,n/a,506.95813,569.029561,577.5 to 633.9,509.8 to 571.9,3.1787,5/5,5,2.2488,2.1758,3.246,0.0032,0.0631,5/5,True,STRONG,Shape reproduced in 5/5 fold curves; positive out-of-fold R^2 (0.0631).,1200
MEASURE_ET_DC_SEC_Imax_6V,COMPLEX_NONLINEAR,n/a,614.733036,714.625604,741.5 to 818.4,641.6 to 733.8,3.1509,5/5,5,2.2549,2.1602,4.2,-0.0026,0.0785,5/5,True,STRONG,Shape reproduced in 5/5 fold curves; positive out-of-fold R^2 (0.0785).,1200
MEASURE_ET_DC_RF_Vg_max_Vd_0p1mA,COMPLEX_NONLINEAR,n/a,63.524071,66.789674,67.14 to 69.71,64.11 to 66.91,3.149,5/5,5,2.238,2.1714,2.978,0.0114,0.0642,4/5,True,STRONG,Shape reproduced in 5/5 fold curves; positive out-of-fold R^2 (0.0642).,1200
SIN_ET_DC_PIV_Gate_Lag_Imax,COMPLEX_NONLINEAR,n/a,652.585154,720.449179,737.4 to 805.3,662.8 to 730.6,3.1345,5/5,5,2.24,2.1509,3.977,0.01,0.0855,4/5,True,STRONG,Shape reproduced in 5/5 fold curves; positive out-of-fold R^2 (0.0855).,1200
MEASURE_ET_DC_SMALL_Ids_m0p2,COMPLEX_NONLINEAR,n/a,-1.42938,0.538113,-2.118 to -0.544,2.014 to 4.375,3.1272,5/5,5,2.2069,2.1455,2.783,0.0392,0.0903,5/5,True,STRONG,Shape reproduced in 5/5 fold curves; positive out-of-fold R^2 (0.0903).,1200
TOPSIN_ET_Vds_max,SATURATION,positive,30.675239,,25.27 to 27.52,27.75 to 30,3.1208,4/5,5,2.2435,2.2238,0.877,0.0079,0.0146,3/5,False,STRONG,Shape reproduced in 4/5 fold curves; positive out-of-fold R^2 (0.0146).,1200
FIC_ET_DC_PIV_Drain_Lag_1,INVERTED_U,n/a,4.398637,,3.048 to 7.411,7.618 to 10.11,3.1197,5/5,5,2.1799,2.1202,2.736,0.0656,0.1176,5/5,True,STRONG,Shape reproduced in 5/5 fold curves; positive out-of-fold R^2 (0.1176).,1200
TOPSIN_ET_C100Cap1pf,INVERTED_U,n/a,0.901152,,0.5859 to 0.8403,0.8514 to 1.006,3.1169,4/5,5,2.2336,2.0307,9.083,0.0187,0.1714,4/5,True,STRONG,Shape reproduced in 4/5 fold curves; positive out-of-fold R^2 (0.1714).,1200
SIN_ET_DC_RF_Imax,COMPLEX_NONLINEAR,n/a,626.156775,704.693468,579.7 to 651.1,658.3 to 722.5,3.1128,5/5,5,2.2507,2.0898,7.148,0.0011,0.1401,5/5,True,STRONG,Shape reproduced in 5/5 fold curves; positive out-of-fold R^2 (0.1401).,1200
MEASURE_ET_R_f_hr_2,COMPLEX_NONLINEAR,n/a,27.381215,30.079126,29.98 to 32.47,24.37 to 25.82,3.1108,4/5,5,2.2463,2.1749,3.177,0.0058,0.0708,5/5,True,STRONG,Shape reproduced in 4/5 fold curves; positive out-of-fold R^2 (0.0708).,1200
MEASURE_ET_DC_SEC_X_Id_mA_mm_at_Vg1,COMPLEX_NONLINEAR,n/a,55.868285,58.15268,53.96 to 56,50.92 to 53.71,3.1064,5/5,5,2.2459,2.1302,5.156,0.0052,0.1008,5/5,True,STRONG,Shape reproduced in 5/5 fold curves; positive out-of-fold R^2 (0.1008).,1200
SIN_ET_DC_RF_Vg_optt2,THRESHOLD,negative,20.539976,,17.06 to 18.94,19.13 to 20.63,3.0983,4/5,5,2.2432,2.1887,2.433,0.0085,0.0559,5/5,True,STRONG,Shape reproduced in 4/5 fold curves; positive out-of-fold R^2 (0.0559).,1200
MEASURE_ET_DC_SMALL_Imax,COMPLEX_NONLINEAR,n/a,641.350209,713.638118,587.1 to 652.2,659.4 to 738.9,3.096,5/5,5,2.2514,2.1361,5.12,0.0003,0.1009,5/5,True,STRONG,Shape reproduced in 5/5 fold curves; positive out-of-fold R^2 (0.1009).,1200
FIC_ET_HIRS,SATURATION,positive,54.789164,,57.42 to 63.95,54.16 to 57.17,3.091,5/5,5,2.2128,2.1957,0.773,0.0347,0.0494,5/5,False,STRONG,Shape reproduced in 5/5 fold curves; positive out-of-fold R^2 (0.0494).,1200
MEASURE_ET_lkg_C300,THRESHOLD,negative,0.115665,,0.02267 to 0.1273,0.1331 to 0.2493,3.0864,4/5,5,2.0029,1.9409,3.092,0.1946,0.2381,5/5,True,STRONG,Shape reproduced in 4/5 fold curves; positive out-of-fold R^2 (0.2381).,1200
MEASURE_ET_C100Cap1pf,COMPLEX_NONLINEAR,n/a,0.680298,0.800895,0.7949 to 0.9396,0.9516 to 1.012,3.0754,5/5,5,2.2585,2.1592,4.397,-0.0044,0.0814,5/5,True,STRONG,Shape reproduced in 5/5 fold curves; positive out-of-fold R^2 (0.0814).,1200
MEASURE_ET_DC_RF_Min_S21_Freq_L1002,SATURATION,positive,16.531414,,15.86 to 17.2,12.85 to 15.75,3.0738,5/5,5,2.2036,2.1952,0.382,0.0456,0.0504,3/5,False,STRONG,Shape reproduced in 5/5 fold curves; positive out-of-fold R^2 (0.0504).,1200
FIC_ET_DC_RF_Vbgs_0p1,SATURATION,positive,32.866334,,30.02 to 34.37,21.31 to 29.68,3.0733,4/5,5,2.2101,2.1708,1.775,0.0395,0.0763,4/5,True,STRONG,Shape reproduced in 4/5 fold curves; positive out-of-fold R^2 (0.0763).,1200
MEASURE_ET_DC_PIV_Drain_Lag_Imax,COMPLEX_NONLINEAR,n/a,636.266097,708.062843,733.2 to 819.3,654.2 to 726,3.0724,5/5,5,2.2482,2.1618,3.846,0.0028,0.0788,5/5,True,STRONG,Shape reproduced in 5/5 fold curves; positive out-of-fold R^2 (0.0788).,1200
CATHODE_ET_Rcat_cn_1,COMPLEX_NONLINEAR,n/a,0.231635,0.274015,0.1449 to 0.2374,0.2413 to 0.2875,3.0652,5/5,5,2.2163,2.1176,4.455,0.0301,0.1164,5/5,True,STRONG,Shape reproduced in 5/5 fold curves; positive out-of-fold R^2 (0.1164).,1200
THIN_ET_lkg_PAD_10,MONOTONIC_NEGATIVE,negative,,,0.02481 to 0.1279,0.1358 to 0.3341,3.0606,5/5,5,1.9591,1.9138,2.308,0.2288,0.2608,5/5,True,STRONG,Shape reproduced in 5/5 fold curves; positive out-of-fold R^2 (0.2608).,1200
THIN_ET_DC_RF_Vbgd_0p01,SATURATION,positive,23.149256,,26.12 to 35.04,20.55 to 25.75,3.0526,4/5,5,2.1383,2.1385,-0.009,0.0972,0.0962,3/5,False,STRONG,Shape reproduced in 4/5 fold curves; positive out-of-fold R^2 (0.0962).,1200
MEASURE_ET_LT_SEC_Ileak_m12p5V_mA_mm,THRESHOLD,negative,0.095799,,0.02434 to 0.1348,0.1413 to 0.2777,3.0392,5/5,5,1.9536,1.8618,4.698,0.2304,0.2981,5/5,True,STRONG,Shape reproduced in 5/5 fold curves; positive out-of-fold R^2 (0.2981).,1200
MEASURE_ET_Cap2pf_0,SATURATION,negative,0.949964,,0.5635 to 0.9031,0.9148 to 1.02,3.0376,5/5,5,2.2352,2.2132,0.981,0.0182,0.037,5/5,False,STRONG,Shape reproduced in 5/5 fold curves; positive out-of-fold R^2 (0.0370).,1200
FIC_ET_R_f_tn_2,SATURATION,positive,92.449022,,87.56 to 92.99,82.4 to 87.29,3.0281,5/5,5,2.1984,2.1778,0.939,0.0431,0.0585,4/5,False,STRONG,Shape reproduced in 5/5 fold curves; positive out-of-fold R^2 (0.0585).,1200
MEASURE_ET_DC_SEC_Vbin_gs,COMPLEX_NONLINEAR,n/a,23.604053,26.773241,28.71 to 33.64,24.13 to 28.36,3.0241,5/5,5,2.2193,2.0879,5.922,0.0279,0.1374,5/5,True,STRONG,Shape reproduced in 5/5 fold curves; positive out-of-fold R^2 (0.1374).,1200
TOPSIN_ET_DC_RF_Gm_0,COMPLEX_NONLINEAR,n/a,503.793637,582.217718,573.8 to 629.8,506.6 to 568.2,3.0231,5/5,5,2.2398,2.1945,2.023,0.0115,0.0491,4/5,True,STRONG,Shape reproduced in 5/5 fold curves; positive out-of-fold R^2 (0.0491).,1200
OHMIC_ET_Rc_an_ct2,COMPLEX_NONLINEAR,n/a,0.154927,0.193968,0.1923 to 0.2281,0.2314 to 0.2672,3.0226,5/5,5,2.2159,2.1148,4.563,0.0311,0.1203,5/5,True,STRONG,Shape reproduced in 5/5 fold curves; positive out-of-fold R^2 (0.1203).,1200
TOPSIN_ET_Ids_m2,PROCESS_WINDOW,n/a,46.565658,,44.12 to 47.15,47.38 to 49.01,3.0185,5/5,5,2.2525,2.1851,2.991,-0.0004,0.0537,4/5,True,STRONG,Shape reproduced in 5/5 fold curves; positive out-of-fold R^2 (0.0537).,1200
ANODE_ET_Rc_an_ct2_OW_CR,SATURATION,negative,0.263373,,0.1389 to 0.2371,0.2406 to 0.2756,3.0117,5/5,5,2.2022,2.1449,2.602,0.0442,0.0964,5/5,True,STRONG,Shape reproduced in 5/5 fold curves; positive out-of-fold R^2 (0.0964).,1200
ANODE_ET_Rc_an_ct2,PROCESS_WINDOW,n/a,0.222053,,0.1613 to 0.2336,0.2368 to 0.273,2.9889,5/5,5,2.208,2.1163,4.152,0.0394,0.118,5/5,True,STRONG,Shape reproduced in 5/5 fold curves; positive out-of-fold R^2 (0.1180).,1200
MEASURE_ET_DC_SEC_X_Vboff_Id_SD3p5,SATURATION,positive,77.388642,,79.18 to 88.27,75.6 to 78.85,2.9863,4/5,5,2.2097,2.2079,0.08,0.0361,0.0364,2/5,False,STRONG,Shape reproduced in 4/5 fold curves; positive out-of-fold R^2 (0.0364).,1200
MEASURE_ET_DC_RF_Ft_W,COMPLEX_NONLINEAR,n/a,81.454962,83.917177,84.87 to 88.43,81.04 to 84.6,2.984,5/5,5,2.211,2.1859,1.136,0.0354,0.0547,4/5,True,STRONG,Shape reproduced in 5/5 fold curves; positive out-of-fold R^2 (0.0547).,1200
THIN_ET_DC_RF_Vg_gm_max,COMPLEX_NONLINEAR,n/a,494.254894,558.334026,578.7 to 637,503 to 572.9,2.9807,5/5,5,2.2514,2.15,4.505,0.0009,0.0902,5/5,True,STRONG,Shape reproduced in 5/5 fold curves; positive out-of-fold R^2 (0.0902).,1200
TOPSIN_ET_CapPARCAP_0,COMPLEX_NONLINEAR,n/a,0.167984,0.207062,0.1769 to 0.223,0.2266 to 0.2763,2.9745,5/5,5,2.2145,2.1703,1.996,0.0305,0.0679,5/5,True,STRONG,Shape reproduced in 5/5 fold curves; positive out-of-fold R^2 (0.0679).,1200
MEASURE_ET_LT_SEC_Vbgd1_Vd3,COMPLEX_NONLINEAR,n/a,29.612718,33.79393,25.95 to 34.32,20.73 to 25.61,2.9701,5/5,5,2.1562,2.0948,2.845,0.0827,0.1312,5/5,True,STRONG,Shape reproduced in 5/5 fold curves; positive out-of-fold R^2 (0.1312).,1200
BRGM_ET_ABVIETCH,COMPLEX_NONLINEAR,n/a,508.341881,566.414071,580.9 to 633.2,505.4 to 575.1,2.9652,5/5,5,2.2486,2.1612,3.888,0.0025,0.0738,5/5,True,STRONG,Shape reproduced in 5/5 fold curves; positive out-of-fold R^2 (0.0738).,1200
THIN_ET_Vbpin,THRESHOLD,positive,28.426515,,27.67 to 33.42,21.61 to 27.37,2.9592,4/5,5,2.1329,1.9846,6.956,0.1014,0.214,5/5,True,STRONG,Shape reproduced in 4/5 fold curves; positive out-of-fold R^2 (0.2140).,1200
MEASURE_ET_lkg_SY07_10,THRESHOLD,negative,0.126811,,0.02325 to 0.1435,0.1502 to 0.2838,2.94,5/5,5,2.0452,2.0136,1.548,0.1637,0.1877,4/5,True,STRONG,Shape reproduced in 5/5 fold curves; positive out-of-fold R^2 (0.1877).,1200
MEASURE_ET_DC_PIV_Idss_QP3,COMPLEX_NONLINEAR,n/a,334.799331,381.618562,398 to 449.5,346.5 to 393.3,2.9333,5/5,5,2.2488,2.1755,3.262,0.0033,0.0667,4/5,True,STRONG,Shape reproduced in 5/5 fold curves; positive out-of-fold R^2 (0.0667).,1200
SIN_ET_DC_PIV_Gate_Lag_Idss,COMPLEX_NONLINEAR,n/a,325.043485,383.073407,394.2 to 447.8,336.2 to 389.8,2.9331,5/5,5,2.2494,2.1539,4.244,0.0028,0.0865,5/5,True,STRONG,Shape reproduced in 5/5 fold curves; positive out-of-fold R^2 (0.0865).,1200
FIC_ET_DC_PIV_Gate_Lag_1,PROCESS_WINDOW,n/a,4.107014,,0.8291 to 4.95,5.137 to 8.134,2.925,5/5,5,2.1481,2.0986,2.307,0.0918,0.1336,5/5,True,STRONG,Shape reproduced in 5/5 fold curves; positive out-of-fold R^2 (0.1336).,1200
MEASURE_ET_DC_RF_CF_S12_Mag_L2180,THRESHOLD,positive,16.333525,,13.8 to 14.85,12.94 to 13.7,2.9249,4/5,5,2.2526,2.1796,3.239,0.0003,0.0645,5/5,True,STRONG,Shape reproduced in 4/5 fold curves; positive out-of-fold R^2 (0.0645).,1200
THIN_ET_Rc_OG142,PROCESS_WINDOW,n/a,0.189947,,0.1474 to 0.2163,0.2204 to 0.2852,2.924,4/5,5,2.1896,2.1232,3.033,0.0534,0.1065,4/5,True,STRONG,Shape reproduced in 4/5 fold curves; positive out-of-fold R^2 (0.1065).,1200
MEASURE_ET_USV_Cappf,COMPLEX_NONLINEAR,n/a,0.68494,0.78015,0.7861 to 0.9289,0.9408 to 1.012,2.9236,5/5,5,2.2624,2.1382,5.491,-0.0085,0.0967,5/5,True,STRONG,Shape reproduced in 5/5 fold curves; positive out-of-fold R^2 (0.0967).,1200
FIC_ET_sh_GA142,COMPLEX_NONLINEAR,n/a,46.594852,48.29371,48.9 to 52.54,47.44 to 48.66,2.9166,5/5,5,2.2257,2.1722,2.406,0.0238,0.0722,5/5,True,STRONG,Shape reproduced in 5/5 fold curves; positive out-of-fold R^2 (0.0722).,1200
MEASURE_ET_C300,SATURATION,negative,0.978549,,0.6565 to 0.8094,0.5801 to 0.6456,2.913,5/5,5,2.2514,2.2018,2.202,0.0027,0.0457,4/5,True,STRONG,Shape reproduced in 5/5 fold curves; positive out-of-fold R^2 (0.0457).,1200
TOPSIN_ET_Load_Pull_Gain_comp_Last,U_SHAPED,n/a,14.084711,,14.25 to 17.07,12.68 to 14.14,2.9007,4/5,5,2.2073,2.1911,0.737,0.0422,0.0513,3/5,False,STRONG,Shape reproduced in 4/5 fold curves; positive out-of-fold R^2 (0.0513).,1200
MEASURE_ET_RF_Modeling_Vth,SATURATION,positive,9.001911,,1.941 to 3.33,3.562 to 8.886,2.8986,5/5,5,2.2561,2.2331,1.018,-0.0039,0.0145,4/5,True,STRONG,Shape reproduced in 5/5 fold curves; positive out-of-fold R^2 (0.0145).,1200
MEASURE_ET_DC_Stress_Gm_max_before,COMPLEX_NONLINEAR,n/a,475.722434,539.405082,568.6 to 627,494.3 to 563.3,2.8934,5/5,5,2.236,2.1583,3.474,0.0151,0.0858,5/5,True,STRONG,Shape reproduced in 5/5 fold curves; positive out-of-fold R^2 (0.0858).,1200
MEASURE_ET_DC_SMALL_Idss,COMPLEX_NONLINEAR,n/a,340.461341,384.712548,392.1 to 456,264.3 to 303.6,2.8892,5/5,5,2.2392,2.2091,1.341,0.0117,0.0357,4/5,True,STRONG,Shape reproduced in 5/5 fold curves; positive out-of-fold R^2 (0.0357).,1200
MEASURE_ET_DC_RF_Vbgd_0p01,THRESHOLD,positive,30.900147,,29.05 to 34.23,19.79 to 28.68,2.8891,5/5,5,2.1979,2.1898,0.371,0.0504,0.0562,3/5,False,STRONG,Shape reproduced in 5/5 fold curves; positive out-of-fold R^2 (0.0562).,1200
SIN_ET_DC_PIV_Drain_Lag_Idss,COMPLEX_NONLINEAR,n/a,338.66423,385.57245,392.6 to 439.5,341 to 387.9,2.8861,5/5,5,2.2521,2.1754,3.406,0.0,0.0645,4/5,True,STRONG,Shape reproduced in 5/5 fold curves; positive out-of-fold R^2 (0.0645).,1200
MEASURE_ET_DC_RD_Ft,COMPLEX_NONLINEAR,n/a,24.710514,31.033449,28.97 to 31.88,22.64 to 25.8,2.8719,5/5,5,2.2267,2.1668,2.69,0.0229,0.0748,5/5,True,STRONG,Shape reproduced in 5/5 fold curves; positive out-of-fold R^2 (0.0748).,1200
MEASURE_ET_C100C175pf,SATURATION,negative,0.998515,,0.7149 to 0.958,0.6222 to 0.7033,2.871,4/5,5,2.2601,2.1615,4.36,-0.0065,0.0813,5/5,True,STRONG,Shape reproduced in 4/5 fold curves; positive out-of-fold R^2 (0.0813).,1200
TFRP_ET_Rsh_TFR2,COMPLEX_NONLINEAR,n/a,44.424609,52.662823,46.14 to 55.07,37.9 to 45.45,2.8675,5/5,5,2.2595,2.1424,5.182,-0.007,0.09,5/5,True,STRONG,Shape reproduced in 5/5 fold curves; positive out-of-fold R^2 (0.0900).,1200
MEASURE_ET_DC_SEC_X_Vg_at_I2_pos_FPSD3p2,COMPLEX_NONLINEAR,n/a,56.603742,59.677091,60.27 to 62.87,57.19 to 60.03,2.8615,5/5,5,2.2499,2.1922,2.562,0.0027,0.053,5/5,True,STRONG,Shape reproduced in 5/5 fold curves; positive out-of-fold R^2 (0.0530).,1200
MEASURE_ET_DC_RF_Min_S21_Freq_L1018,SATURATION,positive,13.434163,,14.2 to 17.07,13.08 to 14.1,2.8583,5/5,5,2.2069,2.1696,1.693,0.0417,0.0722,5/5,True,STRONG,Shape reproduced in 5/5 fold curves; positive out-of-fold R^2 (0.0722).,1200
MEASURE_ET_DC_SEC_X_Ron,SATURATION,positive,36.581384,,39.92 to 42.97,35.53 to 36.87,2.8544,5/5,5,2.2264,2.2054,0.944,0.0208,0.0349,3/5,False,STRONG,Shape reproduced in 5/5 fold curves; positive out-of-fold R^2 (0.0349).,1200
MEASURE_ET_DC_RD_K,U_SHAPED,n/a,21.15001,,21.62 to 25.02,18.6 to 21.43,2.8473,4/5,5,2.2374,2.1818,2.484,0.0138,0.0604,5/5,True,STRONG,Shape reproduced in 4/5 fold curves; positive out-of-fold R^2 (0.0604).,1200
TOPSIN_ET_DC_RF_Imax,COMPLEX_NONLINEAR,n/a,636.899664,711.227519,728.1 to 795.7,653.8 to 721.4,2.8469,5/5,5,2.2535,2.1461,4.764,-0.0019,0.0889,5/5,True,STRONG,Shape reproduced in 5/5 fold curves; positive out-of-fold R^2 (0.0889).,1200
MEASURE_ET_DC_Stress_Id_stress_before,SATURATION,positive,4.483585,,3.498 to 5.075,-2.024 to 3.3,2.8462,5/5,5,2.2406,2.1845,2.503,0.0094,0.0623,4/5,True,STRONG,Shape reproduced in 5/5 fold curves; positive out-of-fold R^2 (0.0623).,1200
THIN_ET_DC_RF_Gm_0,COMPLEX_NONLINEAR,n/a,509.441664,563.024655,577.9 to 643.4,512.4 to 572,2.8428,5/5,5,2.2399,2.1648,3.351,0.0102,0.0735,5/5,True,STRONG,Shape reproduced in 5/5 fold curves; positive out-of-fold R^2 (0.0735).,1200
MEASURE_ET_DC_RF_Max_S11_Freq_L1002,COMPLEX_NONLINEAR,n/a,-11.522449,-9.584251,-9.261 to -7.538,-13.14 to -9.477,2.8318,4/5,5,2.2565,2.2137,1.897,-0.0039,0.0346,5/5,True,STRONG,Shape reproduced in 4/5 fold curves; positive out-of-fold R^2 (0.0346).,1200
MEASURE_ET_DC_Big_Idss,COMPLEX_NONLINEAR,n/a,382.611445,432.263467,393.9 to 443.5,344.2 to 389.4,2.8279,5/5,5,2.2414,2.1641,3.45,0.0089,0.0711,4/5,True,STRONG,Shape reproduced in 5/5 fold curves; positive out-of-fold R^2 (0.0711).,1200
MEASURE_ET_C300M1B_0,COMPLEX_NONLINEAR,n/a,0.660257,0.963403,0.6883 to 0.9466,0.5985 to 0.6771,2.8276,5/5,5,2.2555,2.1681,3.877,-0.0018,0.0743,5/5,True,STRONG,Shape reproduced in 5/5 fold curves; positive out-of-fold R^2 (0.0743).,1200
MEASURE_ET_RF_Modeling_Ft_ext,THRESHOLD,positive,25.248903,,20.83 to 28.59,18.16 to 20.57,2.8228,5/5,5,2.2373,2.234,0.147,0.0141,0.0146,3/5,False,STRONG,Shape reproduced in 5/5 fold curves; positive out-of-fold R^2 (0.0146).,1200
SIN_ET_DC_RF_Vg_optt3,THRESHOLD,negative,10.641258,,10.76 to 12.46,4.212 to 10.52,2.821,4/5,5,2.2525,2.1949,2.554,-0.0,0.0483,5/5,True,STRONG,Shape reproduced in 4/5 fold curves; positive out-of-fold R^2 (0.0483).,1200
MEASURE_ET_DC_SMALL_n_gs,THRESHOLD,positive,42.920437,,43.15 to 48.81,39.97 to 42.92,2.819,5/5,5,2.2021,2.17,1.457,0.0456,0.0707,3/5,False,STRONG,Shape reproduced in 5/5 fold curves; positive out-of-fold R^2 (0.0707).,1200
FIC_ET_lkg_SY07_10,THRESHOLD,negative,0.090559,,0.02454 to 0.1126,0.1189 to 0.2698,2.8174,5/5,5,2.0146,1.9586,2.779,0.1886,0.2292,5/5,True,STRONG,Shape reproduced in 5/5 fold curves; positive out-of-fold R^2 (0.2292).,1200
TOPSIN_ET_Vg_gm_max,COMPLEX_NONLINEAR,n/a,505.707884,562.2502,582 to 638.6,508.5 to 576.4,2.8098,5/5,5,2.245,2.1802,2.888,0.007,0.0674,5/5,True,STRONG,Shape reproduced in 5/5 fold curves; positive out-of-fold R^2 (0.0674).,1200
MEASURE_ET_RF_Modeling_Ls,THRESHOLD,positive,87.902497,,88.68 to 94.93,84.78 to 88.42,2.8068,4/5,5,2.1793,2.1756,0.168,0.0613,0.0609,3/5,False,STRONG,Shape reproduced in 4/5 fold curves; positive out-of-fold R^2 (0.0609).,1200
MEASURE_ET_DC_SEC_Imax,COMPLEX_NONLINEAR,n/a,646.403485,712.350728,596.9 to 656.3,662.9 to 728.8,2.8021,5/5,5,2.2505,2.1362,5.076,0.0014,0.1025,5/5,True,STRONG,Shape reproduced in 5/5 fold curves; positive out-of-fold R^2 (0.1025).,1200
MEASURE_ET_DC_RF_Imax,COMPLEX_NONLINEAR,n/a,636.035726,707.822757,575 to 654,661.2 to 732.9,2.7995,5/5,5,2.256,2.1464,4.857,-0.0035,0.0915,5/5,True,STRONG,Shape reproduced in 5/5 fold curves; positive out-of-fold R^2 (0.0915).,1200
MEASURE_ET_CapM1BRGM,COMPLEX_NONLINEAR,n/a,497.220045,567.235578,587.7 to 646,517.6 to 581.8,2.7879,5/5,5,2.245,2.1755,3.096,0.0067,0.0646,5/5,True,STRONG,Shape reproduced in 5/5 fold curves; positive out-of-fold R^2 (0.0646).,1200
MEASURE_ET_DC_RF_Gm_max_W,COMPLEX_NONLINEAR,n/a,497.109472,550.180768,570.8 to 629.8,405.7 to 458.8,2.7861,5/5,5,2.2464,2.1355,4.935,0.0053,0.0991,5/5,True,STRONG,Shape reproduced in 5/5 fold curves; positive out-of-fold R^2 (0.0991).,1200
MEASURE_ET_DC_SEC_Gm_max,COMPLEX_NONLINEAR,n/a,498.992729,560.959528,575 to 631.4,496.2 to 569.4,2.786,5/5,5,2.2454,2.1674,3.47,0.006,0.0708,5/5,True,STRONG,Shape reproduced in 5/5 fold curves; positive out-of-fold R^2 (0.0708).,1200
MEASURE_ET_DC_Big_Vdg_max,COMPLEX_NONLINEAR,n/a,80.238522,82.773852,77.07 to 83.91,74.03 to 76.82,2.785,5/5,5,2.2216,2.197,1.108,0.026,0.0457,4/5,True,STRONG,Shape reproduced in 5/5 fold curves; positive out-of-fold R^2 (0.0457).,1200
MEASURE_ET_DC_RF_CF_S11_Ph_L1018,COMPLEX_NONLINEAR,n/a,-12.999868,-9.479422,-12.32 to -9.773,-14.86 to -12.51,2.7803,5/5,5,2.2625,2.1483,5.047,-0.0086,0.0842,4/5,True,STRONG,Shape reproduced in 5/5 fold curves; positive out-of-fold R^2 (0.0842).,1200
MEASURE_ET_DC_RF_S21ang_26GHz_W,COMPLEX_NONLINEAR,n/a,13.674604,15.021967,15.19 to 16.76,13.96 to 15.08,2.7757,5/5,5,2.2283,2.1898,1.726,0.0234,0.0555,5/5,True,STRONG,Shape reproduced in 5/5 fold curves; positive out-of-fold R^2 (0.0555).,1200
THIN_ET_C300,THRESHOLD,negative,0.823693,,0.6612 to 0.9233,0.5774 to 0.6507,2.771,4/5,5,2.2386,2.1703,3.055,0.0143,0.071,4/5,True,STRONG,Shape reproduced in 4/5 fold curves; positive out-of-fold R^2 (0.0710).,1200
SIN_ET_DC_RF_Ids_m0p2,THRESHOLD,positive,82.36007,,82.89 to 89.79,79.44 to 82.63,2.7702,5/5,5,2.2076,2.1662,1.872,0.036,0.0705,5/5,True,STRONG,Shape reproduced in 5/5 fold curves; positive out-of-fold R^2 (0.0705).,1200
MEASURE_ET_DC_RF_MAG_35GHz_W,SATURATION,positive,13.337967,,14.56 to 17.51,12.5 to 14.43,2.7534,5/5,5,2.2328,2.2169,0.711,0.0185,0.033,3/5,False,STRONG,Shape reproduced in 5/5 fold curves; positive out-of-fold R^2 (0.0330).,1200
MEASURE_ET_DC_Big_Imax,COMPLEX_NONLINEAR,n/a,713.697776,792.461748,745.9 to 817.5,660 to 738.8,2.7478,5/5,5,2.2518,2.1425,4.853,-0.0001,0.093,5/5,True,STRONG,Shape reproduced in 5/5 fold curves; positive out-of-fold R^2 (0.0930).,1200
TOPSIN_ET_DC_RF_Ids_m0p2,SATURATION,positive,49.77154,,52.42 to 59.49,48 to 52.13,2.7414,5/5,5,2.1915,2.1897,0.084,0.0524,0.0542,2/5,False,STRONG,Shape reproduced in 5/5 fold curves; positive out-of-fold R^2 (0.0542).,1200
MEASURE_ET_DC_Big_Gm_m0p2,COMPLEX_NONLINEAR,n/a,495.969611,583.589122,449.7 to 498.4,503.3 to 571.4,2.7375,5/5,5,2.2421,2.1488,4.163,0.0093,0.0867,5/5,True,STRONG,Shape reproduced in 5/5 fold curves; positive out-of-fold R^2 (0.0867).,1200
MEASURE_ET_DC_PIV_Gate_Lag_0,PROCESS_WINDOW,n/a,4.923746,,0.6921 to 5.018,5.206 to 7.839,2.7361,4/5,5,2.2077,2.1836,1.092,0.0427,0.0652,4/5,True,STRONG,Shape reproduced in 4/5 fold curves; positive out-of-fold R^2 (0.0652).,1200
MEASURE_ET_Rc_cat_ct2_OW_ST,THRESHOLD,negative,0.237234,,0.1363 to 0.2315,0.2353 to 0.2849,2.7352,5/5,5,2.1931,2.1595,1.53,0.0509,0.0787,4/5,True,STRONG,Shape reproduced in 5/5 fold curves; positive out-of-fold R^2 (0.0787).,1200
TOPSIN_ET_DC_RF_Vbgs_0p1,THRESHOLD,positive,26.747182,,27.5 to 36.14,21.49 to 27.12,2.7316,4/5,5,2.1573,2.1607,-0.155,0.0834,0.0783,3/5,False,STRONG,Shape reproduced in 4/5 fold curves; positive out-of-fold R^2 (0.0783).,1200
TOPSIN_ET_DC_RF_Gm_m0p2,COMPLEX_NONLINEAR,n/a,504.756611,555.609915,462.4 to 513.2,405.9 to 456.7,2.7298,5/5,5,2.2396,2.1453,4.208,0.0116,0.0918,5/5,True,STRONG,Shape reproduced in 5/5 fold curves; positive out-of-fold R^2 (0.0918).,1200
MEASURE_ET_RF_Modeling_Gm_0_W,COMPLEX_NONLINEAR,n/a,491.976183,563.376345,571.6 to 632,500.2 to 566.1,2.7248,5/5,5,2.2467,2.204,1.9,0.005,0.0412,5/5,True,STRONG,Shape reproduced in 5/5 fold curves; positive out-of-fold R^2 (0.0412).,1200
THIN_ET_HIRS,THRESHOLD,positive,50.399868,,50.18 to 56.36,47.75 to 49.96,2.717,5/5,5,2.2285,2.201,1.233,0.0198,0.0438,4/5,True,STRONG,Shape reproduced in 5/5 fold curves; positive out-of-fold R^2 (0.0438).,1200
MEASURE_ET_DC_SMALL_Id_gm_max,COMPLEX_NONLINEAR,n/a,492.686291,554.904443,574.7 to 636.9,501.2 to 569,2.7158,4/5,5,2.2409,2.1729,3.037,0.0094,0.0667,4/5,True,STRONG,Shape reproduced in 4/5 fold curves; positive out-of-fold R^2 (0.0667).,1200
TOPSIN_ET_CapPARCAP,COMPLEX_NONLINEAR,n/a,0.195743,0.223412,0.1975 to 0.2286,0.2321 to 0.277,2.7138,5/5,5,2.2284,2.1968,1.417,0.0198,0.0444,3/5,False,STRONG,Shape reproduced in 5/5 fold curves; positive out-of-fold R^2 (0.0444).,1200
MEASURE_ET_DC_SEC_Vg_gm_max,THRESHOLD,positive,635.283401,,586.8 to 638.1,484.1 to 581.1,2.7088,4/5,5,2.2485,2.2155,1.468,0.0025,0.0297,4/5,True,STRONG,Shape reproduced in 4/5 fold curves; positive out-of-fold R^2 (0.0297).,1200
FIC_ET_G_per_15,THRESHOLD,positive,80.938486,,81.6 to 88.96,78.7 to 81.33,2.701,4/5,5,2.2231,2.1755,2.14,0.0257,0.0657,5/5,True,STRONG,Shape reproduced in 4/5 fold curves; positive out-of-fold R^2 (0.0657).,1200
MEASURE_ET_lkg_CapPARCAP,THRESHOLD,negative,0.11565,,0.02466 to 0.1278,0.1338 to 0.2612,2.6928,4/5,5,2.0322,1.9743,2.851,0.171,0.2124,5/5,True,STRONG,Shape reproduced in 4/5 fold curves; positive out-of-fold R^2 (0.2124).,1200
THIN_ET_C_AN_2,COMPLEX_NONLINEAR,n/a,-0.568639,3.653492,-0.0131 to 3.987,4.209 to 6.431,2.6898,5/5,5,2.257,2.1799,3.418,-0.0049,0.0563,4/5,True,STRONG,Shape reproduced in 5/5 fold curves; positive out-of-fold R^2 (0.0563).,1200
THIN_ET_DC_RF_n_gs,THRESHOLD,positive,70.545038,,65.51 to 71.96,62.16 to 65.26,2.6856,5/5,5,2.2216,2.1797,1.886,0.0267,0.0607,5/5,True,STRONG,Shape reproduced in 5/5 fold curves; positive out-of-fold R^2 (0.0607).,1200
MEASURE_ET_DC_PIV_Gate_Lag_Imax,COMPLEX_NONLINEAR,n/a,631.089506,705.051458,730.9 to 819.7,642.2 to 723.5,2.6847,5/5,5,2.2507,2.1946,2.492,0.0008,0.0506,5/5,True,STRONG,Shape reproduced in 5/5 fold curves; positive out-of-fold R^2 (0.0506).,1200
MEASURE_ET_C20_0,PROCESS_WINDOW,n/a,3.705739,,2.015 to 5.397,5.596 to 8.58,2.6769,4/5,5,2.2554,2.197,2.589,-0.003,0.0476,5/5,True,STRONG,Shape reproduced in 4/5 fold curves; positive out-of-fold R^2 (0.0476).,1200
THIN_ET_DC_RF_Gm_m0p2,COMPLEX_NONLINEAR,n/a,478.563429,528.71928,541.3 to 616.5,496.1 to 536.2,2.6711,5/5,5,2.2515,2.1933,2.584,0.0007,0.0566,4/5,True,STRONG,Shape reproduced in 5/5 fold curves; positive out-of-fold R^2 (0.0566).,1200
TOPSIN_ET_C300pf,COMPLEX_NONLINEAR,n/a,0.782712,0.936009,0.7772 to 0.9086,0.7006 to 0.7663,2.6671,4/5,5,2.2626,2.2017,2.691,-0.0076,0.0426,5/5,True,STRONG,Shape reproduced in 4/5 fold curves; positive out-of-fold R^2 (0.0426).,1200
MEASURE_ET_DC_SEC_S_Id_plus_Ig_at_Vboff_mA_mm_SD3p5,SATURATION,positive,84.44196,,86.23 to 93.62,83.68 to 85.97,2.6664,5/5,5,2.2201,2.1844,1.606,0.0284,0.0596,5/5,True,STRONG,Shape reproduced in 5/5 fold curves; positive out-of-fold R^2 (0.0596).,1200
MEASURE_ET_CapPARCAP_0,THRESHOLD,positive,0.160529,,0.1366 to 0.2176,0.2212 to 0.2801,2.6646,5/5,5,2.1734,2.1461,1.257,0.0688,0.0933,5/5,True,STRONG,Shape reproduced in 5/5 fold curves; positive out-of-fold R^2 (0.0933).,1200
MEASURE_ET_DC_PIV_Ids1_QP1,COMPLEX_NONLINEAR,n/a,55.200859,58.138185,52.14 to 56.06,49.2 to 51.9,2.6596,5/5,5,2.2166,2.1757,1.845,0.031,0.0588,3/5,False,STRONG,Shape reproduced in 5/5 fold curves; positive out-of-fold R^2 (0.0588).,1200
THIN_ET_Rc_cat_ct2_OW_ST,PROCESS_WINDOW,n/a,0.233316,,0.131 to 0.2438,0.2479 to 0.2939,2.659,4/5,5,2.2335,2.1698,2.852,0.0169,0.077,4/5,True,STRONG,Shape reproduced in 4/5 fold curves; positive out-of-fold R^2 (0.0770).,1200
THIN_ET_DC_RF_Vg_max_Vd,COMPLEX_NONLINEAR,n/a,24.112963,26.476866,28.01 to 30.14,24.94 to 27.78,2.6554,4/5,5,2.2493,2.1859,2.82,0.002,0.057,4/5,True,STRONG,Shape reproduced in 4/5 fold curves; positive out-of-fold R^2 (0.0570).,1200
TOPSIN_ET_DC_SMALL_Imax,COMPLEX_NONLINEAR,n/a,647.834554,716.177948,740.1 to 808.4,658.1 to 733.3,2.6515,5/5,5,2.2508,2.1943,2.511,0.0009,0.0525,5/5,True,STRONG,Shape reproduced in 5/5 fold curves; positive out-of-fold R^2 (0.0525).,1200
MEASURE_ET_sh_GA142_GN,THRESHOLD,positive,86.906968,,79.42 to 87.06,75.14 to 79.12,2.6497,4/5,5,2.187,2.1531,1.554,0.0599,0.0895,5/5,True,STRONG,Shape reproduced in 4/5 fold curves; positive out-of-fold R^2 (0.0895).,1200
MEASURE_ET_DC_SMALL_Gm_max,COMPLEX_NONLINEAR,n/a,511.733894,552.113269,456.9 to 514.6,405 to 451.2,2.6477,5/5,5,2.2454,2.1984,2.097,0.0068,0.0472,5/5,True,STRONG,Shape reproduced in 5/5 fold curves; positive out-of-fold R^2 (0.0472).,1200
MEASURE_ET_RF_Modeling_Idss_W,COMPLEX_NONLINEAR,n/a,339.563316,388.542792,395.2 to 444.2,337.3 to 390.8,2.6353,5/5,5,2.2509,2.1987,2.322,0.0012,0.0447,4/5,True,STRONG,Shape reproduced in 5/5 fold curves; positive out-of-fold R^2 (0.0447).,1200
FIC_ET_Vg_Vds_max,THRESHOLD,positive,65.959925,,65.04 to 68.73,58.43 to 64.77,2.633,5/5,5,2.1989,2.2467,-2.172,0.0449,0.0008,2/5,False,STRONG,Shape reproduced in 5/5 fold curves; positive out-of-fold R^2 (0.0008).,1200
THIN_ET_C20,SATURATION,positive,47.562987,,48.26 to 53.22,46.47 to 48.06,2.6302,5/5,5,2.2566,2.1787,3.452,-0.0051,0.0679,5/5,True,STRONG,Shape reproduced in 5/5 fold curves; positive out-of-fold R^2 (0.0679).,1200
MEASURE_ET_DC_SEC_X_Bin,THRESHOLD,negative,3.204792,,-0.3762 to 3.108,3.302 to 7.173,2.6275,4/5,5,2.2278,2.2386,-0.485,0.0179,0.0055,2/5,False,STRONG,Shape reproduced in 4/5 fold curves; positive out-of-fold R^2 (0.0055).,1200
MEASURE_ET_LT_SEC_Vd_Id_min,THRESHOLD,positive,38.832419,,39.72 to 45.29,36.61 to 39.5,2.6266,5/5,5,2.222,2.1783,1.967,0.0216,0.0611,5/5,True,STRONG,Shape reproduced in 5/5 fold curves; positive out-of-fold R^2 (0.0611).,1200
CATHODE_ET_Rcat_cn_3,THRESHOLD,negative,0.270063,,0.1365 to 0.2353,0.239 to 0.2719,2.6211,5/5,5,2.2188,2.1729,2.071,0.0264,0.0683,5/5,True,STRONG,Shape reproduced in 5/5 fold curves; positive out-of-fold R^2 (0.0683).,1200
MEASURE_ET_DC_Stress_Gm_max_after,COMPLEX_NONLINEAR,n/a,482.478984,555.830951,443.2 to 495.6,500.8 to 574.2,2.6174,5/5,5,2.2491,2.1591,4.001,0.0032,0.0843,5/5,True,STRONG,Shape reproduced in 5/5 fold curves; positive out-of-fold R^2 (0.0843).,1200
OHMIC_ET_R114,COMPLEX_NONLINEAR,n/a,4.577492,5.873373,4.901 to 6.845,7.061 to 8.789,2.6138,5/5,5,2.2499,2.1896,2.679,0.0022,0.052,5/5,True,STRONG,Shape reproduced in 5/5 fold curves; positive out-of-fold R^2 (0.0520).,1200
MEASURE_ET_Rc_OG142_GN,THRESHOLD,negative,0.23169,,0.1465 to 0.2354,0.2391 to 0.2909,2.6046,5/5,5,2.2269,2.1477,3.556,0.0211,0.0853,4/5,True,STRONG,Shape reproduced in 5/5 fold curves; positive out-of-fold R^2 (0.0853).,1200
FIC_ET_DC_PIV_Ids1_QP3,U_SHAPED,n/a,18.855316,,20.13 to 23.84,15.96 to 19.9,2.5936,5/5,5,2.2536,2.2037,2.213,-0.0007,0.0365,3/5,False,STRONG,Shape reproduced in 5/5 fold curves; positive out-of-fold R^2 (0.0365).,1200
FIC_ET_DC_RF_Gm_0,COMPLEX_NONLINEAR,n/a,565.458862,615.981877,573.9 to 635.6,416.7 to 467.2,2.5918,5/5,5,2.24,2.1979,1.879,0.0108,0.042,3/5,False,STRONG,Shape reproduced in 5/5 fold curves; positive out-of-fold R^2 (0.0420).,1200
MEASURE_ET_DC_RF_CF_S12_Mag_L1018,THRESHOLD,positive,17.151623,,16.1 to 17.43,13.11 to 15.99,2.5877,5/5,5,2.2418,2.1901,2.305,0.0102,0.0549,5/5,True,STRONG,Shape reproduced in 5/5 fold curves; positive out-of-fold R^2 (0.0549).,1200
MEASURE_ET_lkg_CapM1BRGM,COMPLEX_NONLINEAR,n/a,496.345637,545.211629,564.2 to 629.4,504.5 to 558.8,2.585,5/5,5,2.2425,2.1881,2.427,0.0076,0.0538,5/5,True,STRONG,Shape reproduced in 5/5 fold curves; positive out-of-fold R^2 (0.0538).,1200
FIC_ET_Vds_max,THRESHOLD,positive,64.693753,,65.51 to 70.88,61.77 to 65.28,2.5754,5/5,5,2.1868,2.1845,0.104,0.057,0.0579,2/5,False,STRONG,Shape reproduced in 5/5 fold curves; positive out-of-fold R^2 (0.0579).,1200
MEASURE_ET_DC_Stress_Vg_gm_max_before,COMPLEX_NONLINEAR,n/a,499.380297,552.526476,571.1 to 624.3,512.7 to 565.8,2.5753,5/5,5,2.249,2.1317,5.217,0.0023,0.1026,5/5,True,STRONG,Shape reproduced in 5/5 fold curves; positive out-of-fold R^2 (0.1026).,1200
MEASURE_ET_Rcat_cn_2_OW_ST,COMPLEX_NONLINEAR,n/a,0.199722,0.266082,0.1278 to 0.1647,0.1684 to 0.2716,2.575,4/5,5,2.241,2.2028,1.706,0.0094,0.0431,5/5,True,STRONG,Shape reproduced in 4/5 fold curves; positive out-of-fold R^2 (0.0431).,1200
MEASURE_ET_DC_Big_Vg_optt3,THRESHOLD,positive,51.42651,,51.65 to 53.42,45.23 to 51.43,2.5749,4/5,5,2.2606,2.2253,1.562,-0.0077,0.0222,5/5,True,STRONG,Shape reproduced in 4/5 fold curves; positive out-of-fold R^2 (0.0222).,1200
BRGM_ET_lkg_SY07_10,COMPLEX_NONLINEAR,n/a,508.169641,567.271003,580.7 to 629.1,510.9 to 575.3,2.5729,5/5,5,2.2446,2.1765,3.035,0.0073,0.0645,5/5,True,STRONG,Shape reproduced in 5/5 fold curves; positive out-of-fold R^2 (0.0645).,1200
MEASURE_ET_DC_RF_Vg_max_Vd_0p1,MONOTONIC_POSITIVE,positive,,,71.72 to 76.15,66.55 to 71.47,2.5717,5/5,5,2.1481,2.1552,-0.334,0.0844,0.0801,2/5,False,STRONG,Shape reproduced in 5/5 fold curves; positive out-of-fold R^2 (0.0801).,1200
THIN_ET_Rcat_cn_1,SATURATION,negative,0.247898,,0.1296 to 0.174,0.2368 to 0.2738,2.5638,5/5,5,2.2002,2.1747,1.16,0.0461,0.0687,5/5,True,STRONG,Shape reproduced in 5/5 fold curves; positive out-of-fold R^2 (0.0687).,1200
SIN_ET_DC_PIV_Idss_QP2,COMPLEX_NONLINEAR,n/a,337.732199,377.766296,393.3 to 437.8,344.4 to 388.9,2.5519,5/5,5,2.2509,2.1808,3.114,0.0013,0.0625,5/5,True,STRONG,Shape reproduced in 5/5 fold curves; positive out-of-fold R^2 (0.0625).,1200
ANODE_ET_Rsh_an_ct2_OW_CR,INVERTED_U,n/a,118.86273,,110.6 to 121.8,122.5 to 131.1,2.5488,4/5,5,2.2578,2.197,2.695,-0.005,0.0397,3/5,False,STRONG,Shape reproduced in 4/5 fold curves; positive out-of-fold R^2 (0.0397).,1200
THIN_ET_Rc_TF_AB_2,COMPLEX_NONLINEAR,n/a,0.196505,0.214241,0.1876 to 0.2267,0.2302 to 0.2728,2.5467,4/5,5,2.2144,2.1677,2.113,0.0293,0.0711,5/5,True,STRONG,Shape reproduced in 4/5 fold curves; positive out-of-fold R^2 (0.0711).,1200
THIN_ET_DC_RF_Vbin_gs,SATURATION,positive,23.010157,,27.4 to 34.79,21.08 to 24.24,2.5416,4/5,5,2.2195,2.2043,0.686,0.026,0.0378,4/5,False,STRONG,Shape reproduced in 4/5 fold curves; positive out-of-fold R^2 (0.0378).,1200
MEASURE_ET_DC_Big_Gm_max,COMPLEX_NONLINEAR,n/a,482.442828,578.496242,570 to 637.8,496.6 to 564.4,2.5296,5/5,5,2.2485,2.1904,2.587,0.0026,0.0527,5/5,True,STRONG,Shape reproduced in 5/5 fold curves; positive out-of-fold R^2 (0.0527).,1200
FIC_ET_DC_PIV_Gate_Lag_0,THRESHOLD,negative,5.542026,,1.308 to 5.366,5.542 to 8.189,2.5206,5/5,5,2.1591,2.1281,1.434,0.0842,0.1104,5/5,True,STRONG,Shape reproduced in 5/5 fold curves; positive out-of-fold R^2 (0.1104).,1200
MEASURE_ET_RF_Modeling_Id_search,COMPLEX_NONLINEAR,n/a,0.162609,0.269726,0.1275 to 0.1718,0.2272 to 0.2716,2.5154,4/5,5,2.2384,2.2177,0.927,0.0089,0.0242,3/5,False,STRONG,Shape reproduced in 4/5 fold curves; positive out-of-fold R^2 (0.0242).,1200
MEASURE_ET_Cap_C300,SATURATION,negative,0.960501,,0.6047 to 0.8971,0.9069 to 0.9849,2.5151,5/5,5,2.2417,2.1939,2.13,0.0105,0.0511,5/5,True,STRONG,Shape reproduced in 5/5 fold curves; positive out-of-fold R^2 (0.0511).,1200
MEASURE_ET_DC_SEC_X_Ig_cut1_mAmm_neg_FPSD3p2,SATURATION,positive,83.971467,,88.79 to 93.61,83.17 to 88.52,2.5129,5/5,5,2.2106,2.1911,0.882,0.0362,0.0523,5/5,False,STRONG,Shape reproduced in 5/5 fold curves; positive out-of-fold R^2 (0.0523).,1200
THIN_ET_Rc_an_ct2_OW_CR,INVERTED_U,n/a,0.221972,,0.1884 to 0.2414,0.2449 to 0.2802,2.5119,5/5,5,2.2428,2.113,5.788,0.0092,0.1238,5/5,True,STRONG,Shape reproduced in 5/5 fold curves; positive out-of-fold R^2 (0.1238).,1200
MEASURE_ET_DC_SEC_X_Ig_cut1_mAmm_neg,SATURATION,positive,10.378534,,5.859 to 8.119,2.696 to 5.633,2.5084,5/5,5,2.2485,2.2323,0.716,0.0034,0.0188,4/5,False,STRONG,Shape reproduced in 5/5 fold curves; positive out-of-fold R^2 (0.0188).,1200
CATHODE_ET_Rcat_cn_2_OW_ST,THRESHOLD,negative,0.23109,,0.1262 to 0.2219,0.2256 to 0.2697,2.5045,4/5,5,2.1957,2.1858,0.453,0.0477,0.0555,5/5,False,STRONG,Shape reproduced in 4/5 fold curves; positive out-of-fold R^2 (0.0555).,1200
TOPSIN_ET_CapFICM1_0,SATURATION,negative,1.019494,,0.6285 to 0.9584,0.5552 to 0.6163,2.5029,5/5,5,2.2604,2.2259,1.528,-0.0067,0.0202,4/5,True,STRONG,Shape reproduced in 5/5 fold curves; positive out-of-fold R^2 (0.0202).,1200
MEASURE_ET_LT_SEC_Id_min_mA_mm,THRESHOLD,positive,13.802261,,12.24 to 14.53,7.04 to 8.913,2.4983,5/5,5,2.2424,2.1319,4.927,0.0086,0.106,5/5,True,STRONG,Shape reproduced in 5/5 fold curves; positive out-of-fold R^2 (0.1060).,1200
MEASURE_ET_DC_RF2_K,SATURATION,positive,63.081739,,56.15 to 57.8,58.03 to 62.26,2.496,4/5,5,2.2459,2.2151,1.372,0.0052,0.0325,4/5,True,STRONG,Shape reproduced in 4/5 fold curves; positive out-of-fold R^2 (0.0325).,1200
TOPSIN_ET_DC_SMALL_Vg_gm_max,COMPLEX_NONLINEAR,n/a,498.919312,598.179364,443.5 to 501.8,507.7 to 583.6,2.4954,4/5,5,2.2463,2.1343,4.985,0.0059,0.1056,5/5,True,STRONG,Shape reproduced in 4/5 fold curves; positive out-of-fold R^2 (0.1056).,1200
TOPSIN_ET_ABVIETCH,SATURATION,positive,94.549893,,100.3 to 104.8,97.51 to 100,2.4937,4/5,5,2.2396,2.2142,1.134,0.0092,0.0312,4/5,True,STRONG,Shape reproduced in 4/5 fold curves; positive out-of-fold R^2 (0.0312).,1200
FIC_ET_R214,COMPLEX_NONLINEAR,n/a,50.828699,54.113209,52.22 to 55,49.19 to 51.97,2.4934,5/5,5,2.2423,2.1706,3.199,0.01,0.0703,5/5,True,STRONG,Shape reproduced in 5/5 fold curves; positive out-of-fold R^2 (0.0703).,1200
SIN_ET_DC_PIV_Drain_Lag_Imax,COMPLEX_NONLINEAR,n/a,648.734122,730.973475,576.8 to 652.2,659 to 741.3,2.4857,5/5,5,2.2539,2.1885,2.903,-0.0012,0.0576,5/5,True,STRONG,Shape reproduced in 5/5 fold curves; positive out-of-fold R^2 (0.0576).,1200
MEASURE_ET_DC_RF_Gm_m0p2_W,COMPLEX_NONLINEAR,n/a,490.570122,564.648388,450.9 to 503.8,509.1 to 577.9,2.4821,5/5,5,2.2512,2.1417,4.861,0.0012,0.0939,5/5,True,STRONG,Shape reproduced in 5/5 fold curves; positive out-of-fold R^2 (0.0939).,1200
FIC_ET_Gm_max,COMPLEX_NONLINEAR,n/a,502.307021,555.322694,568.6 to 632.2,510.3 to 563.3,2.4803,4/5,5,2.2347,2.1818,2.366,0.0149,0.0594,5/5,True,STRONG,Shape reproduced in 4/5 fold curves; positive out-of-fold R^2 (0.0594).,1200
MEASURE_ET_Vbkdn_Cap100,COMPLEX_NONLINEAR,n/a,0.67059,0.755884,0.6866 to 0.7719,0.7825 to 0.8785,2.4771,5/5,5,2.2444,2.1836,2.708,0.0091,0.0602,5/5,True,STRONG,Shape reproduced in 5/5 fold curves; positive out-of-fold R^2 (0.0602).,1200
MEASURE_ET_RF_Modeling_L_Gs,SATURATION,positive,61.476958,,63.57 to 70.89,60.69 to 63.31,2.4721,5/5,5,2.2236,2.1638,2.69,0.021,0.0747,5/5,True,STRONG,Shape reproduced in 5/5 fold curves; positive out-of-fold R^2 (0.0747).,1200
MEASURE_ET_DC_RD_S11ang_18GHz,COMPLEX_NONLINEAR,n/a,-10.54516,-8.588997,-16.12 to -14.16,-13.97 to -12.01,2.4706,4/5,5,2.2565,2.1975,2.618,-0.0036,0.0519,4/5,True,STRONG,Shape reproduced in 4/5 fold curves; positive out-of-fold R^2 (0.0519).,1200
FIC_ET_DC_RF_Vbgs_0p01,THRESHOLD,positive,33.673715,,26.14 to 35.03,19.95 to 25.75,2.4694,5/5,5,2.1618,2.1209,1.894,0.0747,0.1113,5/5,True,STRONG,Shape reproduced in 5/5 fold curves; positive out-of-fold R^2 (0.1113).,1200
SIN_ET_DC_RF_Idss,COMPLEX_NONLINEAR,n/a,340.936147,380.119322,312.6 to 351.8,356.2 to 391,2.469,5/5,5,2.2526,2.1405,4.975,0.0002,0.0966,5/5,True,STRONG,Shape reproduced in 5/5 fold curves; positive out-of-fold R^2 (0.0966).,1200
SIN_ET_DC_PIV_Imax_QP1,COMPLEX_NONLINEAR,n/a,631.051104,710.452713,581.4 to 654.2,660.8 to 733.6,2.4683,5/5,5,2.2547,2.1861,3.043,-0.0024,0.0597,5/5,True,STRONG,Shape reproduced in 5/5 fold curves; positive out-of-fold R^2 (0.0597).,1200
MEASURE_ET_DC_PIV_Idss_QP1,COMPLEX_NONLINEAR,n/a,340.187261,383.586693,394.4 to 442.2,338 to 390.1,2.4677,5/5,5,2.2442,2.2102,1.512,0.007,0.0348,4/5,True,STRONG,Shape reproduced in 5/5 fold curves; positive out-of-fold R^2 (0.0348).,1200
SIN_ET_DC_RF_Vds_max_0p1mA,SATURATION,negative,33.54589,,26.36 to 32.65,32.87 to 35.12,2.466,4/5,5,2.2402,2.2063,1.515,0.0104,0.04,5/5,True,STRONG,Shape reproduced in 4/5 fold curves; positive out-of-fold R^2 (0.0400).,1200
MEASURE_ET_DC_RF_Vds_max,THRESHOLD,positive,62.665783,,62.67 to 68.73,59.97 to 62.44,2.4657,5/5,5,2.2281,2.1657,2.801,0.0156,0.0698,5/5,True,STRONG,Shape reproduced in 5/5 fold curves; positive out-of-fold R^2 (0.0698).,1200
CATHODE_ET_Rcat_cn_2,THRESHOLD,negative,0.267111,,0.1352 to 0.2337,0.2372 to 0.2689,2.4597,5/5,5,2.2206,2.1254,4.285,0.029,0.1136,5/5,True,STRONG,Shape reproduced in 5/5 fold curves; positive out-of-fold R^2 (0.1136).,1200
THIN_ET_DC_RF_Vp_1,COMPLEX_NONLINEAR,n/a,-1.166934,-0.98344,-1.089 to -0.934,-1.273 to -1.103,2.4566,5/5,5,2.2585,2.1929,2.904,-0.006,0.0515,5/5,True,STRONG,Shape reproduced in 5/5 fold curves; positive out-of-fold R^2 (0.0515).,1200
FIC_ET_DC_RF_Gm_m0p2,COMPLEX_NONLINEAR,n/a,485.557213,552.239488,577.2 to 638.4,493.9 to 571.7,2.4556,5/5,5,2.248,2.1625,3.805,0.0041,0.0809,5/5,True,STRONG,Shape reproduced in 5/5 fold curves; positive out-of-fold R^2 (0.0809).,1200
MEASURE_ET_DC_SMALL_Vbgd_0p01,U_SHAPED,n/a,25.828914,,30.56 to 36.24,22.61 to 30.18,2.4554,5/5,5,2.2327,2.1702,2.798,0.0187,0.0691,4/5,True,STRONG,Shape reproduced in 5/5 fold curves; positive out-of-fold R^2 (0.0691).,1200
THIN_ET_sh_f_hr_23,COMPLEX_NONLINEAR,n/a,-0.148487,6.060443,-1.183 to 0.8863,1.116 to 6.175,2.4513,5/5,5,2.2494,2.1879,2.731,0.0026,0.0568,5/5,True,STRONG,Shape reproduced in 5/5 fold curves; positive out-of-fold R^2 (0.0568).,1200
MEASURE_ET_Load_Pull_Gain_comp_Last,SATURATION,positive,13.275524,,15.68 to 16.78,14.78 to 15.58,2.4499,5/5,5,2.2459,2.2329,0.58,0.0073,0.019,4/5,False,STRONG,Shape reproduced in 5/5 fold curves; positive out-of-fold R^2 (0.0190).,1200
THIN_ET_i5021_1,THRESHOLD,positive,62.24275,,63.12 to 68.38,59.83 to 62.9,2.447,5/5,5,2.2026,2.205,-0.111,0.0452,0.0444,3/5,False,STRONG,Shape reproduced in 5/5 fold curves; positive out-of-fold R^2 (0.0444).,1200
BRIDGE_METAL_Height_Final_TOP_metal_thickness,PROCESS_WINDOW,n/a,2.099233,,2 to 2.129,2.328 to 2.433,2.4459,4/5,5,2.2484,2.226,0.996,0.002,0.0165,4/5,False,STRONG,Shape reproduced in 4/5 fold curves; positive out-of-fold R^2 (0.0165).,1200
THIN_ET_DC_RF_Vdg_max_0p1mA,THRESHOLD,positive,55.165769,,52.44 to 54.84,50.47 to 52.22,2.4454,4/5,5,2.2627,2.2208,1.848,-0.0108,0.0223,4/5,True,STRONG,Shape reproduced in 4/5 fold curves; positive out-of-fold R^2 (0.0223).,1200
BRGM_ET_KLV_F_AB_4u,COMPLEX_NONLINEAR,n/a,488.958383,551.380051,569.6 to 632,496.8 to 564.4,2.4426,5/5,5,2.2525,2.1685,3.726,-0.0004,0.0701,4/5,True,STRONG,Shape reproduced in 5/5 fold curves; positive out-of-fold R^2 (0.0701).,1200
THIN_ET_DC_RF_Vbgs1,U_SHAPED,n/a,30.544183,,31.57 to 35.68,21.71 to 31.16,2.4392,5/5,5,2.2499,2.1912,2.61,0.0035,0.0586,5/5,True,STRONG,Shape reproduced in 5/5 fold curves; positive out-of-fold R^2 (0.0586).,1200
MEASURE_ET_R_660_VER,COMPLEX_NONLINEAR,n/a,13.767263,15.906221,16.59 to 18.73,14.45 to 16.39,2.4358,5/5,5,2.2408,2.1402,4.488,0.0095,0.0886,4/5,True,STRONG,Shape reproduced in 5/5 fold curves; positive out-of-fold R^2 (0.0886).,1200
MEASURE_ET_RF_Modeling_Vg_gm_max_W,COMPLEX_NONLINEAR,n/a,510.043783,569.719167,583.3 to 632.1,507.3 to 577.9,2.4342,5/5,5,2.2527,2.176,3.407,-0.0007,0.0587,4/5,True,STRONG,Shape reproduced in 5/5 fold curves; positive out-of-fold R^2 (0.0587).,1200
MEASURE_ET_DC_RD_S11dB_18GHz,COMPLEX_NONLINEAR,n/a,-13.546737,-10.677359,-15.2 to -12.77,-12.55 to -10.35,2.4269,5/5,5,2.256,2.1793,3.4,-0.0031,0.0634,5/5,True,STRONG,Shape reproduced in 5/5 fold curves; positive out-of-fold R^2 (0.0634).,1200
SIN_GATE_ET_RGAN2,THRESHOLD,positive,96.990625,,96.85 to 103.4,92.77 to 96.58,2.4236,5/5,5,2.1784,2.154,1.119,0.0608,0.082,5/5,True,STRONG,Shape reproduced in 5/5 fold curves; positive out-of-fold R^2 (0.0820).,1200
SIN_ET_DC_PIV_Idss_QP1,COMPLEX_NONLINEAR,n/a,325.226221,389.455055,387.2 to 451.4,336.7 to 382.6,2.4233,5/5,5,2.2449,2.202,1.909,0.0065,0.0452,5/5,True,STRONG,Shape reproduced in 5/5 fold curves; positive out-of-fold R^2 (0.0452).,1200
MEASURE_ET_DC_Stress_Idss_before,COMPLEX_NONLINEAR,n/a,338.086871,387.87191,394.7 to 449,335.8 to 390.1,2.4208,5/5,5,2.2511,2.191,2.668,0.0016,0.0555,4/5,True,STRONG,Shape reproduced in 5/5 fold curves; positive out-of-fold R^2 (0.0555).,1200
MEASURE_ET_DC_RF_Max_S11_Mag_L2180,SATURATION,positive,12.897199,,14.88 to 16.97,12.68 to 14.77,2.4104,5/5,5,2.2222,2.2158,0.289,0.0267,0.0307,3/5,False,STRONG,Shape reproduced in 5/5 fold curves; positive out-of-fold R^2 (0.0307).,1200
MEASURE_ET_DC_Stress_Id_gm_max_after,COMPLEX_NONLINEAR,n/a,556.466347,609.382204,565.3 to 630,400.7 to 471.2,2.4093,5/5,5,2.2418,2.1969,2.002,0.0089,0.045,4/5,True,STRONG,Shape reproduced in 5/5 fold curves; positive out-of-fold R^2 (0.0450).,1200
SIN_GATE_ET_I_5,THRESHOLD,positive,84.140283,,84.14 to 88.05,77.16 to 79.95,2.4046,4/5,5,2.2159,2.2121,0.171,0.0326,0.0355,3/5,False,STRONG,Shape reproduced in 4/5 fold curves; positive out-of-fold R^2 (0.0355).,1200
MEASURE_ET_DC_Big_Vg_optt1,THRESHOLD,positive,64.411395,,64.8 to 69.76,59.59 to 64.54,2.4027,4/5,5,2.1635,2.1547,0.404,0.0756,0.085,4/5,False,STRONG,Shape reproduced in 4/5 fold curves; positive out-of-fold R^2 (0.0850).,1200
TOPSIN_ET_C175pf_0,THRESHOLD,positive,89.654623,,84.91 to 90.09,78.87 to 84.62,2.3975,5/5,5,2.2071,2.1978,0.423,0.0412,0.0488,3/5,False,STRONG,Shape reproduced in 5/5 fold curves; positive out-of-fold R^2 (0.0488).,1200
MEASURE_ET_sh_GA144,SATURATION,positive,33.21896,,34.69 to 40.17,31.96 to 34.48,2.3956,4/5,5,2.1953,2.1863,0.412,0.0527,0.0617,3/5,False,STRONG,Shape reproduced in 4/5 fold curves; positive out-of-fold R^2 (0.0617).,1200
MEASURE_ET_DC_SEC_n_gs,SATURATION,negative,12.733059,,11.72 to 13.14,13.34 to 17.19,2.392,4/5,5,2.2565,2.2079,2.153,-0.0036,0.0393,5/5,True,STRONG,Shape reproduced in 4/5 fold curves; positive out-of-fold R^2 (0.0393).,1200
MEASURE_ET_DC_SEC_S_Vg_at_I3_pos_SD3p5,SATURATION,positive,58.285905,,59.74 to 66.75,57.32 to 59.49,2.3897,5/5,5,2.2498,2.2215,1.256,0.0037,0.0296,4/5,True,STRONG,Shape reproduced in 5/5 fold curves; positive out-of-fold R^2 (0.0296).,1200
MEASURE_ET_C100CapPARCAP,SATURATION,negative,0.252459,,0.1288 to 0.2445,0.2485 to 0.2844,2.3873,4/5,5,2.2256,2.1587,3.006,0.0249,0.0873,4/5,True,STRONG,Shape reproduced in 4/5 fold curves; positive out-of-fold R^2 (0.0873).,1200
MEASURE_ET_DC_SEC_S_Ig_cut2_mAmm_neg_FPSD3p2,COMPLEX_NONLINEAR,n/a,0.544179,1.996517,2.723 to 5.212,5.42 to 7.287,2.3858,5/5,5,2.2518,2.1371,5.093,-0.0006,0.0994,5/5,True,STRONG,Shape reproduced in 5/5 fold curves; positive out-of-fold R^2 (0.0994).,1200
THIN_ET_DC_RF_Vg_optt1,COMPLEX_NONLINEAR,n/a,5.702698,11.638863,5.132 to 6.73,6.958 to 11.52,2.383,4/5,5,2.2565,2.2139,1.888,-0.0038,0.0362,4/5,True,STRONG,Shape reproduced in 4/5 fold curves; positive out-of-fold R^2 (0.0362).,1200
MEASURE_ET_C100Cap3pf,PROCESS_WINDOW,n/a,0.724363,,0.6448 to 0.9205,0.9311 to 0.9948,2.3828,4/5,5,2.246,2.181,2.896,0.0076,0.0605,4/5,True,STRONG,Shape reproduced in 4/5 fold curves; positive out-of-fold R^2 (0.0605).,1200
OHMIC_ET_Ran_con_3,MONOTONIC_POSITIVE,positive,,,83.36 to 90.56,80.53 to 83.1,2.3796,5/5,5,2.2274,2.2011,1.183,0.022,0.045,5/5,True,STRONG,Shape reproduced in 5/5 fold curves; positive out-of-fold R^2 (0.0450).,1200
MEASURE_ET_Rcat_cn_1_OW_ST,PROCESS_WINDOW,n/a,0.201177,,0.1591 to 0.2176,0.2542 to 0.2798,2.3762,4/5,5,2.238,2.2177,0.908,0.0118,0.0291,4/5,False,STRONG,Shape reproduced in 4/5 fold curves; positive out-of-fold R^2 (0.0291).,1200
MEASURE_ET_DC_SEC_S_Id_at_Vboff_mA_mm_SD3p5,COMPLEX_NONLINEAR,n/a,28.008863,30.775175,28.33 to 30.67,30.88 to 33.22,2.3758,4/5,5,2.2512,2.2147,1.62,-0.0001,0.0317,5/5,True,STRONG,Shape reproduced in 4/5 fold curves; positive out-of-fold R^2 (0.0317).,1200
MEASURE_ET_DC_Stress_Id_gm_max_before,COMPLEX_NONLINEAR,n/a,476.149223,547.247131,568 to 639.1,485 to 562.1,2.375,5/5,5,2.2479,2.2022,2.034,0.004,0.0458,5/5,True,STRONG,Shape reproduced in 5/5 fold curves; positive out-of-fold R^2 (0.0458).,1200
MEASURE_ET_DC_RF_Id_gm_max,COMPLEX_NONLINEAR,n/a,513.411824,562.015345,570.1 to 629.5,510.7 to 564.7,2.3723,5/5,5,2.2463,2.1997,2.073,0.0051,0.0407,4/5,True,STRONG,Shape reproduced in 5/5 fold curves; positive out-of-fold R^2 (0.0407).,1200
MEASURE_ET_DC_SEC_Vgs_back_0p5V,COMPLEX_NONLINEAR,n/a,1.934927,3.451197,1.008 to 2.525,-0.6764 to 0.8398,2.37,5/5,5,2.2711,2.1668,4.59,-0.0209,0.0724,5/5,True,STRONG,Shape reproduced in 5/5 fold curves; positive out-of-fold R^2 (0.0724).,1200
TOPSIN_ET_Cap2pf,U_SHAPED,n/a,0.671924,,0.7032 to 0.9157,0.9282 to 1.041,2.3673,4/5,5,2.2561,2.1877,3.034,-0.002,0.0612,5/5,True,STRONG,Shape reproduced in 4/5 fold curves; positive out-of-fold R^2 (0.0612).,1200
BRGM_ET_C300,COMPLEX_NONLINEAR,n/a,551.30407,607.609214,569.2 to 620.4,512.9 to 564.1,2.3654,5/5,5,2.2299,2.1627,3.012,0.0194,0.0756,5/5,True,STRONG,Shape reproduced in 5/5 fold curves; positive out-of-fold R^2 (0.0756).,1200
MEASURE_ET_DC_RF_Vbin_gd,SATURATION,positive,22.653903,,24.25 to 34.53,20.7 to 23.89,2.3653,4/5,5,2.2211,2.2227,-0.069,0.0276,0.0217,2/5,False,STRONG,Shape reproduced in 4/5 fold curves; positive out-of-fold R^2 (0.0217).,1200
MEASURE_ET_DC_RF_S21dB_26GHz,PROCESS_WINDOW,n/a,15.024158,,14.09 to 17.17,12.88 to 13.98,2.3636,5/5,5,2.2313,2.199,1.45,0.0205,0.0482,5/5,True,STRONG,Shape reproduced in 5/5 fold curves; positive out-of-fold R^2 (0.0482).,1200
MEASURE_ET_LT_SEC_Vd_Id_min_Vd7,COMPLEX_NONLINEAR,n/a,10.717725,12.94985,11.55 to 13.41,6.16 to 11.37,2.3609,5/5,5,2.2403,2.1623,3.482,0.0117,0.078,5/5,True,STRONG,Shape reproduced in 5/5 fold curves; positive out-of-fold R^2 (0.0780).,1200
THIN_ET_DC_RF_Idss,COMPLEX_NONLINEAR,n/a,339.085807,386.551417,397.3 to 444.8,345.6 to 393,2.3592,4/5,5,2.2487,2.2101,1.719,0.0032,0.0356,5/5,True,STRONG,Shape reproduced in 4/5 fold curves; positive out-of-fold R^2 (0.0356).,1200
MEASURE_ET_DC_SMALL_Vg_max_Vd,COMPLEX_NONLINEAR,n/a,10.15121,11.611804,11.92 to 14.43,6.291 to 8.169,2.3559,5/5,5,2.2241,2.1871,1.665,0.0251,0.0561,5/5,True,STRONG,Shape reproduced in 5/5 fold curves; positive out-of-fold R^2 (0.0561).,1200
MEASURE_ET_R214,THRESHOLD,positive,8.889365,,4.693 to 6.219,6.41 to 11.75,2.3527,4/5,5,2.2708,2.225,2.015,-0.0184,0.024,5/5,True,STRONG,Shape reproduced in 4/5 fold curves; positive out-of-fold R^2 (0.0240).,1200
TOPSIN_ET_DC_RF_Idss,COMPLEX_NONLINEAR,n/a,340.162007,383.053366,395 to 461.7,337.8 to 390.2,2.3512,4/5,5,2.2478,2.2302,0.785,0.0045,0.0228,3/5,False,STRONG,Shape reproduced in 4/5 fold curves; positive out-of-fold R^2 (0.0228).,1200
MEASURE_ET_DC_SEC_Id_gm_max,U_SHAPED,n/a,559.310289,,572.4 to 624.9,493.7 to 567.2,2.3479,4/5,5,2.2368,2.1747,2.776,0.013,0.0678,5/5,True,STRONG,Shape reproduced in 4/5 fold curves; positive out-of-fold R^2 (0.0678).,1200
MEASURE_ET_Vbkdn_CapBig,COMPLEX_NONLINEAR,n/a,0.613019,0.733477,0.7718 to 0.8704,0.8813 to 1.002,2.341,4/5,5,2.2581,2.1942,2.827,-0.0036,0.042,2/5,False,STRONG,Shape reproduced in 4/5 fold curves; positive out-of-fold R^2 (0.0420).,1200
TOPSIN_ET_Probe_Number,COMPLEX_NONLINEAR,n/a,2.912275,3.956009,2.964 to 3.904,1.816 to 2.86,2.3384,4/5,5,2.2554,2.2405,0.657,-0.0026,0.0089,4/5,False,STRONG,Shape reproduced in 4/5 fold curves; positive out-of-fold R^2 (0.0089).,1200
TOPSIN_ET_DC_SMALL_Vbgd1,THRESHOLD,positive,28.25818,,28.26 to 35.32,21.55 to 27.91,2.3344,5/5,5,2.1935,2.1856,0.357,0.0509,0.0593,4/5,False,STRONG,Shape reproduced in 5/5 fold curves; positive out-of-fold R^2 (0.0593).,1200
BRGM_ET_C100,COMPLEX_NONLINEAR,n/a,472.3397,590.699763,441.3 to 492.1,497.7 to 582.2,2.3333,4/5,5,2.254,2.2191,1.548,-0.0018,0.0296,5/5,True,STRONG,Shape reproduced in 4/5 fold curves; positive out-of-fold R^2 (0.0296).,1200
TOPSIN_ET_DC_SMALL_Idss,COMPLEX_NONLINEAR,n/a,335.290396,378.508153,389.3 to 441.2,341.8 to 385,2.333,5/5,5,2.2518,2.1835,3.033,0.0006,0.0608,4/5,True,STRONG,Shape reproduced in 5/5 fold curves; positive out-of-fold R^2 (0.0608).,1200
MEASURE_ET_DC_SMALL_Gm_0,THRESHOLD,positive,577.527393,,572.5 to 622.6,427.4 to 567.5,2.3308,4/5,5,2.2371,2.2071,1.344,0.012,0.0375,4/5,True,STRONG,Shape reproduced in 4/5 fold curves; positive out-of-fold R^2 (0.0375).,1200
MEASURE_ET_RF_Modeling_Tau,THRESHOLD,negative,12.390346,,7.401 to 12.67,12.86 to 14.74,2.3305,5/5,5,2.2561,2.1927,2.809,-0.0049,0.0501,5/5,True,STRONG,Shape reproduced in 5/5 fold curves; positive out-of-fold R^2 (0.0501).,1200
TOPSIN_ET_RGAN1,U_SHAPED,n/a,35.898614,,32.13 to 33.64,33.85 to 39.02,2.3261,4/5,5,2.2577,2.209,2.161,-0.0049,0.038,5/5,True,STRONG,Shape reproduced in 4/5 fold curves; positive out-of-fold R^2 (0.0380).,1200
MEASURE_ET_DC_RF_S11dB_10GHz,INVERTED_U,n/a,-13.947796,,-15.2 to -12.69,-12.47 to -8.366,2.3155,4/5,5,2.257,2.1672,3.982,-0.0033,0.0713,5/5,True,STRONG,Shape reproduced in 4/5 fold curves; positive out-of-fold R^2 (0.0713).,1200
SIN_ET_DC_RF_Vbin_gd,COMPLEX_NONLINEAR,n/a,25.086652,30.652232,26.76 to 32.69,21.93 to 26.39,2.3118,5/5,5,2.2135,2.1344,3.574,0.0334,0.1021,5/5,True,STRONG,Shape reproduced in 5/5 fold curves; positive out-of-fold R^2 (0.1021).,1200
BRGM_ET_Rsh_F_AB_2,COMPLEX_NONLINEAR,n/a,512.663526,571.618186,580.5 to 651.2,503.8 to 574.6,2.3044,4/5,5,2.2454,2.2048,1.809,0.0064,0.0444,4/5,True,STRONG,Shape reproduced in 4/5 fold curves; positive out-of-fold R^2 (0.0444).,1200
THIN_ET_TF_AB_3,THRESHOLD,positive,73.194136,,68.24 to 73.86,63.42 to 67.97,2.2991,5/5,5,2.2263,2.2016,1.108,0.0184,0.0379,4/5,True,STRONG,Shape reproduced in 5/5 fold curves; positive out-of-fold R^2 (0.0379).,1200
MEASURE_ET_DC_SEC_S_Vg_at_I2_neg_FPSD3p2,SATURATION,positive,53.68222,,59.68 to 62.38,52.83 to 55.27,2.2989,5/5,5,2.2382,2.2374,0.037,0.0127,0.0104,3/5,False,STRONG,Shape reproduced in 5/5 fold curves; positive out-of-fold R^2 (0.0104).,1200
MEASURE_ET_DC_PIV_Imax_QP1,COMPLEX_NONLINEAR,n/a,652.672528,723.13866,585.7 to 663.2,670.3 to 740.8,2.2984,5/5,5,2.2556,2.1933,2.76,-0.003,0.0521,5/5,True,STRONG,Shape reproduced in 5/5 fold curves; positive out-of-fold R^2 (0.0521).,1200
TOPSIN_ET_RGAN2,THRESHOLD,negative,17.662522,,10.94 to 14.66,14.87 to 17.97,2.2957,5/5,5,2.2404,2.1883,2.325,0.009,0.0515,5/5,True,STRONG,Shape reproduced in 5/5 fold curves; positive out-of-fold R^2 (0.0515).,1200
MEASURE_ET_DC_RF2_S12dB_26GHz,THRESHOLD,negative,-20.769442,,-29.8 to -28.41,-24.24 to -20.35,2.2941,4/5,5,2.2417,2.2002,1.85,0.0092,0.0439,5/5,True,STRONG,Shape reproduced in 4/5 fold curves; positive out-of-fold R^2 (0.0439).,1200
FIC_ET_TR_1F,U_SHAPED,n/a,54.470675,,58.79 to 60.66,52.72 to 58.56,2.2936,5/5,5,2.2294,2.175,2.441,0.021,0.0659,4/5,True,STRONG,Shape reproduced in 5/5 fold curves; positive out-of-fold R^2 (0.0659).,1200
EBCR2_ET_Ids_EBCR_recess_current,THRESHOLD,positive,51.568963,,52.64 to 56.92,48.57 to 52.43,2.2901,4/5,5,2.1843,2.179,0.243,0.0571,0.0617,3/5,False,STRONG,Shape reproduced in 4/5 fold curves; positive out-of-fold R^2 (0.0617).,1200
SIN_ET_DC_RF_n_gs,COMPLEX_NONLINEAR,n/a,18.38021,20.492541,21.44 to 23.98,19.12 to 21.23,2.2885,5/5,5,2.2544,2.2191,1.566,-0.0025,0.0302,5/5,True,STRONG,Shape reproduced in 5/5 fold curves; positive out-of-fold R^2 (0.0302).,1200
MEASURE_ET_DC_SEC_S_Id_plus_Ig_at_Vboff_mA_mm_FPSD3p2,THRESHOLD,positive,76.423681,,76.82 to 83.72,73.37 to 76.56,2.2883,5/5,5,2.2121,2.2102,0.089,0.034,0.03,3/5,False,STRONG,Shape reproduced in 5/5 fold curves; positive out-of-fold R^2 (0.0300).,1200
FIN_Etch_Soft_Bias,THRESHOLD,negative,85.493746,,71.04 to 75.76,76.35 to 84.02,2.2864,5/5,5,2.2624,2.2374,1.104,-0.0093,0.0098,3/5,False,STRONG,Shape reproduced in 5/5 fold curves; positive out-of-fold R^2 (0.0098).,1200
MEASURE_ET_DC_RF_n_gd,THRESHOLD,positive,47.878832,,42.48 to 48.24,40.08 to 42.24,2.2855,4/5,5,2.2493,2.1739,3.355,0.0029,0.0685,5/5,True,STRONG,Shape reproduced in 4/5 fold curves; positive out-of-fold R^2 (0.0685).,1200
CATHODE_ET_Rc_cat_ct2_OW_ST,SATURATION,negative,0.149097,,0.1441 to 0.2137,0.217 to 0.2733,2.2854,5/5,5,2.2085,2.2051,0.153,0.0367,0.04,3/5,False,STRONG,Shape reproduced in 5/5 fold curves; positive out-of-fold R^2 (0.0400).,1200
MEASURE_ET_CapUSV_0,THRESHOLD,positive,0.720153,,0.7542 to 0.9246,0.5952 to 0.7429,2.2839,5/5,5,2.2597,2.1898,3.094,-0.0063,0.0555,5/5,True,STRONG,Shape reproduced in 5/5 fold curves; positive out-of-fold R^2 (0.0555).,1200
MEASURE_ET_DC_Stress_Id_max_Ig_after,COMPLEX_NONLINEAR,n/a,0.395213,1.967264,2.852 to 5.603,0.4935 to 2.655,2.2827,5/5,5,2.2394,2.1685,3.168,0.012,0.0723,5/5,True,STRONG,Shape reproduced in 5/5 fold curves; positive out-of-fold R^2 (0.0723).,1200
MEASURE_ET_DC_RF_Min_S21_Ph_L1018,U_SHAPED,n/a,14.169186,,16.03 to 17.14,13.41 to 15.93,2.2815,4/5,5,2.2305,2.2042,1.178,0.0201,0.0436,5/5,True,STRONG,Shape reproduced in 4/5 fold curves; positive out-of-fold R^2 (0.0436).,1200
MEASURE_ET_RF_Modeling_S22ang_10GHz,SATURATION,positive,-9.352872,,-15.67 to -14.5,-14.31 to -9.644,2.2796,4/5,5,2.2558,2.2006,2.446,-0.003,0.0476,5/5,True,STRONG,Shape reproduced in 4/5 fold curves; positive out-of-fold R^2 (0.0476).,1200
MEASURE_ET_DC_SMALL_Vbgd1,U_SHAPED,n/a,29.845019,,31.18 to 34.61,26.6 to 30.8,2.2756,5/5,5,2.2494,2.2061,1.926,0.0033,0.0438,5/5,True,STRONG,Shape reproduced in 5/5 fold curves; positive out-of-fold R^2 (0.0438).,1200
MEASURE_ET_DC_SEC_S_Ig_mAmm_at_Vg_cond_neg,MONOTONIC_POSITIVE,positive,,,95.38 to 101.7,91 to 95.11,2.2721,5/5,5,2.1795,2.1648,0.677,0.0636,0.0764,5/5,False,STRONG,Shape reproduced in 5/5 fold curves; positive out-of-fold R^2 (0.0764).,1200
TOPSIN_ET_DC_RF_Gm_max,COMPLEX_NONLINEAR,n/a,492.863455,568.650341,443.3 to 507.4,513.3 to 583.2,2.2705,5/5,5,2.2556,2.159,4.285,-0.003,0.0794,5/5,True,STRONG,Shape reproduced in 5/5 fold curves; positive out-of-fold R^2 (0.0794).,1200
MEASURE_ET_RF_Modeling_Fmax_ext,U_SHAPED,n/a,29.900073,,30.64 to 32.95,28.11 to 30.43,2.2662,5/5,5,2.2585,2.2128,2.022,-0.0072,0.0307,5/5,True,STRONG,Shape reproduced in 5/5 fold curves; positive out-of-fold R^2 (0.0307).,1200
THIN_ET_Ran_con_2_OW_CR,SATURATION,positive,43.201696,,40.07 to 44.89,35.5 to 39.83,2.264,5/5,5,2.2202,2.2102,0.453,0.0272,0.0357,4/5,False,STRONG,Shape reproduced in 5/5 fold curves; positive out-of-fold R^2 (0.0357).,1200
MEASURE_ET_RF_Modeling_Cgd_err,THRESHOLD,positive,97.272131,,97.27 to 104.5,92.23 to 96.96,2.2625,5/5,5,2.1642,2.1309,1.538,0.0732,0.1012,5/5,True,STRONG,Shape reproduced in 5/5 fold curves; positive out-of-fold R^2 (0.1012).,1200
MEASURE_ET_DC_RF_Gm_m0p2,COMPLEX_NONLINEAR,n/a,504.966218,566.744827,574.5 to 631.1,502.4 to 569.3,2.26,4/5,5,2.2459,2.1948,2.274,0.0065,0.0474,5/5,True,STRONG,Shape reproduced in 4/5 fold curves; positive out-of-fold R^2 (0.0474).,1200
BRGM_ET_Rc_F_AB_2,COMPLEX_NONLINEAR,n/a,496.466609,550.889134,444.8 to 515.5,521 to 564.5,2.2562,5/5,5,2.2574,2.1906,2.959,-0.0038,0.0557,5/5,True,STRONG,Shape reproduced in 5/5 fold curves; positive out-of-fold R^2 (0.0557).,1200
TFRP_ET_TF_AB_2,THRESHOLD,positive,82.221454,,82.35 to 88.36,78.17 to 82.09,2.2547,5/5,5,2.2067,2.1692,1.698,0.035,0.0666,5/5,True,STRONG,Shape reproduced in 5/5 fold curves; positive out-of-fold R^2 (0.0666).,1200
SIN_ET_DC_RF_Vt_gd,COMPLEX_NONLINEAR,n/a,4.502227,5.809596,4.611 to 6.354,1.779 to 4.393,2.2541,5/5,5,2.2595,2.1731,3.823,-0.0063,0.0683,5/5,True,STRONG,Shape reproduced in 5/5 fold curves; positive out-of-fold R^2 (0.0683).,1200
MEASURE_ET_DC_SEC_X_Vboff_Id_plus_Ig_FPSD3p2,PROCESS_WINDOW,n/a,54.528958,,52.34 to 55.57,55.8 to 58.11,2.2494,5/5,5,2.2442,2.2044,1.771,0.0092,0.0454,5/5,True,STRONG,Shape reproduced in 5/5 fold curves; positive out-of-fold R^2 (0.0454).,1200
THIN_ET_DC_RF_Imax,COMPLEX_NONLINEAR,n/a,647.709802,722.967591,582.7 to 658,664.8 to 740.1,2.2437,5/5,5,2.2561,2.1695,3.838,-0.0034,0.0706,5/5,True,STRONG,Shape reproduced in 5/5 fold curves; positive out-of-fold R^2 (0.0706).,1200
MEASURE_ET_Rc_cat_ct2,PROCESS_WINDOW,n/a,0.234416,,0.1327 to 0.1844,0.243 to 0.2672,2.2381,5/5,5,2.2443,2.1791,2.909,0.0037,0.0609,5/5,True,STRONG,Shape reproduced in 5/5 fold curves; positive out-of-fold R^2 (0.0609).,1200
SIN_ET_DC_PIV_Imax_QP2,COMPLEX_NONLINEAR,n/a,675.103218,722.673539,739.7 to 807.6,644.5 to 732.9,2.2358,5/5,5,2.256,2.2021,2.389,-0.004,0.0424,5/5,True,STRONG,Shape reproduced in 5/5 fold curves; positive out-of-fold R^2 (0.0424).,1200
MEASURE_ET_Cap20,THRESHOLD,positive,1.011148,,0.6522 to 0.9347,0.9464 to 1.029,2.2355,4/5,5,2.2539,2.2182,1.586,0.0003,0.0305,4/5,True,STRONG,Shape reproduced in 4/5 fold curves; positive out-of-fold R^2 (0.0305).,1200
TOPSIN_ET_DC_SMALL_Vboff,THRESHOLD,positive,88.143648,,89.63 to 95.07,85.42 to 89.38,2.235,5/5,5,2.1628,2.1554,0.343,0.0764,0.0837,3/5,False,STRONG,Shape reproduced in 5/5 fold curves; positive out-of-fold R^2 (0.0837).,1200
TOPSIN_ET_DC_SMALL_Gm_0,COMPLEX_NONLINEAR,n/a,495.668858,546.993998,570.1 to 621.4,503.4 to 565,2.2322,5/5,5,2.2402,2.1607,3.547,0.0104,0.0782,5/5,True,STRONG,Shape reproduced in 5/5 fold curves; positive out-of-fold R^2 (0.0782).,1200
MEASURE_ET_DC_RF_K_W,COMPLEX_NONLINEAR,n/a,9.022543,11.923484,9.955 to 12.23,7.261 to 9.748,2.2266,5/5,5,2.2388,2.1998,1.742,0.0134,0.0445,4/5,True,STRONG,Shape reproduced in 5/5 fold curves; positive out-of-fold R^2 (0.0445).,1200
MEASURE_ET_DC_Big_S22dB_10GHz,THRESHOLD,positive,-8.175556,,-14.02 to -8.688,-16.07 to -14.23,2.2261,5/5,5,2.2587,2.2095,2.179,-0.0059,0.032,4/5,True,STRONG,Shape reproduced in 5/5 fold curves; positive out-of-fold R^2 (0.0320).,1200
TOPSIN_ET_DC_RF_Vp_01,COMPLEX_NONLINEAR,n/a,-0.944772,-0.864978,-1.071 to -0.9514,-1.324 to -1.084,2.2259,5/5,5,2.2525,2.2217,1.367,-0.0012,0.0274,5/5,True,STRONG,Shape reproduced in 5/5 fold curves; positive out-of-fold R^2 (0.0274).,1200
MEASURE_ET_Vp_1,COMPLEX_NONLINEAR,n/a,-0.9674,-0.857338,-1.071 to -0.9468,-1.236 to -1.084,2.2196,5/5,5,2.2571,2.2155,1.842,-0.0046,0.0321,5/5,True,STRONG,Shape reproduced in 5/5 fold curves; positive out-of-fold R^2 (0.0321).,1200
MEASURE_ET_DC_Big_MAG_10GHz,COMPLEX_NONLINEAR,n/a,13.625658,14.594251,15.99 to 17.68,12.96 to 15.87,2.2196,4/5,5,2.2281,2.207,0.948,0.022,0.0432,4/5,False,STRONG,Shape reproduced in 4/5 fold curves; positive out-of-fold R^2 (0.0432).,1200
TOPSIN_ET_lkg_CapM1BRGM,COMPLEX_NONLINEAR,n/a,501.879979,549.093555,567.5 to 625.2,515 to 562.2,2.2157,5/5,5,2.254,2.1876,2.947,-0.0017,0.0574,5/5,True,STRONG,Shape reproduced in 5/5 fold curves; positive out-of-fold R^2 (0.0574).,1200
MEASURE_ET_DC_SEC_Vgs_back_0p1V,THRESHOLD,positive,79.149401,,79.65 to 86.38,76.65 to 79.4,2.2139,5/5,5,2.2202,2.2098,0.47,0.0279,0.0368,5/5,False,STRONG,Shape reproduced in 5/5 fold curves; positive out-of-fold R^2 (0.0368).,1200
MEASURE_ET_RF_Modeling_Rd,THRESHOLD,positive,78.969291,,77.63 to 81.91,71.49 to 77.37,2.2124,5/5,5,2.2015,2.1889,0.577,0.0459,0.0581,3/5,False,STRONG,Shape reproduced in 5/5 fold curves; positive out-of-fold R^2 (0.0581).,1200
MEASURE_ET_DC_PIV_Imax_QP2,COMPLEX_NONLINEAR,n/a,648.778579,713.995116,739.4 to 811.8,529.2 to 601.7,2.2117,5/5,5,2.2497,2.1705,3.521,0.0021,0.0712,5/5,True,STRONG,Shape reproduced in 5/5 fold curves; positive out-of-fold R^2 (0.0712).,1200
TOPSIN_ET_DC_SMALL_Vdg_max_0p1,THRESHOLD,positive,82.128476,,83.35 to 89.04,78.47 to 83.08,2.2105,5/5,5,2.1606,2.1629,-0.104,0.0779,0.0755,2/5,False,STRONG,Shape reproduced in 5/5 fold curves; positive out-of-fold R^2 (0.0755).,1200
TOPSIN_ET_DC_RF_Vg_gm_max,COMPLEX_NONLINEAR,n/a,479.013428,553.888382,561.9 to 626.1,492.4 to 556.6,2.21,5/5,5,2.2423,2.2062,1.611,0.0073,0.04,5/5,True,STRONG,Shape reproduced in 5/5 fold curves; positive out-of-fold R^2 (0.0400).,1200
TOPSIN_ET_CapFICBRGM_0,COMPLEX_NONLINEAR,n/a,549.313152,609.255641,562.9 to 622.9,503 to 557.5,2.2096,5/5,5,2.2395,2.1937,2.043,0.0099,0.0495,5/5,True,STRONG,Shape reproduced in 5/5 fold curves; positive out-of-fold R^2 (0.0495).,1200
MEASURE_ET_DC_SMALL_Vbgd_0p1,INVERTED_U,n/a,31.520952,,27.38 to 33.67,21.75 to 27.05,2.2079,5/5,5,2.1781,2.1149,2.901,0.0629,0.1195,5/5,True,STRONG,Shape reproduced in 5/5 fold curves; positive out-of-fold R^2 (0.1195).,1200
MEASURE_ET_DC_RF_MAG_35GHz,SATURATION,positive,16.422263,,16.37 to 17.25,12.95 to 14.38,2.2071,4/5,5,2.2417,2.2311,0.475,0.011,0.0197,2/5,False,STRONG,Shape reproduced in 4/5 fold curves; positive out-of-fold R^2 (0.0197).,1200
THIN_ET_R_400_VER,THRESHOLD,positive,58.132558,,58.26 to 64.17,55.44 to 58,2.2047,5/5,5,2.2489,2.1713,3.45,-0.0002,0.0672,5/5,True,STRONG,Shape reproduced in 5/5 fold curves; positive out-of-fold R^2 (0.0672).,1200
BRGM_ET_C200,COMPLEX_NONLINEAR,n/a,496.984206,550.670616,456.7 to 505,510.4 to 569.5,2.2024,4/5,5,2.2499,2.1927,2.542,0.0022,0.0517,5/5,True,STRONG,Shape reproduced in 4/5 fold curves; positive out-of-fold R^2 (0.0517).,1200
MEASURE_ET_C100CapM1BRGM,COMPLEX_NONLINEAR,n/a,486.894704,556.410716,565.1 to 640.4,478.2 to 559.3,2.2023,5/5,5,2.2443,2.2001,1.969,0.0059,0.0432,4/5,True,STRONG,Shape reproduced in 5/5 fold curves; positive out-of-fold R^2 (0.0432).,1200
CATHODE_ET_Rsh_cat_c2,SATURATION,negative,128.250645,,106.5 to 112.5,113.2 to 120.4,2.1978,5/5,5,2.2488,2.2235,1.128,0.0031,0.0265,4/5,True,STRONG,Shape reproduced in 5/5 fold curves; positive out-of-fold R^2 (0.0265).,1200
MEASURE_ET_DC_SEC_S_Id_mA_mm_at_Vg1_FPSD3p2,MONOTONIC_POSITIVE,positive,,,61.04 to 66.77,57.05 to 60.79,2.1966,5/5,5,2.1593,2.1477,0.541,0.0806,0.092,3/5,False,STRONG,Shape reproduced in 5/5 fold curves; positive out-of-fold R^2 (0.0920).,1200
MEASURE_ET_DC_RF_S22dB_10GHz,COMPLEX_NONLINEAR,n/a,-14.583748,-11.506312,-10.58 to -8.121,-13.46 to -10.79,2.1958,5/5,5,2.2563,2.1865,3.093,-0.0035,0.0555,5/5,True,STRONG,Shape reproduced in 5/5 fold curves; positive out-of-fold R^2 (0.0555).,1200
MEASURE_ET_DC_SEC_S_Id_mA_mm_at_Vg3_SD3p5,THRESHOLD,negative,13.013382,,9.23 to 11.36,7.29 to 9.036,2.1813,5/5,5,2.2583,2.2069,2.275,-0.0058,0.0373,4/5,True,STRONG,Shape reproduced in 5/5 fold curves; positive out-of-fold R^2 (0.0373).,1200
MEASURE_ET_Vbkdn_C300pf,THRESHOLD,negative,0.671785,,0.5371 to 0.6473,0.6595 to 0.8064,2.1806,5/5,5,2.2534,2.2242,1.295,-0.0002,0.0229,4/5,True,STRONG,Shape reproduced in 5/5 fold curves; positive out-of-fold R^2 (0.0229).,1200
SIN_ET_DC_RF_Vg_optt,SATURATION,positive,68.794038,,71.47 to 77.07,67.98 to 71.24,2.1725,5/5,5,2.2221,2.2187,0.154,0.0282,0.0315,3/5,False,STRONG,Shape reproduced in 5/5 fold curves; positive out-of-fold R^2 (0.0315).,1200
MEASURE_ET_DC_RF_CF_S22_Ph_L1002,COMPLEX_NONLINEAR,n/a,-15.6646,-11.990397,-12.56 to -10.27,-14.86 to -12.79,2.1715,5/5,5,2.2646,2.2295,1.552,-0.0149,0.0104,3/5,False,STRONG,Shape reproduced in 5/5 fold curves; positive out-of-fold R^2 (0.0104).,1200
THIN_ET_R_4000_VER,THRESHOLD,negative,58.827066,,59.66 to 62.73,57.05 to 59.42,2.1708,5/5,5,2.2551,2.2173,1.674,-0.0031,0.0273,3/5,False,STRONG,Shape reproduced in 5/5 fold curves; positive out-of-fold R^2 (0.0273).,1200
MEASURE_ET_Load_Pull_PhL_meas,THRESHOLD,positive,61.07559,,61.76 to 66.34,57.41 to 61.53,2.164,5/5,5,2.1961,2.1784,0.808,0.0459,0.0611,4/5,False,STRONG,Shape reproduced in 5/5 fold curves; positive out-of-fold R^2 (0.0611).,1200
BRGM_ET_lkg_SY8_80,COMPLEX_NONLINEAR,n/a,485.564086,530.811688,561.9 to 635.4,488.4 to 556.3,2.1607,5/5,5,2.2442,2.1829,2.732,0.0076,0.0631,5/5,True,STRONG,Shape reproduced in 5/5 fold curves; positive out-of-fold R^2 (0.0631).,1200
MEASURE_ET_RF_Modeling_Rgs,SATURATION,positive,64.599507,,67.43 to 74.11,64.09 to 67.17,2.1511,5/5,5,2.2299,2.2141,0.711,0.0209,0.0351,4/5,False,STRONG,Shape reproduced in 5/5 fold curves; positive out-of-fold R^2 (0.0351).,1200
MEASURE_ET_RF_Modeling_Stress_time,SATURATION,positive,84.898886,,89.82 to 94.07,83.7 to 85.83,2.1451,5/5,5,2.2413,2.2265,0.661,0.0085,0.0224,4/5,False,STRONG,Shape reproduced in 5/5 fold curves; positive out-of-fold R^2 (0.0224).,1200
MEASURE_ET_DC_RF_Idss_W,COMPLEX_NONLINEAR,n/a,342.415767,384.563851,399.3 to 445.7,348.7 to 395.1,2.1435,5/5,5,2.2455,2.2048,1.814,0.0062,0.0431,4/5,True,STRONG,Shape reproduced in 5/5 fold curves; positive out-of-fold R^2 (0.0431).,1200
MEASURE_ET_DC_RF_Gm_0_W,SATURATION,positive,434.636916,,563.3 to 623.6,503.1 to 557.9,2.139,4/5,5,2.2417,2.2128,1.29,0.0095,0.0344,4/5,True,STRONG,Shape reproduced in 4/5 fold curves; positive out-of-fold R^2 (0.0344).,1200
MEASURE_ET_DC_SEC_S_Ids_max_norm_FPSD3p2,SATURATION,positive,79.758515,,84.21 to 89.18,78.97 to 83.95,2.1355,4/5,5,2.193,2.1912,0.082,0.0535,0.0554,3/5,False,STRONG,Shape reproduced in 4/5 fold curves; positive out-of-fold R^2 (0.0554).,1200
FIC_ET_R_f_hr_2,THRESHOLD,positive,49.382341,,49.27 to 51.47,46.63 to 49.05,2.1281,4/5,5,2.2409,2.2208,0.895,0.0113,0.028,5/5,False,STRONG,Shape reproduced in 4/5 fold curves; positive out-of-fold R^2 (0.0280).,1200
MEASURE_ET_DC_RF_Vg_gm_max,COMPLEX_NONLINEAR,n/a,568.393826,624.216804,571.2 to 627,509.8 to 565.6,2.1267,4/5,5,2.2395,2.212,1.227,0.0108,0.0347,4/5,True,STRONG,Shape reproduced in 4/5 fold curves; positive out-of-fold R^2 (0.0347).,1200
MEASURE_ET_C200,THRESHOLD,positive,0.789118,,0.5558 to 0.6696,0.681 to 0.7834,2.1253,5/5,5,2.2539,2.2231,1.364,0.0007,0.0286,5/5,True,STRONG,Shape reproduced in 5/5 fold curves; positive out-of-fold R^2 (0.0286).,1200
THIN_ET_Rsh_F_AB_2,SATURATION,negative,127.764154,,117.4 to 125.8,126.5 to 132.3,2.1221,4/5,5,2.2451,2.2399,0.231,0.0079,0.0097,3/5,False,STRONG,Shape reproduced in 4/5 fold curves; positive out-of-fold R^2 (0.0097).,1200
SIN_GATE_ET_Rc_OG142_GN,THRESHOLD,negative,0.25921,,0.1647 to 0.224,0.2277 to 0.2685,2.1201,5/5,5,2.2232,2.1444,3.545,0.0246,0.0884,5/5,True,STRONG,Shape reproduced in 5/5 fold curves; positive out-of-fold R^2 (0.0884).,1200
FMESA_Height_Fmesa_Height,SATURATION,positive,0.156343,,0.1545 to 0.1589,0.1366 to 0.1538,2.1181,5/5,5,2.2562,2.239,0.762,-0.0028,0.0089,3/5,False,STRONG,Shape reproduced in 5/5 fold curves; positive out-of-fold R^2 (0.0089).,1200
MEASURE_ET_DC_RF_Vg_max_Vd,THRESHOLD,positive,64.793389,,64.3 to 69.72,60.12 to 64.06,2.1179,5/5,5,2.177,2.1743,0.121,0.0654,0.0688,2/5,False,STRONG,Shape reproduced in 5/5 fold curves; positive out-of-fold R^2 (0.0688).,1200
MEASURE_ET_RF_Modeling_Ld,U_SHAPED,n/a,30.407971,,33.81 to 36.45,27.88 to 33.59,2.1178,5/5,5,2.2182,2.2122,0.273,0.0304,0.0345,3/5,False,STRONG,Shape reproduced in 5/5 fold curves; positive out-of-fold R^2 (0.0345).,1200
TOPSIN_ET_C100CapM1BRGM,COMPLEX_NONLINEAR,n/a,455.507219,509.466428,571.5 to 625.5,415 to 474.4,2.1155,5/5,5,2.2307,2.1918,1.745,0.0191,0.0502,4/5,True,STRONG,Shape reproduced in 5/5 fold curves; positive out-of-fold R^2 (0.0502).,1200
MEASURE_ET_Load_Pull_Gss,COMPLEX_NONLINEAR,n/a,16.033012,17.427794,12.55 to 16.13,10.55 to 12.35,2.115,5/5,5,2.2565,2.2056,2.258,-0.0041,0.0432,5/5,True,STRONG,Shape reproduced in 5/5 fold curves; positive out-of-fold R^2 (0.0432).,1200
MEASURE_ET_DC_RF_S11ang_26GHz_W,COMPLEX_NONLINEAR,n/a,-10.052891,-7.855548,-15.44 to -9.943,-9.723 to -7.746,2.114,4/5,5,2.2679,2.1883,3.511,-0.0157,0.055,5/5,True,STRONG,Shape reproduced in 4/5 fold curves; positive out-of-fold R^2 (0.0550).,1200
TOPSIN_ET_C100C500pf,THRESHOLD,negative,0.687599,,0.567 to 0.6933,0.7048 to 0.8312,2.1138,4/5,5,2.258,2.2306,1.213,-0.0038,0.025,2/5,False,STRONG,Shape reproduced in 4/5 fold curves; positive out-of-fold R^2 (0.0250).,1200
MEASURE_ET_DC_RF_MSG_18GHz,MONOTONIC_POSITIVE,positive,,,40.37 to 47.47,38.24 to 40.13,2.1115,4/5,5,2.2501,2.2185,1.406,0.0024,0.0308,5/5,True,STRONG,Shape reproduced in 4/5 fold curves; positive out-of-fold R^2 (0.0308).,1200
MEASURE_ET_RF_Modeling_S22dB_10GHz,COMPLEX_NONLINEAR,n/a,-11.340528,-10.010471,-14.55 to -9.456,-17.21 to -14.78,2.1098,4/5,5,2.2537,2.2092,1.976,-0.0002,0.0383,5/5,True,STRONG,Shape reproduced in 4/5 fold curves; positive out-of-fold R^2 (0.0383).,1200
OHMIC_ET_Ran_con_1,THRESHOLD,positive,100.920605,,96.77 to 103.1,91.89 to 96.48,2.1073,4/5,5,2.1669,2.1445,1.033,0.0763,0.0959,5/5,True,STRONG,Shape reproduced in 4/5 fold curves; positive out-of-fold R^2 (0.0959).,1200
THIN_ET_TF_AB_1,THRESHOLD,positive,0.320858,,-0.5459 to 1.435,1.683 to 8.865,2.1073,5/5,5,2.2493,2.2064,1.909,0.0035,0.0412,5/5,True,STRONG,Shape reproduced in 5/5 fold curves; positive out-of-fold R^2 (0.0412).,1200
MEASURE_ET_DC_Stress_Vp_before,COMPLEX_NONLINEAR,n/a,-1.109521,-0.943937,-1.061 to -0.9232,-1.254 to -1.075,2.105,5/5,5,2.2578,2.1886,3.065,-0.0053,0.0589,5/5,True,STRONG,Shape reproduced in 5/5 fold curves; positive out-of-fold R^2 (0.0589).,1200
MEASURE_ET_DC_SEC_S_Vp_1_mA_mm_first,THRESHOLD,negative,-0.877923,,-1.089 to -1.007,-1.266 to -1.102,2.1003,5/5,5,2.2549,2.2209,1.508,-0.0036,0.0247,5/5,True,STRONG,Shape reproduced in 5/5 fold curves; positive out-of-fold R^2 (0.0247).,1200
MEASURE_ET_DC_SEC_S_Bin_SD3p5,U_SHAPED,n/a,87.08562,,88.52 to 93.23,83.82 to 88.26,2.0941,5/5,5,2.2003,2.1496,2.304,0.044,0.0872,4/5,True,STRONG,Shape reproduced in 5/5 fold curves; positive out-of-fold R^2 (0.0872).,1200
TOPSIN_ET_DC_SMALL_Vt_gd,THRESHOLD,negative,17.91835,,22.09 to 25.91,19.71 to 21.85,2.0901,4/5,5,2.2493,2.2226,1.184,0.0032,0.0289,4/5,True,STRONG,Shape reproduced in 4/5 fold curves; positive out-of-fold R^2 (0.0289).,1200
FIC_ET_Vdg_max,THRESHOLD,positive,60.371478,,55.85 to 59.96,51.19 to 55.57,2.0899,5/5,5,2.2509,2.184,2.973,0.0025,0.0603,5/5,True,STRONG,Shape reproduced in 5/5 fold curves; positive out-of-fold R^2 (0.0603).,1200
MEASURE_ET_DC_RF_Gm_max,COMPLEX_NONLINEAR,n/a,482.938817,559.155497,572.8 to 627.2,496.5 to 567.3,2.0878,5/5,5,2.254,2.2093,1.983,-0.002,0.0389,5/5,True,STRONG,Shape reproduced in 5/5 fold curves; positive out-of-fold R^2 (0.0389).,1200
TOPSIN_ET_DC_RF_Vg_max_Vd,THRESHOLD,negative,10.044081,,6.132 to 7.523,7.697 to 9.783,2.0875,5/5,5,2.2575,2.2156,1.858,-0.0046,0.0329,5/5,True,STRONG,Shape reproduced in 5/5 fold curves; positive out-of-fold R^2 (0.0329).,1200
MEASURE_ET_Vg_gm_max,COMPLEX_NONLINEAR,n/a,508.676188,572.154022,574.8 to 633,511.3 to 569.5,2.0873,4/5,5,2.2412,2.2165,1.102,0.0094,0.0271,3/5,False,STRONG,Shape reproduced in 4/5 fold curves; positive out-of-fold R^2 (0.0271).,1200
THIN_ET_KLV_F_AB_4u,SATURATION,negative,32.296642,,28.99 to 32.09,24.86 to 28.79,2.0864,4/5,5,2.2553,2.2187,1.622,-0.0024,0.0324,4/5,True,STRONG,Shape reproduced in 4/5 fold curves; positive out-of-fold R^2 (0.0324).,1200
BRGM_ET_KLV_F_M1_4u,U_SHAPED,n/a,554.530826,,455.6 to 509.1,514.4 to 567.9,2.0799,4/5,5,2.2532,2.1524,4.473,-0.0009,0.0804,5/5,True,STRONG,Shape reproduced in 4/5 fold curves; positive out-of-fold R^2 (0.0804).,1200
MEASURE_ET_DC_SEC_X_Vg_at_I2_neg_FPSD3p2,THRESHOLD,positive,75.748161,,76.55 to 81.85,72.87 to 76.32,2.0793,5/5,5,2.1804,2.1784,0.091,0.0656,0.0677,3/5,False,STRONG,Shape reproduced in 5/5 fold curves; positive out-of-fold R^2 (0.0677).,1200
GATE2_Ali_Litho2_Gate_to_ohmic_alignment,SATURATION,positive,-0.038028,,-0.03318 to 0.0299,-0.05016 to -0.0356,2.0784,4/5,5,2.2545,2.2218,1.448,-0.0017,0.028,5/5,True,STRONG,Shape reproduced in 4/5 fold curves; positive out-of-fold R^2 (0.0280).,1200
MEASURE_ET_LT_SEC_Ig_Id_min_mA_mm_Vd7,THRESHOLD,positive,94.390368,,95.84 to 101.6,91.36 to 95.58,2.0684,4/5,5,2.169,2.1635,0.251,0.0714,0.0767,3/5,False,STRONG,Shape reproduced in 4/5 fold curves; positive out-of-fold R^2 (0.0767).,1200
TOPSIN_ET_CapM1BRGM,COMPLEX_NONLINEAR,n/a,562.960085,624.810066,582.6 to 633.2,509.5 to 577,2.0673,5/5,5,2.2445,2.1775,2.986,0.0066,0.0652,5/5,True,STRONG,Shape reproduced in 5/5 fold curves; positive out-of-fold R^2 (0.0652).,1200
TOPSIN_ET_HIRS,COMPLEX_NONLINEAR,n/a,32.072593,33.672613,35.62 to 38.36,29.9 to 32.42,2.0623,4/5,5,2.2479,2.2319,0.712,0.0028,0.0136,4/5,False,STRONG,Shape reproduced in 4/5 fold curves; positive out-of-fold R^2 (0.0136).,1200
MEASURE_ET_DC_RF_Vboff_ON,SATURATION,positive,49.114452,,49.24 to 53.73,53.98 to 56.72,2.0621,5/5,5,2.2573,2.1611,4.261,-0.0066,0.0625,3/5,False,STRONG,Shape reproduced in 5/5 fold curves; positive out-of-fold R^2 (0.0625).,1200
SIN_GATE_ET_R514,THRESHOLD,positive,32.569245,,29.74 to 32.67,24.51 to 27.65,2.0616,5/5,5,2.2337,2.2324,0.057,0.0164,0.0173,2/5,False,STRONG,Shape reproduced in 5/5 fold curves; positive out-of-fold R^2 (0.0173).,1200
TOPSIN_ET_Vdg_max,THRESHOLD,positive,85.682655,,85.54 to 91.45,80.48 to 85.26,2.0607,5/5,5,2.1984,2.191,0.337,0.0457,0.0518,5/5,False,STRONG,Shape reproduced in 5/5 fold curves; positive out-of-fold R^2 (0.0518).,1200
MEASURE_ET_DC_SEC_Ids_min_ON,THRESHOLD,positive,42.482173,,42.24 to 46.91,37.31 to 41.99,2.0574,5/5,5,2.2229,2.1803,1.92,0.0245,0.0654,4/5,True,STRONG,Shape reproduced in 5/5 fold curves; positive out-of-fold R^2 (0.0654).,1200
MEASURE_ET_DC_SEC_S_Vp_1_mA_mm_second,THRESHOLD,negative,-0.866605,,-1.071 to -0.9865,-1.339 to -1.085,2.0544,4/5,5,2.2544,2.2279,1.178,-0.002,0.0186,3/5,False,STRONG,Shape reproduced in 4/5 fold curves; positive out-of-fold R^2 (0.0186).,1200
SIN_ET_DC_RF_Vg_gm_max,COMPLEX_NONLINEAR,n/a,502.473644,558.283655,571 to 616.6,510.1 to 565.9,2.0497,5/5,5,2.2412,2.1733,3.029,0.0095,0.0684,5/5,True,STRONG,Shape reproduced in 5/5 fold curves; positive out-of-fold R^2 (0.0684).,1200
MEASURE_ET_DC_SEC_X_Vg_at_I1_pos_SD3p5,SATURATION,positive,9.181553,,12.12 to 14.95,15.15 to 16.16,2.0479,4/5,5,2.2543,2.224,1.343,-0.0012,0.0281,4/5,True,STRONG,Shape reproduced in 4/5 fold curves; positive out-of-fold R^2 (0.0281).,1200
TOPSIN_ET_CapM1BRGM_0,COMPLEX_NONLINEAR,n/a,504.159481,562.70092,570.7 to 629.2,506.8 to 565.4,2.0468,5/5,5,2.2449,2.2069,1.692,0.0068,0.0374,4/5,True,STRONG,Shape reproduced in 5/5 fold curves; positive out-of-fold R^2 (0.0374).,1200
MEASURE_ET_Rc_TF_AB_2,INVERTED_U,n/a,0.175355,,0.1466 to 0.1906,0.2345 to 0.2717,2.046,4/5,5,2.2253,2.2159,0.422,0.0239,0.0325,3/5,False,STRONG,Shape reproduced in 4/5 fold curves; positive out-of-fold R^2 (0.0325).,1200
FIC_ET_DC_RF_Vbgd1,COMPLEX_NONLINEAR,n/a,30.24234,33.752702,27.21 to 32,21.47 to 26.89,2.0431,5/5,5,2.1708,2.118,2.431,0.0733,0.1181,5/5,True,STRONG,Shape reproduced in 5/5 fold curves; positive out-of-fold R^2 (0.1181).,1200
TOPSIN_ET_Rc_f_hr_23,COMPLEX_NONLINEAR,n/a,0.213407,0.256525,0.1865 to 0.2224,0.226 to 0.2691,2.0419,5/5,5,2.2481,2.2058,1.883,0.0028,0.0388,5/5,True,STRONG,Shape reproduced in 5/5 fold curves; positive out-of-fold R^2 (0.0388).,1200
SIN_GATE_ET_Rc_OG144,COMPLEX_NONLINEAR,n/a,0.172942,0.201098,0.1712 to 0.2205,0.224 to 0.2732,2.0415,5/5,5,2.2435,2.1859,2.568,0.0081,0.0556,5/5,True,STRONG,Shape reproduced in 5/5 fold curves; positive out-of-fold R^2 (0.0556).,1200
THIN_ET_C_CAT_2,PROCESS_WINDOW,n/a,90.845928,,82.99 to 90.98,91.25 to 93.38,2.0378,4/5,5,2.2579,2.243,0.662,-0.0059,0.0066,4/5,False,STRONG,Shape reproduced in 4/5 fold curves; positive out-of-fold R^2 (0.0066).,1200
MEASURE_ET_RF_Modeling_Vd_set,SATURATION,positive,60.012994,,61.03 to 67.9,57.98 to 60.78,2.0342,5/5,5,2.2381,2.2312,0.305,0.0121,0.0193,4/5,False,STRONG,Shape reproduced in 5/5 fold curves; positive out-of-fold R^2 (0.0193).,1200
MEASURE_ET_DC_SEC_X_Ig_cut3_mAmm_pos_SD3p5,SATURATION,positive,54.531789,,49.59 to 52.89,46.74 to 49.37,2.0325,4/5,5,2.2434,2.229,0.642,0.0075,0.0216,4/5,False,STRONG,Shape reproduced in 4/5 fold curves; positive out-of-fold R^2 (0.0216).,1200
TOPSIN_ET_Cap_USV,SATURATION,negative,1.003668,,0.6168 to 0.7785,0.9517 to 1.033,2.031,5/5,5,2.2453,2.2283,0.759,0.008,0.0206,3/5,False,STRONG,Shape reproduced in 5/5 fold curves; positive out-of-fold R^2 (0.0206).,1200
FIC_ET_DC_RF_n_gs,U_SHAPED,n/a,70.494492,,66.03 to 67.72,67.96 to 71.1,2.0268,5/5,5,2.2493,2.2058,1.934,0.0022,0.0377,4/5,True,STRONG,Shape reproduced in 5/5 fold curves; positive out-of-fold R^2 (0.0377).,1200
TOPSIN_ET_OHMC,THRESHOLD,positive,21.3878,,16.15 to 21.29,21.49 to 22.93,2.0228,5/5,5,2.2551,2.2306,1.085,-0.0019,0.0134,3/5,False,STRONG,Shape reproduced in 5/5 fold curves; positive out-of-fold R^2 (0.0134).,1200
MEASURE_ET_DC_SEC_X_Id_mA_mm_at_Vg3_SD3p5,U_SHAPED,n/a,21.81603,,15.42 to 17.59,17.81 to 22.14,2.0212,5/5,5,2.2468,2.2089,1.689,0.0033,0.0337,4/5,True,STRONG,Shape reproduced in 5/5 fold curves; positive out-of-fold R^2 (0.0337).,1200
MEASURE_ET_RF_Modeling_S11dB_10GHz,U_SHAPED,n/a,-11.73731,,-15.69 to -13.76,-13.57 to -9.521,2.0188,5/5,5,2.2577,2.1905,2.976,-0.005,0.0517,5/5,True,STRONG,Shape reproduced in 5/5 fold curves; positive out-of-fold R^2 (0.0517).,1200
TOPSIN_ET_Load_Pull_IG_comp_Last_uA,THRESHOLD,positive,34.908572,,34.56 to 38.94,29.95 to 34.33,2.0164,5/5,5,2.1681,2.1472,0.963,0.0743,0.0925,5/5,False,STRONG,Shape reproduced in 5/5 fold curves; positive out-of-fold R^2 (0.0925).,1200
TOPSIN_ET_CapUSV_0,THRESHOLD,positive,0.703838,,0.6796 to 0.9218,0.5222 to 0.6675,2.0118,4/5,5,2.259,2.2125,2.058,-0.0041,0.0386,4/5,True,STRONG,Shape reproduced in 4/5 fold curves; positive out-of-fold R^2 (0.0386).,1200
MEASURE_ET_sh_GA142,THRESHOLD,positive,84.890541,,86.14 to 92.54,81.69 to 85.86,2.0093,5/5,5,2.1959,2.1731,1.038,0.0499,0.0689,4/5,True,STRONG,Shape reproduced in 5/5 fold curves; positive out-of-fold R^2 (0.0689).,1200
MEASURE_ET_DC_PIV_Idss_QP2,COMPLEX_NONLINEAR,n/a,350.381078,385.940518,392.6 to 450.4,277 to 317,2.0073,4/5,5,2.2442,2.2186,1.142,0.0075,0.0301,4/5,True,STRONG,Shape reproduced in 4/5 fold curves; positive out-of-fold R^2 (0.0301).,1200
MEASURE_ET_DC_SEC_X_Vp_1_mA_mm_first,U_SHAPED,n/a,-1.126651,,-0.8948 to -0.7825,-1.246 to -0.9089,2.0055,5/5,5,2.2578,2.2032,2.418,-0.0071,0.0434,5/5,True,STRONG,Shape reproduced in 5/5 fold curves; positive out-of-fold R^2 (0.0434).,1200
CHRE_Ali_Litho_Channel_to_Ohmic_Alignment,INVERTED_U,n/a,-0.010983,,-0.03124 to -0.003521,-0.001389 to 0.04339,2.0001,4/5,5,2.2576,2.1821,3.348,-0.0052,0.0604,5/5,True,STRONG,Shape reproduced in 4/5 fold curves; positive out-of-fold R^2 (0.0604).,1200
MEASURE_ET_R_f_tn_1,COMPLEX_NONLINEAR,n/a,8.445751,9.891222,4.419 to 6.691,9.994 to 12.47,1.999,4/5,5,2.2437,2.2155,1.256,0.0071,0.0286,3/5,False,STRONG,Shape reproduced in 4/5 fold curves; positive out-of-fold R^2 (0.0286).,1200
MEASURE_ET_LT_SEC_Id_min_mA_mm_Vd8,COMPLEX_NONLINEAR,n/a,8.481672,9.895877,3.974 to 6.626,6.802 to 8.57,1.9979,5/5,5,2.2472,2.2045,1.899,0.0045,0.0407,5/5,True,STRONG,Shape reproduced in 5/5 fold curves; positive out-of-fold R^2 (0.0407).,1200
MEASURE_ET_LT_SEC_Vg_Id_min_Vd3,SATURATION,positive,71.560041,,73.32 to 79.88,70.74 to 73.08,1.9924,5/5,5,2.22,2.2114,0.385,0.0296,0.0357,4/5,False,STRONG,Shape reproduced in 5/5 fold curves; positive out-of-fold R^2 (0.0357).,1200
MEASURE_ET_DC_Big_Vg_max_Vd_0p1mA,COMPLEX_NONLINEAR,n/a,2.869212,6.21829,6.577 to 8.73,3.706 to 6.338,1.9906,5/5,5,2.2282,2.1058,5.496,0.02,0.1216,5/5,True,STRONG,Shape reproduced in 5/5 fold curves; positive out-of-fold R^2 (0.1216).,1200
TOPSIN_ET_C500pf_0,COMPLEX_NONLINEAR,n/a,24.136769,26.113333,24.24 to 26.41,22.26 to 24.04,1.9791,4/5,5,2.2561,2.182,3.284,-0.0032,0.0608,5/5,True,STRONG,Shape reproduced in 4/5 fold curves; positive out-of-fold R^2 (0.0608).,1200
FIC_ET_R_f_hr_1,COMPLEX_NONLINEAR,n/a,49.314501,51.47618,47.04 to 49.85,44.67 to 46.83,1.9774,5/5,5,2.2565,2.2058,2.249,-0.004,0.0374,4/5,True,STRONG,Shape reproduced in 5/5 fold curves; positive out-of-fold R^2 (0.0374).,1200
MEASURE_ET_DC_RF2_S11dB_26GHz,SATURATION,negative,-8.147185,,-15.11 to -13.24,-13.03 to -11.37,1.9762,4/5,5,2.2403,2.189,2.29,0.0118,0.0582,5/5,True,STRONG,Shape reproduced in 4/5 fold curves; positive out-of-fold R^2 (0.0582).,1200
MEASURE_ET_DC_RF2_MAG_35GHz,THRESHOLD,positive,17.187227,,15.67 to 17.13,13.27 to 15.57,1.9688,5/5,5,2.2547,2.1645,4.001,-0.0008,0.0653,4/5,True,STRONG,Shape reproduced in 5/5 fold curves; positive out-of-fold R^2 (0.0653).,1200
MEASURE_ET_DC_RF_Imax_W,COMPLEX_NONLINEAR,n/a,725.040094,800.793413,735.4 to 804.2,659.6 to 728.5,1.9678,4/5,5,2.2553,2.2319,1.038,-0.0029,0.0158,4/5,True,STRONG,Shape reproduced in 4/5 fold curves; positive out-of-fold R^2 (0.0158).,1200
ANODE_ET_Ran_con_1,SATURATION,positive,7.309094,,3.789 to 7.65,-1.206 to 3.562,1.9667,5/5,5,2.2351,2.2367,-0.07,0.0167,0.0155,2/5,False,STRONG,Shape reproduced in 5/5 fold curves; positive out-of-fold R^2 (0.0155).,1200
MEASURE_ET_DC_Big_Gm_0,COMPLEX_NONLINEAR,n/a,568.370047,620.248997,577 to 640.4,415.6 to 473.3,1.9658,5/5,5,2.2478,2.2208,1.201,0.0041,0.0258,4/5,True,STRONG,Shape reproduced in 5/5 fold curves; positive out-of-fold R^2 (0.0258).,1200
MEASURE_ET_DC_PIV_Ids0_QP1,COMPLEX_NONLINEAR,n/a,2.09626,3.814505,0.4735 to 2.764,-2.39 to 0.2826,1.9653,5/5,5,2.2556,2.192,2.82,-0.0024,0.0507,4/5,True,STRONG,Shape reproduced in 5/5 fold curves; positive out-of-fold R^2 (0.0507).,1200
MEASURE_ET_TFR_AB,SATURATION,positive,51.890818,,46.65 to 52.23,43.53 to 46.43,1.9649,4/5,5,2.2437,2.2321,0.515,0.0073,0.0175,4/5,False,STRONG,Shape reproduced in 4/5 fold curves; positive out-of-fold R^2 (0.0175).,1200
MEASURE_ET_DC_SEC_X_Vg_at_I1_neg_SD3p5,U_SHAPED,n/a,12.073357,,12.8 to 15.06,9.082 to 12.59,1.9613,5/5,5,2.2378,2.2061,1.416,0.0134,0.0378,4/5,True,STRONG,Shape reproduced in 5/5 fold curves; positive out-of-fold R^2 (0.0378).,1200
MEASURE_ET_RF_Modeling_Gm_err,THRESHOLD,positive,627.56958,,553.7 to 630.5,399.9 to 547.8,1.9578,5/5,5,2.23,2.2316,-0.075,0.019,0.0176,3/5,False,STRONG,Shape reproduced in 5/5 fold curves; positive out-of-fold R^2 (0.0176).,1200
OHMIC_ET_Rsh_an_ct2,INVERTED_U,n/a,122.459159,,112.1 to 126.5,127.4 to 137.3,1.9554,5/5,5,2.2522,2.1615,4.027,0.0008,0.0817,5/5,True,STRONG,Shape reproduced in 5/5 fold curves; positive out-of-fold R^2 (0.0817).,1200
TOPSIN_ET_DC_PIV_Ids0_QP3,PROCESS_WINDOW,n/a,5.580798,,2.991 to 5.677,5.869 to 7.212,1.9553,5/5,5,2.2568,2.2204,1.613,-0.0039,0.0277,5/5,True,STRONG,Shape reproduced in 5/5 fold curves; positive out-of-fold R^2 (0.0277).,1200
MEASURE_ET_ABVIETCH,THRESHOLD,positive,23.451761,,24.19 to 28.04,20.88 to 24,1.9542,5/5,5,2.171,2.0854,3.943,0.0665,0.1309,5/5,True,STRONG,Shape reproduced in 5/5 fold curves; positive out-of-fold R^2 (0.1309).,1200
MEASURE_ET_DC_Stress_Id_stress_after,SATURATION,positive,39.290382,,39.92 to 45.78,37.62 to 39.71,1.952,4/5,5,2.2485,2.2198,1.28,0.0046,0.0304,5/5,True,STRONG,Shape reproduced in 4/5 fold curves; positive out-of-fold R^2 (0.0304).,1200
MEASURE_ET_DC_SEC_X_Vboff_Id_FPSD3p2,THRESHOLD,positive,49.37879,,49.38 to 54.62,46.76 to 49.12,1.9514,4/5,5,2.2596,2.218,1.841,-0.0063,0.028,4/5,True,STRONG,Shape reproduced in 4/5 fold curves; positive out-of-fold R^2 (0.0280).,1200
TOPSIN_ET_DC_SMALL_Vbin_gd,THRESHOLD,positive,25.14847,,27.36 to 35.1,20.73 to 26.99,1.9497,5/5,5,2.1773,2.1838,-0.299,0.0673,0.0608,2/5,False,STRONG,Shape reproduced in 5/5 fold curves; positive out-of-fold R^2 (0.0608).,1200
THIN_ET_DC_RF_Id_gm_max,COMPLEX_NONLINEAR,n/a,457.686318,501.377983,575.1 to 629.7,515 to 569.6,1.9495,5/5,5,2.2412,2.1836,2.571,0.0098,0.0615,5/5,True,STRONG,Shape reproduced in 5/5 fold curves; positive out-of-fold R^2 (0.0615).,1200
MEASURE_ET_DC_SEC_X_Vp_0p7_mA_mm,THRESHOLD,positive,-0.81103,,-0.9157 to -0.7901,-1.181 to -0.9297,1.9484,5/5,5,2.2445,2.2278,0.74,0.0048,0.0222,3/5,False,STRONG,Shape reproduced in 5/5 fold curves; positive out-of-fold R^2 (0.0222).,1200
THIN_ET_DC_RF_Vdg_max,SATURATION,positive,68.909053,,63.01 to 69.4,59.82 to 62.77,1.9459,4/5,5,2.2343,2.2352,-0.038,0.0181,0.0178,3/5,False,STRONG,Shape reproduced in 4/5 fold curves; positive out-of-fold R^2 (0.0178).,1200
MEASURE_ET_DC_RF_CF_S11_Mag_L2180,U_SHAPED,n/a,15.656282,,14.78 to 16.95,13.12 to 14.67,1.9424,5/5,5,2.2389,2.2116,1.219,0.0108,0.0347,5/5,True,STRONG,Shape reproduced in 5/5 fold curves; positive out-of-fold R^2 (0.0347).,1200
TOPSIN_ET_DC_PIV_Gate_Lag_0,THRESHOLD,negative,6.155793,,1.607 to 5.577,5.742 to 8.058,1.9387,5/5,5,2.1839,2.1835,0.018,0.0629,0.0636,3/5,False,STRONG,Shape reproduced in 5/5 fold curves; positive out-of-fold R^2 (0.0636).,1200
MEASURE_ET_DC_PIV_Drain_Lag_Idss,COMPLEX_NONLINEAR,n/a,350.567643,393.062692,400.1 to 456.8,338.8 to 395.4,1.9378,4/5,5,2.2512,2.2286,1.005,0.0013,0.0197,4/5,True,STRONG,Shape reproduced in 4/5 fold curves; positive out-of-fold R^2 (0.0197).,1200
MEASURE_ET_DC_SEC_X_Bin_FPSD3p2,SATURATION,positive,58.445438,,57.56 to 59.77,51.39 to 57.34,1.9356,4/5,5,2.2508,2.2146,1.608,0.0009,0.0314,5/5,True,STRONG,Shape reproduced in 4/5 fold curves; positive out-of-fold R^2 (0.0314).,1200
MEASURE_ET_HIRS,COMPLEX_NONLINEAR,n/a,2.133131,3.852572,4.39 to 7.399,1.811 to 4.175,1.9355,5/5,5,2.2516,2.1995,2.315,0.001,0.0464,5/5,True,STRONG,Shape reproduced in 5/5 fold curves; positive out-of-fold R^2 (0.0464).,1200
MEASURE_ET_DC_SEC_X_Vg_at_I3_pos_FPSD3p2,U_SHAPED,n/a,54.803671,,55.81 to 59.4,52 to 55.59,1.9338,5/5,5,2.2187,2.1379,3.643,0.0307,0.1017,5/5,True,STRONG,Shape reproduced in 5/5 fold curves; positive out-of-fold R^2 (0.1017).,1200
MEASURE_ET_DC_RF_Min_S21_Mag_L1002,U_SHAPED,n/a,14.10375,,14.5 to 17.23,13.14 to 14.39,1.9229,5/5,5,2.2385,2.1991,1.76,0.0118,0.046,5/5,True,STRONG,Shape reproduced in 5/5 fold curves; positive out-of-fold R^2 (0.0460).,1200
MEASURE_ET_R414,SATURATION,positive,5.781349,,6.6 to 12.44,4.496 to 6.366,1.9211,5/5,5,2.2556,2.2172,1.7,-0.0022,0.0314,5/5,True,STRONG,Shape reproduced in 5/5 fold curves; positive out-of-fold R^2 (0.0314).,1200
THIN_ET_F_AB,U_SHAPED,n/a,82.625165,,84.12 to 89.54,78.97 to 83.84,1.9071,4/5,5,2.2274,2.1901,1.674,0.0204,0.0555,4/5,True,STRONG,Shape reproduced in 4/5 fold curves; positive out-of-fold R^2 (0.0555).,1200
MEASURE_ET_DC_RF_Min_S21_Ph_L1002,COMPLEX_NONLINEAR,n/a,13.910741,14.671593,14.94 to 16.03,13.97 to 14.83,1.9065,5/5,5,2.25,2.1713,3.498,0.0032,0.0735,5/5,True,STRONG,Shape reproduced in 5/5 fold curves; positive out-of-fold R^2 (0.0735).,1200
FIC_ET_DC_PIV_Ids1_QP1,COMPLEX_NONLINEAR,n/a,78.127802,83.066357,75.52 to 79.91,80.19 to 82.93,1.9037,4/5,5,2.2615,2.2064,2.437,-0.0085,0.0386,5/5,True,STRONG,Shape reproduced in 4/5 fold curves; positive out-of-fold R^2 (0.0386).,1200
BRGM_ET_lkg_C300,COMPLEX_NONLINEAR,n/a,502.805425,567.110974,575.9 to 640.2,511.6 to 570,1.9029,5/5,5,2.2535,2.2222,1.389,-0.001,0.0262,5/5,True,STRONG,Shape reproduced in 5/5 fold curves; positive out-of-fold R^2 (0.0262).,1200
THIN_ET_Rc_f_hr_23,SATURATION,negative,0.252448,,0.1366 to 0.2396,0.2433 to 0.28,1.8932,5/5,5,2.2422,2.217,1.123,0.0083,0.0335,4/5,True,STRONG,Shape reproduced in 5/5 fold curves; positive out-of-fold R^2 (0.0335).,1200
MEASURE_ET_DC_SMALL_Vds_max_0p1,SATURATION,positive,104.421262,,100.5 to 104.6,94.44 to 100.2,1.8911,4/5,5,2.2221,2.2011,0.946,0.0269,0.0468,4/5,False,STRONG,Shape reproduced in 4/5 fold curves; positive out-of-fold R^2 (0.0468).,1200
THIN_ET_Cap_C300,COMPLEX_NONLINEAR,n/a,0.758416,0.866197,0.7731 to 0.8907,0.9005 to 0.9789,1.8869,5/5,5,2.2565,2.2056,2.255,-0.0026,0.0428,5/5,True,STRONG,Shape reproduced in 5/5 fold curves; positive out-of-fold R^2 (0.0428).,1200
FP2_Height2_FP2_Height2,THRESHOLD,positive,36.819238,,35.44 to 37.06,33 to 35.28,1.8866,4/5,5,2.2497,2.1992,2.246,0.0023,0.0466,5/5,True,STRONG,Shape reproduced in 4/5 fold curves; positive out-of-fold R^2 (0.0466).,1200
TOPSIN_ET_C100CapUSV,COMPLEX_NONLINEAR,n/a,0.623046,0.691465,0.777 to 0.9138,0.9252 to 1.005,1.8856,5/5,5,2.2577,2.1768,3.58,-0.0038,0.0688,5/5,True,STRONG,Shape reproduced in 5/5 fold curves; positive out-of-fold R^2 (0.0688).,1200
SIN_GATE_ET_RGAN1,COMPLEX_NONLINEAR,n/a,38.291874,40.476829,33.43 to 36.01,36.21 to 38.79,1.8854,4/5,5,2.2571,2.2066,2.236,-0.0038,0.035,4/5,True,STRONG,Shape reproduced in 4/5 fold curves; positive out-of-fold R^2 (0.0350).,1200
FIC_ET_DC_RF_Vds_max_0p1,THRESHOLD,positive,29.73864,,30.16 to 36.09,27.83 to 29.95,1.8824,4/5,5,2.2533,2.2202,1.466,-0.0003,0.0282,5/5,True,STRONG,Shape reproduced in 4/5 fold curves; positive out-of-fold R^2 (0.0282).,1200
FIC_ET_R114,COMPLEX_NONLINEAR,n/a,13.120882,15.981761,9.71 to 13.89,14.11 to 16.53,1.8816,5/5,5,2.258,2.2081,2.211,-0.0046,0.0403,5/5,True,STRONG,Shape reproduced in 5/5 fold curves; positive out-of-fold R^2 (0.0403).,1200
MEASURE_ET_DC_RF_CF_S22_Mag_L1002,COMPLEX_NONLINEAR,n/a,15.390437,16.709129,14.63 to 15.85,13.21 to 14.53,1.8755,4/5,5,2.2178,2.1933,1.108,0.0315,0.0484,3/5,False,STRONG,Shape reproduced in 4/5 fold curves; positive out-of-fold R^2 (0.0484).,1200
THIN_ET_DC_RF_n_gd,THRESHOLD,positive,59.834412,,60.19 to 66.55,57.36 to 59.95,1.8746,4/5,5,2.2462,2.2113,1.551,0.0045,0.0361,5/5,True,STRONG,Shape reproduced in 4/5 fold curves; positive out-of-fold R^2 (0.0361).,1200
MEASURE_ET_DC_SEC_X_Ids_max_norm_SD3p5,SATURATION,negative,7.537129,,6.443 to 8.432,8.631 to 14.2,1.8722,5/5,5,2.24,2.251,-0.493,0.0113,0.0019,1/5,False,STRONG,Shape reproduced in 5/5 fold curves; positive out-of-fold R^2 (0.0019).,1200
THIN_ET_C200,SATURATION,positive,0.658688,,0.6473 to 0.9203,0.9317 to 1.023,1.8691,4/5,5,2.2643,2.2274,1.631,-0.0096,0.023,4/5,True,STRONG,Shape reproduced in 4/5 fold curves; positive out-of-fold R^2 (0.0230).,1200
MEASURE_ET_DC_SEC_S_Ig_mAmm_at_Vg_cond_neg_SD3p5,U_SHAPED,n/a,10.777412,,7.078 to 8.478,8.678 to 11.48,1.8659,5/5,5,2.2506,2.2047,2.038,0.0023,0.0444,4/5,True,STRONG,Shape reproduced in 5/5 fold curves; positive out-of-fold R^2 (0.0444).,1200
MEASURE_ET_DC_SEC_Vgs_back_1V,THRESHOLD,positive,69.657639,,69.78 to 74.12,65.68 to 69.54,1.8639,5/5,5,2.2144,2.1814,1.488,0.0302,0.0603,5/5,True,STRONG,Shape reproduced in 5/5 fold curves; positive out-of-fold R^2 (0.0603).,1200
MEASURE_ET_DC_SEC_S_Vg_at_I2_neg_SD3p5,U_SHAPED,n/a,14.886535,,15.88 to 19.41,13.23 to 15.66,1.8593,5/5,5,2.2572,2.2243,1.459,-0.0042,0.023,4/5,True,STRONG,Shape reproduced in 5/5 fold curves; positive out-of-fold R^2 (0.0230).,1200
MEASURE_ET_RF_Modeling_Id_gm_max_W,SATURATION,positive,430.221529,,581.1 to 636,498.8 to 575.6,1.8551,5/5,5,2.2532,2.2414,0.525,-0.0008,0.0098,4/5,False,STRONG,Shape reproduced in 5/5 fold curves; positive out-of-fold R^2 (0.0098).,1200
MEASURE_ET_DC_Diode_S11_dB_rev,SATURATION,negative,-7.752582,,-16.28 to -13.55,-13.32 to -10.37,1.846,5/5,5,2.2403,2.1505,4.005,0.0113,0.0857,5/5,True,STRONG,Shape reproduced in 5/5 fold curves; positive out-of-fold R^2 (0.0857).,1200
MEASURE_ET_DC_SEC_S_Ids_max_FPSD3p2,THRESHOLD,positive,33.984289,,32.12 to 35.66,27.99 to 31.92,1.8456,5/5,5,2.1897,2.1881,0.069,0.0543,0.0565,4/5,False,STRONG,Shape reproduced in 5/5 fold curves; positive out-of-fold R^2 (0.0565).,1200
TOPSIN_ET_DC_RF_Vt_gd,U_SHAPED,n/a,56.970946,,57.82 to 63.36,54.2 to 57.57,1.8425,4/5,5,2.2308,2.2181,0.571,0.0208,0.0312,4/5,False,STRONG,Shape reproduced in 4/5 fold curves; positive out-of-fold R^2 (0.0312).,1200
MEASURE_ET_C100,THRESHOLD,positive,0.649029,,0.8085 to 0.8955,0.6732 to 0.7989,1.8416,5/5,5,2.2567,2.2146,1.867,-0.0028,0.0344,5/5,True,STRONG,Shape reproduced in 5/5 fold curves; positive out-of-fold R^2 (0.0344).,1200
OHMIC_ET_R314,THRESHOLD,positive,31.226535,,31.33 to 36.72,28.63 to 31.12,1.8415,4/5,5,2.2363,2.2181,0.812,0.0144,0.0287,3/5,False,STRONG,Shape reproduced in 4/5 fold curves; positive out-of-fold R^2 (0.0287).,1200
FIC_ET_Vp_1,PROCESS_WINDOW,n/a,-0.983906,,-1.079 to -0.9394,-1.219 to -1.092,1.8399,4/5,5,2.255,2.2063,2.157,-0.0028,0.0379,4/5,True,STRONG,Shape reproduced in 4/5 fold curves; positive out-of-fold R^2 (0.0379).,1200
THIN_ET_TFR_AB,SATURATION,positive,90.904776,,89.73 to 92.55,83.4 to 89.5,1.8393,5/5,5,2.2329,2.2294,0.157,0.0149,0.0188,4/5,False,STRONG,Shape reproduced in 5/5 fold curves; positive out-of-fold R^2 (0.0188).,1200
MEASURE_ET_DC_RF_S11ang_10GHz,COMPLEX_NONLINEAR,n/a,-9.426262,-7.73978,-13.75 to -11.85,-11.64 to -9.532,1.8274,4/5,5,2.2384,2.1824,2.504,0.011,0.0594,5/5,True,STRONG,Shape reproduced in 4/5 fold curves; positive out-of-fold R^2 (0.0594).,1200
MEASURE_ET_RF_Modeling_Mag_d,COMPLEX_NONLINEAR,n/a,14.772223,15.832086,14.83 to 16.1,13.87 to 14.72,1.8175,5/5,5,2.2518,2.1936,2.584,0.0008,0.05,5/5,True,STRONG,Shape reproduced in 5/5 fold curves; positive out-of-fold R^2 (0.0500).,1200
TOPSIN_ET_Load_Pull_Vg,THRESHOLD,positive,92.907484,,91.57 to 96.12,85.68 to 91.3,1.8167,5/5,5,2.1875,2.1894,-0.083,0.0576,0.0568,3/5,False,STRONG,Shape reproduced in 5/5 fold curves; positive out-of-fold R^2 (0.0568).,1200
SIN_ET_DC_RF_Vbgs_0p01,U_SHAPED,n/a,26.604901,,28.51 to 35.11,21.57 to 28.17,1.8144,4/5,5,2.2144,2.1709,1.966,0.0347,0.075,4/5,True,STRONG,Shape reproduced in 4/5 fold curves; positive out-of-fold R^2 (0.0750).,1200
WIN_WIN_Alignment_WIN_to_FIN_Alignment,SATURATION,positive,0.03479,,-0.002515 to 0.01454,0.01667 to 0.03159,1.8069,5/5,5,2.249,2.2164,1.449,0.0034,0.0315,5/5,True,STRONG,Shape reproduced in 5/5 fold curves; positive out-of-fold R^2 (0.0315).,1200
MEASURE_ET_DC_SEC_X_Vboff_Id_plus_Ig_SD3p5,THRESHOLD,positive,64.921919,,65.41 to 69.76,60.33 to 65.16,1.8015,4/5,5,2.203,2.2079,-0.221,0.0384,0.0335,2/5,False,STRONG,Shape reproduced in 4/5 fold curves; positive out-of-fold R^2 (0.0335).,1200
MEASURE_ET_DC_SEC_S_Ig_cut3_mAmm_pos,THRESHOLD,positive,94.749264,,94.75 to 101.5,90.54 to 94.47,1.7984,4/5,5,2.2119,2.1988,0.596,0.0336,0.0459,4/5,False,STRONG,Shape reproduced in 4/5 fold curves; positive out-of-fold R^2 (0.0459).,1200
THIN_ET_Vbpin_D60,COMPLEX_NONLINEAR,n/a,23.063142,26.208103,28.76 to 35.45,23.65 to 28.37,1.7923,5/5,5,2.2332,2.1782,2.461,0.0187,0.0665,5/5,True,STRONG,Shape reproduced in 5/5 fold curves; positive out-of-fold R^2 (0.0665).,1200
MEASURE_ET_RF_Modeling_MAG_18,THRESHOLD,negative,16.694846,,13.71 to 14.98,15.08 to 16.45,1.7905,5/5,5,2.2618,2.2364,1.125,-0.0089,0.0081,3/5,False,STRONG,Shape reproduced in 5/5 fold curves; positive out-of-fold R^2 (0.0081).,1200
THIN_ET_Ran_con_3_OW_CR,THRESHOLD,positive,48.509919,,48.17 to 52.43,43.69 to 47.95,1.7893,5/5,5,2.2139,2.2234,-0.43,0.0365,0.0282,0/5,False,STRONG,Shape reproduced in 5/5 fold curves; positive out-of-fold R^2 (0.0282).,1200
MEASURE_ET_DC_SEC_S_Ig_cut3_mAmm_pos_FPSD3p2,THRESHOLD,positive,44.237059,,44.78 to 49.09,41.11 to 44.56,1.7864,5/5,5,2.215,2.1808,1.545,0.0315,0.0605,5/5,True,STRONG,Shape reproduced in 5/5 fold curves; positive out-of-fold R^2 (0.0605).,1200
FIN_FIN_Alignment_FIN_to_ohmic_alignment,THRESHOLD,negative,0.040005,,-0.04341 to -0.0137,-0.01142 to 0.03886,1.7857,4/5,5,2.2315,2.1951,1.631,0.0177,0.0501,5/5,True,STRONG,Shape reproduced in 4/5 fold curves; positive out-of-fold R^2 (0.0501).,1200
MEASURE_ET_DC_SEC_S_Vboff_Id,THRESHOLD,positive,36.649809,,37.91 to 43.43,34.47 to 37.68,1.7856,5/5,5,2.2143,2.2128,0.066,0.0337,0.0339,3/5,False,STRONG,Shape reproduced in 5/5 fold curves; positive out-of-fold R^2 (0.0339).,1200
SIN_ET_DC_RF_Gm_0,COMPLEX_NONLINEAR,n/a,511.968912,564.62636,572.5 to 630.4,519.9 to 567.3,1.7796,4/5,5,2.2429,2.2159,1.203,0.0085,0.0322,5/5,True,STRONG,Shape reproduced in 4/5 fold curves; positive out-of-fold R^2 (0.0322).,1200
SIN_ET_DC_RF_Gm_m0p2,THRESHOLD,negative,586.692568,,578.8 to 626.1,421 to 573.5,1.7768,4/5,5,2.2411,2.2254,0.704,0.0091,0.0214,4/5,False,STRONG,Shape reproduced in 4/5 fold curves; positive out-of-fold R^2 (0.0214).,1200
MEASURE_ET_DC_Stress_Vd_stress,SATURATION,negative,10.477607,,14.27 to 16.11,10.58 to 14.06,1.7666,5/5,5,2.2563,2.2351,0.941,-0.0034,0.0145,5/5,False,STRONG,Shape reproduced in 5/5 fold curves; positive out-of-fold R^2 (0.0145).,1200
SIN_ET_DC_RF_Vbgs1,THRESHOLD,positive,32.855158,,28.09 to 34.95,20.08 to 27.71,1.7644,4/5,5,2.2138,2.2152,-0.063,0.0347,0.0339,3/5,False,STRONG,Shape reproduced in 4/5 fold curves; positive out-of-fold R^2 (0.0339).,1200
MEASURE_ET_DC_RF_K,SATURATION,positive,72.556057,,72.8 to 76.28,76.53 to 80.01,1.7642,4/5,5,2.2569,2.234,1.016,-0.0041,0.016,5/5,True,STRONG,Shape reproduced in 4/5 fold curves; positive out-of-fold R^2 (0.0160).,1200
MEASURE_ET_DC_SEC_S_Ids_max,SATURATION,positive,48.718889,,54.45 to 56.79,51.06 to 54.24,1.7618,4/5,5,2.2472,2.2222,1.112,0.0064,0.0271,4/5,True,STRONG,Shape reproduced in 4/5 fold curves; positive out-of-fold R^2 (0.0271).,1200
MEASURE_ET_DC_Stress_Ig_max_after,COMPLEX_NONLINEAR,n/a,12.939927,14.662339,9.172 to 10.89,11.11 to 13.48,1.7572,5/5,5,2.2564,2.2194,1.642,-0.0033,0.0301,5/5,True,STRONG,Shape reproduced in 5/5 fold curves; positive out-of-fold R^2 (0.0301).,1200
THIN_ET_Rcat_cn_3_OW_ST,PROCESS_WINDOW,n/a,0.191518,,0.1623 to 0.2551,0.2586 to 0.2792,1.7513,5/5,5,2.2379,2.1756,2.784,0.0132,0.0697,5/5,True,STRONG,Shape reproduced in 5/5 fold curves; positive out-of-fold R^2 (0.0697).,1200
THIN_ET_Rcat_cn_2,THRESHOLD,negative,0.230763,,0.1401 to 0.2225,0.2258 to 0.2654,1.7504,5/5,5,2.2177,2.2052,0.563,0.0314,0.0414,4/5,False,STRONG,Shape reproduced in 5/5 fold curves; positive out-of-fold R^2 (0.0414).,1200
FIC_ET_DC_RF_Idss,COMPLEX_NONLINEAR,n/a,349.705509,381.439396,383.7 to 433.6,338.4 to 379.2,1.7454,4/5,5,2.2458,2.2248,0.938,0.0053,0.0251,4/5,False,STRONG,Shape reproduced in 4/5 fold curves; positive out-of-fold R^2 (0.0251).,1200
MEASURE_ET_DC_SEC_S_Ig_cut2_mAmm_pos,THRESHOLD,positive,92.120477,,90.18 to 94.89,84.08 to 89.9,1.7441,5/5,5,2.2071,2.1917,0.699,0.0375,0.051,4/5,False,STRONG,Shape reproduced in 5/5 fold curves; positive out-of-fold R^2 (0.0510).,1200
MEASURE_ET_DC_SEC_X_Ron_SD3p5,THRESHOLD,positive,39.807833,,39.92 to 44.5,36.03 to 39.69,1.7337,4/5,5,2.2233,2.2066,0.752,0.0287,0.0446,3/5,False,STRONG,Shape reproduced in 4/5 fold curves; positive out-of-fold R^2 (0.0446).,1200
MEASURE_ET_DC_RF2_S21ang_26GHz,THRESHOLD,positive,15.837179,,15.63 to 17.16,13.2 to 15.53,1.732,4/5,5,2.2173,2.2056,0.528,0.0299,0.0379,3/5,False,STRONG,Shape reproduced in 4/5 fold curves; positive out-of-fold R^2 (0.0379).,1200
MEASURE_ET_DC_SEC_S_ChipStatus,SATURATION,positive,59.363253,,54.89 to 59.79,51.48 to 54.67,1.7298,5/5,5,2.2309,2.2112,0.883,0.0172,0.0334,5/5,False,STRONG,Shape reproduced in 5/5 fold curves; positive out-of-fold R^2 (0.0334).,1200
MEASURE_ET_DC_RF_Max_S11_Ph_L1002,THRESHOLD,negative,-8.5437,,-11.51 to -7.335,-15.25 to -11.73,1.7219,4/5,5,2.245,2.2199,1.118,0.0065,0.0304,5/5,True,STRONG,Shape reproduced in 4/5 fold curves; positive out-of-fold R^2 (0.0304).,1200
FIC_ET_DC_RF_Id_gm_max,COMPLEX_NONLINEAR,n/a,503.971311,603.092403,433.5 to 490.9,496.1 to 579.6,1.721,5/5,5,2.2527,2.2127,1.776,0.0002,0.035,4/5,True,STRONG,Shape reproduced in 5/5 fold curves; positive out-of-fold R^2 (0.0350).,1200
MEASURE_ET_DC_RF_Vdg_max_0p1,THRESHOLD,positive,65.31503,,59.54 to 65.7,55.95 to 59.29,1.7191,5/5,5,2.2419,2.2032,1.726,0.0081,0.0438,4/5,True,STRONG,Shape reproduced in 5/5 fold curves; positive out-of-fold R^2 (0.0438).,1200
FIC_ET_DC_RF_Vbgd_0p01,THRESHOLD,positive,24.96799,,26.46 to 35.39,20.87 to 26.08,1.719,5/5,5,2.2335,2.2257,0.348,0.0157,0.0225,3/5,False,STRONG,Shape reproduced in 5/5 fold curves; positive out-of-fold R^2 (0.0225).,1200
MEASURE_ET_LT_SEC_Ig_Id_min_mA_mm_Vd3,SATURATION,positive,18.2759,,22.39 to 26.19,17.96 to 22.18,1.7181,5/5,5,2.2389,2.23,0.398,0.0129,0.0211,5/5,False,STRONG,Shape reproduced in 5/5 fold curves; positive out-of-fold R^2 (0.0211).,1200
FIC_ET_DC_RF_Vboff,THRESHOLD,positive,74.02592,,73.18 to 78.76,69.29 to 72.93,1.7174,5/5,5,2.2071,2.1963,0.489,0.0355,0.0439,4/5,False,STRONG,Shape reproduced in 5/5 fold curves; positive out-of-fold R^2 (0.0439).,1200
MEASURE_ET_DC_SEC_X_Ig_cut3_mAmm_pos_FPSD3p2,COMPLEX_NONLINEAR,n/a,29.188442,33.007705,30.36 to 33.33,26.32 to 30.14,1.707,4/5,5,2.2252,2.1925,1.47,0.0242,0.0532,5/5,True,STRONG,Shape reproduced in 4/5 fold curves; positive out-of-fold R^2 (0.0532).,1200
MEASURE_ET_DC_RF_Max_S11_Mag_L1002,SATURATION,positive,16.77179,,16.45 to 17.3,13.18 to 16.35,1.7013,4/5,5,2.2467,2.2393,0.327,0.0056,0.0122,4/5,False,STRONG,Shape reproduced in 4/5 fold curves; positive out-of-fold R^2 (0.0122).,1200
MEASURE_ET_Load_Pull_Freq,THRESHOLD,positive,67.772144,,68.02 to 74.15,64.58 to 67.77,1.7012,4/5,5,2.2445,2.2329,0.518,0.0041,0.0143,3/5,False,STRONG,Shape reproduced in 4/5 fold curves; positive out-of-fold R^2 (0.0143).,1200
MaskSetSupplyChipsCount,COMPLEX_NONLINEAR,n/a,1311.794872,1449.128205,1507 to 1634,1338 to 1497,1.7006,5/5,5,2.2485,2.2003,2.146,0.0037,0.0466,5/5,True,STRONG,Shape reproduced in 5/5 fold curves; positive out-of-fold R^2 (0.0466).,1200
MEASURE_ET_Ran_con_2_OW_CR,THRESHOLD,positive,57.771384,,59.35 to 63.84,55.07 to 59.12,1.6994,4/5,5,2.223,2.2023,0.932,0.0267,0.0464,4/5,False,STRONG,Shape reproduced in 4/5 fold curves; positive out-of-fold R^2 (0.0464).,1200
THIN_ET_DC_RF_Vds_max,THRESHOLD,positive,77.793518,,76.55 to 80.03,70.35 to 76.3,1.6988,4/5,5,2.2215,2.2276,-0.274,0.0293,0.0234,1/5,False,STRONG,Shape reproduced in 4/5 fold curves; positive out-of-fold R^2 (0.0234).,1200
TOPSIN_ET_sh_GA144,THRESHOLD,negative,12.421898,,4.816 to 6.792,6.989 to 9.36,1.6985,4/5,5,2.2527,2.2175,1.562,0.0001,0.0299,4/5,True,STRONG,Shape reproduced in 4/5 fold curves; positive out-of-fold R^2 (0.0299).,1200
FIC_ET_Rc_f_tn_23,THRESHOLD,negative,0.237579,,0.1553 to 0.2263,0.2295 to 0.2811,1.6984,5/5,5,2.2323,2.2245,0.348,0.0147,0.0243,3/5,False,STRONG,Shape reproduced in 5/5 fold curves; positive out-of-fold R^2 (0.0243).,1200
FMESA_ET_Vbkd,COMPLEX_NONLINEAR,n/a,27.50965,33.163688,25.27 to 27.86,28.1 to 33.05,1.6916,4/5,5,2.2605,2.1999,2.681,-0.009,0.0406,4/5,True,STRONG,Shape reproduced in 4/5 fold curves; positive out-of-fold R^2 (0.0406).,1200
FIC_ET_Vd_at_Id_cut_cond,THRESHOLD,positive,98.26885,,98.56 to 104.7,93.26 to 98.27,1.6884,5/5,5,2.2134,2.2055,0.356,0.0317,0.0382,4/5,False,STRONG,Shape reproduced in 5/5 fold curves; positive out-of-fold R^2 (0.0382).,1200
TOPSIN_ET_DC_SMALL_Gm_m0p2,COMPLEX_NONLINEAR,n/a,568.694967,616.939427,582.1 to 630.3,523.1 to 576.7,1.6876,5/5,5,2.2537,2.2208,1.462,-0.0012,0.0256,5/5,True,STRONG,Shape reproduced in 5/5 fold curves; positive out-of-fold R^2 (0.0256).,1200
SIN_Thickness_SiN_Thickness,THRESHOLD,positive,0.161001,,0.1444 to 0.1559,0.1378 to 0.1438,1.6853,4/5,5,2.261,2.2138,2.088,-0.007,0.035,4/5,True,STRONG,Shape reproduced in 4/5 fold curves; positive out-of-fold R^2 (0.0350).,1200
MEASURE_ET_RF_Modeling_Delta_MAG_19G,THRESHOLD,positive,15.55078,,15.76 to 17.13,13.03 to 15.66,1.6813,5/5,5,2.2434,2.2199,1.047,0.0084,0.0283,4/5,True,STRONG,Shape reproduced in 5/5 fold curves; positive out-of-fold R^2 (0.0283).,1200
MEASURE_ET_DC_RF_S12ang_26GHz_W,SATURATION,positive,-27.367686,,-27.47 to -24.06,-23.85 to -21.29,1.6751,5/5,5,2.256,2.2026,2.367,-0.0033,0.0435,5/5,True,STRONG,Shape reproduced in 5/5 fold curves; positive out-of-fold R^2 (0.0435).,1200
MEASURE_ET_DC_SEC_Vds_min_ON,U_SHAPED,n/a,30.345192,,31.38 to 36.21,27.7 to 31.15,1.6712,5/5,5,2.2421,2.189,2.367,0.0074,0.052,5/5,True,STRONG,Shape reproduced in 5/5 fold curves; positive out-of-fold R^2 (0.0520).,1200
TOPSIN_ET_DC_RF_Id_gm_max,COMPLEX_NONLINEAR,n/a,516.645968,573.125642,452.5 to 498.7,503.8 to 570.6,1.6706,4/5,5,2.2468,2.211,1.594,0.0045,0.0348,4/5,True,STRONG,Shape reproduced in 4/5 fold curves; positive out-of-fold R^2 (0.0348).,1200
MEASURE_ET_DC_SEC_S_Ron_FPSD3p2,THRESHOLD,positive,6.921848,,7.019 to 8.957,5.081 to 6.825,1.6685,5/5,5,2.258,2.2496,0.37,-0.0044,0.0015,2/5,False,STRONG,Shape reproduced in 5/5 fold curves; positive out-of-fold R^2 (0.0015).,1200
TOPSIN_ET_Gm_m2,SATURATION,positive,593.267992,,577.4 to 619.8,413.1 to 572.1,1.6632,5/5,5,2.2338,2.2252,0.382,0.0165,0.0224,3/5,False,STRONG,Shape reproduced in 5/5 fold curves; positive out-of-fold R^2 (0.0224).,1200
MEASURE_ET_DC_RF_CF_S21_Ph_L2180,THRESHOLD,positive,16.501771,,15.66 to 16.89,12.64 to 13.98,1.663,4/5,5,2.2393,2.2262,0.582,0.0118,0.0238,5/5,False,STRONG,Shape reproduced in 4/5 fold curves; positive out-of-fold R^2 (0.0238).,1200
MEASURE_ET_DC_RF_Vds_max_0p1,SATURATION,positive,42.11632,,41.76 to 43.92,34.8 to 41.52,1.6595,5/5,5,2.2532,2.2426,0.468,-0.0019,0.0079,3/5,False,STRONG,Shape reproduced in 5/5 fold curves; positive out-of-fold R^2 (0.0079).,1200
TOPSIN_ET_DC_SMALL_Vds_max_0p1,COMPLEX_NONLINEAR,n/a,50.854242,54.023659,51.87 to 55.27,48.48 to 51.65,1.6591,5/5,5,2.232,2.1859,2.069,0.0199,0.0594,5/5,True,STRONG,Shape reproduced in 5/5 fold curves; positive out-of-fold R^2 (0.0594).,1200
MEASURE_ET_RF_Modeling_Ft,COMPLEX_NONLINEAR,n/a,7.629952,9.140071,7.738 to 9.895,10.11 to 12.27,1.6516,5/5,5,2.2541,2.1454,4.821,-0.0053,0.0894,5/5,True,STRONG,Shape reproduced in 5/5 fold curves; positive out-of-fold R^2 (0.0894).,1200
MEASURE_ET_R314,SATURATION,positive,95.290517,,97.32 to 103.9,94.02 to 97.07,1.6506,5/5,5,2.2214,2.2189,0.111,0.0283,0.0305,2/5,False,STRONG,Shape reproduced in 5/5 fold curves; positive out-of-fold R^2 (0.0305).,1200
MEASURE_ET_DC_RF_Min_S21_Mag_L2180,SATURATION,positive,16.258451,,16.17 to 16.77,13.43 to 16.09,1.6496,5/5,5,2.2575,2.2396,0.794,-0.0046,0.0113,5/5,False,STRONG,Shape reproduced in 5/5 fold curves; positive out-of-fold R^2 (0.0113).,1200
TOPSIN_ET_C450pf_0,THRESHOLD,positive,91.945618,,92.1 to 97.82,89.08 to 91.79,1.645,5/5,5,2.2547,2.2155,1.737,-0.0026,0.0315,5/5,True,STRONG,Shape reproduced in 5/5 fold curves; positive out-of-fold R^2 (0.0315).,1200
MEASURE_ET_Rsh_TF_AB2,SATURATION,negative,110.958889,,120.5 to 126.4,111.6 to 119.9,1.642,5/5,5,2.2554,2.2256,1.323,-0.0027,0.0231,4/5,True,STRONG,Shape reproduced in 5/5 fold curves; positive out-of-fold R^2 (0.0231).,1200
MEASURE_ET_Load_Pull_ID_comp_Last_mA,U_SHAPED,n/a,5.276938,,5.918 to 9.946,3.72 to 5.735,1.6413,5/5,5,2.256,2.2403,0.697,-0.0028,0.0123,4/5,False,STRONG,Shape reproduced in 5/5 fold curves; positive out-of-fold R^2 (0.0123).,1200
MEASURE_ET_RGAN1,THRESHOLD,positive,37.013141,,37.01 to 42.47,34.06 to 36.79,1.6395,5/5,5,2.2434,2.2306,0.568,0.0055,0.0133,4/5,False,STRONG,Shape reproduced in 5/5 fold curves; positive out-of-fold R^2 (0.0133).,1200
MEASURE_ET_DC_Stress_Vg_gm_max_after,COMPLEX_NONLINEAR,n/a,450.252103,489.815394,458.7 to 503.9,509.6 to 571.8,1.6361,5/5,5,2.2546,2.1968,2.565,-0.0018,0.0495,5/5,True,STRONG,Shape reproduced in 5/5 fold curves; positive out-of-fold R^2 (0.0495).,1200
MEASURE_ET_DC_SEC_S_Ig_cut1_mAmm_neg_FPSD3p2,COMPLEX_NONLINEAR,n/a,9.224435,10.76675,4.928 to 6.691,6.911 to 9.555,1.6357,5/5,5,2.2575,2.2266,1.37,-0.0043,0.0209,4/5,True,STRONG,Shape reproduced in 5/5 fold curves; positive out-of-fold R^2 (0.0209).,1200
MEASURE_ET_LT_SEC_Id_min_mA_mm_Vd7,THRESHOLD,positive,50.914011,,51.4 to 56.29,46.76 to 51.16,1.6353,5/5,5,2.2129,2.2065,0.289,0.0356,0.0407,4/5,False,STRONG,Shape reproduced in 5/5 fold curves; positive out-of-fold R^2 (0.0407).,1200
TOPSIN_ET_Rc_OG144,SATURATION,negative,0.272334,,0.1447 to 0.2196,0.223 to 0.2774,1.6333,5/5,5,2.198,2.166,1.454,0.0472,0.0758,5/5,True,STRONG,Shape reproduced in 5/5 fold curves; positive out-of-fold R^2 (0.0758).,1200
MEASURE_ET_RF_Modeling_Rgd_err,THRESHOLD,positive,84.553651,,84.8 to 89.38,79.96 to 84.55,1.6325,5/5,5,2.2026,2.2076,-0.227,0.0449,0.0401,3/5,False,STRONG,Shape reproduced in 5/5 fold curves; positive out-of-fold R^2 (0.0401).,1200
MEASURE_ET_I_5,THRESHOLD,positive,52.006936,,51.77 to 55.8,46.56 to 51.53,1.6319,4/5,5,2.2214,2.1967,1.108,0.0286,0.0516,5/5,True,STRONG,Shape reproduced in 4/5 fold curves; positive out-of-fold R^2 (0.0516).,1200
MEASURE_ET_DC_SEC_X_Vg_at_I3_pos,U_SHAPED,n/a,39.357019,,40.55 to 43.79,37.3 to 40.33,1.6278,4/5,5,2.2445,2.1861,2.602,0.0092,0.0616,5/5,True,STRONG,Shape reproduced in 4/5 fold curves; positive out-of-fold R^2 (0.0616).,1200
MEASURE_ET_DC_SEC_X_Vg_at_I3_neg_SD3p5,COMPLEX_NONLINEAR,n/a,52.282808,54.412864,47.67 to 50.03,50.27 to 52.64,1.6255,5/5,5,2.2571,2.2162,1.813,-0.0039,0.0309,5/5,True,STRONG,Shape reproduced in 5/5 fold curves; positive out-of-fold R^2 (0.0309).,1200
MEASURE_ET_C300FM1_0,THRESHOLD,positive,0.687268,,0.6521 to 0.8396,0.8513 to 0.9919,1.624,4/5,5,2.239,2.2102,1.287,0.0131,0.0386,4/5,True,STRONG,Shape reproduced in 4/5 fold curves; positive out-of-fold R^2 (0.0386).,1200
THIN_ET_R_4000_HOR,SATURATION,negative,18.797035,,20.87 to 23.9,18.61 to 20.69,1.6185,4/5,5,2.2583,2.215,1.918,-0.0052,0.0325,5/5,True,STRONG,Shape reproduced in 4/5 fold curves; positive out-of-fold R^2 (0.0325).,1200
SIN_ET_DC_RF_Vg_optt1,THRESHOLD,positive,71.924793,,70.32 to 75.94,65.51 to 70.05,1.6177,5/5,5,2.2076,2.2163,-0.397,0.0379,0.0302,0/5,False,STRONG,Shape reproduced in 5/5 fold curves; positive out-of-fold R^2 (0.0302).,1200
TOPSIN_ET_TR_1F,THRESHOLD,positive,14.938303,,13.05 to 15.49,7.273 to 10.61,1.6148,4/5,5,2.2354,2.2201,0.686,0.0154,0.0295,5/5,False,STRONG,Shape reproduced in 4/5 fold curves; positive out-of-fold R^2 (0.0295).,1200
TOPSIN_ET_DC_SMALL_Vt_gs,COMPLEX_NONLINEAR,n/a,14.454597,16.791228,14.56 to 17.32,12.22 to 14.35,1.6058,4/5,5,2.2558,2.2031,2.337,-0.0033,0.0378,3/5,False,STRONG,Shape reproduced in 4/5 fold curves; positive out-of-fold R^2 (0.0378).,1200
GATE2_Thickness4_PMMA_PR_etch_thickness,THRESHOLD,negative,0.811521,,0.7428 to 0.8048,0.8075 to 0.8479,1.6036,4/5,5,2.234,2.2179,0.72,0.0165,0.0296,4/5,False,STRONG,Shape reproduced in 4/5 fold curves; positive out-of-fold R^2 (0.0296).,1200
MEASURE_ET_DC_SEC_S_Ron,SATURATION,positive,22.893301,,17.25 to 20.79,14.81 to 17.03,1.5976,5/5,5,2.2655,2.2141,2.27,-0.0113,0.0322,5/5,True,STRONG,Shape reproduced in 5/5 fold curves; positive out-of-fold R^2 (0.0322).,1200
MEASURE_ET_DC_RF_Id_Vbon_min,THRESHOLD,positive,39.931513,,37.22 to 40.29,34.16 to 36.98,1.5955,4/5,5,2.2418,2.2158,1.162,0.0107,0.0335,5/5,True,STRONG,Shape reproduced in 4/5 fold curves; positive out-of-fold R^2 (0.0335).,1200
MEASURE_ET_DC_Stress_Vp_after,SATURATION,positive,-0.862694,,-1.088 to -0.9755,-1.272 to -1.102,1.5948,4/5,5,2.2656,2.2458,0.875,-0.013,0.0038,4/5,False,STRONG,Shape reproduced in 4/5 fold curves; positive out-of-fold R^2 (0.0038).,1200
MEASURE_ET_DC_RF_CF_S21_Mag_L1018,THRESHOLD,negative,16.54863,,14.4 to 15.87,12.83 to 14.3,1.5917,5/5,5,2.2463,2.201,2.018,0.0074,0.0468,5/5,True,STRONG,Shape reproduced in 5/5 fold curves; positive out-of-fold R^2 (0.0468).,1200
THIN_ET_DC_RF_Vg_optt2,THRESHOLD,positive,62.299195,,56.61 to 62.42,53.36 to 56.38,1.5897,5/5,5,2.2189,2.1841,1.569,0.0311,0.0626,5/5,True,STRONG,Shape reproduced in 5/5 fold curves; positive out-of-fold R^2 (0.0626).,1200
MEASURE_ET_RF_Modeling_L_Gd,SATURATION,positive,56.338036,,57.84 to 63.38,55.53 to 57.61,1.5893,4/5,5,2.2443,2.2338,0.465,0.0081,0.0156,4/5,False,STRONG,Shape reproduced in 4/5 fold curves; positive out-of-fold R^2 (0.0156).,1200
MEASURE_ET_DC_RF_Gm_0,COMPLEX_NONLINEAR,n/a,514.065972,568.879614,577.1 to 631.9,505.8 to 571.6,1.5881,5/5,5,2.2564,2.2256,1.366,-0.0038,0.0209,5/5,True,STRONG,Shape reproduced in 5/5 fold curves; positive out-of-fold R^2 (0.0209).,1200
FIC_ET_DC_RF_Vds_max,COMPLEX_NONLINEAR,n/a,18.829529,21.290288,19.55 to 22.01,17.29 to 19.34,1.5876,4/5,5,2.2546,2.2087,2.039,-0.0018,0.039,5/5,True,STRONG,Shape reproduced in 4/5 fold curves; positive out-of-fold R^2 (0.0390).,1200
MEASURE_ET_DC_RF_S22ang_26GHz,SATURATION,negative,-14.394613,,-9.178 to -7.717,-14.6 to -11.68,1.5866,5/5,5,2.2568,2.2453,0.507,-0.0041,0.0017,3/5,False,STRONG,Shape reproduced in 5/5 fold curves; positive out-of-fold R^2 (0.0017).,1200
THIN_ET_R_400_HOR,THRESHOLD,positive,34.926286,,35.03 to 40.86,32.74 to 34.82,1.5782,5/5,5,2.2573,2.2389,0.816,-0.0069,0.0102,4/5,False,STRONG,Shape reproduced in 5/5 fold curves; positive out-of-fold R^2 (0.0102).,1200
MEASURE_ET_DC_SEC_X_Id_at_Vboff_mA_mm_SD3p5,COMPLEX_NONLINEAR,n/a,8.348843,12.987554,8.454 to 11.2,11.41 to 15.2,1.5759,5/5,5,2.2435,2.2114,1.43,0.0087,0.0375,5/5,True,STRONG,Shape reproduced in 5/5 fold curves; positive out-of-fold R^2 (0.0375).,1200
TOPSIN_ET_R314,THRESHOLD,positive,64.847631,,65.09 to 70.46,60.95 to 64.85,1.5644,5/5,5,2.2247,2.196,1.294,0.0195,0.0458,4/5,True,STRONG,Shape reproduced in 5/5 fold curves; positive out-of-fold R^2 (0.0458).,1200
SIN_GATE_ET_R314,SATURATION,positive,64.801236,,70.65 to 74.47,64.55 to 70.4,1.5643,5/5,5,2.2331,2.2168,0.731,0.0156,0.0286,4/5,False,STRONG,Shape reproduced in 5/5 fold curves; positive out-of-fold R^2 (0.0286).,1200
MEASURE_ET_DC_SEC_S_Bin_FPSD3p2,SATURATION,positive,96.984402,,90.65 to 97.54,86.79 to 90.37,1.555,5/5,5,2.2392,2.2355,0.165,0.0131,0.0159,4/5,False,STRONG,Shape reproduced in 5/5 fold curves; positive out-of-fold R^2 (0.0159).,1200
MEASURE_ET_R_660_HOR,COMPLEX_NONLINEAR,n/a,39.025724,41.481913,39.64 to 45.29,37.18 to 39.39,1.5546,5/5,5,2.2557,2.2279,1.234,-0.0032,0.0202,4/5,True,STRONG,Shape reproduced in 5/5 fold curves; positive out-of-fold R^2 (0.0202).,1200
MEASURE_ET_Rc_F_AB_2,THRESHOLD,positive,0.264319,,0.195 to 0.2437,0.1613 to 0.1913,1.5488,4/5,5,2.2509,2.1998,2.27,0.0013,0.0482,5/5,True,STRONG,Shape reproduced in 4/5 fold curves; positive out-of-fold R^2 (0.0482).,1200
MEASURE_ET_LT_SEC_Vg_Id_min,THRESHOLD,negative,11.385528,,6.579 to 8.144,4.12 to 6.356,1.5466,4/5,5,2.2441,2.2024,1.86,0.0055,0.0441,5/5,True,STRONG,Shape reproduced in 4/5 fold curves; positive out-of-fold R^2 (0.0441).,1200
OHMIC_ET_Ran_con_2,U_SHAPED,n/a,51.38798,,49.71 to 52.03,46.88 to 49.46,1.5398,5/5,5,2.2567,2.2357,0.932,-0.0046,0.0135,4/5,False,STRONG,Shape reproduced in 5/5 fold curves; positive out-of-fold R^2 (0.0135).,1200
MEASURE_ET_DC_RF_Vboff,COMPLEX_NONLINEAR,n/a,9.293999,10.92629,9.747 to 11.56,5.576 to 9.566,1.535,5/5,5,2.2579,2.2206,1.652,-0.0049,0.0283,5/5,True,STRONG,Shape reproduced in 5/5 fold curves; positive out-of-fold R^2 (0.0283).,1200
MEASURE_ET_DC_SEC_Ids_m0p2,THRESHOLD,positive,79.660712,,78.34 to 83.64,73.3 to 78.07,1.5344,5/5,5,2.2136,2.2198,-0.282,0.0326,0.0272,1/5,False,STRONG,Shape reproduced in 5/5 fold curves; positive out-of-fold R^2 (0.0272).,1200
MEASURE_ET_DC_SEC_X_Ig_mAmm_at_Vg_cond_pos_SD3p5,THRESHOLD,positive,77.838009,,79.13 to 84.52,75.37 to 78.89,1.5327,4/5,5,2.2348,2.2313,0.156,0.0149,0.0185,3/5,False,STRONG,Shape reproduced in 4/5 fold curves; positive out-of-fold R^2 (0.0185).,1200
MEASURE_ET_RF_Modeling_MAG_19G_Before,SATURATION,positive,13.151039,,15.14 to 16.71,13.1 to 15.04,1.528,5/5,5,2.2225,2.2014,0.952,0.0277,0.0478,4/5,False,STRONG,Shape reproduced in 5/5 fold curves; positive out-of-fold R^2 (0.0478).,1200
MEASURE_ET_DC_RF_CF_S22_Mag_L1018,THRESHOLD,positive,14.115658,,14.56 to 16.83,13.08 to 14.46,1.5269,5/5,5,2.2409,2.2028,1.699,0.011,0.0455,5/5,True,STRONG,Shape reproduced in 5/5 fold curves; positive out-of-fold R^2 (0.0455).,1200
MEASURE_ET_DC_SEC_S_Vp_1_mA_mm_first_SD3p5,SATURATION,positive,-0.806962,,-1.099 to -0.793,-1.322 to -1.113,1.5219,5/5,5,2.2525,2.2388,0.604,-0.0019,0.0126,3/5,False,STRONG,Shape reproduced in 5/5 fold curves; positive out-of-fold R^2 (0.0126).,1200
MEASURE_ET_DC_Diode_S21_dB_rev,INVERTED_U,n/a,16.089127,,15.79 to 17.22,13.17 to 15.67,1.5116,4/5,5,2.2434,2.2316,0.525,0.0093,0.0204,4/5,False,STRONG,Shape reproduced in 4/5 fold curves; positive out-of-fold R^2 (0.0204).,1200
MEASURE_ET_i5021_1,THRESHOLD,negative,20.541533,,17.29 to 18.86,14.52 to 17.09,1.511,5/5,5,2.258,2.2476,0.461,-0.0055,0.0034,4/5,False,STRONG,Shape reproduced in 5/5 fold curves; positive out-of-fold R^2 (0.0034).,1200
MEASURE_ET_RF_Modeling_S12dB_10GHz,SATURATION,positive,-29.756891,,-29.88 to -25.1,-24.85 to -20.07,1.5099,5/5,5,2.2437,2.2146,1.297,0.0085,0.0352,4/5,True,STRONG,Shape reproduced in 5/5 fold curves; positive out-of-fold R^2 (0.0352).,1200
MESA_ET_Vbkd,THRESHOLD,positive,52.390857,,49.52 to 52.51,43.78 to 49.29,1.5057,5/5,5,2.2471,2.2185,1.273,0.0054,0.0302,5/5,True,STRONG,Shape reproduced in 5/5 fold curves; positive out-of-fold R^2 (0.0302).,1200
FIC_ET_DC_RF_Vt_gs,THRESHOLD,positive,92.433227,,92.58 to 97.51,86.19 to 92.29,1.5044,5/5,5,2.2256,2.2064,0.859,0.0246,0.04,4/5,False,STRONG,Shape reproduced in 5/5 fold curves; positive out-of-fold R^2 (0.0400).,1200
MEASURE_ET_DC_SEC_S_Ig_mAmm_at_Vg_cond_neg_FPSD3p2,SATURATION,negative,18.937396,,22.51 to 26.32,18.22 to 22.27,1.5015,5/5,5,2.24,2.2294,0.474,0.0095,0.0128,3/5,False,STRONG,Shape reproduced in 5/5 fold curves; positive out-of-fold R^2 (0.0128).,1200
ANODE_ET_C_AN_2,U_SHAPED,n/a,39.587019,,40.3 to 43.75,37.05 to 40.09,1.4925,5/5,5,2.2395,2.2035,1.607,0.0086,0.0396,5/5,True,STRONG,Shape reproduced in 5/5 fold curves; positive out-of-fold R^2 (0.0396).,1200
MEASURE_ET_i5021_3,THRESHOLD,positive,62.593143,,57.01 to 63.24,53.11 to 56.75,1.4882,5/5,5,2.2441,2.2049,1.746,0.0084,0.0432,5/5,True,STRONG,Shape reproduced in 5/5 fold curves; positive out-of-fold R^2 (0.0432).,1200
MEASURE_ET_DC_RD_Vbon_min,THRESHOLD,positive,81.072702,,80.64 to 84.7,77.15 to 80.35,1.4867,4/5,5,2.25,2.2439,0.269,0.0009,0.0073,4/5,False,STRONG,Shape reproduced in 4/5 fold curves; positive out-of-fold R^2 (0.0073).,1200
MEASURE_ET_DC_SEC_Vgs_0p1V,SATURATION,negative,14.679438,,14.26 to 19.28,19.49 to 22.42,1.4809,5/5,5,2.248,2.2434,0.205,0.0039,0.0088,4/5,False,STRONG,Shape reproduced in 5/5 fold curves; positive out-of-fold R^2 (0.0088).,1200
MEASURE_ET_DC_RD_S22ang_18GHz,SATURATION,positive,-7.985572,,-15.29 to -10.68,-10.48 to -7.793,1.4764,4/5,5,2.2346,2.2243,0.462,0.0167,0.0254,4/5,False,STRONG,Shape reproduced in 4/5 fold curves; positive out-of-fold R^2 (0.0254).,1200
THIN_ET_R_f_hr_1,SATURATION,positive,102.081905,,100.7 to 104.3,93.5 to 100.4,1.476,4/5,5,2.2293,2.2197,0.428,0.0224,0.0309,4/5,False,STRONG,Shape reproduced in 4/5 fold curves; positive out-of-fold R^2 (0.0309).,1200
SIN_ET_TR_1F,SATURATION,positive,47.177544,,47.28 to 51.34,51.55 to 54.11,1.4742,5/5,5,2.2564,2.2232,1.473,-0.0035,0.0271,5/5,True,STRONG,Shape reproduced in 5/5 fold curves; positive out-of-fold R^2 (0.0271).,1200
TOPSIN_ET_R_f_tn_1,THRESHOLD,positive,83.462217,,84.86 to 89.93,80.04 to 84.6,1.4704,4/5,5,2.2106,2.1892,0.968,0.0371,0.0557,5/5,False,STRONG,Shape reproduced in 4/5 fold curves; positive out-of-fold R^2 (0.0557).,1200
TOPSIN_ET_Load_Pull_Freq,THRESHOLD,negative,45.329324,,41.95 to 45.07,45.33 to 48.71,1.4684,5/5,5,2.2599,2.2079,2.299,-0.0084,0.0399,5/5,True,STRONG,Shape reproduced in 5/5 fold curves; positive out-of-fold R^2 (0.0399).,1200
MEASURE_ET_DC_RF2_MAG_26GHz,U_SHAPED,n/a,14.903255,,15.25 to 17.02,13.18 to 15.15,1.4659,4/5,5,2.2272,2.2091,0.81,0.0212,0.038,3/5,False,STRONG,Shape reproduced in 4/5 fold curves; positive out-of-fold R^2 (0.0380).,1200
THIN_ET_Ran_con_2,SATURATION,positive,32.049678,,25.77 to 29.8,23.4 to 25.54,1.4652,4/5,5,2.2639,2.2402,1.047,-0.011,0.0089,4/5,True,STRONG,Shape reproduced in 4/5 fold curves; positive out-of-fold R^2 (0.0089).,1200
MEASURE_ET_C_CAT_2,COMPLEX_NONLINEAR,n/a,2.099022,3.88799,-1.568 to 0.3995,0.5784 to 2.725,1.4614,5/5,5,2.2565,2.2111,2.012,-0.0036,0.0364,5/5,True,STRONG,Shape reproduced in 5/5 fold curves; positive out-of-fold R^2 (0.0364).,1200
MEASURE_ET_DC_SEC_X_Ig_cut2_mAmm_neg_SD3p5,SATURATION,positive,93.49045,,101.4 to 103.9,96.32 to 101.2,1.46,5/5,5,2.2518,2.2206,1.384,-0.0013,0.0272,5/5,True,STRONG,Shape reproduced in 5/5 fold curves; positive out-of-fold R^2 (0.0272).,1200
SIN_ET_DC_RF_Vdg_max_0p1,THRESHOLD,positive,100.538348,,101.1 to 104.6,93.35 to 100.8,1.458,4/5,5,2.2329,2.2366,-0.162,0.0163,0.0125,1/5,False,STRONG,Shape reproduced in 4/5 fold curves; positive out-of-fold R^2 (0.0125).,1200
MEASURE_ET_Vbpin_D60,THRESHOLD,positive,31.660686,,30.9 to 35.45,20.66 to 30.52,1.4571,5/5,5,2.1935,2.067,5.765,0.0529,0.1497,5/5,True,STRONG,Shape reproduced in 5/5 fold curves; positive out-of-fold R^2 (0.1497).,1200
MEASURE_ET_Rsh_F_AB_2,COMPLEX_NONLINEAR,n/a,115.589165,121.767366,111.6 to 117.8,118.4 to 123.3,1.4547,5/5,5,2.2527,2.2182,1.532,-0.0007,0.0288,4/5,True,STRONG,Shape reproduced in 5/5 fold curves; positive out-of-fold R^2 (0.0288).,1200
MEASURE_ET_RF_Modeling_ids_m0p2_W,SATURATION,negative,43.671391,,42.11 to 43.87,44.06 to 47.98,1.4481,4/5,5,2.2584,2.2309,1.221,-0.0057,0.0178,4/5,True,STRONG,Shape reproduced in 4/5 fold curves; positive out-of-fold R^2 (0.0178).,1200
FIC_ET_GT_lin25,THRESHOLD,positive,43.56006,,43.9 to 48.01,39.11 to 43.67,1.4475,5/5,5,2.2126,2.2119,0.031,0.0329,0.034,3/5,False,STRONG,Shape reproduced in 5/5 fold curves; positive out-of-fold R^2 (0.0340).,1200
MEASURE_ET_Rc_OG144,COMPLEX_NONLINEAR,n/a,0.170165,0.275568,0.1799 to 0.219,0.2229 to 0.258,1.4407,5/5,5,2.2574,2.133,5.51,-0.0048,0.1003,5/5,True,STRONG,Shape reproduced in 5/5 fold curves; positive out-of-fold R^2 (0.1003).,1200
MEASURE_ET_DC_SEC_S_Ig_cut3_mAmm_pos_SD3p5,THRESHOLD,positive,94.573186,,96.52 to 100.7,90.96 to 96.24,1.439,5/5,5,2.2359,2.2092,1.191,0.0164,0.0397,5/5,True,STRONG,Shape reproduced in 5/5 fold curves; positive out-of-fold R^2 (0.0397).,1200
MEASURE_ET_Vk,SATURATION,positive,62.765248,,64.06 to 68.53,68.77 to 70.65,1.4378,5/5,5,2.2544,2.2361,0.809,-0.0023,0.0145,5/5,False,STRONG,Shape reproduced in 5/5 fold curves; positive out-of-fold R^2 (0.0145).,1200
TOPSIN_ET_DC_RF_Vg_optt,THRESHOLD,positive,72.541909,,73.05 to 78.42,68.45 to 72.8,1.4359,4/5,5,2.2054,2.1946,0.49,0.0385,0.0457,4/5,False,STRONG,Shape reproduced in 4/5 fold curves; positive out-of-fold R^2 (0.0457).,1200
MEASURE_ET_DC_PIV_Ids1_QP2,THRESHOLD,positive,99.892924,,99.22 to 105.1,94.65 to 98.95,1.4327,5/5,5,2.213,2.2049,0.364,0.0343,0.0406,3/5,False,STRONG,Shape reproduced in 5/5 fold curves; positive out-of-fold R^2 (0.0406).,1200
MEASURE_ET_Load_Pull_IG_comp_Last_uA,THRESHOLD,positive,64.236709,,64.79 to 70.28,59.84 to 64.51,1.4303,5/5,5,2.2424,2.2202,0.99,0.0054,0.0252,5/5,False,STRONG,Shape reproduced in 5/5 fold curves; positive out-of-fold R^2 (0.0252).,1200
MEASURE_ET_DC_SEC_X_Id_plus_Ig_at_Vboff_mA_mm,SATURATION,positive,27.621047,,28.31 to 33.82,26.15 to 28.11,1.4283,4/5,5,2.2465,2.2444,0.093,0.0057,0.0057,3/5,False,STRONG,Shape reproduced in 4/5 fold curves; positive out-of-fold R^2 (0.0057).,1200
FIC_ET_DC_RF_Ids_m0p2,SATURATION,negative,15.239934,,21.47 to 23.03,15.24 to 17.69,1.428,5/5,5,2.2574,2.2453,0.536,-0.0044,0.0045,4/5,False,STRONG,Shape reproduced in 5/5 fold curves; positive out-of-fold R^2 (0.0045).,1200
MEASURE_ET_Cap_C300M1B,THRESHOLD,negative,0.71801,,0.6183 to 0.7338,0.7443 to 0.9857,1.4209,5/5,5,2.2465,2.2279,0.826,0.0065,0.0217,3/5,False,STRONG,Shape reproduced in 5/5 fold curves; positive out-of-fold R^2 (0.0217).,1200
MEASURE_ET_DC_SEC_X_Ig_cut1_mAmm_neg_SD3p5,U_SHAPED,n/a,45.168437,,44.53 to 47.34,38.66 to 44.28,1.4162,4/5,5,2.2487,2.2275,0.939,0.0041,0.023,5/5,False,STRONG,Shape reproduced in 4/5 fold curves; positive out-of-fold R^2 (0.0230).,1200
MEASURE_ET_DC_RF_Vg_optt,SATURATION,negative,47.664388,,51.45 to 54.05,48.21 to 51.24,1.4145,4/5,5,2.2566,2.2453,0.501,-0.0036,0.0047,3/5,False,STRONG,Shape reproduced in 4/5 fold curves; positive out-of-fold R^2 (0.0047).,1200
MEASURE_ET_RF_Modeling_Cgd,THRESHOLD,positive,85.625605,,79.75 to 85.76,75.66 to 79.48,1.4081,4/5,5,2.2398,2.2168,1.03,0.0095,0.029,5/5,True,STRONG,Shape reproduced in 4/5 fold curves; positive out-of-fold R^2 (0.0290).,1200
TOPSIN_ET_sh_GA142_GN,INVERTED_U,n/a,34.449366,,32.27 to 35.17,28.75 to 32.07,1.3946,5/5,5,2.2439,2.1934,2.254,0.006,0.0507,5/5,True,STRONG,Shape reproduced in 5/5 fold curves; positive out-of-fold R^2 (0.0507).,1200
MEASURE_ET_DC_RF_S11dB_26GHz,SATURATION,negative,-8.236461,,-11.89 to -8.33,-14.71 to -12.08,1.3936,5/5,5,2.2379,2.244,-0.274,0.0109,0.0009,3/5,False,STRONG,Shape reproduced in 5/5 fold curves; positive out-of-fold R^2 (0.0009).,1200
MEASURE_ET_DC_SMALL_Vt_gd,THRESHOLD,positive,49.605724,,49.74 to 52.63,42.37 to 45,1.3839,4/5,5,2.2534,2.2528,0.03,0.0004,0.0005,2/5,False,STRONG,Shape reproduced in 4/5 fold curves; positive out-of-fold R^2 (0.0005).,1200
TOPSIN_ET_DC_SMALL_Gm_max,THRESHOLD,positive,578.349144,,571.1 to 619.6,493.5 to 566.2,1.3789,4/5,5,2.2491,2.2307,0.818,0.0025,0.0176,4/5,False,STRONG,Shape reproduced in 4/5 fold curves; positive out-of-fold R^2 (0.0176).,1200
TOPSIN_ET_C175pf,COMPLEX_NONLINEAR,n/a,33.772234,36.057943,33.39 to 36.95,37.2 to 39.99,1.3664,4/5,5,2.2542,2.2282,1.155,-0.0016,0.0197,4/5,True,STRONG,Shape reproduced in 4/5 fold curves; positive out-of-fold R^2 (0.0197).,1200
MEASURE_ET_DC_SEC_S_Ig_cut3_mAmm_neg_SD3p5,THRESHOLD,positive,9.003184,,9.226 to 12.34,4.555 to 9.003,1.3663,5/5,5,2.2497,2.2149,1.547,0.0014,0.0309,5/5,True,STRONG,Shape reproduced in 5/5 fold curves; positive out-of-fold R^2 (0.0309).,1200
TOPSIN_ET_R514,PROCESS_WINDOW,n/a,14.509377,,11.66 to 13.98,14.19 to 16.52,1.364,5/5,5,2.2559,2.224,1.417,-0.0032,0.0241,4/5,True,STRONG,Shape reproduced in 5/5 fold curves; positive out-of-fold R^2 (0.0241).,1200
MEASURE_ET_TF_AB_2,THRESHOLD,positive,22.803574,,21.09 to 23.38,14.44 to 16.5,1.3633,4/5,5,2.2553,2.2424,0.575,-0.0032,0.0063,3/5,False,STRONG,Shape reproduced in 4/5 fold curves; positive out-of-fold R^2 (0.0063).,1200
FIC_ET_Rc_OG142,SATURATION,negative,0.141896,,0.1284 to 0.2169,0.2207 to 0.2784,1.3632,5/5,5,2.2332,2.2154,0.797,0.0161,0.0325,5/5,False,STRONG,Shape reproduced in 5/5 fold curves; positive out-of-fold R^2 (0.0325).,1200
MEASURE_ET_DC_SEC_X_Ids_max_norm,THRESHOLD,positive,41.098952,,41.74 to 44.95,37.04 to 41.53,1.363,4/5,5,2.24,2.2305,0.426,0.0089,0.015,3/5,False,STRONG,Shape reproduced in 4/5 fold curves; positive out-of-fold R^2 (0.0150).,1200
THIN_ET_DC_RF_Vg_max_Vd_0p1mA,U_SHAPED,n/a,74.023308,,75.09 to 79.13,71.53 to 74.85,1.358,4/5,5,2.2416,2.2242,0.777,0.0093,0.0229,4/5,False,STRONG,Shape reproduced in 4/5 fold curves; positive out-of-fold R^2 (0.0229).,1200
MEASURE_ET_DC_RF_Id_gm_max_W,SATURATION,positive,591.306932,,565.5 to 634.4,479.3 to 559.7,1.3513,5/5,5,2.2503,2.2492,0.049,0.0019,0.0027,4/5,False,STRONG,Shape reproduced in 5/5 fold curves; positive out-of-fold R^2 (0.0027).,1200
EBCR2_Ali_Litho_Gate_to_ohmic_alignment,COMPLEX_NONLINEAR,n/a,-0.019093,-0.000373,-0.01389 to 0.006907,0.008987 to 0.03395,1.3386,5/5,5,2.2418,2.1364,4.702,0.0085,0.0996,5/5,True,STRONG,Shape reproduced in 5/5 fold curves; positive out-of-fold R^2 (0.0996).,1200
MEASURE_ET_DC_SEC_Vboff_1,PROCESS_WINDOW,n/a,43.950331,,42.44 to 45.23,39.89 to 42.21,1.338,4/5,5,2.2595,2.2477,0.523,-0.0057,0.0055,4/5,False,STRONG,Shape reproduced in 4/5 fold curves; positive out-of-fold R^2 (0.0055).,1200
TFRP_M_Gauge_P_E_Resistors,COMPLEX_NONLINEAR,n/a,82.250448,84.480566,75.72 to 78.91,79.22 to 82.09,1.332,4/5,5,2.2563,2.2425,0.612,-0.0035,0.0049,3/5,False,STRONG,Shape reproduced in 4/5 fold curves; positive out-of-fold R^2 (0.0049).,1200
FIC_Height_FIC_metal_thickness,SATURATION,negative,2.344965,,2.071 to 2.333,1.91 to 2.059,1.3283,4/5,5,2.2564,2.2412,0.674,-0.0035,0.0099,3/5,False,STRONG,Shape reproduced in 4/5 fold curves; positive out-of-fold R^2 (0.0099).,1200
MEASURE_ET_DC_SEC_X_Vp_1_mA_mm_first_SD3p5,THRESHOLD,positive,-0.796455,,-1.029 to -0.7898,-1.242 to -1.042,1.3282,4/5,5,2.2547,2.2407,0.623,-0.0031,0.0104,5/5,False,STRONG,Shape reproduced in 4/5 fold curves; positive out-of-fold R^2 (0.0104).,1200
MEASURE_ET_DC_Diode_Rs_9p5,COMPLEX_NONLINEAR,n/a,17.413591,20.642443,14.72 to 17.52,17.74 to 20.32,1.3214,4/5,5,2.2568,2.216,1.81,-0.0042,0.0325,5/5,True,STRONG,Shape reproduced in 4/5 fold curves; positive out-of-fold R^2 (0.0325).,1200
THIN_ET_TANR,THRESHOLD,positive,81.644519,,82.53 to 89.33,79.5 to 82.27,1.3213,5/5,5,2.2389,2.2221,0.752,0.0123,0.0273,4/5,False,STRONG,Shape reproduced in 5/5 fold curves; positive out-of-fold R^2 (0.0273).,1200
MEASURE_ET_DC_SEC_X_Id_at_Vboff_mA_mm_FPSD3p2,THRESHOLD,positive,92.892487,,92.77 to 96.77,87.02 to 92.52,1.3138,5/5,5,2.2138,2.2146,-0.034,0.0321,0.0311,2/5,False,STRONG,Shape reproduced in 5/5 fold curves; positive out-of-fold R^2 (0.0311).,1200
MEASURE_ET_DC_SMALL_Gm_m0p2,SATURATION,positive,430.290962,,565.5 to 621.6,473.7 to 560.4,1.3136,5/5,5,2.2543,2.2072,2.086,-0.0023,0.0418,4/5,True,STRONG,Shape reproduced in 5/5 fold curves; positive out-of-fold R^2 (0.0418).,1200
THIN_ET_Ran_con_1_OW_CR,SATURATION,negative,20.122139,,22.12 to 23.9,20.57 to 21.9,1.3079,4/5,5,2.2567,2.2503,0.283,-0.0038,0.0023,4/5,False,STRONG,Shape reproduced in 4/5 fold curves; positive out-of-fold R^2 (0.0023).,1200
MEASURE_ET_DC_RF_CF_S12_Ph_L1018,THRESHOLD,negative,-23.385545,,-27.37 to -23.75,-23.51 to -20.85,1.2991,5/5,5,2.2512,2.2355,0.699,0.0006,0.015,5/5,False,STRONG,Shape reproduced in 5/5 fold curves; positive out-of-fold R^2 (0.0150).,1200
MEASURE_ET_DC_Big_Vg_max_Vd,SATURATION,negative,40.119196,,32.59 to 35.31,39.07 to 40.75,1.2938,4/5,5,2.2519,2.2396,0.546,0.0002,0.0122,3/5,False,STRONG,Shape reproduced in 4/5 fold curves; positive out-of-fold R^2 (0.0122).,1200
FIC_ET_R_f_hr_3,THRESHOLD,positive,72.709918,,72.01 to 75.52,66.38 to 71.77,1.2898,5/5,5,2.2376,2.2435,-0.265,0.0136,0.0077,1/5,False,STRONG,Shape reproduced in 5/5 fold curves; positive out-of-fold R^2 (0.0077).,1200
THIN_ET_R314,THRESHOLD,positive,30.463458,,30.79 to 34.05,28.4 to 30.57,1.2791,4/5,5,2.2569,2.2301,1.187,-0.0048,0.0177,5/5,True,STRONG,Shape reproduced in 4/5 fold curves; positive out-of-fold R^2 (0.0177).,1200
TOPSIN_ET_Vp_1,SATURATION,positive,-0.845976,,-1.068 to -0.9737,-1.256 to -1.081,1.2775,5/5,5,2.2554,2.2454,0.443,-0.0034,0.0059,5/5,False,STRONG,Shape reproduced in 5/5 fold curves; positive out-of-fold R^2 (0.0059).,1200
MEASURE_ET_RF_Modeling_Mag_i,SATURATION,positive,16.351209,,14.13 to 15.06,13.21 to 14.04,1.2726,5/5,5,2.2492,2.2446,0.205,0.0042,0.0073,3/5,False,STRONG,Shape reproduced in 5/5 fold curves; positive out-of-fold R^2 (0.0073).,1200
MEASURE_ET_DC_RF_S11dB_26GHz_W,THRESHOLD,positive,-12.4098,,-12.97 to -10.37,-15.74 to -13.15,1.2703,5/5,5,2.2488,2.2253,1.044,0.0029,0.0239,5/5,True,STRONG,Shape reproduced in 5/5 fold curves; positive out-of-fold R^2 (0.0239).,1200
TOPSIN_ET_DC_SMALL_n_gd,U_SHAPED,n/a,79.123209,,80.7 to 84.1,76.09 to 80.46,1.27,4/5,5,2.2518,2.2235,1.259,-0.0004,0.0241,5/5,True,STRONG,Shape reproduced in 4/5 fold curves; positive out-of-fold R^2 (0.0241).,1200
MEASURE_ET_DC_SEC_S_Ig_cut2_mAmm_neg,THRESHOLD,positive,77.663494,,78.46 to 81.42,74.13 to 78.23,1.2679,5/5,5,2.2523,2.2363,0.709,-0.0007,0.0131,5/5,False,STRONG,Shape reproduced in 5/5 fold curves; positive out-of-fold R^2 (0.0131).,1200
MEASURE_ET_DC_RF_Vg_Vbon_max,PROCESS_WINDOW,n/a,87.109068,,84.77 to 87.52,87.8 to 91.37,1.2658,5/5,5,2.2529,2.2365,0.729,-0.0003,0.0128,4/5,False,STRONG,Shape reproduced in 5/5 fold curves; positive out-of-fold R^2 (0.0128).,1200
MEASURE_ET_LT_SEC_ChipStatus,COMPLEX_NONLINEAR,n/a,33.952046,36.099985,31.71 to 34.58,29.21 to 31.54,1.2642,5/5,5,2.2506,2.2102,1.795,0.0026,0.0368,5/5,True,STRONG,Shape reproduced in 5/5 fold curves; positive out-of-fold R^2 (0.0368).,1200
SIN_ET_Probe_Number,COMPLEX_NONLINEAR,n/a,2.086492,4.290617,2.769 to 4.343,1.404 to 2.664,1.2638,5/5,5,2.2551,2.2037,2.279,-0.0019,0.0449,4/5,True,STRONG,Shape reproduced in 5/5 fold curves; positive out-of-fold R^2 (0.0449).,1200
MEASURE_ET_DC_RF_Vt_gs,COMPLEX_NONLINEAR,n/a,1.185031,2.593123,0.07867 to 1.688,4.906 to 6.315,1.2558,5/5,5,2.2538,2.1734,3.57,-0.0016,0.063,4/5,True,STRONG,Shape reproduced in 5/5 fold curves; positive out-of-fold R^2 (0.0630).,1200
FIC_ET_DC_RF_Vg_optt1,THRESHOLD,positive,27.969558,,28.09 to 31.33,22.3 to 27.85,1.2521,5/5,5,2.2484,2.2505,-0.098,0.0028,0.0009,4/5,False,STRONG,Shape reproduced in 5/5 fold curves; positive out-of-fold R^2 (0.0009).,1200
ANODE_ET_Probe_Number,THRESHOLD,positive,2.081825,,1.82 to 3.6,3.704 to 5.065,1.2504,4/5,5,2.2574,2.2332,1.07,-0.0046,0.0154,4/5,True,STRONG,Shape reproduced in 4/5 fold curves; positive out-of-fold R^2 (0.0154).,1200
MEASURE_ET_DC_RF_Freq_cut_L2180,THRESHOLD,positive,79.227316,,78.71 to 81.83,71.68 to 78.45,1.2473,5/5,5,2.2462,2.2486,-0.111,0.0044,0.0033,3/5,False,STRONG,Shape reproduced in 5/5 fold curves; positive out-of-fold R^2 (0.0033).,1200
MEASURE_ET_DC_SEC_X_Vg_at_I1_pos_FPSD3p2,INVERTED_U,n/a,48.344292,,45.06 to 48.87,49.09 to 52.9,1.2451,5/5,5,2.2419,2.2168,1.119,0.01,0.0316,5/5,True,STRONG,Shape reproduced in 5/5 fold curves; positive out-of-fold R^2 (0.0316).,1200
TOPSIN_ET_Load_Pull_Pin_Last,THRESHOLD,positive,31.56403,,29.52 to 32.17,25.43 to 29.28,1.2401,5/5,5,2.2534,2.2308,1.004,-0.0016,0.018,5/5,True,STRONG,Shape reproduced in 5/5 fold curves; positive out-of-fold R^2 (0.0180).,1200
SIN_ET_DC_RF_Vp_1,THRESHOLD,positive,-0.799696,,-0.8825 to -0.7933,-1.214 to -0.8953,1.2396,5/5,5,2.2564,2.2356,0.921,-0.004,0.0137,4/5,False,STRONG,Shape reproduced in 5/5 fold curves; positive out-of-fold R^2 (0.0137).,1200
SIN_GATE_ET_OHMIC_conc,THRESHOLD,positive,96.980317,,98 to 104.7,93.33 to 97.71,1.2387,4/5,5,2.2383,2.2407,-0.107,0.0119,0.0098,1/5,False,STRONG,Shape reproduced in 4/5 fold curves; positive out-of-fold R^2 (0.0098).,1200
MEASURE_ET_DC_SEC_X_Vp_1_mA_mm,SATURATION,negative,-1.310363,,-0.9546 to -0.7934,-1.29 to -1.169,1.2366,5/5,5,2.2544,2.238,0.729,-0.0029,0.0122,5/5,False,STRONG,Shape reproduced in 5/5 fold curves; positive out-of-fold R^2 (0.0122).,1200
MEASURE_ET_Load_Pull_Pout_W_mm_last,THRESHOLD,negative,1.014025,,0.9395 to 1.041,0.7668 to 0.9316,1.2266,4/5,5,2.2448,2.2252,0.874,0.0075,0.025,5/5,False,STRONG,Shape reproduced in 4/5 fold curves; positive out-of-fold R^2 (0.0250).,1200
MEASURE_ET_DC_SEC_X_Ig_cut2_mAmm_neg_FPSD3p2,U_SHAPED,n/a,32.643184,,33.77 to 37.28,30.51 to 33.52,1.2236,4/5,5,2.2551,2.2321,1.02,-0.0023,0.0195,4/5,True,STRONG,Shape reproduced in 4/5 fold curves; positive out-of-fold R^2 (0.0195).,1200
SIN_GATE_ET_R214,SATURATION,positive,64.625528,,69.8 to 73.43,63.33 to 65.66,1.207,4/5,5,2.2493,2.246,0.143,0.0031,0.0057,4/5,False,STRONG,Shape reproduced in 4/5 fold curves; positive out-of-fold R^2 (0.0057).,1200
MEASURE_ET_DC_RD_S21dB_18GHz,THRESHOLD,positive,16.010038,,15.91 to 17.04,13.02 to 15.8,1.2006,4/5,5,2.2543,2.2231,1.385,-0.0017,0.0276,4/5,True,STRONG,Shape reproduced in 4/5 fold curves; positive out-of-fold R^2 (0.0276).,1200
MEASURE_ET_DC_SEC_X_Id_at_Vboff_mA_mm,THRESHOLD,positive,71.976988,,70.97 to 76.25,66.45 to 70.72,1.181,4/5,5,2.2377,2.2402,-0.112,0.0104,0.0088,2/5,False,STRONG,Shape reproduced in 4/5 fold curves; positive out-of-fold R^2 (0.0088).,1200
MEASURE_ET_DC_SEC_S_Vg_at_I3_pos_FPSD3p2,THRESHOLD,positive,16.092221,,15.97 to 20.76,21.01 to 23.54,1.1681,5/5,5,2.2502,2.2381,0.538,0.0013,0.0127,3/5,False,STRONG,Shape reproduced in 5/5 fold curves; positive out-of-fold R^2 (0.0127).,1200
FIC_ET_sh_f_hr_23,THRESHOLD,negative,85.342742,,82.37 to 84.85,85.09 to 89.8,1.1673,5/5,5,2.2593,2.2315,1.228,-0.006,0.0168,4/5,True,STRONG,Shape reproduced in 5/5 fold curves; positive out-of-fold R^2 (0.0168).,1200
MEASURE_ET_DC_SEC_X_Vg_at_I2_pos_SD3p5,SATURATION,positive,49.239188,,42.1 to 43.09,43.29 to 48.84,1.1604,4/5,5,2.2577,2.2401,0.782,-0.0048,0.0114,5/5,False,STRONG,Shape reproduced in 4/5 fold curves; positive out-of-fold R^2 (0.0114).,1200
TOPSIN_ET_KLV_F_M1_4u,SATURATION,negative,48.76301,,52.01 to 55.46,48.55 to 51.79,1.156,5/5,5,2.2566,2.2424,0.629,-0.0042,0.0053,3/5,False,STRONG,Shape reproduced in 5/5 fold curves; positive out-of-fold R^2 (0.0053).,1200
MEASURE_ET_Load_Pull_Id_ord,SATURATION,positive,103.573957,,98.46 to 99.77,94.01 to 98.2,1.1504,5/5,5,2.2543,2.2471,0.318,-0.0012,0.0052,3/5,False,STRONG,Shape reproduced in 5/5 fold curves; positive out-of-fold R^2 (0.0052).,1200
MEASURE_ET_Rsh_cat_c2,U_SHAPED,n/a,117.84796,,104 to 110.8,111.4 to 118.2,1.1494,5/5,5,2.2542,2.2445,0.433,-0.0015,0.0049,3/5,False,STRONG,Shape reproduced in 5/5 fold curves; positive out-of-fold R^2 (0.0049).,1200
THIN_ET_Ran_con_1,THRESHOLD,negative,48.727681,,44.93 to 49.05,42.32 to 44.71,1.1469,4/5,5,2.2572,2.2384,0.837,-0.0042,0.0124,4/5,False,STRONG,Shape reproduced in 4/5 fold curves; positive out-of-fold R^2 (0.0124).,1200
THIN_ET_DC_RF_Vbgs_0p01,THRESHOLD,positive,26.128468,,27.02 to 34.49,22.75 to 26.66,1.1447,4/5,5,2.2186,2.086,5.977,0.0309,0.1293,3/5,False,STRONG,Shape reproduced in 4/5 fold curves; positive out-of-fold R^2 (0.1293).,1200
TFRP_ET_TFRP,THRESHOLD,positive,34.545807,,32.29 to 35.23,28.58 to 32.1,1.1442,4/5,5,2.2449,2.2231,0.971,0.0049,0.0247,5/5,False,STRONG,Shape reproduced in 4/5 fold curves; positive out-of-fold R^2 (0.0247).,1200
MEASURE_ET_RF_Modeling_Fmax,SATURATION,positive,5.15338,,8.258 to 11.16,11.36 to 13.02,1.1432,5/5,5,2.259,2.2363,1.004,-0.0053,0.0154,5/5,True,STRONG,Shape reproduced in 5/5 fold curves; positive out-of-fold R^2 (0.0154).,1200
MEASURE_ET_DC_SEC_X_Ids_max_SD3p5,PROCESS_WINDOW,n/a,49.456195,,46.58 to 51.18,42.91 to 46.35,1.1371,4/5,5,2.2438,2.2378,0.268,0.0063,0.0098,3/5,False,STRONG,Shape reproduced in 4/5 fold curves; positive out-of-fold R^2 (0.0098).,1200
MEASURE_ET_RF_Modeling_R_Gd,SATURATION,negative,68.079406,,62.89 to 68.32,59.35 to 62.65,1.1319,5/5,5,2.2528,2.2423,0.467,-0.0014,0.0066,4/5,False,STRONG,Shape reproduced in 5/5 fold curves; positive out-of-fold R^2 (0.0066).,1200
BMETAL1_Height_Metal1_metal_thickness,THRESHOLD,negative,2.268285,,1.963 to 2.274,2.285 to 2.396,1.1319,4/5,5,2.2488,2.2393,0.42,0.0036,0.0118,5/5,False,STRONG,Shape reproduced in 4/5 fold curves; positive out-of-fold R^2 (0.0118).,1200
FIC_ET_DC_RF_Vt_gd,THRESHOLD,negative,73.04465,,69.08 to 73.4,65.96 to 68.84,1.131,4/5,5,2.2569,2.2341,1.01,-0.0045,0.0173,5/5,True,STRONG,Shape reproduced in 4/5 fold curves; positive out-of-fold R^2 (0.0173).,1200
TOPSIN_ET_RGAN3,THRESHOLD,positive,49.20767,,49.66 to 53.72,44.92 to 49.43,1.1219,5/5,5,2.2437,2.242,0.078,0.0078,0.0093,2/5,False,STRONG,Shape reproduced in 5/5 fold curves; positive out-of-fold R^2 (0.0093).,1200
MEASURE_ET_DC_Big_Vds_max,THRESHOLD,positive,70.975167,,70.49 to 76.31,67.09 to 70.25,1.1196,5/5,5,2.2423,2.2289,0.595,0.0088,0.0196,4/5,False,STRONG,Shape reproduced in 5/5 fold curves; positive out-of-fold R^2 (0.0196).,1200
TFRP_ET_Rc_TF_AB_2,THRESHOLD,negative,0.225678,,0.17 to 0.2341,0.2375 to 0.2712,1.1171,4/5,5,2.2504,2.2003,2.228,0.0006,0.043,5/5,True,STRONG,Shape reproduced in 4/5 fold curves; positive out-of-fold R^2 (0.0430).,1200
MEASURE_ET_DC_SEC_Vg_max_ON,THRESHOLD,positive,79.661035,,80.57 to 86.56,76.41 to 80.31,1.1023,4/5,5,2.2352,2.2286,0.298,0.015,0.02,4/5,False,STRONG,Shape reproduced in 4/5 fold curves; positive out-of-fold R^2 (0.0200).,1200
MEASURE_ET_Gate_res,THRESHOLD,positive,93.617834,,93.24 to 98.55,88.68 to 92.99,1.0983,4/5,5,2.2406,2.2308,0.437,0.0105,0.0192,4/5,False,STRONG,Shape reproduced in 4/5 fold curves; positive out-of-fold R^2 (0.0192).,1200
MEASURE_ET_DC_RF_CF_S22_Ph_L2180,SATURATION,negative,-15.945391,,-9.09 to -7.824,-12.68 to -9.301,1.0689,4/5,5,2.2585,2.2481,0.461,-0.0058,0.0043,5/5,False,STRONG,Shape reproduced in 4/5 fold curves; positive out-of-fold R^2 (0.0043).,1200
THIN_ET_R_f_hr_3,THRESHOLD,positive,93.27526,,93.72 to 101.5,89.84 to 93.42,1.0685,5/5,5,2.2413,2.2466,-0.236,0.0074,0.0018,1/5,False,STRONG,Shape reproduced in 5/5 fold curves; positive out-of-fold R^2 (0.0018).,1200
TOPSIN_ET_R_f_hr_1,THRESHOLD,positive,71.471748,,70.41 to 74.19,64.97 to 70.17,1.0643,5/5,5,2.2283,2.2257,0.117,0.0211,0.0232,3/5,False,STRONG,Shape reproduced in 5/5 fold curves; positive out-of-fold R^2 (0.0232).,1200
THIN_ET_R_660_VER,THRESHOLD,positive,74.786719,,68.07 to 74.15,65.04 to 67.82,1.0609,4/5,5,2.2558,2.2368,0.844,-0.0034,0.0145,5/5,False,STRONG,Shape reproduced in 4/5 fold curves; positive out-of-fold R^2 (0.0145).,1200
MEASURE_ET_RF_Modeling_Vd_stress,THRESHOLD,positive,95.5805,,94.79 to 99.27,88.99 to 94.53,1.0445,5/5,5,2.2293,2.2206,0.391,0.0217,0.0295,5/5,False,STRONG,Shape reproduced in 5/5 fold curves; positive out-of-fold R^2 (0.0295).,1200
MEASURE_ET_DC_RF_n_gs,THRESHOLD,positive,53.830993,,53.49 to 57.1,48.3 to 53.27,1.041,5/5,5,2.2478,2.2361,0.521,0.0037,0.0142,4/5,False,STRONG,Shape reproduced in 5/5 fold curves; positive out-of-fold R^2 (0.0142).,1200
MEASURE_ET_DC_SEC_S_Ig_cut1_mAmm_neg_SD3p5,U_SHAPED,n/a,35.837641,,32.02 to 33.98,34.2 to 36.82,1.0353,5/5,5,2.261,2.245,0.705,-0.007,0.0062,4/5,False,STRONG,Shape reproduced in 5/5 fold curves; positive out-of-fold R^2 (0.0062).,1200
MEASURE_ET_DC_SEC_X_Ig_cut1_mAmm_pos_SD3p5,THRESHOLD,positive,67.539477,,66.08 to 70.22,60.73 to 65.84,1.0337,5/5,5,2.2368,2.2373,-0.019,0.0124,0.0127,2/5,False,STRONG,Shape reproduced in 5/5 fold curves; positive out-of-fold R^2 (0.0127).,1200
MEASURE_ET_RF_Modeling_Lg,U_SHAPED,n/a,25.619351,,20.24 to 23.53,23.75 to 26.39,1.0328,4/5,5,2.258,2.2297,1.255,-0.0044,0.0207,5/5,True,STRONG,Shape reproduced in 4/5 fold curves; positive out-of-fold R^2 (0.0207).,1200
METAL1_Height_Metal1_metal_thickness,SATURATION,negative,1.999194,,2.256 to 2.424,2.029 to 2.244,1.0296,4/5,5,2.2575,2.2437,0.612,-0.0046,0.0079,5/5,False,STRONG,Shape reproduced in 4/5 fold curves; positive out-of-fold R^2 (0.0079).,1200
THIN_ET_Probe_Number,THRESHOLD,positive,4.91285,,3.079 to 5.07,1.193 to 2.974,1.0235,5/5,5,2.2492,2.2297,0.865,0.0028,0.0195,5/5,False,STRONG,Shape reproduced in 5/5 fold curves; positive out-of-fold R^2 (0.0195).,1200
MEASURE_ET_DC_SEC_Vg_min_ON,THRESHOLD,positive,92.124204,,92.8 to 98.99,88.49 to 92.53,1.0151,4/5,5,2.2373,2.2337,0.163,0.0125,0.0141,3/5,False,STRONG,Shape reproduced in 4/5 fold curves; positive out-of-fold R^2 (0.0141).,1200
MEASURE_ET_DC_RF_S21dB_10GHz,THRESHOLD,positive,15.157264,,15.44 to 17.16,13.73 to 15.35,0.9994,5/5,5,2.2469,2.2354,0.512,0.0049,0.0164,4/5,False,STRONG,Shape reproduced in 5/5 fold curves; positive out-of-fold R^2 (0.0164).,1200
THIN_ET_sh_f_tn_23,SATURATION,positive,36.902152,,37.34 to 39.72,35.17 to 37.12,0.9563,5/5,5,2.2499,2.2434,0.291,0.0027,0.007,3/5,False,STRONG,Shape reproduced in 5/5 fold curves; positive out-of-fold R^2 (0.0070).,1200
MEASURE_ET_RF_Modeling_S21_19G_Before,THRESHOLD,positive,16.310812,,14.55 to 16.26,12.94 to 14.45,0.9102,5/5,5,2.2493,2.2374,0.528,0.0032,0.0134,5/5,False,STRONG,Shape reproduced in 5/5 fold curves; positive out-of-fold R^2 (0.0134).,1200
MEASURE_ET_C500pf,COMPLEX_NONLINEAR,n/a,47.910941,50.100786,47.79 to 50.71,43.17 to 47.55,0.91,5/5,5,2.2439,2.2353,0.384,0.0081,0.0167,4/5,False,STRONG,Shape reproduced in 5/5 fold curves; positive out-of-fold R^2 (0.0167).,1200
MEASURE_ET_TF_AB_3,THRESHOLD,positive,103.121481,,102.8 to 106.2,95.35 to 102.6,0.908,4/5,5,2.2495,2.2447,0.21,0.0036,0.0077,4/5,False,STRONG,Shape reproduced in 4/5 fold curves; positive out-of-fold R^2 (0.0077).,1200
SIN_ET_DC_RF_Vboff,THRESHOLD,positive,82.428947,,82.68 to 87.74,77.88 to 82.43,0.8781,4/5,5,2.2415,2.2351,0.288,0.0095,0.015,4/5,False,STRONG,Shape reproduced in 4/5 fold curves; positive out-of-fold R^2 (0.0150).,1200
FIC_ET_G_per_6K,SATURATION,positive,44.430407,,44.89 to 47.41,47.64 to 50.39,0.8744,5/5,5,2.2583,2.2412,0.756,-0.0052,0.0077,4/5,False,STRONG,Shape reproduced in 5/5 fold curves; positive out-of-fold R^2 (0.0077).,1200
MEASURE_ET_DC_SMALL_Vp_1,THRESHOLD,negative,-0.813556,,-1.112 to -0.8898,-1.334 to -1.126,0.8737,4/5,5,2.2535,2.2308,1.008,-0.0008,0.0196,5/5,True,STRONG,Shape reproduced in 4/5 fold curves; positive out-of-fold R^2 (0.0196).,1200
SIN_GATE_ET_TR_1F,THRESHOLD,positive,79.161309,,80.53 to 84.26,74.81 to 80.28,0.8696,5/5,5,2.2434,2.2342,0.406,0.0087,0.0171,5/5,False,STRONG,Shape reproduced in 5/5 fold curves; positive out-of-fold R^2 (0.0171).,1200
MEASURE_ET_DC_SEC_S_Ig_cut1_mAmm_neg,THRESHOLD,positive,37.558031,,37.44 to 41.26,33.62 to 37.2,0.8436,4/5,5,2.25,2.2425,0.332,0.0015,0.0087,4/5,False,STRONG,Shape reproduced in 4/5 fold curves; positive out-of-fold R^2 (0.0087).,1200
SIN_ET_DC_RF_Vdg_max_0p1mA,THRESHOLD,positive,80.989297,,80.7 to 85.03,76.37 to 80.41,0.8202,5/5,5,2.2508,2.2442,0.293,0.0016,0.0071,4/5,False,STRONG,Shape reproduced in 5/5 fold curves; positive out-of-fold R^2 (0.0071).,1200
MEASURE_ET_RF_Modeling_S11ang_10GHz,COMPLEX_NONLINEAR,n/a,-10.631883,-8.87484,-14.44 to -12.49,-12.29 to -10.53,0.8197,5/5,5,2.2606,2.2408,0.875,-0.0077,0.0078,4/5,False,STRONG,Shape reproduced in 5/5 fold curves; positive out-of-fold R^2 (0.0078).,1200
MEASURE_ET_DC_SEC_S_Id_mA_mm_at_Vg1,THRESHOLD,positive,85.517823,,85.14 to 89.41,79.62 to 84.89,0.8177,4/5,5,2.2412,2.2502,-0.401,0.0104,0.0023,0/5,False,STRONG,Shape reproduced in 4/5 fold curves; positive out-of-fold R^2 (0.0023).,1200
FIN_CD2_CD_etch_FIN,SATURATION,positive,0.957716,,0.9611 to 0.9996,1.002 to 1.04,0.7168,4/5,5,2.2556,2.2362,0.859,-0.0031,0.0147,5/5,False,STRONG,Shape reproduced in 4/5 fold curves; positive out-of-fold R^2 (0.0147).,1200
MEASURE_ET_Ran_con_3_OW_CR,SATURATION,negative,77.450623,,81.64 to 85.03,77.56 to 81.41,0.7145,5/5,5,2.2516,2.2467,0.217,0.0005,0.0046,4/5,False,STRONG,Shape reproduced in 5/5 fold curves; positive out-of-fold R^2 (0.0046).,1200
THIN_ET_R214,THRESHOLD,positive,92.625297,,93.29 to 99.4,89.04 to 93.02,0.6877,5/5,5,2.2473,2.248,-0.03,0.0051,0.0046,3/5,False,STRONG,Shape reproduced in 5/5 fold curves; positive out-of-fold R^2 (0.0046).,1200
MEASURE_ET_lkg_C20,THRESHOLD,negative,0.281173,,0.02023 to 0.2072,0.215 to 0.3162,10.1715,3/5,5,2.0499,1.9469,5.026,0.1652,0.238,5/5,True,MODERATE,Shape reproduced in 3/5 fold curves; positive out-of-fold R^2 (0.2380) -- majority but not unanimous.,1200
MEASURE_ET_lkg_SY8_80,COMPLEX_NONLINEAR,n/a,0.056411,0.130135,0.02324 to 0.2149,0.2223 to 0.3108,7.3043,3/5,5,2.0417,1.9251,5.711,0.1694,0.2578,5/5,True,MODERATE,Shape reproduced in 3/5 fold curves; positive out-of-fold R^2 (0.2578) -- majority but not unanimous.,1200
THIN_ET_lkg_100_at20V,MONOTONIC_NEGATIVE,negative,,,0.02438 to 0.1632,0.1705 to 0.3093,7.1435,3/5,5,1.9965,1.894,5.132,0.1938,0.2744,4/5,True,MODERATE,Shape reproduced in 3/5 fold curves; positive out-of-fold R^2 (0.2744) -- majority but not unanimous.,1200
THIN_ET_lkg_C200,SATURATION,negative,0.266584,,0.02318 to 0.1516,0.1584 to 0.2869,6.0975,3/5,5,1.9626,1.925,1.914,0.2297,0.2564,5/5,True,MODERATE,Shape reproduced in 3/5 fold curves; positive out-of-fold R^2 (0.2564) -- majority but not unanimous.,1200
THIN_ET_DC_RF_Vbgd_0p1,SATURATION,positive,21.066034,,22.92 to 34.45,19.95 to 22.55,5.6033,3/5,5,2.1786,2.0735,4.824,0.0601,0.1387,4/5,True,MODERATE,Shape reproduced in 3/5 fold curves; positive out-of-fold R^2 (0.1387) -- majority but not unanimous.,1200
TOPSIN_ET_DC_PIV_Drain_Lag_0,INVERTED_U,n/a,4.262251,,2.126 to 7.748,7.973 to 10.9,4.5431,3/5,5,2.0796,2.01,3.349,0.1488,0.2038,5/5,True,MODERATE,Shape reproduced in 3/5 fold curves; positive out-of-fold R^2 (0.2038) -- majority but not unanimous.,1200
MEASURE_ET_DC_SEC_X_Ids_max_FPSD3p2,THRESHOLD,positive,63.761774,,57.96 to 64.38,54.75 to 57.71,4.4403,3/5,5,2.1929,2.1157,3.522,0.0464,0.1053,5/5,True,MODERATE,Shape reproduced in 3/5 fold curves; positive out-of-fold R^2 (0.1053) -- majority but not unanimous.,1200
MEASURE_ET_DC_SMALL_Vbgs1,SATURATION,positive,21.614652,,25.83 to 34.26,19.97 to 25.46,4.3966,3/5,5,2.1603,2.1493,0.511,0.0737,0.0752,2/5,False,MODERATE,Shape reproduced in 3/5 fold curves; positive out-of-fold R^2 (0.0752) -- majority but not unanimous.,1200
MEASURE_ET_DC_SMALL_Vbin_gd,THRESHOLD,positive,31.221258,,26.26 to 32.34,20.5 to 22.42,4.0236,3/5,5,2.2018,2.1517,2.278,0.0429,0.0801,4/5,True,MODERATE,Shape reproduced in 3/5 fold curves; positive out-of-fold R^2 (0.0801) -- majority but not unanimous.,1200
MEASURE_ET_DC_SMALL_Vbgs_0p1,SATURATION,positive,22.254526,,26.91 to 34.79,20.82 to 26.55,3.9971,3/5,5,2.1769,2.1433,1.539,0.0627,0.0866,3/5,False,MODERATE,Shape reproduced in 3/5 fold curves; positive out-of-fold R^2 (0.0866) -- majority but not unanimous.,1200
THIN_ET_C20_0,PROCESS_WINDOW,n/a,7.261218,,10.92 to 13.1,8.349 to 10.72,3.8532,3/5,5,2.2616,2.1066,6.853,-0.0107,0.1105,4/5,True,MODERATE,Shape reproduced in 3/5 fold curves; positive out-of-fold R^2 (0.1105) -- majority but not unanimous.,1200
TOPSIN_ET_C100C175pf,PROCESS_WINDOW,n/a,0.678722,,0.5633 to 0.7091,0.7212 to 0.8305,3.8083,3/5,5,2.2576,2.0976,7.088,-0.0021,0.1182,3/5,False,MODERATE,Shape reproduced in 3/5 fold curves; positive out-of-fold R^2 (0.1182) -- majority but not unanimous.,1200
MEASURE_ET_DC_Big_Vg_optt2,U_SHAPED,n/a,8.527599,,10.77 to 12.66,3.921 to 10.54,3.7894,3/5,5,2.2345,2.182,2.348,0.0136,0.0598,5/5,True,MODERATE,Shape reproduced in 3/5 fold curves; positive out-of-fold R^2 (0.0598) -- majority but not unanimous.,1200
TOPSIN_ET_Cap3pf,COMPLEX_NONLINEAR,n/a,0.66873,0.830423,0.5506 to 0.7247,0.9361 to 1.036,3.7501,3/5,5,2.2494,2.032,9.668,0.0056,0.1715,5/5,True,MODERATE,Shape reproduced in 3/5 fold curves; positive out-of-fold R^2 (0.1715) -- majority but not unanimous.,1200
FIC_ET_C200S1,PROCESS_WINDOW,n/a,0.706818,,0.8074 to 0.9238,0.9344 to 1.009,3.7437,3/5,5,2.239,2.1429,4.291,0.0133,0.0925,5/5,True,MODERATE,Shape reproduced in 3/5 fold curves; positive out-of-fold R^2 (0.0925) -- majority but not unanimous.,1200
MEASURE_ET_DC_SEC_X_Ig_mAmm_at_Vg_cond_neg,MONOTONIC_POSITIVE,positive,,,51.06 to 54.44,45.66 to 50.83,3.5711,3/5,5,2.1514,2.1437,0.355,0.0897,0.0954,3/5,False,MODERATE,Shape reproduced in 3/5 fold curves; positive out-of-fold R^2 (0.0954) -- majority but not unanimous.,1200
CATHODE_ET_Rcat_cn_1_OW_ST,PROCESS_WINDOW,n/a,0.239786,,0.1251 to 0.1774,0.2539 to 0.282,3.5699,3/5,5,2.2275,2.0871,6.302,0.0216,0.1475,5/5,True,MODERATE,Shape reproduced in 3/5 fold curves; positive out-of-fold R^2 (0.1475) -- majority but not unanimous.,1200
MEASURE_ET_DC_SEC_S_Ids_max_norm,COMPLEX_NONLINEAR,n/a,7.611116,9.918077,7.739 to 11.07,5.689 to 7.483,3.4309,3/5,5,2.2717,2.2225,2.165,-0.0191,0.0214,5/5,True,MODERATE,Shape reproduced in 3/5 fold curves; positive out-of-fold R^2 (0.0214) -- majority but not unanimous.,1200
TOPSIN_ET_DC_RF_Vbin_gd,SATURATION,positive,23.554469,,25.3 to 36.16,21.03 to 24.91,3.4044,3/5,5,2.1473,2.1086,1.802,0.0922,0.1208,4/5,True,MODERATE,Shape reproduced in 3/5 fold curves; positive out-of-fold R^2 (0.1208) -- majority but not unanimous.,1200
MEASURE_ET_DC_RF_Vbgd1,MONOTONIC_POSITIVE,positive,,,27.89 to 34.21,20.51 to 27.54,3.3491,3/5,5,2.1582,2.166,-0.361,0.0818,0.073,3/5,False,MODERATE,Shape reproduced in 3/5 fold curves; positive out-of-fold R^2 (0.0730) -- majority but not unanimous.,1200
MEASURE_ET_C300M1B,COMPLEX_NONLINEAR,n/a,0.632885,0.765563,0.5907 to 0.6872,0.8681 to 1.037,3.3467,3/5,5,2.2584,2.168,4.001,-0.0045,0.0687,5/5,True,MODERATE,Shape reproduced in 3/5 fold curves; positive out-of-fold R^2 (0.0687) -- majority but not unanimous.,1200
MEASURE_ET_lkg_CapFICM1,U_SHAPED,n/a,0.221315,,0.02522 to 0.1345,0.1409 to 0.2631,3.2453,3/5,5,1.9494,1.8935,2.863,0.2291,0.2761,5/5,True,MODERATE,Shape reproduced in 3/5 fold curves; positive out-of-fold R^2 (0.2761) -- majority but not unanimous.,1200
MEASURE_ET_DC_PIV_Gate_Lag_Idss,THRESHOLD,positive,441.908953,,391.6 to 448.5,278 to 387.3,3.1781,3/5,5,2.2296,2.2018,1.249,0.0198,0.044,5/5,True,MODERATE,Shape reproduced in 3/5 fold curves; positive out-of-fold R^2 (0.0440) -- majority but not unanimous.,1200
FIC_ET_G_per_25,SATURATION,positive,61.594022,,57.89 to 61.95,52.64 to 57.66,3.1567,3/5,5,2.141,2.1373,0.174,0.0983,0.1014,3/5,False,MODERATE,Shape reproduced in 3/5 fold curves; positive out-of-fold R^2 (0.1014) -- majority but not unanimous.,1200
MEASURE_ET_DC_RF_Vbgd_0p1,COMPLEX_NONLINEAR,n/a,23.430573,31.019607,25.14 to 35,20.21 to 24.76,3.1351,3/5,5,2.2161,2.1637,2.364,0.0309,0.0741,5/5,True,MODERATE,Shape reproduced in 3/5 fold curves; positive out-of-fold R^2 (0.0741) -- majority but not unanimous.,1200
FIC_ET_DC_RF_Vbgd_0p1,SATURATION,positive,34.237012,,27.4 to 35.16,20.75 to 27.03,3.0626,3/5,5,2.1978,2.2012,-0.158,0.0455,0.0401,2/5,False,MODERATE,Shape reproduced in 3/5 fold curves; positive out-of-fold R^2 (0.0401) -- majority but not unanimous.,1200
CATHODE_ET_Probe_Number,COMPLEX_NONLINEAR,n/a,2.922466,3.969825,1.823 to 3.08,3.184 to 4.232,3.062,3/5,5,2.2478,2.2158,1.422,0.0036,0.03,5/5,True,MODERATE,Shape reproduced in 3/5 fold curves; positive out-of-fold R^2 (0.0300) -- majority but not unanimous.,1200
MEASURE_ET_DC_Stress_Idss_after,COMPLEX_NONLINEAR,n/a,387.073567,435.03256,394.3 to 447,331.9 to 389.5,3.0564,3/5,5,2.2434,2.1807,2.793,0.0074,0.0629,5/5,True,MODERATE,Shape reproduced in 3/5 fold curves; positive out-of-fold R^2 (0.0629) -- majority but not unanimous.,1200
MEASURE_ET_DC_PIV_Drain_Lag_1,THRESHOLD,negative,10.213947,,1.949 to 6.577,6.798 to 10.54,3.0238,3/5,5,2.1422,2.0942,2.241,0.0948,0.1345,5/5,True,MODERATE,Shape reproduced in 3/5 fold curves; positive out-of-fold R^2 (0.1345) -- majority but not unanimous.,1200
CATHODE_ET_Rc_cat_ct2,THRESHOLD,negative,0.241542,,0.1342 to 0.2262,0.23 to 0.2837,2.9999,3/5,5,2.2035,2.1935,0.452,0.043,0.0526,4/5,False,MODERATE,Shape reproduced in 3/5 fold curves; positive out-of-fold R^2 (0.0526) -- majority but not unanimous.,1200
TOPSIN_ET_DC_RF_Vbgs_0p01,SATURATION,positive,20.501942,,27.37 to 36.52,20.29 to 26.95,2.9894,3/5,5,2.1374,2.025,5.259,0.0974,0.1783,4/5,True,MODERATE,Shape reproduced in 3/5 fold curves; positive out-of-fold R^2 (0.1783) -- majority but not unanimous.,1200
THIN_ET_DC_RF_Vds_max_0p1mA,SATURATION,positive,20.53741,,15.85 to 21.15,13.2 to 15.65,2.9645,3/5,5,2.1932,2.1751,0.827,0.0506,0.0614,3/5,False,MODERATE,Shape reproduced in 3/5 fold curves; positive out-of-fold R^2 (0.0614) -- majority but not unanimous.,1200
MEASURE_ET_RF_Modeling_Gm_max_W,COMPLEX_NONLINEAR,n/a,499.202402,545.692293,566 to 641.6,484.7 to 560.2,2.9473,3/5,5,2.2343,2.2034,1.379,0.0138,0.0415,4/5,True,MODERATE,Shape reproduced in 3/5 fold curves; positive out-of-fold R^2 (0.0415) -- majority but not unanimous.,1200
TOPSIN_ET_lkg_C450pf,U_SHAPED,n/a,0.219077,,0.02314 to 0.1131,0.1195 to 0.2351,2.9445,3/5,5,1.9646,1.8895,3.824,0.2242,0.2731,4/5,True,MODERATE,Shape reproduced in 3/5 fold curves; positive out-of-fold R^2 (0.2731) -- majority but not unanimous.,1200
TOPSIN_ET_Gm_max,COMPLEX_NONLINEAR,n/a,509.372992,538.6863,553.3 to 629.6,400.9 to 465.4,2.943,3/5,5,2.2074,2.1821,1.147,0.0382,0.0605,4/5,True,MODERATE,Shape reproduced in 3/5 fold curves; positive out-of-fold R^2 (0.0605) -- majority but not unanimous.,1200
CATHODE_ET_Rcat_cn_3_OW_ST,SATURATION,negative,0.250897,,0.1259 to 0.2431,0.247 to 0.2782,2.9369,3/5,5,2.2207,2.14,3.631,0.0283,0.0981,5/5,True,MODERATE,Shape reproduced in 3/5 fold curves; positive out-of-fold R^2 (0.0981) -- majority but not unanimous.,1200
MEASURE_ET_DC_RF_CF_S22_Mag_L2180,PROCESS_WINDOW,n/a,14.106222,,15.3 to 16.95,12.92 to 15.19,2.9121,3/5,5,2.2218,2.2029,0.85,0.0283,0.045,5/5,False,MODERATE,Shape reproduced in 3/5 fold curves; positive out-of-fold R^2 (0.0450) -- majority but not unanimous.,1200
MEASURE_ET_C385pf_0,SATURATION,positive,62.590154,,60.14 to 63.32,53.78 to 59.9,2.9021,3/5,5,2.2139,2.2142,-0.015,0.0336,0.0341,2/5,False,MODERATE,Shape reproduced in 3/5 fold curves; positive out-of-fold R^2 (0.0341) -- majority but not unanimous.,1200
TOPSIN_ET_Rc_OG142_GN,SATURATION,negative,0.263931,,0.1711 to 0.2231,0.2268 to 0.2714,2.8949,3/5,5,2.2344,2.2032,1.397,0.0169,0.043,4/5,True,MODERATE,Shape reproduced in 3/5 fold curves; positive out-of-fold R^2 (0.0430) -- majority but not unanimous.,1200
OHMIC_ET_sh_GA142,SATURATION,positive,82.353221,,86.56 to 92.27,81.67 to 86.29,2.8814,3/5,5,2.1505,2.1348,0.73,0.0896,0.1034,5/5,False,MODERATE,Shape reproduced in 3/5 fold curves; positive out-of-fold R^2 (0.1034) -- majority but not unanimous.,1200
THIN_ET_C100,PROCESS_WINDOW,n/a,0.72144,,0.6372 to 0.918,0.9293 to 1.042,2.8709,3/5,5,2.2426,2.1826,2.673,0.0112,0.0553,3/5,False,MODERATE,Shape reproduced in 3/5 fold curves; positive out-of-fold R^2 (0.0553) -- majority but not unanimous.,1200
MEASURE_ET_Cap_C300FM1,COMPLEX_NONLINEAR,n/a,0.703578,0.849225,0.7428 to 0.8884,0.6196 to 0.7316,2.8695,3/5,5,2.2425,2.1842,2.602,0.0095,0.0615,5/5,True,MODERATE,Shape reproduced in 3/5 fold curves; positive out-of-fold R^2 (0.0615) -- majority but not unanimous.,1200
MEASURE_ET_DC_Big_S12dB_10GHz,COMPLEX_NONLINEAR,n/a,-22.869708,-19.311576,-28.95 to -22.13,-21.83 to -19.16,2.8579,3/5,5,2.2407,2.1865,2.415,0.012,0.0606,5/5,True,MODERATE,Shape reproduced in 3/5 fold curves; positive out-of-fold R^2 (0.0606) -- majority but not unanimous.,1200
MEASURE_ET_DC_RF2_S11ang_26GHz,COMPLEX_NONLINEAR,n/a,-13.887316,-7.827173,-15.66 to -13.36,-9.394 to -7.723,2.8536,3/5,5,2.2524,2.2131,1.741,0.0002,0.0353,5/5,True,MODERATE,Shape reproduced in 3/5 fold curves; positive out-of-fold R^2 (0.0353) -- majority but not unanimous.,1200
BRGM_ET_F_AB,COMPLEX_NONLINEAR,n/a,497.911719,558.281331,577.5 to 632.4,511.6 to 572,2.8474,3/5,5,2.2289,2.1709,2.6,0.0217,0.0695,5/5,True,MODERATE,Shape reproduced in 3/5 fold curves; positive out-of-fold R^2 (0.0695) -- majority but not unanimous.,1200
MEASURE_ET_C300pf_0,THRESHOLD,negative,0.91055,,0.6987 to 0.9223,0.9341 to 1.04,2.8437,3/5,5,2.2215,2.1514,3.153,0.0309,0.091,5/5,True,MODERATE,Shape reproduced in 3/5 fold curves; positive out-of-fold R^2 (0.0910) -- majority but not unanimous.,1200
BRGM_ET_C200_0,U_SHAPED,n/a,562.20147,,580.6 to 633.1,512.3 to 575.3,2.8369,3/5,5,2.2357,2.1595,3.408,0.0135,0.0785,5/5,True,MODERATE,Shape reproduced in 3/5 fold curves; positive out-of-fold R^2 (0.0785) -- majority but not unanimous.,1200
TOPSIN_ET_DC_SMALL_Vbgd_0p1,SATURATION,positive,32.751854,,31.13 to 35.09,21.05 to 26.09,2.8078,3/5,5,2.1871,2.1591,1.279,0.0563,0.08,4/5,True,MODERATE,Shape reproduced in 3/5 fold curves; positive out-of-fold R^2 (0.0800) -- majority but not unanimous.,1200
MEASURE_ET_KLV_F_AB_4u,SATURATION,positive,59.497966,,64.65 to 69.8,59.23 to 64.38,2.8043,3/5,5,2.1756,2.1379,1.733,0.0652,0.0966,5/5,True,MODERATE,Shape reproduced in 3/5 fold curves; positive out-of-fold R^2 (0.0966) -- majority but not unanimous.,1200
MEASURE_ET_Load_Pull_GL_set,COMPLEX_NONLINEAR,n/a,3.993171,6.771016,5.084 to 6.87,0.5209 to 4.886,2.7914,3/5,5,2.2483,2.1677,3.585,0.0046,0.0734,5/5,True,MODERATE,Shape reproduced in 3/5 fold curves; positive out-of-fold R^2 (0.0734) -- majority but not unanimous.,1200
MEASURE_ET_DC_SEC_X_Id_mA_mm_at_Vg3_FPSD3p2,THRESHOLD,positive,32.765309,,33.22 to 39.14,30.26 to 32.99,2.7797,3/5,5,2.2176,2.1821,1.599,0.0297,0.0602,5/5,True,MODERATE,Shape reproduced in 3/5 fold curves; positive out-of-fold R^2 (0.0602) -- majority but not unanimous.,1200
FIC_ET_Rc_f_hr_23,THRESHOLD,negative,0.149457,,0.1634 to 0.243,0.247 to 0.2868,2.7588,3/5,5,2.24,2.1607,3.539,0.0101,0.0725,4/5,True,MODERATE,Shape reproduced in 3/5 fold curves; positive out-of-fold R^2 (0.0725) -- majority but not unanimous.,1200
TOPSIN_ET_Load_Pull_Gss,THRESHOLD,positive,63.55231,,56.82 to 63.69,52.97 to 56.54,2.7575,3/5,5,2.2071,2.1828,1.1,0.042,0.06,4/5,True,MODERATE,Shape reproduced in 3/5 fold curves; positive out-of-fold R^2 (0.0600) -- majority but not unanimous.,1200
MEASURE_ET_CapPARCAP,SATURATION,negative,0.265057,,0.1357 to 0.2407,0.2444 to 0.2819,2.719,3/5,5,2.223,2.1891,1.527,0.0261,0.057,5/5,True,MODERATE,Shape reproduced in 3/5 fold curves; positive out-of-fold R^2 (0.0570) -- majority but not unanimous.,1200
MEASURE_ET_DC_SMALL_Vt_gs,SATURATION,positive,90.85979,,87.67 to 92.19,81.83 to 87.41,2.6605,3/5,5,2.1681,2.1767,-0.397,0.0755,0.0681,1/5,False,MODERATE,Shape reproduced in 3/5 fold curves; positive out-of-fold R^2 (0.0681) -- majority but not unanimous.,1200
MEASURE_ET_DC_SEC_Imax_7V,COMPLEX_NONLINEAR,n/a,667.742857,730.445645,733.9 to 810.6,657.3 to 727,2.6391,3/5,5,2.2529,2.2036,2.187,-0.0005,0.0434,5/5,True,MODERATE,Shape reproduced in 3/5 fold curves; positive out-of-fold R^2 (0.0434) -- majority but not unanimous.,1200
MEASURE_ET_DC_SEC_Vboff_Vds_min_ON,COMPLEX_NONLINEAR,n/a,10.740046,15.442566,8.953 to 9.894,12.53 to 14.03,2.6266,3/5,5,2.2501,2.2398,0.457,0.0025,0.0084,3/5,False,MODERATE,Shape reproduced in 3/5 fold curves; positive out-of-fold R^2 (0.0084) -- majority but not unanimous.,1200
MEASURE_ET_DC_SEC_Vds_max_ON,SATURATION,positive,45.431402,,45.53 to 51.09,43.94 to 45.33,2.6183,3/5,5,2.2634,2.2173,2.037,-0.0112,0.0264,5/5,True,MODERATE,Shape reproduced in 3/5 fold curves; positive out-of-fold R^2 (0.0264) -- majority but not unanimous.,1200
MEASURE_ET_DC_SEC_S_Vg_at_I1_neg,PROCESS_WINDOW,n/a,21.331477,,19.26 to 24.71,17.3 to 19.04,2.6183,3/5,5,2.2602,2.2039,2.489,-0.0068,0.0377,3/5,False,MODERATE,Shape reproduced in 3/5 fold curves; positive out-of-fold R^2 (0.0377) -- majority but not unanimous.,1200
MEASURE_ET_DC_Stress_Vg_max_Ig_after,THRESHOLD,positive,66.29173,,64.43 to 68.57,60.49 to 64.22,2.6163,3/5,5,2.196,2.1898,0.28,0.0471,0.0518,4/5,False,MODERATE,Shape reproduced in 3/5 fold curves; positive out-of-fold R^2 (0.0518) -- majority but not unanimous.,1200
SIN_ET_DC_RF_Gm_max,PROCESS_WINDOW,n/a,467.48695,,566.6 to 628.9,487.3 to 561,2.5493,3/5,5,2.2411,2.1852,2.496,0.0093,0.0591,5/5,True,MODERATE,Shape reproduced in 3/5 fold curves; positive out-of-fold R^2 (0.0591) -- majority but not unanimous.,1200
MEASURE_ET_Load_Pull_Pout_W_last,THRESHOLD,positive,29.687381,,29.84 to 32.62,28.74 to 29.74,2.5218,3/5,5,2.2221,2.2064,0.707,0.0293,0.0406,3/5,False,MODERATE,Shape reproduced in 3/5 fold curves; positive out-of-fold R^2 (0.0406) -- majority but not unanimous.,1200
MEASURE_ET_DC_SEC_X_Ids_max_norm_FPSD3p2,PROCESS_WINDOW,n/a,0.395942,,1.281 to 4.428,-0.8825 to 1.084,2.4827,3/5,5,2.2529,2.1621,4.028,0.0001,0.0807,5/5,True,MODERATE,Shape reproduced in 3/5 fold curves; positive out-of-fold R^2 (0.0807) -- majority but not unanimous.,1200
FIC_ET_DC_RF_n_gd,THRESHOLD,positive,40.315611,,40.43 to 46.53,37.94 to 40.2,2.4455,3/5,5,2.2259,2.1809,2.021,0.0175,0.0529,4/5,True,MODERATE,Shape reproduced in 3/5 fold curves; positive out-of-fold R^2 (0.0529) -- majority but not unanimous.,1200
TOPSIN_ET_DC_SMALL_Vbgs_0p01,COMPLEX_NONLINEAR,n/a,24.949557,29.634584,26.57 to 35.22,21.17 to 26.21,2.4298,3/5,5,2.1886,2.1427,2.097,0.0567,0.0934,3/5,False,MODERATE,Shape reproduced in 3/5 fold curves; positive out-of-fold R^2 (0.0934) -- majority but not unanimous.,1200
MEASURE_ET_Rc_an_ct2,SATURATION,negative,0.154633,,0.1287 to 0.1646,0.2285 to 0.2844,2.416,3/5,5,2.2289,2.217,0.531,0.0196,0.0276,3/5,False,MODERATE,Shape reproduced in 3/5 fold curves; positive out-of-fold R^2 (0.0276) -- majority but not unanimous.,1200
MEASURE_ET_R_400_VER,PROCESS_WINDOW,n/a,96.42144,,91.55 to 98.93,87.43 to 91.26,2.4026,3/5,5,2.1958,2.1684,1.25,0.0472,0.0723,4/5,True,MODERATE,Shape reproduced in 3/5 fold curves; positive out-of-fold R^2 (0.0723) -- majority but not unanimous.,1200
MEASURE_ET_RF_Modeling_MAG_19G_After,THRESHOLD,positive,14.0736,,14.47 to 16.93,13.09 to 14.37,2.3782,3/5,5,2.2232,2.206,0.774,0.026,0.0417,4/5,False,MODERATE,Shape reproduced in 3/5 fold curves; positive out-of-fold R^2 (0.0417) -- majority but not unanimous.,1200
TOPSIN_ET_DC_RF_Vboff,SATURATION,positive,90.115146,,90.99 to 99.14,87.79 to 90.7,2.3662,3/5,5,2.2352,2.2158,0.869,0.0158,0.0316,4/5,False,MODERATE,Shape reproduced in 3/5 fold curves; positive out-of-fold R^2 (0.0316) -- majority but not unanimous.,1200
MEASURE_ET_DC_SEC_S_Vg_at_I2_pos,INVERTED_U,n/a,49.926015,,48.02 to 50.71,44.44 to 47.8,2.3611,3/5,5,2.2372,2.1538,3.728,0.0149,0.0848,5/5,True,MODERATE,Shape reproduced in 3/5 fold curves; positive out-of-fold R^2 (0.0848) -- majority but not unanimous.,1200
MEASURE_ET_R114,SATURATION,positive,88.950149,,90 to 98.42,88.16 to 89.74,2.3514,3/5,5,2.2348,2.2181,0.751,0.0139,0.0274,3/5,False,MODERATE,Shape reproduced in 3/5 fold curves; positive out-of-fold R^2 (0.0274) -- majority but not unanimous.,1200
THIN_ET_C_AN_2_OW_CR,COMPLEX_NONLINEAR,n/a,14.271076,17.912999,11.65 to 14.84,15.07 to 17.57,2.335,3/5,5,2.2596,2.1596,4.426,-0.0064,0.0764,5/5,True,MODERATE,Shape reproduced in 3/5 fold curves; positive out-of-fold R^2 (0.0764) -- majority but not unanimous.,1200
MEASURE_ET_RF_Modeling_Tau_err,COMPLEX_NONLINEAR,n/a,29.267997,31.430039,23.97 to 26.78,27 to 29.81,2.325,3/5,5,2.2436,2.2228,0.928,0.0082,0.0223,3/5,False,MODERATE,Shape reproduced in 3/5 fold curves; positive out-of-fold R^2 (0.0223) -- majority but not unanimous.,1200
THIN_ET_TF_AB_2,THRESHOLD,positive,5.302339,,1.071 to 5.396,-0.6215 to 0.883,2.3243,3/5,5,2.2572,2.1952,2.747,-0.0042,0.0494,5/5,True,MODERATE,Shape reproduced in 3/5 fold curves; positive out-of-fold R^2 (0.0494) -- majority but not unanimous.,1200
TOPSIN_ET_sh_f_tn_23,SATURATION,negative,3.267346,,2.861 to 4.282,4.485 to 7.327,2.2934,3/5,5,2.2586,2.2159,1.89,-0.005,0.032,5/5,True,MODERATE,Shape reproduced in 3/5 fold curves; positive out-of-fold R^2 (0.0320) -- majority but not unanimous.,1200
MEASURE_ET_RGAN2,SATURATION,negative,6.289726,,5.517 to 7.449,7.642 to 13.05,2.2868,3/5,5,2.2404,2.2143,1.164,0.0102,0.0324,5/5,True,MODERATE,Shape reproduced in 3/5 fold curves; positive out-of-fold R^2 (0.0324) -- majority but not unanimous.,1200
MEASURE_ET_RF_Modeling_Delta_S21_19G,THRESHOLD,positive,16.167536,,15.49 to 17.19,12.76 to 15.37,2.2818,3/5,5,2.1859,2.176,0.454,0.0588,0.0679,5/5,False,MODERATE,Shape reproduced in 3/5 fold curves; positive out-of-fold R^2 (0.0679) -- majority but not unanimous.,1200
TOPSIN_ET_CapFICBRGM,COMPLEX_NONLINEAR,n/a,507.278296,558.137996,474.2 to 520,525.1 to 575.9,2.2305,3/5,5,2.2468,2.1618,3.781,0.0057,0.079,5/5,True,MODERATE,Shape reproduced in 3/5 fold curves; positive out-of-fold R^2 (0.0790) -- majority but not unanimous.,1200
MEASURE_ET_Rcat_cn_3,SATURATION,positive,0.163681,,0.1546 to 0.231,0.2347 to 0.2783,2.2236,3/5,5,2.229,2.1987,1.363,0.0204,0.0429,3/5,False,MODERATE,Shape reproduced in 3/5 fold curves; positive out-of-fold R^2 (0.0429) -- majority but not unanimous.,1200
BRGM_ET_C300_0,PROCESS_WINDOW,n/a,484.741161,,440.2 to 487.7,493.6 to 588.6,2.2146,3/5,5,2.2563,2.208,2.139,-0.0034,0.0426,5/5,True,MODERATE,Shape reproduced in 3/5 fold curves; positive out-of-fold R^2 (0.0426) -- majority but not unanimous.,1200
MEASURE_ET_DC_Stress_Vp_delta,COMPLEX_NONLINEAR,n/a,-1.089492,-0.787161,-1.341 to -1.255,-1.241 to -1.054,2.212,3/5,5,2.2589,2.2245,1.519,-0.006,0.0259,5/5,True,MODERATE,Shape reproduced in 3/5 fold curves; positive out-of-fold R^2 (0.0259) -- majority but not unanimous.,1200
TOPSIN_ET_DC_SMALL_Vbgd_0p01,THRESHOLD,positive,26.215084,,25.88 to 34.14,21.26 to 25.55,2.2081,3/5,5,2.1943,2.1723,0.999,0.0504,0.0684,4/5,False,MODERATE,Shape reproduced in 3/5 fold curves; positive out-of-fold R^2 (0.0684) -- majority but not unanimous.,1200
MEASURE_ET_TR_1F,THRESHOLD,positive,98.974005,,99.4 to 105.3,94.34 to 99.11,2.206,3/5,5,2.2194,2.2231,-0.168,0.0253,0.0202,3/5,False,MODERATE,Shape reproduced in 3/5 fold curves; positive out-of-fold R^2 (0.0202) -- majority but not unanimous.,1200
MEASURE_ET_DC_RF_CF_S12_Mag_L1002,THRESHOLD,positive,17.045319,,15.2 to 17.1,12.98 to 15.09,2.2021,3/5,5,2.2007,2.1934,0.332,0.0469,0.0532,5/5,False,MODERATE,Shape reproduced in 3/5 fold curves; positive out-of-fold R^2 (0.0532) -- majority but not unanimous.,1200
TOPSIN_ET_I_5,THRESHOLD,positive,32.866115,,33.15 to 37.87,30.51 to 32.96,2.1917,3/5,5,2.2066,2.1551,2.334,0.0339,0.0773,5/5,True,MODERATE,Shape reproduced in 3/5 fold curves; positive out-of-fold R^2 (0.0773) -- majority but not unanimous.,1200
FIC_ET_DC_RF_Vg_optt,SATURATION,negative,100.292544,,95.46 to 100.7,90.49 to 95.19,2.1833,3/5,5,2.2142,2.1253,4.012,0.0299,0.1012,5/5,True,MODERATE,Shape reproduced in 3/5 fold curves; positive out-of-fold R^2 (0.1012) -- majority but not unanimous.,1200
MEASURE_ET_RF_Modeling_Cgs,SATURATION,positive,93.95182,,97.71 to 102.1,92.01 to 97.45,2.1653,3/5,5,2.2076,2.2047,0.132,0.0375,0.04,3/5,False,MODERATE,Shape reproduced in 3/5 fold curves; positive out-of-fold R^2 (0.0400) -- majority but not unanimous.,1200
MEASURE_ET_DC_SEC_S_Id_mA_mm_at_Vg3_FPSD3p2,COMPLEX_NONLINEAR,n/a,16.8444,19.366658,16.96 to 19.71,19.94 to 22.23,2.1557,3/5,5,2.2471,2.2002,2.088,0.0028,0.044,5/5,True,MODERATE,Shape reproduced in 3/5 fold curves; positive out-of-fold R^2 (0.0440) -- majority but not unanimous.,1200
TOPSIN_ET_Load_Pull_P.A.E_Last,U_SHAPED,n/a,56.761875,,56.64 to 61.62,51.9 to 56.39,2.1501,3/5,5,2.1753,2.172,0.148,0.0644,0.0644,3/5,False,MODERATE,Shape reproduced in 3/5 fold curves; positive out-of-fold R^2 (0.0644) -- majority but not unanimous.,1200
THIN_ET_Rsh_an_ct2,THRESHOLD,negative,128.138094,,107.3 to 113.8,122 to 129.6,2.1478,3/5,5,2.2345,2.215,0.872,0.0153,0.0339,4/5,False,MODERATE,Shape reproduced in 3/5 fold curves; positive out-of-fold R^2 (0.0339) -- majority but not unanimous.,1200
SIN_CAPACITOR_ThicknessGN1_SiN_Thickness,THRESHOLD,positive,0.161194,,0.1403 to 0.1551,0.1557 to 0.1622,2.1386,3/5,5,2.2475,2.1832,2.86,0.0065,0.0615,5/5,True,MODERATE,Shape reproduced in 3/5 fold curves; positive out-of-fold R^2 (0.0615) -- majority but not unanimous.,1200
MEASURE_ET_DC_SEC_S_Id_at_Vboff_mA_mm,SATURATION,positive,88.060153,,86.43 to 89.96,79.38 to 86.16,2.1175,3/5,5,2.2213,2.208,0.598,0.0284,0.0386,3/5,False,MODERATE,Shape reproduced in 3/5 fold curves; positive out-of-fold R^2 (0.0386) -- majority but not unanimous.,1200
MEASURE_ET_DC_SMALL_Vds_max,SATURATION,positive,33.494283,,34.5 to 40.72,32.05 to 34.27,2.1124,3/5,5,2.2344,2.235,-0.027,0.0161,0.0146,3/5,False,MODERATE,Shape reproduced in 3/5 fold curves; positive out-of-fold R^2 (0.0146) -- majority but not unanimous.,1200
MEASURE_ET_DC_RF_MAG_26GHz,COMPLEX_NONLINEAR,n/a,15.058237,16.154386,14.24 to 15.33,12.92 to 14.13,2.1028,3/5,5,2.223,2.2085,0.652,0.0249,0.0342,3/5,False,MODERATE,Shape reproduced in 3/5 fold curves; positive out-of-fold R^2 (0.0342) -- majority but not unanimous.,1200
FIC_ET_C100S1,THRESHOLD,negative,0.907935,,0.754 to 0.9198,0.9316 to 1.026,2.0965,3/5,5,2.2595,2.1767,3.664,-0.0055,0.073,4/5,True,MODERATE,Shape reproduced in 3/5 fold curves; positive out-of-fold R^2 (0.0730) -- majority but not unanimous.,1200
MEASURE_ET_DC_RF_S22dB_26GHz,COMPLEX_NONLINEAR,n/a,-12.283974,-10.368034,-9.623 to -7.494,-12.18 to -9.836,2.0926,3/5,5,2.2553,2.2177,1.668,-0.0025,0.0307,5/5,True,MODERATE,Shape reproduced in 3/5 fold curves; positive out-of-fold R^2 (0.0307) -- majority but not unanimous.,1200
TOPSIN_ET_DC_RF_Vbgs1,THRESHOLD,positive,27.702896,,28.79 to 33.89,22.61 to 28.43,2.0532,3/5,5,2.1699,2.0257,6.645,0.0707,0.1808,5/5,True,MODERATE,Shape reproduced in 3/5 fold curves; positive out-of-fold R^2 (0.1808) -- majority but not unanimous.,1200
MEASURE_ET_lkg_CapFICBRGM,COMPLEX_NONLINEAR,n/a,487.987958,572.455959,575.3 to 642.8,490.8 to 569.6,2.0481,3/5,5,2.2444,2.2071,1.661,0.007,0.0383,4/5,True,MODERATE,Shape reproduced in 3/5 fold curves; positive out-of-fold R^2 (0.0383) -- majority but not unanimous.,1200
THIN_ET_Rc_F_AB_2,SATURATION,negative,0.265093,,0.1517 to 0.2494,0.2529 to 0.2878,2.0467,3/5,5,2.2434,2.2101,1.483,0.0082,0.0383,5/5,True,MODERATE,Shape reproduced in 3/5 fold curves; positive out-of-fold R^2 (0.0383) -- majority but not unanimous.,1200
TOPSIN_ET_C100CapFICM1,THRESHOLD,positive,0.732312,,0.756 to 0.9101,0.6256 to 0.7442,2.023,3/5,5,2.2586,2.2246,1.505,-0.0041,0.0297,2/5,False,MODERATE,Shape reproduced in 3/5 fold curves; positive out-of-fold R^2 (0.0297) -- majority but not unanimous.,1200
MEASURE_ET_C_CAT_2_OW_ST,THRESHOLD,positive,97.38919,,97.8 to 104.1,93.4 to 97.53,2.0103,3/5,5,2.2179,2.2049,0.587,0.0304,0.0419,5/5,False,MODERATE,Shape reproduced in 3/5 fold curves; positive out-of-fold R^2 (0.0419) -- majority but not unanimous.,1200
BRGM_ET_i5021_3,COMPLEX_NONLINEAR,n/a,582.687464,635.651724,579.7 to 638.6,497.4 to 573.9,2.0044,3/5,5,2.2517,2.2421,0.43,0.0005,0.0086,4/5,False,MODERATE,Shape reproduced in 3/5 fold curves; positive out-of-fold R^2 (0.0086) -- majority but not unanimous.,1200
MEASURE_ET_DC_SEC_S_Ig_cut2_mAmm_neg_SD3p5,U_SHAPED,n/a,8.04768,,5.011 to 7.485,7.71 to 11.76,1.9954,3/5,5,2.2555,2.231,1.087,-0.0029,0.0152,2/5,False,MODERATE,Shape reproduced in 3/5 fold curves; positive out-of-fold R^2 (0.0152) -- majority but not unanimous.,1200
MEASURE_ET_CapFICBRGM,COMPLEX_NONLINEAR,n/a,482.429635,559.122083,572.8 to 638.6,496.1 to 567.3,1.9505,3/5,5,2.2542,2.2146,1.757,-0.0019,0.0347,4/5,True,MODERATE,Shape reproduced in 3/5 fold curves; positive out-of-fold R^2 (0.0347) -- majority but not unanimous.,1200
OHMIC_ET_Rc_OG142,COMPLEX_NONLINEAR,n/a,0.225182,0.262746,0.1449 to 0.1791,0.2371 to 0.2781,1.9173,3/5,5,2.2455,2.2183,1.214,0.0031,0.0258,4/5,True,MODERATE,Shape reproduced in 3/5 fold curves; positive out-of-fold R^2 (0.0258) -- majority but not unanimous.,1200
MEASURE_ET_RF_Modeling_Delta_S21_25G,COMPLEX_NONLINEAR,n/a,14.030112,15.311655,14.47 to 16.84,13.19 to 14.38,1.9148,3/5,5,2.2352,2.1814,2.406,0.0162,0.0625,5/5,True,MODERATE,Shape reproduced in 3/5 fold curves; positive out-of-fold R^2 (0.0625) -- majority but not unanimous.,1200
THIN_ET_DC_RF_Gm_max,COMPLEX_NONLINEAR,n/a,511.094913,548.195792,572 to 630.3,503.1 to 566.7,1.9024,3/5,5,2.2484,2.2194,1.29,0.0032,0.0295,4/5,True,MODERATE,Shape reproduced in 3/5 fold curves; positive out-of-fold R^2 (0.0295) -- majority but not unanimous.,1200
TOPSIN_ET_lkg_CapFICBRGM,SATURATION,positive,445.018251,,575.3 to 628.5,506.2 to 570,1.9,3/5,5,2.2486,2.2302,0.816,0.0032,0.0186,5/5,False,MODERATE,Shape reproduced in 3/5 fold curves; positive out-of-fold R^2 (0.0186) -- majority but not unanimous.,1200
MEASURE_ET_Gm_m2,COMPLEX_NONLINEAR,n/a,501.032408,552.881626,573 to 636.4,503.9 to 567.3,1.8847,3/5,5,2.2471,2.2134,1.497,0.0046,0.0329,5/5,True,MODERATE,Shape reproduced in 3/5 fold curves; positive out-of-fold R^2 (0.0329) -- majority but not unanimous.,1200
TOPSIN_ET_C100C300pf,INVERTED_U,n/a,0.710222,,0.6422 to 0.7678,0.7783 to 0.9039,1.8826,3/5,5,2.2477,2.2022,2.025,0.0054,0.0448,4/5,True,MODERATE,Shape reproduced in 3/5 fold curves; positive out-of-fold R^2 (0.0448) -- majority but not unanimous.,1200
MEASURE_ET_DC_SEC_Gm_m0p2,THRESHOLD,negative,523.000725,,460.1 to 514.8,520.3 to 569.5,1.8735,3/5,5,2.2517,2.2174,1.522,0.0006,0.0288,5/5,True,MODERATE,Shape reproduced in 3/5 fold curves; positive out-of-fold R^2 (0.0288) -- majority but not unanimous.,1200
MEASURE_ET_C300_0,SATURATION,negative,0.641004,,0.5756 to 0.7609,0.7718 to 1.001,1.8682,3/5,5,2.2362,2.1607,3.373,0.0153,0.0836,5/5,True,MODERATE,Shape reproduced in 3/5 fold curves; positive out-of-fold R^2 (0.0836) -- majority but not unanimous.,1200
TOPSIN_ET_DC_RF_Vbgd1,THRESHOLD,positive,35.081221,,30.12 to 35.26,22.78 to 29.76,1.8554,3/5,5,2.2403,2.2138,1.184,0.0111,0.0345,5/5,True,MODERATE,Shape reproduced in 3/5 fold curves; positive out-of-fold R^2 (0.0345) -- majority but not unanimous.,1200
SIN_ET_DC_RF_Vp_01,THRESHOLD,negative,-0.874873,,-1.086 to -0.9771,-1.263 to -1.1,1.83,3/5,5,2.2589,2.2196,1.741,-0.0061,0.0272,5/5,True,MODERATE,Shape reproduced in 3/5 fold curves; positive out-of-fold R^2 (0.0272) -- majority but not unanimous.,1200
GATE1_Thickness1_Triple_E-beam_thickness,SATURATION,negative,1.432323,,1.501 to 1.56,1.452 to 1.496,1.8273,3/5,5,2.2535,2.2317,0.964,-0.0006,0.0184,5/5,False,MODERATE,Shape reproduced in 3/5 fold curves; positive out-of-fold R^2 (0.0184) -- majority but not unanimous.,1200
MEASURE_ET_Ran_con_2,THRESHOLD,positive,77.722477,,77.72 to 80.83,69.81 to 77.44,1.8266,3/5,5,2.2401,2.23,0.452,0.0125,0.0213,5/5,False,MODERATE,Shape reproduced in 3/5 fold curves; positive out-of-fold R^2 (0.0213) -- majority but not unanimous.,1200
MEASURE_ET_DC_RF2_S22dB_26GHz,U_SHAPED,n/a,-11.141624,,-17.09 to -14.29,-14.06 to -10.33,1.7927,3/5,5,2.2555,2.1973,2.583,-0.0001,0.0506,5/5,True,MODERATE,Shape reproduced in 3/5 fold curves; positive out-of-fold R^2 (0.0506) -- majority but not unanimous.,1200
MEASURE_ET_DC_RF2_S22ang_26GHz,U_SHAPED,n/a,-12.8294,,-12.72 to -9.352,-16.08 to -12.94,1.7836,3/5,5,2.2428,2.1981,1.993,0.0086,0.0454,4/5,True,MODERATE,Shape reproduced in 3/5 fold curves; positive out-of-fold R^2 (0.0454) -- majority but not unanimous.,1200
MEASURE_ET_DC_RF_S12ang_26GHz,SATURATION,negative,-20.636235,,-26.51 to -20.64,-29.44 to -26.75,1.7486,3/5,5,2.2399,2.2303,0.428,0.0055,0.0097,3/5,False,MODERATE,Shape reproduced in 3/5 fold curves; positive out-of-fold R^2 (0.0097) -- majority but not unanimous.,1200
MEASURE_ET_DC_RF_S22dB_26GHz_W,PROCESS_WINDOW,n/a,-11.916799,,-13.48 to -11.09,-16.05 to -13.66,1.7319,3/5,5,2.2484,2.2219,1.18,0.0023,0.0222,4/5,True,MODERATE,Shape reproduced in 3/5 fold curves; positive out-of-fold R^2 (0.0222) -- majority but not unanimous.,1200
MEASURE_ET_DC_RF2_Ft,SATURATION,positive,94.300024,,96.1 to 101.9,93.61 to 95.83,1.7302,3/5,5,2.2568,2.2231,1.497,-0.004,0.0263,5/5,True,MODERATE,Shape reproduced in 3/5 fold curves; positive out-of-fold R^2 (0.0263) -- majority but not unanimous.,1200
MEASURE_ET_LT_SEC_Vg_Id_min_Vd8,THRESHOLD,positive,45.640951,,46.22 to 50.87,42.27 to 45.99,1.7136,3/5,5,2.2418,2.226,0.701,0.0088,0.02,3/5,False,MODERATE,Shape reproduced in 3/5 fold curves; positive out-of-fold R^2 (0.0200) -- majority but not unanimous.,1200
MEASURE_ET_CapFICBRGM_0,THRESHOLD,positive,616.606017,,559.3 to 625.7,480.9 to 553.3,1.7076,3/5,5,2.2396,2.2142,1.136,0.0108,0.0342,5/5,True,MODERATE,Shape reproduced in 3/5 fold curves; positive out-of-fold R^2 (0.0342) -- majority but not unanimous.,1200
MEASURE_ET_Ran_con_1_OW_CR,THRESHOLD,positive,77.786802,,78.29 to 81.04,71.28 to 78.04,1.7052,3/5,5,2.2345,2.2242,0.463,0.0154,0.0241,3/5,False,MODERATE,Shape reproduced in 3/5 fold curves; positive out-of-fold R^2 (0.0241) -- majority but not unanimous.,1200
MEASURE_ET_TF_AB_1,THRESHOLD,positive,89.268636,,89.96 to 96.27,85.83 to 89.68,1.6996,3/5,5,2.2435,2.2271,0.731,0.0048,0.0178,3/5,False,MODERATE,Shape reproduced in 3/5 fold curves; positive out-of-fold R^2 (0.0178) -- majority but not unanimous.,1200
CATHODE_ET_C_CAT_2_OW_ST,U_SHAPED,n/a,76.511104,,78.95 to 82.55,73.3 to 78.69,1.6906,3/5,5,2.2414,2.2129,1.271,0.01,0.0352,5/5,True,MODERATE,Shape reproduced in 3/5 fold curves; positive out-of-fold R^2 (0.0352) -- majority but not unanimous.,1200
BRGM_ET_i5021_1,SATURATION,positive,423.740333,,572.2 to 642.1,502.4 to 566.4,1.6837,3/5,5,2.2385,2.2136,1.115,0.0122,0.0349,5/5,True,MODERATE,Shape reproduced in 3/5 fold curves; positive out-of-fold R^2 (0.0349) -- majority but not unanimous.,1200
MEASURE_ET_RF_Modeling_Gm,THRESHOLD,positive,633.277866,,571.8 to 636,486.2 to 566.4,1.6793,3/5,5,2.2497,2.2399,0.436,0.002,0.01,4/5,False,MODERATE,Shape reproduced in 3/5 fold curves; positive out-of-fold R^2 (0.0100) -- majority but not unanimous.,1200
MEASURE_ET_DC_SEC_X_Ig_cut2_mAmm_pos_SD3p5,U_SHAPED,n/a,21.713009,,22.28 to 26.38,17.5 to 22.05,1.6789,3/5,5,2.2376,2.2024,1.574,0.0098,0.0397,5/5,True,MODERATE,Shape reproduced in 3/5 fold curves; positive out-of-fold R^2 (0.0397) -- majority but not unanimous.,1200
SIN_GATE_ET_OHMC_GN,THRESHOLD,positive,89.452589,,89.86 to 93.93,83.62 to 89.59,1.6687,3/5,5,2.2232,2.1849,1.722,0.0246,0.0582,5/5,True,MODERATE,Shape reproduced in 3/5 fold curves; positive out-of-fold R^2 (0.0582) -- majority but not unanimous.,1200
MEASURE_ET_DC_SEC_X_Vboff_Id_plus_Ig,U_SHAPED,n/a,13.149133,,14.24 to 16.83,10.26 to 14.05,1.6669,3/5,5,2.254,2.1753,3.492,-0.0026,0.067,5/5,True,MODERATE,Shape reproduced in 3/5 fold curves; positive out-of-fold R^2 (0.0670) -- majority but not unanimous.,1200
MEASURE_ET_Ran_con_1,THRESHOLD,negative,25.966014,,21.37 to 23.72,18.38 to 21.16,1.6556,3/5,5,2.2484,2.2295,0.845,0.0032,0.0202,5/5,False,MODERATE,Shape reproduced in 3/5 fold curves; positive out-of-fold R^2 (0.0202) -- majority but not unanimous.,1200
GATE2_ET_Ids2_Gate_recess_current,THRESHOLD,positive,28.509126,,29.31 to 31.37,26.56 to 29.08,1.648,3/5,5,2.2578,2.2467,0.491,-0.0071,0.0042,4/5,False,MODERATE,Shape reproduced in 3/5 fold curves; positive out-of-fold R^2 (0.0042) -- majority but not unanimous.,1200
MEASURE_ET_R_f_hr_3,SATURATION,negative,47.684946,,54.23 to 55.99,47.94 to 53.98,1.645,3/5,5,2.2581,2.2405,0.778,-0.0051,0.0102,5/5,False,MODERATE,Shape reproduced in 3/5 fold curves; positive out-of-fold R^2 (0.0102) -- majority but not unanimous.,1200
MEASURE_ET_DC_RF_Max_S11_Freq_L2180,THRESHOLD,negative,-8.365161,,-14.77 to -10.78,-10.57 to -8.47,1.6396,3/5,5,2.2554,2.226,1.303,-0.0025,0.021,4/5,True,MODERATE,Shape reproduced in 3/5 fold curves; positive out-of-fold R^2 (0.0210) -- majority but not unanimous.,1200
THIN_ET_Rc_cat_ct2,PROCESS_WINDOW,n/a,0.185782,,0.1545 to 0.2336,0.2369 to 0.2764,1.6326,3/5,5,2.2335,2.2193,0.638,0.0139,0.025,4/5,False,MODERATE,Shape reproduced in 3/5 fold curves; positive out-of-fold R^2 (0.0250) -- majority but not unanimous.,1200
MEASURE_ET_DC_RF_Vp_01,THRESHOLD,positive,-0.808897,,-0.9167 to -0.773,-1.218 to -1.017,1.6053,3/5,5,2.2525,2.2385,0.62,-0.0012,0.0129,4/5,False,MODERATE,Shape reproduced in 3/5 fold curves; positive out-of-fold R^2 (0.0129) -- majority but not unanimous.,1200
MEASURE_ET_Er,SATURATION,positive,56.646502,,56.76 to 60.85,61.08 to 63.58,1.602,3/5,5,2.2569,2.2143,1.885,-0.0038,0.0326,4/5,True,MODERATE,Shape reproduced in 3/5 fold curves; positive out-of-fold R^2 (0.0326) -- majority but not unanimous.,1200
TOPSIN_ET_Load_Pull_Pout_W_last,SATURATION,positive,32.072884,,28.56 to 30.49,30.58 to 31.93,1.5887,3/5,5,2.2611,2.2507,0.462,-0.008,0.0011,3/5,False,MODERATE,Shape reproduced in 3/5 fold curves; positive out-of-fold R^2 (0.0011) -- majority but not unanimous.,1200
MEASURE_ET_DC_RF_Vp_1_W,THRESHOLD,positive,-0.881336,,-1.008 to -0.8271,-1.213 to -1.02,1.5854,3/5,5,2.2566,2.2058,2.253,-0.0053,0.0421,5/5,True,MODERATE,Shape reproduced in 3/5 fold curves; positive out-of-fold R^2 (0.0421) -- majority but not unanimous.,1200
THIN_ET_DC_RF_Vbin_gd,THRESHOLD,negative,34.881393,,28.27 to 35.05,22.84 to 27.93,1.5837,3/5,5,2.2022,2.0305,7.796,0.045,0.179,5/5,True,MODERATE,Shape reproduced in 3/5 fold curves; positive out-of-fold R^2 (0.1790) -- majority but not unanimous.,1200
MEASURE_ET_VIA_KLV_2,THRESHOLD,negative,45.002077,,39.02 to 45,45.23 to 48,1.5785,3/5,5,2.2492,2.2503,-0.051,0.0038,0.0008,3/5,False,MODERATE,Shape reproduced in 3/5 fold curves; positive out-of-fold R^2 (0.0008) -- majority but not unanimous.,1200
MEASURE_ET_R_f_tn_3,INVERTED_U,n/a,59.715666,,56.99 to 60.04,53.05 to 56.77,1.5583,3/5,5,2.2401,2.209,1.388,0.0103,0.0378,5/5,True,MODERATE,Shape reproduced in 3/5 fold curves; positive out-of-fold R^2 (0.0378) -- majority but not unanimous.,1200
MEASURE_ET_RF_Modeling_Rg,COMPLEX_NONLINEAR,n/a,65.191872,67.765009,62.74 to 65.78,59.93 to 62.5,1.527,3/5,5,2.2533,2.2254,1.238,-0.0008,0.0239,5/5,True,MODERATE,Shape reproduced in 3/5 fold curves; positive out-of-fold R^2 (0.0239) -- majority but not unanimous.,1200
FIC_ET_FC_lin_4,THRESHOLD,positive,60.759435,,60.76 to 63.22,57.81 to 60.51,1.5149,3/5,5,2.2516,2.244,0.338,0.0019,0.0094,4/5,False,MODERATE,Shape reproduced in 3/5 fold curves; positive out-of-fold R^2 (0.0094) -- majority but not unanimous.,1200
FIC_ET_DC_RF_Vg_max_Vd_0p1mA,U_SHAPED,n/a,15.139986,,15.48 to 17.3,12.53 to 15.25,1.5139,3/5,5,2.2557,2.2393,0.728,-0.0029,0.0086,2/5,False,MODERATE,Shape reproduced in 3/5 fold curves; positive out-of-fold R^2 (0.0086) -- majority but not unanimous.,1200
FIC_ET_Id_mAmm_at_Vd_cond,SATURATION,positive,49.573426,,52.27 to 55.17,48.54 to 49.78,1.4844,3/5,5,2.2491,2.2388,0.455,0.0025,0.0126,4/5,False,MODERATE,Shape reproduced in 3/5 fold curves; positive out-of-fold R^2 (0.0126) -- majority but not unanimous.,1200
MEASURE_ET_DC_SMALL_Vdg_max,SATURATION,positive,32.136235,,33.28 to 37.66,30.99 to 33.09,1.462,3/5,5,2.2546,2.2335,0.935,0.0002,0.0165,3/5,False,MODERATE,Shape reproduced in 3/5 fold curves; positive out-of-fold R^2 (0.0165) -- majority but not unanimous.,1200
STREETS_Height_Backside_metal_thickness,THRESHOLD,negative,2.162423,,2.028 to 2.207,2.218 to 2.353,1.4567,3/5,5,2.2561,2.2293,1.188,-0.0036,0.0203,4/5,True,MODERATE,Shape reproduced in 3/5 fold curves; positive out-of-fold R^2 (0.0203) -- majority but not unanimous.,1200
MEASURE_ET_DC_RF_Vdg_max,THRESHOLD,positive,93.449926,,94.2 to 98.22,88.42 to 93.95,1.4511,3/5,5,2.2189,2.2155,0.152,0.0316,0.0347,4/5,False,MODERATE,Shape reproduced in 3/5 fold curves; positive out-of-fold R^2 (0.0347) -- majority but not unanimous.,1200
THIN_ET_Rc_an_ct2,THRESHOLD,positive,0.164329,,0.1373 to 0.1806,0.2311 to 0.278,1.4467,3/5,5,2.2475,2.2419,0.249,0.003,0.0072,3/5,False,MODERATE,Shape reproduced in 3/5 fold curves; positive out-of-fold R^2 (0.0072) -- majority but not unanimous.,1200
MEASURE_ET_DC_SEC_S_Vp_0p7_mA_mm,COMPLEX_NONLINEAR,n/a,-0.963023,-0.8448,-1.103 to -0.9261,-1.34 to -1.118,1.4077,3/5,5,2.2532,2.2407,0.556,-0.0013,0.0076,4/5,False,MODERATE,Shape reproduced in 3/5 fold curves; positive out-of-fold R^2 (0.0076) -- majority but not unanimous.,1200
MEASURE_ET_DC_SEC_S_Ig_cut1_mAmm_pos,THRESHOLD,positive,24.212213,,23.85 to 28.94,19.73 to 23.61,1.3992,3/5,5,2.2425,2.226,0.733,0.0076,0.0232,4/5,False,MODERATE,Shape reproduced in 3/5 fold curves; positive out-of-fold R^2 (0.0232) -- majority but not unanimous.,1200
TOPSIN_ET_DC_SMALL_Ids_m0p2,THRESHOLD,positive,85.760048,,85.64 to 91.02,81.91 to 85.41,1.3802,3/5,5,2.236,2.2264,0.431,0.0129,0.0197,4/5,False,MODERATE,Shape reproduced in 3/5 fold curves; positive out-of-fold R^2 (0.0197) -- majority but not unanimous.,1200
MEASURE_ET_Rsh_an_ct2,U_SHAPED,n/a,124.984328,,106.3 to 115.5,116.2 to 126,1.3769,3/5,5,2.2582,2.2327,1.131,-0.0053,0.0155,4/5,True,MODERATE,Shape reproduced in 3/5 fold curves; positive out-of-fold R^2 (0.0155) -- majority but not unanimous.,1200
MEASURE_ET_DC_RF_Vp_1,SATURATION,positive,-0.796511,,-1.151 to -0.7572,-1.324 to -1.166,1.3649,3/5,5,2.2572,2.2489,0.366,-0.0046,0.0021,4/5,False,MODERATE,Shape reproduced in 3/5 fold curves; positive out-of-fold R^2 (0.0021) -- majority but not unanimous.,1200
SIN_GATE_ET_R114,SATURATION,positive,90.76884,,92.96 to 100.3,89.68 to 92.68,1.3512,3/5,5,2.2445,2.2357,0.391,0.005,0.0145,3/5,False,MODERATE,Shape reproduced in 3/5 fold curves; positive out-of-fold R^2 (0.0145) -- majority but not unanimous.,1200
MEASURE_ET_DC_RF_S22ang_10GHz,COMPLEX_NONLINEAR,n/a,-9.161903,-8.178499,-15.75 to -12.41,-12.21 to -9.457,1.3384,3/5,5,2.2536,2.1953,2.587,-0.0027,0.0457,5/5,True,MODERATE,Shape reproduced in 3/5 fold curves; positive out-of-fold R^2 (0.0457) -- majority but not unanimous.,1200
CATHODE_ET_Rsh_cat_c2_OW_ST,SATURATION,positive,124.756047,,123.2 to 129.5,106.3 to 122.6,1.3283,3/5,5,2.2466,2.2513,-0.213,0.0061,0.003,3/5,False,MODERATE,Shape reproduced in 3/5 fold curves; positive out-of-fold R^2 (0.0030) -- majority but not unanimous.,1200
MEASURE_ET_DC_RF_Freq_cut_L1018,COMPLEX_NONLINEAR,n/a,9.698109,11.931752,8.378 to 10.41,6.145 to 8.175,1.3224,3/5,5,2.2579,2.2135,1.963,-0.005,0.0353,5/5,True,MODERATE,Shape reproduced in 3/5 fold curves; positive out-of-fold R^2 (0.0353) -- majority but not unanimous.,1200
MEASURE_ET_C_AN_2_OW_CR,COMPLEX_NONLINEAR,n/a,7.049922,9.479916,4.509 to 7.381,7.602 to 11.14,1.3182,3/5,5,2.2553,2.2252,1.334,-0.0026,0.024,4/5,True,MODERATE,Shape reproduced in 3/5 fold curves; positive out-of-fold R^2 (0.0240) -- majority but not unanimous.,1200
MEASURE_ET_DC_RF_CF_S12_Ph_L2180,SATURATION,negative,-21.330911,,-25.12 to -21.7,-27.57 to -25.37,1.3172,3/5,5,2.2602,2.242,0.803,-0.007,0.0105,5/5,False,MODERATE,Shape reproduced in 3/5 fold curves; positive out-of-fold R^2 (0.0105) -- majority but not unanimous.,1200
MEASURE_ET_RF_Modeling_Gds,SATURATION,negative,58.155921,,56.4 to 59.03,62.55 to 64.96,1.3171,3/5,5,2.252,2.2421,0.441,0.0021,0.01,4/5,False,MODERATE,Shape reproduced in 3/5 fold curves; positive out-of-fold R^2 (0.0100) -- majority but not unanimous.,1200
SIN_ET_DC_RF_Vds_max_0p1,THRESHOLD,positive,22.30178,,25.74 to 28.09,20.44 to 22.6,1.308,3/5,5,2.2438,2.2454,-0.074,0.0095,0.0086,3/5,False,MODERATE,Shape reproduced in 3/5 fold curves; positive out-of-fold R^2 (0.0086) -- majority but not unanimous.,1200
FIC_ET_R_f_tn_3,THRESHOLD,positive,72.665525,,72.53 to 76.63,65.96 to 72.26,1.3063,3/5,5,2.2246,2.224,0.027,0.0245,0.0236,3/5,False,MODERATE,Shape reproduced in 3/5 fold curves; positive out-of-fold R^2 (0.0236) -- majority but not unanimous.,1200
TOPSIN_ET_DC_SMALL_Vdg_max,INVERTED_U,n/a,28.805003,,26.45 to 28.92,29.14 to 34.75,1.2966,3/5,5,2.2508,2.2394,0.508,0.0015,0.0115,5/5,False,MODERATE,Shape reproduced in 3/5 fold curves; positive out-of-fold R^2 (0.0115) -- majority but not unanimous.,1200
MEASURE_ET_DC_RF_Vdg_max_0p1mA,THRESHOLD,positive,17.888616,,17.99 to 19.83,20.04 to 21.88,1.287,3/5,5,2.261,2.2297,1.385,-0.0087,0.0183,5/5,True,MODERATE,Shape reproduced in 3/5 fold curves; positive out-of-fold R^2 (0.0183) -- majority but not unanimous.,1200
FIC_ET_DC_RF_Gm_max,U_SHAPED,n/a,573.529254,,582.1 to 633.3,508 to 576.4,1.2782,3/5,5,2.2504,2.2416,0.387,0.0013,0.0039,3/5,False,MODERATE,Shape reproduced in 3/5 fold curves; positive out-of-fold R^2 (0.0039) -- majority but not unanimous.,1200
MEASURE_ET_DC_SEC_X_Vp_1_mA_mm_first_FPSD3p2,THRESHOLD,positive,-0.920254,,-0.9337 to -0.7997,-1.094 to -0.947,1.2638,3/5,5,2.2568,2.2349,0.968,-0.0059,0.012,5/5,False,MODERATE,Shape reproduced in 3/5 fold curves; positive out-of-fold R^2 (0.0120) -- majority but not unanimous.,1200
TOPSIN_ET_R214,THRESHOLD,positive,73.255029,,73.6 to 78.4,69.48 to 73.37,1.2534,3/5,5,2.2402,2.243,-0.124,0.0116,0.0088,1/5,False,MODERATE,Shape reproduced in 3/5 fold curves; positive out-of-fold R^2 (0.0088) -- majority but not unanimous.,1200
TOPSIN_ET_Load_Pull_Id_ord,THRESHOLD,positive,19.954918,,19.85 to 23.34,16.13 to 19.63,1.2529,3/5,5,2.2537,2.2348,0.841,-0.0046,0.0117,4/5,False,MODERATE,Shape reproduced in 3/5 fold curves; positive out-of-fold R^2 (0.0117) -- majority but not unanimous.,1200
MEASURE_ET_DC_SEC_X_Vg_at_I1_neg,THRESHOLD,positive,98.539371,,97.62 to 103.2,92.86 to 97.35,1.2222,3/5,5,2.2292,2.2178,0.513,0.0192,0.0291,5/5,False,MODERATE,Shape reproduced in 3/5 fold curves; positive out-of-fold R^2 (0.0291) -- majority but not unanimous.,1200
GATE2_Ali_Litho_Gate_to_recess_alignment,COMPLEX_NONLINEAR,n/a,0.019754,0.038679,-0.02661 to 0.0207,0.02259 to 0.03963,1.2066,3/5,5,2.2571,2.2272,1.326,-0.0042,0.0213,5/5,True,MODERATE,Shape reproduced in 3/5 fold curves; positive out-of-fold R^2 (0.0213) -- majority but not unanimous.,1200
MEASURE_ET_DC_SEC_X_Vp_1_mA_mm_second,THRESHOLD,negative,-0.785999,,-1.118 to -0.7792,-1.308 to -1.132,1.1968,3/5,5,2.2545,2.2438,0.471,-0.0023,0.0057,3/5,False,MODERATE,Shape reproduced in 3/5 fold curves; positive out-of-fold R^2 (0.0057) -- majority but not unanimous.,1200
MEASURE_ET_DC_SMALL_Vboff,U_SHAPED,n/a,22.910341,,19.24 to 21.03,21.22 to 23.41,1.1809,3/5,5,2.2564,2.2331,1.035,-0.0037,0.0183,5/5,True,MODERATE,Shape reproduced in 3/5 fold curves; positive out-of-fold R^2 (0.0183) -- majority but not unanimous.,1200
MEASURE_ET_Cap3pf_0,SATURATION,negative,0.549838,,0.6518 to 0.8918,0.9038 to 1.012,1.1802,3/5,5,2.2557,2.2323,1.039,-0.0016,0.0179,4/5,True,MODERATE,Shape reproduced in 3/5 fold curves; positive out-of-fold R^2 (0.0179) -- majority but not unanimous.,1200
MEASURE_ET_DC_SEC_X_Ig_cut2_mAmm_pos,THRESHOLD,positive,84.588922,,84.59 to 88.7,81.3 to 84.31,1.1668,3/5,5,2.2566,2.2435,0.581,-0.0037,0.0074,3/5,False,MODERATE,Shape reproduced in 3/5 fold curves; positive out-of-fold R^2 (0.0074) -- majority but not unanimous.,1200
MEASURE_ET_Load_Pull_Vg,SATURATION,negative,24.67261,,22.17 to 24.25,19.03 to 21.96,1.1257,3/5,5,2.2574,2.1055,6.731,-0.0046,0.1118,4/5,True,MODERATE,Shape reproduced in 3/5 fold curves; positive out-of-fold R^2 (0.1118) -- majority but not unanimous.,1200
MEASURE_ET_DC_RF_Min_S21_Freq_L2180,U_SHAPED,n/a,14.629164,,15 to 17.35,13.19 to 14.9,1.1244,3/5,5,2.2401,2.2346,0.246,0.01,0.0151,5/5,False,MODERATE,Shape reproduced in 3/5 fold curves; positive out-of-fold R^2 (0.0151) -- majority but not unanimous.,1200
THIN_ET_i5021_3,PROCESS_WINDOW,n/a,86.043234,,85.92 to 88.84,83.24 to 85.68,1.1199,3/5,5,2.2596,2.2379,0.962,-0.0067,0.0151,4/5,False,MODERATE,Shape reproduced in 3/5 fold curves; positive out-of-fold R^2 (0.0151) -- majority but not unanimous.,1200
TOPSIN_ET_Load_Pull_PhL_meas,U_SHAPED,n/a,54.405496,,55.41 to 58.75,50.73 to 55.18,1.1172,3/5,5,2.2478,2.2426,0.23,0.0052,0.0099,3/5,False,MODERATE,Shape reproduced in 3/5 fold curves; positive out-of-fold R^2 (0.0099) -- majority but not unanimous.,1200
MEASURE_ET_DC_RF_Vbon_max,U_SHAPED,n/a,91.487067,,91.34 to 93.91,83.66 to 91.06,1.1158,3/5,5,2.254,2.2422,0.523,-0.0011,0.008,4/5,False,MODERATE,Shape reproduced in 3/5 fold curves; positive out-of-fold R^2 (0.0080) -- majority but not unanimous.,1200
MEASURE_ET_DC_SEC_S_Vg_at_I1_pos_FPSD3p2,THRESHOLD,positive,22.583921,,15.28 to 18.68,18.88 to 20.88,1.1157,3/5,5,2.2516,2.237,0.65,0.0004,0.0142,4/5,False,MODERATE,Shape reproduced in 3/5 fold curves; positive out-of-fold R^2 (0.0142) -- majority but not unanimous.,1200
BFIC_Height_FIC_metal_thickness,THRESHOLD,negative,2.136015,,2.006 to 2.155,2.167 to 2.303,1.1058,3/5,5,2.2568,2.2397,0.756,-0.004,0.0114,4/5,False,MODERATE,Shape reproduced in 3/5 fold curves; positive out-of-fold R^2 (0.0114) -- majority but not unanimous.,1200
MEASURE_ET_DC_SEC_X_Vp_1_mA_mm_second_SD3p5,THRESHOLD,positive,-0.783372,,-0.8579 to -0.7766,-1.251 to -1.034,1.0677,3/5,5,2.2559,2.2478,0.362,-0.0032,0.0043,5/5,False,MODERATE,Shape reproduced in 3/5 fold curves; positive out-of-fold R^2 (0.0043) -- majority but not unanimous.,1200
FIC_ET_Gate_res,THRESHOLD,positive,4.414483,,4.215 to 7.008,0.2248 to 4.015,1.0619,3/5,5,2.2518,2.2374,0.641,0.0005,0.0103,3/5,False,MODERATE,Shape reproduced in 3/5 fold curves; positive out-of-fold R^2 (0.0103) -- majority but not unanimous.,1200
MEASURE_ET_VIA_KLV_8p5,THRESHOLD,positive,52.626387,,52.89 to 55.77,48.96 to 52.63,1.0098,3/5,5,2.249,2.2384,0.47,0.0033,0.0113,3/5,False,MODERATE,Shape reproduced in 3/5 fold curves; positive out-of-fold R^2 (0.0113) -- majority but not unanimous.,1200
MEASURE_ET_DC_SEC_X_Id_mA_mm_at_Vg2_SD3p5,THRESHOLD,positive,42.327983,,42.55 to 44.96,40.13 to 42.33,0.9907,3/5,5,2.2561,2.2419,0.63,-0.0035,0.011,4/5,False,MODERATE,Shape reproduced in 3/5 fold curves; positive out-of-fold R^2 (0.0110) -- majority but not unanimous.,1200
FIC_ET_R_f_tn_1,COMPLEX_NONLINEAR,n/a,34.650965,36.070392,32.12 to 34.75,29.28 to 31.91,0.9809,3/5,5,2.2602,2.243,0.762,-0.0083,0.0057,4/5,False,MODERATE,Shape reproduced in 3/5 fold curves; positive out-of-fold R^2 (0.0057) -- majority but not unanimous.,1200
MEASURE_ET_DC_SEC_S_Vg_at_I3_neg,THRESHOLD,positive,85.449657,,85.45 to 90.67,79.95 to 85.17,0.969,3/5,5,2.2356,2.2307,0.219,0.0135,0.0184,3/5,False,MODERATE,Shape reproduced in 3/5 fold curves; positive out-of-fold R^2 (0.0184) -- majority but not unanimous.,1200
OHMIC_ET_OHMC,THRESHOLD,negative,16.724566,,8.869 to 12.63,12.85 to 16.61,0.9533,3/5,5,2.2559,2.247,0.396,-0.0035,0.005,5/5,False,MODERATE,Shape reproduced in 3/5 fold curves; positive out-of-fold R^2 (0.0050) -- majority but not unanimous.,1200
TOPSIN_ET_GC_Igs,THRESHOLD,positive,92.259707,,92.26 to 99.18,89.54 to 92.01,0.8974,3/5,5,2.2526,2.2479,0.209,-0.0003,0.0039,4/5,False,MODERATE,Shape reproduced in 3/5 fold curves; positive out-of-fold R^2 (0.0039) -- majority but not unanimous.,1200
MEASURE_ET_DC_SEC_Ids_max_ON,THRESHOLD,positive,18.256265,,18.02 to 23.16,15.92 to 17.79,0.8412,3/5,5,2.2571,2.2361,0.931,-0.0042,0.0156,5/5,False,MODERATE,Shape reproduced in 3/5 fold curves; positive out-of-fold R^2 (0.0156) -- majority but not unanimous.,1200
MEASURE_ET_C20,U_SHAPED,n/a,91.240881,,91.38 to 94.44,86.66 to 91.1,0.8318,3/5,5,2.2543,2.2493,0.222,-0.0015,0.003,3/5,False,MODERATE,Shape reproduced in 3/5 fold curves; positive out-of-fold R^2 (0.0030) -- majority but not unanimous.,1200
MEASURE_ET_DC_Big_S22ang_10GHz,THRESHOLD,negative,-11.547529,,-13.93 to -11.95,-16.12 to -14.13,0.772,3/5,5,2.2566,2.24,0.739,-0.0032,0.0119,4/5,False,MODERATE,Shape reproduced in 3/5 fold curves; positive out-of-fold R^2 (0.0119) -- majority but not unanimous.,1200
THIN_ET_R114,THRESHOLD,positive,36.565733,,36.67 to 41.02,32.94 to 36.46,0.5796,3/5,5,2.2484,2.2222,1.166,0.0031,0.0251,5/5,True,MODERATE,Shape reproduced in 3/5 fold curves; positive out-of-fold R^2 (0.0251) -- majority but not unanimous.,1200
MEASURE_ET_DC_RD_Vbon_max,THRESHOLD,negative,50.684325,,47.76 to 51.97,43.77 to 47.52,0.5702,3/5,5,2.2558,2.2491,0.297,-0.0038,0.0022,4/5,False,MODERATE,Shape reproduced in 3/5 fold curves; positive out-of-fold R^2 (0.0022) -- majority but not unanimous.,1200
MEASURE_ET_lkg_CapUSV,THRESHOLD,negative,0.262221,,0.02502 to 0.2506,0.2583 to 0.3283,7.7861,2/5,5,1.9807,1.8868,4.74,0.2168,0.2829,5/5,True,WEAK,Shape reproduced in 2/5 fold curves; out-of-fold R^2=0.2829 -- inconsistent or weak.,1200
SIN_ET_lkg_SY07_10,PROCESS_WINDOW,n/a,0.096956,,0.02543 to 0.1996,0.2058 to 0.268,6.6953,2/5,5,1.939,1.8208,6.096,0.2409,0.3207,5/5,True,WEAK,Shape reproduced in 2/5 fold curves; out-of-fold R^2=0.3207 -- inconsistent or weak.,1200
MEASURE_ET_lkg_C500pf,SATURATION,negative,0.083324,,0.02828 to 0.1797,0.1865 to 0.2966,6.373,2/5,5,1.9971,1.9852,0.594,0.207,0.2132,3/5,False,WEAK,Shape reproduced in 2/5 fold curves; out-of-fold R^2=0.2132 -- inconsistent or weak.,1200
FIC_ET_DC_PIV_Drain_Lag_0,PROCESS_WINDOW,n/a,4.023481,,1.921 to 7.858,8.106 to 10.58,5.7725,2/5,5,2.1451,2.0562,4.144,0.0929,0.1567,4/5,True,WEAK,Shape reproduced in 2/5 fold curves; out-of-fold R^2=0.1567 -- inconsistent or weak.,1200
TOPSIN_ET_lkg_CapPARCAP,THRESHOLD,negative,0.150122,,0.01893 to 0.1733,0.181 to 0.3199,4.9633,1/5,5,1.9167,1.8482,3.572,0.2598,0.3046,5/5,True,WEAK,Shape reproduced in 1/5 fold curves; out-of-fold R^2=0.3046 -- inconsistent or weak.,1200
TOPSIN_ET_lkg_SY07_10,SATURATION,negative,0.2525,,0.02524 to 0.1481,0.1542 to 0.2648,4.9565,2/5,5,1.9555,1.8881,3.45,0.2294,0.276,5/5,True,WEAK,Shape reproduced in 2/5 fold curves; out-of-fold R^2=0.2760 -- inconsistent or weak.,1200
TOPSIN_ET_lkg_C385pf,THRESHOLD,negative,0.111071,,0.02251 to 0.13,0.1364 to 0.2692,4.6053,2/5,5,1.9523,1.927,1.295,0.2263,0.2424,4/5,True,WEAK,Shape reproduced in 2/5 fold curves; out-of-fold R^2=0.2424 -- inconsistent or weak.,1200
MEASURE_ET_lkg_C300FM1,THRESHOLD,negative,0.133711,,0.02098 to 0.1376,0.1454 to 0.3242,4.4308,2/5,5,1.9137,1.8673,2.426,0.2627,0.2922,4/5,True,WEAK,Shape reproduced in 2/5 fold curves; out-of-fold R^2=0.2922 -- inconsistent or weak.,1200
MEASURE_ET_LT_SEC_Ileak_m9p5V_mA_mm,THRESHOLD,positive,0.052998,,0.02261 to 0.1374,0.1442 to 0.286,4.2788,2/5,5,2.0361,2.0236,0.612,0.1761,0.184,3/5,False,WEAK,Shape reproduced in 2/5 fold curves; out-of-fold R^2=0.1840 -- inconsistent or weak.,1200
MEASURE_ET_Cap2pf,PROCESS_WINDOW,n/a,0.704594,,0.6133 to 0.7529,0.7637 to 0.8174,3.9357,2/5,5,2.2616,2.2011,2.675,-0.0082,0.0335,3/5,False,WEAK,Shape reproduced in 2/5 fold curves; out-of-fold R^2=0.0335 -- inconsistent or weak.,1200
TOPSIN_ET_DC_RF_n_gs,COMPLEX_NONLINEAR,n/a,32.058319,33.46603,33.57 to 35.58,31.76 to 33.37,3.8018,2/5,5,2.2622,2.1773,3.75,-0.0137,0.0432,4/5,True,WEAK,Shape reproduced in 2/5 fold curves; out-of-fold R^2=0.0432 -- inconsistent or weak.,1200
MEASURE_ET_LT_SEC_Vbgd1_Vd7,U_SHAPED,n/a,22.660372,,24.22 to 33.26,19.71 to 23.88,3.7715,1/5,5,2.193,2.1602,1.493,0.0527,0.0766,4/5,True,WEAK,Shape reproduced in 1/5 fold curves; out-of-fold R^2=0.0766 -- inconsistent or weak.,1200
MEASURE_ET_DC_RF_Vbgs_0p01,THRESHOLD,positive,25.241507,,26.36 to 36.19,18.76 to 25.91,3.747,2/5,5,2.1486,2.1021,2.164,0.089,0.1286,5/5,True,WEAK,Shape reproduced in 2/5 fold curves; out-of-fold R^2=0.1286 -- inconsistent or weak.,1200
TOPSIN_ET_DC_SMALL_Vbgs_0p1,SATURATION,positive,32.535756,,26.87 to 34.2,21.2 to 26.54,3.7039,2/5,5,2.142,2.0785,2.963,0.0949,0.138,3/5,False,WEAK,Shape reproduced in 2/5 fold curves; out-of-fold R^2=0.1380 -- inconsistent or weak.,1200
MEASURE_ET_LT_SEC_Vbgd1,U_SHAPED,n/a,24.219741,,25.98 to 35.77,20.5 to 25.59,3.5621,2/5,5,2.1506,2.0814,3.219,0.0853,0.139,4/5,True,WEAK,Shape reproduced in 2/5 fold curves; out-of-fold R^2=0.1390 -- inconsistent or weak.,1200
MEASURE_ET_DC_SMALL_Vbin_gs,SATURATION,positive,23.204749,,26.65 to 33.89,20.45 to 26.31,3.4838,2/5,5,2.1908,2.1748,0.73,0.0509,0.0656,4/5,False,WEAK,Shape reproduced in 2/5 fold curves; out-of-fold R^2=0.0656 -- inconsistent or weak.,1200
FIC_ET_OHMC,PROCESS_WINDOW,n/a,9.117682,,9.869 to 12.87,7.293 to 9.654,3.4158,2/5,5,2.2687,2.1988,3.081,-0.0149,0.045,5/5,True,WEAK,Shape reproduced in 2/5 fold curves; out-of-fold R^2=0.0450 -- inconsistent or weak.,1200
MEASURE_ET_DC_Diode_Vbpin,SATURATION,positive,21.397143,,29.53 to 36.63,20.35 to 29.12,3.3049,2/5,5,2.1619,2.1162,2.11,0.0782,0.1136,4/5,True,WEAK,Shape reproduced in 2/5 fold curves; out-of-fold R^2=0.1136 -- inconsistent or weak.,1200
MEASURE_ET_CapUSV,PROCESS_WINDOW,n/a,0.792307,,0.6587 to 0.958,0.5625 to 0.648,3.1999,2/5,5,2.2418,2.1755,2.956,0.0112,0.0629,4/5,True,WEAK,Shape reproduced in 2/5 fold curves; out-of-fold R^2=0.0629 -- inconsistent or weak.,1200
FIC_ET_DC_RF_Vbin_gd,PROCESS_WINDOW,n/a,28.064033,,23.95 to 29.21,21.65 to 23.63,3.1996,2/5,5,2.2262,2.1898,1.635,0.0238,0.0497,3/5,False,WEAK,Shape reproduced in 2/5 fold curves; out-of-fold R^2=0.0497 -- inconsistent or weak.,1200
TOPSIN_ET_DC_RF_Vg_max_Vd_0p1,THRESHOLD,positive,61.213164,,61.1 to 68.05,59.01 to 60.87,3.1402,1/5,5,2.2322,2.2008,1.409,0.0162,0.0363,3/5,False,WEAK,Shape reproduced in 1/5 fold curves; out-of-fold R^2=0.0363 -- inconsistent or weak.,1200
MEASURE_ET_DC_PIV_Gate_Lag_1,U_SHAPED,n/a,6.227128,,1.13 to 4.977,5.169 to 8.632,3.1343,1/5,5,2.1602,2.102,2.695,0.0774,0.124,5/5,True,WEAK,Shape reproduced in 1/5 fold curves; out-of-fold R^2=0.1240 -- inconsistent or weak.,1200
MEASURE_ET_DC_RF_S12dB_26GHz,THRESHOLD,negative,-20.507879,,-28.66 to -26.33,-22.71 to -20.12,3.0842,2/5,5,2.2492,2.2041,2.003,0.0035,0.0388,4/5,True,WEAK,Shape reproduced in 2/5 fold curves; out-of-fold R^2=0.0388 -- inconsistent or weak.,1200
MEASURE_ET_DC_SEC_S_Ig_cut2_mAmm_pos_FPSD3p2,PROCESS_WINDOW,n/a,69.744626,,65.6 to 72.38,62.59 to 65.35,3.0379,2/5,5,2.2159,2.1605,2.499,0.0276,0.0755,5/5,True,WEAK,Shape reproduced in 2/5 fold curves; out-of-fold R^2=0.0755 -- inconsistent or weak.,1200
CATHODE_ET_C_CAT_2,SATURATION,positive,57.939798,,58.68 to 65.6,55.96 to 58.43,3.0287,2/5,5,2.2136,2.1717,1.894,0.0356,0.0663,3/5,False,WEAK,Shape reproduced in 2/5 fold curves; out-of-fold R^2=0.0663 -- inconsistent or weak.,1200
MEASURE_ET_C200_0,THRESHOLD,negative,0.720789,,0.6068 to 0.7479,0.9325 to 1.009,2.9326,2/5,5,2.2477,2.1908,2.53,0.0061,0.0566,5/5,True,WEAK,Shape reproduced in 2/5 fold curves; out-of-fold R^2=0.0566 -- inconsistent or weak.,1200
THIN_ET_R_f_tn_2,THRESHOLD,negative,53.07834,,49.65 to 54.14,54.38 to 56.51,2.8772,4/5,5,2.2572,2.2458,0.505,-0.0053,-0.0121,3/5,False,WEAK,Shape reproduced in 4/5 fold curves; out-of-fold R^2=-0.0121 -- inconsistent or weak.,1200
MEASURE_ET_DC_SMALL_Vg_gm_max,COMPLEX_NONLINEAR,n/a,477.963514,564.788565,567.5 to 632.6,502.4 to 562.1,2.8065,2/5,5,2.2469,2.176,3.155,0.005,0.069,5/5,True,WEAK,Shape reproduced in 2/5 fold curves; out-of-fold R^2=0.0690 -- inconsistent or weak.,1200
SIN_ET_DC_RF_Vbgs_0p1,SATURATION,positive,22.798161,,27.69 to 33.71,20.54 to 23.55,2.8048,1/5,5,2.2134,2.2083,0.23,0.0349,0.0334,3/5,False,WEAK,Shape reproduced in 1/5 fold curves; out-of-fold R^2=0.0334 -- inconsistent or weak.,1200
SIN_ET_DC_PIV_Imax_QP3,THRESHOLD,positive,797.025935,,565.7 to 641.7,648.6 to 738.3,2.7599,1/5,5,2.2534,2.1692,3.738,-0.0014,0.0756,5/5,True,WEAK,Shape reproduced in 1/5 fold curves; out-of-fold R^2=0.0756 -- inconsistent or weak.,1200
MEASURE_ET_RF_Modeling_Cgs_err,SATURATION,positive,95.961747,,97.03 to 105,94.63 to 96.76,2.6825,1/5,5,2.2377,2.2271,0.475,0.0113,0.0223,4/5,False,WEAK,Shape reproduced in 1/5 fold curves; out-of-fold R^2=0.0223 -- inconsistent or weak.,1200
SIN_GATE_ET_sh_GA144,THRESHOLD,positive,19.311281,,19.52 to 24.82,16.86 to 19.31,2.5756,2/5,5,2.2294,2.2056,1.07,0.0202,0.0411,5/5,True,WEAK,Shape reproduced in 2/5 fold curves; out-of-fold R^2=0.0411 -- inconsistent or weak.,1200
MEASURE_ET_OHMC_GN,THRESHOLD,positive,61.096163,,60.65 to 66.66,57.98 to 60.43,2.5581,1/5,5,2.2145,2.1743,1.816,0.0285,0.0629,5/5,True,WEAK,Shape reproduced in 1/5 fold curves; out-of-fold R^2=0.0629 -- inconsistent or weak.,1200
MEASURE_ET_Rcat_cn_3_OW_ST,COMPLEX_NONLINEAR,n/a,0.254455,0.286457,0.1324 to 0.2365,0.2405 to 0.2885,2.5318,1/5,5,2.2153,2.203,0.557,0.0329,0.0428,4/5,False,WEAK,Shape reproduced in 1/5 fold curves; out-of-fold R^2=0.0428 -- inconsistent or weak.,1200
MEASURE_ET_DC_Big_Id_gm_max,THRESHOLD,positive,575.24979,,570 to 628.1,422.1 to 564.7,2.4957,2/5,5,2.2258,2.2105,0.687,0.0224,0.0354,4/5,False,WEAK,Shape reproduced in 2/5 fold curves; out-of-fold R^2=0.0354 -- inconsistent or weak.,1200
THIN_ET_Rcat_cn_3,SATURATION,negative,0.2604,,0.1218 to 0.2319,0.2359 to 0.2808,2.4905,2/5,5,2.209,2.1507,2.642,0.0345,0.0889,5/5,True,WEAK,Shape reproduced in 2/5 fold curves; out-of-fold R^2=0.0889 -- inconsistent or weak.,1200
SIN_GATE_ET_Probe_Number,SATURATION,positive,4.551208,,0.9846 to 1.614,1.719 to 2.978,2.4371,1/5,5,2.2506,2.1773,3.259,0.0001,0.0623,5/5,True,WEAK,Shape reproduced in 1/5 fold curves; out-of-fold R^2=0.0623 -- inconsistent or weak.,1200
TOPSIN_ET_CapFICM1,INVERTED_U,n/a,0.897249,,0.6598 to 0.8917,0.9028 to 1.013,2.404,2/5,5,2.2438,2.1576,3.844,0.0083,0.0793,5/5,True,WEAK,Shape reproduced in 2/5 fold curves; out-of-fold R^2=0.0793 -- inconsistent or weak.,1200
MEASURE_ET_DC_Stress_Stress_time,THRESHOLD,positive,56.658509,,52.53 to 58.66,49.46 to 52.29,2.3396,2/5,5,2.2171,2.207,0.458,0.0311,0.0404,3/5,False,WEAK,Shape reproduced in 2/5 fold curves; out-of-fold R^2=0.0404 -- inconsistent or weak.,1200
MEASURE_ET_DC_Diode_S11_dB_forw_9p5,COMPLEX_NONLINEAR,n/a,-13.63733,-11.60083,-15.16 to -10.28,-10.07 to -8.648,2.3316,2/5,5,2.2448,2.1961,2.17,0.005,0.0493,4/5,True,WEAK,Shape reproduced in 2/5 fold curves; out-of-fold R^2=0.0493 -- inconsistent or weak.,1200
FIC_ET_DC_RF_Vbgs1,THRESHOLD,positive,25.824961,,25.98 to 33.65,21.2 to 25.67,2.329,1/5,5,2.1688,2.153,0.727,0.0686,0.0776,3/5,False,WEAK,Shape reproduced in 1/5 fold curves; out-of-fold R^2=0.0776 -- inconsistent or weak.,1200
MEASURE_ET_DC_RF_CF_S11_Ph_L1002,SATURATION,negative,-16.148289,,-13.79 to -7.505,-16.26 to -14.02,2.2841,2/5,5,2.245,2.2202,1.106,0.0043,0.0263,4/5,True,WEAK,Shape reproduced in 2/5 fold curves; out-of-fold R^2=0.0263 -- inconsistent or weak.,1200
FIC_ET_Bad_Gates,SATURATION,positive,18.068103,,11.65 to 12.56,12.74 to 17.62,2.2776,2/5,5,2.2491,2.2043,1.989,0.0038,0.0436,4/5,True,WEAK,Shape reproduced in 2/5 fold curves; out-of-fold R^2=0.0436 -- inconsistent or weak.,1200
TOPSIN_ET_R_f_hr_3,SATURATION,negative,8.998783,,4.104 to 8.817,8.999 to 10.09,2.2579,1/5,5,2.2451,2.212,1.477,0.007,0.0366,5/5,True,WEAK,Shape reproduced in 1/5 fold curves; out-of-fold R^2=0.0366 -- inconsistent or weak.,1200
MEASURE_ET_DC_SMALL_Vdg_max_0p1,THRESHOLD,positive,34.341886,,35.13 to 37.6,32.43 to 34.9,2.2347,2/5,5,2.2355,2.2185,0.759,0.0167,0.0305,4/5,False,WEAK,Shape reproduced in 2/5 fold curves; out-of-fold R^2=0.0305 -- inconsistent or weak.,1200
MEASURE_ET_RF_Modeling_R_Gs,THRESHOLD,positive,18.015266,,17.68 to 20.36,11.89 to 17.46,2.2326,2/5,5,2.2223,2.2041,0.817,0.0259,0.0362,3/5,False,WEAK,Shape reproduced in 2/5 fold curves; out-of-fold R^2=0.0362 -- inconsistent or weak.,1200
MEASURE_ET_DC_RF_Max_S11_Ph_L2180,COMPLEX_NONLINEAR,n/a,-15.219096,-13.360673,-14.91 to -12.43,-12.22 to -8.715,2.2105,2/5,5,2.2193,2.1909,1.28,0.0291,0.0545,5/5,True,WEAK,Shape reproduced in 2/5 fold curves; out-of-fold R^2=0.0545 -- inconsistent or weak.,1200
FIC_ET_DC_RF_Vg_gm_max,COMPLEX_NONLINEAR,n/a,497.401142,551.011985,569.8 to 628.7,516.2 to 564.4,2.1106,2/5,5,2.2502,2.1968,2.374,0.0018,0.0491,5/5,True,WEAK,Shape reproduced in 2/5 fold curves; out-of-fold R^2=0.0491 -- inconsistent or weak.,1200
MEASURE_ET_RF_Modeling_Ft_int,SATURATION,positive,102.388247,,96.9 to 102.5,93 to 96.66,2.1069,2/5,5,2.1992,2.2011,-0.089,0.0476,0.0464,2/5,False,WEAK,Shape reproduced in 2/5 fold curves; out-of-fold R^2=0.0464 -- inconsistent or weak.,1200
MEASURE_ET_RF_Modeling_Fmax_int,THRESHOLD,positive,75.142962,,71.33 to 77.23,67.64 to 71.08,2.0943,0/5,5,2.2277,2.2318,-0.184,0.0207,0.0164,3/5,False,WEAK,Shape reproduced in 0/5 fold curves; out-of-fold R^2=0.0164 -- inconsistent or weak.,1200
MEASURE_ET_C500pf_0,THRESHOLD,positive,36.567082,,31.59 to 36.68,29.28 to 31.36,2.0854,0/5,5,2.2294,2.2097,0.883,0.0211,0.037,4/5,False,WEAK,Shape reproduced in 0/5 fold curves; out-of-fold R^2=0.0370 -- inconsistent or weak.,1200
MEASURE_ET_TANR,SATURATION,negative,83.914015,,88.35 to 93.82,83.65 to 88.09,2.0649,1/5,5,2.1993,2.1844,0.676,0.0429,0.0531,4/5,False,WEAK,Shape reproduced in 1/5 fold curves; out-of-fold R^2=0.0531 -- inconsistent or weak.,1200
MEASURE_ET_DC_RF_Vbgs1,COMPLEX_NONLINEAR,n/a,29.908595,32.233137,26.09 to 33.73,20.78 to 25.76,2.039,1/5,5,2.2136,2.2047,0.401,0.0356,0.0424,3/5,False,WEAK,Shape reproduced in 1/5 fold curves; out-of-fold R^2=0.0424 -- inconsistent or weak.,1200
MEASURE_ET_LT_SEC_Vd_Id_min_Vd8,THRESHOLD,negative,45.150587,,44.85 to 46.24,39.12 to 41.49,2.0316,2/5,5,2.2603,2.2129,2.098,-0.0096,0.0328,5/5,True,WEAK,Shape reproduced in 2/5 fold curves; out-of-fold R^2=0.0328 -- inconsistent or weak.,1200
TOPSIN_ET_C100CapFICBRGM,THRESHOLD,positive,627.882968,,572.4 to 630.5,493.2 to 567.1,2.0253,2/5,5,2.2457,2.1937,2.317,0.0053,0.0507,5/5,True,WEAK,Shape reproduced in 2/5 fold curves; out-of-fold R^2=0.0507 -- inconsistent or weak.,1200
MEASURE_ET_DC_Big_S12ang_10GHz,COMPLEX_NONLINEAR,n/a,-28.658478,-23.500694,-27.66 to -23.93,-31.09 to -27.94,2.0151,1/5,5,2.2519,2.2246,1.216,-0.0003,0.0236,5/5,True,WEAK,Shape reproduced in 1/5 fold curves; out-of-fold R^2=0.0236 -- inconsistent or weak.,1200
MEASURE_ET_DC_SEC_S_Vboff_Id_plus_Ig_FPSD3p2,THRESHOLD,positive,12.262127,,12.37 to 16.49,8.446 to 12.16,1.9981,2/5,5,2.228,2.2325,-0.204,0.0213,0.0153,2/5,False,WEAK,Shape reproduced in 2/5 fold curves; out-of-fold R^2=0.0153 -- inconsistent or weak.,1200
THIN_ET_DC_RD_Vboff,SATURATION,positive,95.057578,,95.91 to 102.2,92.78 to 95.63,1.9868,2/5,5,2.2433,2.1836,2.66,0.0079,0.0592,5/5,True,WEAK,Shape reproduced in 2/5 fold curves; out-of-fold R^2=0.0592 -- inconsistent or weak.,1200
MEASURE_ET_DC_RF_Min_S21_Ph_L2180,COMPLEX_NONLINEAR,n/a,14.065598,16.792692,13.41 to 13.91,14.02 to 15.33,1.9864,2/5,5,2.2513,2.231,0.905,0.002,0.0192,4/5,False,WEAK,Shape reproduced in 2/5 fold curves; out-of-fold R^2=0.0192 -- inconsistent or weak.,1200
MEASURE_ET_RF_Modeling_R_Gg,SATURATION,positive,64.876289,,60.22 to 64.99,56.13 to 59.99,1.9776,1/5,5,2.2172,2.2136,0.163,0.0312,0.0336,3/5,False,WEAK,Shape reproduced in 1/5 fold curves; out-of-fold R^2=0.0336 -- inconsistent or weak.,1200
SIN_GATE_ET_OHMC,SATURATION,positive,61.715773,,66.05 to 69.56,60.43 to 65.81,1.9688,1/5,5,2.2304,2.2362,-0.259,0.0161,0.0108,0/5,False,WEAK,Shape reproduced in 1/5 fold curves; out-of-fold R^2=0.0108 -- inconsistent or weak.,1200
MEASURE_ET_DC_SMALL_Vp_01,SATURATION,positive,-0.848556,,-0.9051 to -0.7779,-1.272 to -1.117,1.9481,1/5,5,2.2579,2.2452,0.563,-0.0064,0.0041,4/5,False,WEAK,Shape reproduced in 1/5 fold curves; out-of-fold R^2=0.0041 -- inconsistent or weak.,1200
MEASURE_ET_DC_Big_Vg_gm_max,U_SHAPED,n/a,570.726728,,465.3 to 511.6,516.7 to 573.3,1.946,2/5,5,2.2455,2.1998,2.033,0.0059,0.0406,3/5,False,WEAK,Shape reproduced in 2/5 fold curves; out-of-fold R^2=0.0406 -- inconsistent or weak.,1200
SIN_ET_DC_RF_Vg_max_Vd,MONOTONIC_POSITIVE,positive,,,47.85 to 53.19,43.71 to 47.6,1.9165,2/5,5,2.1957,2.1773,0.838,0.0482,0.0652,4/5,False,WEAK,Shape reproduced in 2/5 fold curves; out-of-fold R^2=0.0652 -- inconsistent or weak.,1200
BRGM_ET_lkg_C200,THRESHOLD,positive,580.263322,,566.5 to 632.7,417.5 to 560.9,1.915,2/5,5,2.2371,2.2332,0.174,0.0127,0.0147,3/5,False,WEAK,Shape reproduced in 2/5 fold curves; out-of-fold R^2=0.0147 -- inconsistent or weak.,1200
MEASURE_ET_CapM1BRGM_0,COMPLEX_NONLINEAR,n/a,512.56419,566.890881,569.6 to 634.8,499 to 564.2,1.9082,2/5,5,2.2488,2.2306,0.808,0.0026,0.0159,3/5,False,WEAK,Shape reproduced in 2/5 fold curves; out-of-fold R^2=0.0159 -- inconsistent or weak.,1200
MEASURE_ET_DC_RF_S22ang_26GHz_W,SATURATION,positive,-8.706131,,-10.35 to -7.885,-13.63 to -10.55,1.8919,2/5,5,2.2536,2.2307,1.013,-0.0029,0.0137,3/5,False,WEAK,Shape reproduced in 2/5 fold curves; out-of-fold R^2=0.0137 -- inconsistent or weak.,1200
MEASURE_ET_DC_Big_S21dB_10GHz,THRESHOLD,negative,16.716067,,14.63 to 16.1,12.94 to 14.52,1.8903,2/5,5,2.2391,2.2173,0.975,0.0124,0.0293,4/5,False,WEAK,Shape reproduced in 2/5 fold curves; out-of-fold R^2=0.0293 -- inconsistent or weak.,1200
MEASURE_ET_Gm_max,THRESHOLD,positive,630.314877,,574.7 to 639.1,486.9 to 568.9,1.8773,2/5,5,2.2505,2.2004,2.226,0.0016,0.0467,5/5,True,WEAK,Shape reproduced in 2/5 fold curves; out-of-fold R^2=0.0467 -- inconsistent or weak.,1200
MEASURE_ET_DC_SEC_S_Ig_mAmm_at_Vg_cond_pos_FPSD3p2,THRESHOLD,negative,39.458076,,39.35 to 40.69,33.75 to 39.12,1.8605,1/5,5,2.2489,2.2216,1.211,0.0032,0.0279,5/5,True,WEAK,Shape reproduced in 1/5 fold curves; out-of-fold R^2=0.0279 -- inconsistent or weak.,1200
MEASURE_ET_DC_RF_S12ang_10GHz,COMPLEX_NONLINEAR,n/a,-25.046147,-20.973091,-27.46 to -23.14,-30.26 to -27.72,1.8402,2/5,5,2.2566,2.2168,1.761,-0.0038,0.03,5/5,True,WEAK,Shape reproduced in 2/5 fold curves; out-of-fold R^2=0.0300 -- inconsistent or weak.,1200
BRGM_ET_Cap_C300,U_SHAPED,n/a,578.606893,,581.6 to 634.6,404.6 to 469.5,1.8383,2/5,5,2.2526,2.2339,0.833,-0.0006,0.0124,3/5,False,WEAK,Shape reproduced in 2/5 fold curves; out-of-fold R^2=0.0124 -- inconsistent or weak.,1200
SIN_GATE_ET_Rc_an_ct2,MONOTONIC_NEGATIVE,negative,,,0.1598 to 0.2282,0.2318 to 0.2787,1.8315,0/5,5,2.216,2.1567,2.675,0.0344,0.0866,5/5,True,WEAK,Shape reproduced in 0/5 fold curves; out-of-fold R^2=0.0866 -- inconsistent or weak.,1200
FIC_ET_DC_RF_Vp_1,COMPLEX_NONLINEAR,n/a,-0.904683,-0.800216,-0.8982 to -0.7937,-1.277 to -0.9112,1.8199,1/5,5,2.252,2.2258,1.163,-0.0008,0.0234,5/5,True,WEAK,Shape reproduced in 1/5 fold curves; out-of-fold R^2=0.0234 -- inconsistent or weak.,1200
MEASURE_ET_Vbkdn_Cap100_Long,PROCESS_WINDOW,n/a,0.811281,,0.7119 to 0.8639,0.8756 to 1.016,1.8164,2/5,5,2.2529,2.2132,1.763,0.0003,0.0355,4/5,True,WEAK,Shape reproduced in 2/5 fold curves; out-of-fold R^2=0.0355 -- inconsistent or weak.,1200
TOPSIN_ET_DC_RF_Vp_1,THRESHOLD,negative,-0.880961,,-1.044 to -0.9529,-1.24 to -1.057,1.8085,2/5,5,2.2584,2.2109,2.102,-0.0059,0.0384,5/5,True,WEAK,Shape reproduced in 2/5 fold curves; out-of-fold R^2=0.0384 -- inconsistent or weak.,1200
FIC_ET_DC_PIV_Ids0_QP2,U_SHAPED,n/a,37.993445,,38.11 to 41.06,34.7 to 37.88,1.8067,2/5,5,2.2462,2.2063,1.779,0.0066,0.0393,5/5,True,WEAK,Shape reproduced in 2/5 fold curves; out-of-fold R^2=0.0393 -- inconsistent or weak.,1200
MEASURE_ET_DC_RF_S21dB_26GHz_W,PROCESS_WINDOW,n/a,15.564018,,13.95 to 15.95,12.72 to 13.84,1.7986,0/5,5,2.2508,2.2277,1.028,0.0027,0.0225,4/5,True,WEAK,Shape reproduced in 0/5 fold curves; out-of-fold R^2=0.0225 -- inconsistent or weak.,1200
MEASURE_ET_DC_RF_CF_S22_Ph_L1018,THRESHOLD,positive,-8.596561,,-14.02 to -11.53,-11.35 to -9.753,1.7852,2/5,5,2.2588,2.2324,1.167,-0.0058,0.0133,3/5,False,WEAK,Shape reproduced in 2/5 fold curves; out-of-fold R^2=0.0133 -- inconsistent or weak.,1200
MEASURE_ET_RF_Modeling_S21ang_10GHz,THRESHOLD,negative,16.602848,,14.41 to 16.98,12.81 to 14.3,1.7786,1/5,5,2.245,2.2337,0.502,0.0073,0.0173,4/5,False,WEAK,Shape reproduced in 1/5 fold curves; out-of-fold R^2=0.0173 -- inconsistent or weak.,1200
MEASURE_ET_DC_RF_CF_S11_Ph_L2180,COMPLEX_NONLINEAR,n/a,-14.129392,-7.92511,-13.35 to -11.36,-15.57 to -13.58,1.7689,2/5,5,2.2504,2.2255,1.108,0.0027,0.0262,4/5,True,WEAK,Shape reproduced in 2/5 fold curves; out-of-fold R^2=0.0262 -- inconsistent or weak.,1200
FIC_ET_Vg_gm_max,THRESHOLD,positive,550.323128,,558.7 to 637.3,480.2 to 553.1,1.755,1/5,5,2.2375,2.2319,0.254,0.0126,0.0198,2/5,False,WEAK,Shape reproduced in 1/5 fold curves; out-of-fold R^2=0.0198 -- inconsistent or weak.,1200
MEASURE_ET_RF_Modeling_MAG_25G_Before,SATURATION,negative,16.217483,,12.87 to 16.27,16.38 to 17.01,1.7468,2/5,5,2.2565,2.244,0.554,-0.0036,0.0036,3/5,False,WEAK,Shape reproduced in 2/5 fold curves; out-of-fold R^2=0.0036 -- inconsistent or weak.,1200
MEASURE_ET_DC_Diode_S21_dB_forw,SATURATION,positive,16.784332,,14.99 to 16,12.98 to 14.88,1.7192,2/5,5,2.2365,2.2379,-0.06,0.0151,0.0146,3/5,False,WEAK,Shape reproduced in 2/5 fold curves; out-of-fold R^2=0.0146 -- inconsistent or weak.,1200
MEASURE_ET_DC_PIV_Ids0_QP2,SATURATION,positive,86.321512,,82.73 to 87.76,78.42 to 82.49,1.7098,1/5,5,2.2158,2.2072,0.388,0.0319,0.0397,3/5,False,WEAK,Shape reproduced in 1/5 fold curves; out-of-fold R^2=0.0397 -- inconsistent or weak.,1200
TOPSIN_ET_C300_0,THRESHOLD,positive,0.958327,,0.6175 to 0.7958,0.5651 to 0.6071,1.7059,2/5,5,2.2532,2.2216,1.404,0.0009,0.0277,5/5,True,WEAK,Shape reproduced in 2/5 fold curves; out-of-fold R^2=0.0277 -- inconsistent or weak.,1200
TOPSIN_ET_Load_Pull_Id_ini,SATURATION,positive,26.02316,,21.56 to 23.95,18.29 to 21.34,1.7051,3/5,5,2.254,2.246,0.354,-0.0043,-0.001,3/5,False,WEAK,Shape reproduced in 3/5 fold curves; out-of-fold R^2=-0.0010 -- inconsistent or weak.,1200
MEASURE_ET_DC_RF_CF_S11_Mag_L1002,SATURATION,positive,16.497081,,15.6 to 17.02,13.32 to 15.5,1.7029,2/5,5,2.2329,2.2332,-0.013,0.0169,0.0154,3/5,False,WEAK,Shape reproduced in 2/5 fold curves; out-of-fold R^2=0.0154 -- inconsistent or weak.,1200
MEASURE_ET_DC_RF_Vg_gm_max_W,THRESHOLD,positive,590.282751,,569.5 to 637,434.5 to 564.3,1.6933,0/5,5,2.238,2.2355,0.11,0.0118,0.015,4/5,False,WEAK,Shape reproduced in 0/5 fold curves; out-of-fold R^2=0.0150 -- inconsistent or weak.,1200
MEASURE_ET_DC_SEC_Gm_0,U_SHAPED,n/a,567.509859,,580.9 to 628.9,516.8 to 575.5,1.6913,2/5,5,2.2473,2.2268,0.911,0.0036,0.0171,3/5,False,WEAK,Shape reproduced in 2/5 fold curves; out-of-fold R^2=0.0171 -- inconsistent or weak.,1200
TOPSIN_ET_Gate_res,PROCESS_WINDOW,n/a,19.788247,,19.13 to 23.44,16.51 to 18.95,1.689,0/5,5,2.2443,2.1734,3.157,0.0043,0.0665,5/5,True,WEAK,Shape reproduced in 0/5 fold curves; out-of-fold R^2=0.0665 -- inconsistent or weak.,1200
MEASURE_ET_DC_SEC_X_Ig_cut3_mAmm_neg,U_SHAPED,n/a,25.540245,,25.86 to 28.03,19.6 to 22.41,1.6743,1/5,5,2.2439,2.2323,0.52,0.0063,0.0157,4/5,False,WEAK,Shape reproduced in 1/5 fold curves; out-of-fold R^2=0.0157 -- inconsistent or weak.,1200
MEASURE_ET_DC_RF_Ft,THRESHOLD,positive,36.630347,,31.02 to 36.1,36.31 to 38.01,1.6708,2/5,5,2.2574,2.2394,0.795,-0.0042,0.0114,5/5,False,WEAK,Shape reproduced in 2/5 fold curves; out-of-fold R^2=0.0114 -- inconsistent or weak.,1200
TOPSIN_ET_DC_SMALL_Vds_max,THRESHOLD,negative,43.810531,,39.66 to 41.48,41.69 to 43.91,1.6686,4/5,5,2.2595,2.2523,0.319,-0.0064,-0.0046,3/5,False,WEAK,Shape reproduced in 4/5 fold curves; out-of-fold R^2=-0.0046 -- inconsistent or weak.,1200
MEASURE_ET_Rc_f_tn_23,U_SHAPED,n/a,0.205288,,0.2034 to 0.2404,0.1554 to 0.1997,1.6656,2/5,5,2.256,2.1984,2.552,-0.0047,0.0502,4/5,True,WEAK,Shape reproduced in 2/5 fold curves; out-of-fold R^2=0.0502 -- inconsistent or weak.,1200
MEASURE_ET_DC_SEC_X_Vboff_Id,THRESHOLD,positive,94.092302,,94.37 to 101.5,90.82 to 94.09,1.6633,2/5,5,2.2245,2.2088,0.703,0.0256,0.0393,4/5,False,WEAK,Shape reproduced in 2/5 fold curves; out-of-fold R^2=0.0393 -- inconsistent or weak.,1200
TOPSIN_ET_DC_RF_Vbgd_0p01,COMPLEX_NONLINEAR,n/a,22.947837,24.850151,27.32 to 35.69,22.38 to 26.94,1.6618,2/5,5,2.2221,2.2038,0.823,0.0278,0.0439,4/5,False,WEAK,Shape reproduced in 2/5 fold curves; out-of-fold R^2=0.0439 -- inconsistent or weak.,1200
BRGM_ET_i5021_2,SATURATION,positive,438.190016,,568 to 625.2,484.9 to 562.8,1.6362,2/5,5,2.2461,2.221,1.119,0.0051,0.0253,4/5,True,WEAK,Shape reproduced in 2/5 fold curves; out-of-fold R^2=0.0253 -- inconsistent or weak.,1200
MEASURE_ET_DC_SEC_S_Vg_at_I1_neg_SD3p5,SATURATION,negative,21.958452,,26.73 to 28.48,22.64 to 26.53,1.6266,2/5,5,2.2542,2.2351,0.847,-0.0016,0.0113,3/5,False,WEAK,Shape reproduced in 2/5 fold curves; out-of-fold R^2=0.0113 -- inconsistent or weak.,1200
MEASURE_ET_DC_SEC_X_Ids_max,PROCESS_WINDOW,n/a,61.803853,,59.11 to 62.19,62.45 to 64.24,1.6246,2/5,5,2.2607,2.25,0.477,-0.0076,-0.0019,3/5,False,WEAK,Shape reproduced in 2/5 fold curves; out-of-fold R^2=-0.0019 -- inconsistent or weak.,1200
TOPSIN_ET_TANR,SATURATION,positive,47.885586,,47.24 to 49.82,43.63 to 46.98,1.6099,2/5,5,2.255,2.2387,0.721,-0.0022,0.0122,4/5,False,WEAK,Shape reproduced in 2/5 fold curves; out-of-fold R^2=0.0122 -- inconsistent or weak.,1200
MEASURE_ET_DC_SEC_X_Vg_at_I3_neg,THRESHOLD,positive,42.008736,,37.16 to 39.43,39.64 to 42.73,1.6082,2/5,5,2.2552,2.2104,1.986,-0.0026,0.0381,5/5,True,WEAK,Shape reproduced in 2/5 fold curves; out-of-fold R^2=0.0381 -- inconsistent or weak.,1200
OHMIC_ET_OHMIC_conc,THRESHOLD,positive,55.838427,,51.88 to 55.5,47.13 to 51.65,1.6076,2/5,5,2.2445,2.2215,1.024,0.0081,0.0277,5/5,True,WEAK,Shape reproduced in 2/5 fold curves; out-of-fold R^2=0.0277 -- inconsistent or weak.,1200
MEASURE_ET_Cap3pf,SATURATION,negative,0.894797,,0.5866 to 0.7059,0.7158 to 0.7954,1.5748,1/5,5,2.2452,2.2307,0.644,0.0077,0.0203,4/5,False,WEAK,Shape reproduced in 1/5 fold curves; out-of-fold R^2=0.0203 -- inconsistent or weak.,1200
TOPSIN_ET_DC_PIV_Ids1_QP3,THRESHOLD,positive,8.570024,,8.895 to 12.14,6.73 to 8.678,1.5745,2/5,5,2.2561,2.2561,-0.002,-0.0032,-0.0059,2/5,False,WEAK,Shape reproduced in 2/5 fold curves; out-of-fold R^2=-0.0059 -- inconsistent or weak.,1200
MEASURE_ET_DC_SEC_S_Vp_1_mA_mm_second_FPSD3p2,SATURATION,negative,-0.850152,,-1.014 to -0.8375,-1.279 to -1.027,1.5592,2/5,5,2.2486,2.2142,1.531,0.0015,0.0319,5/5,True,WEAK,Shape reproduced in 2/5 fold curves; out-of-fold R^2=0.0319 -- inconsistent or weak.,1200
FIN_Etch_Hard_Bias,THRESHOLD,positive,168.29104,,144.2 to 153.5,154.4 to 170.1,1.5328,1/5,5,2.2567,2.2391,0.779,-0.0038,0.0044,3/5,False,WEAK,Shape reproduced in 1/5 fold curves; out-of-fold R^2=0.0044 -- inconsistent or weak.,1200
MESA_ET_Probe_Number,THRESHOLD,negative,5.02701,,2.981 to 4.03,1.407 to 2.876,1.5324,2/5,5,2.2622,2.2275,1.535,-0.0082,0.0199,4/5,True,WEAK,Shape reproduced in 2/5 fold curves; out-of-fold R^2=0.0199 -- inconsistent or weak.,1200
TFRP_ET_Probe_Number,COMPLEX_NONLINEAR,n/a,3.031814,3.976433,3.084 to 3.924,2.14 to 2.979,1.5278,2/5,5,2.265,2.2629,0.09,-0.0111,-0.0096,4/5,False,WEAK,Shape reproduced in 2/5 fold curves; out-of-fold R^2=-0.0096 -- inconsistent or weak.,1200
THIN_Measure1_Glue_thickness,SATURATION,negative,1.85341,,1.7 to 1.824,1.831 to 1.896,1.5183,2/5,5,2.2514,2.205,2.06,0.0016,0.041,5/5,True,WEAK,Shape reproduced in 2/5 fold curves; out-of-fold R^2=0.0410 -- inconsistent or weak.,1200
MEASURE_ET_DC_SEC_S_Ron_SD3p5,PROCESS_WINDOW,n/a,40.54913,,42.96 to 45.09,40.84 to 42.77,1.4996,2/5,5,2.2533,2.2328,0.913,-0.0021,0.0134,4/5,False,WEAK,Shape reproduced in 2/5 fold curves; out-of-fold R^2=0.0134 -- inconsistent or weak.,1200
FIC_ET_DC_RF_Vdg_max_0p1,U_SHAPED,n/a,49.562921,,49.92 to 55.71,46.55 to 49.68,1.4891,2/5,5,2.2585,2.2284,1.33,-0.0073,0.0198,5/5,True,WEAK,Shape reproduced in 2/5 fold curves; out-of-fold R^2=0.0198 -- inconsistent or weak.,1200
TOPSIN_ET_DC_SMALL_Vp_01,COMPLEX_NONLINEAR,n/a,-0.876612,-0.760857,-1.029 to -0.8983,-1.217 to -1.043,1.4876,2/5,5,2.2546,2.241,0.602,-0.0026,0.0128,3/5,False,WEAK,Shape reproduced in 2/5 fold curves; out-of-fold R^2=0.0128 -- inconsistent or weak.,1200
MEASURE_ET_DC_RF_Min_S21_Mag_L1018,SATURATION,positive,12.991509,,14.99 to 16.94,12.94 to 14.89,1.4827,2/5,5,2.2189,2.2224,-0.161,0.028,0.0247,2/5,False,WEAK,Shape reproduced in 2/5 fold curves; out-of-fold R^2=0.0247 -- inconsistent or weak.,1200
THIN_ET_R_f_tn_1,SATURATION,positive,10.122087,,11.05 to 13.92,14.12 to 16.18,1.4806,2/5,5,2.2564,2.2379,0.819,-0.0035,0.013,4/5,False,WEAK,Shape reproduced in 2/5 fold curves; out-of-fold R^2=0.0130 -- inconsistent or weak.,1200
MEASURE_ET_DC_Big_Ids_m0p2,THRESHOLD,positive,62.543529,,61.83 to 66.1,57.09 to 61.59,1.47,0/5,5,2.2313,2.2311,0.011,0.0152,0.0121,3/5,False,WEAK,Shape reproduced in 0/5 fold curves; out-of-fold R^2=0.0121 -- inconsistent or weak.,1200
MEASURE_ET_Ids_m2,SATURATION,positive,65.284268,,60.13 to 62.98,57.27 to 59.91,1.4605,1/5,5,2.2496,2.2439,0.251,0.0022,0.0046,3/5,False,WEAK,Shape reproduced in 1/5 fold curves; out-of-fold R^2=0.0046 -- inconsistent or weak.,1200
MEASURE_ET_DC_SEC_X_Id_mA_mm_at_Vg3,THRESHOLD,negative,21.926041,,21.58 to 22.74,14.63 to 21.35,1.4424,2/5,5,2.2575,2.273,-0.689,-0.0044,-0.0204,2/5,False,WEAK,Shape reproduced in 2/5 fold curves; out-of-fold R^2=-0.0204 -- inconsistent or weak.,1200
MEASURE_ET_DC_SEC_S_Vboff_Id_plus_Ig_SD3p5,SATURATION,negative,21.630733,,15.03 to 21.11,13.56 to 14.82,1.4414,3/5,5,2.2632,2.2613,0.08,-0.0095,-0.0137,3/5,False,WEAK,Shape reproduced in 3/5 fold curves; out-of-fold R^2=-0.0137 -- inconsistent or weak.,1200
VIA_Etch_Via_etch_end_point_time,THRESHOLD,positive,124.48776,,126 to 139.1,113.5 to 125.2,1.4264,2/5,5,2.2411,2.2308,0.458,0.0092,0.0169,3/5,False,WEAK,Shape reproduced in 2/5 fold curves; out-of-fold R^2=0.0169 -- inconsistent or weak.,1200
HIRS_M_Gauge_P_E_MoSi,PROCESS_WINDOW,n/a,48.979639,,45.44 to 49.78,42.47 to 45.21,1.4233,2/5,5,2.2562,2.2323,1.059,-0.0035,0.0179,4/5,True,WEAK,Shape reproduced in 2/5 fold curves; out-of-fold R^2=0.0179 -- inconsistent or weak.,1200
MEASURE_ET_DC_RF_Max_S11_Freq_L1018,COMPLEX_NONLINEAR,n/a,-8.839078,-7.45026,-15.44 to -10.81,-10.58 to -8.723,1.4197,2/5,5,2.2593,2.2363,1.017,-0.0059,0.0116,3/5,False,WEAK,Shape reproduced in 2/5 fold curves; out-of-fold R^2=0.0116 -- inconsistent or weak.,1200
MEASURE_ET_DC_RF_CF_S12_Ph_L1002,SATURATION,negative,-30.450982,,-26.37 to -24.4,-29.75 to -26.65,1.4163,2/5,5,2.262,2.2467,0.677,-0.0085,0.004,3/5,False,WEAK,Shape reproduced in 2/5 fold curves; out-of-fold R^2=0.0040 -- inconsistent or weak.,1200
THIN_ET_R_f_hr_2,SATURATION,positive,46.061635,,42.35 to 44.68,39.17 to 42.14,1.4112,2/5,5,2.2465,2.2427,0.172,0.0036,0.0063,3/5,False,WEAK,Shape reproduced in 2/5 fold curves; out-of-fold R^2=0.0063 -- inconsistent or weak.,1200
OHMIC_ET_Probe_Number,SATURATION,positive,1.197232,,1.093 to 2.349,4.024 to 5.071,1.383,1/5,5,2.2433,2.2376,0.254,0.0076,0.0104,3/5,False,WEAK,Shape reproduced in 1/5 fold curves; out-of-fold R^2=0.0104 -- inconsistent or weak.,1200
TOPSIN_ET_DC_RF_n_gd,U_SHAPED,n/a,47.249353,,45.13 to 47.55,41.69 to 44.92,1.3566,1/5,5,2.2444,2.2493,-0.214,0.0073,0.0016,3/5,False,WEAK,Shape reproduced in 1/5 fold curves; out-of-fold R^2=0.0016 -- inconsistent or weak.,1200
THIN_ET_Er,INVERTED_U,n/a,49.661003,,47.27 to 50.54,41.99 to 43.75,1.3406,1/5,5,2.2538,2.2423,0.509,-0.0011,0.0092,4/5,False,WEAK,Shape reproduced in 1/5 fold curves; out-of-fold R^2=0.0092 -- inconsistent or weak.,1200
MEASURE_ET_DC_RF_S21ang_26GHz,COMPLEX_NONLINEAR,n/a,13.944256,15.40824,15.46 to 17.38,13.89 to 15.35,1.3359,2/5,5,2.2482,2.2421,0.271,0.0032,0.0074,4/5,False,WEAK,Shape reproduced in 2/5 fold curves; out-of-fold R^2=0.0074 -- inconsistent or weak.,1200
MEASURE_ET_DC_SEC_X_Vg_at_I3_pos_SD3p5,THRESHOLD,positive,61.415409,,61.17 to 63.91,54.93 to 60.92,1.3127,3/5,5,2.2566,2.2528,0.167,-0.004,-0.0009,3/5,False,WEAK,Shape reproduced in 3/5 fold curves; out-of-fold R^2=-0.0009 -- inconsistent or weak.,1200
MEASURE_ET_DC_SEC_S_Vp_1_mA_mm,THRESHOLD,negative,-0.792501,,-0.9639 to -0.7719,-1.252 to -0.9776,1.2998,2/5,5,2.2589,2.2214,1.659,-0.0069,0.0299,4/5,True,WEAK,Shape reproduced in 2/5 fold curves; out-of-fold R^2=0.0299 -- inconsistent or weak.,1200
MEASURE_ET_DC_RF_CF_S11_Mag_L1018,THRESHOLD,positive,15.36118,,15.53 to 17.29,12.99 to 15.42,1.296,0/5,5,2.2415,2.2463,-0.215,0.0097,0.0059,3/5,False,WEAK,Shape reproduced in 0/5 fold curves; out-of-fold R^2=0.0059 -- inconsistent or weak.,1200
MEASURE_ET_DC_RF_ids_m0p2_W,PROCESS_WINDOW,n/a,69.704209,,71.68 to 74.46,65.41 to 67.73,1.2837,2/5,5,2.2498,2.2404,0.416,0.0028,0.0113,5/5,False,WEAK,Shape reproduced in 2/5 fold curves; out-of-fold R^2=0.0113 -- inconsistent or weak.,1200
MEASURE_ET_DC_RD_S12dB_18GHz,SATURATION,positive,-19.740176,,-30.18 to -27.68,-27.4 to -20.44,1.2763,5/5,5,2.2598,2.2548,0.222,-0.0068,-0.0012,3/5,False,WEAK,Shape reproduced in 5/5 fold curves; out-of-fold R^2=-0.0012 -- inconsistent or weak.,1200
MEASURE_ET_DC_RF_Vp_01_W,THRESHOLD,positive,-0.930866,,-0.9592 to -0.789,-1.271 to -0.9734,1.2724,2/5,5,2.2515,2.2661,-0.652,-0.0016,-0.0161,0/5,False,WEAK,Shape reproduced in 2/5 fold curves; out-of-fold R^2=-0.0161 -- inconsistent or weak.,1200
MEASURE_ET_RF_Modeling_Vp_1_W,SATURATION,positive,-0.828386,,-1.013 to -0.8152,-1.224 to -1.026,1.2711,3/5,5,2.25,2.2546,-0.204,0.0016,-0.001,2/5,False,WEAK,Shape reproduced in 3/5 fold curves; out-of-fold R^2=-0.0010 -- inconsistent or weak.,1200
FIC_ET_DC_PIV_Ids0_QP3,SATURATION,positive,86.867399,,87.24 to 90.73,90.98 to 93.72,1.2613,4/5,5,2.2603,2.2501,0.45,-0.0068,-0.0022,3/5,False,WEAK,Shape reproduced in 4/5 fold curves; out-of-fold R^2=-0.0022 -- inconsistent or weak.,1200
MEASURE_ET_C175pf,U_SHAPED,n/a,72.607679,,73.9 to 78.38,69.43 to 73.67,1.2527,2/5,5,2.2413,2.232,0.417,0.0075,0.0148,3/5,False,WEAK,Shape reproduced in 2/5 fold curves; out-of-fold R^2=0.0148 -- inconsistent or weak.,1200
TOPSIN_ET_G2_per_6K,SATURATION,negative,52.879212,,48.37 to 53.52,43.46 to 48.11,1.2497,2/5,5,2.2558,2.256,-0.007,-0.0074,-0.0079,3/5,False,WEAK,Shape reproduced in 2/5 fold curves; out-of-fold R^2=-0.0079 -- inconsistent or weak.,1200
TOPSIN_ET_Load_Pull_PhL_set,COMPLEX_NONLINEAR,n/a,61.308185,64.767113,57.98 to 61.18,61.44 to 64.37,1.2489,2/5,5,2.2581,2.2468,0.501,-0.0049,0.0027,3/5,False,WEAK,Shape reproduced in 2/5 fold curves; out-of-fold R^2=0.0027 -- inconsistent or weak.,1200
MEASURE_ET_DC_RF_S12dB_10GHz,U_SHAPED,n/a,-22.596465,,-30.17 to -28.37,-28.12 to -22.21,1.2391,2/5,5,2.2552,2.2559,-0.028,-0.0022,-0.0047,3/5,False,WEAK,Shape reproduced in 2/5 fold curves; out-of-fold R^2=-0.0047 -- inconsistent or weak.,1200
TOPSIN_ET_Cap1pf,INVERTED_U,n/a,0.884065,,0.7009 to 0.9136,0.5472 to 0.6891,1.2309,2/5,5,2.2609,2.2375,1.037,-0.0072,0.0145,4/5,True,WEAK,Shape reproduced in 2/5 fold curves; out-of-fold R^2=0.0145 -- inconsistent or weak.,1200
MEASURE_ET_DC_RF_Freq_cut_L1002,THRESHOLD,negative,61.272936,,57.59 to 61.4,54.54 to 57.34,1.2292,2/5,5,2.2582,2.2295,1.271,-0.0052,0.0203,5/5,True,WEAK,Shape reproduced in 2/5 fold curves; out-of-fold R^2=0.0203 -- inconsistent or weak.,1200
TOPSIN_ET_R_f_tn_2,THRESHOLD,positive,85.007419,,85.01 to 88.51,79.75 to 84.76,1.2292,4/5,5,2.2504,2.2524,-0.088,0.0,-0.0008,3/5,False,WEAK,Shape reproduced in 4/5 fold curves; out-of-fold R^2=-0.0008 -- inconsistent or weak.,1200
MEASURE_ET_DC_Stress_Id_max_Ig_before,SATURATION,positive,55.651794,,50.5 to 53.57,47.21 to 50.28,1.2286,2/5,5,2.2511,2.226,1.112,-0.0004,0.0231,4/5,True,WEAK,Shape reproduced in 2/5 fold curves; out-of-fold R^2=0.0231 -- inconsistent or weak.,1200
MEASURE_ET_DC_Big_MAG_18GHz,U_SHAPED,n/a,14.618886,,14.67 to 16.96,13 to 14.57,1.2212,2/5,5,2.2406,2.225,0.7,0.0105,0.0255,4/5,False,WEAK,Shape reproduced in 2/5 fold curves; out-of-fold R^2=0.0255 -- inconsistent or weak.,1200
SIN_Thickness2_RefractiveIndex,SATURATION,negative,2.004862,,1.889 to 1.931,1.982 to 2.006,1.2078,2/5,5,2.2508,2.2438,0.31,0.0016,0.0079,3/5,False,WEAK,Shape reproduced in 2/5 fold curves; out-of-fold R^2=0.0079 -- inconsistent or weak.,1200
BPLATE_Height_BPLATE_metal_thickness,COMPLEX_NONLINEAR,n/a,2.041503,2.148387,2.261 to 2.392,1.952 to 2.059,1.2057,3/5,5,2.2546,2.2501,0.202,-0.0024,-0.0017,3/5,False,WEAK,Shape reproduced in 3/5 fold curves; out-of-fold R^2=-0.0017 -- inconsistent or weak.,1200
MEASURE_ET_DC_RF_CF_S21_Mag_L2180,THRESHOLD,positive,15.223736,,12.86 to 13.98,14.1 to 15.45,1.198,2/5,5,2.2587,2.2451,0.604,-0.0059,0.0074,4/5,False,WEAK,Shape reproduced in 2/5 fold curves; out-of-fold R^2=0.0074 -- inconsistent or weak.,1200
TFRP_ET_TF_AB_1,SATURATION,positive,80.289686,,75.8 to 82.53,71.6 to 75.52,1.1931,1/5,5,2.244,2.2495,-0.243,0.0062,0.0018,1/5,False,WEAK,Shape reproduced in 1/5 fold curves; out-of-fold R^2=0.0018 -- inconsistent or weak.,1200
MEASURE_ET_Load_Pull_Pin_Last,THRESHOLD,negative,67.165634,,59.29 to 61.87,62.13 to 64.45,1.1812,2/5,5,2.2559,2.2597,-0.17,-0.0025,-0.006,1/5,False,WEAK,Shape reproduced in 2/5 fold curves; out-of-fold R^2=-0.0060 -- inconsistent or weak.,1200
TOPSIN_ET_Vg_Vds_max,INVERTED_U,n/a,54.223966,,50.38 to 54.35,54.6 to 57.32,1.1779,1/5,5,2.256,2.2339,0.979,-0.0032,0.0178,4/5,False,WEAK,Shape reproduced in 1/5 fold curves; out-of-fold R^2=0.0178 -- inconsistent or weak.,1200
TOPSIN_ET_DC_RF_Vdg_max_0p1,PROCESS_WINDOW,n/a,91.089952,,89.82 to 94.91,85.58 to 89.53,1.1693,0/5,5,2.2449,2.2247,0.898,0.0058,0.0239,5/5,False,WEAK,Shape reproduced in 0/5 fold curves; out-of-fold R^2=0.0239 -- inconsistent or weak.,1200
THIN_ET_DC_RF_Vp_01,SATURATION,positive,-0.846872,,-1.088 to -0.9673,-1.315 to -1.101,1.1633,5/5,5,2.256,2.253,0.132,-0.0039,-0.0022,3/5,False,WEAK,Shape reproduced in 5/5 fold curves; out-of-fold R^2=-0.0022 -- inconsistent or weak.,1200
MEASURE_ET_RF_Modeling_Vp_01_W,SATURATION,positive,-0.798453,,-0.9915 to -0.7918,-1.231 to -1.005,1.1483,0/5,5,2.2564,2.2411,0.677,-0.0041,0.0113,4/5,False,WEAK,Shape reproduced in 0/5 fold curves; out-of-fold R^2=0.0113 -- inconsistent or weak.,1200
MEASURE_ET_DC_RF_CF_S21_Ph_L1018,THRESHOLD,negative,15.804851,,14.46 to 15.8,13.23 to 14.36,1.1458,3/5,5,2.2578,2.256,0.08,-0.0045,-0.0041,3/5,False,WEAK,Shape reproduced in 3/5 fold curves; out-of-fold R^2=-0.0041 -- inconsistent or weak.,1200
MEASURE_ET_RF_Modeling_S21dB_10GHz,INVERTED_U,n/a,14.81771,,13.93 to 15,12.74 to 13.81,1.1432,2/5,5,2.2555,2.2309,1.094,-0.0028,0.0182,4/5,True,WEAK,Shape reproduced in 2/5 fold curves; out-of-fold R^2=0.0182 -- inconsistent or weak.,1200
MEASURE_ET_DC_RD_S12ang_18GHz,SATURATION,negative,-29.608043,,-27.59 to -24.05,-23.8 to -20.51,1.1431,3/5,5,2.2513,2.2512,0.006,-0.0001,-0.0019,4/5,False,WEAK,Shape reproduced in 3/5 fold curves; out-of-fold R^2=-0.0019 -- inconsistent or weak.,1200
FIC_ET_Ig_mAmm_at_Vd_cond,INVERTED_U,n/a,85.573877,,79.32 to 85.16,85.43 to 88.49,1.1422,0/5,5,2.2583,2.2113,2.081,-0.0053,0.036,5/5,True,WEAK,Shape reproduced in 0/5 fold curves; out-of-fold R^2=0.0360 -- inconsistent or weak.,1200
BRIDGE_METAL_Height2_BRGM_Height2,THRESHOLD,positive,37.455625,,37.55 to 41.89,34.83 to 37.37,1.1381,4/5,5,2.2521,2.2523,-0.007,-0.0016,-0.0045,2/5,False,WEAK,Shape reproduced in 4/5 fold curves; out-of-fold R^2=-0.0045 -- inconsistent or weak.,1200
MEASURE_ET_RGAN3,THRESHOLD,positive,52.271352,,52.6 to 58.21,50 to 52.38,1.1261,3/5,5,2.2566,2.2538,0.121,-0.0041,-0.0045,3/5,False,WEAK,Shape reproduced in 3/5 fold curves; out-of-fold R^2=-0.0045 -- inconsistent or weak.,1200
MEASURE_ET_DC_Big_Vp_1,THRESHOLD,positive,-0.805357,,-0.8968 to -0.7983,-1.305 to -1.122,1.1127,3/5,5,2.2577,2.251,0.296,-0.005,-0.0007,3/5,False,WEAK,Shape reproduced in 3/5 fold curves; out-of-fold R^2=-0.0007 -- inconsistent or weak.,1200
ANODE_ET_Ran_con_3_OW_CR,PROCESS_WINDOW,n/a,53.519947,,55.32 to 57.97,48.59 to 51.47,1.1049,3/5,5,2.2525,2.2545,-0.088,-0.0008,-0.0039,3/5,False,WEAK,Shape reproduced in 3/5 fold curves; out-of-fold R^2=-0.0039 -- inconsistent or weak.,1200
MEASURE_ET_C300FB,PROCESS_WINDOW,n/a,0.744548,,0.6455 to 0.7393,0.7498 to 0.8227,1.1004,1/5,5,2.2588,2.2405,0.812,-0.0051,0.0109,4/5,False,WEAK,Shape reproduced in 1/5 fold curves; out-of-fold R^2=0.0109 -- inconsistent or weak.,1200
MEASURE_ET_DC_Big_Vds_max_0p1mA,THRESHOLD,negative,57.871069,,52.56 to 56.1,49.02 to 52.29,1.0913,2/5,5,2.2586,2.246,0.561,-0.0059,0.0042,3/5,False,WEAK,Shape reproduced in 2/5 fold curves; out-of-fold R^2=0.0042 -- inconsistent or weak.,1200
TOPSIN_ET_Load_Pull_Pin_Cut,THRESHOLD,positive,53.804412,,53.8 to 58.65,50.44 to 53.59,1.0877,0/5,5,2.236,2.2419,-0.264,0.0142,0.0078,4/5,False,WEAK,Shape reproduced in 0/5 fold curves; out-of-fold R^2=0.0078 -- inconsistent or weak.,1200
MEASURE_ET_DC_SEC_S_Vg_at_I1_pos_SD3p5,THRESHOLD,negative,60.745643,,58.39 to 62.11,55.42 to 58.14,1.0858,2/5,5,2.2538,2.227,1.191,-0.0014,0.0226,5/5,True,WEAK,Shape reproduced in 2/5 fold curves; out-of-fold R^2=0.0226 -- inconsistent or weak.,1200
MEASURE_ET_RF_Modeling_S21_25G_After,U_SHAPED,n/a,16.018441,,15.78 to 16.91,13.71 to 15.69,1.0809,2/5,5,2.2539,2.2342,0.876,-0.001,0.0167,4/5,False,WEAK,Shape reproduced in 2/5 fold curves; out-of-fold R^2=0.0167 -- inconsistent or weak.,1200
MEASURE_ET_DC_SEC_X_Vg_at_I2_neg,THRESHOLD,negative,21.871753,,19.63 to 21.67,21.87 to 23.91,1.068,4/5,5,2.2553,2.2623,-0.31,-0.0025,-0.0119,4/5,False,WEAK,Shape reproduced in 4/5 fold curves; out-of-fold R^2=-0.0119 -- inconsistent or weak.,1200
FP2_Height1_FP2_Height1,THRESHOLD,positive,80.064151,,79.67 to 83.65,84.05 to 88.83,1.0593,2/5,5,2.2569,2.2547,0.099,-0.0041,-0.0047,3/5,False,WEAK,Shape reproduced in 2/5 fold curves; out-of-fold R^2=-0.0047 -- inconsistent or weak.,1200
ANODE_ET_Ran_con_3,THRESHOLD,positive,71.091578,,71.34 to 76.69,67.19 to 71.09,1.0314,4/5,5,2.2476,2.2498,-0.095,-0.0,-0.0027,3/5,False,WEAK,Shape reproduced in 4/5 fold curves; out-of-fold R^2=-0.0027 -- inconsistent or weak.,1200
TOPSIN_ET_Load_Pull_ID_comp_Last_mA,COMPLEX_NONLINEAR,n/a,59.726388,63.627951,59.61 to 63.51,56.86 to 59.38,1.0252,2/5,5,2.2583,2.2363,0.974,-0.0056,0.0125,4/5,False,WEAK,Shape reproduced in 2/5 fold curves; out-of-fold R^2=0.0125 -- inconsistent or weak.,1200
MEASURE_ET_RF_Modeling_Cds,INVERTED_U,n/a,21.283732,,17.28 to 21.63,14.77 to 17.05,1.0215,2/5,5,2.2592,2.2376,0.957,-0.0065,0.013,5/5,False,WEAK,Shape reproduced in 2/5 fold curves; out-of-fold R^2=0.0130 -- inconsistent or weak.,1200
TOPSIN_ET_C385pf_0,SATURATION,positive,93.156121,,87.43 to 90.81,83.52 to 87.17,0.9861,1/5,5,2.2495,2.2433,0.273,0.0027,0.0059,2/5,False,WEAK,Shape reproduced in 1/5 fold curves; out-of-fold R^2=0.0059 -- inconsistent or weak.,1200
MEASURE_ET_DC_RD_Vboff,THRESHOLD,negative,43.790158,,41.54 to 44.01,39.3 to 41.32,0.9778,5/5,5,2.2589,2.2542,0.207,-0.0053,-0.0022,4/5,False,WEAK,Shape reproduced in 5/5 fold curves; out-of-fold R^2=-0.0022 -- inconsistent or weak.,1200
MEASURE_ET_DC_SEC_S_Ig_cut3_mAmm_neg_FPSD3p2,PROCESS_WINDOW,n/a,25.877669,,25.77 to 28.67,23.08 to 25.54,0.9738,1/5,5,2.2558,2.2424,0.596,-0.0028,0.0073,3/5,False,WEAK,Shape reproduced in 1/5 fold curves; out-of-fold R^2=0.0073 -- inconsistent or weak.,1200
SIN_ET_DC_RF_Vds_max,THRESHOLD,positive,70.679847,,70.36 to 73.16,64.75 to 70.14,0.9601,1/5,5,2.2464,2.2367,0.431,0.004,0.0138,3/5,False,WEAK,Shape reproduced in 1/5 fold curves; out-of-fold R^2=0.0138 -- inconsistent or weak.,1200
MEASURE_ET_DC_RF_Vbon_min,COMPLEX_NONLINEAR,n/a,19.305832,21.480676,19.21 to 21.58,21.78 to 25.73,0.9581,2/5,5,2.2506,2.2364,0.635,0.0012,0.0133,5/5,False,WEAK,Shape reproduced in 2/5 fold curves; out-of-fold R^2=0.0133 -- inconsistent or weak.,1200
MEASURE_ET_DC_SEC_X_Id_mA_mm_at_Vg1_FPSD3p2,THRESHOLD,positive,57.663826,,57.56 to 62.94,54.87 to 57.35,0.9541,3/5,5,2.2541,2.2573,-0.141,-0.0018,-0.0076,3/5,False,WEAK,Shape reproduced in 3/5 fold curves; out-of-fold R^2=-0.0076 -- inconsistent or weak.,1200
MEASURE_ET_DC_RD_Vg_Vbon_max,THRESHOLD,positive,60.616626,,60.4 to 63.25,55.57 to 60.18,0.9355,2/5,5,2.2487,2.2382,0.465,0.004,0.0131,5/5,False,WEAK,Shape reproduced in 2/5 fold curves; out-of-fold R^2=0.0131 -- inconsistent or weak.,1200
MEASURE_ET_DC_SEC_S_Id_mA_mm_at_Vg3,THRESHOLD,positive,95.429641,,94.46 to 101.1,90.31 to 94.19,0.9332,2/5,5,2.2511,2.2501,0.045,0.0019,0.0034,3/5,False,WEAK,Shape reproduced in 2/5 fold curves; out-of-fold R^2=0.0034 -- inconsistent or weak.,1200
MEASURE_ET_DC_SEC_S_Vg_at_I3_neg_FPSD3p2,THRESHOLD,positive,74.314806,,74.31 to 76.8,69.09 to 74.07,0.9331,0/5,5,2.2561,2.2428,0.59,-0.0033,0.0097,4/5,False,WEAK,Shape reproduced in 0/5 fold curves; out-of-fold R^2=0.0097 -- inconsistent or weak.,1200
MEASURE_ET_DC_Big_S11dB_10GHz,SATURATION,negative,-7.414361,,-11.13 to -7.633,-14.19 to -11.35,0.9292,3/5,5,2.2537,2.2594,-0.254,-0.001,-0.0068,2/5,False,WEAK,Shape reproduced in 3/5 fold curves; out-of-fold R^2=-0.0068 -- inconsistent or weak.,1200
MEASURE_ET_Load_Pull_GL_meas,THRESHOLD,negative,58.688561,,55.34 to 57.73,57.97 to 60.84,0.925,2/5,5,2.2584,2.2477,0.474,-0.0053,0.0049,3/5,False,WEAK,Shape reproduced in 2/5 fold curves; out-of-fold R^2=0.0049 -- inconsistent or weak.,1200
ABVIA_CD_AB_VIA_litho,THRESHOLD,positive,0.894196,,0.8974 to 0.9209,0.876 to 0.8953,0.8982,3/5,5,2.2542,2.2573,-0.14,-0.0012,-0.0049,3/5,False,WEAK,Shape reproduced in 3/5 fold curves; out-of-fold R^2=-0.0049 -- inconsistent or weak.,1200
THIN_ET_Ran_con_3,THRESHOLD,negative,92.698854,,90.24 to 93.09,93.35 to 95.93,0.8965,3/5,5,2.2553,2.252,0.146,-0.0027,-0.0,4/5,False,WEAK,Shape reproduced in 3/5 fold curves; out-of-fold R^2=-0.0000 -- inconsistent or weak.,1200
FIC_ET_DC_RF_Vg_max_Vd,SATURATION,positive,4.760166,,4.466 to 5.448,-1.427 to 0.9303,0.8394,3/5,5,2.2563,2.2535,0.122,-0.0034,-0.0025,3/5,False,WEAK,Shape reproduced in 3/5 fold curves; out-of-fold R^2=-0.0025 -- inconsistent or weak.,1200
BRGM_Height3_TOP_metal_thickness,THRESHOLD,positive,2.076474,,2.047 to 2.248,2.26 to 2.402,0.819,0/5,5,2.2536,2.25,0.16,-0.0008,0.0038,2/5,False,WEAK,Shape reproduced in 0/5 fold curves; out-of-fold R^2=0.0038 -- inconsistent or weak.,1200
MEASURE_ET_DC_SEC_X_Id_mA_mm_at_Vg2_FPSD3p2,SATURATION,positive,26.022542,,26.22 to 31.08,31.28 to 33.03,0.7685,3/5,5,2.2565,2.2627,-0.278,-0.0034,-0.0089,0/5,False,WEAK,Shape reproduced in 3/5 fold curves; out-of-fold R^2=-0.0089 -- inconsistent or weak.,1200
SIN_GATE_ET_R414,THRESHOLD,positive,96.749359,,95.62 to 102.4,91.93 to 95.33,0.7593,3/5,5,2.2582,2.2533,0.217,-0.0065,-0.0022,5/5,False,WEAK,Shape reproduced in 3/5 fold curves; out-of-fold R^2=-0.0022 -- inconsistent or weak.,1200
MEASURE_ET_DC_RF2_S21dB_26GHz,THRESHOLD,positive,15.623579,,15.9 to 17,13.92 to 15.79,0.7393,0/5,5,2.2533,2.2471,0.276,-0.0002,0.0049,4/5,False,WEAK,Shape reproduced in 0/5 fold curves; out-of-fold R^2=0.0049 -- inconsistent or weak.,1200
MEASURE_ET_DC_SEC_S_Vg_at_I3_neg_SD3p5,THRESHOLD,positive,56.410666,,56.29 to 60.74,51.83 to 56.04,0.7329,5/5,5,2.2643,2.2538,0.463,-0.0131,-0.0046,4/5,False,WEAK,Shape reproduced in 5/5 fold curves; out-of-fold R^2=-0.0046 -- inconsistent or weak.,1200
MEASURE_ET_DC_PIV_Ids0_QP3,THRESHOLD,negative,26.732635,,23.7 to 26.64,26.82 to 29.21,0.6975,4/5,5,2.2617,2.2524,0.413,-0.0085,-0.0014,4/5,False,WEAK,Shape reproduced in 4/5 fold curves; out-of-fold R^2=-0.0014 -- inconsistent or weak.,1200
SIN_Thickness1_RefractiveIndex,THRESHOLD,negative,1.919008,,1.946 to 1.978,1.981 to 2.006,0.6907,2/5,5,2.2593,2.2671,-0.345,-0.0059,-0.0153,3/5,False,WEAK,Shape reproduced in 2/5 fold curves; out-of-fold R^2=-0.0153 -- inconsistent or weak.,1200
MEASURE_ET_DC_SEC_X_Ig_cut3_mAmm_neg_SD3p5,SATURATION,positive,82.414261,,75.59 to 79.07,72.92 to 75.33,0.6699,1/5,5,2.2576,2.25,0.339,-0.0046,0.0003,3/5,False,WEAK,Shape reproduced in 1/5 fold curves; out-of-fold R^2=0.0003 -- inconsistent or weak.,1200
FIC_ET_Probe_Number,SATURATION,negative,4.929079,,3.509 to 4.982,0.9844 to 3.404,0.6656,2/5,5,2.2556,2.2626,-0.308,-0.003,-0.0086,2/5,False,WEAK,Shape reproduced in 2/5 fold curves; out-of-fold R^2=-0.0086 -- inconsistent or weak.,1200
THIN_Measure2GN_Thickness_after_grinding,THRESHOLD,negative,111.011954,,104.9 to 109.7,110.1 to 116.4,0.6311,2/5,5,2.2603,2.26,0.013,-0.0075,-0.0078,3/5,False,WEAK,Shape reproduced in 2/5 fold curves; out-of-fold R^2=-0.0078 -- inconsistent or weak.,1200
MESA_Height_Mesa_Height,SATURATION,positive,0.154544,,0.1377 to 0.1461,0.1468 to 0.1545,0.5957,4/5,5,2.2597,2.2595,0.007,-0.0068,-0.0067,2/5,False,WEAK,Shape reproduced in 4/5 fold curves; out-of-fold R^2=-0.0067 -- inconsistent or weak.,1200
GATE2_CD_330nm_Gate_Win_Length,SATURATION,negative,0.537089,,0.5605 to 0.5793,0.5378 to 0.5592,0.5084,2/5,5,2.2593,2.263,-0.164,-0.0058,-0.0087,2/5,False,WEAK,Shape reproduced in 2/5 fold curves; out-of-fold R^2=-0.0087 -- inconsistent or weak.,1200
MESA_CD_Mesa_CD_Radius,THRESHOLD,positive,0.986128,,0.9933 to 1.024,0.9583 to 0.9913,0.4964,2/5,5,2.2588,2.2563,0.111,-0.0052,-0.0031,4/5,False,WEAK,Shape reproduced in 2/5 fold curves; out-of-fold R^2=-0.0031 -- inconsistent or weak.,1200
MEASURE_ET_LT_SEC_Ileak_m7V_mA_mm,FLAT,n/a,,,,,5.1309,1/5,5,1.9608,1.9097,2.602,0.2239,0.254,3/5,False,INCONCLUSIVE,Shape='FLAT' or too few usable fold curves (5).,1200
THIN_ET_Cap20,FLAT,n/a,,,,,3.0753,0/5,5,2.2364,2.1925,1.96,0.0162,0.048,4/5,True,INCONCLUSIVE,Shape='FLAT' or too few usable fold curves (5).,1200
MEASURE_ET_DC_RF_Vds_max_0p1mA,FLAT,n/a,,,,,2.7651,3/5,5,2.2376,2.1577,3.573,0.0081,0.0758,5/5,True,INCONCLUSIVE,Shape='FLAT' or too few usable fold curves (5).,1200
MEASURE_ET_DC_SEC_S_Vg_at_I1_neg_FPSD3p2,FLAT,n/a,,,,,2.6999,5/5,5,2.2003,2.2031,-0.125,0.0352,0.0325,3/5,False,INCONCLUSIVE,Shape='FLAT' or too few usable fold curves (5).,1200
TOPSIN_ET_DC_SMALL_Vbgs1,FLAT,n/a,,,,,2.5882,3/5,5,2.1677,2.1763,-0.398,0.0735,0.0648,3/5,False,INCONCLUSIVE,Shape='FLAT' or too few usable fold curves (5).,1200
MEASURE_ET_DC_RD_Vboff_ON,FLAT,n/a,,,,,2.5777,3/5,5,2.2514,2.2321,0.857,0.0002,0.0144,3/5,False,INCONCLUSIVE,Shape='FLAT' or too few usable fold curves (5).,1200
OHMIC_Thickness_SiN_Thickness,FLAT,n/a,,,,,2.5466,4/5,5,2.2378,2.204,1.509,0.0155,0.045,4/5,True,INCONCLUSIVE,Shape='FLAT' or too few usable fold curves (5).,1200
TOPSIN_ThicknessGN_SiN_Thickness,FLAT,n/a,,,,,2.4701,4/5,5,2.2372,2.2202,0.757,0.0144,0.0294,5/5,False,INCONCLUSIVE,Shape='FLAT' or too few usable fold curves (5).,1200
MEASURE_ET_C100CapFICM1,FLAT,n/a,,,,,2.4321,4/5,5,2.259,2.0933,7.334,-0.0032,0.1244,4/5,True,INCONCLUSIVE,Shape='FLAT' or too few usable fold curves (5).,1200
MEASURE_ET_RF_Modeling_Mag_m,FLAT,n/a,,,,,2.2805,3/5,5,2.2479,2.2411,0.301,0.0046,0.012,3/5,False,INCONCLUSIVE,Shape='FLAT' or too few usable fold curves (5).,1200
FIC_ET_DC_RF_Vg_max_Vd_0p1,FLAT,n/a,,,,,2.1232,3/5,5,2.2083,2.2069,0.063,0.0411,0.0424,3/5,False,INCONCLUSIVE,Shape='FLAT' or too few usable fold curves (5).,1200
THIN_ET_sh_GA142,FLAT,n/a,,,,,2.114,5/5,5,2.2642,2.2368,1.212,-0.0138,0.0061,3/5,False,INCONCLUSIVE,Shape='FLAT' or too few usable fold curves (5).,1200
MEASURE_ET_DC_SEC_S_Vg_at_I1_pos,FLAT,n/a,,,,,2.1064,2/5,5,2.2114,2.2139,-0.116,0.0368,0.0345,2/5,False,INCONCLUSIVE,Shape='FLAT' or too few usable fold curves (5).,1200
ANODE_ET_Ran_con_2_OW_CR,FLAT,n/a,,,,,2.0788,3/5,5,2.2472,2.2373,0.439,0.0041,0.0111,4/5,False,INCONCLUSIVE,Shape='FLAT' or too few usable fold curves (5).,1200
SIN_GATE_ET_Ran_con_1,FLAT,n/a,,,,,2.044,5/5,5,2.2215,2.2276,-0.276,0.0223,0.0168,3/5,False,INCONCLUSIVE,Shape='FLAT' or too few usable fold curves (5).,1200
MEASURE_ET_Load_Pull_PhL_set,FLAT,n/a,,,,,2.0146,5/5,5,2.25,2.2649,-0.665,0.0003,-0.0153,1/5,False,INCONCLUSIVE,Shape='FLAT' or too few usable fold curves (5).,1200
OHMIC_ET_R214,FLAT,n/a,,,,,1.9847,5/5,5,2.2458,2.2275,0.818,0.0069,0.0228,5/5,False,INCONCLUSIVE,Shape='FLAT' or too few usable fold curves (5).,1200
MEASURE_ET_DC_SEC_X_Ig_mAmm_at_Vg_cond_neg_SD3p5,FLAT,n/a,,,,,1.9521,2/5,5,2.2467,2.2136,1.475,0.004,0.0314,5/5,True,INCONCLUSIVE,Shape='FLAT' or too few usable fold curves (5).,1200
MEASURE_ET_Cap_C300FB,FLAT,n/a,,,,,1.9168,5/5,5,2.2559,2.232,1.059,-0.0016,0.014,3/5,False,INCONCLUSIVE,Shape='FLAT' or too few usable fold curves (5).,1200
TOPSIN_ET_DC_SMALL_Vbin_gs,FLAT,n/a,,,,,1.8842,5/5,5,2.1873,2.1899,-0.115,0.0545,0.0508,3/5,False,INCONCLUSIVE,Shape='FLAT' or too few usable fold curves (5).,1200
MEASURE_ET_Load_Pull_P.A.E_Last,FLAT,n/a,,,,,1.8773,2/5,5,2.1936,2.1967,-0.14,0.0517,0.047,3/5,False,INCONCLUSIVE,Shape='FLAT' or too few usable fold curves (5).,1200
MEASURE_ET_C100CapUSV,FLAT,n/a,,,,,1.8647,4/5,5,2.2529,2.2226,1.345,0.0008,0.0319,3/5,False,INCONCLUSIVE,Shape='FLAT' or too few usable fold curves (5).,1200
SIN_GATE_ET_Ran_con_2,FLAT,n/a,,,,,1.8496,4/5,5,2.2304,2.2346,-0.192,0.0198,0.015,2/5,False,INCONCLUSIVE,Shape='FLAT' or too few usable fold curves (5).,1200
TOPSIN_ET_C100C385pf,FLAT,n/a,,,,,1.8346,3/5,5,2.2554,2.2378,0.779,-0.0013,0.0156,4/5,False,INCONCLUSIVE,Shape='FLAT' or too few usable fold curves (5).,1200
MEASURE_ET_Rsh_an_ct2_OW_CR,FLAT,n/a,,,,,1.819,3/5,5,2.2551,2.2401,0.664,-0.0022,0.01,4/5,False,INCONCLUSIVE,Shape='FLAT' or too few usable fold curves (5).,1200
SIN_ET_DC_RF_Vg_max_Vd_0p1mA,FLAT,n/a,,,,,1.8174,3/5,5,2.2278,2.2248,0.137,0.0205,0.0232,4/5,False,INCONCLUSIVE,Shape='FLAT' or too few usable fold curves (5).,1200
TOPSIN_ET_C100C450pf,FLAT,n/a,,,,,1.8067,5/5,5,2.2453,2.2203,1.114,0.0077,0.0302,5/5,True,INCONCLUSIVE,Shape='FLAT' or too few usable fold curves (5).,1200
ANODE_ET_C_AN_2_OW_CR,FLAT,n/a,,,,,1.7912,5/5,5,2.2377,2.2411,-0.151,0.013,0.0099,2/5,False,INCONCLUSIVE,Shape='FLAT' or too few usable fold curves (5).,1200
MEASURE_ET_DC_SEC_S_Vp_1_mA_mm_first_FPSD3p2,FLAT,n/a,,,,,1.7911,4/5,5,2.25,2.2374,0.564,-0.0027,0.009,4/5,False,INCONCLUSIVE,Shape='FLAT' or too few usable fold curves (5).,1200
SIN_ET_DC_RF_Vt_gs,FLAT,n/a,,,,,1.7717,3/5,5,2.1997,2.2063,-0.3,0.0451,0.0382,2/5,False,INCONCLUSIVE,Shape='FLAT' or too few usable fold curves (5).,1200
MEASURE_ET_G2_per_6K,FLAT,n/a,,,,,1.7616,5/5,5,2.235,2.2407,-0.256,0.0118,0.0064,1/5,False,INCONCLUSIVE,Shape='FLAT' or too few usable fold curves (5).,1200
MEASURE_ET_DC_SEC_S_Ids_max_norm_SD3p5,FLAT,n/a,,,,,1.7388,5/5,5,2.2471,2.233,0.625,0.0012,0.0146,4/5,False,INCONCLUSIVE,Shape='FLAT' or too few usable fold curves (5).,1200
THIN_ET_C200_0,FLAT,n/a,,,,,1.7261,3/5,5,2.255,2.2063,2.16,-0.0018,0.0436,5/5,True,INCONCLUSIVE,Shape='FLAT' or too few usable fold curves (5).,1200
MEASURE_ET_Rc_f_hr_23,FLAT,n/a,,,,,1.7242,5/5,5,2.2263,2.2072,0.859,0.0218,0.0395,5/5,False,INCONCLUSIVE,Shape='FLAT' or too few usable fold curves (5).,1200
MEASURE_ET_Load_Pull_Id_ini,FLAT,n/a,,,,,1.7159,2/5,5,2.2405,2.2177,1.015,0.0117,0.0266,3/5,False,INCONCLUSIVE,Shape='FLAT' or too few usable fold curves (5).,1200
MEASURE_ET_Rcat_cn_1,FLAT,n/a,,,,,1.7144,5/5,5,2.2133,2.2111,0.098,0.0333,0.0361,3/5,False,INCONCLUSIVE,Shape='FLAT' or too few usable fold curves (5).,1200
MEASURE_ET_DC_SEC_X_Vg_at_I1_neg_FPSD3p2,FLAT,n/a,,,,,1.6847,3/5,5,2.2416,2.2291,0.56,0.0087,0.0193,5/5,False,INCONCLUSIVE,Shape='FLAT' or too few usable fold curves (5).,1200
MEASURE_ET_DC_RF_CF_S21_Ph_L1002,FLAT,n/a,,,,,1.682,5/5,5,2.2454,2.2254,0.891,0.0075,0.0267,4/5,False,INCONCLUSIVE,Shape='FLAT' or too few usable fold curves (5).,1200
THIN_ET_R_f_tn_3,FLAT,n/a,,,,,1.672,4/5,5,2.2238,2.2285,-0.208,0.0239,0.0209,2/5,False,INCONCLUSIVE,Shape='FLAT' or too few usable fold curves (5).,1200
MEASURE_ET_DC_Big_Ft,FLAT,n/a,,,,,1.6707,5/5,5,2.2456,2.2465,-0.041,0.0067,0.0029,3/5,False,INCONCLUSIVE,Shape='FLAT' or too few usable fold curves (5).,1200
MEASURE_ET_Load_Pull_Pout_Last,FLAT,n/a,,,,,1.6676,4/5,5,2.2455,2.2374,0.358,0.0064,0.0138,4/5,False,INCONCLUSIVE,Shape='FLAT' or too few usable fold curves (5).,1200
MEASURE_ET_DC_SEC_X_Ig_cut1_mAmm_pos,FLAT,n/a,,,,,1.6511,3/5,5,2.248,2.2384,0.427,-0.0017,0.0072,5/5,False,INCONCLUSIVE,Shape='FLAT' or too few usable fold curves (5).,1200
TFRP_ET_TF_AB_3,FLAT,n/a,,,,,1.6459,5/5,5,2.2213,2.2218,-0.021,0.0297,0.0283,3/5,False,INCONCLUSIVE,Shape='FLAT' or too few usable fold curves (5).,1200
MEASURE_ET_DC_SEC_Vgs_1V,FLAT,n/a,,,,,1.644,5/5,5,2.2493,2.238,0.502,0.0049,0.016,3/5,False,INCONCLUSIVE,Shape='FLAT' or too few usable fold curves (5).,1200
MEASURE_ET_DC_Stress_Vg_max_Ig_before,FLAT,n/a,,,,,1.6345,4/5,5,2.2515,2.2321,0.864,0.0012,0.0175,4/5,False,INCONCLUSIVE,Shape='FLAT' or too few usable fold curves (5).,1200
MEASURE_ET_LT_SEC_Ig_Id_min_mA_mm,FLAT,n/a,,,,,1.6308,5/5,5,2.2592,2.2358,1.039,-0.0078,0.0119,5/5,True,INCONCLUSIVE,Shape='FLAT' or too few usable fold curves (5).,1200
MEASURE_ET_DC_SEC_S_Ig_cut1_mAmm_pos_FPSD3p2,FLAT,n/a,,,,,1.6175,4/5,5,2.2205,2.2188,0.08,0.0254,0.0272,2/5,False,INCONCLUSIVE,Shape='FLAT' or too few usable fold curves (5).,1200
MEASURE_ET_DC_SEC_S_Id_mA_mm_at_Vg2_SD3p5,FLAT,n/a,,,,,1.6126,3/5,5,2.2605,2.2639,-0.148,-0.0072,-0.0128,3/5,False,INCONCLUSIVE,Shape='FLAT' or too few usable fold curves (5).,1200
FIC_ET_sh_f_tn_23,FLAT,n/a,,,,,1.6048,1/5,5,2.2382,2.2394,-0.053,0.0146,0.0124,3/5,False,INCONCLUSIVE,Shape='FLAT' or too few usable fold curves (5).,1200
MEASURE_ET_RF_Modeling_L_Gg,FLAT,n/a,,,,,1.5969,0/5,5,2.2296,2.2219,0.347,0.0207,0.028,3/5,False,INCONCLUSIVE,Shape='FLAT' or too few usable fold curves (5).,1200
CHRE_CD_2_Channel_recess_CD_Etch,FLAT,n/a,,,,,1.5876,4/5,5,2.2524,2.2485,0.172,0.0015,0.0048,3/5,False,INCONCLUSIVE,Shape='FLAT' or too few usable fold curves (5).,1200
MEASURE_ET_DC_SEC_Vgs_0p5V,FLAT,n/a,,,,,1.5834,4/5,5,2.2078,2.2181,-0.466,0.043,0.0331,2/5,False,INCONCLUSIVE,Shape='FLAT' or too few usable fold curves (5).,1200
THIN_ET_DC_RF_Vt_gd,FLAT,n/a,,,,,1.5831,5/5,5,2.2031,2.2086,-0.25,0.0462,0.0426,3/5,False,INCONCLUSIVE,Shape='FLAT' or too few usable fold curves (5).,1200
MEASURE_ET_DC_Diode_S21_dB_forw_9p5,FLAT,n/a,,,,,1.5813,5/5,5,2.2422,2.2403,0.088,0.0079,0.0097,3/5,False,INCONCLUSIVE,Shape='FLAT' or too few usable fold curves (5).,1200
MEASURE_ET_DC_SEC_S_Vg_at_I3_pos,FLAT,n/a,,,,,1.5705,5/5,5,2.2176,2.2222,-0.207,0.0276,0.0241,1/5,False,INCONCLUSIVE,Shape='FLAT' or too few usable fold curves (5).,1200
TOPSIN_ET_R_f_hr_2,FLAT,n/a,,,,,1.5688,4/5,5,2.2397,2.2362,0.157,0.0096,0.013,4/5,False,INCONCLUSIVE,Shape='FLAT' or too few usable fold curves (5).,1200
TOPSIN_ET_KLV_F_AB_4u,FLAT,n/a,,,,,1.5534,3/5,5,2.2498,2.2591,-0.412,0.0023,-0.0047,1/5,False,INCONCLUSIVE,Shape='FLAT' or too few usable fold curves (5).,1200
TOPSIN_ET_Load_Pull_GL_set,FLAT,n/a,,,,,1.5481,5/5,5,2.2403,2.2438,-0.155,0.0091,0.0063,3/5,False,INCONCLUSIVE,Shape='FLAT' or too few usable fold curves (5).,1200
SIN_Thickness_RefractiveIndex,FLAT,n/a,,,,,1.5314,5/5,5,2.2406,2.2422,-0.073,0.0106,0.0091,2/5,False,INCONCLUSIVE,Shape='FLAT' or too few usable fold curves (5).,1200
MEASURE_ET_LT_SEC_Ig_Id_min_mA_mm_Vd8,FLAT,n/a,,,,,1.5019,4/5,5,2.2279,2.2338,-0.265,0.022,0.0144,3/5,False,INCONCLUSIVE,Shape='FLAT' or too few usable fold curves (5).,1200
FIC_ET_DC_RF_Vg_optt2,FLAT,n/a,,,,,1.4986,5/5,5,2.2556,2.2411,0.644,-0.0028,0.011,4/5,False,INCONCLUSIVE,Shape='FLAT' or too few usable fold curves (5).,1200
SIN_ET_DC_RF_n_gd,FLAT,n/a,,,,,1.494,3/5,5,2.2493,2.2328,0.73,0.0016,0.0167,4/5,False,INCONCLUSIVE,Shape='FLAT' or too few usable fold curves (5).,1200
MEASURE_ET_DC_SEC_S_Bin,FLAT,n/a,,,,,1.4912,5/5,5,2.245,2.2408,0.187,0.0073,0.011,4/5,False,INCONCLUSIVE,Shape='FLAT' or too few usable fold curves (5).,1200
MEASURE_ET_Load_Pull_Pin_Cut,FLAT,n/a,,,,,1.4876,3/5,5,2.2451,2.2453,-0.011,0.0046,0.0043,3/5,False,INCONCLUSIVE,Shape='FLAT' or too few usable fold curves (5).,1200
MEASURE_ET_C100USV_Cappf,FLAT,n/a,,,,,1.4841,5/5,5,2.2503,2.2141,1.609,0.0027,0.0349,5/5,True,INCONCLUSIVE,Shape='FLAT' or too few usable fold curves (5).,1200
TOPSIN_ET_DC_PIV_Ids0_QP2,FLAT,n/a,,,,,1.4819,1/5,5,2.2441,2.2428,0.056,0.0086,0.0089,2/5,False,INCONCLUSIVE,Shape='FLAT' or too few usable fold curves (5).,1200
TOPSIN_ET_Load_Pull_GL_meas,FLAT,n/a,,,,,1.4771,4/5,5,2.2473,2.2244,1.021,0.0053,0.0271,4/5,True,INCONCLUSIVE,Shape='FLAT' or too few usable fold curves (5).,1200
MEASURE_ET_DC_RF_Vg_Vbon_min,FLAT,n/a,,,,,1.4738,5/5,5,2.2497,2.2347,0.668,0.0053,0.0176,4/5,False,INCONCLUSIVE,Shape='FLAT' or too few usable fold curves (5).,1200
MEASURE_ET_RF_Modeling_S12ang_10GHz,FLAT,n/a,,,,,1.4421,4/5,5,2.2538,2.1648,3.946,-0.0042,0.053,3/5,False,INCONCLUSIVE,Shape='FLAT' or too few usable fold curves (5).,1200
THIN_ET_i5021_2,FLAT,n/a,,,,,1.4414,5/5,5,2.2582,2.258,0.009,-0.0046,-0.004,2/5,False,INCONCLUSIVE,Shape='FLAT' or too few usable fold curves (5).,1200
MEASURE_ET_R_f_hr_1,FLAT,n/a,,,,,1.4383,5/5,5,2.2229,2.2243,-0.063,0.0279,0.0268,1/5,False,INCONCLUSIVE,Shape='FLAT' or too few usable fold curves (5).,1200
MEASURE_ET_DC_Stress_Ig_max_before,FLAT,n/a,,,,,1.4335,4/5,5,2.2565,2.2652,-0.385,-0.0047,-0.0126,2/5,False,INCONCLUSIVE,Shape='FLAT' or too few usable fold curves (5).,1200
MEASURE_ET_DC_SEC_X_Ig_mAmm_at_Vg_cond_pos_FPSD3p2,FLAT,n/a,,,,,1.4318,3/5,5,2.2277,2.2279,-0.009,0.0228,0.0233,3/5,False,INCONCLUSIVE,Shape='FLAT' or too few usable fold curves (5).,1200
MEASURE_ET_RF_Modeling_Rs,INVERTED_U,n/a,40.643612,,40.97 to 44.51,44.73 to 46.94,1.4307,0/5,5,2.26,2.2668,-0.301,-0.0075,-0.0223,3/5,False,INCONCLUSIVE,Shape reproduced in only 0/5 fold curves and out-of-fold R^2 is non-positive (-0.0223).,1200
TOPSIN_ET_R414,FLAT,n/a,,,,,1.4238,3/5,5,2.2451,2.2112,1.506,0.0057,0.0339,4/5,True,INCONCLUSIVE,Shape='FLAT' or too few usable fold curves (5).,1200
MEASURE_ET_RF_Modeling_S21_19G_After,FLAT,n/a,,,,,1.4222,3/5,5,2.2307,2.2139,0.752,0.0199,0.0361,4/5,False,INCONCLUSIVE,Shape='FLAT' or too few usable fold curves (5).,1200
MEASURE_ET_DC_SEC_S_Ig_cut1_mAmm_pos_SD3p5,FLAT,n/a,,,,,1.4218,5/5,5,2.247,2.246,0.045,0.0043,0.0055,3/5,False,INCONCLUSIVE,Shape='FLAT' or too few usable fold curves (5).,1200
MEASURE_ET_DC_RF_Max_S11_Mag_L1018,FLAT,n/a,,,,,1.417,3/5,5,2.2214,2.2317,-0.464,0.0254,0.0138,2/5,False,INCONCLUSIVE,Shape='FLAT' or too few usable fold curves (5).,1200
MEASURE_ET_DC_SEC_S_Ig_cut3_mAmm_neg,FLAT,n/a,,,,,1.4021,5/5,5,2.2296,2.2339,-0.19,0.022,0.0182,0/5,False,INCONCLUSIVE,Shape='FLAT' or too few usable fold curves (5).,1200
MEASURE_ET_i5021_2,FLAT,n/a,,,,,1.4006,5/5,5,2.2442,2.2298,0.642,0.0065,0.0187,4/5,False,INCONCLUSIVE,Shape='FLAT' or too few usable fold curves (5).,1200
MEASURE_ET_DC_SEC_X_Id_plus_Ig_at_Vboff_mA_mm_FPSD3p2,FLAT,n/a,,,,,1.3965,1/5,5,2.2232,2.2143,0.397,0.0291,0.0372,3/5,False,INCONCLUSIVE,Shape='FLAT' or too few usable fold curves (5).,1200
VIA_GaN_Height_Ni_height,FLAT,n/a,,,,,1.3911,3/5,5,2.2481,2.2443,0.17,0.0037,0.0058,3/5,False,INCONCLUSIVE,Shape='FLAT' or too few usable fold curves (5).,1200
MEASURE_ET_DC_Diode_S11_dB_rev_9p5,SATURATION,positive,-8.602381,,-14.09 to -9.9,-16.09 to -14.29,1.3879,1/5,5,2.2633,2.2537,0.426,-0.0103,-0.007,3/5,False,INCONCLUSIVE,Shape reproduced in only 1/5 fold curves and out-of-fold R^2 is non-positive (-0.0070).,1200
TOPSIN_ET_DC_RF_Vt_gs,FLAT,n/a,,,,,1.3737,4/5,5,2.2321,2.2347,-0.118,0.0181,0.0152,2/5,False,INCONCLUSIVE,Shape='FLAT' or too few usable fold curves (5).,1200
MEASURE_ET_DC_SEC_X_Vg_at_I1_pos,FLAT,n/a,,,,,1.3713,4/5,5,2.2541,2.2546,-0.022,-0.0037,-0.007,3/5,False,INCONCLUSIVE,Shape='FLAT' or too few usable fold curves (5).,1200
MEASURE_ET_DC_SEC_X_Ig_cut2_mAmm_neg,FLAT,n/a,,,,,1.3563,4/5,5,2.2448,2.2378,0.314,0.007,0.0123,3/5,False,INCONCLUSIVE,Shape='FLAT' or too few usable fold curves (5).,1200
FIC_ET_DC_RF_Vbin_gs,FLAT,n/a,,,,,1.3534,5/5,5,2.2025,2.0907,5.072,0.04,0.1243,5/5,True,INCONCLUSIVE,Shape='FLAT' or too few usable fold curves (5).,1200
ANODE_ET_Rsh_an_ct2,FLAT,n/a,,,,,1.3492,4/5,5,2.2361,2.2223,0.619,0.0154,0.0282,4/5,False,INCONCLUSIVE,Shape='FLAT' or too few usable fold curves (5).,1200
MEASURE_ET_DC_RD_Id_Vbon_min,FLAT,n/a,,,,,1.3457,4/5,5,2.2416,2.2454,-0.171,0.0058,0.0032,2/5,False,INCONCLUSIVE,Shape='FLAT' or too few usable fold curves (5).,1200
MEASURE_ET_C100C300pf,FLAT,n/a,,,,,1.3413,4/5,5,2.2432,2.2247,0.827,0.0103,0.0269,4/5,False,INCONCLUSIVE,Shape='FLAT' or too few usable fold curves (5).,1200
MEASURE_ET_DC_RF_Vbin_gs,FLAT,n/a,,,,,1.333,5/5,5,2.1844,2.0672,5.365,0.0559,0.143,5/5,True,INCONCLUSIVE,Shape='FLAT' or too few usable fold curves (5).,1200
MEASURE_ET_DC_SEC_X_Id_mA_mm_at_Vg1_SD3p5,FLAT,n/a,,,,,1.331,5/5,5,2.2487,2.2488,-0.004,0.0026,0.0027,3/5,False,INCONCLUSIVE,Shape='FLAT' or too few usable fold curves (5).,1200
TOPSIN_ET_DC_RF_Vds_max_0p1,FLAT,n/a,,,,,1.3283,5/5,5,2.2592,2.2485,0.477,-0.0099,-0.0015,4/5,False,INCONCLUSIVE,Shape='FLAT' or too few usable fold curves (5).,1200
MEASURE_ET_DC_SEC_Vp_10mA,FLAT,n/a,,,,,1.3276,2/5,5,2.2567,2.2399,0.744,-0.005,0.0092,4/5,False,INCONCLUSIVE,Shape='FLAT' or too few usable fold curves (5).,1200
MEASURE_ET_C300pf,FLAT,n/a,,,,,1.3112,5/5,5,2.2609,2.2272,1.489,-0.0066,0.0207,4/5,True,INCONCLUSIVE,Shape='FLAT' or too few usable fold curves (5).,1200
MEASURE_ET_LT_SEC_Vbgd1_Vd8,FLAT,n/a,,,,,1.3083,2/5,5,2.2387,2.2189,0.882,0.0116,0.0269,4/5,False,INCONCLUSIVE,Shape='FLAT' or too few usable fold curves (5).,1200
MEASURE_ET_DC_SEC_X_Vg_at_I3_neg_FPSD3p2,FLAT,n/a,,,,,1.3079,4/5,5,2.2408,2.239,0.082,0.0104,0.0115,4/5,False,INCONCLUSIVE,Shape='FLAT' or too few usable fold curves (5).,1200
TOPSIN_ET_C300,FLAT,n/a,,,,,1.3033,3/5,5,2.2526,2.2286,1.063,0.001,0.023,4/5,True,INCONCLUSIVE,Shape='FLAT' or too few usable fold curves (5).,1200
MEASURE_ET_DC_SEC_X_Vp_1_mA_mm_second_FPSD3p2,FLAT,n/a,,,,,1.3013,5/5,5,2.2459,2.251,-0.226,0.0042,-0.0001,2/5,False,INCONCLUSIVE,Shape='FLAT' or too few usable fold curves (5).,1200
THIN_ET_DC_RF_Ids_m0p2,FLAT,n/a,,,,,1.3002,3/5,5,2.2234,2.2249,-0.065,0.0217,0.0201,3/5,False,INCONCLUSIVE,Shape='FLAT' or too few usable fold curves (5).,1200
TOPSIN_ET_Cap1pf_0,FLAT,n/a,,,,,1.2976,5/5,5,2.2442,2.2306,0.606,0.0082,0.0212,3/5,False,INCONCLUSIVE,Shape='FLAT' or too few usable fold curves (5).,1200
MEASURE_ET_DC_SEC_S_Id_mA_mm_at_Vg1_SD3p5,FLAT,n/a,,,,,1.2915,3/5,5,2.2333,2.2422,-0.396,0.0169,0.0084,0/5,False,INCONCLUSIVE,Shape='FLAT' or too few usable fold curves (5).,1200
THIN_Measure3GN_Thickness_after_etchback,FLAT,n/a,,,,,1.288,4/5,5,2.2628,2.2572,0.249,-0.0086,-0.006,3/5,False,INCONCLUSIVE,Shape='FLAT' or too few usable fold curves (5).,1200
TOPSIN_ET_DC_SMALL_Vg_max_Vd_0p1,FLAT,n/a,,,,,1.2872,5/5,5,2.2717,2.2632,0.374,-0.0194,-0.0124,3/5,False,INCONCLUSIVE,Shape='FLAT' or too few usable fold curves (5).,1200
TANR_M_Gauge_P_E_TaN,FLAT,n/a,,,,,1.2816,5/5,5,2.2465,2.2351,0.506,0.0066,0.0159,4/5,False,INCONCLUSIVE,Shape='FLAT' or too few usable fold curves (5).,1200
MEASURE_ET_DC_SEC_S_Ig_cut2_mAmm_pos_SD3p5,FLAT,n/a,,,,,1.2814,3/5,5,2.2471,2.2305,0.739,0.0043,0.019,5/5,False,INCONCLUSIVE,Shape='FLAT' or too few usable fold curves (5).,1200
FIC_ET_DC_RF_Vds_max_0p1mA,FLAT,n/a,,,,,1.2739,4/5,5,2.2275,2.2268,0.031,0.023,0.0239,3/5,False,INCONCLUSIVE,Shape='FLAT' or too few usable fold curves (5).,1200
MEASURE_ET_DC_SEC_Vp_1mA,THRESHOLD,positive,-1.063495,,-1.05 to -0.9154,-1.292 to -1.063,1.2674,1/5,5,2.2536,2.257,-0.148,-0.0025,-0.0045,1/5,False,INCONCLUSIVE,Shape reproduced in only 1/5 fold curves and out-of-fold R^2 is non-positive (-0.0045).,1200
MEASURE_ET_RF_Modeling_Rgd,FLAT,n/a,,,,,1.2672,3/5,5,2.2447,2.2464,-0.074,0.0084,0.0061,2/5,False,INCONCLUSIVE,Shape='FLAT' or too few usable fold curves (5).,1200
TOPSIN_ET_Load_Pull_Pout_W_mm_last,FLAT,n/a,,,,,1.2658,3/5,5,2.2396,2.2202,0.866,0.0114,0.0288,5/5,False,INCONCLUSIVE,Shape='FLAT' or too few usable fold curves (5).,1200
FIC_ET_DC_PIV_Ids1_QP2,FLAT,n/a,,,,,1.2557,4/5,5,2.2466,2.2376,0.401,0.0064,0.0151,4/5,False,INCONCLUSIVE,Shape='FLAT' or too few usable fold curves (5).,1200
MEASURE_ET_DC_Diode_Rs,FLAT,n/a,,,,,1.2523,4/5,5,2.2597,2.2488,0.485,-0.0066,0.0024,4/5,False,INCONCLUSIVE,Shape='FLAT' or too few usable fold curves (5).,1200
FIC_ET_G2_per_6K,FLAT,n/a,,,,,1.2433,3/5,5,2.2459,2.2415,0.197,0.0039,0.0073,3/5,False,INCONCLUSIVE,Shape='FLAT' or too few usable fold curves (5).,1200
TOPSIN_ET_R_f_tn_3,FLAT,n/a,,,,,1.2403,5/5,5,2.2523,2.2219,1.352,-0.0007,0.0248,3/5,False,INCONCLUSIVE,Shape='FLAT' or too few usable fold curves (5).,1200
MEASURE_ET_DC_SEC_X_Ron_FPSD3p2,FLAT,n/a,,,,,1.2374,5/5,5,2.2738,2.2389,1.531,-0.0206,0.0136,4/5,True,INCONCLUSIVE,Shape='FLAT' or too few usable fold curves (5).,1200
MEASURE_ET_DC_RD_S21ang_18GHz,FLAT,n/a,,,,,1.2372,3/5,5,2.2489,2.2461,0.125,0.0032,0.0031,3/5,False,INCONCLUSIVE,Shape='FLAT' or too few usable fold curves (5).,1200
SIN_ThicknessGN2_SiN_Thickness,FLAT,n/a,,,,,1.1996,5/5,5,2.2489,2.2465,0.106,0.0046,0.0064,2/5,False,INCONCLUSIVE,Shape='FLAT' or too few usable fold curves (5).,1200
THIN_ET_Vk,FLAT,n/a,,,,,1.1961,4/5,5,2.2438,2.2418,0.089,0.0047,0.0057,3/5,False,INCONCLUSIVE,Shape='FLAT' or too few usable fold curves (5).,1200
TOPSIN_ET_DC_SMALL_Vg_optt,FLAT,n/a,,,,,1.1951,5/5,5,2.2254,2.2191,0.281,0.0219,0.0256,3/5,False,INCONCLUSIVE,Shape='FLAT' or too few usable fold curves (5).,1200
TOPSIN_ET_DC_SMALL_Vp_1,THRESHOLD,positive,-0.795344,,-0.9341 to -0.802,-1.304 to -1.185,1.1937,0/5,5,2.2555,2.2603,-0.211,-0.0035,-0.0122,3/5,False,INCONCLUSIVE,Shape reproduced in only 0/5 fold curves and out-of-fold R^2 is non-positive (-0.0122).,1200
MEASURE_ET_RF_Modeling_Gds_err,FLAT,n/a,,,,,1.191,4/5,5,2.2544,2.242,0.55,-0.0008,0.0107,4/5,False,INCONCLUSIVE,Shape='FLAT' or too few usable fold curves (5).,1200
MEASURE_ET_LT_SEC_Vd_Id_min_Vd3,FLAT,n/a,,,,,1.1902,5/5,5,2.2639,2.26,0.17,-0.0115,-0.0075,3/5,False,INCONCLUSIVE,Shape='FLAT' or too few usable fold curves (5).,1200
MEASURE_ET_DC_Big_Vdg_max_0p1mA,FLAT,n/a,,,,,1.1854,5/5,5,2.2348,2.2295,0.234,0.0136,0.0189,4/5,False,INCONCLUSIVE,Shape='FLAT' or too few usable fold curves (5).,1200
FIC_ET_DC_RF_Vdg_max_0p1mA,FLAT,n/a,,,,,1.1824,2/5,5,2.2358,2.1958,1.791,0.0131,0.0475,5/5,True,INCONCLUSIVE,Shape='FLAT' or too few usable fold curves (5).,1200
BRGM_Height2_BRGM_Height2,FLAT,n/a,,,,,1.173,4/5,5,2.2466,2.2491,-0.113,0.006,0.0044,2/5,False,INCONCLUSIVE,Shape='FLAT' or too few usable fold curves (5).,1200
FIC_ET_R314,FLAT,n/a,,,,,1.1723,4/5,5,2.256,2.2387,0.764,-0.0027,0.0123,5/5,False,INCONCLUSIVE,Shape='FLAT' or too few usable fold curves (5).,1200
MEASURE_ET_DC_SMALL_n_gd,FLAT,n/a,,,,,1.1722,4/5,5,2.2457,2.2561,-0.465,0.0052,-0.0047,1/5,False,INCONCLUSIVE,Shape='FLAT' or too few usable fold curves (5).,1200
MEASURE_ET_DC_Diode_S21_dB_rev_9p5,FLAT,n/a,,,,,1.1716,3/5,5,2.2437,2.2482,-0.203,0.0082,0.0034,2/5,False,INCONCLUSIVE,Shape='FLAT' or too few usable fold curves (5).,1200
TOPSIN_ET_C100Cap3pf,FLAT,n/a,,,,,1.1636,5/5,5,2.2486,2.2198,1.282,0.0044,0.0307,5/5,True,INCONCLUSIVE,Shape='FLAT' or too few usable fold curves (5).,1200
MEASURE_ET_Load_Pull_Id_SS,FLAT,n/a,,,,,1.151,2/5,5,2.2498,2.2388,0.49,0.0026,0.0123,5/5,False,INCONCLUSIVE,Shape='FLAT' or too few usable fold curves (5).,1200
MEASURE_ET_DC_RF_S12dB_26GHz_W,FLAT,n/a,,,,,1.15,4/5,5,2.2592,2.2029,2.491,-0.0058,0.0453,5/5,True,INCONCLUSIVE,Shape='FLAT' or too few usable fold curves (5).,1200
MEASURE_ET_DC_RF_Ids_m0p2,FLAT,n/a,,,,,1.1453,3/5,5,2.2566,2.2294,1.207,-0.0036,0.0215,5/5,True,INCONCLUSIVE,Shape='FLAT' or too few usable fold curves (5).,1200
MEASURE_ET_sh_f_tn_23,FLAT,n/a,,,,,1.1422,3/5,5,2.2448,2.2414,0.152,0.0074,0.0108,4/5,False,INCONCLUSIVE,Shape='FLAT' or too few usable fold curves (5).,1200
MEASURE_ET_DC_SMALL_Vg_optt,FLAT,n/a,,,,,1.1409,4/5,5,2.2528,2.2468,0.266,-0.0006,0.0056,3/5,False,INCONCLUSIVE,Shape='FLAT' or too few usable fold curves (5).,1200
FIC_ET_DC_RF_Vp_01,FLAT,n/a,,,,,1.1368,2/5,5,2.2597,2.2608,-0.048,-0.0075,-0.0098,3/5,False,INCONCLUSIVE,Shape='FLAT' or too few usable fold curves (5).,1200
THIN_ET_R_660_HOR,FLAT,n/a,,,,,1.1363,4/5,5,2.2439,2.2442,-0.01,0.0084,0.0079,2/5,False,INCONCLUSIVE,Shape='FLAT' or too few usable fold curves (5).,1200
MEASURE_ET_RF_Modeling_S21_25G_Before,FLAT,n/a,,,,,1.1333,5/5,5,2.2328,2.2292,0.161,0.0204,0.0232,4/5,False,INCONCLUSIVE,Shape='FLAT' or too few usable fold curves (5).,1200
GATE2_CD_310nm_Gate_Leg_Length,FLAT,n/a,,,,,1.132,5/5,5,2.2534,2.2479,0.243,-0.0022,0.0032,4/5,False,INCONCLUSIVE,Shape='FLAT' or too few usable fold curves (5).,1200
CHRE_ET_Ids_Channel_recess_current,FLAT,n/a,,,,,1.1274,5/5,5,2.2546,2.2495,0.227,-0.0033,0.0018,4/5,False,INCONCLUSIVE,Shape='FLAT' or too few usable fold curves (5).,1200
MEASURE_ET_C175pf_0,FLAT,n/a,,,,,1.1248,3/5,5,2.2458,2.2367,0.404,0.0066,0.0145,4/5,False,INCONCLUSIVE,Shape='FLAT' or too few usable fold curves (5).,1200
SIN_ET_DC_RF_Id_gm_max,FLAT,n/a,,,,,1.1105,4/5,5,2.2538,2.246,0.345,-0.0009,0.0063,3/5,False,INCONCLUSIVE,Shape='FLAT' or too few usable fold curves (5).,1200
MEASURE_ET_RF_Modeling_Vg_Stress,FLAT,n/a,,,,,1.1035,5/5,5,2.2482,2.2484,-0.008,0.0025,0.0023,2/5,False,INCONCLUSIVE,Shape='FLAT' or too few usable fold curves (5).,1200
MEASURE_ET_DC_RD_Vg_Vbon_min,FLAT,n/a,,,,,1.1007,4/5,5,2.2538,2.258,-0.188,-0.0046,-0.0085,0/5,False,INCONCLUSIVE,Shape='FLAT' or too few usable fold curves (5).,1200
MEASURE_ET_DC_SEC_S_Id_mA_mm_at_Vg2,FLAT,n/a,,,,,1.1002,5/5,5,2.2446,2.2524,-0.344,0.0093,0.0021,1/5,False,INCONCLUSIVE,Shape='FLAT' or too few usable fold curves (5).,1200
MEASURE_ET_DC_SEC_S_Vg_at_I2_pos_FPSD3p2,FLAT,n/a,,,,,1.0945,4/5,5,2.2455,2.2615,-0.71,0.0065,-0.0126,1/5,False,INCONCLUSIVE,Shape='FLAT' or too few usable fold curves (5).,1200
SIN_Thickness2_SiN_Thickness,FLAT,n/a,,,,,1.0823,5/5,5,2.2377,2.2313,0.283,0.0148,0.0207,4/5,False,INCONCLUSIVE,Shape='FLAT' or too few usable fold curves (5).,1200
TOPSIN_ET_OHMC_GN,FLAT,n/a,,,,,1.0745,4/5,5,2.2397,2.24,-0.013,0.012,0.012,3/5,False,INCONCLUSIVE,Shape='FLAT' or too few usable fold curves (5).,1200
MEASURE_ET_R_f_tn_2,FLAT,n/a,,,,,1.073,4/5,5,2.2543,2.2436,0.476,-0.0014,0.0076,4/5,False,INCONCLUSIVE,Shape='FLAT' or too few usable fold curves (5).,1200
MEASURE_ET_DC_RF_MSG_10GHz,FLAT,n/a,,,,,1.0676,4/5,5,2.2455,2.2528,-0.324,0.0063,-0.001,1/5,False,INCONCLUSIVE,Shape='FLAT' or too few usable fold curves (5).,1200
MEASURE_ET_DC_SEC_X_Ig_cut2_mAmm_pos_FPSD3p2,FLAT,n/a,,,,,1.051,5/5,5,2.2277,2.225,0.123,0.0241,0.0265,3/5,False,INCONCLUSIVE,Shape='FLAT' or too few usable fold curves (5).,1200
MEASURE_ET_Probe_Number,FLAT,n/a,,,,,1.0488,4/5,5,2.2453,2.2314,0.62,0.0045,0.0174,5/5,False,INCONCLUSIVE,Shape='FLAT' or too few usable fold curves (5).,1200
MEASURE_ET_DC_RF_Max_S11_Ph_L1018,FLAT,n/a,,,,,1.04,4/5,5,2.2532,2.268,-0.659,-0.0009,-0.015,0/5,False,INCONCLUSIVE,Shape='FLAT' or too few usable fold curves (5).,1200
TOPSIN_ET_sh_f_hr_23,FLAT,n/a,,,,,1.0225,3/5,5,2.2635,2.2364,1.194,-0.0123,0.0133,4/5,True,INCONCLUSIVE,Shape='FLAT' or too few usable fold curves (5).,1200
MEASURE_ET_DC_RF_CF_S21_Mag_L1002,FLAT,n/a,,,,,1.0146,3/5,5,2.2536,2.2615,-0.352,-0.0018,-0.0092,1/5,False,INCONCLUSIVE,Shape='FLAT' or too few usable fold curves (5).,1200
THIN_ET_Rsh_cat_c2,FLAT,n/a,,,,,1.0054,5/5,5,2.2568,2.2406,0.716,-0.0038,0.0113,4/5,False,INCONCLUSIVE,Shape='FLAT' or too few usable fold curves (5).,1200
MEASURE_ET_Ran_con_3,FLAT,n/a,,,,,1.0042,5/5,5,2.2593,2.2592,0.003,-0.0072,-0.0072,3/5,False,INCONCLUSIVE,Shape='FLAT' or too few usable fold curves (5).,1200
FIC_ET_TANR,FLAT,n/a,,,,,0.9949,4/5,5,2.2358,2.2395,-0.165,0.015,0.0123,2/5,False,INCONCLUSIVE,Shape='FLAT' or too few usable fold curves (5).,1200
MEASURE_ET_RF_Modeling_MAG_25G_After,FLAT,n/a,,,,,0.9751,3/5,5,2.2653,2.257,0.367,-0.0115,-0.0044,4/5,False,INCONCLUSIVE,Shape='FLAT' or too few usable fold curves (5).,1200
FMESA_ET_Probe_Number,FLAT,n/a,,,,,0.9727,3/5,5,2.2464,2.2375,0.394,0.005,0.0134,4/5,False,INCONCLUSIVE,Shape='FLAT' or too few usable fold curves (5).,1200
MEASURE_ET_DC_SEC_S_Vg_at_I2_neg,FLAT,n/a,,,,,0.9668,4/5,5,2.2325,2.2305,0.089,0.0174,0.0192,3/5,False,INCONCLUSIVE,Shape='FLAT' or too few usable fold curves (5).,1200
ANODE_CD_Anode_CD_litho,FLAT,n/a,,,,,0.9617,5/5,5,2.2624,2.252,0.463,-0.0093,0.0002,4/5,False,INCONCLUSIVE,Shape='FLAT' or too few usable fold curves (5).,1200
MEASURE_ET_DC_SEC_X_Ig_cut3_mAmm_pos,FLAT,n/a,,,,,0.9586,3/5,5,2.258,2.2367,0.942,-0.0055,0.013,5/5,False,INCONCLUSIVE,Shape='FLAT' or too few usable fold curves (5).,1200
SIN_ThicknessGN2_RefractiveIndex,FLAT,n/a,,,,,0.9557,5/5,5,2.2478,2.2445,0.146,0.005,0.008,4/5,False,INCONCLUSIVE,Shape='FLAT' or too few usable fold curves (5).,1200
MEASURE_ET_DC_SEC_X_ChipStatus,FLAT,n/a,,,,,0.9454,4/5,5,2.2498,2.2482,0.072,0.002,0.0033,3/5,False,INCONCLUSIVE,Shape='FLAT' or too few usable fold curves (5).,1200
MEASURE_ET_DC_RF_MAG_26GHz_W,FLAT,n/a,,,,,0.9414,3/5,5,2.2451,2.2085,1.629,0.0065,0.0407,5/5,True,INCONCLUSIVE,Shape='FLAT' or too few usable fold curves (5).,1200
MEASURE_ET_Cap1pf,FLAT,n/a,,,,,0.9368,5/5,5,2.2515,2.252,-0.024,0.0017,0.001,2/5,False,INCONCLUSIVE,Shape='FLAT' or too few usable fold curves (5).,1200
MEASURE_ET_C100C385pf,FLAT,n/a,,,,,0.932,3/5,5,2.2539,2.2522,0.075,-0.0005,0.0011,2/5,False,INCONCLUSIVE,Shape='FLAT' or too few usable fold curves (5).,1200
FIC_ET_DC_RF_Vg_optt3,FLAT,n/a,,,,,0.9307,5/5,5,2.256,2.2782,-0.985,-0.003,-0.0254,1/5,False,INCONCLUSIVE,Shape='FLAT' or too few usable fold curves (5).,1200
TOPSIN_ET_DC_RF_Vdg_max,FLAT,n/a,,,,,0.9228,4/5,5,2.2573,2.2612,-0.171,-0.0043,-0.0088,2/5,False,INCONCLUSIVE,Shape='FLAT' or too few usable fold curves (5).,1200
BRIDGE_METAL_CD_BRGM_Final_metal_CD,FLAT,n/a,,,,,0.9226,4/5,5,2.2563,2.2503,0.267,-0.0035,0.0018,5/5,False,INCONCLUSIVE,Shape='FLAT' or too few usable fold curves (5).,1200
MEASURE_ET_DC_Big_Vp_01,FLAT,n/a,,,,,0.9141,3/5,5,2.2573,2.2734,-0.71,-0.0053,-0.021,0/5,False,INCONCLUSIVE,Shape='FLAT' or too few usable fold curves (5).,1200
MEASURE_ET_DC_SEC_Vt_gs,FLAT,n/a,,,,,0.9134,5/5,5,2.2547,2.2532,0.065,-0.0015,-0.0013,3/5,False,INCONCLUSIVE,Shape='FLAT' or too few usable fold curves (5).,1200
MEASURE_ET_sh_f_hr_23,FLAT,n/a,,,,,0.9104,4/5,5,2.2434,2.2501,-0.297,0.008,0.0021,1/5,False,INCONCLUSIVE,Shape='FLAT' or too few usable fold curves (5).,1200
FIC_ET_DC_PIV_Ids0_QP1,FLAT,n/a,,,,,0.8801,4/5,5,2.2598,2.2582,0.072,-0.0097,-0.0081,3/5,False,INCONCLUSIVE,Shape='FLAT' or too few usable fold curves (5).,1200
MEASURE_ET_DC_RD_MSG_35GHz,FLAT,n/a,,,,,0.8753,5/5,5,2.249,2.2365,0.555,0.0021,0.0134,5/5,False,INCONCLUSIVE,Shape='FLAT' or too few usable fold curves (5).,1200
MEASURE_ET_DC_SMALL_Vg_max_Vd_0p1,FLAT,n/a,,,,,0.8706,4/5,5,2.2589,2.2599,-0.046,-0.0067,-0.0069,2/5,False,INCONCLUSIVE,Shape='FLAT' or too few usable fold curves (5).,1200
MEASURE_ET_DC_SEC_S_Vp_1_mA_mm_second_SD3p5,FLAT,n/a,,,,,0.867,3/5,5,2.2563,2.2527,0.157,-0.0049,-0.0016,4/5,False,INCONCLUSIVE,Shape='FLAT' or too few usable fold curves (5).,1200
MEASURE_ET_Cap_USV,FLAT,n/a,,,,,0.8624,4/5,5,2.2557,2.2611,-0.239,-0.0005,-0.0057,2/5,False,INCONCLUSIVE,Shape='FLAT' or too few usable fold curves (5).,1200
ANODE_ET_Ran_con_2,FLAT,n/a,,,,,0.8462,3/5,5,2.2441,2.2398,0.192,0.0071,0.0117,3/5,False,INCONCLUSIVE,Shape='FLAT' or too few usable fold curves (5).,1200
THIN_ET_DC_RF_Vt_gs,FLAT,n/a,,,,,0.8432,3/5,5,2.2606,2.2447,0.703,-0.0073,0.0089,3/5,False,INCONCLUSIVE,Shape='FLAT' or too few usable fold curves (5).,1200
GATE2_CD_358nm_Gate_Win_Length,FLAT,n/a,,,,,0.8249,5/5,5,2.2615,2.2525,0.396,-0.0083,-0.0006,5/5,False,INCONCLUSIVE,Shape='FLAT' or too few usable fold curves (5).,1200
MEASURE_ET_DC_SEC_S_Ids_max_SD3p5,FLAT,n/a,,,,,0.817,3/5,5,2.2537,2.2493,0.196,-0.0011,0.0027,4/5,False,INCONCLUSIVE,Shape='FLAT' or too few usable fold curves (5).,1200
MEASURE_ET_DC_RF_Vt_gd,FLAT,n/a,,,,,0.8132,3/5,5,2.2616,2.2563,0.234,-0.0069,-0.0071,3/5,False,INCONCLUSIVE,Shape='FLAT' or too few usable fold curves (5).,1200
SIN_Thickness1_SiN_Thickness_1st,FLAT,n/a,,,,,0.8118,5/5,5,2.2595,2.2612,-0.074,-0.0061,-0.0085,3/5,False,INCONCLUSIVE,Shape='FLAT' or too few usable fold curves (5).,1200
TOPSIN_ET_DC_PIV_Ids0_QP1,FLAT,n/a,,,,,0.8102,4/5,5,2.2576,2.2445,0.581,-0.0046,0.0076,3/5,False,INCONCLUSIVE,Shape='FLAT' or too few usable fold curves (5).,1200
MEASURE_ET_F_AB,FLAT,n/a,,,,,0.8096,3/5,5,2.2592,2.25,0.41,-0.0057,0.0052,3/5,False,INCONCLUSIVE,Shape='FLAT' or too few usable fold curves (5).,1200
TOPSIN_ET_Load_Pull_Id_SS,FLAT,n/a,,,,,0.8093,3/5,5,2.2591,2.2535,0.249,-0.0049,0.0004,3/5,False,INCONCLUSIVE,Shape='FLAT' or too few usable fold curves (5).,1200
TOPSIN_ET_DC_SMALL_n_gs,FLAT,n/a,,,,,0.7724,5/5,5,2.2529,2.249,0.175,-0.0005,0.0028,4/5,False,INCONCLUSIVE,Shape='FLAT' or too few usable fold curves (5).,1200
THIN_ET_Rsh_an_ct2_OW_CR,FLAT,n/a,,,,,0.766,3/5,5,2.2584,2.2625,-0.179,-0.0057,-0.0104,3/5,False,INCONCLUSIVE,Shape='FLAT' or too few usable fold curves (5).,1200
THIN_Measure1GN_Thickness_after_bonding,FLAT,n/a,,,,,0.7631,5/5,5,2.2515,2.2536,-0.092,0.0015,-0.0007,2/5,False,INCONCLUSIVE,Shape='FLAT' or too few usable fold curves (5).,1200
GATE2_CD_358nm_Gate_Leg_Length,FLAT,n/a,,,,,0.7624,5/5,5,2.2574,2.2576,-0.009,-0.004,-0.0045,2/5,False,INCONCLUSIVE,Shape='FLAT' or too few usable fold curves (5).,1200
MEASURE_ET_DC_RD_S22dB_18GHz,FLAT,n/a,,,,,0.7501,5/5,5,2.254,2.2675,-0.598,-0.0009,-0.0148,3/5,False,INCONCLUSIVE,Shape='FLAT' or too few usable fold curves (5).,1200
TOPSIN_ET_C385pf,FLAT,n/a,,,,,0.7412,3/5,5,2.2586,2.2528,0.255,-0.005,0.0,3/5,False,INCONCLUSIVE,Shape='FLAT' or too few usable fold curves (5).,1200
MEASURE_ET_R_4000_VER,FLAT,n/a,,,,,0.7364,1/5,5,2.2501,2.2503,-0.008,0.0019,0.0016,3/5,False,INCONCLUSIVE,Shape='FLAT' or too few usable fold curves (5).,1200
MEASURE_ET_DC_SEC_S_Vboff_Id_SD3p5,FLAT,n/a,,,,,0.7364,5/5,5,2.2386,2.2448,-0.276,0.0126,0.0069,0/5,False,INCONCLUSIVE,Shape='FLAT' or too few usable fold curves (5).,1200
MEASURE_ET_RF_Modeling_K,THRESHOLD,negative,24.888876,,22.9 to 24.57,24.78 to 27.09,0.7264,0/5,5,2.258,2.2654,-0.328,-0.0051,-0.0172,3/5,False,INCONCLUSIVE,Shape reproduced in only 0/5 fold curves and out-of-fold R^2 is non-positive (-0.0172).,1200
MEASURE_ET_DC_SEC_X_Ig_mAmm_at_Vg_cond_neg_FPSD3p2,FLAT,n/a,,,,,0.7256,5/5,5,2.2547,2.2601,-0.241,-0.002,-0.0077,2/5,False,INCONCLUSIVE,Shape='FLAT' or too few usable fold curves (5).,1200
MEASURE_ET_DC_SEC_X_Id_mA_mm_at_Vg2,FLAT,n/a,,,,,0.7222,5/5,5,2.258,2.2636,-0.248,-0.0053,-0.0102,1/5,False,INCONCLUSIVE,Shape='FLAT' or too few usable fold curves (5).,1200
BRGM_ET_Probe_Number,FLAT,n/a,,,,,0.715,5/5,5,2.2458,2.252,-0.275,0.0027,-0.0025,2/5,False,INCONCLUSIVE,Shape='FLAT' or too few usable fold curves (5).,1200
FIC_ET_Ids_m2,FLAT,n/a,,,,,0.7148,5/5,5,2.2585,2.2541,0.195,-0.0077,-0.0032,3/5,False,INCONCLUSIVE,Shape='FLAT' or too few usable fold curves (5).,1200
MEASURE_ET_DC_SEC_S_Id_plus_Ig_at_Vboff_mA_mm,FLAT,n/a,,,,,0.7035,5/5,5,2.2578,2.2654,-0.338,-0.0047,-0.0124,2/5,False,INCONCLUSIVE,Shape='FLAT' or too few usable fold curves (5).,1200
MEASURE_ET_DC_RF2_S12ang_26GHz,FLAT,n/a,,,,,0.6938,4/5,5,2.2404,2.2501,-0.433,0.0122,0.0033,2/5,False,INCONCLUSIVE,Shape='FLAT' or too few usable fold curves (5).,1200
SIN_GATE_ET_RGAN3,FLAT,n/a,,,,,0.6567,3/5,5,2.2594,2.2654,-0.266,-0.006,-0.0131,3/5,False,INCONCLUSIVE,Shape='FLAT' or too few usable fold curves (5).,1200
MEASURE_ET_OHMC,SATURATION,negative,104.539963,,99.32 to 104.1,93.67 to 99.04,0.6478,1/5,5,2.2539,2.2548,-0.039,-0.0009,-0.002,2/5,False,INCONCLUSIVE,Shape reproduced in only 1/5 fold curves and out-of-fold R^2 is non-positive (-0.0020).,1200
MEASURE_ET_DC_RF_S11ang_26GHz,FLAT,n/a,,,,,0.6316,3/5,5,2.2507,2.2512,-0.022,0.0021,0.0009,3/5,False,INCONCLUSIVE,Shape='FLAT' or too few usable fold curves (5).,1200
MEASURE_ET_DC_SEC_S_Ig_mAmm_at_Vg_cond_pos_SD3p5,FLAT,n/a,,,,,0.624,3/5,5,2.2594,2.2573,0.092,-0.0063,-0.0044,4/5,False,INCONCLUSIVE,Shape='FLAT' or too few usable fold curves (5).,1200
GATE2_CD_310nm_Gate_Win_Length,FLAT,n/a,,,,,0.6236,5/5,5,2.2532,2.2458,0.328,-0.0023,0.0048,5/5,False,INCONCLUSIVE,Shape='FLAT' or too few usable fold curves (5).,1200
WIN_CD_WIN_CD,FLAT,n/a,,,,,0.6205,5/5,5,2.2639,2.2577,0.275,-0.0108,-0.0051,3/5,False,INCONCLUSIVE,Shape='FLAT' or too few usable fold curves (5).,1200
VIA_GaN_Measure4GN_Final_GaN_thickness,FLAT,n/a,,,,,0.6165,3/5,5,2.2504,2.253,-0.117,0.002,-0.0026,3/5,False,INCONCLUSIVE,Shape='FLAT' or too few usable fold curves (5).,1200
THIN_ET_Rsh_TF_AB2,FLAT,n/a,,,,,0.6015,4/5,5,2.2563,2.2474,0.396,-0.0035,0.0039,4/5,False,INCONCLUSIVE,Shape='FLAT' or too few usable fold curves (5).,1200
SIN_GATE_ET_Rsh_an_ct2,FLAT,n/a,,,,,0.6011,5/5,5,2.2583,2.2511,0.319,-0.0052,0.0014,5/5,False,INCONCLUSIVE,Shape='FLAT' or too few usable fold curves (5).,1200
THIN_ET_C_CAT_2_OW_ST,FLAT,n/a,,,,,0.5969,3/5,5,2.2571,2.2585,-0.062,-0.0046,-0.0058,3/5,False,INCONCLUSIVE,Shape='FLAT' or too few usable fold curves (5).,1200
MEASURE_ET_DC_RD_MSG_18GHz,FLAT,n/a,,,,,0.5966,5/5,5,2.2523,2.2446,0.342,0.0007,0.0071,3/5,False,INCONCLUSIVE,Shape='FLAT' or too few usable fold curves (5).,1200
THIN_Measure2_Thickness_after_grinding,FLAT,n/a,,,,,0.5901,4/5,5,2.2585,2.2597,-0.051,-0.0059,-0.0071,1/5,False,INCONCLUSIVE,Shape='FLAT' or too few usable fold curves (5).,1200
SIN_ET_DC_RF_Vdg_max,FLAT,n/a,,,,,0.5867,4/5,5,2.2565,2.2506,0.262,-0.0037,0.0029,4/5,False,INCONCLUSIVE,Shape='FLAT' or too few usable fold curves (5).,1200
MEASURE_ET_G_per_6K,FLAT,n/a,,,,,0.581,5/5,5,2.2547,2.2512,0.151,-0.0018,0.0008,3/5,False,INCONCLUSIVE,Shape='FLAT' or too few usable fold curves (5).,1200
MEASURE_ET_DC_SEC_S_Vg_at_I2_pos_SD3p5,FLAT,n/a,,,,,0.5774,5/5,5,2.2572,2.2604,-0.143,-0.0041,-0.0069,2/5,False,INCONCLUSIVE,Shape='FLAT' or too few usable fold curves (5).,1200
THIN_ET_Rsh_cat_c2_OW_ST,FLAT,n/a,,,,,0.5732,5/5,5,2.2573,2.2556,0.076,-0.0045,-0.0031,4/5,False,INCONCLUSIVE,Shape='FLAT' or too few usable fold curves (5).,1200
TOPSIN_ET_DC_SMALL_Vg_max_Vd,THRESHOLD,positive,45.358447,,45.67 to 49.17,42.37 to 45.46,0.5704,1/5,5,2.2526,2.257,-0.198,-0.0006,-0.0037,2/5,False,INCONCLUSIVE,Shape reproduced in only 1/5 fold curves and out-of-fold R^2 is non-positive (-0.0037).,1200
TOPSIN_ET_KLV_F_AB_4u_FEMSO,FLAT,n/a,,,,,0.5698,5/5,5,2.2587,2.2614,-0.121,-0.0054,-0.0074,3/5,False,INCONCLUSIVE,Shape='FLAT' or too few usable fold curves (5).,1200
THIN_Measure4_Wafer_thickness_final,FLAT,n/a,,,,,0.5607,4/5,5,2.246,2.247,-0.045,0.0062,0.0043,3/5,False,INCONCLUSIVE,Shape='FLAT' or too few usable fold curves (5).,1200
MEASURE_ET_RF_Modeling_Cds_err,FLAT,n/a,,,,,0.5594,3/5,5,2.2448,2.2435,0.056,0.0074,0.0084,3/5,False,INCONCLUSIVE,Shape='FLAT' or too few usable fold curves (5).,1200
ANODE_ET_Ran_con_1_OW_CR,FLAT,n/a,,,,,0.5476,4/5,5,2.2441,2.2479,-0.166,0.0086,0.0055,0/5,False,INCONCLUSIVE,Shape='FLAT' or too few usable fold curves (5).,1200
MEASURE_ET_DC_SEC_X_Bin_SD3p5,FLAT,n/a,,,,,0.5372,5/5,5,2.2586,2.2625,-0.176,-0.0053,-0.0086,1/5,False,INCONCLUSIVE,Shape='FLAT' or too few usable fold curves (5).,1200
TOPSIN_ET_DC_PIV_Ids1_QP2,FLAT,n/a,,,,,0.5358,3/5,5,2.2513,2.2458,0.244,0.0013,0.0069,3/5,False,INCONCLUSIVE,Shape='FLAT' or too few usable fold curves (5).,1200
MEASURE_ET_DC_RD_Id_Vbon_max,FLAT,n/a,,,,,0.5341,5/5,5,2.2499,2.2475,0.106,0.0031,0.0051,4/5,False,INCONCLUSIVE,Shape='FLAT' or too few usable fold curves (5).,1200
MEASURE_ET_R_4000_HOR,FLAT,n/a,,,,,0.5023,5/5,5,2.2555,2.2541,0.066,-0.003,-0.0009,4/5,False,INCONCLUSIVE,Shape='FLAT' or too few usable fold curves (5).,1200
SIN_GATE_ET_sh_GA142_GN,FLAT,n/a,,,,,0.4913,5/5,5,2.2461,2.2473,-0.051,0.0057,0.0045,1/5,False,INCONCLUSIVE,Shape='FLAT' or too few usable fold curves (5).,1200
MEASURE_ET_DC_RF_Id_Vbon_max,FLAT,n/a,,,,,0.4858,5/5,5,2.2561,2.258,-0.084,-0.0032,-0.0058,3/5,False,INCONCLUSIVE,Shape='FLAT' or too few usable fold curves (5).,1200
MEASURE_ET_RF_Modeling_Delta_MAG_25G,FLAT,n/a,,,,,0.4806,4/5,5,2.2614,2.2653,-0.173,-0.0075,-0.0109,1/5,False,INCONCLUSIVE,Shape='FLAT' or too few usable fold curves (5).,1200
MEASURE_ET_LT_SEC_Vg_Id_min_Vd7,FLAT,n/a,,,,,0.4786,4/5,5,2.2562,2.2639,-0.343,-0.0035,-0.0088,4/5,False,INCONCLUSIVE,Shape='FLAT' or too few usable fold curves (5).,1200
OHMIC_CD_Ohmic_CD_litho,FLAT,n/a,,,,,0.4675,3/5,5,2.2585,2.2569,0.071,-0.0052,-0.0038,2/5,False,INCONCLUSIVE,Shape='FLAT' or too few usable fold curves (5).,1200
CHRE_CD_Channel_recess_CD,FLAT,n/a,,,,,0.4582,5/5,5,2.2643,2.265,-0.032,-0.0107,-0.0118,3/5,False,INCONCLUSIVE,Shape='FLAT' or too few usable fold curves (5).,1200
MEASURE_ET_DC_Big_K,FLAT,n/a,,,,,0.4496,4/5,5,2.2558,2.2557,0.002,-0.0032,-0.0027,4/5,False,INCONCLUSIVE,Shape='FLAT' or too few usable fold curves (5).,1200
MEASURE_ET_DC_SEC_S_Id_mA_mm_at_Vg2_FPSD3p2,FLAT,n/a,,,,,0.4341,4/5,5,2.2543,2.2493,0.222,-0.0012,0.0033,4/5,False,INCONCLUSIVE,Shape='FLAT' or too few usable fold curves (5).,1200
GATE2_CD_330nm_Gate_Leg_Length,FLAT,n/a,,,,,0.4323,5/5,5,2.2504,2.2508,-0.02,0.0019,0.0013,3/5,False,INCONCLUSIVE,Shape='FLAT' or too few usable fold curves (5).,1200
BRGM_Cd_Metal_BRGM_Final_metal_CD,FLAT,n/a,,,,,0.4318,5/5,5,2.2575,2.25,0.332,-0.0053,0.0017,5/5,False,INCONCLUSIVE,Shape='FLAT' or too few usable fold curves (5).,1200
MEASURE_ET_DC_Diode_S11_dB_forw,FLAT,n/a,,,,,0.4277,5/5,5,2.2569,2.2493,0.336,-0.004,0.0009,3/5,False,INCONCLUSIVE,Shape='FLAT' or too few usable fold curves (5).,1200
MEASURE_ET_DC_SEC_S_Vboff_Id_FPSD3p2,FLAT,n/a,,,,,0.4223,3/5,5,2.2561,2.2611,-0.219,-0.0031,-0.008,0/5,False,INCONCLUSIVE,Shape='FLAT' or too few usable fold curves (5).,1200
TOPSIN_ET_Load_Pull_Pout_Last,FLAT,n/a,,,,,0.4204,3/5,5,2.2584,2.2668,-0.371,-0.0053,-0.0149,3/5,False,INCONCLUSIVE,Shape='FLAT' or too few usable fold curves (5).,1200
TOPSIN_ThicknessGN_RefractiveIndex,FLAT,n/a,,,,,0.2091,5/5,5,2.252,2.2568,-0.213,0.001,-0.0035,1/5,False,INCONCLUSIVE,Shape='FLAT' or too few usable fold curves (5).,1200
TOPSIN_ET_G_per_6K,FLAT,n/a,,,,,0.1611,5/5,5,2.2566,2.2585,-0.082,-0.0037,-0.0054,4/5,False,INCONCLUSIVE,Shape='FLAT' or too few usable fold curves (5).,1200
MEASURE_ET_DC_SEC_X_Ig_mAmm_at_Vg_cond_pos,FLAT,n/a,,,,,0.0908,3/5,5,2.2587,2.2632,-0.2,-0.0065,-0.0106,2/5,False,INCONCLUSIVE,Shape='FLAT' or too few usable fold curves (5).,1200
BRGM_Cd_Litho_BRGM_litho_CD,FLAT,n/a,,,,,0.0869,4/5,5,2.2583,2.2592,-0.037,-0.0054,-0.0057,3/5,False,INCONCLUSIVE,Shape='FLAT' or too few usable fold curves (5).,1200
SIN_CAPACITOR_ThicknessGN1_RefractiveIndex,FLAT,n/a,,,,,0.0853,5/5,5,2.2546,2.261,-0.285,-0.0015,-0.0078,1/5,False,INCONCLUSIVE,Shape='FLAT' or too few usable fold curves (5).,1200
SIN_GATE_ET_Ran_con_3,FLAT,n/a,,,,,0.0298,5/5,5,2.2564,2.26,-0.162,-0.0034,-0.0068,2/5,False,INCONCLUSIVE,Shape='FLAT' or too few usable fold curves (5).,1200
MEASURE_ET_Rsh_cat_c2_OW_ST,FLAT,n/a,,,,,0.0292,4/5,5,2.2555,2.2609,-0.239,-0.0031,-0.0071,2/5,False,INCONCLUSIVE,Shape='FLAT' or too few usable fold curves (5).,1200
MEASURE_ET_DC_PIV_Ids1_QP3,FLAT,n/a,,,,,0.0287,5/5,5,2.2638,2.2636,0.009,-0.0096,-0.0099,3/5,False,INCONCLUSIVE,Shape='FLAT' or too few usable fold curves (5).,1200
FIN_CD1_CD_PL_FIN,FLAT,n/a,,,,,0.0268,5/5,5,2.2567,2.2569,-0.013,-0.0037,-0.0042,3/5,False,INCONCLUSIVE,Shape='FLAT' or too few usable fold curves (5).,1200
FIC_ET_DC_RF_Vdg_max,FLAT,n/a,,,,,0.0233,5/5,5,2.2581,2.2563,0.08,-0.0052,-0.0034,4/5,False,INCONCLUSIVE,Shape='FLAT' or too few usable fold curves (5).,1200
MEASURE_ET_R514,FLAT,n/a,,,,,0.0227,4/5,5,2.258,2.2603,-0.1,-0.005,-0.0066,2/5,False,INCONCLUSIVE,Shape='FLAT' or too few usable fold curves (5).,1200
MEASURE_ET_Vbkdn_C385pf,FLAT,n/a,,,,,0.0219,4/5,5,2.2577,2.2582,-0.023,-0.0049,-0.005,2/5,False,INCONCLUSIVE,Shape='FLAT' or too few usable fold curves (5).,1200
GATE2_CD_HPA_CB_Gate_Win_Length,FLAT,n/a,,,,,0.0213,4/5,5,2.2571,2.2608,-0.162,-0.0041,-0.0071,2/5,False,INCONCLUSIVE,Shape='FLAT' or too few usable fold curves (5).,1200
MEASURE_ET_C_AN_2,FLAT,n/a,,,,,0.0168,4/5,5,2.2567,2.2665,-0.431,-0.0039,-0.0138,1/5,False,INCONCLUSIVE,Shape='FLAT' or too few usable fold curves (5).,1200
GATE2_CD_Gate_Win_Length,FLAT,n/a,,,,,0.0137,5/5,5,2.2588,2.2565,0.104,-0.0059,-0.0036,3/5,False,INCONCLUSIVE,Shape='FLAT' or too few usable fold curves (5).,1200
MEASURE_ET_DC_SEC_S_Vboff_Id_plus_Ig,FLAT,n/a,,,,,0.0135,5/5,5,2.2587,2.2598,-0.045,-0.0057,-0.0062,4/5,False,INCONCLUSIVE,Shape='FLAT' or too few usable fold curves (5).,1200
MEASURE_ET_DC_SEC_S_Ig_mAmm_at_Vg_cond_pos,FLAT,n/a,,,,,0.0133,5/5,5,2.2572,2.2563,0.04,-0.0044,-0.0035,2/5,False,INCONCLUSIVE,Shape='FLAT' or too few usable fold curves (5).,1200
TOPSIN_ET_C450pf,FLAT,n/a,,,,,0.0124,5/5,5,2.2616,2.2597,0.084,-0.0079,-0.0062,4/5,False,INCONCLUSIVE,Shape='FLAT' or too few usable fold curves (5).,1200
MEASURE_ET_LT_SEC_Id_min_mA_mm_Vd3,FLAT,n/a,,,,,0.0103,4/5,5,2.2686,2.2694,-0.034,-0.0149,-0.0156,4/5,False,INCONCLUSIVE,Shape='FLAT' or too few usable fold curves (5).,1200
EBCR2_CD_2_EBCR_cd_etch,FLAT,n/a,,,,,0.0075,4/5,5,2.258,2.263,-0.225,-0.0048,-0.009,2/5,False,INCONCLUSIVE,Shape='FLAT' or too few usable fold curves (5).,1200
