parameter_A,parameter_B,parameter_C,channels,lower_order_cv_rmse,full_3way_cv_rmse,incremental_rmse_improvement_pct,lower_order_cv_r2,full_3way_cv_r2,incremental_r2,fold_reproducibility,high_yield_joint_condition,low_yield_joint_condition,evidence_label,reason
TOPSIN_ET_Cap3pf,TOPSIN_ET_CapFICM1,TOPSIN_ET_Load_Pull_Id_ini,a_chaining_confirmed_pairs,2.2143,2.1532,2.758,0.0244,0.0808,0.0564,5/5,"TOPSIN_ET_Cap3pf=low, TOPSIN_ET_CapFICM1=low, TOPSIN_ET_Load_Pull_Id_ini=high","TOPSIN_ET_Cap3pf=low, TOPSIN_ET_CapFICM1=low, TOPSIN_ET_Load_Pull_Id_ini=low",STRONG,"Full 3-way model beat lower-order in 5/5 folds (unanimous), incremental R^2=0.0564."
ANODE_ET_Rc_an_ct2_OW_CR,MEASURE_ET_Vbkdn_Cap100,TOPSIN_ET_C100Cap1pf,a_chaining_confirmed_pairs,2.1477,2.1117,1.677,0.0823,0.1169,0.0346,5/5,"ANODE_ET_Rc_an_ct2_OW_CR=low, MEASURE_ET_Vbkdn_Cap100=low, TOPSIN_ET_C100Cap1pf=low","ANODE_ET_Rc_an_ct2_OW_CR=high, MEASURE_ET_Vbkdn_Cap100=low, TOPSIN_ET_C100Cap1pf=low",STRONG,"Full 3-way model beat lower-order in 5/5 folds (unanimous), incremental R^2=0.0346."
ANODE_ET_Rc_an_ct2_OW_CR,THIN_ET_R_4000_HOR,TOPSIN_ET_C100Cap1pf,a_chaining_confirmed_pairs,2.1185,2.097,1.018,0.1129,0.1306,0.0177,5/5,"ANODE_ET_Rc_an_ct2_OW_CR=low, THIN_ET_R_4000_HOR=high, TOPSIN_ET_C100Cap1pf=low","ANODE_ET_Rc_an_ct2_OW_CR=low, THIN_ET_R_4000_HOR=high, TOPSIN_ET_C100Cap1pf=high",STRONG,"Full 3-way model beat lower-order in 5/5 folds (unanimous), incremental R^2=0.0177."
ANODE_ET_Rc_an_ct2_OW_CR,TOPSIN_ET_C100Cap1pf,TOPSIN_ET_R_f_hr_3,a_chaining_confirmed_pairs,2.1088,2.0864,1.065,0.1221,0.1413,0.0192,5/5,"ANODE_ET_Rc_an_ct2_OW_CR=low, TOPSIN_ET_C100Cap1pf=low, TOPSIN_ET_R_f_hr_3=high","ANODE_ET_Rc_an_ct2_OW_CR=high, TOPSIN_ET_C100Cap1pf=low, TOPSIN_ET_R_f_hr_3=high",STRONG,"Full 3-way model beat lower-order in 5/5 folds (unanimous), incremental R^2=0.0192."
CATHODE_ET_Rcat_cn_3_OW_ST,MEASURE_ET_LT_SEC_Ileak_m5p5V_mA_mm,THIN_ET_lkg_100_at20V,a_chaining_confirmed_pairs,2.1047,2.0837,0.999,0.1261,0.1448,0.0187,5/5,"CATHODE_ET_Rcat_cn_3_OW_ST=low, MEASURE_ET_LT_SEC_Ileak_m5p5V_mA_mm=high, THIN_ET_lkg_100_at20V=low","CATHODE_ET_Rcat_cn_3_OW_ST=high, MEASURE_ET_LT_SEC_Ileak_m5p5V_mA_mm=high, THIN_ET_lkg_100_at20V=high",STRONG,"Full 3-way model beat lower-order in 5/5 folds (unanimous), incremental R^2=0.0187."
THIN_ET_DC_RF_Vg_optt3,THIN_ET_lkg_100_at20V,TOPSIN_ET_lkg_Cap3,a_chaining_confirmed_pairs,2.0877,2.0611,1.276,0.1393,0.161,0.0218,5/5,"THIN_ET_DC_RF_Vg_optt3=high, THIN_ET_lkg_100_at20V=low, TOPSIN_ET_lkg_Cap3=high","THIN_ET_DC_RF_Vg_optt3=high, THIN_ET_lkg_100_at20V=high, TOPSIN_ET_lkg_Cap3=high",STRONG,"Full 3-way model beat lower-order in 5/5 folds (unanimous), incremental R^2=0.0218."
THIN_ET_Rc_TF_AB_2,THIN_ET_lkg_100_at20V,TOPSIN_ET_lkg_SY8_80,a_chaining_confirmed_pairs,2.1015,2.0828,0.891,0.1247,0.1404,0.0157,5/5,"THIN_ET_Rc_TF_AB_2=low, THIN_ET_lkg_100_at20V=low, TOPSIN_ET_lkg_SY8_80=high","THIN_ET_Rc_TF_AB_2=high, THIN_ET_lkg_100_at20V=high, TOPSIN_ET_lkg_SY8_80=high",STRONG,"Full 3-way model beat lower-order in 5/5 folds (unanimous), incremental R^2=0.0157."
THIN_ET_Rcat_cn_1,THIN_ET_lkg_100_at20V,TOPSIN_ET_lkg_SY8_80,a_chaining_confirmed_pairs,2.1224,2.1077,0.692,0.1132,0.1257,0.0125,5/5,"THIN_ET_Rcat_cn_1=high, THIN_ET_lkg_100_at20V=low, TOPSIN_ET_lkg_SY8_80=high","THIN_ET_Rcat_cn_1=high, THIN_ET_lkg_100_at20V=high, TOPSIN_ET_lkg_SY8_80=high",STRONG,"Full 3-way model beat lower-order in 5/5 folds (unanimous), incremental R^2=0.0125."
THIN_ET_Rcat_cn_3,THIN_ET_lkg_100_at20V,TOPSIN_ET_lkg_SY8_80,a_chaining_confirmed_pairs,2.0815,2.0619,0.942,0.1382,0.156,0.0178,5/5,"THIN_ET_Rcat_cn_3=high, THIN_ET_lkg_100_at20V=low, TOPSIN_ET_lkg_SY8_80=high","THIN_ET_Rcat_cn_3=high, THIN_ET_lkg_100_at20V=high, TOPSIN_ET_lkg_SY8_80=high",STRONG,"Full 3-way model beat lower-order in 5/5 folds (unanimous), incremental R^2=0.0178."
THIN_ET_lkg_100_at20V,TOPSIN_ET_CapFICM1,TOPSIN_ET_lkg_Cap3,a_chaining_confirmed_pairs,2.1046,2.0831,1.021,0.1228,0.1407,0.018,5/5,"THIN_ET_lkg_100_at20V=low, TOPSIN_ET_CapFICM1=high, TOPSIN_ET_lkg_Cap3=high","THIN_ET_lkg_100_at20V=high, TOPSIN_ET_CapFICM1=low, TOPSIN_ET_lkg_Cap3=high",STRONG,"Full 3-way model beat lower-order in 5/5 folds (unanimous), incremental R^2=0.0180."
THIN_ET_lkg_100_at20V,TOPSIN_ET_CapFICM1,TOPSIN_ET_lkg_CapFICM1,a_chaining_confirmed_pairs,2.1236,2.0778,2.158,0.11,0.1478,0.0378,5/5,"THIN_ET_lkg_100_at20V=low, TOPSIN_ET_CapFICM1=low, TOPSIN_ET_lkg_CapFICM1=high","THIN_ET_lkg_100_at20V=high, TOPSIN_ET_CapFICM1=high, TOPSIN_ET_lkg_CapFICM1=low",STRONG,"Full 3-way model beat lower-order in 5/5 folds (unanimous), incremental R^2=0.0378."
SIN_CAPACITOR_ThicknessGN1_SiN_Thickness,TOPSIN_ET_Cap3pf,TOPSIN_ET_Load_Pull_Id_ini,a_chaining_confirmed_pairs,2.2211,2.1353,3.861,0.0222,0.0971,0.0749,5/5,"SIN_CAPACITOR_ThicknessGN1_SiN_Thickness=low, TOPSIN_ET_Cap3pf=low, TOPSIN_ET_Load_Pull_Id_ini=high","SIN_CAPACITOR_ThicknessGN1_SiN_Thickness=low, TOPSIN_ET_Cap3pf=low, TOPSIN_ET_Load_Pull_Id_ini=low",STRONG,"Full 3-way model beat lower-order in 5/5 folds (unanimous), incremental R^2=0.0749."
SIN_GATE_ET_lkg_5,THIN_ET_TF_AB_2,THIN_ET_lkg_5,c_residual_conditional_structure,2.1106,2.1,0.505,0.1175,0.127,0.0095,5/5,"SIN_GATE_ET_lkg_5=low, THIN_ET_TF_AB_2=high, THIN_ET_lkg_5=high","SIN_GATE_ET_lkg_5=high, THIN_ET_TF_AB_2=high, THIN_ET_lkg_5=high",STRONG,"Full 3-way model beat lower-order in 5/5 folds (unanimous), incremental R^2=0.0095."
SIN_GATE_ET_lkg_5,TOPSIN_ET_C100CapUSV,TOPSIN_ET_lkg_CapFICM1,c_residual_conditional_structure,2.1216,2.0445,3.632,0.0993,0.1697,0.0704,5/5,"SIN_GATE_ET_lkg_5=high, TOPSIN_ET_C100CapUSV=low, TOPSIN_ET_lkg_CapFICM1=low","SIN_GATE_ET_lkg_5=high, TOPSIN_ET_C100CapUSV=low, TOPSIN_ET_lkg_CapFICM1=high",STRONG,"Full 3-way model beat lower-order in 5/5 folds (unanimous), incremental R^2=0.0704."
SIN_GATE_ET_lkg_5,TOPSIN_ET_CapFICM1,TOPSIN_ET_lkg_CapFICM1,c_residual_conditional_structure,2.1202,2.1001,0.948,0.1103,0.1279,0.0176,5/5,"SIN_GATE_ET_lkg_5=low, TOPSIN_ET_CapFICM1=low, TOPSIN_ET_lkg_CapFICM1=high","SIN_GATE_ET_lkg_5=high, TOPSIN_ET_CapFICM1=low, TOPSIN_ET_lkg_CapFICM1=high",STRONG,"Full 3-way model beat lower-order in 5/5 folds (unanimous), incremental R^2=0.0176."
TFRP_ET_Rc_TF_AB_2,THIN_ET_lkg_100_at20V,TOPSIN_ET_lkg_SY8_80,a_chaining_confirmed_pairs,2.1416,2.1262,0.723,0.094,0.108,0.014,5/5,"TFRP_ET_Rc_TF_AB_2=high, THIN_ET_lkg_100_at20V=low, TOPSIN_ET_lkg_SY8_80=high","TFRP_ET_Rc_TF_AB_2=low, THIN_ET_lkg_100_at20V=high, TOPSIN_ET_lkg_SY8_80=low",STRONG,"Full 3-way model beat lower-order in 5/5 folds (unanimous), incremental R^2=0.0140."
THIN_ET_C200_0,TOPSIN_ET_C300,TOPSIN_ET_lkg_CapFICM1,a_chaining_confirmed_pairs,2.1479,2.1345,0.624,0.0865,0.0989,0.0124,5/5,"THIN_ET_C200_0=low, TOPSIN_ET_C300=high, TOPSIN_ET_lkg_CapFICM1=low","THIN_ET_C200_0=low, TOPSIN_ET_C300=low, TOPSIN_ET_lkg_CapFICM1=high",STRONG,"Full 3-way model beat lower-order in 5/5 folds (unanimous), incremental R^2=0.0124."
CATHODE_ET_Rcat_cn_3_OW_ST,MEASURE_ET_lkg_10,THIN_ET_lkg_100_at20V,a_chaining_confirmed_pairs,2.1094,2.092,0.825,0.1249,0.1392,0.0144,5/5,"CATHODE_ET_Rcat_cn_3_OW_ST=low, MEASURE_ET_lkg_10=low, THIN_ET_lkg_100_at20V=low","CATHODE_ET_Rcat_cn_3_OW_ST=high, MEASURE_ET_lkg_10=high, THIN_ET_lkg_100_at20V=high",STRONG,"Full 3-way model beat lower-order in 5/5 folds (unanimous), incremental R^2=0.0144."
CATHODE_ET_Rcat_cn_3_OW_ST,THIN_ET_lkg_100_at20V,TOPSIN_ET_lkg_SY8_80,a_chaining_confirmed_pairs,2.1126,2.0885,1.138,0.1214,0.141,0.0196,5/5,"CATHODE_ET_Rcat_cn_3_OW_ST=low, THIN_ET_lkg_100_at20V=low, TOPSIN_ET_lkg_SY8_80=high","CATHODE_ET_Rcat_cn_3_OW_ST=low, THIN_ET_lkg_100_at20V=high, TOPSIN_ET_lkg_SY8_80=low",STRONG,"Full 3-way model beat lower-order in 5/5 folds (unanimous), incremental R^2=0.0196."
EBCR2_Ali_Litho_Gate_to_ohmic_alignment,MEASURE_ET_DC_RF_Id_Vbon_min,TOPSIN_ET_lkg_C450pf,a_chaining_confirmed_pairs,2.0665,2.0484,0.878,0.1608,0.1761,0.0153,5/5,"EBCR2_Ali_Litho_Gate_to_ohmic_alignment=high, MEASURE_ET_DC_RF_Id_Vbon_min=high, TOPSIN_ET_lkg_C450pf=low","EBCR2_Ali_Litho_Gate_to_ohmic_alignment=high, MEASURE_ET_DC_RF_Id_Vbon_min=low, TOPSIN_ET_lkg_C450pf=high",STRONG,"Full 3-way model beat lower-order in 5/5 folds (unanimous), incremental R^2=0.0153."
EBCR2_Ali_Litho_Gate_to_ohmic_alignment,MEASURE_ET_LT_SEC_Ileak_m5p5V_mA_mm,THIN_ET_lkg_100_at20V,a_chaining_confirmed_pairs,2.06,2.0342,1.25,0.1601,0.1807,0.0206,5/5,"EBCR2_Ali_Litho_Gate_to_ohmic_alignment=low, MEASURE_ET_LT_SEC_Ileak_m5p5V_mA_mm=high, THIN_ET_lkg_100_at20V=low","EBCR2_Ali_Litho_Gate_to_ohmic_alignment=high, MEASURE_ET_LT_SEC_Ileak_m5p5V_mA_mm=high, THIN_ET_lkg_100_at20V=high",STRONG,"Full 3-way model beat lower-order in 5/5 folds (unanimous), incremental R^2=0.0206."
EBCR2_Ali_Litho_Gate_to_ohmic_alignment,MEASURE_ET_Rc_OG142_GN,TOPSIN_ET_lkg_C450pf,a_chaining_confirmed_pairs,2.0594,2.0392,0.98,0.1625,0.1781,0.0155,5/5,"EBCR2_Ali_Litho_Gate_to_ohmic_alignment=low, MEASURE_ET_Rc_OG142_GN=low, TOPSIN_ET_lkg_C450pf=low","EBCR2_Ali_Litho_Gate_to_ohmic_alignment=high, MEASURE_ET_Rc_OG142_GN=high, TOPSIN_ET_lkg_C450pf=high",STRONG,"Full 3-way model beat lower-order in 5/5 folds (unanimous), incremental R^2=0.0155."
EBCR2_Ali_Litho_Gate_to_ohmic_alignment,MEASURE_ET_Rc_cat_ct2_OW_ST,TOPSIN_ET_lkg_C450pf,a_chaining_confirmed_pairs,2.0725,2.0584,0.683,0.1521,0.1645,0.0124,5/5,"EBCR2_Ali_Litho_Gate_to_ohmic_alignment=low, MEASURE_ET_Rc_cat_ct2_OW_ST=low, TOPSIN_ET_lkg_C450pf=low","EBCR2_Ali_Litho_Gate_to_ohmic_alignment=high, MEASURE_ET_Rc_cat_ct2_OW_ST=high, TOPSIN_ET_lkg_C450pf=high",STRONG,"Full 3-way model beat lower-order in 5/5 folds (unanimous), incremental R^2=0.0124."
EBCR2_Ali_Litho_Gate_to_ohmic_alignment,MEASURE_ET_lkg_10,THIN_ET_lkg_100_at20V,a_chaining_confirmed_pairs,2.0574,2.0216,1.739,0.163,0.1944,0.0314,5/5,"EBCR2_Ali_Litho_Gate_to_ohmic_alignment=low, MEASURE_ET_lkg_10=low, THIN_ET_lkg_100_at20V=high","EBCR2_Ali_Litho_Gate_to_ohmic_alignment=high, MEASURE_ET_lkg_10=high, THIN_ET_lkg_100_at20V=high",STRONG,"Full 3-way model beat lower-order in 5/5 folds (unanimous), incremental R^2=0.0314."
MEASURE_ET_lkg_C300pf,THIN_ET_TF_AB_2,THIN_ET_lkg_5,a_chaining_confirmed_pairs,2.1751,2.1465,1.316,0.0643,0.0886,0.0243,5/5,"MEASURE_ET_lkg_C300pf=low, THIN_ET_TF_AB_2=high, THIN_ET_lkg_5=high","MEASURE_ET_lkg_C300pf=low, THIN_ET_TF_AB_2=low, THIN_ET_lkg_5=high",STRONG,"Full 3-way model beat lower-order in 5/5 folds (unanimous), incremental R^2=0.0243."
MEASURE_ET_lkg_C385pf,TOPSIN_ET_C100CapUSV,TOPSIN_ET_lkg_CapFICM1,c_residual_conditional_structure,2.1546,2.0942,2.803,0.0746,0.1303,0.0557,5/5,"MEASURE_ET_lkg_C385pf=high, TOPSIN_ET_C100CapUSV=low, TOPSIN_ET_lkg_CapFICM1=low","MEASURE_ET_lkg_C385pf=high, TOPSIN_ET_C100CapUSV=low, TOPSIN_ET_lkg_CapFICM1=high",STRONG,"Full 3-way model beat lower-order in 5/5 folds (unanimous), incremental R^2=0.0557."
MEASURE_ET_lkg_Cap_USV,THIN_ET_TF_AB_2,THIN_ET_lkg_5,a_chaining_confirmed_pairs,2.1404,2.1182,1.038,0.0934,0.1134,0.02,5/5,"MEASURE_ET_lkg_Cap_USV=low, THIN_ET_TF_AB_2=high, THIN_ET_lkg_5=high","MEASURE_ET_lkg_Cap_USV=high, THIN_ET_TF_AB_2=high, THIN_ET_lkg_5=high",STRONG,"Full 3-way model beat lower-order in 5/5 folds (unanimous), incremental R^2=0.0200."
MEASURE_ET_lkg_Cap_USV,THIN_ET_lkg_100_at20V,TOPSIN_ET_lkg_Cap3,a_chaining_confirmed_pairs,2.1564,2.0961,2.797,0.081,0.1306,0.0495,5/5,"MEASURE_ET_lkg_Cap_USV=high, THIN_ET_lkg_100_at20V=low, TOPSIN_ET_lkg_Cap3=high","MEASURE_ET_lkg_Cap_USV=high, THIN_ET_lkg_100_at20V=high, TOPSIN_ET_lkg_Cap3=high",STRONG,"Full 3-way model beat lower-order in 5/5 folds (unanimous), incremental R^2=0.0495."
MEASURE_ET_lkg_USV_Cap,THIN_ET_TF_AB_2,THIN_ET_lkg_5,a_chaining_confirmed_pairs,2.1409,2.1194,1.008,0.0933,0.1117,0.0184,5/5,"MEASURE_ET_lkg_USV_Cap=low, THIN_ET_TF_AB_2=high, THIN_ET_lkg_5=high","MEASURE_ET_lkg_USV_Cap=high, THIN_ET_TF_AB_2=high, THIN_ET_lkg_5=high",STRONG,"Full 3-way model beat lower-order in 5/5 folds (unanimous), incremental R^2=0.0184."
OHMIC_ET_Rc_an_ct2,THIN_ET_lkg_100_at20V,TOPSIN_ET_lkg_SY8_80,a_chaining_confirmed_pairs,2.1115,2.096,0.736,0.1174,0.1304,0.0131,5/5,"OHMIC_ET_Rc_an_ct2=low, THIN_ET_lkg_100_at20V=low, TOPSIN_ET_lkg_SY8_80=low","OHMIC_ET_Rc_an_ct2=high, THIN_ET_lkg_100_at20V=high, TOPSIN_ET_lkg_SY8_80=high",STRONG,"Full 3-way model beat lower-order in 5/5 folds (unanimous), incremental R^2=0.0131."
MEASURE_ET_lkg_70_at20V,MEASURE_ET_lkg_C300,THIN_ET_TF_AB_2,a_chaining_confirmed_pairs,2.1761,2.1419,1.572,0.0659,0.0949,0.029,5/5,"MEASURE_ET_lkg_70_at20V=high, MEASURE_ET_lkg_C300=low, THIN_ET_TF_AB_2=high","MEASURE_ET_lkg_70_at20V=high, MEASURE_ET_lkg_C300=low, THIN_ET_TF_AB_2=low",STRONG,"Full 3-way model beat lower-order in 5/5 folds (unanimous), incremental R^2=0.0290."
MEASURE_ET_lkg_C300,MEASURE_ET_lkg_Cap_USV,THIN_ET_TF_AB_2,a_chaining_confirmed_pairs,2.149,2.1221,1.255,0.0868,0.1088,0.022,5/5,"MEASURE_ET_lkg_C300=low, MEASURE_ET_lkg_Cap_USV=low, THIN_ET_TF_AB_2=low","MEASURE_ET_lkg_C300=high, MEASURE_ET_lkg_Cap_USV=high, THIN_ET_TF_AB_2=high",STRONG,"Full 3-way model beat lower-order in 5/5 folds (unanimous), incremental R^2=0.0220."
MEASURE_ET_lkg_C300,MEASURE_ET_lkg_USV_Cap,THIN_ET_TF_AB_2,a_chaining_confirmed_pairs,2.135,2.1033,1.483,0.1001,0.1256,0.0255,5/5,"MEASURE_ET_lkg_C300=high, MEASURE_ET_lkg_USV_Cap=low, THIN_ET_TF_AB_2=high","MEASURE_ET_lkg_C300=high, MEASURE_ET_lkg_USV_Cap=high, THIN_ET_TF_AB_2=high",STRONG,"Full 3-way model beat lower-order in 5/5 folds (unanimous), incremental R^2=0.0255."
MEASURE_ET_lkg_C300,THIN_ET_TF_AB_2,THIN_ET_lkg_5,a_chaining_confirmed_pairs,2.1604,2.1211,1.818,0.0789,0.1109,0.0321,5/5,"MEASURE_ET_lkg_C300=low, THIN_ET_TF_AB_2=high, THIN_ET_lkg_5=high","MEASURE_ET_lkg_C300=low, THIN_ET_TF_AB_2=low, THIN_ET_lkg_5=high",STRONG,"Full 3-way model beat lower-order in 5/5 folds (unanimous), incremental R^2=0.0321."
MEASURE_ET_lkg_C300,THIN_ET_TF_AB_2,TOPSIN_ET_lkg_SY07_10,a_chaining_confirmed_pairs,2.1215,2.0702,2.42,0.1106,0.1522,0.0416,5/5,"MEASURE_ET_lkg_C300=high, THIN_ET_TF_AB_2=high, TOPSIN_ET_lkg_SY07_10=low","MEASURE_ET_lkg_C300=high, THIN_ET_TF_AB_2=high, TOPSIN_ET_lkg_SY07_10=high",STRONG,"Full 3-way model beat lower-order in 5/5 folds (unanimous), incremental R^2=0.0416."
EBCR2_Ali_Litho_Gate_to_ohmic_alignment,SIN_GATE_ET_Rc_an_ct2,TOPSIN_ET_lkg_C450pf,a_chaining_confirmed_pairs,2.0497,2.028,1.063,0.1745,0.192,0.0175,5/5,"EBCR2_Ali_Litho_Gate_to_ohmic_alignment=low, SIN_GATE_ET_Rc_an_ct2=low, TOPSIN_ET_lkg_C450pf=low","EBCR2_Ali_Litho_Gate_to_ohmic_alignment=high, SIN_GATE_ET_Rc_an_ct2=high, TOPSIN_ET_lkg_C450pf=high",STRONG,"Full 3-way model beat lower-order in 5/5 folds (unanimous), incremental R^2=0.0175."
EBCR2_Ali_Litho_Gate_to_ohmic_alignment,THIN_ET_Rcat_cn_3,TOPSIN_ET_lkg_C450pf,a_chaining_confirmed_pairs,2.0327,2.0078,1.225,0.1809,0.2,0.0191,5/5,"EBCR2_Ali_Litho_Gate_to_ohmic_alignment=low, THIN_ET_Rcat_cn_3=low, TOPSIN_ET_lkg_C450pf=low","EBCR2_Ali_Litho_Gate_to_ohmic_alignment=high, THIN_ET_Rcat_cn_3=high, TOPSIN_ET_lkg_C450pf=high",STRONG,"Full 3-way model beat lower-order in 5/5 folds (unanimous), incremental R^2=0.0191."
EBCR2_Ali_Litho_Gate_to_ohmic_alignment,THIN_ET_lkg_100_at20V,TOPSIN_ET_lkg_C450pf,a_chaining_confirmed_pairs,2.0793,2.0447,1.664,0.1455,0.1764,0.0309,5/5,"EBCR2_Ali_Litho_Gate_to_ohmic_alignment=high, THIN_ET_lkg_100_at20V=low, TOPSIN_ET_lkg_C450pf=low","EBCR2_Ali_Litho_Gate_to_ohmic_alignment=high, THIN_ET_lkg_100_at20V=high, TOPSIN_ET_lkg_C450pf=high",STRONG,"Full 3-way model beat lower-order in 5/5 folds (unanimous), incremental R^2=0.0309."
EBCR2_Ali_Litho_Gate_to_ohmic_alignment,THIN_ET_lkg_100_at20V,TOPSIN_ET_lkg_Cap3,a_chaining_confirmed_pairs,2.0269,1.9934,1.653,0.1881,0.2137,0.0256,5/5,"EBCR2_Ali_Litho_Gate_to_ohmic_alignment=low, THIN_ET_lkg_100_at20V=high, TOPSIN_ET_lkg_Cap3=low","EBCR2_Ali_Litho_Gate_to_ohmic_alignment=high, THIN_ET_lkg_100_at20V=high, TOPSIN_ET_lkg_Cap3=high",STRONG,"Full 3-way model beat lower-order in 5/5 folds (unanimous), incremental R^2=0.0256."
FIC_ET_Rc_f_hr_23,MEASURE_ET_LT_SEC_Ileak_m5p5V_mA_mm,THIN_ET_lkg_100_at20V,a_chaining_confirmed_pairs,2.0971,2.0741,1.099,0.1291,0.1466,0.0175,5/5,"FIC_ET_Rc_f_hr_23=high, MEASURE_ET_LT_SEC_Ileak_m5p5V_mA_mm=high, THIN_ET_lkg_100_at20V=low","FIC_ET_Rc_f_hr_23=high, MEASURE_ET_LT_SEC_Ileak_m5p5V_mA_mm=high, THIN_ET_lkg_100_at20V=high",STRONG,"Full 3-way model beat lower-order in 5/5 folds (unanimous), incremental R^2=0.0175."
FIC_ET_Rc_f_hr_23,MEASURE_ET_lkg_10,THIN_ET_lkg_100_at20V,a_chaining_confirmed_pairs,2.1023,2.0747,1.314,0.1268,0.1493,0.0225,5/5,"FIC_ET_Rc_f_hr_23=high, MEASURE_ET_lkg_10=high, THIN_ET_lkg_100_at20V=low","FIC_ET_Rc_f_hr_23=high, MEASURE_ET_lkg_10=high, THIN_ET_lkg_100_at20V=high",STRONG,"Full 3-way model beat lower-order in 5/5 folds (unanimous), incremental R^2=0.0225."
MEASURE_ET_lkg_10,TFRP_ET_Rc_TF_AB_2,THIN_ET_lkg_100_at20V,a_chaining_confirmed_pairs,2.1396,2.1104,1.367,0.0956,0.1203,0.0248,5/5,"MEASURE_ET_lkg_10=low, TFRP_ET_Rc_TF_AB_2=high, THIN_ET_lkg_100_at20V=high","MEASURE_ET_lkg_10=high, TFRP_ET_Rc_TF_AB_2=high, THIN_ET_lkg_100_at20V=high",STRONG,"Full 3-way model beat lower-order in 5/5 folds (unanimous), incremental R^2=0.0248."
MEASURE_ET_lkg_10,THIN_ET_DC_RF_Vg_optt3,THIN_ET_lkg_100_at20V,a_chaining_confirmed_pairs,2.1129,2.0811,1.508,0.1217,0.1478,0.0261,5/5,"MEASURE_ET_lkg_10=high, THIN_ET_DC_RF_Vg_optt3=low, THIN_ET_lkg_100_at20V=low","MEASURE_ET_lkg_10=high, THIN_ET_DC_RF_Vg_optt3=high, THIN_ET_lkg_100_at20V=high",STRONG,"Full 3-way model beat lower-order in 5/5 folds (unanimous), incremental R^2=0.0261."
MEASURE_ET_lkg_10,THIN_ET_Rc_TF_AB_2,THIN_ET_lkg_100_at20V,a_chaining_confirmed_pairs,2.1034,2.0752,1.341,0.1245,0.1481,0.0236,5/5,"MEASURE_ET_lkg_10=high, THIN_ET_Rc_TF_AB_2=high, THIN_ET_lkg_100_at20V=low","MEASURE_ET_lkg_10=high, THIN_ET_Rc_TF_AB_2=high, THIN_ET_lkg_100_at20V=high",STRONG,"Full 3-way model beat lower-order in 5/5 folds (unanimous), incremental R^2=0.0236."
MEASURE_ET_lkg_10,THIN_ET_Rc_cat_ct2,THIN_ET_lkg_100_at20V,a_chaining_confirmed_pairs,2.125,2.1018,1.089,0.1076,0.1282,0.0207,5/5,"MEASURE_ET_lkg_10=high, THIN_ET_Rc_cat_ct2=high, THIN_ET_lkg_100_at20V=low","MEASURE_ET_lkg_10=high, THIN_ET_Rc_cat_ct2=high, THIN_ET_lkg_100_at20V=high",STRONG,"Full 3-way model beat lower-order in 5/5 folds (unanimous), incremental R^2=0.0207."
MEASURE_ET_lkg_10,THIN_ET_Rcat_cn_1,THIN_ET_lkg_100_at20V,a_chaining_confirmed_pairs,2.1241,2.0877,1.712,0.1117,0.1421,0.0303,5/5,"MEASURE_ET_lkg_10=high, THIN_ET_Rcat_cn_1=high, THIN_ET_lkg_100_at20V=low","MEASURE_ET_lkg_10=high, THIN_ET_Rcat_cn_1=high, THIN_ET_lkg_100_at20V=high",STRONG,"Full 3-way model beat lower-order in 5/5 folds (unanimous), incremental R^2=0.0303."
MEASURE_ET_lkg_10,THIN_ET_lkg_100_at20V,TOPSIN_ET_CapFICM1,a_chaining_confirmed_pairs,2.1297,2.1088,0.985,0.1059,0.124,0.0181,5/5,"MEASURE_ET_lkg_10=high, THIN_ET_lkg_100_at20V=low, TOPSIN_ET_CapFICM1=low","MEASURE_ET_lkg_10=high, THIN_ET_lkg_100_at20V=high, TOPSIN_ET_CapFICM1=low",STRONG,"Full 3-way model beat lower-order in 5/5 folds (unanimous), incremental R^2=0.0181."
MEASURE_ET_lkg_10,THIN_ET_lkg_100_at20V,TOPSIN_ET_lkg_Cap3,a_chaining_confirmed_pairs,2.159,2.0786,3.727,0.0791,0.1453,0.0663,5/5,"MEASURE_ET_lkg_10=low, THIN_ET_lkg_100_at20V=low, TOPSIN_ET_lkg_Cap3=high","MEASURE_ET_lkg_10=high, THIN_ET_lkg_100_at20V=high, TOPSIN_ET_lkg_Cap3=high",STRONG,"Full 3-way model beat lower-order in 5/5 folds (unanimous), incremental R^2=0.0663."
MEASURE_ET_lkg_10,THIN_ET_lkg_100_at20V,TOPSIN_ET_lkg_SY8_80,a_chaining_confirmed_pairs,2.161,2.1174,2.016,0.0809,0.1162,0.0353,5/5,"MEASURE_ET_lkg_10=high, THIN_ET_lkg_100_at20V=low, TOPSIN_ET_lkg_SY8_80=high","MEASURE_ET_lkg_10=low, THIN_ET_lkg_100_at20V=high, TOPSIN_ET_lkg_SY8_80=low",STRONG,"Full 3-way model beat lower-order in 5/5 folds (unanimous), incremental R^2=0.0353."
MEASURE_ET_lkg_50,MEASURE_ET_lkg_C300,THIN_ET_TF_AB_2,a_chaining_confirmed_pairs,2.1602,2.123,1.726,0.0784,0.1099,0.0315,5/5,"MEASURE_ET_lkg_50=high, MEASURE_ET_lkg_C300=low, THIN_ET_TF_AB_2=high","MEASURE_ET_lkg_50=high, MEASURE_ET_lkg_C300=high, THIN_ET_TF_AB_2=high",STRONG,"Full 3-way model beat lower-order in 5/5 folds (unanimous), incremental R^2=0.0315."
FIC_ET_Rc_f_tn_23,MEASURE_ET_lkg_10,THIN_ET_lkg_100_at20V,a_chaining_confirmed_pairs,2.0828,2.0449,1.821,0.1435,0.1753,0.0317,5/5,"FIC_ET_Rc_f_tn_23=high, MEASURE_ET_lkg_10=high, THIN_ET_lkg_100_at20V=low","FIC_ET_Rc_f_tn_23=high, MEASURE_ET_lkg_10=high, THIN_ET_lkg_100_at20V=high",STRONG,"Full 3-way model beat lower-order in 5/5 folds (unanimous), incremental R^2=0.0317."
MEASURE_ET_ABVIETCH,MEASURE_ET_DC_RF2_S22dB_26GHz,MEASURE_ET_lkg_50_at20V,b_tree_path_cooccurrence,2.1311,2.1136,0.82,0.1042,0.1189,0.0147,5/5,"MEASURE_ET_ABVIETCH=high, MEASURE_ET_DC_RF2_S22dB_26GHz=low, MEASURE_ET_lkg_50_at20V=low","MEASURE_ET_ABVIETCH=low, MEASURE_ET_DC_RF2_S22dB_26GHz=high, MEASURE_ET_lkg_50_at20V=high",STRONG,"Full 3-way model beat lower-order in 5/5 folds (unanimous), incremental R^2=0.0147."
MEASURE_ET_C100C300pf,MEASURE_ET_C300pf,TOPSIN_ET_lkg_CapFICM1,a_chaining_confirmed_pairs,2.0982,2.0778,0.971,0.1311,0.1496,0.0186,5/5,"MEASURE_ET_C100C300pf=low, MEASURE_ET_C300pf=low, TOPSIN_ET_lkg_CapFICM1=low","MEASURE_ET_C100C300pf=high, MEASURE_ET_C300pf=low, TOPSIN_ET_lkg_CapFICM1=high",STRONG,"Full 3-way model beat lower-order in 5/5 folds (unanimous), incremental R^2=0.0186."
MEASURE_ET_C100C300pf,TOPSIN_ET_C100CapUSV,TOPSIN_ET_lkg_CapFICM1,a_chaining_confirmed_pairs,2.0966,2.0707,1.239,0.1293,0.153,0.0237,5/5,"MEASURE_ET_C100C300pf=low, TOPSIN_ET_C100CapUSV=high, TOPSIN_ET_lkg_CapFICM1=high","MEASURE_ET_C100C300pf=high, TOPSIN_ET_C100CapUSV=low, TOPSIN_ET_lkg_CapFICM1=high",STRONG,"Full 3-way model beat lower-order in 5/5 folds (unanimous), incremental R^2=0.0237."
MEASURE_ET_C100C300pf,TOPSIN_ET_C300,TOPSIN_ET_lkg_CapFICM1,a_chaining_confirmed_pairs,2.0978,2.081,0.803,0.1308,0.1449,0.0141,5/5,"MEASURE_ET_C100C300pf=low, TOPSIN_ET_C300=high, TOPSIN_ET_lkg_CapFICM1=high","MEASURE_ET_C100C300pf=high, TOPSIN_ET_C300=high, TOPSIN_ET_lkg_CapFICM1=high",STRONG,"Full 3-way model beat lower-order in 5/5 folds (unanimous), incremental R^2=0.0141."
MEASURE_ET_Rc_an_ct2,MEASURE_ET_lkg_10,THIN_ET_lkg_100_at20V,a_chaining_confirmed_pairs,2.0942,2.0572,1.766,0.1334,0.1639,0.0306,5/5,"MEASURE_ET_Rc_an_ct2=low, MEASURE_ET_lkg_10=low, THIN_ET_lkg_100_at20V=low","MEASURE_ET_Rc_an_ct2=high, MEASURE_ET_lkg_10=high, THIN_ET_lkg_100_at20V=high",STRONG,"Full 3-way model beat lower-order in 5/5 folds (unanimous), incremental R^2=0.0306."
MEASURE_ET_Rc_an_ct2,THIN_ET_lkg_100_at20V,TOPSIN_ET_lkg_SY8_80,a_chaining_confirmed_pairs,2.0885,2.0565,1.53,0.1378,0.164,0.0261,5/5,"MEASURE_ET_Rc_an_ct2=high, THIN_ET_lkg_100_at20V=low, TOPSIN_ET_lkg_SY8_80=high","MEASURE_ET_Rc_an_ct2=high, THIN_ET_lkg_100_at20V=high, TOPSIN_ET_lkg_SY8_80=high",STRONG,"Full 3-way model beat lower-order in 5/5 folds (unanimous), incremental R^2=0.0261."
MEASURE_ET_Rcat_cn_2,MEASURE_ET_lkg_10,THIN_ET_lkg_100_at20V,a_chaining_confirmed_pairs,2.123,2.0997,1.097,0.113,0.1317,0.0187,5/5,"MEASURE_ET_Rcat_cn_2=high, MEASURE_ET_lkg_10=high, THIN_ET_lkg_100_at20V=low","MEASURE_ET_Rcat_cn_2=high, MEASURE_ET_lkg_10=high, THIN_ET_lkg_100_at20V=high",STRONG,"Full 3-way model beat lower-order in 5/5 folds (unanimous), incremental R^2=0.0187."
MEASURE_ET_Rcat_cn_3,MEASURE_ET_lkg_10,THIN_ET_lkg_100_at20V,a_chaining_confirmed_pairs,2.1083,2.0714,1.746,0.1241,0.1546,0.0305,5/5,"MEASURE_ET_Rcat_cn_3=high, MEASURE_ET_lkg_10=high, THIN_ET_lkg_100_at20V=low","MEASURE_ET_Rcat_cn_3=high, MEASURE_ET_lkg_10=high, THIN_ET_lkg_100_at20V=high",STRONG,"Full 3-way model beat lower-order in 5/5 folds (unanimous), incremental R^2=0.0305."
MEASURE_ET_lkg_10,MEASURE_ET_lkg_Cap_USV,THIN_ET_lkg_100_at20V,a_chaining_confirmed_pairs,2.1757,2.1281,2.189,0.0667,0.1055,0.0389,5/5,"MEASURE_ET_lkg_10=high, MEASURE_ET_lkg_Cap_USV=low, THIN_ET_lkg_100_at20V=low","MEASURE_ET_lkg_10=high, MEASURE_ET_lkg_Cap_USV=high, THIN_ET_lkg_100_at20V=high",STRONG,"Full 3-way model beat lower-order in 5/5 folds (unanimous), incremental R^2=0.0389."
MEASURE_ET_lkg_10,OHMIC_ET_Rc_an_ct2,THIN_ET_lkg_100_at20V,a_chaining_confirmed_pairs,2.1115,2.0833,1.339,0.1178,0.1411,0.0233,5/5,"MEASURE_ET_lkg_10=high, OHMIC_ET_Rc_an_ct2=high, THIN_ET_lkg_100_at20V=low","MEASURE_ET_lkg_10=high, OHMIC_ET_Rc_an_ct2=high, THIN_ET_lkg_100_at20V=high",STRONG,"Full 3-way model beat lower-order in 5/5 folds (unanimous), incremental R^2=0.0233."
MEASURE_ET_lkg_10,SIN_GATE_ET_Rc_an_ct2,THIN_ET_lkg_100_at20V,a_chaining_confirmed_pairs,2.0956,2.0622,1.593,0.1386,0.1653,0.0266,5/5,"MEASURE_ET_lkg_10=high, SIN_GATE_ET_Rc_an_ct2=high, THIN_ET_lkg_100_at20V=low","MEASURE_ET_lkg_10=high, SIN_GATE_ET_Rc_an_ct2=high, THIN_ET_lkg_100_at20V=high",STRONG,"Full 3-way model beat lower-order in 5/5 folds (unanimous), incremental R^2=0.0266."
MEASURE_ET_LT_SEC_Ileak_m7V_mA_mm,MEASURE_ET_lkg_C300,THIN_ET_TF_AB_2,a_chaining_confirmed_pairs,2.1855,2.1306,2.512,0.0571,0.1043,0.0471,5/5,"MEASURE_ET_LT_SEC_Ileak_m7V_mA_mm=high, MEASURE_ET_lkg_C300=low, THIN_ET_TF_AB_2=high","MEASURE_ET_LT_SEC_Ileak_m7V_mA_mm=high, MEASURE_ET_lkg_C300=low, THIN_ET_TF_AB_2=low",STRONG,"Full 3-way model beat lower-order in 5/5 folds (unanimous), incremental R^2=0.0471."
MEASURE_ET_LT_SEC_Ileak_m7V_mA_mm,THIN_ET_TF_AB_2,TOPSIN_ET_lkg_SY07_10,a_chaining_confirmed_pairs,2.1482,2.1361,0.565,0.0868,0.0979,0.0111,5/5,"MEASURE_ET_LT_SEC_Ileak_m7V_mA_mm=high, THIN_ET_TF_AB_2=high, TOPSIN_ET_lkg_SY07_10=low","MEASURE_ET_LT_SEC_Ileak_m7V_mA_mm=high, THIN_ET_TF_AB_2=high, TOPSIN_ET_lkg_SY07_10=high",STRONG,"Full 3-way model beat lower-order in 5/5 folds (unanimous), incremental R^2=0.0111."
MEASURE_ET_Rc_OG142_GN,MEASURE_ET_lkg_10,THIN_ET_lkg_100_at20V,a_chaining_confirmed_pairs,2.1045,2.0897,0.701,0.1256,0.138,0.0124,5/5,"MEASURE_ET_Rc_OG142_GN=low, MEASURE_ET_lkg_10=high, THIN_ET_lkg_100_at20V=low","MEASURE_ET_Rc_OG142_GN=high, MEASURE_ET_lkg_10=high, THIN_ET_lkg_100_at20V=high",STRONG,"Full 3-way model beat lower-order in 5/5 folds (unanimous), incremental R^2=0.0124."
MEASURE_ET_C100CapPARCAP,MEASURE_ET_LT_SEC_Ileak_m5p5V_mA_mm,THIN_ET_lkg_100_at20V,a_chaining_confirmed_pairs,2.1031,2.0861,0.807,0.1251,0.1402,0.0151,5/5,"MEASURE_ET_C100CapPARCAP=high, MEASURE_ET_LT_SEC_Ileak_m5p5V_mA_mm=high, THIN_ET_lkg_100_at20V=low","MEASURE_ET_C100CapPARCAP=high, MEASURE_ET_LT_SEC_Ileak_m5p5V_mA_mm=high, THIN_ET_lkg_100_at20V=high",STRONG,"Full 3-way model beat lower-order in 5/5 folds (unanimous), incremental R^2=0.0151."
MEASURE_ET_C100CapPARCAP,THIN_ET_lkg_100_at20V,TOPSIN_ET_lkg_SY8_80,a_chaining_confirmed_pairs,2.1179,2.1022,0.739,0.1143,0.1284,0.0141,5/5,"MEASURE_ET_C100CapPARCAP=low, THIN_ET_lkg_100_at20V=low, TOPSIN_ET_lkg_SY8_80=low","MEASURE_ET_C100CapPARCAP=high, THIN_ET_lkg_100_at20V=high, TOPSIN_ET_lkg_SY8_80=high",STRONG,"Full 3-way model beat lower-order in 5/5 folds (unanimous), incremental R^2=0.0141."
MEASURE_ET_C100USV_Cappf,MEASURE_ET_lkg_5,TOPSIN_ET_lkg_CapFICM1,c_residual_conditional_structure,2.1333,2.0838,2.319,0.1016,0.1434,0.0418,5/5,"MEASURE_ET_C100USV_Cappf=low, MEASURE_ET_lkg_5=high, TOPSIN_ET_lkg_CapFICM1=low","MEASURE_ET_C100USV_Cappf=low, MEASURE_ET_lkg_5=high, TOPSIN_ET_lkg_CapFICM1=high",STRONG,"Full 3-way model beat lower-order in 5/5 folds (unanimous), incremental R^2=0.0418."
MEASURE_ET_C100USV_Cappf,MEASURE_ET_lkg_C300FM1,TOPSIN_ET_lkg_CapFICM1,c_residual_conditional_structure,2.123,2.0781,2.114,0.1112,0.1499,0.0387,5/5,"MEASURE_ET_C100USV_Cappf=low, MEASURE_ET_lkg_C300FM1=high, TOPSIN_ET_lkg_CapFICM1=low","MEASURE_ET_C100USV_Cappf=low, MEASURE_ET_lkg_C300FM1=high, TOPSIN_ET_lkg_CapFICM1=high",STRONG,"Full 3-way model beat lower-order in 5/5 folds (unanimous), incremental R^2=0.0387."
MEASURE_ET_C100USV_Cappf,MEASURE_ET_lkg_C385pf,TOPSIN_ET_lkg_CapFICM1,c_residual_conditional_structure,2.1421,2.1043,1.765,0.0928,0.1273,0.0345,5/5,"MEASURE_ET_C100USV_Cappf=low, MEASURE_ET_lkg_C385pf=high, TOPSIN_ET_lkg_CapFICM1=low","MEASURE_ET_C100USV_Cappf=low, MEASURE_ET_lkg_C385pf=high, TOPSIN_ET_lkg_CapFICM1=high",STRONG,"Full 3-way model beat lower-order in 5/5 folds (unanimous), incremental R^2=0.0345."
MEASURE_ET_LT_SEC_Ileak_m5p5V_mA_mm,SIN_GATE_ET_Rc_an_ct2,THIN_ET_lkg_100_at20V,a_chaining_confirmed_pairs,2.0777,2.0633,0.694,0.1516,0.1629,0.0113,5/5,"MEASURE_ET_LT_SEC_Ileak_m5p5V_mA_mm=high, SIN_GATE_ET_Rc_an_ct2=low, THIN_ET_lkg_100_at20V=low","MEASURE_ET_LT_SEC_Ileak_m5p5V_mA_mm=high, SIN_GATE_ET_Rc_an_ct2=high, THIN_ET_lkg_100_at20V=high",STRONG,"Full 3-way model beat lower-order in 5/5 folds (unanimous), incremental R^2=0.0113."
MEASURE_ET_LT_SEC_Ileak_m5p5V_mA_mm,TFRP_ET_Rc_TF_AB_2,THIN_ET_lkg_100_at20V,a_chaining_confirmed_pairs,2.1312,2.0976,1.574,0.1013,0.1293,0.028,5/5,"MEASURE_ET_LT_SEC_Ileak_m5p5V_mA_mm=low, TFRP_ET_Rc_TF_AB_2=high, THIN_ET_lkg_100_at20V=high","MEASURE_ET_LT_SEC_Ileak_m5p5V_mA_mm=high, TFRP_ET_Rc_TF_AB_2=high, THIN_ET_lkg_100_at20V=high",STRONG,"Full 3-way model beat lower-order in 5/5 folds (unanimous), incremental R^2=0.0280."
MEASURE_ET_LT_SEC_Ileak_m5p5V_mA_mm,THIN_ET_Rcat_cn_1,THIN_ET_lkg_100_at20V,a_chaining_confirmed_pairs,2.116,2.0686,2.24,0.1163,0.1564,0.0401,5/5,"MEASURE_ET_LT_SEC_Ileak_m5p5V_mA_mm=high, THIN_ET_Rcat_cn_1=high, THIN_ET_lkg_100_at20V=low","MEASURE_ET_LT_SEC_Ileak_m5p5V_mA_mm=high, THIN_ET_Rcat_cn_1=high, THIN_ET_lkg_100_at20V=high",STRONG,"Full 3-way model beat lower-order in 5/5 folds (unanimous), incremental R^2=0.0401."
MEASURE_ET_LT_SEC_Ileak_m5p5V_mA_mm,THIN_ET_lkg_100_at20V,TOPSIN_ET_CapFICM1,a_chaining_confirmed_pairs,2.1259,2.0954,1.437,0.1067,0.1337,0.0271,5/5,"MEASURE_ET_LT_SEC_Ileak_m5p5V_mA_mm=high, THIN_ET_lkg_100_at20V=low, TOPSIN_ET_CapFICM1=low","MEASURE_ET_LT_SEC_Ileak_m5p5V_mA_mm=high, THIN_ET_lkg_100_at20V=high, TOPSIN_ET_CapFICM1=low",STRONG,"Full 3-way model beat lower-order in 5/5 folds (unanimous), incremental R^2=0.0271."
MEASURE_ET_LT_SEC_Ileak_m5p5V_mA_mm,THIN_ET_lkg_100_at20V,TOPSIN_ET_lkg_Cap3,a_chaining_confirmed_pairs,2.1692,2.1107,2.698,0.0701,0.1196,0.0495,5/5,"MEASURE_ET_LT_SEC_Ileak_m5p5V_mA_mm=low, THIN_ET_lkg_100_at20V=low, TOPSIN_ET_lkg_Cap3=high","MEASURE_ET_LT_SEC_Ileak_m5p5V_mA_mm=high, THIN_ET_lkg_100_at20V=high, TOPSIN_ET_lkg_Cap3=high",STRONG,"Full 3-way model beat lower-order in 5/5 folds (unanimous), incremental R^2=0.0495."
MEASURE_ET_DC_Stress_Id_stress_before,MEASURE_ET_RF_Modeling_S21_25G_Before,MEASURE_ET_lkg_50_at20V,b_tree_path_cooccurrence,2.1227,2.1034,0.908,0.1136,0.1298,0.0162,5/5,"MEASURE_ET_DC_Stress_Id_stress_before=high, MEASURE_ET_RF_Modeling_S21_25G_Before=high, MEASURE_ET_lkg_50_at20V=low","MEASURE_ET_DC_Stress_Id_stress_before=high, MEASURE_ET_RF_Modeling_S21_25G_Before=low, MEASURE_ET_lkg_50_at20V=high",STRONG,"Full 3-way model beat lower-order in 5/5 folds (unanimous), incremental R^2=0.0162."
MEASURE_ET_LT_SEC_Ileak_m5p5V_mA_mm,MEASURE_ET_lkg_10,THIN_ET_lkg_100_at20V,a_chaining_confirmed_pairs,2.1757,2.1193,2.589,0.0671,0.1125,0.0454,5/5,"MEASURE_ET_LT_SEC_Ileak_m5p5V_mA_mm=high, MEASURE_ET_lkg_10=high, THIN_ET_lkg_100_at20V=low","MEASURE_ET_LT_SEC_Ileak_m5p5V_mA_mm=high, MEASURE_ET_lkg_10=high, THIN_ET_lkg_100_at20V=high",STRONG,"Full 3-way model beat lower-order in 5/5 folds (unanimous), incremental R^2=0.0454."
MEASURE_ET_LT_SEC_Ileak_m5p5V_mA_mm,MEASURE_ET_lkg_Cap_USV,THIN_ET_lkg_100_at20V,a_chaining_confirmed_pairs,2.1692,2.1226,2.148,0.0719,0.1093,0.0374,5/5,"MEASURE_ET_LT_SEC_Ileak_m5p5V_mA_mm=high, MEASURE_ET_lkg_Cap_USV=high, THIN_ET_lkg_100_at20V=low","MEASURE_ET_LT_SEC_Ileak_m5p5V_mA_mm=high, MEASURE_ET_lkg_Cap_USV=high, THIN_ET_lkg_100_at20V=high",STRONG,"Full 3-way model beat lower-order in 5/5 folds (unanimous), incremental R^2=0.0374."
MEASURE_ET_DC_SEC_Vp_1mA,MEASURE_ET_lkg_100_at20V,THIN_ET_lkg_5,a_chaining_confirmed_pairs,2.1439,2.1161,1.299,0.0904,0.1143,0.0239,5/5,"MEASURE_ET_DC_SEC_Vp_1mA=high, MEASURE_ET_lkg_100_at20V=high, THIN_ET_lkg_5=low","MEASURE_ET_DC_SEC_Vp_1mA=low, MEASURE_ET_lkg_100_at20V=high, THIN_ET_lkg_5=low",STRONG,"Full 3-way model beat lower-order in 5/5 folds (unanimous), incremental R^2=0.0239."
MEASURE_ET_DC_SEC_Vp_1mA,MEASURE_ET_lkg_CapFICM1,THIN_ET_lkg_5,a_chaining_confirmed_pairs,2.1423,2.1128,1.378,0.0884,0.1156,0.0272,5/5,"MEASURE_ET_DC_SEC_Vp_1mA=high, MEASURE_ET_lkg_CapFICM1=low, THIN_ET_lkg_5=high","MEASURE_ET_DC_SEC_Vp_1mA=high, MEASURE_ET_lkg_CapFICM1=high, THIN_ET_lkg_5=high",STRONG,"Full 3-way model beat lower-order in 5/5 folds (unanimous), incremental R^2=0.0272."
MEASURE_ET_DC_SEC_Vp_1mA,THIN_ET_lkg_5,THIN_ET_lkg_C200,a_chaining_confirmed_pairs,2.1632,2.1307,1.503,0.0731,0.1022,0.0291,5/5,"MEASURE_ET_DC_SEC_Vp_1mA=high, THIN_ET_lkg_5=high, THIN_ET_lkg_C200=low","MEASURE_ET_DC_SEC_Vp_1mA=high, THIN_ET_lkg_5=high, THIN_ET_lkg_C200=high",STRONG,"Full 3-way model beat lower-order in 5/5 folds (unanimous), incremental R^2=0.0291."
MEASURE_ET_DC_SEC_Vp_1mA,THIN_ET_lkg_5,THIN_ET_lkg_PAD_10,a_chaining_confirmed_pairs,2.131,2.1154,0.735,0.1016,0.1153,0.0137,5/5,"MEASURE_ET_DC_SEC_Vp_1mA=high, THIN_ET_lkg_5=high, THIN_ET_lkg_PAD_10=low","MEASURE_ET_DC_SEC_Vp_1mA=high, THIN_ET_lkg_5=high, THIN_ET_lkg_PAD_10=high",STRONG,"Full 3-way model beat lower-order in 5/5 folds (unanimous), incremental R^2=0.0137."
MEASURE_ET_DC_SEC_Vp_1mA,THIN_ET_lkg_5,TOPSIN_ET_lkg_Cap_USV,a_chaining_confirmed_pairs,2.1384,2.1156,1.067,0.0977,0.1177,0.02,5/5,"MEASURE_ET_DC_SEC_Vp_1mA=high, THIN_ET_lkg_5=low, TOPSIN_ET_lkg_Cap_USV=high","MEASURE_ET_DC_SEC_Vp_1mA=low, THIN_ET_lkg_5=low, TOPSIN_ET_lkg_Cap_USV=high",STRONG,"Full 3-way model beat lower-order in 5/5 folds (unanimous), incremental R^2=0.0200."
MEASURE_ET_DC_SEC_X_Ig_cut1_mAmm_pos_FPSD3p2,THIN_ET_lkg_100_at20V,TOPSIN_ET_lkg_Cap3,c_residual_conditional_structure,2.0213,1.9427,3.89,0.1855,0.2527,0.0672,5/5,"MEASURE_ET_DC_SEC_X_Ig_cut1_mAmm_pos_FPSD3p2=high, THIN_ET_lkg_100_at20V=low, TOPSIN_ET_lkg_Cap3=high","MEASURE_ET_DC_SEC_X_Ig_cut1_mAmm_pos_FPSD3p2=low, THIN_ET_lkg_100_at20V=high, TOPSIN_ET_lkg_Cap3=high",STRONG,"Full 3-way model beat lower-order in 5/5 folds (unanimous), incremental R^2=0.0672."
MEASURE_ET_C300FB_0,THIN_ET_lkg_100_at20V,TOPSIN_ET_lkg_Cap3,a_chaining_confirmed_pairs,2.0869,2.0315,2.653,0.138,0.1836,0.0456,5/5,"MEASURE_ET_C300FB_0=low, THIN_ET_lkg_100_at20V=high, TOPSIN_ET_lkg_Cap3=low","MEASURE_ET_C300FB_0=low, THIN_ET_lkg_100_at20V=high, TOPSIN_ET_lkg_Cap3=high",STRONG,"Full 3-way model beat lower-order in 5/5 folds (unanimous), incremental R^2=0.0456."
MEASURE_ET_C300pf,MEASURE_ET_LT_SEC_Ileak_m5p5V_mA_mm,THIN_ET_lkg_100_at20V,a_chaining_confirmed_pairs,2.1279,2.0685,2.793,0.1036,0.1553,0.0517,5/5,"MEASURE_ET_C300pf=low, MEASURE_ET_LT_SEC_Ileak_m5p5V_mA_mm=high, THIN_ET_lkg_100_at20V=low","MEASURE_ET_C300pf=low, MEASURE_ET_LT_SEC_Ileak_m5p5V_mA_mm=high, THIN_ET_lkg_100_at20V=high",STRONG,"Full 3-way model beat lower-order in 5/5 folds (unanimous), incremental R^2=0.0517."
MEASURE_ET_C300pf,MEASURE_ET_lkg_10,THIN_ET_lkg_100_at20V,a_chaining_confirmed_pairs,2.144,2.0894,2.544,0.0928,0.1403,0.0475,5/5,"MEASURE_ET_C300pf=low, MEASURE_ET_lkg_10=high, THIN_ET_lkg_100_at20V=low","MEASURE_ET_C300pf=low, MEASURE_ET_lkg_10=high, THIN_ET_lkg_100_at20V=high",STRONG,"Full 3-way model beat lower-order in 5/5 folds (unanimous), incremental R^2=0.0475."
MEASURE_ET_C300pf,MEASURE_ET_lkg_C385pf,TOPSIN_ET_lkg_CapFICM1,c_residual_conditional_structure,2.1501,2.0877,2.902,0.0842,0.1385,0.0543,5/5,"MEASURE_ET_C300pf=low, MEASURE_ET_lkg_C385pf=high, TOPSIN_ET_lkg_CapFICM1=low","MEASURE_ET_C300pf=low, MEASURE_ET_lkg_C385pf=high, TOPSIN_ET_lkg_CapFICM1=high",STRONG,"Full 3-way model beat lower-order in 5/5 folds (unanimous), incremental R^2=0.0543."
MEASURE_ET_C300pf,THIN_ET_lkg_100_at20V,TOPSIN_ET_lkg_Cap3,a_chaining_confirmed_pairs,2.092,2.0455,2.223,0.1328,0.1714,0.0385,5/5,"MEASURE_ET_C300pf=low, THIN_ET_lkg_100_at20V=low, TOPSIN_ET_lkg_Cap3=high","MEASURE_ET_C300pf=low, THIN_ET_lkg_100_at20V=high, TOPSIN_ET_lkg_Cap3=high",STRONG,"Full 3-way model beat lower-order in 5/5 folds (unanimous), incremental R^2=0.0385."
MEASURE_ET_C300pf,THIN_ET_lkg_100_at20V,TOPSIN_ET_lkg_CapFICM1,a_chaining_confirmed_pairs,2.1232,2.0394,3.945,0.1065,0.1765,0.07,5/5,"MEASURE_ET_C300pf=low, THIN_ET_lkg_100_at20V=high, TOPSIN_ET_lkg_CapFICM1=low","MEASURE_ET_C300pf=low, THIN_ET_lkg_100_at20V=high, TOPSIN_ET_lkg_CapFICM1=high",STRONG,"Full 3-way model beat lower-order in 5/5 folds (unanimous), incremental R^2=0.0700."
MEASURE_ET_C300pf,THIN_ET_lkg_100_at20V,TOPSIN_ET_lkg_SY8_80,a_chaining_confirmed_pairs,2.1206,2.0906,1.412,0.1131,0.1395,0.0264,5/5,"MEASURE_ET_C300pf=high, THIN_ET_lkg_100_at20V=low, TOPSIN_ET_lkg_SY8_80=high","MEASURE_ET_C300pf=low, THIN_ET_lkg_100_at20V=high, TOPSIN_ET_lkg_SY8_80=high",STRONG,"Full 3-way model beat lower-order in 5/5 folds (unanimous), incremental R^2=0.0264."
MEASURE_ET_C300pf,TOPSIN_ET_C300,TOPSIN_ET_lkg_CapFICM1,a_chaining_confirmed_pairs,2.1422,2.1025,1.851,0.0921,0.1271,0.035,5/5,"MEASURE_ET_C300pf=low, TOPSIN_ET_C300=high, TOPSIN_ET_lkg_CapFICM1=low","MEASURE_ET_C300pf=low, TOPSIN_ET_C300=high, TOPSIN_ET_lkg_CapFICM1=high",STRONG,"Full 3-way model beat lower-order in 5/5 folds (unanimous), incremental R^2=0.0350."
MEASURE_ET_DC_RF2_S22dB_26GHz,MEASURE_ET_lkg_10,THIN_ET_lkg_100_at20V,a_chaining_confirmed_pairs,2.1561,2.1353,0.966,0.0822,0.1009,0.0187,5/5,"MEASURE_ET_DC_RF2_S22dB_26GHz=low, MEASURE_ET_lkg_10=high, THIN_ET_lkg_100_at20V=low","MEASURE_ET_DC_RF2_S22dB_26GHz=low, MEASURE_ET_lkg_10=high, THIN_ET_lkg_100_at20V=high",STRONG,"Full 3-way model beat lower-order in 5/5 folds (unanimous), incremental R^2=0.0187."
MEASURE_ET_DC_RF2_S22dB_26GHz,THIN_ET_Rc_OG142,TOPSIN_ET_DC_SMALL_Vdg_max,b_tree_path_cooccurrence,2.0866,2.067,0.94,0.1293,0.1444,0.0151,5/5,"MEASURE_ET_DC_RF2_S22dB_26GHz=high, THIN_ET_Rc_OG142=low, TOPSIN_ET_DC_SMALL_Vdg_max=low","MEASURE_ET_DC_RF2_S22dB_26GHz=low, THIN_ET_Rc_OG142=high, TOPSIN_ET_DC_SMALL_Vdg_max=low",STRONG,"Full 3-way model beat lower-order in 5/5 folds (unanimous), incremental R^2=0.0151."
MEASURE_ET_DC_RF2_S22dB_26GHz,THIN_ET_lkg_100_at20V,TOPSIN_ET_lkg_SY8_80,a_chaining_confirmed_pairs,2.1496,2.1281,1.002,0.0868,0.1051,0.0183,5/5,"MEASURE_ET_DC_RF2_S22dB_26GHz=high, THIN_ET_lkg_100_at20V=low, TOPSIN_ET_lkg_SY8_80=high","MEASURE_ET_DC_RF2_S22dB_26GHz=high, THIN_ET_lkg_100_at20V=high, TOPSIN_ET_lkg_SY8_80=low",STRONG,"Full 3-way model beat lower-order in 5/5 folds (unanimous), incremental R^2=0.0183."
MEASURE_ET_C385pf,THIN_ET_lkg_100_at20V,TOPSIN_ET_lkg_Cap3,c_residual_conditional_structure,2.0875,2.0648,1.088,0.1375,0.1577,0.0202,5/5,"MEASURE_ET_C385pf=low, THIN_ET_lkg_100_at20V=low, TOPSIN_ET_lkg_Cap3=high","MEASURE_ET_C385pf=low, THIN_ET_lkg_100_at20V=high, TOPSIN_ET_lkg_Cap3=high",STRONG,"Full 3-way model beat lower-order in 5/5 folds (unanimous), incremental R^2=0.0202."
MEASURE_ET_Cap2pf,MEASURE_ET_DC_RF_Max_S11_Ph_L2180,THIN_ET_lkg_10,c_residual_conditional_structure,2.1185,2.099,0.917,0.1135,0.1313,0.0178,5/5,"MEASURE_ET_Cap2pf=low, MEASURE_ET_DC_RF_Max_S11_Ph_L2180=low, THIN_ET_lkg_10=low","MEASURE_ET_Cap2pf=low, MEASURE_ET_DC_RF_Max_S11_Ph_L2180=high, THIN_ET_lkg_10=high",STRONG,"Full 3-way model beat lower-order in 5/5 folds (unanimous), incremental R^2=0.0178."
MEASURE_ET_DC_Big_S12dB_10GHz,MEASURE_ET_DC_RF2_S22dB_26GHz,MEASURE_ET_DC_SMALL_Ids_m0p2,b_tree_path_cooccurrence,2.2044,2.1812,1.054,0.0422,0.0617,0.0195,5/5,"MEASURE_ET_DC_Big_S12dB_10GHz=low, MEASURE_ET_DC_RF2_S22dB_26GHz=low, MEASURE_ET_DC_SMALL_Ids_m0p2=low","MEASURE_ET_DC_Big_S12dB_10GHz=high, MEASURE_ET_DC_RF2_S22dB_26GHz=high, MEASURE_ET_DC_SMALL_Ids_m0p2=high",STRONG,"Full 3-way model beat lower-order in 5/5 folds (unanimous), incremental R^2=0.0195."
ANODE_ET_Rc_an_ct2_OW_CR,MEASURE_ET_ABVIETCH,TOPSIN_ET_C100Cap1pf,a_chaining_confirmed_pairs,2.0501,1.999,2.494,0.171,0.2108,0.0398,5/5,"ANODE_ET_Rc_an_ct2_OW_CR=low, MEASURE_ET_ABVIETCH=high, TOPSIN_ET_C100Cap1pf=low","ANODE_ET_Rc_an_ct2_OW_CR=high, MEASURE_ET_ABVIETCH=low, TOPSIN_ET_C100Cap1pf=low",STRONG,"Full 3-way model beat lower-order in 5/5 folds (unanimous), incremental R^2=0.0398."
ANODE_ET_Rc_an_ct2_OW_CR,MEASURE_ET_CapPARCAP_0,TOPSIN_ET_C100Cap1pf,a_chaining_confirmed_pairs,2.0999,2.0285,3.399,0.1265,0.185,0.0585,5/5,"ANODE_ET_Rc_an_ct2_OW_CR=low, MEASURE_ET_CapPARCAP_0=high, TOPSIN_ET_C100Cap1pf=low","ANODE_ET_Rc_an_ct2_OW_CR=low, MEASURE_ET_CapPARCAP_0=high, TOPSIN_ET_C100Cap1pf=high",STRONG,"Full 3-way model beat lower-order in 5/5 folds (unanimous), incremental R^2=0.0585."
ANODE_ET_Rc_an_ct2_OW_CR,MEASURE_ET_DC_Stress_Id_stress_before,TOPSIN_ET_C100Cap1pf,a_chaining_confirmed_pairs,2.1031,2.0875,0.741,0.1281,0.141,0.0129,5/5,"ANODE_ET_Rc_an_ct2_OW_CR=low, MEASURE_ET_DC_Stress_Id_stress_before=high, TOPSIN_ET_C100Cap1pf=low","ANODE_ET_Rc_an_ct2_OW_CR=low, MEASURE_ET_DC_Stress_Id_stress_before=low, TOPSIN_ET_C100Cap1pf=high",STRONG,"Full 3-way model beat lower-order in 5/5 folds (unanimous), incremental R^2=0.0129."
THIN_ET_lkg_100_at20V,TOPSIN_ET_CapPARCAP_0,TOPSIN_ET_lkg_SY8_80,a_chaining_confirmed_pairs,2.0755,2.0524,1.114,0.1447,0.1635,0.0188,5/5,"THIN_ET_lkg_100_at20V=low, TOPSIN_ET_CapPARCAP_0=low, TOPSIN_ET_lkg_SY8_80=low","THIN_ET_lkg_100_at20V=high, TOPSIN_ET_CapPARCAP_0=high, TOPSIN_ET_lkg_SY8_80=high",STRONG,"Full 3-way model beat lower-order in 5/5 folds (unanimous), incremental R^2=0.0188."
THIN_ET_lkg_100_at20V,TOPSIN_ET_DC_SMALL_Vdg_max,TOPSIN_ET_lkg_Cap3,a_chaining_confirmed_pairs,2.0845,2.0654,0.917,0.1418,0.1575,0.0157,5/5,"THIN_ET_lkg_100_at20V=high, TOPSIN_ET_DC_SMALL_Vdg_max=low, TOPSIN_ET_lkg_Cap3=low","THIN_ET_lkg_100_at20V=high, TOPSIN_ET_DC_SMALL_Vdg_max=high, TOPSIN_ET_lkg_Cap3=high",STRONG,"Full 3-way model beat lower-order in 5/5 folds (unanimous), incremental R^2=0.0157."
THIN_ET_lkg_100_at20V,TOPSIN_ET_lkg_Cap3,TOPSIN_ET_lkg_SY8_80,a_chaining_confirmed_pairs,2.1354,2.073,2.92,0.0985,0.1494,0.0509,5/5,"THIN_ET_lkg_100_at20V=high, TOPSIN_ET_lkg_Cap3=low, TOPSIN_ET_lkg_SY8_80=high","THIN_ET_lkg_100_at20V=high, TOPSIN_ET_lkg_Cap3=low, TOPSIN_ET_lkg_SY8_80=low",STRONG,"Full 3-way model beat lower-order in 5/5 folds (unanimous), incremental R^2=0.0509."
TOPSIN_ET_C100CapUSV,TOPSIN_ET_C300,TOPSIN_ET_lkg_CapFICM1,a_chaining_confirmed_pairs,2.1356,2.1089,1.25,0.0936,0.1179,0.0244,5/5,"TOPSIN_ET_C100CapUSV=low, TOPSIN_ET_C300=high, TOPSIN_ET_lkg_CapFICM1=low","TOPSIN_ET_C100CapUSV=low, TOPSIN_ET_C300=high, TOPSIN_ET_lkg_CapFICM1=high",STRONG,"Full 3-way model beat lower-order in 5/5 folds (unanimous), incremental R^2=0.0244."
TOPSIN_ET_C100CapUSV,TOPSIN_ET_CapFICM1_0,TOPSIN_ET_lkg_CapFICM1,a_chaining_confirmed_pairs,2.1352,2.0976,1.759,0.0909,0.1291,0.0382,3/5,"TOPSIN_ET_C100CapUSV=low, TOPSIN_ET_CapFICM1_0=low, TOPSIN_ET_lkg_CapFICM1=low","TOPSIN_ET_C100CapUSV=low, TOPSIN_ET_CapFICM1_0=low, TOPSIN_ET_lkg_CapFICM1=high",MODERATE,Full 3-way model beat lower-order in 3/5 folds with incremental R^2=0.0382 -- majority but not unanimous.
TOPSIN_ET_C100CapUSV,TOPSIN_ET_CapFICM1,TOPSIN_ET_lkg_CapFICM1,a_chaining_confirmed_pairs,2.1333,2.1017,1.48,0.0944,0.1243,0.0299,4/5,"TOPSIN_ET_C100CapUSV=low, TOPSIN_ET_CapFICM1=high, TOPSIN_ET_lkg_CapFICM1=low","TOPSIN_ET_C100CapUSV=low, TOPSIN_ET_CapFICM1=high, TOPSIN_ET_lkg_CapFICM1=high",MODERATE,"Full 3-way model beat lower-order in 4/5 folds, incremental R^2=0.0299."
TOPSIN_ET_C100CapFICM1,TOPSIN_ET_CapFICM1_0,TOPSIN_ET_lkg_CapFICM1,a_chaining_confirmed_pairs,2.1443,2.1118,1.517,0.0864,0.1191,0.0327,3/5,"TOPSIN_ET_C100CapFICM1=high, TOPSIN_ET_CapFICM1_0=low, TOPSIN_ET_lkg_CapFICM1=low","TOPSIN_ET_C100CapFICM1=low, TOPSIN_ET_CapFICM1_0=low, TOPSIN_ET_lkg_CapFICM1=high",MODERATE,Full 3-way model beat lower-order in 3/5 folds with incremental R^2=0.0327 -- majority but not unanimous.
TOPSIN_ET_C100CapFICM1,TOPSIN_ET_CapFICM1,TOPSIN_ET_lkg_CapFICM1,a_chaining_confirmed_pairs,2.1506,2.1281,1.046,0.0826,0.1041,0.0215,4/5,"TOPSIN_ET_C100CapFICM1=low, TOPSIN_ET_CapFICM1=high, TOPSIN_ET_lkg_CapFICM1=low","TOPSIN_ET_C100CapFICM1=low, TOPSIN_ET_CapFICM1=high, TOPSIN_ET_lkg_CapFICM1=high",MODERATE,"Full 3-way model beat lower-order in 4/5 folds, incremental R^2=0.0215."
TOPSIN_ET_C100CapFICM1,TOPSIN_ET_C100CapUSV,TOPSIN_ET_lkg_CapFICM1,a_chaining_confirmed_pairs,2.1541,2.1142,1.849,0.0735,0.1144,0.0409,3/5,"TOPSIN_ET_C100CapFICM1=low, TOPSIN_ET_C100CapUSV=low, TOPSIN_ET_lkg_CapFICM1=low","TOPSIN_ET_C100CapFICM1=low, TOPSIN_ET_C100CapUSV=low, TOPSIN_ET_lkg_CapFICM1=high",MODERATE,Full 3-way model beat lower-order in 3/5 folds with incremental R^2=0.0409 -- majority but not unanimous.
TOPSIN_ET_C100CapFICM1,TOPSIN_ET_C300,TOPSIN_ET_lkg_CapFICM1,a_chaining_confirmed_pairs,2.1562,2.1362,0.929,0.079,0.0983,0.0193,4/5,"TOPSIN_ET_C100CapFICM1=low, TOPSIN_ET_C300=high, TOPSIN_ET_lkg_CapFICM1=low","TOPSIN_ET_C100CapFICM1=low, TOPSIN_ET_C300=low, TOPSIN_ET_lkg_CapFICM1=high",MODERATE,"Full 3-way model beat lower-order in 4/5 folds, incremental R^2=0.0193."
THIN_ET_lkg_100_at20V,TOPSIN_ET_CapPARCAP_0,TOPSIN_ET_lkg_Cap3,a_chaining_confirmed_pairs,2.0668,2.0565,0.501,0.1494,0.1602,0.0108,3/5,"THIN_ET_lkg_100_at20V=low, TOPSIN_ET_CapPARCAP_0=low, TOPSIN_ET_lkg_Cap3=high","THIN_ET_lkg_100_at20V=high, TOPSIN_ET_CapPARCAP_0=high, TOPSIN_ET_lkg_Cap3=high",MODERATE,Full 3-way model beat lower-order in 3/5 folds with incremental R^2=0.0108 -- majority but not unanimous.
THIN_ET_lkg_100_at20V,TOPSIN_ET_Load_Pull_P.A.E_Last,TOPSIN_ET_lkg_Cap3,c_residual_conditional_structure,2.0629,2.0415,1.035,0.1574,0.1731,0.0158,4/5,"THIN_ET_lkg_100_at20V=low, TOPSIN_ET_Load_Pull_P.A.E_Last=low, TOPSIN_ET_lkg_Cap3=high","THIN_ET_lkg_100_at20V=high, TOPSIN_ET_Load_Pull_P.A.E_Last=low, TOPSIN_ET_lkg_Cap3=low",MODERATE,"Full 3-way model beat lower-order in 4/5 folds, incremental R^2=0.0158."
MEASURE_ET_DC_RF2_MAG_26GHz,MEASURE_ET_DC_RF_K_W,MEASURE_ET_DC_Stress_Id_stress_before,b_tree_path_cooccurrence,2.1857,2.1735,0.557,0.0612,0.071,0.0098,4/5,"MEASURE_ET_DC_RF2_MAG_26GHz=high, MEASURE_ET_DC_RF_K_W=high, MEASURE_ET_DC_Stress_Id_stress_before=high","MEASURE_ET_DC_RF2_MAG_26GHz=low, MEASURE_ET_DC_RF_K_W=low, MEASURE_ET_DC_Stress_Id_stress_before=low",MODERATE,"Full 3-way model beat lower-order in 4/5 folds, incremental R^2=0.0098."
MEASURE_ET_C300pf,TOPSIN_ET_CapFICM1_0,TOPSIN_ET_lkg_CapFICM1,a_chaining_confirmed_pairs,2.1397,2.1065,1.553,0.0915,0.1242,0.0327,3/5,"MEASURE_ET_C300pf=low, TOPSIN_ET_CapFICM1_0=low, TOPSIN_ET_lkg_CapFICM1=low","MEASURE_ET_C300pf=low, TOPSIN_ET_CapFICM1_0=low, TOPSIN_ET_lkg_CapFICM1=high",MODERATE,Full 3-way model beat lower-order in 3/5 folds with incremental R^2=0.0327 -- majority but not unanimous.
MEASURE_ET_C300pf,TOPSIN_ET_C100CapUSV,TOPSIN_ET_lkg_CapFICM1,a_chaining_confirmed_pairs,2.1494,2.1111,1.782,0.0814,0.1189,0.0375,3/5,"MEASURE_ET_C300pf=low, TOPSIN_ET_C100CapUSV=low, TOPSIN_ET_lkg_CapFICM1=low","MEASURE_ET_C300pf=low, TOPSIN_ET_C100CapUSV=low, TOPSIN_ET_lkg_CapFICM1=high",MODERATE,Full 3-way model beat lower-order in 3/5 folds with incremental R^2=0.0375 -- majority but not unanimous.
MEASURE_ET_C300pf,TOPSIN_ET_CapFICM1,TOPSIN_ET_lkg_CapFICM1,a_chaining_confirmed_pairs,2.1333,2.1008,1.522,0.0989,0.1287,0.0298,4/5,"MEASURE_ET_C300pf=low, TOPSIN_ET_CapFICM1=high, TOPSIN_ET_lkg_CapFICM1=low","MEASURE_ET_C300pf=low, TOPSIN_ET_CapFICM1=high, TOPSIN_ET_lkg_CapFICM1=high",MODERATE,"Full 3-way model beat lower-order in 4/5 folds, incremental R^2=0.0298."
MEASURE_ET_C300pf,TOPSIN_ET_C100CapFICM1,TOPSIN_ET_lkg_CapFICM1,a_chaining_confirmed_pairs,2.15,2.1127,1.736,0.0835,0.119,0.0354,4/5,"MEASURE_ET_C300pf=low, TOPSIN_ET_C100CapFICM1=low, TOPSIN_ET_lkg_CapFICM1=low","MEASURE_ET_C300pf=low, TOPSIN_ET_C100CapFICM1=low, TOPSIN_ET_lkg_CapFICM1=high",MODERATE,"Full 3-way model beat lower-order in 4/5 folds, incremental R^2=0.0354."
MEASURE_ET_DC_RF2_S22dB_26GHz,THIN_ET_lkg_100_at20V,TOPSIN_ET_lkg_Cap3,a_chaining_confirmed_pairs,2.1273,2.1107,0.78,0.1051,0.1211,0.016,3/5,"MEASURE_ET_DC_RF2_S22dB_26GHz=high, THIN_ET_lkg_100_at20V=low, TOPSIN_ET_lkg_Cap3=high","MEASURE_ET_DC_RF2_S22dB_26GHz=high, THIN_ET_lkg_100_at20V=high, TOPSIN_ET_lkg_Cap3=high",MODERATE,Full 3-way model beat lower-order in 3/5 folds with incremental R^2=0.0160 -- majority but not unanimous.
MEASURE_ET_DC_RF_Min_S21_Freq_L1018,MEASURE_ET_DC_Stress_Id_stress_before,MEASURE_ET_lkg_50_at20V,b_tree_path_cooccurrence,2.1124,2.1012,0.532,0.1225,0.1315,0.009,4/5,"MEASURE_ET_DC_RF_Min_S21_Freq_L1018=high, MEASURE_ET_DC_Stress_Id_stress_before=high, MEASURE_ET_lkg_50_at20V=low","MEASURE_ET_DC_RF_Min_S21_Freq_L1018=low, MEASURE_ET_DC_Stress_Id_stress_before=high, MEASURE_ET_lkg_50_at20V=high",MODERATE,"Full 3-way model beat lower-order in 4/5 folds, incremental R^2=0.0090."
MEASURE_ET_Cap2pf,MEASURE_ET_DC_RF_Max_S11_Ph_L2180,SIN_GATE_ET_lkg_5,c_residual_conditional_structure,2.103,2.0893,0.656,0.1252,0.1387,0.0135,3/5,"MEASURE_ET_Cap2pf=low, MEASURE_ET_DC_RF_Max_S11_Ph_L2180=low, SIN_GATE_ET_lkg_5=low","MEASURE_ET_Cap2pf=low, MEASURE_ET_DC_RF_Max_S11_Ph_L2180=high, SIN_GATE_ET_lkg_5=high",MODERATE,Full 3-way model beat lower-order in 3/5 folds with incremental R^2=0.0135 -- majority but not unanimous.
MEASURE_ET_DC_RF2_S22dB_26GHz,MEASURE_ET_LT_SEC_Ileak_m5p5V_mA_mm,THIN_ET_lkg_100_at20V,a_chaining_confirmed_pairs,2.1439,2.1318,0.564,0.0916,0.103,0.0114,4/5,"MEASURE_ET_DC_RF2_S22dB_26GHz=low, MEASURE_ET_LT_SEC_Ileak_m5p5V_mA_mm=high, THIN_ET_lkg_100_at20V=low","MEASURE_ET_DC_RF2_S22dB_26GHz=low, MEASURE_ET_LT_SEC_Ileak_m5p5V_mA_mm=high, THIN_ET_lkg_100_at20V=high",MODERATE,"Full 3-way model beat lower-order in 4/5 folds, incremental R^2=0.0114."
MEASURE_ET_C300pf,THIN_ET_C200_0,TOPSIN_ET_lkg_CapFICM1,a_chaining_confirmed_pairs,2.1462,2.1177,1.329,0.0859,0.1138,0.0279,4/5,"MEASURE_ET_C300pf=low, THIN_ET_C200_0=low, TOPSIN_ET_lkg_CapFICM1=low","MEASURE_ET_C300pf=low, THIN_ET_C200_0=low, TOPSIN_ET_lkg_CapFICM1=high",MODERATE,"Full 3-way model beat lower-order in 4/5 folds, incremental R^2=0.0279."
MEASURE_ET_C300FB_0,SIN_CAPACITOR_ThicknessGN1_SiN_Thickness,TOPSIN_ET_C100Cap1pf,b_tree_path_cooccurrence,2.2305,2.2102,0.912,0.0185,0.0379,0.0194,4/5,"MEASURE_ET_C300FB_0=high, SIN_CAPACITOR_ThicknessGN1_SiN_Thickness=high, TOPSIN_ET_C100Cap1pf=low","MEASURE_ET_C300FB_0=low, SIN_CAPACITOR_ThicknessGN1_SiN_Thickness=low, TOPSIN_ET_C100Cap1pf=high",MODERATE,"Full 3-way model beat lower-order in 4/5 folds, incremental R^2=0.0194."
MEASURE_ET_C300pf,MEASURE_ET_lkg_50_at20V,TOPSIN_ET_lkg_CapFICM1,c_residual_conditional_structure,2.1524,2.1,2.432,0.0787,0.1279,0.0492,4/5,"MEASURE_ET_C300pf=low, MEASURE_ET_lkg_50_at20V=high, TOPSIN_ET_lkg_CapFICM1=low","MEASURE_ET_C300pf=low, MEASURE_ET_lkg_50_at20V=high, TOPSIN_ET_lkg_CapFICM1=high",MODERATE,"Full 3-way model beat lower-order in 4/5 folds, incremental R^2=0.0492."
MEASURE_ET_C300FB_0,MEASURE_ET_LT_SEC_Ileak_m16p5V_mA_mm,TOPSIN_ET_lkg_Cap3,a_chaining_confirmed_pairs,2.1202,2.1053,0.7,0.1066,0.1213,0.0147,3/5,"MEASURE_ET_C300FB_0=low, MEASURE_ET_LT_SEC_Ileak_m16p5V_mA_mm=low, TOPSIN_ET_lkg_Cap3=low","MEASURE_ET_C300FB_0=low, MEASURE_ET_LT_SEC_Ileak_m16p5V_mA_mm=high, TOPSIN_ET_lkg_Cap3=high",MODERATE,Full 3-way model beat lower-order in 3/5 folds with incremental R^2=0.0147 -- majority but not unanimous.
MEASURE_ET_LT_SEC_Ileak_m5p5V_mA_mm,THIN_ET_DC_RF_Vg_optt3,THIN_ET_lkg_100_at20V,a_chaining_confirmed_pairs,2.1018,2.0785,1.11,0.1275,0.1469,0.0194,4/5,"MEASURE_ET_LT_SEC_Ileak_m5p5V_mA_mm=high, THIN_ET_DC_RF_Vg_optt3=high, THIN_ET_lkg_100_at20V=low","MEASURE_ET_LT_SEC_Ileak_m5p5V_mA_mm=high, THIN_ET_DC_RF_Vg_optt3=high, THIN_ET_lkg_100_at20V=high",MODERATE,"Full 3-way model beat lower-order in 4/5 folds, incremental R^2=0.0194."
MEASURE_ET_LT_SEC_Ileak_m5p5V_mA_mm,THIN_ET_Rcat_cn_3,THIN_ET_lkg_100_at20V,a_chaining_confirmed_pairs,2.0836,2.0586,1.199,0.1345,0.1587,0.0241,4/5,"MEASURE_ET_LT_SEC_Ileak_m5p5V_mA_mm=high, THIN_ET_Rcat_cn_3=low, THIN_ET_lkg_100_at20V=low","MEASURE_ET_LT_SEC_Ileak_m5p5V_mA_mm=high, THIN_ET_Rcat_cn_3=high, THIN_ET_lkg_100_at20V=high",MODERATE,"Full 3-way model beat lower-order in 4/5 folds, incremental R^2=0.0241."
MEASURE_ET_C100USV_Cappf,TOPSIN_ET_CapFICM1_0,TOPSIN_ET_lkg_CapFICM1,a_chaining_confirmed_pairs,2.1277,2.105,1.066,0.1027,0.1252,0.0225,4/5,"MEASURE_ET_C100USV_Cappf=high, TOPSIN_ET_CapFICM1_0=low, TOPSIN_ET_lkg_CapFICM1=low","MEASURE_ET_C100USV_Cappf=low, TOPSIN_ET_CapFICM1_0=low, TOPSIN_ET_lkg_CapFICM1=high",MODERATE,"Full 3-way model beat lower-order in 4/5 folds, incremental R^2=0.0225."
MEASURE_ET_LT_SEC_Ileak_m5p5V_mA_mm,THIN_ET_lkg_100_at20V,TOPSIN_ET_CapPARCAP_0,a_chaining_confirmed_pairs,2.0724,2.0574,0.724,0.1451,0.1598,0.0147,4/5,"MEASURE_ET_LT_SEC_Ileak_m5p5V_mA_mm=high, THIN_ET_lkg_100_at20V=low, TOPSIN_ET_CapPARCAP_0=low","MEASURE_ET_LT_SEC_Ileak_m5p5V_mA_mm=high, THIN_ET_lkg_100_at20V=high, TOPSIN_ET_CapPARCAP_0=high",MODERATE,"Full 3-way model beat lower-order in 4/5 folds, incremental R^2=0.0147."
MEASURE_ET_LT_SEC_Ileak_m5p5V_mA_mm,MEASURE_ET_Rc_an_ct2,THIN_ET_lkg_100_at20V,a_chaining_confirmed_pairs,2.0852,2.0702,0.719,0.1386,0.1528,0.0142,4/5,"MEASURE_ET_LT_SEC_Ileak_m5p5V_mA_mm=high, MEASURE_ET_Rc_an_ct2=low, THIN_ET_lkg_100_at20V=low","MEASURE_ET_LT_SEC_Ileak_m5p5V_mA_mm=high, MEASURE_ET_Rc_an_ct2=high, THIN_ET_lkg_100_at20V=high",MODERATE,"Full 3-way model beat lower-order in 4/5 folds, incremental R^2=0.0142."
MEASURE_ET_LT_SEC_Ileak_m5p5V_mA_mm,MEASURE_ET_Rc_OG142_GN,THIN_ET_lkg_100_at20V,a_chaining_confirmed_pairs,2.0996,2.0874,0.579,0.1263,0.1386,0.0122,3/5,"MEASURE_ET_LT_SEC_Ileak_m5p5V_mA_mm=high, MEASURE_ET_Rc_OG142_GN=low, THIN_ET_lkg_100_at20V=low","MEASURE_ET_LT_SEC_Ileak_m5p5V_mA_mm=high, MEASURE_ET_Rc_OG142_GN=high, THIN_ET_lkg_100_at20V=high",MODERATE,Full 3-way model beat lower-order in 3/5 folds with incremental R^2=0.0122 -- majority but not unanimous.
MEASURE_ET_DC_Stress_Id_stress_before,MEASURE_ET_lkg_50_at20V,TOPSIN_ET_C100Cap2pf,b_tree_path_cooccurrence,2.1295,2.1163,0.621,0.1057,0.1174,0.0117,4/5,"MEASURE_ET_DC_Stress_Id_stress_before=high, MEASURE_ET_lkg_50_at20V=low, TOPSIN_ET_C100Cap2pf=low","MEASURE_ET_DC_Stress_Id_stress_before=high, MEASURE_ET_lkg_50_at20V=high, TOPSIN_ET_C100Cap2pf=low",MODERATE,"Full 3-way model beat lower-order in 4/5 folds, incremental R^2=0.0117."
MEASURE_ET_LT_SEC_Ileak_m5p5V_mA_mm,MEASURE_ET_Rcat_cn_2,THIN_ET_lkg_100_at20V,a_chaining_confirmed_pairs,2.1218,2.1096,0.575,0.1111,0.1219,0.0108,4/5,"MEASURE_ET_LT_SEC_Ileak_m5p5V_mA_mm=high, MEASURE_ET_Rcat_cn_2=low, THIN_ET_lkg_100_at20V=low","MEASURE_ET_LT_SEC_Ileak_m5p5V_mA_mm=high, MEASURE_ET_Rcat_cn_2=low, THIN_ET_lkg_100_at20V=high",MODERATE,"Full 3-way model beat lower-order in 4/5 folds, incremental R^2=0.0108."
MEASURE_ET_LT_SEC_Ileak_m5p5V_mA_mm,MEASURE_ET_Rcat_cn_3,THIN_ET_lkg_100_at20V,a_chaining_confirmed_pairs,2.1087,2.0966,0.571,0.1213,0.1326,0.0113,4/5,"MEASURE_ET_LT_SEC_Ileak_m5p5V_mA_mm=high, MEASURE_ET_Rcat_cn_3=high, THIN_ET_lkg_100_at20V=low","MEASURE_ET_LT_SEC_Ileak_m5p5V_mA_mm=high, MEASURE_ET_Rcat_cn_3=high, THIN_ET_lkg_100_at20V=high",MODERATE,"Full 3-way model beat lower-order in 4/5 folds, incremental R^2=0.0113."
MEASURE_ET_DC_SEC_Vp_1mA,MEASURE_ET_lkg_5,THIN_ET_lkg_5,a_chaining_confirmed_pairs,2.1382,2.1259,0.577,0.0916,0.1006,0.009,4/5,"MEASURE_ET_DC_SEC_Vp_1mA=high, MEASURE_ET_lkg_5=high, THIN_ET_lkg_5=low","MEASURE_ET_DC_SEC_Vp_1mA=low, MEASURE_ET_lkg_5=high, THIN_ET_lkg_5=high",MODERATE,"Full 3-way model beat lower-order in 4/5 folds, incremental R^2=0.0090."
MEASURE_ET_DC_SEC_Vp_1mA,MEASURE_ET_lkg_PAD_10,THIN_ET_lkg_5,a_chaining_confirmed_pairs,2.1372,2.1229,0.665,0.0945,0.1076,0.0131,4/5,"MEASURE_ET_DC_SEC_Vp_1mA=high, MEASURE_ET_lkg_PAD_10=low, THIN_ET_lkg_5=high","MEASURE_ET_DC_SEC_Vp_1mA=high, MEASURE_ET_lkg_PAD_10=high, THIN_ET_lkg_5=high",MODERATE,"Full 3-way model beat lower-order in 4/5 folds, incremental R^2=0.0131."
MEASURE_ET_C100USV_Cappf,TOPSIN_ET_CapFICM1,TOPSIN_ET_lkg_CapFICM1,a_chaining_confirmed_pairs,2.1431,2.1064,1.713,0.0918,0.1258,0.034,4/5,"MEASURE_ET_C100USV_Cappf=low, TOPSIN_ET_CapFICM1=high, TOPSIN_ET_lkg_CapFICM1=low","MEASURE_ET_C100USV_Cappf=low, TOPSIN_ET_CapFICM1=high, TOPSIN_ET_lkg_CapFICM1=high",MODERATE,"Full 3-way model beat lower-order in 4/5 folds, incremental R^2=0.0340."
MEASURE_ET_C100USV_Cappf,TOPSIN_ET_C300,TOPSIN_ET_lkg_CapFICM1,a_chaining_confirmed_pairs,2.1223,2.1094,0.609,0.1105,0.1227,0.0122,4/5,"MEASURE_ET_C100USV_Cappf=low, TOPSIN_ET_C300=high, TOPSIN_ET_lkg_CapFICM1=low","MEASURE_ET_C100USV_Cappf=low, TOPSIN_ET_C300=low, TOPSIN_ET_lkg_CapFICM1=high",MODERATE,"Full 3-way model beat lower-order in 4/5 folds, incremental R^2=0.0122."
MEASURE_ET_LT_SEC_Ileak_m5p5V_mA_mm,THIN_ET_Rc_TF_AB_2,THIN_ET_lkg_100_at20V,a_chaining_confirmed_pairs,2.0978,2.0861,0.561,0.1265,0.1383,0.0118,3/5,"MEASURE_ET_LT_SEC_Ileak_m5p5V_mA_mm=high, THIN_ET_Rc_TF_AB_2=low, THIN_ET_lkg_100_at20V=low","MEASURE_ET_LT_SEC_Ileak_m5p5V_mA_mm=high, THIN_ET_Rc_TF_AB_2=high, THIN_ET_lkg_100_at20V=high",MODERATE,Full 3-way model beat lower-order in 3/5 folds with incremental R^2=0.0118 -- majority but not unanimous.
MEASURE_ET_LT_SEC_Ileak_m5p5V_mA_mm,THIN_ET_lkg_100_at20V,TOPSIN_ET_lkg_SY8_80,a_chaining_confirmed_pairs,2.1561,2.1157,1.876,0.0832,0.1148,0.0316,4/5,"MEASURE_ET_LT_SEC_Ileak_m5p5V_mA_mm=high, THIN_ET_lkg_100_at20V=low, TOPSIN_ET_lkg_SY8_80=high","MEASURE_ET_LT_SEC_Ileak_m5p5V_mA_mm=high, THIN_ET_lkg_100_at20V=high, TOPSIN_ET_lkg_SY8_80=low",MODERATE,"Full 3-way model beat lower-order in 4/5 folds, incremental R^2=0.0316."
MEASURE_ET_C100USV_Cappf,THIN_ET_C200_0,TOPSIN_ET_lkg_CapFICM1,a_chaining_confirmed_pairs,2.1397,2.1106,1.361,0.0926,0.1217,0.0292,3/5,"MEASURE_ET_C100USV_Cappf=low, THIN_ET_C200_0=high, TOPSIN_ET_lkg_CapFICM1=low","MEASURE_ET_C100USV_Cappf=low, THIN_ET_C200_0=low, TOPSIN_ET_lkg_CapFICM1=high",MODERATE,Full 3-way model beat lower-order in 3/5 folds with incremental R^2=0.0292 -- majority but not unanimous.
MEASURE_ET_C100USV_Cappf,MEASURE_ET_C300pf,TOPSIN_ET_lkg_CapFICM1,a_chaining_confirmed_pairs,2.1271,2.1007,1.241,0.1045,0.1297,0.0252,4/5,"MEASURE_ET_C100USV_Cappf=low, MEASURE_ET_C300pf=low, TOPSIN_ET_lkg_CapFICM1=low","MEASURE_ET_C100USV_Cappf=low, MEASURE_ET_C300pf=low, TOPSIN_ET_lkg_CapFICM1=high",MODERATE,"Full 3-way model beat lower-order in 4/5 folds, incremental R^2=0.0252."
MEASURE_ET_C100USV_Cappf,TOPSIN_ET_C100CapUSV,TOPSIN_ET_lkg_CapFICM1,a_chaining_confirmed_pairs,2.1226,2.0887,1.597,0.1047,0.1378,0.0331,4/5,"MEASURE_ET_C100USV_Cappf=low, TOPSIN_ET_C100CapUSV=high, TOPSIN_ET_lkg_CapFICM1=low","MEASURE_ET_C100USV_Cappf=low, TOPSIN_ET_C100CapUSV=low, TOPSIN_ET_lkg_CapFICM1=high",MODERATE,"Full 3-way model beat lower-order in 4/5 folds, incremental R^2=0.0331."
MEASURE_ET_C100USV_Cappf,TOPSIN_ET_C100CapFICM1,TOPSIN_ET_lkg_CapFICM1,a_chaining_confirmed_pairs,2.1326,2.1083,1.137,0.0992,0.1232,0.024,4/5,"MEASURE_ET_C100USV_Cappf=low, TOPSIN_ET_C100CapFICM1=high, TOPSIN_ET_lkg_CapFICM1=low","MEASURE_ET_C100USV_Cappf=low, TOPSIN_ET_C100CapFICM1=low, TOPSIN_ET_lkg_CapFICM1=high",MODERATE,"Full 3-way model beat lower-order in 4/5 folds, incremental R^2=0.0240."
MEASURE_ET_Rc_an_ct2_OW_CR,THIN_ET_TF_AB_2,TOPSIN_ET_lkg_SY07_10,c_residual_conditional_structure,2.0982,2.0772,1.002,0.1229,0.1362,0.0133,3/5,"MEASURE_ET_Rc_an_ct2_OW_CR=low, THIN_ET_TF_AB_2=low, TOPSIN_ET_lkg_SY07_10=low","MEASURE_ET_Rc_an_ct2_OW_CR=high, THIN_ET_TF_AB_2=high, TOPSIN_ET_lkg_SY07_10=high",MODERATE,Full 3-way model beat lower-order in 3/5 folds with incremental R^2=0.0133 -- majority but not unanimous.
MEASURE_ET_C100C300pf,TOPSIN_ET_CapFICM1_0,TOPSIN_ET_lkg_CapFICM1,a_chaining_confirmed_pairs,2.1205,2.1022,0.863,0.1111,0.1286,0.0175,4/5,"MEASURE_ET_C100C300pf=high, TOPSIN_ET_CapFICM1_0=low, TOPSIN_ET_lkg_CapFICM1=low","MEASURE_ET_C100C300pf=high, TOPSIN_ET_CapFICM1_0=low, TOPSIN_ET_lkg_CapFICM1=high",MODERATE,"Full 3-way model beat lower-order in 4/5 folds, incremental R^2=0.0175."
MEASURE_ET_Rcat_cn_3,THIN_ET_lkg_100_at20V,TOPSIN_ET_lkg_SY8_80,a_chaining_confirmed_pairs,2.1096,2.0985,0.528,0.1218,0.132,0.0102,4/5,"MEASURE_ET_Rcat_cn_3=high, THIN_ET_lkg_100_at20V=low, TOPSIN_ET_lkg_SY8_80=high","MEASURE_ET_Rcat_cn_3=high, THIN_ET_lkg_100_at20V=high, TOPSIN_ET_lkg_SY8_80=high",MODERATE,"Full 3-way model beat lower-order in 4/5 folds, incremental R^2=0.0102."
MEASURE_ET_LT_SEC_Ileak_m7V_mA_mm,MEASURE_ET_lkg_C300pf,THIN_ET_TF_AB_2,a_chaining_confirmed_pairs,2.1891,2.1723,0.77,0.0537,0.0662,0.0125,4/5,"MEASURE_ET_LT_SEC_Ileak_m7V_mA_mm=low, MEASURE_ET_lkg_C300pf=low, THIN_ET_TF_AB_2=low","MEASURE_ET_LT_SEC_Ileak_m7V_mA_mm=low, MEASURE_ET_lkg_C300pf=high, THIN_ET_TF_AB_2=low",MODERATE,"Full 3-way model beat lower-order in 4/5 folds, incremental R^2=0.0125."
MEASURE_ET_C100CapPARCAP,MEASURE_ET_lkg_10,THIN_ET_lkg_100_at20V,a_chaining_confirmed_pairs,2.121,2.0994,1.02,0.1112,0.1311,0.0199,4/5,"MEASURE_ET_C100CapPARCAP=low, MEASURE_ET_lkg_10=high, THIN_ET_lkg_100_at20V=low","MEASURE_ET_C100CapPARCAP=high, MEASURE_ET_lkg_10=high, THIN_ET_lkg_100_at20V=high",MODERATE,"Full 3-way model beat lower-order in 4/5 folds, incremental R^2=0.0199."
MEASURE_ET_LT_SEC_Ileak_m7V_mA_mm,THIN_ET_TF_AB_2,THIN_ET_lkg_5,a_chaining_confirmed_pairs,2.189,2.1718,0.786,0.0536,0.0681,0.0145,4/5,"MEASURE_ET_LT_SEC_Ileak_m7V_mA_mm=low, THIN_ET_TF_AB_2=high, THIN_ET_lkg_5=high","MEASURE_ET_LT_SEC_Ileak_m7V_mA_mm=low, THIN_ET_TF_AB_2=low, THIN_ET_lkg_5=high",MODERATE,"Full 3-way model beat lower-order in 4/5 folds, incremental R^2=0.0145."
EBCR2_Ali_Litho_Gate_to_ohmic_alignment,MEASURE_ET_DC_RF2_S22dB_26GHz,TOPSIN_ET_lkg_C450pf,a_chaining_confirmed_pairs,2.0866,2.0671,0.939,0.1427,0.156,0.0133,3/5,"EBCR2_Ali_Litho_Gate_to_ohmic_alignment=high, MEASURE_ET_DC_RF2_S22dB_26GHz=low, TOPSIN_ET_lkg_C450pf=low","EBCR2_Ali_Litho_Gate_to_ohmic_alignment=high, MEASURE_ET_DC_RF2_S22dB_26GHz=low, TOPSIN_ET_lkg_C450pf=high",MODERATE,Full 3-way model beat lower-order in 3/5 folds with incremental R^2=0.0133 -- majority but not unanimous.
EBCR2_Ali_Litho_Gate_to_ohmic_alignment,THIN_ET_DC_RF_Vg_optt3,TOPSIN_ET_lkg_C450pf,a_chaining_confirmed_pairs,2.0513,2.0256,1.253,0.1692,0.1884,0.0192,4/5,"EBCR2_Ali_Litho_Gate_to_ohmic_alignment=high, THIN_ET_DC_RF_Vg_optt3=high, TOPSIN_ET_lkg_C450pf=low","EBCR2_Ali_Litho_Gate_to_ohmic_alignment=high, THIN_ET_DC_RF_Vg_optt3=high, TOPSIN_ET_lkg_C450pf=high",MODERATE,"Full 3-way model beat lower-order in 4/5 folds, incremental R^2=0.0192."
EBCR2_Ali_Litho_Gate_to_ohmic_alignment,TOPSIN_ET_CapPARCAP_0,TOPSIN_ET_lkg_C450pf,a_chaining_confirmed_pairs,1.9863,1.9645,1.1,0.2171,0.2309,0.0138,4/5,"EBCR2_Ali_Litho_Gate_to_ohmic_alignment=low, TOPSIN_ET_CapPARCAP_0=low, TOPSIN_ET_lkg_C450pf=low","EBCR2_Ali_Litho_Gate_to_ohmic_alignment=high, TOPSIN_ET_CapPARCAP_0=high, TOPSIN_ET_lkg_C450pf=high",MODERATE,"Full 3-way model beat lower-order in 4/5 folds, incremental R^2=0.0138."
EBCR2_Ali_Litho_Gate_to_ohmic_alignment,THIN_ET_Rc_OG142,TOPSIN_ET_lkg_C450pf,a_chaining_confirmed_pairs,1.9379,1.9049,1.704,0.2485,0.2701,0.0216,4/5,"EBCR2_Ali_Litho_Gate_to_ohmic_alignment=low, THIN_ET_Rc_OG142=low, TOPSIN_ET_lkg_C450pf=low","EBCR2_Ali_Litho_Gate_to_ohmic_alignment=high, THIN_ET_Rc_OG142=high, TOPSIN_ET_lkg_C450pf=high",MODERATE,"Full 3-way model beat lower-order in 4/5 folds, incremental R^2=0.0216."
EBCR2_Ali_Litho_Gate_to_ohmic_alignment,THIN_ET_Rc_cat_ct2,TOPSIN_ET_lkg_C450pf,a_chaining_confirmed_pairs,2.0619,2.0409,1.016,0.1613,0.1773,0.016,4/5,"EBCR2_Ali_Litho_Gate_to_ohmic_alignment=low, THIN_ET_Rc_cat_ct2=low, TOPSIN_ET_lkg_C450pf=low","EBCR2_Ali_Litho_Gate_to_ohmic_alignment=high, THIN_ET_Rc_cat_ct2=high, TOPSIN_ET_lkg_C450pf=high",MODERATE,"Full 3-way model beat lower-order in 4/5 folds, incremental R^2=0.0160."
EBCR2_Ali_Litho_Gate_to_ohmic_alignment,THIN_ET_Rc_f_hr_23,TOPSIN_ET_lkg_C450pf,a_chaining_confirmed_pairs,2.0747,2.058,0.804,0.1508,0.1623,0.0115,4/5,"EBCR2_Ali_Litho_Gate_to_ohmic_alignment=low, THIN_ET_Rc_f_hr_23=low, TOPSIN_ET_lkg_C450pf=low","EBCR2_Ali_Litho_Gate_to_ohmic_alignment=high, THIN_ET_Rc_f_hr_23=high, TOPSIN_ET_lkg_C450pf=high",MODERATE,"Full 3-way model beat lower-order in 4/5 folds, incremental R^2=0.0115."
MEASURE_ET_lkg_50_at20V,TOPSIN_ET_CapFICM1,TOPSIN_ET_Load_Pull_Id_ini,c_residual_conditional_structure,2.1415,2.1312,0.479,0.0856,0.0967,0.0111,4/5,"MEASURE_ET_lkg_50_at20V=low, TOPSIN_ET_CapFICM1=low, TOPSIN_ET_Load_Pull_Id_ini=high","MEASURE_ET_lkg_50_at20V=high, TOPSIN_ET_CapFICM1=low, TOPSIN_ET_Load_Pull_Id_ini=low",MODERATE,Full 3-way model beat lower-order in 4/5 folds with incremental R^2=0.0111 -- majority but not unanimous.
MEASURE_ET_lkg_50_at20V,TOPSIN_ET_CapFICM1,TOPSIN_ET_lkg_CapFICM1,c_residual_conditional_structure,2.163,2.1481,0.692,0.0739,0.0887,0.0148,4/5,"MEASURE_ET_lkg_50_at20V=low, TOPSIN_ET_CapFICM1=low, TOPSIN_ET_lkg_CapFICM1=low","MEASURE_ET_lkg_50_at20V=high, TOPSIN_ET_CapFICM1=low, TOPSIN_ET_lkg_CapFICM1=high",MODERATE,"Full 3-way model beat lower-order in 4/5 folds, incremental R^2=0.0148."
MEASURE_ET_lkg_C300,MEASURE_ET_lkg_C300pf,THIN_ET_TF_AB_2,a_chaining_confirmed_pairs,2.1746,2.1572,0.801,0.0653,0.0791,0.0137,4/5,"MEASURE_ET_lkg_C300=low, MEASURE_ET_lkg_C300pf=low, THIN_ET_TF_AB_2=low","MEASURE_ET_lkg_C300=high, MEASURE_ET_lkg_C300pf=high, THIN_ET_TF_AB_2=high",MODERATE,"Full 3-way model beat lower-order in 4/5 folds, incremental R^2=0.0137."
MEASURE_ET_lkg_10,THIN_ET_lkg_100_at20V,TOPSIN_ET_DC_SMALL_Vdg_max,a_chaining_confirmed_pairs,2.1208,2.1078,0.609,0.1148,0.1248,0.0101,4/5,"MEASURE_ET_lkg_10=high, THIN_ET_lkg_100_at20V=low, TOPSIN_ET_DC_SMALL_Vdg_max=high","MEASURE_ET_lkg_10=low, THIN_ET_lkg_100_at20V=high, TOPSIN_ET_DC_SMALL_Vdg_max=high",MODERATE,"Full 3-way model beat lower-order in 4/5 folds, incremental R^2=0.0101."
MEASURE_ET_lkg_10,THIN_ET_lkg_100_at20V,TOPSIN_ET_CapPARCAP_0,a_chaining_confirmed_pairs,2.0733,2.0457,1.332,0.1455,0.1695,0.024,4/5,"MEASURE_ET_lkg_10=high, THIN_ET_lkg_100_at20V=low, TOPSIN_ET_CapPARCAP_0=low","MEASURE_ET_lkg_10=high, THIN_ET_lkg_100_at20V=high, TOPSIN_ET_CapPARCAP_0=high",MODERATE,"Full 3-way model beat lower-order in 4/5 folds, incremental R^2=0.0240."
MEASURE_ET_lkg_10,THIN_ET_Rcat_cn_3,THIN_ET_lkg_100_at20V,a_chaining_confirmed_pairs,2.078,2.0493,1.38,0.14,0.1664,0.0263,4/5,"MEASURE_ET_lkg_10=high, THIN_ET_Rcat_cn_3=low, THIN_ET_lkg_100_at20V=low","MEASURE_ET_lkg_10=high, THIN_ET_Rcat_cn_3=high, THIN_ET_lkg_100_at20V=high",MODERATE,"Full 3-way model beat lower-order in 4/5 folds, incremental R^2=0.0263."
FIC_ET_Rc_f_tn_23,THIN_ET_lkg_100_at20V,TOPSIN_ET_lkg_Cap3,a_chaining_confirmed_pairs,2.0636,2.0506,0.63,0.1573,0.1694,0.0121,4/5,"FIC_ET_Rc_f_tn_23=low, THIN_ET_lkg_100_at20V=low, TOPSIN_ET_lkg_Cap3=high","FIC_ET_Rc_f_tn_23=high, THIN_ET_lkg_100_at20V=high, TOPSIN_ET_lkg_Cap3=high",MODERATE,"Full 3-way model beat lower-order in 4/5 folds, incremental R^2=0.0121."
FIC_ET_Rc_f_tn_23,MEASURE_ET_LT_SEC_Ileak_m5p5V_mA_mm,THIN_ET_lkg_100_at20V,a_chaining_confirmed_pairs,2.0705,2.054,0.793,0.1523,0.1671,0.0149,4/5,"FIC_ET_Rc_f_tn_23=low, MEASURE_ET_LT_SEC_Ileak_m5p5V_mA_mm=high, THIN_ET_lkg_100_at20V=low","FIC_ET_Rc_f_tn_23=high, MEASURE_ET_LT_SEC_Ileak_m5p5V_mA_mm=high, THIN_ET_lkg_100_at20V=high",MODERATE,"Full 3-way model beat lower-order in 4/5 folds, incremental R^2=0.0149."
FIC_ET_Rc_f_tn_23,THIN_ET_lkg_100_at20V,TOPSIN_ET_lkg_SY8_80,a_chaining_confirmed_pairs,2.0754,2.0627,0.611,0.1494,0.1612,0.0118,3/5,"FIC_ET_Rc_f_tn_23=low, THIN_ET_lkg_100_at20V=low, TOPSIN_ET_lkg_SY8_80=high","FIC_ET_Rc_f_tn_23=high, THIN_ET_lkg_100_at20V=high, TOPSIN_ET_lkg_SY8_80=high",MODERATE,Full 3-way model beat lower-order in 3/5 folds with incremental R^2=0.0118 -- majority but not unanimous.
MEASURE_ET_C100C300pf,MEASURE_ET_C100USV_Cappf,TOPSIN_ET_lkg_CapFICM1,a_chaining_confirmed_pairs,2.1008,2.0839,0.807,0.1302,0.1461,0.0159,3/5,"MEASURE_ET_C100C300pf=high, MEASURE_ET_C100USV_Cappf=low, TOPSIN_ET_lkg_CapFICM1=low","MEASURE_ET_C100C300pf=high, MEASURE_ET_C100USV_Cappf=low, TOPSIN_ET_lkg_CapFICM1=high",MODERATE,Full 3-way model beat lower-order in 3/5 folds with incremental R^2=0.0159 -- majority but not unanimous.
MEASURE_ET_C100C300pf,THIN_ET_C200_0,TOPSIN_ET_lkg_CapFICM1,a_chaining_confirmed_pairs,2.1123,2.099,0.632,0.1196,0.1322,0.0126,4/5,"MEASURE_ET_C100C300pf=low, THIN_ET_C200_0=high, TOPSIN_ET_lkg_CapFICM1=low","MEASURE_ET_C100C300pf=high, THIN_ET_C200_0=low, TOPSIN_ET_lkg_CapFICM1=high",MODERATE,"Full 3-way model beat lower-order in 4/5 folds, incremental R^2=0.0126."
MEASURE_ET_C100C300pf,TOPSIN_ET_C100CapFICM1,TOPSIN_ET_lkg_CapFICM1,a_chaining_confirmed_pairs,2.1183,2.0924,1.22,0.1133,0.1375,0.0242,4/5,"MEASURE_ET_C100C300pf=low, TOPSIN_ET_C100CapFICM1=high, TOPSIN_ET_lkg_CapFICM1=low","MEASURE_ET_C100C300pf=high, TOPSIN_ET_C100CapFICM1=low, TOPSIN_ET_lkg_CapFICM1=high",MODERATE,"Full 3-way model beat lower-order in 4/5 folds, incremental R^2=0.0242."
SIN_CAPACITOR_ThicknessGN1_SiN_Thickness,TOPSIN_ET_CapFICM1,TOPSIN_ET_Load_Pull_Id_ini,a_chaining_confirmed_pairs,2.178,2.1269,2.346,0.057,0.1047,0.0477,4/5,"SIN_CAPACITOR_ThicknessGN1_SiN_Thickness=low, TOPSIN_ET_CapFICM1=low, TOPSIN_ET_Load_Pull_Id_ini=high","SIN_CAPACITOR_ThicknessGN1_SiN_Thickness=low, TOPSIN_ET_CapFICM1=low, TOPSIN_ET_Load_Pull_Id_ini=low",MODERATE,"Full 3-way model beat lower-order in 4/5 folds, incremental R^2=0.0477."
THIN_ET_Rcat_cn_1,THIN_ET_lkg_100_at20V,TOPSIN_ET_lkg_Cap3,a_chaining_confirmed_pairs,2.0998,2.0857,0.671,0.1296,0.1403,0.0107,4/5,"THIN_ET_Rcat_cn_1=low, THIN_ET_lkg_100_at20V=low, TOPSIN_ET_lkg_Cap3=high","THIN_ET_Rcat_cn_1=high, THIN_ET_lkg_100_at20V=high, TOPSIN_ET_lkg_Cap3=high",MODERATE,"Full 3-way model beat lower-order in 4/5 folds, incremental R^2=0.0107."
THIN_ET_Rcat_cn_3,THIN_ET_lkg_100_at20V,TOPSIN_ET_lkg_Cap3,a_chaining_confirmed_pairs,2.0612,2.0405,1.003,0.1539,0.1727,0.0188,4/5,"THIN_ET_Rcat_cn_3=high, THIN_ET_lkg_100_at20V=low, TOPSIN_ET_lkg_Cap3=high","THIN_ET_Rcat_cn_3=high, THIN_ET_lkg_100_at20V=high, TOPSIN_ET_lkg_Cap3=high",MODERATE,"Full 3-way model beat lower-order in 4/5 folds, incremental R^2=0.0188."
THIN_ET_TF_AB_2,THIN_ET_lkg_5,TOPSIN_ET_lkg_5,c_residual_conditional_structure,2.1605,2.147,0.625,0.0742,0.0866,0.0125,4/5,"THIN_ET_TF_AB_2=high, THIN_ET_lkg_5=high, TOPSIN_ET_lkg_5=low","THIN_ET_TF_AB_2=high, THIN_ET_lkg_5=high, TOPSIN_ET_lkg_5=high",MODERATE,"Full 3-way model beat lower-order in 4/5 folds, incremental R^2=0.0125."
MEASURE_ET_lkg_50,THIN_ET_TF_AB_2,THIN_ET_lkg_5,a_chaining_confirmed_pairs,2.1594,2.1435,0.74,0.0799,0.0923,0.0124,4/5,"MEASURE_ET_lkg_50=low, THIN_ET_TF_AB_2=high, THIN_ET_lkg_5=high","MEASURE_ET_lkg_50=high, THIN_ET_TF_AB_2=high, THIN_ET_lkg_5=high",MODERATE,"Full 3-way model beat lower-order in 4/5 folds, incremental R^2=0.0124."
MEASURE_ET_lkg_Cap_USV,THIN_ET_lkg_100_at20V,TOPSIN_ET_lkg_SY8_80,a_chaining_confirmed_pairs,2.148,2.1179,1.397,0.0911,0.1134,0.0224,4/5,"MEASURE_ET_lkg_Cap_USV=low, THIN_ET_lkg_100_at20V=low, TOPSIN_ET_lkg_SY8_80=high","MEASURE_ET_lkg_Cap_USV=low, THIN_ET_lkg_100_at20V=high, TOPSIN_ET_lkg_SY8_80=low",MODERATE,"Full 3-way model beat lower-order in 4/5 folds, incremental R^2=0.0224."
MEASURE_ET_lkg_C385pf,TOPSIN_ET_CapFICM1,TOPSIN_ET_lkg_CapFICM1,c_residual_conditional_structure,2.1588,2.1465,0.57,0.08,0.0918,0.0118,4/5,"MEASURE_ET_lkg_C385pf=low, TOPSIN_ET_CapFICM1=low, TOPSIN_ET_lkg_CapFICM1=low","MEASURE_ET_lkg_C385pf=high, TOPSIN_ET_CapFICM1=low, TOPSIN_ET_lkg_CapFICM1=high",MODERATE,"Full 3-way model beat lower-order in 4/5 folds, incremental R^2=0.0118."
EBCR2_Ali_Litho_Gate_to_ohmic_alignment,MEASURE_ET_Rcat_cn_2,TOPSIN_ET_lkg_C450pf,a_chaining_confirmed_pairs,2.0843,2.0674,0.81,0.1436,0.1588,0.0152,4/5,"EBCR2_Ali_Litho_Gate_to_ohmic_alignment=low, MEASURE_ET_Rcat_cn_2=low, TOPSIN_ET_lkg_C450pf=low","EBCR2_Ali_Litho_Gate_to_ohmic_alignment=high, MEASURE_ET_Rcat_cn_2=high, TOPSIN_ET_lkg_C450pf=high",MODERATE,"Full 3-way model beat lower-order in 4/5 folds, incremental R^2=0.0152."
THIN_ET_C200_0,TOPSIN_ET_CapFICM1,TOPSIN_ET_lkg_CapFICM1,a_chaining_confirmed_pairs,2.157,2.141,0.738,0.0779,0.0938,0.0159,4/5,"THIN_ET_C200_0=low, TOPSIN_ET_CapFICM1=low, TOPSIN_ET_lkg_CapFICM1=low","THIN_ET_C200_0=low, TOPSIN_ET_CapFICM1=high, TOPSIN_ET_lkg_CapFICM1=high",MODERATE,"Full 3-way model beat lower-order in 4/5 folds, incremental R^2=0.0159."
THIN_ET_C200_0,TOPSIN_ET_C100CapUSV,TOPSIN_ET_lkg_CapFICM1,a_chaining_confirmed_pairs,2.1497,2.1058,2.041,0.0772,0.1211,0.0439,3/5,"THIN_ET_C200_0=low, TOPSIN_ET_C100CapUSV=high, TOPSIN_ET_lkg_CapFICM1=high","THIN_ET_C200_0=low, TOPSIN_ET_C100CapUSV=low, TOPSIN_ET_lkg_CapFICM1=high",MODERATE,Full 3-way model beat lower-order in 3/5 folds with incremental R^2=0.0439 -- majority but not unanimous.
THIN_ET_C200_0,TOPSIN_ET_C100CapFICM1,TOPSIN_ET_lkg_CapFICM1,a_chaining_confirmed_pairs,2.1662,2.1393,1.24,0.0668,0.095,0.0282,3/5,"THIN_ET_C200_0=low, TOPSIN_ET_C100CapFICM1=low, TOPSIN_ET_lkg_CapFICM1=low","THIN_ET_C200_0=low, TOPSIN_ET_C100CapFICM1=low, TOPSIN_ET_lkg_CapFICM1=high",MODERATE,Full 3-way model beat lower-order in 3/5 folds with incremental R^2=0.0282 -- majority but not unanimous.
SIN_GATE_ET_lkg_5,TOPSIN_ET_CapFICM1,TOPSIN_ET_Load_Pull_Id_ini,c_residual_conditional_structure,2.117,2.1057,0.534,0.1083,0.1194,0.0112,3/5,"SIN_GATE_ET_lkg_5=low, TOPSIN_ET_CapFICM1=low, TOPSIN_ET_Load_Pull_Id_ini=high","SIN_GATE_ET_lkg_5=high, TOPSIN_ET_CapFICM1=low, TOPSIN_ET_Load_Pull_Id_ini=low",MODERATE,Full 3-way model beat lower-order in 3/5 folds with incremental R^2=0.0112 -- majority but not unanimous.
SIN_GATE_ET_OHMC,THIN_ET_lkg_100_at20V,TOPSIN_ET_lkg_SY8_80,a_chaining_confirmed_pairs,2.1178,2.0993,0.872,0.1157,0.1297,0.014,4/5,"SIN_GATE_ET_OHMC=high, THIN_ET_lkg_100_at20V=low, TOPSIN_ET_lkg_SY8_80=high","SIN_GATE_ET_OHMC=low, THIN_ET_lkg_100_at20V=high, TOPSIN_ET_lkg_SY8_80=low",MODERATE,"Full 3-way model beat lower-order in 4/5 folds, incremental R^2=0.0140."
SIN_GATE_ET_Rc_an_ct2,THIN_ET_lkg_100_at20V,TOPSIN_ET_lkg_Cap3,a_chaining_confirmed_pairs,2.0728,2.0512,1.038,0.1555,0.1713,0.0158,4/5,"SIN_GATE_ET_Rc_an_ct2=low, THIN_ET_lkg_100_at20V=low, TOPSIN_ET_lkg_Cap3=high","SIN_GATE_ET_Rc_an_ct2=high, THIN_ET_lkg_100_at20V=high, TOPSIN_ET_lkg_Cap3=high",MODERATE,"Full 3-way model beat lower-order in 4/5 folds, incremental R^2=0.0158."
THIN_ET_DC_RF_Vg_optt3,THIN_ET_lkg_100_at20V,TOPSIN_ET_lkg_SY8_80,a_chaining_confirmed_pairs,2.1087,2.0936,0.712,0.126,0.1379,0.0119,3/5,"THIN_ET_DC_RF_Vg_optt3=high, THIN_ET_lkg_100_at20V=low, TOPSIN_ET_lkg_SY8_80=high","THIN_ET_DC_RF_Vg_optt3=high, THIN_ET_lkg_100_at20V=high, TOPSIN_ET_lkg_SY8_80=high",MODERATE,Full 3-way model beat lower-order in 3/5 folds with incremental R^2=0.0119 -- majority but not unanimous.
THIN_ET_Rc_cat_ct2,THIN_ET_lkg_100_at20V,TOPSIN_ET_lkg_Cap3,a_chaining_confirmed_pairs,2.1078,2.0958,0.569,0.1202,0.132,0.0118,3/5,"THIN_ET_Rc_cat_ct2=low, THIN_ET_lkg_100_at20V=low, TOPSIN_ET_lkg_Cap3=high","THIN_ET_Rc_cat_ct2=high, THIN_ET_lkg_100_at20V=high, TOPSIN_ET_lkg_Cap3=high",MODERATE,Full 3-way model beat lower-order in 3/5 folds with incremental R^2=0.0118 -- majority but not unanimous.
TOPSIN_ET_C300,TOPSIN_ET_CapFICM1_0,TOPSIN_ET_lkg_CapFICM1,a_chaining_confirmed_pairs,2.1437,2.1225,0.993,0.0903,0.1101,0.0198,4/5,"TOPSIN_ET_C300=high, TOPSIN_ET_CapFICM1_0=low, TOPSIN_ET_lkg_CapFICM1=low","TOPSIN_ET_C300=low, TOPSIN_ET_CapFICM1_0=low, TOPSIN_ET_lkg_CapFICM1=high",MODERATE,"Full 3-way model beat lower-order in 4/5 folds, incremental R^2=0.0198."
ANODE_ET_Rc_an_ct2_OW_CR,MEASURE_ET_RF_Modeling_Gm,TOPSIN_ET_C100Cap1pf,a_chaining_confirmed_pairs,2.1163,2.0983,0.848,0.1162,0.1293,0.0132,4/5,"ANODE_ET_Rc_an_ct2_OW_CR=low, MEASURE_ET_RF_Modeling_Gm=high, TOPSIN_ET_C100Cap1pf=low","ANODE_ET_Rc_an_ct2_OW_CR=low, MEASURE_ET_RF_Modeling_Gm=high, TOPSIN_ET_C100Cap1pf=high",MODERATE,"Full 3-way model beat lower-order in 4/5 folds, incremental R^2=0.0132."
TOPSIN_ET_CapFICM1,TOPSIN_ET_Load_Pull_Id_ini,TOPSIN_ET_lkg_SY07_10,c_residual_conditional_structure,2.1142,2.1009,0.626,0.1087,0.1219,0.0132,4/5,"TOPSIN_ET_CapFICM1=low, TOPSIN_ET_Load_Pull_Id_ini=high, TOPSIN_ET_lkg_SY07_10=low","TOPSIN_ET_CapFICM1=low, TOPSIN_ET_Load_Pull_Id_ini=low, TOPSIN_ET_lkg_SY07_10=high",MODERATE,"Full 3-way model beat lower-order in 4/5 folds, incremental R^2=0.0132."
TOPSIN_ET_CapFICM1,TOPSIN_ET_CapFICM1_0,TOPSIN_ET_lkg_CapFICM1,a_chaining_confirmed_pairs,2.1401,2.1157,1.143,0.0924,0.1156,0.0232,4/5,"TOPSIN_ET_CapFICM1=high, TOPSIN_ET_CapFICM1_0=low, TOPSIN_ET_lkg_CapFICM1=low","TOPSIN_ET_CapFICM1=high, TOPSIN_ET_CapFICM1_0=low, TOPSIN_ET_lkg_CapFICM1=high",MODERATE,"Full 3-way model beat lower-order in 4/5 folds, incremental R^2=0.0232."
ANODE_ET_Rc_an_ct2_OW_CR,MEASURE_ET_lkg_50_at20V,TOPSIN_ET_C100Cap1pf,a_chaining_confirmed_pairs+b_tree_path_cooccurrence,2.075,2.0581,0.814,0.1481,0.1634,0.0153,4/5,"ANODE_ET_Rc_an_ct2_OW_CR=low, MEASURE_ET_lkg_50_at20V=low, TOPSIN_ET_C100Cap1pf=low","ANODE_ET_Rc_an_ct2_OW_CR=high, MEASURE_ET_lkg_50_at20V=high, TOPSIN_ET_C100Cap1pf=low",MODERATE,"Full 3-way model beat lower-order in 4/5 folds, incremental R^2=0.0153."
ANODE_ET_Rc_an_ct2_OW_CR,TOPSIN_ET_C100Cap1pf,TOPSIN_ET_C300,a_chaining_confirmed_pairs,2.1441,2.1141,1.399,0.0863,0.1155,0.0292,4/5,"ANODE_ET_Rc_an_ct2_OW_CR=low, TOPSIN_ET_C100Cap1pf=low, TOPSIN_ET_C300=low","ANODE_ET_Rc_an_ct2_OW_CR=high, TOPSIN_ET_C100Cap1pf=high, TOPSIN_ET_C300=low",MODERATE,"Full 3-way model beat lower-order in 4/5 folds, incremental R^2=0.0292."
THIN_ET_Rc_cat_ct2,THIN_ET_lkg_100_at20V,TOPSIN_ET_lkg_SY8_80,a_chaining_confirmed_pairs,2.1204,2.097,1.106,0.1098,0.1317,0.022,4/5,"THIN_ET_Rc_cat_ct2=high, THIN_ET_lkg_100_at20V=low, TOPSIN_ET_lkg_SY8_80=high","THIN_ET_Rc_cat_ct2=high, THIN_ET_lkg_100_at20V=high, TOPSIN_ET_lkg_SY8_80=high",MODERATE,"Full 3-way model beat lower-order in 4/5 folds, incremental R^2=0.0220."
THIN_ET_C200_0,TOPSIN_ET_CapFICM1_0,TOPSIN_ET_lkg_CapFICM1,a_chaining_confirmed_pairs,2.1504,2.1195,1.438,0.081,0.1121,0.0312,3/5,"THIN_ET_C200_0=high, TOPSIN_ET_CapFICM1_0=low, TOPSIN_ET_lkg_CapFICM1=low","THIN_ET_C200_0=low, TOPSIN_ET_CapFICM1_0=low, TOPSIN_ET_lkg_CapFICM1=high",MODERATE,Full 3-way model beat lower-order in 3/5 folds with incremental R^2=0.0312 -- majority but not unanimous.
MEASURE_ET_DC_Big_S12dB_10GHz,MEASURE_ET_DC_RF_K_W,SIN_ET_DC_RF_Vbin_gs,b_tree_path_cooccurrence,2.1532,2.1529,0.011,0.0868,0.0868,0.0,3/5,"MEASURE_ET_DC_Big_S12dB_10GHz=low, MEASURE_ET_DC_RF_K_W=high, SIN_ET_DC_RF_Vbin_gs=high","MEASURE_ET_DC_Big_S12dB_10GHz=high, MEASURE_ET_DC_RF_K_W=high, SIN_ET_DC_RF_Vbin_gs=low",WEAK,"Full 3-way model beat lower-order in only 3/5 folds, incremental R^2=0.0000 -- inconsistent."
MEASURE_ET_DC_Big_S12dB_10GHz,MEASURE_ET_DC_RF2_S22dB_26GHz,MEASURE_ET_lkg_50_at20V,b_tree_path_cooccurrence,2.1683,2.1699,-0.077,0.0777,0.0763,-0.0014,4/5,"MEASURE_ET_DC_Big_S12dB_10GHz=high, MEASURE_ET_DC_RF2_S22dB_26GHz=low, MEASURE_ET_lkg_50_at20V=low","MEASURE_ET_DC_Big_S12dB_10GHz=high, MEASURE_ET_DC_RF2_S22dB_26GHz=high, MEASURE_ET_lkg_50_at20V=high",WEAK,"Full 3-way model beat lower-order in only 4/5 folds, incremental R^2=-0.0014 -- inconsistent."
MEASURE_ET_Cap2pf,MEASURE_ET_DC_RF_Max_S11_Ph_L2180,TOPSIN_ET_lkg_CapPARCAP,c_residual_conditional_structure,2.1174,2.1076,0.466,0.1135,0.1232,0.0097,3/5,"MEASURE_ET_Cap2pf=low, MEASURE_ET_DC_RF_Max_S11_Ph_L2180=low, TOPSIN_ET_lkg_CapPARCAP=low","MEASURE_ET_Cap2pf=low, MEASURE_ET_DC_RF_Max_S11_Ph_L2180=high, TOPSIN_ET_lkg_CapPARCAP=high",WEAK,"Full 3-way model beat lower-order in only 3/5 folds, incremental R^2=0.0097 -- inconsistent."
MEASURE_ET_CapPARCAP_0,THIN_ET_TF_AB_2,TOPSIN_ET_lkg_SY07_10,c_residual_conditional_structure,2.0255,2.0208,0.23,0.1809,0.1832,0.0023,2/5,"MEASURE_ET_CapPARCAP_0=low, THIN_ET_TF_AB_2=high, TOPSIN_ET_lkg_SY07_10=low","MEASURE_ET_CapPARCAP_0=high, THIN_ET_TF_AB_2=high, TOPSIN_ET_lkg_SY07_10=high",WEAK,"Full 3-way model beat lower-order in only 2/5 folds, incremental R^2=0.0023 -- inconsistent."
MEASURE_ET_DC_Big_S12dB_10GHz,MEASURE_ET_DC_SMALL_Ids_m0p2,MEASURE_ET_lkg_50_at20V,b_tree_path_cooccurrence,2.1395,2.1354,0.189,0.1013,0.1034,0.0022,3/5,"MEASURE_ET_DC_Big_S12dB_10GHz=high, MEASURE_ET_DC_SMALL_Ids_m0p2=low, MEASURE_ET_lkg_50_at20V=low","MEASURE_ET_DC_Big_S12dB_10GHz=high, MEASURE_ET_DC_SMALL_Ids_m0p2=high, MEASURE_ET_lkg_50_at20V=high",WEAK,"Full 3-way model beat lower-order in only 3/5 folds, incremental R^2=0.0022 -- inconsistent."
ANODE_ET_Rc_an_ct2_OW_CR,MEASURE_ET_DC_RF_K_W,TOPSIN_ET_C100Cap1pf,a_chaining_confirmed_pairs,2.0785,2.0705,0.384,0.1432,0.1508,0.0076,4/5,"ANODE_ET_Rc_an_ct2_OW_CR=low, MEASURE_ET_DC_RF_K_W=high, TOPSIN_ET_C100Cap1pf=low","ANODE_ET_Rc_an_ct2_OW_CR=low, MEASURE_ET_DC_RF_K_W=low, TOPSIN_ET_C100Cap1pf=high",WEAK,"Full 3-way model beat lower-order in only 4/5 folds, incremental R^2=0.0076 -- inconsistent."
MEASURE_ET_DC_RF_K_W,MEASURE_ET_DC_SMALL_Ids_m0p2,MEASURE_ET_lkg_50_at20V,b_tree_path_cooccurrence,2.1169,2.1123,0.215,0.1154,0.1196,0.0043,3/5,"MEASURE_ET_DC_RF_K_W=high, MEASURE_ET_DC_SMALL_Ids_m0p2=low, MEASURE_ET_lkg_50_at20V=low","MEASURE_ET_DC_RF_K_W=low, MEASURE_ET_DC_SMALL_Ids_m0p2=high, MEASURE_ET_lkg_50_at20V=high",WEAK,"Full 3-way model beat lower-order in only 3/5 folds, incremental R^2=0.0043 -- inconsistent."
MEASURE_ET_DC_RF_CF_S22_Ph_L1018,MEASURE_ET_DC_RF_Vbin_gs,MEASURE_ET_DC_RF_Vt_gd,a_chaining_confirmed_pairs,2.2038,2.1953,0.387,0.0386,0.0462,0.0076,5/5,"MEASURE_ET_DC_RF_CF_S22_Ph_L1018=low, MEASURE_ET_DC_RF_Vbin_gs=high, MEASURE_ET_DC_RF_Vt_gd=low","MEASURE_ET_DC_RF_CF_S22_Ph_L1018=high, MEASURE_ET_DC_RF_Vbin_gs=low, MEASURE_ET_DC_RF_Vt_gd=low",WEAK,"Full 3-way model beat lower-order in only 5/5 folds, incremental R^2=0.0076 -- inconsistent."
MEASURE_ET_DC_SEC_Vp_1mA,THIN_ET_lkg_5,TOPSIN_ET_lkg_CapPARCAP,a_chaining_confirmed_pairs,2.1791,2.1705,0.395,0.0602,0.0681,0.0079,5/5,"MEASURE_ET_DC_SEC_Vp_1mA=high, THIN_ET_lkg_5=high, TOPSIN_ET_lkg_CapPARCAP=low","MEASURE_ET_DC_SEC_Vp_1mA=low, THIN_ET_lkg_5=high, TOPSIN_ET_lkg_CapPARCAP=high",WEAK,"Full 3-way model beat lower-order in only 5/5 folds, incremental R^2=0.0079 -- inconsistent."
MEASURE_ET_DC_SEC_X_Ig_cut1_mAmm_pos_FPSD3p2,MEASURE_ET_LT_SEC_Ileak_m7V_mA_mm,THIN_ET_TF_AB_2,c_residual_conditional_structure,2.1185,2.1144,0.196,0.1118,0.115,0.0032,4/5,"MEASURE_ET_DC_SEC_X_Ig_cut1_mAmm_pos_FPSD3p2=high, MEASURE_ET_LT_SEC_Ileak_m7V_mA_mm=low, THIN_ET_TF_AB_2=low","MEASURE_ET_DC_SEC_X_Ig_cut1_mAmm_pos_FPSD3p2=low, MEASURE_ET_LT_SEC_Ileak_m7V_mA_mm=high, THIN_ET_TF_AB_2=high",WEAK,"Full 3-way model beat lower-order in only 4/5 folds, incremental R^2=0.0032 -- inconsistent."
MEASURE_ET_DC_SEC_X_Ig_cut1_mAmm_pos_FPSD3p2,TOPSIN_ET_C100CapUSV,TOPSIN_ET_lkg_CapFICM1,c_residual_conditional_structure,2.0498,2.0426,0.351,0.1635,0.1718,0.0083,3/5,"MEASURE_ET_DC_SEC_X_Ig_cut1_mAmm_pos_FPSD3p2=high, TOPSIN_ET_C100CapUSV=low, TOPSIN_ET_lkg_CapFICM1=low","MEASURE_ET_DC_SEC_X_Ig_cut1_mAmm_pos_FPSD3p2=low, TOPSIN_ET_C100CapUSV=low, TOPSIN_ET_lkg_CapFICM1=high",WEAK,"Full 3-way model beat lower-order in only 3/5 folds, incremental R^2=0.0083 -- inconsistent."
MEASURE_ET_DC_SEC_X_Ig_mAmm_at_Vg_cond_neg,MEASURE_ET_Rc_an_ct2_OW_CR,MEASURE_ET_lkg_50_at20V,b_tree_path_cooccurrence,2.0857,2.0839,0.088,0.1385,0.1405,0.0019,3/5,"MEASURE_ET_DC_SEC_X_Ig_mAmm_at_Vg_cond_neg=high, MEASURE_ET_Rc_an_ct2_OW_CR=low, MEASURE_ET_lkg_50_at20V=low","MEASURE_ET_DC_SEC_X_Ig_mAmm_at_Vg_cond_neg=low, MEASURE_ET_Rc_an_ct2_OW_CR=high, MEASURE_ET_lkg_50_at20V=high",WEAK,"Full 3-way model beat lower-order in only 3/5 folds, incremental R^2=0.0019 -- inconsistent."
MEASURE_ET_DC_SMALL_Ids_m0p2,MEASURE_ET_DC_Stress_Id_stress_before,MEASURE_ET_lkg_50_at20V,b_tree_path_cooccurrence,2.1044,2.1049,-0.023,0.1268,0.1262,-0.0006,4/5,"MEASURE_ET_DC_SMALL_Ids_m0p2=high, MEASURE_ET_DC_Stress_Id_stress_before=high, MEASURE_ET_lkg_50_at20V=low","MEASURE_ET_DC_SMALL_Ids_m0p2=high, MEASURE_ET_DC_Stress_Id_stress_before=low, MEASURE_ET_lkg_50_at20V=high",WEAK,"Full 3-way model beat lower-order in only 4/5 folds, incremental R^2=-0.0006 -- inconsistent."
MEASURE_ET_C300pf,MEASURE_ET_DC_SEC_X_Ig_cut1_mAmm_pos_FPSD3p2,TOPSIN_ET_lkg_CapFICM1,c_residual_conditional_structure,2.0196,2.017,0.13,0.1929,0.1951,0.0022,4/5,"MEASURE_ET_C300pf=low, MEASURE_ET_DC_SEC_X_Ig_cut1_mAmm_pos_FPSD3p2=high, TOPSIN_ET_lkg_CapFICM1=low","MEASURE_ET_C300pf=low, MEASURE_ET_DC_SEC_X_Ig_cut1_mAmm_pos_FPSD3p2=low, TOPSIN_ET_lkg_CapFICM1=high",WEAK,"Full 3-way model beat lower-order in only 4/5 folds, incremental R^2=0.0022 -- inconsistent."
MEASURE_ET_DC_RF2_S22dB_26GHz,MEASURE_ET_DC_Stress_Id_stress_before,MEASURE_ET_lkg_50_at20V,b_tree_path_cooccurrence,2.1535,2.1511,0.114,0.087,0.0891,0.0021,4/5,"MEASURE_ET_DC_RF2_S22dB_26GHz=low, MEASURE_ET_DC_Stress_Id_stress_before=high, MEASURE_ET_lkg_50_at20V=low","MEASURE_ET_DC_RF2_S22dB_26GHz=high, MEASURE_ET_DC_Stress_Id_stress_before=high, MEASURE_ET_lkg_50_at20V=high",WEAK,"Full 3-way model beat lower-order in only 4/5 folds, incremental R^2=0.0021 -- inconsistent."
MEASURE_ET_DC_RF2_S22dB_26GHz,MEASURE_ET_lkg_50_at20V,TOPSIN_ET_C100Cap1pf,b_tree_path_cooccurrence,2.1785,2.1741,0.198,0.0655,0.0697,0.0042,4/5,"MEASURE_ET_DC_RF2_S22dB_26GHz=low, MEASURE_ET_lkg_50_at20V=low, TOPSIN_ET_C100Cap1pf=low","MEASURE_ET_DC_RF2_S22dB_26GHz=high, MEASURE_ET_lkg_50_at20V=high, TOPSIN_ET_C100Cap1pf=high",WEAK,"Full 3-way model beat lower-order in only 4/5 folds, incremental R^2=0.0042 -- inconsistent."
MEASURE_ET_DC_RF_Vg_max_Vd_0p1,THIN_ET_TF_AB_2,TOPSIN_ET_lkg_SY07_10,c_residual_conditional_structure,2.0846,2.0801,0.213,0.1374,0.1406,0.0032,3/5,"MEASURE_ET_DC_RF_Vg_max_Vd_0p1=high, THIN_ET_TF_AB_2=low, TOPSIN_ET_lkg_SY07_10=low","MEASURE_ET_DC_RF_Vg_max_Vd_0p1=low, THIN_ET_TF_AB_2=high, TOPSIN_ET_lkg_SY07_10=high",WEAK,"Full 3-way model beat lower-order in only 3/5 folds, incremental R^2=0.0032 -- inconsistent."
MEASURE_ET_DC_SEC_Vgs_0p5V,MEASURE_ET_DC_SMALL_Vg_gm_max,THIN_ET_DC_RF_Vp_1,b_tree_path_cooccurrence,2.2101,2.215,-0.221,0.0412,0.0363,-0.0048,2/5,"MEASURE_ET_DC_SEC_Vgs_0p5V=high, MEASURE_ET_DC_SMALL_Vg_gm_max=low, THIN_ET_DC_RF_Vp_1=high","MEASURE_ET_DC_SEC_Vgs_0p5V=low, MEASURE_ET_DC_SMALL_Vg_gm_max=high, THIN_ET_DC_RF_Vp_1=low",WEAK,"Full 3-way model beat lower-order in only 2/5 folds, incremental R^2=-0.0048 -- inconsistent."
MEASURE_ET_DC_RF_K_W,SIN_ET_DC_RF_Vbin_gs,TOPSIN_ET_C100Cap1pf,b_tree_path_cooccurrence,2.1649,2.1628,0.098,0.0752,0.076,0.0008,3/5,"MEASURE_ET_DC_RF_K_W=high, SIN_ET_DC_RF_Vbin_gs=high, TOPSIN_ET_C100Cap1pf=low","MEASURE_ET_DC_RF_K_W=low, SIN_ET_DC_RF_Vbin_gs=low, TOPSIN_ET_C100Cap1pf=high",WEAK,"Full 3-way model beat lower-order in only 3/5 folds, incremental R^2=0.0008 -- inconsistent."
MEASURE_ET_DC_RF_Vbin_gs,MEASURE_ET_DC_RF_Vt_gd,MEASURE_ET_RF_Modeling_K,a_chaining_confirmed_pairs,2.211,2.2056,0.248,0.0337,0.0383,0.0045,4/5,"MEASURE_ET_DC_RF_Vbin_gs=high, MEASURE_ET_DC_RF_Vt_gd=low, MEASURE_ET_RF_Modeling_K=low","MEASURE_ET_DC_RF_Vbin_gs=low, MEASURE_ET_DC_RF_Vt_gd=low, MEASURE_ET_RF_Modeling_K=high",WEAK,"Full 3-way model beat lower-order in only 4/5 folds, incremental R^2=0.0045 -- inconsistent."
MEASURE_ET_DC_RF_K_W,MEASURE_ET_lkg_50_at20V,TOPSIN_ET_C100Cap1pf,b_tree_path_cooccurrence,2.1195,2.1092,0.488,0.1153,0.1228,0.0075,4/5,"MEASURE_ET_DC_RF_K_W=high, MEASURE_ET_lkg_50_at20V=low, TOPSIN_ET_C100Cap1pf=low","MEASURE_ET_DC_RF_K_W=high, MEASURE_ET_lkg_50_at20V=high, TOPSIN_ET_C100Cap1pf=low",WEAK,"Full 3-way model beat lower-order in only 4/5 folds, incremental R^2=0.0075 -- inconsistent."
MEASURE_ET_DC_RF_K_W,MEASURE_ET_DC_Stress_Id_stress_before,MEASURE_ET_lkg_50_at20V,b_tree_path_cooccurrence,2.1148,2.1145,0.013,0.1211,0.1218,0.0007,4/5,"MEASURE_ET_DC_RF_K_W=high, MEASURE_ET_DC_Stress_Id_stress_before=high, MEASURE_ET_lkg_50_at20V=low","MEASURE_ET_DC_RF_K_W=low, MEASURE_ET_DC_Stress_Id_stress_before=low, MEASURE_ET_lkg_50_at20V=high",WEAK,"Full 3-way model beat lower-order in only 4/5 folds, incremental R^2=0.0007 -- inconsistent."
MEASURE_ET_DC_Big_S12dB_10GHz,MEASURE_ET_lkg_50_at20V,SIN_ET_DC_RF_Vbin_gs,b_tree_path_cooccurrence,2.1643,2.1581,0.288,0.0792,0.0839,0.0047,3/5,"MEASURE_ET_DC_Big_S12dB_10GHz=high, MEASURE_ET_lkg_50_at20V=low, SIN_ET_DC_RF_Vbin_gs=high","MEASURE_ET_DC_Big_S12dB_10GHz=high, MEASURE_ET_lkg_50_at20V=high, SIN_ET_DC_RF_Vbin_gs=low",WEAK,"Full 3-way model beat lower-order in only 3/5 folds, incremental R^2=0.0047 -- inconsistent."
MEASURE_ET_DC_RF2_S22dB_26GHz,MEASURE_ET_DC_SMALL_Ids_m0p2,MEASURE_ET_lkg_50_at20V,b_tree_path_cooccurrence,2.168,2.1686,-0.027,0.0712,0.0702,-0.001,2/5,"MEASURE_ET_DC_RF2_S22dB_26GHz=low, MEASURE_ET_DC_SMALL_Ids_m0p2=low, MEASURE_ET_lkg_50_at20V=low","MEASURE_ET_DC_RF2_S22dB_26GHz=low, MEASURE_ET_DC_SMALL_Ids_m0p2=high, MEASURE_ET_lkg_50_at20V=high",WEAK,"Full 3-way model beat lower-order in only 2/5 folds, incremental R^2=-0.0010 -- inconsistent."
MEASURE_ET_DC_Big_S12dB_10GHz,MEASURE_ET_DC_SMALL_Ids_m0p2,SIN_ET_DC_RF_Vbin_gs,b_tree_path_cooccurrence,2.1542,2.15,0.195,0.0832,0.0869,0.0037,3/5,"MEASURE_ET_DC_Big_S12dB_10GHz=low, MEASURE_ET_DC_SMALL_Ids_m0p2=low, SIN_ET_DC_RF_Vbin_gs=high","MEASURE_ET_DC_Big_S12dB_10GHz=high, MEASURE_ET_DC_SMALL_Ids_m0p2=high, SIN_ET_DC_RF_Vbin_gs=low",WEAK,"Full 3-way model beat lower-order in only 3/5 folds, incremental R^2=0.0037 -- inconsistent."
MEASURE_ET_DC_Big_S12dB_10GHz,MEASURE_ET_DC_Stress_Id_stress_before,MEASURE_ET_lkg_50_at20V,b_tree_path_cooccurrence,2.0946,2.0872,0.353,0.1401,0.1457,0.0056,4/5,"MEASURE_ET_DC_Big_S12dB_10GHz=low, MEASURE_ET_DC_Stress_Id_stress_before=high, MEASURE_ET_lkg_50_at20V=low","MEASURE_ET_DC_Big_S12dB_10GHz=high, MEASURE_ET_DC_Stress_Id_stress_before=high, MEASURE_ET_lkg_50_at20V=high",WEAK,"Full 3-way model beat lower-order in only 4/5 folds, incremental R^2=0.0056 -- inconsistent."
MEASURE_ET_DC_Big_S12dB_10GHz,MEASURE_ET_DC_Stress_Id_stress_before,SIN_ET_DC_RF_Vbin_gs,b_tree_path_cooccurrence,2.152,2.1492,0.128,0.0849,0.0864,0.0015,3/5,"MEASURE_ET_DC_Big_S12dB_10GHz=low, MEASURE_ET_DC_Stress_Id_stress_before=high, SIN_ET_DC_RF_Vbin_gs=high","MEASURE_ET_DC_Big_S12dB_10GHz=low, MEASURE_ET_DC_Stress_Id_stress_before=low, SIN_ET_DC_RF_Vbin_gs=low",WEAK,"Full 3-way model beat lower-order in only 3/5 folds, incremental R^2=0.0015 -- inconsistent."
MEASURE_ET_DC_Big_S12dB_10GHz,MEASURE_ET_VIA_KLV,MEASURE_ET_lkg_50_at20V,b_tree_path_cooccurrence,2.1437,2.1455,-0.083,0.0966,0.095,-0.0017,2/5,"MEASURE_ET_DC_Big_S12dB_10GHz=high, MEASURE_ET_VIA_KLV=high, MEASURE_ET_lkg_50_at20V=low","MEASURE_ET_DC_Big_S12dB_10GHz=high, MEASURE_ET_VIA_KLV=low, MEASURE_ET_lkg_50_at20V=high",WEAK,"Full 3-way model beat lower-order in only 2/5 folds, incremental R^2=-0.0017 -- inconsistent."
ANODE_ET_Rc_an_ct2_OW_CR,MEASURE_ET_DC_RF_Vg_Vbon_min,TOPSIN_ET_C100Cap1pf,a_chaining_confirmed_pairs,2.1271,2.1296,-0.114,0.107,0.1038,-0.0032,3/5,"ANODE_ET_Rc_an_ct2_OW_CR=low, MEASURE_ET_DC_RF_Vg_Vbon_min=high, TOPSIN_ET_C100Cap1pf=low","ANODE_ET_Rc_an_ct2_OW_CR=high, MEASURE_ET_DC_RF_Vg_Vbon_min=low, TOPSIN_ET_C100Cap1pf=low",WEAK,"Full 3-way model beat lower-order in only 3/5 folds, incremental R^2=-0.0032 -- inconsistent."
ANODE_ET_Rc_an_ct2_OW_CR,MEASURE_ET_DC_SEC_X_Ig_mAmm_at_Vg_cond_neg,TOPSIN_ET_C100Cap1pf,a_chaining_confirmed_pairs,2.0891,2.0876,0.069,0.1394,0.1409,0.0014,3/5,"ANODE_ET_Rc_an_ct2_OW_CR=low, MEASURE_ET_DC_SEC_X_Ig_mAmm_at_Vg_cond_neg=high, TOPSIN_ET_C100Cap1pf=low","ANODE_ET_Rc_an_ct2_OW_CR=high, MEASURE_ET_DC_SEC_X_Ig_mAmm_at_Vg_cond_neg=low, TOPSIN_ET_C100Cap1pf=low",WEAK,"Full 3-way model beat lower-order in only 3/5 folds, incremental R^2=0.0014 -- inconsistent."
ANODE_ET_Rc_an_ct2_OW_CR,MEASURE_ET_DC_SEC_X_Ig_cut1_mAmm_pos,TOPSIN_ET_C100Cap1pf,a_chaining_confirmed_pairs,2.079,2.0772,0.087,0.1435,0.1444,0.0009,4/5,"ANODE_ET_Rc_an_ct2_OW_CR=low, MEASURE_ET_DC_SEC_X_Ig_cut1_mAmm_pos=high, TOPSIN_ET_C100Cap1pf=low","ANODE_ET_Rc_an_ct2_OW_CR=high, MEASURE_ET_DC_SEC_X_Ig_cut1_mAmm_pos=low, TOPSIN_ET_C100Cap1pf=low",WEAK,"Full 3-way model beat lower-order in only 4/5 folds, incremental R^2=0.0009 -- inconsistent."
ANODE_ET_Rc_an_ct2_OW_CR,MEASURE_ET_DC_SEC_X_Ig_cut1_mAmm_pos_FPSD3p2,TOPSIN_ET_C100Cap1pf,a_chaining_confirmed_pairs,2.0662,2.0609,0.255,0.1557,0.1585,0.0029,3/5,"ANODE_ET_Rc_an_ct2_OW_CR=low, MEASURE_ET_DC_SEC_X_Ig_cut1_mAmm_pos_FPSD3p2=low, TOPSIN_ET_C100Cap1pf=low","ANODE_ET_Rc_an_ct2_OW_CR=high, MEASURE_ET_DC_SEC_X_Ig_cut1_mAmm_pos_FPSD3p2=low, TOPSIN_ET_C100Cap1pf=low",WEAK,"Full 3-way model beat lower-order in only 3/5 folds, incremental R^2=0.0029 -- inconsistent."
ANODE_ET_Rc_an_ct2_OW_CR,MEASURE_ET_DC_SEC_X_Vg_at_I3_pos,TOPSIN_ET_C100Cap1pf,a_chaining_confirmed_pairs,2.0533,2.0528,0.024,0.1717,0.172,0.0003,2/5,"ANODE_ET_Rc_an_ct2_OW_CR=low, MEASURE_ET_DC_SEC_X_Vg_at_I3_pos=high, TOPSIN_ET_C100Cap1pf=low","ANODE_ET_Rc_an_ct2_OW_CR=high, MEASURE_ET_DC_SEC_X_Vg_at_I3_pos=low, TOPSIN_ET_C100Cap1pf=low",WEAK,"Full 3-way model beat lower-order in only 2/5 folds, incremental R^2=0.0003 -- inconsistent."
TOPSIN_ET_C100Cap1pf,TOPSIN_ET_C300,TOPSIN_ET_lkg_CapFICM1,a_chaining_confirmed_pairs,2.1369,2.128,0.418,0.1003,0.1087,0.0084,3/5,"TOPSIN_ET_C100Cap1pf=low, TOPSIN_ET_C300=high, TOPSIN_ET_lkg_CapFICM1=low","TOPSIN_ET_C100Cap1pf=low, TOPSIN_ET_C300=low, TOPSIN_ET_lkg_CapFICM1=high",WEAK,"Full 3-way model beat lower-order in only 3/5 folds, incremental R^2=0.0084 -- inconsistent."
THIN_ET_lkg_100_at20V,TOPSIN_ET_DC_SMALL_Vdg_max,TOPSIN_ET_lkg_SY8_80,a_chaining_confirmed_pairs,2.1219,2.119,0.136,0.1137,0.1163,0.0026,4/5,"THIN_ET_lkg_100_at20V=low, TOPSIN_ET_DC_SMALL_Vdg_max=high, TOPSIN_ET_lkg_SY8_80=high","THIN_ET_lkg_100_at20V=high, TOPSIN_ET_DC_SMALL_Vdg_max=high, TOPSIN_ET_lkg_SY8_80=low",WEAK,"Full 3-way model beat lower-order in only 4/5 folds, incremental R^2=0.0026 -- inconsistent."
TOPSIN_ET_C100CapFICM1,TOPSIN_ET_R514,TOPSIN_ET_lkg_CapFICM1,a_chaining_confirmed_pairs,2.1371,2.1366,0.024,0.0981,0.0986,0.0005,2/5,"TOPSIN_ET_C100CapFICM1=low, TOPSIN_ET_R514=low, TOPSIN_ET_lkg_CapFICM1=low","TOPSIN_ET_C100CapFICM1=low, TOPSIN_ET_R514=high, TOPSIN_ET_lkg_CapFICM1=high",WEAK,"Full 3-way model beat lower-order in only 2/5 folds, incremental R^2=0.0005 -- inconsistent."
ANODE_ET_Rc_an_ct2_OW_CR,MEASURE_ET_DC_Stress_Id_stress_before,SIN_ET_DC_RF_Vbin_gs,b_tree_path_cooccurrence,2.1084,2.0992,0.434,0.1155,0.1218,0.0063,3/5,"ANODE_ET_Rc_an_ct2_OW_CR=low, MEASURE_ET_DC_Stress_Id_stress_before=high, SIN_ET_DC_RF_Vbin_gs=high","ANODE_ET_Rc_an_ct2_OW_CR=high, MEASURE_ET_DC_Stress_Id_stress_before=low, SIN_ET_DC_RF_Vbin_gs=low",WEAK,"Full 3-way model beat lower-order in only 3/5 folds, incremental R^2=0.0063 -- inconsistent."
ANODE_ET_Rc_an_ct2_OW_CR,MEASURE_ET_DC_Stress_Id_stress_before,MEASURE_ET_lkg_50_at20V,b_tree_path_cooccurrence,2.119,2.1143,0.224,0.1124,0.1166,0.0042,4/5,"ANODE_ET_Rc_an_ct2_OW_CR=low, MEASURE_ET_DC_Stress_Id_stress_before=high, MEASURE_ET_lkg_50_at20V=low","ANODE_ET_Rc_an_ct2_OW_CR=high, MEASURE_ET_DC_Stress_Id_stress_before=low, MEASURE_ET_lkg_50_at20V=high",WEAK,"Full 3-way model beat lower-order in only 4/5 folds, incremental R^2=0.0042 -- inconsistent."
ANODE_ET_Rc_an_ct2_OW_CR,MEASURE_ET_DC_SMALL_Ids_m0p2,TOPSIN_ET_C100Cap1pf,a_chaining_confirmed_pairs,2.0938,2.087,0.327,0.132,0.1383,0.0063,4/5,"ANODE_ET_Rc_an_ct2_OW_CR=low, MEASURE_ET_DC_SMALL_Ids_m0p2=low, TOPSIN_ET_C100Cap1pf=low","ANODE_ET_Rc_an_ct2_OW_CR=high, MEASURE_ET_DC_SMALL_Ids_m0p2=high, TOPSIN_ET_C100Cap1pf=low",WEAK,"Full 3-way model beat lower-order in only 4/5 folds, incremental R^2=0.0063 -- inconsistent."
THIN_ET_lkg_100_at20V,TOPSIN_ET_CapFICM1,TOPSIN_ET_lkg_SY8_80,a_chaining_confirmed_pairs,2.1333,2.1304,0.136,0.1028,0.1059,0.0031,3/5,"THIN_ET_lkg_100_at20V=low, TOPSIN_ET_CapFICM1=low, TOPSIN_ET_lkg_SY8_80=high","THIN_ET_lkg_100_at20V=high, TOPSIN_ET_CapFICM1=high, TOPSIN_ET_lkg_SY8_80=low",WEAK,"Full 3-way model beat lower-order in only 3/5 folds, incremental R^2=0.0031 -- inconsistent."
SIN_GATE_ET_Rc_an_ct2,THIN_ET_lkg_100_at20V,TOPSIN_ET_lkg_SY8_80,a_chaining_confirmed_pairs,2.0883,2.0817,0.314,0.1446,0.1499,0.0054,3/5,"SIN_GATE_ET_Rc_an_ct2=high, THIN_ET_lkg_100_at20V=low, TOPSIN_ET_lkg_SY8_80=high","SIN_GATE_ET_Rc_an_ct2=high, THIN_ET_lkg_100_at20V=high, TOPSIN_ET_lkg_SY8_80=high",WEAK,"Full 3-way model beat lower-order in only 3/5 folds, incremental R^2=0.0054 -- inconsistent."
MEASURE_ET_C100C300pf,TOPSIN_ET_CapFICM1,TOPSIN_ET_lkg_CapFICM1,a_chaining_confirmed_pairs,2.1348,2.1283,0.303,0.1015,0.1078,0.0063,3/5,"MEASURE_ET_C100C300pf=low, TOPSIN_ET_CapFICM1=high, TOPSIN_ET_lkg_CapFICM1=low","MEASURE_ET_C100C300pf=high, TOPSIN_ET_CapFICM1=high, TOPSIN_ET_lkg_CapFICM1=high",WEAK,"Full 3-way model beat lower-order in only 3/5 folds, incremental R^2=0.0063 -- inconsistent."
MEASURE_ET_Rc_an_ct2,THIN_ET_lkg_100_at20V,TOPSIN_ET_lkg_Cap3,a_chaining_confirmed_pairs,2.0729,2.0641,0.423,0.1487,0.1568,0.0081,4/5,"MEASURE_ET_Rc_an_ct2=low, THIN_ET_lkg_100_at20V=low, TOPSIN_ET_lkg_Cap3=high","MEASURE_ET_Rc_an_ct2=high, THIN_ET_lkg_100_at20V=high, TOPSIN_ET_lkg_Cap3=high",WEAK,"Full 3-way model beat lower-order in only 4/5 folds, incremental R^2=0.0081 -- inconsistent."
MEASURE_ET_Rc_OG142_GN,THIN_ET_lkg_100_at20V,TOPSIN_ET_lkg_SY8_80,a_chaining_confirmed_pairs,2.1061,2.102,0.196,0.1233,0.1275,0.0042,3/5,"MEASURE_ET_Rc_OG142_GN=low, THIN_ET_lkg_100_at20V=low, TOPSIN_ET_lkg_SY8_80=high","MEASURE_ET_Rc_OG142_GN=high, THIN_ET_lkg_100_at20V=high, TOPSIN_ET_lkg_SY8_80=high",WEAK,"Full 3-way model beat lower-order in only 3/5 folds, incremental R^2=0.0042 -- inconsistent."
MEASURE_ET_Rcat_cn_3,THIN_ET_lkg_100_at20V,TOPSIN_ET_lkg_Cap3,a_chaining_confirmed_pairs,2.0899,2.0857,0.204,0.137,0.1413,0.0043,3/5,"MEASURE_ET_Rcat_cn_3=low, THIN_ET_lkg_100_at20V=low, TOPSIN_ET_lkg_Cap3=high","MEASURE_ET_Rcat_cn_3=high, THIN_ET_lkg_100_at20V=high, TOPSIN_ET_lkg_Cap3=high",WEAK,"Full 3-way model beat lower-order in only 3/5 folds, incremental R^2=0.0043 -- inconsistent."
MEASURE_ET_Rcat_cn_2,THIN_ET_lkg_100_at20V,TOPSIN_ET_lkg_SY8_80,a_chaining_confirmed_pairs,2.1275,2.118,0.446,0.1082,0.1161,0.0079,5/5,"MEASURE_ET_Rcat_cn_2=high, THIN_ET_lkg_100_at20V=low, TOPSIN_ET_lkg_SY8_80=high","MEASURE_ET_Rcat_cn_2=high, THIN_ET_lkg_100_at20V=high, TOPSIN_ET_lkg_SY8_80=low",WEAK,"Full 3-way model beat lower-order in only 5/5 folds, incremental R^2=0.0079 -- inconsistent."
MEASURE_ET_lkg_10,SIN_GATE_ET_OHMC,THIN_ET_lkg_100_at20V,a_chaining_confirmed_pairs,2.1141,2.1081,0.285,0.1192,0.1239,0.0047,4/5,"MEASURE_ET_lkg_10=low, SIN_GATE_ET_OHMC=high, THIN_ET_lkg_100_at20V=high","MEASURE_ET_lkg_10=high, SIN_GATE_ET_OHMC=low, THIN_ET_lkg_100_at20V=high",WEAK,"Full 3-way model beat lower-order in only 4/5 folds, incremental R^2=0.0047 -- inconsistent."
MEASURE_ET_Rcat_cn_2,THIN_ET_lkg_100_at20V,TOPSIN_ET_lkg_Cap3,a_chaining_confirmed_pairs,2.1009,2.0949,0.287,0.1284,0.1335,0.0051,4/5,"MEASURE_ET_Rcat_cn_2=low, THIN_ET_lkg_100_at20V=low, TOPSIN_ET_lkg_Cap3=high","MEASURE_ET_Rcat_cn_2=low, THIN_ET_lkg_100_at20V=high, TOPSIN_ET_lkg_Cap3=high",WEAK,"Full 3-way model beat lower-order in only 4/5 folds, incremental R^2=0.0051 -- inconsistent."
MEASURE_ET_LT_SEC_Ileak_m7V_mA_mm,SIN_GATE_ET_lkg_5,THIN_ET_TF_AB_2,c_residual_conditional_structure,2.1562,2.1527,0.161,0.0811,0.0846,0.0035,4/5,"MEASURE_ET_LT_SEC_Ileak_m7V_mA_mm=high, SIN_GATE_ET_lkg_5=low, THIN_ET_TF_AB_2=high","MEASURE_ET_LT_SEC_Ileak_m7V_mA_mm=high, SIN_GATE_ET_lkg_5=high, THIN_ET_TF_AB_2=high",WEAK,"Full 3-way model beat lower-order in only 4/5 folds, incremental R^2=0.0035 -- inconsistent."
MEASURE_ET_LT_SEC_Ileak_m7V_mA_mm,MEASURE_ET_lkg_USV_Cap,THIN_ET_TF_AB_2,a_chaining_confirmed_pairs,2.1465,2.145,0.067,0.0898,0.0916,0.0018,3/5,"MEASURE_ET_LT_SEC_Ileak_m7V_mA_mm=high, MEASURE_ET_lkg_USV_Cap=low, THIN_ET_TF_AB_2=low","MEASURE_ET_LT_SEC_Ileak_m7V_mA_mm=high, MEASURE_ET_lkg_USV_Cap=high, THIN_ET_TF_AB_2=high",WEAK,"Full 3-way model beat lower-order in only 3/5 folds, incremental R^2=0.0018 -- inconsistent."
MEASURE_ET_LT_SEC_Ileak_m7V_mA_mm,MEASURE_ET_lkg_70_at20V,THIN_ET_TF_AB_2,a_chaining_confirmed_pairs,2.1929,2.1863,0.3,0.0513,0.0574,0.0061,5/5,"MEASURE_ET_LT_SEC_Ileak_m7V_mA_mm=low, MEASURE_ET_lkg_70_at20V=high, THIN_ET_TF_AB_2=high","MEASURE_ET_LT_SEC_Ileak_m7V_mA_mm=high, MEASURE_ET_lkg_70_at20V=high, THIN_ET_TF_AB_2=high",WEAK,"Full 3-way model beat lower-order in only 5/5 folds, incremental R^2=0.0061 -- inconsistent."
MEASURE_ET_LT_SEC_Ileak_m7V_mA_mm,MEASURE_ET_lkg_Cap_USV,THIN_ET_TF_AB_2,a_chaining_confirmed_pairs,2.1636,2.1559,0.355,0.0739,0.0803,0.0064,5/5,"MEASURE_ET_LT_SEC_Ileak_m7V_mA_mm=high, MEASURE_ET_lkg_Cap_USV=low, THIN_ET_TF_AB_2=high","MEASURE_ET_LT_SEC_Ileak_m7V_mA_mm=high, MEASURE_ET_lkg_Cap_USV=high, THIN_ET_TF_AB_2=high",WEAK,"Full 3-way model beat lower-order in only 5/5 folds, incremental R^2=0.0064 -- inconsistent."
MEASURE_ET_Load_Pull_GL_set,THIN_ET_TF_AB_2,THIN_ET_lkg_5,a_chaining_confirmed_pairs,2.1802,2.1801,0.005,0.0638,0.0634,-0.0004,3/5,"MEASURE_ET_Load_Pull_GL_set=low, THIN_ET_TF_AB_2=low, THIN_ET_lkg_5=low","MEASURE_ET_Load_Pull_GL_set=low, THIN_ET_TF_AB_2=low, THIN_ET_lkg_5=high",WEAK,"Full 3-way model beat lower-order in only 3/5 folds, incremental R^2=-0.0004 -- inconsistent."
MEASURE_ET_Load_Pull_GL_set,MEASURE_ET_lkg_C300pf,THIN_ET_TF_AB_2,a_chaining_confirmed_pairs,2.1836,2.1836,-0.001,0.0581,0.0574,-0.0007,4/5,"MEASURE_ET_Load_Pull_GL_set=high, MEASURE_ET_lkg_C300pf=low, THIN_ET_TF_AB_2=high","MEASURE_ET_Load_Pull_GL_set=low, MEASURE_ET_lkg_C300pf=high, THIN_ET_TF_AB_2=high",WEAK,"Full 3-way model beat lower-order in only 4/5 folds, incremental R^2=-0.0007 -- inconsistent."
MEASURE_ET_Load_Pull_GL_set,MEASURE_ET_lkg_C300,THIN_ET_TF_AB_2,a_chaining_confirmed_pairs,2.184,2.183,0.049,0.0588,0.059,0.0002,2/5,"MEASURE_ET_Load_Pull_GL_set=low, MEASURE_ET_lkg_C300=low, THIN_ET_TF_AB_2=high","MEASURE_ET_Load_Pull_GL_set=low, MEASURE_ET_lkg_C300=high, THIN_ET_TF_AB_2=high",WEAK,"Full 3-way model beat lower-order in only 2/5 folds, incremental R^2=0.0002 -- inconsistent."
MEASURE_ET_lkg_10,MaskSetSupplyChipsCount,THIN_ET_lkg_100_at20V,a_chaining_confirmed_pairs,2.1205,2.1128,0.362,0.1153,0.1216,0.0063,5/5,"MEASURE_ET_lkg_10=high, MaskSetSupplyChipsCount=high, THIN_ET_lkg_100_at20V=low","MEASURE_ET_lkg_10=high, MaskSetSupplyChipsCount=low, THIN_ET_lkg_100_at20V=high",WEAK,"Full 3-way model beat lower-order in only 5/5 folds, incremental R^2=0.0063 -- inconsistent."
MEASURE_ET_RF_Modeling_S21_25G_Before,MEASURE_ET_lkg_50_at20V,TOPSIN_ET_C100Cap1pf,b_tree_path_cooccurrence,2.129,2.1307,-0.083,0.1095,0.1079,-0.0016,2/5,"MEASURE_ET_RF_Modeling_S21_25G_Before=high, MEASURE_ET_lkg_50_at20V=low, TOPSIN_ET_C100Cap1pf=low","MEASURE_ET_RF_Modeling_S21_25G_Before=low, MEASURE_ET_lkg_50_at20V=high, TOPSIN_ET_C100Cap1pf=high",WEAK,"Full 3-way model beat lower-order in only 2/5 folds, incremental R^2=-0.0016 -- inconsistent."
MEASURE_ET_Load_Pull_GL_set,THIN_ET_TF_AB_2,TOPSIN_ET_lkg_SY07_10,a_chaining_confirmed_pairs,2.1498,2.1411,0.402,0.0861,0.0917,0.0056,4/5,"MEASURE_ET_Load_Pull_GL_set=high, THIN_ET_TF_AB_2=low, TOPSIN_ET_lkg_SY07_10=low","MEASURE_ET_Load_Pull_GL_set=low, THIN_ET_TF_AB_2=high, TOPSIN_ET_lkg_SY07_10=high",WEAK,"Full 3-way model beat lower-order in only 4/5 folds, incremental R^2=0.0056 -- inconsistent."
MEASURE_ET_Rc_OG142_GN,THIN_ET_lkg_100_at20V,TOPSIN_ET_lkg_Cap3,a_chaining_confirmed_pairs,2.0877,2.0798,0.378,0.1368,0.1447,0.0079,3/5,"MEASURE_ET_Rc_OG142_GN=low, THIN_ET_lkg_100_at20V=low, TOPSIN_ET_lkg_Cap3=high","MEASURE_ET_Rc_OG142_GN=high, THIN_ET_lkg_100_at20V=high, TOPSIN_ET_lkg_Cap3=high",WEAK,"Full 3-way model beat lower-order in only 3/5 folds, incremental R^2=0.0079 -- inconsistent."
MEASURE_ET_C100CapPARCAP,THIN_ET_lkg_100_at20V,TOPSIN_ET_lkg_Cap3,a_chaining_confirmed_pairs,2.0942,2.0862,0.379,0.1324,0.1403,0.0079,4/5,"MEASURE_ET_C100CapPARCAP=low, THIN_ET_lkg_100_at20V=low, TOPSIN_ET_lkg_Cap3=high","MEASURE_ET_C100CapPARCAP=high, THIN_ET_lkg_100_at20V=high, TOPSIN_ET_lkg_Cap3=high",WEAK,"Full 3-way model beat lower-order in only 4/5 folds, incremental R^2=0.0079 -- inconsistent."
MEASURE_ET_DC_SEC_Vp_1mA,MEASURE_ET_lkg_Cap1,THIN_ET_lkg_5,a_chaining_confirmed_pairs,2.1665,2.156,0.484,0.0722,0.0817,0.0094,5/5,"MEASURE_ET_DC_SEC_Vp_1mA=high, MEASURE_ET_lkg_Cap1=low, THIN_ET_lkg_5=high","MEASURE_ET_DC_SEC_Vp_1mA=low, MEASURE_ET_lkg_Cap1=high, THIN_ET_lkg_5=high",WEAK,"Full 3-way model beat lower-order in only 5/5 folds, incremental R^2=0.0094 -- inconsistent."
MEASURE_ET_DC_SEC_Vp_1mA,MEASURE_ET_lkg_100,THIN_ET_lkg_5,a_chaining_confirmed_pairs,2.1741,2.1683,0.269,0.0685,0.074,0.0054,4/5,"MEASURE_ET_DC_SEC_Vp_1mA=high, MEASURE_ET_lkg_100=low, THIN_ET_lkg_5=low","MEASURE_ET_DC_SEC_Vp_1mA=low, MEASURE_ET_lkg_100=high, THIN_ET_lkg_5=high",WEAK,"Full 3-way model beat lower-order in only 4/5 folds, incremental R^2=0.0054 -- inconsistent."
MEASURE_ET_LT_SEC_Ileak_m5p5V_mA_mm,OHMIC_ET_Rc_an_ct2,THIN_ET_lkg_100_at20V,a_chaining_confirmed_pairs,2.1036,2.0942,0.446,0.1223,0.1314,0.009,4/5,"MEASURE_ET_LT_SEC_Ileak_m5p5V_mA_mm=high, OHMIC_ET_Rc_an_ct2=low, THIN_ET_lkg_100_at20V=low","MEASURE_ET_LT_SEC_Ileak_m5p5V_mA_mm=high, OHMIC_ET_Rc_an_ct2=high, THIN_ET_lkg_100_at20V=high",WEAK,"Full 3-way model beat lower-order in only 4/5 folds, incremental R^2=0.0090 -- inconsistent."
MEASURE_ET_DC_Stress_Id_stress_before,MEASURE_ET_lkg_50_at20V,OHMIC_ET_Rsh_an_ct2,b_tree_path_cooccurrence,2.125,2.1175,0.354,0.1109,0.1166,0.0057,4/5,"MEASURE_ET_DC_Stress_Id_stress_before=high, MEASURE_ET_lkg_50_at20V=low, OHMIC_ET_Rsh_an_ct2=low","MEASURE_ET_DC_Stress_Id_stress_before=high, MEASURE_ET_lkg_50_at20V=high, OHMIC_ET_Rsh_an_ct2=high",WEAK,"Full 3-way model beat lower-order in only 4/5 folds, incremental R^2=0.0057 -- inconsistent."
MEASURE_ET_LT_SEC_Ileak_m7V_mA_mm,MEASURE_ET_lkg_50,THIN_ET_TF_AB_2,a_chaining_confirmed_pairs,2.1774,2.1675,0.454,0.0634,0.0725,0.009,5/5,"MEASURE_ET_LT_SEC_Ileak_m7V_mA_mm=low, MEASURE_ET_lkg_50=low, THIN_ET_TF_AB_2=low","MEASURE_ET_LT_SEC_Ileak_m7V_mA_mm=high, MEASURE_ET_lkg_50=high, THIN_ET_TF_AB_2=high",WEAK,"Full 3-way model beat lower-order in only 5/5 folds, incremental R^2=0.0090 -- inconsistent."
MEASURE_ET_LT_SEC_Ileak_m5p5V_mA_mm,THIN_ET_lkg_100_at20V,TOPSIN_ET_DC_SMALL_Vdg_max,a_chaining_confirmed_pairs,2.1148,2.1046,0.485,0.117,0.1253,0.0083,4/5,"MEASURE_ET_LT_SEC_Ileak_m5p5V_mA_mm=high, THIN_ET_lkg_100_at20V=low, TOPSIN_ET_DC_SMALL_Vdg_max=high","MEASURE_ET_LT_SEC_Ileak_m5p5V_mA_mm=low, THIN_ET_lkg_100_at20V=high, TOPSIN_ET_DC_SMALL_Vdg_max=high",WEAK,"Full 3-way model beat lower-order in only 4/5 folds, incremental R^2=0.0083 -- inconsistent."
MEASURE_ET_LT_SEC_Ileak_m7V_mA_mm,MEASURE_ET_lkg_5,THIN_ET_TF_AB_2,c_residual_conditional_structure,2.1803,2.1733,0.32,0.06,0.0665,0.0065,4/5,"MEASURE_ET_LT_SEC_Ileak_m7V_mA_mm=low, MEASURE_ET_lkg_5=high, THIN_ET_TF_AB_2=high","MEASURE_ET_LT_SEC_Ileak_m7V_mA_mm=high, MEASURE_ET_lkg_5=high, THIN_ET_TF_AB_2=high",WEAK,"Full 3-way model beat lower-order in only 4/5 folds, incremental R^2=0.0065 -- inconsistent."
MEASURE_ET_LT_SEC_Ileak_m7V_mA_mm,MEASURE_ET_Load_Pull_GL_set,THIN_ET_TF_AB_2,a_chaining_confirmed_pairs,2.2135,2.2068,0.302,0.0331,0.0372,0.0041,4/5,"MEASURE_ET_LT_SEC_Ileak_m7V_mA_mm=low, MEASURE_ET_Load_Pull_GL_set=high, THIN_ET_TF_AB_2=low","MEASURE_ET_LT_SEC_Ileak_m7V_mA_mm=high, MEASURE_ET_Load_Pull_GL_set=low, THIN_ET_TF_AB_2=high",WEAK,"Full 3-way model beat lower-order in only 4/5 folds, incremental R^2=0.0041 -- inconsistent."
MEASURE_ET_LT_SEC_Ileak_m5p5V_mA_mm,SIN_GATE_ET_OHMC,THIN_ET_lkg_100_at20V,a_chaining_confirmed_pairs,2.1112,2.1046,0.311,0.1188,0.1239,0.0051,4/5,"MEASURE_ET_LT_SEC_Ileak_m5p5V_mA_mm=high, SIN_GATE_ET_OHMC=high, THIN_ET_lkg_100_at20V=low","MEASURE_ET_LT_SEC_Ileak_m5p5V_mA_mm=high, SIN_GATE_ET_OHMC=low, THIN_ET_lkg_100_at20V=high",WEAK,"Full 3-way model beat lower-order in only 4/5 folds, incremental R^2=0.0051 -- inconsistent."
MEASURE_ET_LT_SEC_Ileak_m5p5V_mA_mm,THIN_ET_Rc_cat_ct2,THIN_ET_lkg_100_at20V,a_chaining_confirmed_pairs,2.1142,2.1092,0.238,0.115,0.1209,0.0059,2/5,"MEASURE_ET_LT_SEC_Ileak_m5p5V_mA_mm=high, THIN_ET_Rc_cat_ct2=low, THIN_ET_lkg_100_at20V=low","MEASURE_ET_LT_SEC_Ileak_m5p5V_mA_mm=high, THIN_ET_Rc_cat_ct2=high, THIN_ET_lkg_100_at20V=high",WEAK,"Full 3-way model beat lower-order in only 2/5 folds, incremental R^2=0.0059 -- inconsistent."
MEASURE_ET_C300FB_0,MEASURE_ET_DC_RF_CF_S12_Mag_L1002,TOPSIN_ET_C100Cap1pf,b_tree_path_cooccurrence,2.1724,2.1719,0.02,0.073,0.0736,0.0006,3/5,"MEASURE_ET_C300FB_0=high, MEASURE_ET_DC_RF_CF_S12_Mag_L1002=high, TOPSIN_ET_C100Cap1pf=low","MEASURE_ET_C300FB_0=low, MEASURE_ET_DC_RF_CF_S12_Mag_L1002=low, TOPSIN_ET_C100Cap1pf=high",WEAK,"Full 3-way model beat lower-order in only 3/5 folds, incremental R^2=0.0006 -- inconsistent."
MEASURE_ET_Load_Pull_GL_set,MEASURE_ET_lkg_50,THIN_ET_TF_AB_2,a_chaining_confirmed_pairs,2.18,2.1767,0.149,0.0616,0.0629,0.0013,3/5,"MEASURE_ET_Load_Pull_GL_set=high, MEASURE_ET_lkg_50=low, THIN_ET_TF_AB_2=low","MEASURE_ET_Load_Pull_GL_set=low, MEASURE_ET_lkg_50=high, THIN_ET_TF_AB_2=high",WEAK,"Full 3-way model beat lower-order in only 3/5 folds, incremental R^2=0.0013 -- inconsistent."
MEASURE_ET_DC_SEC_Vp_1mA,THIN_ET_TF_AB_2,THIN_ET_lkg_5,a_chaining_confirmed_pairs,2.1585,2.1549,0.167,0.0821,0.0851,0.003,5/5,"MEASURE_ET_DC_SEC_Vp_1mA=high, THIN_ET_TF_AB_2=low, THIN_ET_lkg_5=low","MEASURE_ET_DC_SEC_Vp_1mA=low, THIN_ET_TF_AB_2=low, THIN_ET_lkg_5=high",WEAK,"Full 3-way model beat lower-order in only 5/5 folds, incremental R^2=0.0030 -- inconsistent."
MEASURE_ET_LT_SEC_Ileak_m5p5V_mA_mm,MaskSetSupplyChipsCount,THIN_ET_lkg_100_at20V,a_chaining_confirmed_pairs,2.1131,2.114,-0.043,0.119,0.118,-0.0011,2/5,"MEASURE_ET_LT_SEC_Ileak_m5p5V_mA_mm=high, MaskSetSupplyChipsCount=high, THIN_ET_lkg_100_at20V=low","MEASURE_ET_LT_SEC_Ileak_m5p5V_mA_mm=high, MaskSetSupplyChipsCount=low, THIN_ET_lkg_100_at20V=high",WEAK,"Full 3-way model beat lower-order in only 2/5 folds, incremental R^2=-0.0011 -- inconsistent."
MEASURE_ET_DC_Stress_Id_stress_before,MEASURE_ET_lkg_50_at20V,TOPSIN_ET_C100Cap1pf,b_tree_path_cooccurrence,2.1217,2.1178,0.184,0.1163,0.1207,0.0044,4/5,"MEASURE_ET_DC_Stress_Id_stress_before=high, MEASURE_ET_lkg_50_at20V=low, TOPSIN_ET_C100Cap1pf=low","MEASURE_ET_DC_Stress_Id_stress_before=high, MEASURE_ET_lkg_50_at20V=high, TOPSIN_ET_C100Cap1pf=low",WEAK,"Full 3-way model beat lower-order in only 4/5 folds, incremental R^2=0.0044 -- inconsistent."
MEASURE_ET_DC_Stress_Id_stress_before,MEASURE_ET_lkg_50_at20V,SIN_ET_DC_RF_Vbin_gs,b_tree_path_cooccurrence,2.1193,2.1166,0.126,0.1124,0.1143,0.0019,4/5,"MEASURE_ET_DC_Stress_Id_stress_before=high, MEASURE_ET_lkg_50_at20V=low, SIN_ET_DC_RF_Vbin_gs=high","MEASURE_ET_DC_Stress_Id_stress_before=low, MEASURE_ET_lkg_50_at20V=low, SIN_ET_DC_RF_Vbin_gs=low",WEAK,"Full 3-way model beat lower-order in only 4/5 folds, incremental R^2=0.0019 -- inconsistent."
MEASURE_ET_DC_Stress_Id_stress_before,TOPSIN_ET_C100Cap2pf,TOPSIN_ET_Rc_f_tn_23,b_tree_path_cooccurrence,2.213,2.2139,-0.038,0.0381,0.0369,-0.0012,3/5,"MEASURE_ET_DC_Stress_Id_stress_before=high, TOPSIN_ET_C100Cap2pf=low, TOPSIN_ET_Rc_f_tn_23=low","MEASURE_ET_DC_Stress_Id_stress_before=low, TOPSIN_ET_C100Cap2pf=low, TOPSIN_ET_Rc_f_tn_23=high",WEAK,"Full 3-way model beat lower-order in only 3/5 folds, incremental R^2=-0.0012 -- inconsistent."
MEASURE_ET_DC_Stress_Id_stress_before,MEASURE_ET_lkg_50_at20V,TOPSIN_ET_Rc_f_tn_23,b_tree_path_cooccurrence,2.1229,2.1201,0.131,0.1133,0.1157,0.0023,4/5,"MEASURE_ET_DC_Stress_Id_stress_before=high, MEASURE_ET_lkg_50_at20V=low, TOPSIN_ET_Rc_f_tn_23=low","MEASURE_ET_DC_Stress_Id_stress_before=high, MEASURE_ET_lkg_50_at20V=high, TOPSIN_ET_Rc_f_tn_23=high",WEAK,"Full 3-way model beat lower-order in only 4/5 folds, incremental R^2=0.0023 -- inconsistent."
TOPSIN_ET_C300,TOPSIN_ET_CapFICM1,TOPSIN_ET_lkg_CapFICM1,a_chaining_confirmed_pairs,2.1378,2.1281,0.455,0.0965,0.1058,0.0094,4/5,"TOPSIN_ET_C300=high, TOPSIN_ET_CapFICM1=low, TOPSIN_ET_lkg_CapFICM1=low","TOPSIN_ET_C300=low, TOPSIN_ET_CapFICM1=low, TOPSIN_ET_lkg_CapFICM1=high",WEAK,"Full 3-way model beat lower-order in only 4/5 folds, incremental R^2=0.0094 -- inconsistent."
ANODE_ET_Rc_an_ct2_OW_CR,MEASURE_ET_DC_RF2_MAG_26GHz,TOPSIN_ET_C100Cap1pf,a_chaining_confirmed_pairs,2.0707,2.0667,0.193,0.1534,0.1568,0.0034,3/5,"ANODE_ET_Rc_an_ct2_OW_CR=low, MEASURE_ET_DC_RF2_MAG_26GHz=high, TOPSIN_ET_C100Cap1pf=low","ANODE_ET_Rc_an_ct2_OW_CR=low, MEASURE_ET_DC_RF2_MAG_26GHz=low, TOPSIN_ET_C100Cap1pf=high",WEAK,"Full 3-way model beat lower-order in only 3/5 folds, incremental R^2=0.0034 -- inconsistent."
ANODE_ET_Rc_an_ct2_OW_CR,MEASURE_ET_DC_SEC_Ids_min_ON,TOPSIN_ET_C100Cap1pf,a_chaining_confirmed_pairs,2.0812,2.0767,0.215,0.1396,0.1452,0.0056,2/5,"ANODE_ET_Rc_an_ct2_OW_CR=low, MEASURE_ET_DC_SEC_Ids_min_ON=high, TOPSIN_ET_C100Cap1pf=low","ANODE_ET_Rc_an_ct2_OW_CR=low, MEASURE_ET_DC_SEC_Ids_min_ON=low, TOPSIN_ET_C100Cap1pf=high",WEAK,"Full 3-way model beat lower-order in only 2/5 folds, incremental R^2=0.0056 -- inconsistent."
ANODE_ET_Rc_an_ct2_OW_CR,MEASURE_ET_DC_RF2_S22dB_26GHz,TOPSIN_ET_C100Cap1pf,a_chaining_confirmed_pairs,2.1097,2.1076,0.102,0.1215,0.1224,0.0009,3/5,"ANODE_ET_Rc_an_ct2_OW_CR=low, MEASURE_ET_DC_RF2_S22dB_26GHz=high, TOPSIN_ET_C100Cap1pf=low","ANODE_ET_Rc_an_ct2_OW_CR=low, MEASURE_ET_DC_RF2_S22dB_26GHz=low, TOPSIN_ET_C100Cap1pf=high",WEAK,"Full 3-way model beat lower-order in only 3/5 folds, incremental R^2=0.0009 -- inconsistent."
MEASURE_ET_lkg_70_at20V,THIN_ET_TF_AB_2,THIN_ET_lkg_5,a_chaining_confirmed_pairs,2.1913,2.1889,0.108,0.0506,0.0523,0.0017,4/5,"MEASURE_ET_lkg_70_at20V=low, THIN_ET_TF_AB_2=high, THIN_ET_lkg_5=high","MEASURE_ET_lkg_70_at20V=high, THIN_ET_TF_AB_2=low, THIN_ET_lkg_5=high",WEAK,"Full 3-way model beat lower-order in only 4/5 folds, incremental R^2=0.0017 -- inconsistent."
MEASURE_ET_lkg_70_at20V,MEASURE_ET_lkg_C300pf,THIN_ET_TF_AB_2,a_chaining_confirmed_pairs,2.1761,2.1724,0.17,0.0638,0.0658,0.002,3/5,"MEASURE_ET_lkg_70_at20V=high, MEASURE_ET_lkg_C300pf=low, THIN_ET_TF_AB_2=high","MEASURE_ET_lkg_70_at20V=high, MEASURE_ET_lkg_C300pf=high, THIN_ET_TF_AB_2=high",WEAK,"Full 3-way model beat lower-order in only 3/5 folds, incremental R^2=0.0020 -- inconsistent."
MEASURE_ET_lkg_50,THIN_ET_TF_AB_2,TOPSIN_ET_lkg_SY07_10,a_chaining_confirmed_pairs,2.1328,2.1256,0.339,0.0999,0.1061,0.0062,5/5,"MEASURE_ET_lkg_50=high, THIN_ET_TF_AB_2=high, TOPSIN_ET_lkg_SY07_10=low","MEASURE_ET_lkg_50=high, THIN_ET_TF_AB_2=high, TOPSIN_ET_lkg_SY07_10=high",WEAK,"Full 3-way model beat lower-order in only 5/5 folds, incremental R^2=0.0062 -- inconsistent."
OHMIC_ET_Rc_an_ct2,THIN_ET_lkg_100_at20V,TOPSIN_ET_lkg_Cap3,a_chaining_confirmed_pairs,2.0874,2.0813,0.289,0.1359,0.1416,0.0057,4/5,"OHMIC_ET_Rc_an_ct2=low, THIN_ET_lkg_100_at20V=low, TOPSIN_ET_lkg_Cap3=high","OHMIC_ET_Rc_an_ct2=high, THIN_ET_lkg_100_at20V=high, TOPSIN_ET_lkg_Cap3=high",WEAK,"Full 3-way model beat lower-order in only 4/5 folds, incremental R^2=0.0057 -- inconsistent."
MEASURE_ET_lkg_50_at20V,OHMIC_ET_Rsh_an_ct2,TOPSIN_ET_C100Cap1pf,b_tree_path_cooccurrence,2.1441,2.1462,-0.097,0.0955,0.0936,-0.0019,2/5,"MEASURE_ET_lkg_50_at20V=low, OHMIC_ET_Rsh_an_ct2=low, TOPSIN_ET_C100Cap1pf=low","MEASURE_ET_lkg_50_at20V=high, OHMIC_ET_Rsh_an_ct2=high, TOPSIN_ET_C100Cap1pf=high",WEAK,"Full 3-way model beat lower-order in only 2/5 folds, incremental R^2=-0.0019 -- inconsistent."
MEASURE_ET_lkg_50_at20V,SIN_ET_DC_RF_Vbin_gs,TOPSIN_ET_C100Cap1pf,b_tree_path_cooccurrence,2.1532,2.1548,-0.073,0.085,0.0827,-0.0022,3/5,"MEASURE_ET_lkg_50_at20V=low, SIN_ET_DC_RF_Vbin_gs=high, TOPSIN_ET_C100Cap1pf=low","MEASURE_ET_lkg_50_at20V=high, SIN_ET_DC_RF_Vbin_gs=low, TOPSIN_ET_C100Cap1pf=low",WEAK,"Full 3-way model beat lower-order in only 3/5 folds, incremental R^2=-0.0022 -- inconsistent."
EBCR2_Ali_Litho_Gate_to_ohmic_alignment,OHMIC_ET_Rc_an_ct2,TOPSIN_ET_lkg_C450pf,a_chaining_confirmed_pairs,2.06,2.0561,0.187,0.1592,0.1597,0.0005,3/5,"EBCR2_Ali_Litho_Gate_to_ohmic_alignment=low, OHMIC_ET_Rc_an_ct2=low, TOPSIN_ET_lkg_C450pf=low","EBCR2_Ali_Litho_Gate_to_ohmic_alignment=high, OHMIC_ET_Rc_an_ct2=high, TOPSIN_ET_lkg_C450pf=high",WEAK,"Full 3-way model beat lower-order in only 3/5 folds, incremental R^2=0.0005 -- inconsistent."
MEASURE_ET_lkg_C300pf,MEASURE_ET_lkg_Cap_USV,THIN_ET_TF_AB_2,a_chaining_confirmed_pairs,2.1581,2.1477,0.481,0.0783,0.0858,0.0075,3/5,"MEASURE_ET_lkg_C300pf=low, MEASURE_ET_lkg_Cap_USV=low, THIN_ET_TF_AB_2=low","MEASURE_ET_lkg_C300pf=high, MEASURE_ET_lkg_Cap_USV=high, THIN_ET_TF_AB_2=high",WEAK,"Full 3-way model beat lower-order in only 3/5 folds, incremental R^2=0.0075 -- inconsistent."
EBCR2_Ali_Litho_Gate_to_ohmic_alignment,SIN_GATE_ET_Rc_OG142_GN,TOPSIN_ET_lkg_C450pf,a_chaining_confirmed_pairs,1.9618,1.9553,0.331,0.2363,0.2407,0.0044,3/5,"EBCR2_Ali_Litho_Gate_to_ohmic_alignment=low, SIN_GATE_ET_Rc_OG142_GN=low, TOPSIN_ET_lkg_C450pf=low","EBCR2_Ali_Litho_Gate_to_ohmic_alignment=high, SIN_GATE_ET_Rc_OG142_GN=high, TOPSIN_ET_lkg_C450pf=high",WEAK,"Full 3-way model beat lower-order in only 3/5 folds, incremental R^2=0.0044 -- inconsistent."
MEASURE_ET_lkg_70_at20V,THIN_ET_TF_AB_2,TOPSIN_ET_lkg_SY07_10,a_chaining_confirmed_pairs,2.1264,2.122,0.209,0.1051,0.109,0.004,4/5,"MEASURE_ET_lkg_70_at20V=high, THIN_ET_TF_AB_2=low, TOPSIN_ET_lkg_SY07_10=low","MEASURE_ET_lkg_70_at20V=high, THIN_ET_TF_AB_2=high, TOPSIN_ET_lkg_SY07_10=high",WEAK,"Full 3-way model beat lower-order in only 4/5 folds, incremental R^2=0.0040 -- inconsistent."
EBCR2_Ali_Litho_Gate_to_ohmic_alignment,THIN_ET_lkg_100_at20V,TOPSIN_ET_lkg_SY8_80,a_chaining_confirmed_pairs,2.0465,2.0408,0.279,0.1733,0.1785,0.0051,4/5,"EBCR2_Ali_Litho_Gate_to_ohmic_alignment=low, THIN_ET_lkg_100_at20V=low, TOPSIN_ET_lkg_SY8_80=high","EBCR2_Ali_Litho_Gate_to_ohmic_alignment=high, THIN_ET_lkg_100_at20V=high, TOPSIN_ET_lkg_SY8_80=high",WEAK,"Full 3-way model beat lower-order in only 4/5 folds, incremental R^2=0.0051 -- inconsistent."
FIC_ET_R_f_tn_2,THIN_ET_C200_0,TOPSIN_ET_lkg_CapFICM1,a_chaining_confirmed_pairs,2.1141,2.1143,-0.013,0.1153,0.1149,-0.0004,3/5,"FIC_ET_R_f_tn_2=low, THIN_ET_C200_0=low, TOPSIN_ET_lkg_CapFICM1=low","FIC_ET_R_f_tn_2=low, THIN_ET_C200_0=low, TOPSIN_ET_lkg_CapFICM1=high",WEAK,"Full 3-way model beat lower-order in only 3/5 folds, incremental R^2=-0.0004 -- inconsistent."
FIC_ET_Rc_f_hr_23,THIN_ET_lkg_100_at20V,TOPSIN_ET_lkg_Cap3,a_chaining_confirmed_pairs,2.0767,2.0671,0.466,0.146,0.1525,0.0066,3/5,"FIC_ET_Rc_f_hr_23=low, THIN_ET_lkg_100_at20V=low, TOPSIN_ET_lkg_Cap3=high","FIC_ET_Rc_f_hr_23=high, THIN_ET_lkg_100_at20V=high, TOPSIN_ET_lkg_Cap3=high",WEAK,"Full 3-way model beat lower-order in only 3/5 folds, incremental R^2=0.0066 -- inconsistent."
EBCR2_Ali_Litho_Gate_to_ohmic_alignment,THIN_ET_Rc_TF_AB_2,TOPSIN_ET_lkg_C450pf,a_chaining_confirmed_pairs,2.0391,2.0278,0.554,0.1772,0.185,0.0078,3/5,"EBCR2_Ali_Litho_Gate_to_ohmic_alignment=low, THIN_ET_Rc_TF_AB_2=low, TOPSIN_ET_lkg_C450pf=low","EBCR2_Ali_Litho_Gate_to_ohmic_alignment=high, THIN_ET_Rc_TF_AB_2=high, TOPSIN_ET_lkg_C450pf=high",WEAK,"Full 3-way model beat lower-order in only 3/5 folds, incremental R^2=0.0078 -- inconsistent."
MEASURE_ET_lkg_50,MEASURE_ET_lkg_C300pf,THIN_ET_TF_AB_2,a_chaining_confirmed_pairs,2.1698,2.1638,0.279,0.0678,0.0725,0.0046,4/5,"MEASURE_ET_lkg_50=high, MEASURE_ET_lkg_C300pf=low, THIN_ET_TF_AB_2=high","MEASURE_ET_lkg_50=high, MEASURE_ET_lkg_C300pf=high, THIN_ET_TF_AB_2=high",WEAK,"Full 3-way model beat lower-order in only 4/5 folds, incremental R^2=0.0046 -- inconsistent."
GATE2_CD_358nm_Gate_Leg_Length,MEASURE_ET_DC_RF_Vg_Vbon_min,SIN_Thickness2_RefractiveIndex,b_tree_path_cooccurrence,2.257,2.2525,0.2,-0.0017,0.0024,0.0041,3/5,"GATE2_CD_358nm_Gate_Leg_Length=high, MEASURE_ET_DC_RF_Vg_Vbon_min=low, SIN_Thickness2_RefractiveIndex=low","GATE2_CD_358nm_Gate_Leg_Length=low, MEASURE_ET_DC_RF_Vg_Vbon_min=low, SIN_Thickness2_RefractiveIndex=low",WEAK,"Full 3-way model beat lower-order in only 3/5 folds, incremental R^2=0.0041 -- inconsistent."
FIC_ET_lkg_SY07_10,MEASURE_ET_DC_SEC_Vp_1mA,THIN_ET_lkg_5,a_chaining_confirmed_pairs,2.1378,2.1275,0.479,0.0933,0.1028,0.0095,5/5,"FIC_ET_lkg_SY07_10=low, MEASURE_ET_DC_SEC_Vp_1mA=high, THIN_ET_lkg_5=high","FIC_ET_lkg_SY07_10=high, MEASURE_ET_DC_SEC_Vp_1mA=low, THIN_ET_lkg_5=high",WEAK,"Full 3-way model beat lower-order in only 5/5 folds, incremental R^2=0.0095 -- inconsistent."
MEASURE_ET_lkg_50_at20V,THIN_ET_TF_AB_2,THIN_ET_lkg_5,c_residual_conditional_structure,2.1672,2.1577,0.441,0.0708,0.0786,0.0078,5/5,"MEASURE_ET_lkg_50_at20V=low, THIN_ET_TF_AB_2=high, THIN_ET_lkg_5=high","MEASURE_ET_lkg_50_at20V=high, THIN_ET_TF_AB_2=high, THIN_ET_lkg_5=high",WEAK,"Full 3-way model beat lower-order in only 5/5 folds, incremental R^2=0.0078 -- inconsistent."
FIC_ET_Rc_f_hr_23,THIN_ET_lkg_100_at20V,TOPSIN_ET_lkg_SY8_80,a_chaining_confirmed_pairs,2.1021,2.0954,0.32,0.127,0.1326,0.0055,4/5,"FIC_ET_Rc_f_hr_23=high, THIN_ET_lkg_100_at20V=low, TOPSIN_ET_lkg_SY8_80=high","FIC_ET_Rc_f_hr_23=high, THIN_ET_lkg_100_at20V=high, TOPSIN_ET_lkg_SY8_80=high",WEAK,"Full 3-way model beat lower-order in only 4/5 folds, incremental R^2=0.0055 -- inconsistent."
MEASURE_ET_lkg_50,MEASURE_ET_lkg_70_at20V,THIN_ET_TF_AB_2,a_chaining_confirmed_pairs,2.1717,2.1623,0.433,0.069,0.0775,0.0085,5/5,"MEASURE_ET_lkg_50=low, MEASURE_ET_lkg_70_at20V=high, THIN_ET_TF_AB_2=high","MEASURE_ET_lkg_50=high, MEASURE_ET_lkg_70_at20V=high, THIN_ET_TF_AB_2=high",WEAK,"Full 3-way model beat lower-order in only 5/5 folds, incremental R^2=0.0085 -- inconsistent."
MEASURE_ET_lkg_50,MEASURE_ET_lkg_Cap_USV,THIN_ET_TF_AB_2,a_chaining_confirmed_pairs,2.1549,2.1444,0.487,0.0822,0.0913,0.0091,5/5,"MEASURE_ET_lkg_50=high, MEASURE_ET_lkg_Cap_USV=low, THIN_ET_TF_AB_2=high","MEASURE_ET_lkg_50=high, MEASURE_ET_lkg_Cap_USV=high, THIN_ET_TF_AB_2=high",WEAK,"Full 3-way model beat lower-order in only 5/5 folds, incremental R^2=0.0091 -- inconsistent."
MEASURE_ET_lkg_50,MEASURE_ET_lkg_USV_Cap,THIN_ET_TF_AB_2,a_chaining_confirmed_pairs,2.1483,2.1412,0.332,0.0884,0.094,0.0056,4/5,"MEASURE_ET_lkg_50=high, MEASURE_ET_lkg_USV_Cap=low, THIN_ET_TF_AB_2=high","MEASURE_ET_lkg_50=high, MEASURE_ET_lkg_USV_Cap=high, THIN_ET_TF_AB_2=high",WEAK,"Full 3-way model beat lower-order in only 4/5 folds, incremental R^2=0.0056 -- inconsistent."
ANODE_ET_Rc_an_ct2_OW_CR,TOPSIN_ET_C100Cap1pf,TOPSIN_ET_DC_SMALL_Vbgd_0p1,a_chaining_confirmed_pairs,2.0637,2.0639,-0.01,0.1539,0.1534,-0.0005,3/5,"ANODE_ET_Rc_an_ct2_OW_CR=low, TOPSIN_ET_C100Cap1pf=low, TOPSIN_ET_DC_SMALL_Vbgd_0p1=high","ANODE_ET_Rc_an_ct2_OW_CR=high, TOPSIN_ET_C100Cap1pf=low, TOPSIN_ET_DC_SMALL_Vbgd_0p1=low",WEAK,"Full 3-way model beat lower-order in only 3/5 folds, incremental R^2=-0.0005 -- inconsistent."
TFRP_ET_Rc_TF_AB_2,THIN_ET_lkg_100_at20V,TOPSIN_ET_lkg_Cap3,a_chaining_confirmed_pairs,2.1104,2.1002,0.487,0.1186,0.1264,0.0078,4/5,"TFRP_ET_Rc_TF_AB_2=low, THIN_ET_lkg_100_at20V=low, TOPSIN_ET_lkg_Cap3=high","TFRP_ET_Rc_TF_AB_2=high, THIN_ET_lkg_100_at20V=high, TOPSIN_ET_lkg_Cap3=high",WEAK,"Full 3-way model beat lower-order in only 4/5 folds, incremental R^2=0.0078 -- inconsistent."
EBCR2_Ali_Litho_Gate_to_ohmic_alignment,MEASURE_ET_Rc_an_ct2,TOPSIN_ET_lkg_C450pf,a_chaining_confirmed_pairs,2.0512,2.0436,0.374,0.1684,0.174,0.0056,4/5,"EBCR2_Ali_Litho_Gate_to_ohmic_alignment=low, MEASURE_ET_Rc_an_ct2=low, TOPSIN_ET_lkg_C450pf=low","EBCR2_Ali_Litho_Gate_to_ohmic_alignment=high, MEASURE_ET_Rc_an_ct2=high, TOPSIN_ET_lkg_C450pf=high",WEAK,"Full 3-way model beat lower-order in only 4/5 folds, incremental R^2=0.0056 -- inconsistent."
EBCR2_Ali_Litho_Gate_to_ohmic_alignment,MEASURE_ET_Rc_OG144,TOPSIN_ET_lkg_C450pf,a_chaining_confirmed_pairs,2.0748,2.082,-0.346,0.1481,0.1405,-0.0076,2/5,"EBCR2_Ali_Litho_Gate_to_ohmic_alignment=low, MEASURE_ET_Rc_OG144=low, TOPSIN_ET_lkg_C450pf=low","EBCR2_Ali_Litho_Gate_to_ohmic_alignment=high, MEASURE_ET_Rc_OG144=high, TOPSIN_ET_lkg_C450pf=high",WEAK,"Full 3-way model beat lower-order in only 2/5 folds, incremental R^2=-0.0076 -- inconsistent."
EBCR2_Ali_Litho_Gate_to_ohmic_alignment,MEASURE_ET_CapPARCAP,TOPSIN_ET_lkg_C450pf,a_chaining_confirmed_pairs,2.0703,2.0661,0.199,0.1548,0.1588,0.004,3/5,"EBCR2_Ali_Litho_Gate_to_ohmic_alignment=low, MEASURE_ET_CapPARCAP=low, TOPSIN_ET_lkg_C450pf=low","EBCR2_Ali_Litho_Gate_to_ohmic_alignment=high, MEASURE_ET_CapPARCAP=high, TOPSIN_ET_lkg_C450pf=high",WEAK,"Full 3-way model beat lower-order in only 3/5 folds, incremental R^2=0.0040 -- inconsistent."
EBCR2_Ali_Litho_Gate_to_ohmic_alignment,FIC_ET_Rc_f_tn_23,TOPSIN_ET_lkg_C450pf,a_chaining_confirmed_pairs,2.0455,2.0454,0.006,0.1747,0.173,-0.0017,3/5,"EBCR2_Ali_Litho_Gate_to_ohmic_alignment=low, FIC_ET_Rc_f_tn_23=low, TOPSIN_ET_lkg_C450pf=low","EBCR2_Ali_Litho_Gate_to_ohmic_alignment=high, FIC_ET_Rc_f_tn_23=high, TOPSIN_ET_lkg_C450pf=high",WEAK,"Full 3-way model beat lower-order in only 3/5 folds, incremental R^2=-0.0017 -- inconsistent."
EBCR2_Ali_Litho_Gate_to_ohmic_alignment,FIC_ET_Rc_f_hr_23,TOPSIN_ET_lkg_C450pf,a_chaining_confirmed_pairs,2.0626,2.0581,0.215,0.1591,0.1616,0.0025,4/5,"EBCR2_Ali_Litho_Gate_to_ohmic_alignment=low, FIC_ET_Rc_f_hr_23=low, TOPSIN_ET_lkg_C450pf=low","EBCR2_Ali_Litho_Gate_to_ohmic_alignment=high, FIC_ET_Rc_f_hr_23=high, TOPSIN_ET_lkg_C450pf=high",WEAK,"Full 3-way model beat lower-order in only 4/5 folds, incremental R^2=0.0025 -- inconsistent."
CATHODE_ET_Rcat_cn_3_OW_ST,THIN_ET_lkg_100_at20V,TOPSIN_ET_lkg_Cap3,a_chaining_confirmed_pairs,2.0864,2.0794,0.339,0.1416,0.147,0.0054,4/5,"CATHODE_ET_Rcat_cn_3_OW_ST=low, THIN_ET_lkg_100_at20V=low, TOPSIN_ET_lkg_Cap3=high","CATHODE_ET_Rcat_cn_3_OW_ST=high, THIN_ET_lkg_100_at20V=high, TOPSIN_ET_lkg_Cap3=high",WEAK,"Full 3-way model beat lower-order in only 4/5 folds, incremental R^2=0.0054 -- inconsistent."
MaskSetSupplyChipsCount,THIN_ET_lkg_100_at20V,TOPSIN_ET_lkg_Cap3,a_chaining_confirmed_pairs,2.0889,2.0807,0.39,0.1395,0.1458,0.0064,5/5,"MaskSetSupplyChipsCount=low, THIN_ET_lkg_100_at20V=low, TOPSIN_ET_lkg_Cap3=high","MaskSetSupplyChipsCount=low, THIN_ET_lkg_100_at20V=high, TOPSIN_ET_lkg_Cap3=high",WEAK,"Full 3-way model beat lower-order in only 5/5 folds, incremental R^2=0.0064 -- inconsistent."
MaskSetSupplyChipsCount,THIN_ET_lkg_100_at20V,TOPSIN_ET_lkg_SY8_80,a_chaining_confirmed_pairs,2.1253,2.115,0.486,0.1104,0.1185,0.0081,4/5,"MaskSetSupplyChipsCount=low, THIN_ET_lkg_100_at20V=low, TOPSIN_ET_lkg_SY8_80=high","MaskSetSupplyChipsCount=low, THIN_ET_lkg_100_at20V=high, TOPSIN_ET_lkg_SY8_80=high",WEAK,"Full 3-way model beat lower-order in only 4/5 folds, incremental R^2=0.0081 -- inconsistent."
MEASURE_ET_lkg_USV_Cap,THIN_ET_TF_AB_2,TOPSIN_ET_lkg_SY07_10,a_chaining_confirmed_pairs,2.1235,2.1207,0.13,0.1085,0.1111,0.0026,3/5,"MEASURE_ET_lkg_USV_Cap=low, THIN_ET_TF_AB_2=low, TOPSIN_ET_lkg_SY07_10=low","MEASURE_ET_lkg_USV_Cap=high, THIN_ET_TF_AB_2=high, TOPSIN_ET_lkg_SY07_10=high",WEAK,"Full 3-way model beat lower-order in only 3/5 folds, incremental R^2=0.0026 -- inconsistent."
MEASURE_ET_lkg_Cap_USV,THIN_ET_TF_AB_2,TOPSIN_ET_lkg_SY07_10,a_chaining_confirmed_pairs,2.1284,2.1185,0.462,0.1027,0.111,0.0083,5/5,"MEASURE_ET_lkg_Cap_USV=low, THIN_ET_TF_AB_2=high, TOPSIN_ET_lkg_SY07_10=high","MEASURE_ET_lkg_Cap_USV=high, THIN_ET_TF_AB_2=high, TOPSIN_ET_lkg_SY07_10=high",WEAK,"Full 3-way model beat lower-order in only 5/5 folds, incremental R^2=0.0083 -- inconsistent."
MEASURE_ET_lkg_C300pf,THIN_ET_TF_AB_2,TOPSIN_ET_lkg_SY07_10,a_chaining_confirmed_pairs,2.1467,2.1364,0.48,0.0885,0.0967,0.0082,4/5,"MEASURE_ET_lkg_C300pf=low, THIN_ET_TF_AB_2=low, TOPSIN_ET_lkg_SY07_10=low","MEASURE_ET_lkg_C300pf=high, THIN_ET_TF_AB_2=high, TOPSIN_ET_lkg_SY07_10=high",WEAK,"Full 3-way model beat lower-order in only 4/5 folds, incremental R^2=0.0082 -- inconsistent."
MEASURE_ET_lkg_C300pf,MEASURE_ET_lkg_USV_Cap,THIN_ET_TF_AB_2,a_chaining_confirmed_pairs,2.1501,2.1402,0.461,0.0866,0.0955,0.0089,5/5,"MEASURE_ET_lkg_C300pf=low, MEASURE_ET_lkg_USV_Cap=low, THIN_ET_TF_AB_2=low","MEASURE_ET_lkg_C300pf=high, MEASURE_ET_lkg_USV_Cap=high, THIN_ET_TF_AB_2=high",WEAK,"Full 3-way model beat lower-order in only 5/5 folds, incremental R^2=0.0089 -- inconsistent."
THIN_ET_lkg_100_at20V,TOPSIN_ET_CapFICM1,TOPSIN_ET_Load_Pull_Id_ini,a_chaining_confirmed_pairs,2.0888,2.0807,0.389,0.1348,0.1435,0.0086,3/5,"THIN_ET_lkg_100_at20V=low, TOPSIN_ET_CapFICM1=low, TOPSIN_ET_Load_Pull_Id_ini=high","THIN_ET_lkg_100_at20V=high, TOPSIN_ET_CapFICM1=low, TOPSIN_ET_Load_Pull_Id_ini=low",WEAK,"Full 3-way model beat lower-order in only 3/5 folds, incremental R^2=0.0086 -- inconsistent."
SIN_GATE_ET_OHMC,THIN_ET_lkg_100_at20V,TOPSIN_ET_lkg_Cap3,a_chaining_confirmed_pairs,2.0904,2.0791,0.539,0.1366,0.1441,0.0076,3/5,"SIN_GATE_ET_OHMC=high, THIN_ET_lkg_100_at20V=low, TOPSIN_ET_lkg_Cap3=high","SIN_GATE_ET_OHMC=low, THIN_ET_lkg_100_at20V=high, TOPSIN_ET_lkg_Cap3=high",WEAK,"Full 3-way model beat lower-order in only 3/5 folds, incremental R^2=0.0076 -- inconsistent."
ANODE_ET_Rc_an_ct2_OW_CR,MEASURE_ET_RF_Modeling_Ls,TOPSIN_ET_C100Cap1pf,a_chaining_confirmed_pairs,2.0846,2.0847,-0.007,0.1389,0.1389,0.0,3/5,"ANODE_ET_Rc_an_ct2_OW_CR=low, MEASURE_ET_RF_Modeling_Ls=high, TOPSIN_ET_C100Cap1pf=low","ANODE_ET_Rc_an_ct2_OW_CR=low, MEASURE_ET_RF_Modeling_Ls=low, TOPSIN_ET_C100Cap1pf=high",WEAK,"Full 3-way model beat lower-order in only 3/5 folds, incremental R^2=0.0000 -- inconsistent."
ANODE_ET_Rc_an_ct2_OW_CR,TOPSIN_ET_C100Cap1pf,TOPSIN_ET_DC_SMALL_Vbgs1,a_chaining_confirmed_pairs,2.0411,2.0374,0.178,0.1755,0.1787,0.0032,4/5,"ANODE_ET_Rc_an_ct2_OW_CR=low, TOPSIN_ET_C100Cap1pf=low, TOPSIN_ET_DC_SMALL_Vbgs1=low","ANODE_ET_Rc_an_ct2_OW_CR=high, TOPSIN_ET_C100Cap1pf=low, TOPSIN_ET_DC_SMALL_Vbgs1=low",WEAK,"Full 3-way model beat lower-order in only 4/5 folds, incremental R^2=0.0032 -- inconsistent."
CATHODE_ET_Rcat_cn_2,EBCR2_Ali_Litho_Gate_to_ohmic_alignment,TOPSIN_ET_lkg_C450pf,a_chaining_confirmed_pairs,2.0587,2.0634,-0.23,0.1671,0.1629,-0.0042,2/5,"CATHODE_ET_Rcat_cn_2=low, EBCR2_Ali_Litho_Gate_to_ohmic_alignment=low, TOPSIN_ET_lkg_C450pf=low","CATHODE_ET_Rcat_cn_2=high, EBCR2_Ali_Litho_Gate_to_ohmic_alignment=high, TOPSIN_ET_lkg_C450pf=high",WEAK,"Full 3-way model beat lower-order in only 2/5 folds, incremental R^2=-0.0042 -- inconsistent."
CATHODE_ET_Rcat_cn_3_OW_ST,EBCR2_Ali_Litho_Gate_to_ohmic_alignment,TOPSIN_ET_lkg_C450pf,a_chaining_confirmed_pairs,2.0732,2.0837,-0.507,0.1538,0.1428,-0.011,3/5,"CATHODE_ET_Rcat_cn_3_OW_ST=low, EBCR2_Ali_Litho_Gate_to_ohmic_alignment=low, TOPSIN_ET_lkg_C450pf=low","CATHODE_ET_Rcat_cn_3_OW_ST=high, EBCR2_Ali_Litho_Gate_to_ohmic_alignment=high, TOPSIN_ET_lkg_C450pf=high",WEAK,"Full 3-way model beat lower-order in only 3/5 folds, incremental R^2=-0.0110 -- inconsistent."
THIN_ET_Rc_TF_AB_2,THIN_ET_lkg_100_at20V,TOPSIN_ET_lkg_Cap3,a_chaining_confirmed_pairs,2.0867,2.0772,0.458,0.1361,0.1455,0.0094,3/5,"THIN_ET_Rc_TF_AB_2=low, THIN_ET_lkg_100_at20V=low, TOPSIN_ET_lkg_Cap3=high","THIN_ET_Rc_TF_AB_2=high, THIN_ET_lkg_100_at20V=high, TOPSIN_ET_lkg_Cap3=high",WEAK,"Full 3-way model beat lower-order in only 3/5 folds, incremental R^2=0.0094 -- inconsistent."
THIN_ET_TF_AB_2,THIN_ET_lkg_5,TOPSIN_ET_lkg_SY07_10,a_chaining_confirmed_pairs,2.1229,2.118,0.233,0.1057,0.1104,0.0047,4/5,"THIN_ET_TF_AB_2=high, THIN_ET_lkg_5=high, TOPSIN_ET_lkg_SY07_10=low","THIN_ET_TF_AB_2=high, THIN_ET_lkg_5=high, TOPSIN_ET_lkg_SY07_10=high",WEAK,"Full 3-way model beat lower-order in only 4/5 folds, incremental R^2=0.0047 -- inconsistent."
ANODE_ET_Rc_an_ct2_OW_CR,SIN_GATE_ET_Ran_con_2,TOPSIN_ET_C100Cap1pf,a_chaining_confirmed_pairs,2.1108,2.1067,0.192,0.1154,0.1207,0.0054,2/5,"ANODE_ET_Rc_an_ct2_OW_CR=low, SIN_GATE_ET_Ran_con_2=high, TOPSIN_ET_C100Cap1pf=low","ANODE_ET_Rc_an_ct2_OW_CR=low, SIN_GATE_ET_Ran_con_2=low, TOPSIN_ET_C100Cap1pf=high",WEAK,"Full 3-way model beat lower-order in only 2/5 folds, incremental R^2=0.0054 -- inconsistent."
ANODE_ET_Rc_an_ct2_OW_CR,THIN_ET_TF_AB_1,TOPSIN_ET_C100Cap1pf,a_chaining_confirmed_pairs,2.0891,2.0841,0.242,0.1356,0.1393,0.0036,3/5,"ANODE_ET_Rc_an_ct2_OW_CR=low, THIN_ET_TF_AB_1=high, TOPSIN_ET_C100Cap1pf=low","ANODE_ET_Rc_an_ct2_OW_CR=low, THIN_ET_TF_AB_1=high, TOPSIN_ET_C100Cap1pf=high",WEAK,"Full 3-way model beat lower-order in only 3/5 folds, incremental R^2=0.0036 -- inconsistent."
TOPSIN_ET_CapFICM1,TOPSIN_ET_Load_Pull_Id_ini,TOPSIN_ET_lkg_CapFICM1,a_chaining_confirmed_pairs,2.1156,2.1064,0.435,0.111,0.1204,0.0094,3/5,"TOPSIN_ET_CapFICM1=low, TOPSIN_ET_Load_Pull_Id_ini=high, TOPSIN_ET_lkg_CapFICM1=low","TOPSIN_ET_CapFICM1=low, TOPSIN_ET_Load_Pull_Id_ini=low, TOPSIN_ET_lkg_CapFICM1=high",WEAK,"Full 3-way model beat lower-order in only 3/5 folds, incremental R^2=0.0094 -- inconsistent."
ANODE_ET_Rc_an_ct2_OW_CR,OHMIC_ET_Rsh_an_ct2,TOPSIN_ET_C100Cap1pf,a_chaining_confirmed_pairs,2.1224,2.1202,0.103,0.1136,0.1128,-0.0007,3/5,"ANODE_ET_Rc_an_ct2_OW_CR=low, OHMIC_ET_Rsh_an_ct2=high, TOPSIN_ET_C100Cap1pf=low","ANODE_ET_Rc_an_ct2_OW_CR=high, OHMIC_ET_Rsh_an_ct2=high, TOPSIN_ET_C100Cap1pf=low",WEAK,"Full 3-way model beat lower-order in only 3/5 folds, incremental R^2=-0.0007 -- inconsistent."
ANODE_ET_Rc_an_ct2_OW_CR,THIN_ET_DC_RF_Vg_optt3,TOPSIN_ET_C100Cap1pf,a_chaining_confirmed_pairs,2.1103,2.1077,0.121,0.1184,0.1205,0.0022,5/5,"ANODE_ET_Rc_an_ct2_OW_CR=low, THIN_ET_DC_RF_Vg_optt3=low, TOPSIN_ET_C100Cap1pf=low","ANODE_ET_Rc_an_ct2_OW_CR=low, THIN_ET_DC_RF_Vg_optt3=high, TOPSIN_ET_C100Cap1pf=high",WEAK,"Full 3-way model beat lower-order in only 5/5 folds, incremental R^2=0.0022 -- inconsistent."
ANODE_ET_Rc_an_ct2_OW_CR,FIC_ET_G_per_25,TOPSIN_ET_C100Cap1pf,a_chaining_confirmed_pairs,2.0739,2.0724,0.073,0.1498,0.1501,0.0003,2/5,"ANODE_ET_Rc_an_ct2_OW_CR=low, FIC_ET_G_per_25=high, TOPSIN_ET_C100Cap1pf=low","ANODE_ET_Rc_an_ct2_OW_CR=high, FIC_ET_G_per_25=low, TOPSIN_ET_C100Cap1pf=low",WEAK,"Full 3-way model beat lower-order in only 2/5 folds, incremental R^2=0.0003 -- inconsistent."
ANODE_ET_Probe_Number,ANODE_ET_Rc_an_ct2_OW_CR,TOPSIN_ET_C100Cap1pf,a_chaining_confirmed_pairs,2.1026,2.1029,-0.012,0.1245,0.124,-0.0005,3/5,"ANODE_ET_Probe_Number=low, ANODE_ET_Rc_an_ct2_OW_CR=low, TOPSIN_ET_C100Cap1pf=low","ANODE_ET_Probe_Number=high, ANODE_ET_Rc_an_ct2_OW_CR=high, TOPSIN_ET_C100Cap1pf=low",WEAK,"Full 3-way model beat lower-order in only 3/5 folds, incremental R^2=-0.0005 -- inconsistent."
TOPSIN_ET_CapFICM1_0,TOPSIN_ET_DC_PIV_Ids0_QP3,TOPSIN_ET_lkg_CapFICM1,a_chaining_confirmed_pairs,2.0904,2.08,0.499,0.1322,0.1398,0.0077,5/5,"TOPSIN_ET_CapFICM1_0=low, TOPSIN_ET_DC_PIV_Ids0_QP3=high, TOPSIN_ET_lkg_CapFICM1=low","TOPSIN_ET_CapFICM1_0=low, TOPSIN_ET_DC_PIV_Ids0_QP3=low, TOPSIN_ET_lkg_CapFICM1=high",WEAK,"Full 3-way model beat lower-order in only 5/5 folds, incremental R^2=0.0077 -- inconsistent."
MEASURE_ET_DC_SMALL_Vg_gm_max,MEASURE_ET_lkg_50_at20V,TOPSIN_ET_C100Cap1pf,b_tree_path_cooccurrence,2.1593,2.1611,-0.083,0.0829,0.0811,-0.0018,1/5,"MEASURE_ET_DC_SMALL_Vg_gm_max=high, MEASURE_ET_lkg_50_at20V=low, TOPSIN_ET_C100Cap1pf=low","MEASURE_ET_DC_SMALL_Vg_gm_max=low, MEASURE_ET_lkg_50_at20V=high, TOPSIN_ET_C100Cap1pf=low",INCONCLUSIVE,"Full 3-way model did not reproducibly beat lower-order (1/5 folds, incremental R^2=-0.0018)."
