raw_csv_parameter_name,spline_relationship_class,spline_evidence_label,spline_nonlinear_advantage,v1_relationship_type,v1_evidence_label,v2_shape,v2_evidence_label,vs_v1_lightgbm,vs_v2_binned
THIN_ET_lkg_10,THRESHOLD,STRONG,True,threshold,WEAK,complex_nonmonotonic,WEAK,SPLINE_ONLY,SPLINE_ONLY
MEASURE_ET_lkg_50_at20V,SATURATION,STRONG,True,threshold,MODERATE,complex_nonmonotonic,INCONCLUSIVE,BOTH_AGREE_SHAPE,SPLINE_ONLY
TOPSIN_ET_lkg_C175pf,COMPLEX_NONLINEAR,STRONG,True,,not_screened_by_v1,inverted_U,MODERATE,SPLINE_ONLY_NOT_SCREENED_BY_OTHER,BOTH_FOUND_DIFFERENT_SHAPE
TOPSIN_ET_lkg_C300,COMPLEX_NONLINEAR,STRONG,True,,not_screened_by_v1,complex_nonmonotonic,WEAK,SPLINE_ONLY_NOT_SCREENED_BY_OTHER,SPLINE_ONLY
MEASURE_ET_LT_SEC_Ileak_m9V_mA_mm,PROCESS_WINDOW,STRONG,False,,not_screened_by_v1,inverted_U,MODERATE,SPLINE_ONLY_NOT_SCREENED_BY_OTHER,BOTH_AGREE_SHAPE
MEASURE_ET_LT_SEC_Ileak_m5p5V_mA_mm,MONOTONIC_NEGATIVE,STRONG,True,threshold,WEAK,complex_nonmonotonic,INCONCLUSIVE,SPLINE_ONLY,SPLINE_ONLY
MEASURE_ET_lkg_PAD_10,THRESHOLD,STRONG,True,,not_screened_by_v1,complex_nonmonotonic,INCONCLUSIVE,SPLINE_ONLY_NOT_SCREENED_BY_OTHER,SPLINE_ONLY
MEASURE_ET_lkg_Cap3,THRESHOLD,STRONG,False,,not_screened_by_v1,complex_nonmonotonic,WEAK,SPLINE_ONLY_NOT_SCREENED_BY_OTHER,SPLINE_ONLY
THIN_ET_lkg_50_at20V,THRESHOLD,STRONG,False,,not_screened_by_v1,complex_nonmonotonic,WEAK,SPLINE_ONLY_NOT_SCREENED_BY_OTHER,SPLINE_ONLY
FIC_ET_lkg_SY8_80,SATURATION,STRONG,True,flat_no_clear_effect,INCONCLUSIVE,complex_nonmonotonic,MODERATE,SPLINE_ONLY,BOTH_FOUND_DIFFERENT_SHAPE
TOPSIN_ET_lkg_CapFICM1,THRESHOLD,STRONG,False,,not_screened_by_v1,complex_nonmonotonic,INCONCLUSIVE,SPLINE_ONLY_NOT_SCREENED_BY_OTHER,SPLINE_ONLY
THIN_ET_lkg_C20,THRESHOLD,STRONG,True,,not_screened_by_v1,complex_nonmonotonic,INCONCLUSIVE,SPLINE_ONLY_NOT_SCREENED_BY_OTHER,SPLINE_ONLY
TOPSIN_ET_lkg_Cap3,SATURATION,STRONG,True,,not_screened_by_v1,complex_nonmonotonic,WEAK,SPLINE_ONLY_NOT_SCREENED_BY_OTHER,SPLINE_ONLY
MEASURE_ET_lkg_100,THRESHOLD,STRONG,False,,not_screened_by_v1,complex_nonmonotonic,MODERATE,SPLINE_ONLY_NOT_SCREENED_BY_OTHER,BOTH_FOUND_DIFFERENT_SHAPE
MEASURE_ET_lkg_C300FB,SATURATION,STRONG,True,,not_screened_by_v1,complex_nonmonotonic,INCONCLUSIVE,SPLINE_ONLY_NOT_SCREENED_BY_OTHER,SPLINE_ONLY
MEASURE_ET_LT_SEC_Ileak_m5V_mA_mm,COMPLEX_NONLINEAR,STRONG,True,,not_screened_by_v1,complex_nonmonotonic,INCONCLUSIVE,SPLINE_ONLY_NOT_SCREENED_BY_OTHER,SPLINE_ONLY
MEASURE_ET_lkg_70,SATURATION,STRONG,True,,not_screened_by_v1,complex_nonmonotonic,MODERATE,SPLINE_ONLY_NOT_SCREENED_BY_OTHER,BOTH_FOUND_DIFFERENT_SHAPE
TOPSIN_ET_lkg_C500pf,PROCESS_WINDOW,STRONG,False,,not_screened_by_v1,complex_nonmonotonic,INCONCLUSIVE,SPLINE_ONLY_NOT_SCREENED_BY_OTHER,SPLINE_ONLY
MEASURE_ET_LT_SEC_Ileak_m16p5V_mA_mm,SATURATION,STRONG,True,,not_screened_by_v1,monotonic,MODERATE,SPLINE_ONLY_NOT_SCREENED_BY_OTHER,BOTH_FOUND_DIFFERENT_SHAPE
OHMIC_ET_lkg_5,THRESHOLD,STRONG,False,,not_screened_by_v1,threshold,MODERATE,SPLINE_ONLY_NOT_SCREENED_BY_OTHER,BOTH_AGREE_SHAPE
MEASURE_ET_lkg_C200,THRESHOLD,STRONG,True,,not_screened_by_v1,complex_nonmonotonic,INCONCLUSIVE,SPLINE_ONLY_NOT_SCREENED_BY_OTHER,SPLINE_ONLY
MEASURE_ET_lkg_C175pf,SATURATION,STRONG,True,,not_screened_by_v1,complex_nonmonotonic,INCONCLUSIVE,SPLINE_ONLY_NOT_SCREENED_BY_OTHER,SPLINE_ONLY
MEASURE_ET_lkg_USV_Cap,COMPLEX_NONLINEAR,STRONG,True,,not_screened_by_v1,monotonic,MODERATE,SPLINE_ONLY_NOT_SCREENED_BY_OTHER,BOTH_FOUND_DIFFERENT_SHAPE
THIN_ET_lkg_70_at20V,THRESHOLD,STRONG,True,,not_screened_by_v1,complex_nonmonotonic,INCONCLUSIVE,SPLINE_ONLY_NOT_SCREENED_BY_OTHER,SPLINE_ONLY
MEASURE_ET_lkg_Cap1,THRESHOLD,STRONG,False,,not_screened_by_v1,complex_nonmonotonic,INCONCLUSIVE,SPLINE_ONLY_NOT_SCREENED_BY_OTHER,SPLINE_ONLY
FIC_ET_lkg_5,THRESHOLD,STRONG,True,,not_screened_by_v1,complex_nonmonotonic,INCONCLUSIVE,SPLINE_ONLY_NOT_SCREENED_BY_OTHER,SPLINE_ONLY
GATE2_CD_Gate_Leg_Length,COMPLEX_NONLINEAR,STRONG,True,,not_screened_by_v1,complex_nonmonotonic,MODERATE,SPLINE_ONLY_NOT_SCREENED_BY_OTHER,BOTH_AGREE_SHAPE
SIN_GATE_ET_lkg_5,SATURATION,STRONG,True,,not_screened_by_v1,complex_nonmonotonic,MODERATE,SPLINE_ONLY_NOT_SCREENED_BY_OTHER,BOTH_FOUND_DIFFERENT_SHAPE
TOPSIN_ET_DC_PIV_Gate_Lag_1,SATURATION,STRONG,True,,not_screened_by_v1,complex_nonmonotonic,WEAK,SPLINE_ONLY_NOT_SCREENED_BY_OTHER,SPLINE_ONLY
MEASURE_ET_lkg_Cap2,THRESHOLD,STRONG,True,,not_screened_by_v1,complex_nonmonotonic,WEAK,SPLINE_ONLY_NOT_SCREENED_BY_OTHER,SPLINE_ONLY
SIN_GATE_ET_lkg_SY8_80,SATURATION,STRONG,True,,not_screened_by_v1,complex_nonmonotonic,MODERATE,SPLINE_ONLY_NOT_SCREENED_BY_OTHER,BOTH_FOUND_DIFFERENT_SHAPE
MEASURE_ET_Rc_an_ct2_OW_CR,COMPLEX_NONLINEAR,STRONG,True,U_shaped_process_window,MODERATE,inverted_U,INCONCLUSIVE,BOTH_FOUND_DIFFERENT_SHAPE,SPLINE_ONLY
MEASURE_ET_lkg_C300M1B,COMPLEX_NONLINEAR,STRONG,True,,not_screened_by_v1,complex_nonmonotonic,INCONCLUSIVE,SPLINE_ONLY_NOT_SCREENED_BY_OTHER,SPLINE_ONLY
SIN_ET_DC_RF_Vbin_gs,SATURATION,STRONG,True,direct,MODERATE,complex_nonmonotonic,STRONG,BOTH_FOUND_DIFFERENT_SHAPE,BOTH_FOUND_DIFFERENT_SHAPE
SIN_ET_lkg_SY8_80,THRESHOLD,STRONG,False,,not_screened_by_v1,complex_nonmonotonic,INCONCLUSIVE,SPLINE_ONLY_NOT_SCREENED_BY_OTHER,SPLINE_ONLY
MEASURE_ET_C100Cap2pf,PROCESS_WINDOW,STRONG,True,,not_screened_by_v1,complex_nonmonotonic,WEAK,SPLINE_ONLY_NOT_SCREENED_BY_OTHER,SPLINE_ONLY
MEASURE_ET_LT_SEC_Ileak_m10p5V_mA_mm,THRESHOLD,STRONG,True,threshold,INCONCLUSIVE,complex_nonmonotonic,WEAK,SPLINE_ONLY,SPLINE_ONLY
TOPSIN_ET_DC_PIV_Ids1_QP1,COMPLEX_NONLINEAR,STRONG,False,,not_screened_by_v1,complex_nonmonotonic,STRONG,SPLINE_ONLY_NOT_SCREENED_BY_OTHER,BOTH_AGREE_SHAPE
TOPSIN_ET_lkg_C300pf,THRESHOLD,STRONG,False,,not_screened_by_v1,monotonic,MODERATE,SPLINE_ONLY_NOT_SCREENED_BY_OTHER,BOTH_FOUND_DIFFERENT_SHAPE
TOPSIN_ET_lkg_Cap_USV,THRESHOLD,STRONG,False,,not_screened_by_v1,complex_nonmonotonic,MODERATE,SPLINE_ONLY_NOT_SCREENED_BY_OTHER,BOTH_FOUND_DIFFERENT_SHAPE
TOPSIN_ET_lkg_SY8_80,THRESHOLD,STRONG,True,,not_screened_by_v1,complex_nonmonotonic,INCONCLUSIVE,SPLINE_ONLY_NOT_SCREENED_BY_OTHER,SPLINE_ONLY
MEASURE_ET_lkg_Cap_USV,THRESHOLD,STRONG,True,,not_screened_by_v1,complex_nonmonotonic,MODERATE,SPLINE_ONLY_NOT_SCREENED_BY_OTHER,BOTH_FOUND_DIFFERENT_SHAPE
THIN_ET_lkg_5,THRESHOLD,STRONG,False,,not_screened_by_v1,inverted_U,MODERATE,SPLINE_ONLY_NOT_SCREENED_BY_OTHER,BOTH_FOUND_DIFFERENT_SHAPE
MEASURE_ET_lkg_50,SATURATION,STRONG,True,,not_screened_by_v1,complex_nonmonotonic,STRONG,SPLINE_ONLY_NOT_SCREENED_BY_OTHER,BOTH_FOUND_DIFFERENT_SHAPE
TOPSIN_ET_Cap_C300,COMPLEX_NONLINEAR,STRONG,True,,not_screened_by_v1,complex_nonmonotonic,WEAK,SPLINE_ONLY_NOT_SCREENED_BY_OTHER,SPLINE_ONLY
MEASURE_ET_DC_SEC_X_Ig_cut1_mAmm_pos_FPSD3p2,SATURATION,STRONG,True,flat_no_clear_effect,INCONCLUSIVE,complex_nonmonotonic,WEAK,SPLINE_ONLY,SPLINE_ONLY
TOPSIN_ET_DC_RF_Vbin_gs,SATURATION,STRONG,False,,not_screened_by_v1,complex_nonmonotonic,WEAK,SPLINE_ONLY_NOT_SCREENED_BY_OTHER,SPLINE_ONLY
MEASURE_ET_DC_Diode_D_leak_65V,THRESHOLD,STRONG,True,,not_screened_by_v1,complex_nonmonotonic,INCONCLUSIVE,SPLINE_ONLY_NOT_SCREENED_BY_OTHER,SPLINE_ONLY
THIN_ET_C300_0,COMPLEX_NONLINEAR,STRONG,True,,not_screened_by_v1,complex_nonmonotonic,WEAK,SPLINE_ONLY_NOT_SCREENED_BY_OTHER,SPLINE_ONLY
SIN_ET_DC_RF_Vg_max_Vd_0p1,SATURATION,STRONG,True,,not_screened_by_v1,threshold,MODERATE,SPLINE_ONLY_NOT_SCREENED_BY_OTHER,BOTH_AGREE_SHAPE
MEASURE_ET_LT_SEC_Ileak_m10V_mA_mm,THRESHOLD,STRONG,False,,not_screened_by_v1,complex_nonmonotonic,INCONCLUSIVE,SPLINE_ONLY_NOT_SCREENED_BY_OTHER,SPLINE_ONLY
EBCR2_CD_Gate_Leg_Length,COMPLEX_NONLINEAR,STRONG,True,,not_screened_by_v1,complex_nonmonotonic,INCONCLUSIVE,SPLINE_ONLY_NOT_SCREENED_BY_OTHER,SPLINE_ONLY
TOPSIN_ET_Rc_f_tn_23,SATURATION,STRONG,True,flat_no_clear_effect,INCONCLUSIVE,complex_nonmonotonic,MODERATE,SPLINE_ONLY,BOTH_FOUND_DIFFERENT_SHAPE
TOPSIN_ET_Cap3pf_0,COMPLEX_NONLINEAR,STRONG,True,U_shaped_process_window,WEAK,complex_nonmonotonic,WEAK,SPLINE_ONLY,SPLINE_ONLY
MEASURE_ET_lkg_5,THRESHOLD,STRONG,False,,not_screened_by_v1,complex_nonmonotonic,INCONCLUSIVE,SPLINE_ONLY_NOT_SCREENED_BY_OTHER,SPLINE_ONLY
SIN_ET_DC_RF_Vbgd1,SATURATION,STRONG,False,,not_screened_by_v1,threshold,WEAK,SPLINE_ONLY_NOT_SCREENED_BY_OTHER,SPLINE_ONLY
SIN_ET_DC_RF_Vbgd_0p01,SATURATION,STRONG,False,,not_screened_by_v1,complex_nonmonotonic,INCONCLUSIVE,SPLINE_ONLY_NOT_SCREENED_BY_OTHER,SPLINE_ONLY
MEASURE_ET_lkg_C300pf,THRESHOLD,STRONG,True,,not_screened_by_v1,complex_nonmonotonic,INCONCLUSIVE,SPLINE_ONLY_NOT_SCREENED_BY_OTHER,SPLINE_ONLY
MEASURE_ET_C300FM1,SATURATION,STRONG,True,,not_screened_by_v1,threshold,MODERATE,SPLINE_ONLY_NOT_SCREENED_BY_OTHER,BOTH_AGREE_SHAPE
THIN_ET_lkg_C300,MONOTONIC_NEGATIVE,STRONG,False,,not_screened_by_v1,complex_nonmonotonic,INCONCLUSIVE,SPLINE_ONLY_NOT_SCREENED_BY_OTHER,SPLINE_ONLY
TOPSIN_ET_C300pf_0,COMPLEX_NONLINEAR,STRONG,True,,not_screened_by_v1,inverted_U,INCONCLUSIVE,SPLINE_ONLY_NOT_SCREENED_BY_OTHER,SPLINE_ONLY
TOPSIN_ET_C100CapPARCAP,SATURATION,STRONG,True,flat_no_clear_effect,INCONCLUSIVE,complex_nonmonotonic,INCONCLUSIVE,SPLINE_ONLY,SPLINE_ONLY
TOPSIN_ET_DC_RF_Vbgd_0p1,SATURATION,STRONG,True,,not_screened_by_v1,complex_nonmonotonic,INCONCLUSIVE,SPLINE_ONLY_NOT_SCREENED_BY_OTHER,SPLINE_ONLY
TOPSIN_ET_lkg_Cap2,THRESHOLD,STRONG,False,,not_screened_by_v1,threshold,MODERATE,SPLINE_ONLY_NOT_SCREENED_BY_OTHER,BOTH_AGREE_SHAPE
MEASURE_ET_USV_Cappf_0,PROCESS_WINDOW,STRONG,False,,not_screened_by_v1,complex_nonmonotonic,MODERATE,SPLINE_ONLY_NOT_SCREENED_BY_OTHER,BOTH_FOUND_DIFFERENT_SHAPE
MEASURE_ET_DC_SEC_X_Vg_at_I2_pos,SATURATION,STRONG,True,,not_screened_by_v1,U_shape,INCONCLUSIVE,SPLINE_ONLY_NOT_SCREENED_BY_OTHER,SPLINE_ONLY
MEASURE_ET_DC_SMALL_Vbgs_0p01,SATURATION,STRONG,True,flat_no_clear_effect,INCONCLUSIVE,complex_nonmonotonic,INCONCLUSIVE,SPLINE_ONLY,SPLINE_ONLY
MEASURE_ET_CapFICM1_0,COMPLEX_NONLINEAR,STRONG,True,,not_screened_by_v1,complex_nonmonotonic,MODERATE,SPLINE_ONLY_NOT_SCREENED_BY_OTHER,BOTH_AGREE_SHAPE
THIN_ET_DC_RF_Vbgs_0p1,THRESHOLD,STRONG,True,,not_screened_by_v1,threshold,STRONG,SPLINE_ONLY_NOT_SCREENED_BY_OTHER,BOTH_AGREE_SHAPE
MEASURE_ET_lkg_70_at20V,SATURATION,STRONG,True,,not_screened_by_v1,monotonic,MODERATE,SPLINE_ONLY_NOT_SCREENED_BY_OTHER,BOTH_FOUND_DIFFERENT_SHAPE
MEASURE_ET_lkg_C385pf,MONOTONIC_NEGATIVE,STRONG,True,,not_screened_by_v1,threshold,MODERATE,SPLINE_ONLY_NOT_SCREENED_BY_OTHER,BOTH_FOUND_DIFFERENT_SHAPE
MEASURE_ET_RF_Modeling_Rgs_err,SATURATION,STRONG,True,,not_screened_by_v1,complex_nonmonotonic,MODERATE,SPLINE_ONLY_NOT_SCREENED_BY_OTHER,BOTH_FOUND_DIFFERENT_SHAPE
MEASURE_ET_Vbpin,THRESHOLD,STRONG,False,flat_no_clear_effect,INCONCLUSIVE,complex_nonmonotonic,MODERATE,SPLINE_ONLY,BOTH_FOUND_DIFFERENT_SHAPE
TOPSIN_ET_lkg_Cap1,THRESHOLD,STRONG,False,,not_screened_by_v1,complex_nonmonotonic,INCONCLUSIVE,SPLINE_ONLY_NOT_SCREENED_BY_OTHER,SPLINE_ONLY
THIN_ET_DC_RF_Vg_optt3,COMPLEX_NONLINEAR,STRONG,False,,not_screened_by_v1,complex_nonmonotonic,STRONG,SPLINE_ONLY_NOT_SCREENED_BY_OTHER,BOTH_AGREE_SHAPE
MEASURE_ET_Rc_OG142,COMPLEX_NONLINEAR,STRONG,True,,not_screened_by_v1,complex_nonmonotonic,WEAK,SPLINE_ONLY_NOT_SCREENED_BY_OTHER,SPLINE_ONLY
TOPSIN_ET_lkg_5,THRESHOLD,STRONG,True,threshold,STRONG,complex_nonmonotonic,INCONCLUSIVE,BOTH_AGREE_SHAPE,SPLINE_ONLY
MEASURE_ET_C385pf,SATURATION,STRONG,False,flat_no_clear_effect,INCONCLUSIVE,threshold,WEAK,SPLINE_ONLY,SPLINE_ONLY
SIN_ET_DC_RF_Vbgd_0p1,COMPLEX_NONLINEAR,STRONG,True,,not_screened_by_v1,threshold,MODERATE,SPLINE_ONLY_NOT_SCREENED_BY_OTHER,BOTH_FOUND_DIFFERENT_SHAPE
SIN_GATE_ET_lkg_SY07_10,THRESHOLD,STRONG,False,,not_screened_by_v1,complex_nonmonotonic,INCONCLUSIVE,SPLINE_ONLY_NOT_SCREENED_BY_OTHER,SPLINE_ONLY
THIN_ET_Rcat_cn_2_OW_ST,SATURATION,STRONG,True,,not_screened_by_v1,complex_nonmonotonic,WEAK,SPLINE_ONLY_NOT_SCREENED_BY_OTHER,SPLINE_ONLY
MEASURE_ET_DC_SEC_X_Vg_at_I2_neg_SD3p5,SATURATION,STRONG,True,,not_screened_by_v1,threshold,MODERATE,SPLINE_ONLY_NOT_SCREENED_BY_OTHER,BOTH_AGREE_SHAPE
TOPSIN_ET_DC_RF_Vds_max,COMPLEX_NONLINEAR,STRONG,True,flat_no_clear_effect,INCONCLUSIVE,complex_nonmonotonic,STRONG,SPLINE_ONLY,BOTH_AGREE_SHAPE
THIN_ET_Rcat_cn_1_OW_ST,COMPLEX_NONLINEAR,STRONG,True,,not_screened_by_v1,complex_nonmonotonic,INCONCLUSIVE,SPLINE_ONLY_NOT_SCREENED_BY_OTHER,SPLINE_ONLY
MEASURE_ET_DC_SEC_Vboff_2_1,THRESHOLD,STRONG,True,,not_screened_by_v1,complex_nonmonotonic,INCONCLUSIVE,SPLINE_ONLY_NOT_SCREENED_BY_OTHER,SPLINE_ONLY
THIN_ET_Rc_f_tn_23,THRESHOLD,STRONG,True,,not_screened_by_v1,complex_nonmonotonic,INCONCLUSIVE,SPLINE_ONLY_NOT_SCREENED_BY_OTHER,SPLINE_ONLY
MEASURE_ET_lkg_100_at20V,SATURATION,STRONG,True,,not_screened_by_v1,complex_nonmonotonic,INCONCLUSIVE,SPLINE_ONLY_NOT_SCREENED_BY_OTHER,SPLINE_ONLY
FIC_ET_G_per_2p75K,SATURATION,STRONG,False,,not_screened_by_v1,complex_nonmonotonic,INCONCLUSIVE,SPLINE_ONLY_NOT_SCREENED_BY_OTHER,SPLINE_ONLY
MEASURE_ET_DC_SEC_S_Id_at_Vboff_mA_mm_FPSD3p2,SATURATION,STRONG,True,,not_screened_by_v1,threshold,STRONG,SPLINE_ONLY_NOT_SCREENED_BY_OTHER,BOTH_AGREE_SHAPE
MEASURE_ET_Rcat_cn_2,PROCESS_WINDOW,STRONG,True,,not_screened_by_v1,complex_nonmonotonic,MODERATE,SPLINE_ONLY_NOT_SCREENED_BY_OTHER,BOTH_FOUND_DIFFERENT_SHAPE
MEASURE_ET_DC_RF_Vbgs_0p1,COMPLEX_NONLINEAR,STRONG,True,flat_no_clear_effect,INCONCLUSIVE,complex_nonmonotonic,INCONCLUSIVE,SPLINE_ONLY,SPLINE_ONLY
MEASURE_ET_RF_Modeling_Gm_m0p2_W,COMPLEX_NONLINEAR,STRONG,True,,not_screened_by_v1,complex_nonmonotonic,STRONG,SPLINE_ONLY_NOT_SCREENED_BY_OTHER,BOTH_AGREE_SHAPE
MEASURE_ET_R_400_HOR,SATURATION,STRONG,False,,not_screened_by_v1,threshold,WEAK,SPLINE_ONLY_NOT_SCREENED_BY_OTHER,SPLINE_ONLY
TOPSIN_ET_DC_PIV_Drain_Lag_1,THRESHOLD,STRONG,True,,not_screened_by_v1,inverted_U,INCONCLUSIVE,SPLINE_ONLY_NOT_SCREENED_BY_OTHER,SPLINE_ONLY
THIN_ET_DC_RF_Vbgd1,THRESHOLD,STRONG,True,,not_screened_by_v1,complex_nonmonotonic,INCONCLUSIVE,SPLINE_ONLY_NOT_SCREENED_BY_OTHER,SPLINE_ONLY
MEASURE_ET_C100C500pf,COMPLEX_NONLINEAR,STRONG,True,,not_screened_by_v1,complex_nonmonotonic,MODERATE,SPLINE_ONLY_NOT_SCREENED_BY_OTHER,BOTH_AGREE_SHAPE
MEASURE_ET_C100CapFICBRGM,COMPLEX_NONLINEAR,STRONG,True,,not_screened_by_v1,complex_nonmonotonic,MODERATE,SPLINE_ONLY_NOT_SCREENED_BY_OTHER,BOTH_AGREE_SHAPE
TOPSIN_ET_C100Cap2pf,SATURATION,STRONG,True,threshold,MODERATE,complex_nonmonotonic,MODERATE,BOTH_AGREE_SHAPE,BOTH_FOUND_DIFFERENT_SHAPE
BRGM_ET_TR_1F,COMPLEX_NONLINEAR,STRONG,True,,not_screened_by_v1,complex_nonmonotonic,STRONG,SPLINE_ONLY_NOT_SCREENED_BY_OTHER,BOTH_AGREE_SHAPE
MEASURE_ET_lkg_10,THRESHOLD,STRONG,False,,not_screened_by_v1,complex_nonmonotonic,INCONCLUSIVE,SPLINE_ONLY_NOT_SCREENED_BY_OTHER,SPLINE_ONLY
FIC_ET_Gm_m2,COMPLEX_NONLINEAR,STRONG,True,,not_screened_by_v1,complex_nonmonotonic,WEAK,SPLINE_ONLY_NOT_SCREENED_BY_OTHER,SPLINE_ONLY
MEASURE_ET_DC_Big_S11ang_10GHz,SATURATION,STRONG,True,,not_screened_by_v1,complex_nonmonotonic,WEAK,SPLINE_ONLY_NOT_SCREENED_BY_OTHER,SPLINE_ONLY
FIC_ET_C200_0S1,SATURATION,STRONG,False,,not_screened_by_v1,complex_nonmonotonic,MODERATE,SPLINE_ONLY_NOT_SCREENED_BY_OTHER,BOTH_FOUND_DIFFERENT_SHAPE
MEASURE_ET_C300FB_0,PROCESS_WINDOW,STRONG,True,,not_screened_by_v1,complex_nonmonotonic,WEAK,SPLINE_ONLY_NOT_SCREENED_BY_OTHER,SPLINE_ONLY
MEASURE_ET_DC_RF_Idss,COMPLEX_NONLINEAR,STRONG,True,,not_screened_by_v1,complex_nonmonotonic,WEAK,SPLINE_ONLY_NOT_SCREENED_BY_OTHER,SPLINE_ONLY
THIN_ET_OHMC,COMPLEX_NONLINEAR,STRONG,True,,not_screened_by_v1,U_shape,INCONCLUSIVE,SPLINE_ONLY_NOT_SCREENED_BY_OTHER,SPLINE_ONLY
MEASURE_ET_VIA_KLV,SATURATION,STRONG,False,nonlinear_complex,MODERATE,complex_nonmonotonic,MODERATE,BOTH_FOUND_DIFFERENT_SHAPE,BOTH_FOUND_DIFFERENT_SHAPE
SIN_ET_DC_PIV_Idss_QP3,COMPLEX_NONLINEAR,STRONG,True,,not_screened_by_v1,complex_nonmonotonic,WEAK,SPLINE_ONLY_NOT_SCREENED_BY_OTHER,SPLINE_ONLY
TOPSIN_ET_C500pf,COMPLEX_NONLINEAR,STRONG,True,,not_screened_by_v1,complex_nonmonotonic,WEAK,SPLINE_ONLY_NOT_SCREENED_BY_OTHER,SPLINE_ONLY
MEASURE_ET_DC_PIV_Drain_Lag_0,PROCESS_WINDOW,STRONG,True,,not_screened_by_v1,monotonic,MODERATE,SPLINE_ONLY_NOT_SCREENED_BY_OTHER,BOTH_FOUND_DIFFERENT_SHAPE
MEASURE_ET_DC_Big_S21ang_10GHz,COMPLEX_NONLINEAR,STRONG,True,,not_screened_by_v1,complex_nonmonotonic,WEAK,SPLINE_ONLY_NOT_SCREENED_BY_OTHER,SPLINE_ONLY
FIC_ET_DC_RF_Imax,COMPLEX_NONLINEAR,STRONG,True,,not_screened_by_v1,complex_nonmonotonic,MODERATE,SPLINE_ONLY_NOT_SCREENED_BY_OTHER,BOTH_AGREE_SHAPE
MEASURE_ET_DC_SEC_Idss,COMPLEX_NONLINEAR,STRONG,True,,not_screened_by_v1,U_shape,INCONCLUSIVE,SPLINE_ONLY_NOT_SCREENED_BY_OTHER,SPLINE_ONLY
MEASURE_ET_Cap1pf_0,SATURATION,STRONG,True,,not_screened_by_v1,complex_nonmonotonic,INCONCLUSIVE,SPLINE_ONLY_NOT_SCREENED_BY_OTHER,SPLINE_ONLY
MEASURE_ET_DC_RF_S21ang_10GHz,SATURATION,STRONG,True,,not_screened_by_v1,complex_nonmonotonic,INCONCLUSIVE,SPLINE_ONLY_NOT_SCREENED_BY_OTHER,SPLINE_ONLY
MEASURE_ET_DC_PIV_Imax_QP3,COMPLEX_NONLINEAR,STRONG,True,,not_screened_by_v1,complex_nonmonotonic,STRONG,SPLINE_ONLY_NOT_SCREENED_BY_OTHER,BOTH_AGREE_SHAPE
TOPSIN_ET_Cap2pf_0,SATURATION,STRONG,True,,not_screened_by_v1,complex_nonmonotonic,INCONCLUSIVE,SPLINE_ONLY_NOT_SCREENED_BY_OTHER,SPLINE_ONLY
TOPSIN_ET_R114,U_SHAPED,STRONG,True,,not_screened_by_v1,complex_nonmonotonic,MODERATE,SPLINE_ONLY_NOT_SCREENED_BY_OTHER,BOTH_FOUND_DIFFERENT_SHAPE
MEASURE_ET_DC_SEC_X_Id_plus_Ig_at_Vboff_mA_mm_SD3p5,COMPLEX_NONLINEAR,STRONG,True,,not_screened_by_v1,complex_nonmonotonic,WEAK,SPLINE_ONLY_NOT_SCREENED_BY_OTHER,SPLINE_ONLY
MEASURE_ET_CapFICM1,THRESHOLD,STRONG,True,,not_screened_by_v1,inverted_U,INCONCLUSIVE,SPLINE_ONLY_NOT_SCREENED_BY_OTHER,SPLINE_ONLY
MEASURE_ET_DC_SEC_X_Ig_cut3_mAmm_neg_FPSD3p2,PROCESS_WINDOW,STRONG,True,,not_screened_by_v1,threshold,STRONG,SPLINE_ONLY_NOT_SCREENED_BY_OTHER,BOTH_FOUND_DIFFERENT_SHAPE
TOPSIN_ET_DC_SMALL_Id_gm_max,COMPLEX_NONLINEAR,STRONG,True,,not_screened_by_v1,complex_nonmonotonic,INCONCLUSIVE,SPLINE_ONLY_NOT_SCREENED_BY_OTHER,SPLINE_ONLY
MEASURE_ET_DC_SEC_Imax_6V,COMPLEX_NONLINEAR,STRONG,True,,not_screened_by_v1,complex_nonmonotonic,WEAK,SPLINE_ONLY_NOT_SCREENED_BY_OTHER,SPLINE_ONLY
MEASURE_ET_DC_RF_Vg_max_Vd_0p1mA,COMPLEX_NONLINEAR,STRONG,True,,not_screened_by_v1,complex_nonmonotonic,INCONCLUSIVE,SPLINE_ONLY_NOT_SCREENED_BY_OTHER,SPLINE_ONLY
SIN_ET_DC_PIV_Gate_Lag_Imax,COMPLEX_NONLINEAR,STRONG,True,,not_screened_by_v1,complex_nonmonotonic,WEAK,SPLINE_ONLY_NOT_SCREENED_BY_OTHER,SPLINE_ONLY
MEASURE_ET_DC_SMALL_Ids_m0p2,COMPLEX_NONLINEAR,STRONG,True,nonlinear_complex,WEAK,complex_nonmonotonic,INCONCLUSIVE,SPLINE_ONLY,SPLINE_ONLY
TOPSIN_ET_Vds_max,SATURATION,STRONG,False,,not_screened_by_v1,complex_nonmonotonic,MODERATE,SPLINE_ONLY_NOT_SCREENED_BY_OTHER,BOTH_FOUND_DIFFERENT_SHAPE
FIC_ET_DC_PIV_Drain_Lag_1,INVERTED_U,STRONG,True,flat_no_clear_effect,INCONCLUSIVE,complex_nonmonotonic,INCONCLUSIVE,SPLINE_ONLY,SPLINE_ONLY
TOPSIN_ET_C100Cap1pf,INVERTED_U,STRONG,True,threshold,STRONG,complex_nonmonotonic,INCONCLUSIVE,BOTH_FOUND_DIFFERENT_SHAPE,SPLINE_ONLY
SIN_ET_DC_RF_Imax,COMPLEX_NONLINEAR,STRONG,True,,not_screened_by_v1,complex_nonmonotonic,STRONG,SPLINE_ONLY_NOT_SCREENED_BY_OTHER,BOTH_AGREE_SHAPE
MEASURE_ET_R_f_hr_2,COMPLEX_NONLINEAR,STRONG,True,,not_screened_by_v1,complex_nonmonotonic,INCONCLUSIVE,SPLINE_ONLY_NOT_SCREENED_BY_OTHER,SPLINE_ONLY
MEASURE_ET_DC_SEC_X_Id_mA_mm_at_Vg1,COMPLEX_NONLINEAR,STRONG,True,,not_screened_by_v1,complex_nonmonotonic,STRONG,SPLINE_ONLY_NOT_SCREENED_BY_OTHER,BOTH_AGREE_SHAPE
SIN_ET_DC_RF_Vg_optt2,THRESHOLD,STRONG,True,,not_screened_by_v1,complex_nonmonotonic,WEAK,SPLINE_ONLY_NOT_SCREENED_BY_OTHER,SPLINE_ONLY
MEASURE_ET_DC_SMALL_Imax,COMPLEX_NONLINEAR,STRONG,True,,not_screened_by_v1,complex_nonmonotonic,MODERATE,SPLINE_ONLY_NOT_SCREENED_BY_OTHER,BOTH_AGREE_SHAPE
FIC_ET_HIRS,SATURATION,STRONG,False,,not_screened_by_v1,threshold,STRONG,SPLINE_ONLY_NOT_SCREENED_BY_OTHER,BOTH_AGREE_SHAPE
MEASURE_ET_lkg_C300,THRESHOLD,STRONG,True,,not_screened_by_v1,complex_nonmonotonic,INCONCLUSIVE,SPLINE_ONLY_NOT_SCREENED_BY_OTHER,SPLINE_ONLY
MEASURE_ET_C100Cap1pf,COMPLEX_NONLINEAR,STRONG,True,,not_screened_by_v1,complex_nonmonotonic,WEAK,SPLINE_ONLY_NOT_SCREENED_BY_OTHER,SPLINE_ONLY
MEASURE_ET_DC_RF_Min_S21_Freq_L1002,SATURATION,STRONG,False,,not_screened_by_v1,complex_nonmonotonic,INCONCLUSIVE,SPLINE_ONLY_NOT_SCREENED_BY_OTHER,SPLINE_ONLY
FIC_ET_DC_RF_Vbgs_0p1,SATURATION,STRONG,True,flat_no_clear_effect,INCONCLUSIVE,complex_nonmonotonic,INCONCLUSIVE,SPLINE_ONLY,SPLINE_ONLY
MEASURE_ET_DC_PIV_Drain_Lag_Imax,COMPLEX_NONLINEAR,STRONG,True,,not_screened_by_v1,complex_nonmonotonic,STRONG,SPLINE_ONLY_NOT_SCREENED_BY_OTHER,BOTH_AGREE_SHAPE
CATHODE_ET_Rcat_cn_1,COMPLEX_NONLINEAR,STRONG,True,,not_screened_by_v1,complex_nonmonotonic,MODERATE,SPLINE_ONLY_NOT_SCREENED_BY_OTHER,BOTH_AGREE_SHAPE
THIN_ET_lkg_PAD_10,MONOTONIC_NEGATIVE,STRONG,True,,not_screened_by_v1,complex_nonmonotonic,INCONCLUSIVE,SPLINE_ONLY_NOT_SCREENED_BY_OTHER,SPLINE_ONLY
THIN_ET_DC_RF_Vbgd_0p01,SATURATION,STRONG,False,,not_screened_by_v1,complex_nonmonotonic,INCONCLUSIVE,SPLINE_ONLY_NOT_SCREENED_BY_OTHER,SPLINE_ONLY
MEASURE_ET_LT_SEC_Ileak_m12p5V_mA_mm,THRESHOLD,STRONG,True,,not_screened_by_v1,complex_nonmonotonic,MODERATE,SPLINE_ONLY_NOT_SCREENED_BY_OTHER,BOTH_FOUND_DIFFERENT_SHAPE
MEASURE_ET_Cap2pf_0,SATURATION,STRONG,False,,not_screened_by_v1,complex_nonmonotonic,MODERATE,SPLINE_ONLY_NOT_SCREENED_BY_OTHER,BOTH_FOUND_DIFFERENT_SHAPE
FIC_ET_R_f_tn_2,SATURATION,STRONG,False,flat_no_clear_effect,INCONCLUSIVE,monotonic,MODERATE,SPLINE_ONLY,BOTH_FOUND_DIFFERENT_SHAPE
MEASURE_ET_DC_SEC_Vbin_gs,COMPLEX_NONLINEAR,STRONG,True,,not_screened_by_v1,complex_nonmonotonic,INCONCLUSIVE,SPLINE_ONLY_NOT_SCREENED_BY_OTHER,SPLINE_ONLY
TOPSIN_ET_DC_RF_Gm_0,COMPLEX_NONLINEAR,STRONG,True,,not_screened_by_v1,complex_nonmonotonic,INCONCLUSIVE,SPLINE_ONLY_NOT_SCREENED_BY_OTHER,SPLINE_ONLY
OHMIC_ET_Rc_an_ct2,COMPLEX_NONLINEAR,STRONG,True,,not_screened_by_v1,inverted_U,INCONCLUSIVE,SPLINE_ONLY_NOT_SCREENED_BY_OTHER,SPLINE_ONLY
TOPSIN_ET_Ids_m2,PROCESS_WINDOW,STRONG,True,,not_screened_by_v1,complex_nonmonotonic,INCONCLUSIVE,SPLINE_ONLY_NOT_SCREENED_BY_OTHER,SPLINE_ONLY
ANODE_ET_Rc_an_ct2_OW_CR,SATURATION,STRONG,True,threshold,STRONG,complex_nonmonotonic,INCONCLUSIVE,BOTH_AGREE_SHAPE,SPLINE_ONLY
ANODE_ET_Rc_an_ct2,PROCESS_WINDOW,STRONG,True,flat_no_clear_effect,INCONCLUSIVE,inverted_U,INCONCLUSIVE,SPLINE_ONLY,SPLINE_ONLY
MEASURE_ET_DC_SEC_X_Vboff_Id_SD3p5,SATURATION,STRONG,False,,not_screened_by_v1,complex_nonmonotonic,WEAK,SPLINE_ONLY_NOT_SCREENED_BY_OTHER,SPLINE_ONLY
MEASURE_ET_DC_RF_Ft_W,COMPLEX_NONLINEAR,STRONG,True,,not_screened_by_v1,complex_nonmonotonic,INCONCLUSIVE,SPLINE_ONLY_NOT_SCREENED_BY_OTHER,SPLINE_ONLY
THIN_ET_DC_RF_Vg_gm_max,COMPLEX_NONLINEAR,STRONG,True,,not_screened_by_v1,complex_nonmonotonic,WEAK,SPLINE_ONLY_NOT_SCREENED_BY_OTHER,SPLINE_ONLY
TOPSIN_ET_CapPARCAP_0,COMPLEX_NONLINEAR,STRONG,True,flat_no_clear_effect,INCONCLUSIVE,complex_nonmonotonic,INCONCLUSIVE,SPLINE_ONLY,SPLINE_ONLY
MEASURE_ET_LT_SEC_Vbgd1_Vd3,COMPLEX_NONLINEAR,STRONG,True,,not_screened_by_v1,threshold,MODERATE,SPLINE_ONLY_NOT_SCREENED_BY_OTHER,BOTH_FOUND_DIFFERENT_SHAPE
BRGM_ET_ABVIETCH,COMPLEX_NONLINEAR,STRONG,True,,not_screened_by_v1,complex_nonmonotonic,WEAK,SPLINE_ONLY_NOT_SCREENED_BY_OTHER,SPLINE_ONLY
THIN_ET_Vbpin,THRESHOLD,STRONG,True,,not_screened_by_v1,complex_nonmonotonic,INCONCLUSIVE,SPLINE_ONLY_NOT_SCREENED_BY_OTHER,SPLINE_ONLY
MEASURE_ET_lkg_SY07_10,THRESHOLD,STRONG,True,,not_screened_by_v1,complex_nonmonotonic,WEAK,SPLINE_ONLY_NOT_SCREENED_BY_OTHER,SPLINE_ONLY
MEASURE_ET_DC_PIV_Idss_QP3,COMPLEX_NONLINEAR,STRONG,True,,not_screened_by_v1,complex_nonmonotonic,MODERATE,SPLINE_ONLY_NOT_SCREENED_BY_OTHER,BOTH_AGREE_SHAPE
SIN_ET_DC_PIV_Gate_Lag_Idss,COMPLEX_NONLINEAR,STRONG,True,,not_screened_by_v1,complex_nonmonotonic,MODERATE,SPLINE_ONLY_NOT_SCREENED_BY_OTHER,BOTH_AGREE_SHAPE
FIC_ET_DC_PIV_Gate_Lag_1,PROCESS_WINDOW,STRONG,True,,not_screened_by_v1,complex_nonmonotonic,INCONCLUSIVE,SPLINE_ONLY_NOT_SCREENED_BY_OTHER,SPLINE_ONLY
MEASURE_ET_DC_RF_CF_S12_Mag_L2180,THRESHOLD,STRONG,True,,not_screened_by_v1,complex_nonmonotonic,WEAK,SPLINE_ONLY_NOT_SCREENED_BY_OTHER,SPLINE_ONLY
THIN_ET_Rc_OG142,PROCESS_WINDOW,STRONG,True,flat_no_clear_effect,INCONCLUSIVE,complex_nonmonotonic,INCONCLUSIVE,SPLINE_ONLY,SPLINE_ONLY
MEASURE_ET_USV_Cappf,COMPLEX_NONLINEAR,STRONG,True,flat_no_clear_effect,INCONCLUSIVE,complex_nonmonotonic,INCONCLUSIVE,SPLINE_ONLY,SPLINE_ONLY
FIC_ET_sh_GA142,COMPLEX_NONLINEAR,STRONG,True,,not_screened_by_v1,complex_nonmonotonic,INCONCLUSIVE,SPLINE_ONLY_NOT_SCREENED_BY_OTHER,SPLINE_ONLY
MEASURE_ET_C300,SATURATION,STRONG,True,flat_no_clear_effect,INCONCLUSIVE,complex_nonmonotonic,INCONCLUSIVE,SPLINE_ONLY,SPLINE_ONLY
TOPSIN_ET_Load_Pull_Gain_comp_Last,U_SHAPED,STRONG,False,,not_screened_by_v1,complex_nonmonotonic,INCONCLUSIVE,SPLINE_ONLY_NOT_SCREENED_BY_OTHER,SPLINE_ONLY
MEASURE_ET_RF_Modeling_Vth,SATURATION,STRONG,True,,not_screened_by_v1,complex_nonmonotonic,STRONG,SPLINE_ONLY_NOT_SCREENED_BY_OTHER,BOTH_FOUND_DIFFERENT_SHAPE
MEASURE_ET_DC_Stress_Gm_max_before,COMPLEX_NONLINEAR,STRONG,True,,not_screened_by_v1,complex_nonmonotonic,MODERATE,SPLINE_ONLY_NOT_SCREENED_BY_OTHER,BOTH_AGREE_SHAPE
MEASURE_ET_DC_SMALL_Idss,COMPLEX_NONLINEAR,STRONG,True,,not_screened_by_v1,complex_nonmonotonic,STRONG,SPLINE_ONLY_NOT_SCREENED_BY_OTHER,BOTH_AGREE_SHAPE
MEASURE_ET_DC_RF_Vbgd_0p01,THRESHOLD,STRONG,False,,not_screened_by_v1,inverted_U,INCONCLUSIVE,SPLINE_ONLY_NOT_SCREENED_BY_OTHER,SPLINE_ONLY
SIN_ET_DC_PIV_Drain_Lag_Idss,COMPLEX_NONLINEAR,STRONG,True,,not_screened_by_v1,complex_nonmonotonic,WEAK,SPLINE_ONLY_NOT_SCREENED_BY_OTHER,SPLINE_ONLY
MEASURE_ET_DC_RD_Ft,COMPLEX_NONLINEAR,STRONG,True,,not_screened_by_v1,threshold,STRONG,SPLINE_ONLY_NOT_SCREENED_BY_OTHER,BOTH_FOUND_DIFFERENT_SHAPE
MEASURE_ET_C100C175pf,SATURATION,STRONG,True,,not_screened_by_v1,complex_nonmonotonic,MODERATE,SPLINE_ONLY_NOT_SCREENED_BY_OTHER,BOTH_FOUND_DIFFERENT_SHAPE
TFRP_ET_Rsh_TFR2,COMPLEX_NONLINEAR,STRONG,True,,not_screened_by_v1,complex_nonmonotonic,WEAK,SPLINE_ONLY_NOT_SCREENED_BY_OTHER,SPLINE_ONLY
MEASURE_ET_DC_SEC_X_Vg_at_I2_pos_FPSD3p2,COMPLEX_NONLINEAR,STRONG,True,,not_screened_by_v1,complex_nonmonotonic,STRONG,SPLINE_ONLY_NOT_SCREENED_BY_OTHER,BOTH_AGREE_SHAPE
MEASURE_ET_DC_RF_Min_S21_Freq_L1018,SATURATION,STRONG,True,threshold,INCONCLUSIVE,threshold,MODERATE,SPLINE_ONLY,BOTH_AGREE_SHAPE
MEASURE_ET_DC_SEC_X_Ron,SATURATION,STRONG,False,,not_screened_by_v1,threshold,MODERATE,SPLINE_ONLY_NOT_SCREENED_BY_OTHER,BOTH_AGREE_SHAPE
MEASURE_ET_DC_RD_K,U_SHAPED,STRONG,True,flat_no_clear_effect,INCONCLUSIVE,complex_nonmonotonic,INCONCLUSIVE,SPLINE_ONLY,SPLINE_ONLY
TOPSIN_ET_DC_RF_Imax,COMPLEX_NONLINEAR,STRONG,True,,not_screened_by_v1,complex_nonmonotonic,STRONG,SPLINE_ONLY_NOT_SCREENED_BY_OTHER,BOTH_AGREE_SHAPE
MEASURE_ET_DC_Stress_Id_stress_before,SATURATION,STRONG,True,threshold,INCONCLUSIVE,complex_nonmonotonic,STRONG,SPLINE_ONLY,BOTH_FOUND_DIFFERENT_SHAPE
THIN_ET_DC_RF_Gm_0,COMPLEX_NONLINEAR,STRONG,True,,not_screened_by_v1,complex_nonmonotonic,WEAK,SPLINE_ONLY_NOT_SCREENED_BY_OTHER,SPLINE_ONLY
MEASURE_ET_DC_RF_Max_S11_Freq_L1002,COMPLEX_NONLINEAR,STRONG,True,,not_screened_by_v1,complex_nonmonotonic,INCONCLUSIVE,SPLINE_ONLY_NOT_SCREENED_BY_OTHER,SPLINE_ONLY
MEASURE_ET_DC_Big_Idss,COMPLEX_NONLINEAR,STRONG,True,,not_screened_by_v1,complex_nonmonotonic,STRONG,SPLINE_ONLY_NOT_SCREENED_BY_OTHER,BOTH_AGREE_SHAPE
MEASURE_ET_C300M1B_0,COMPLEX_NONLINEAR,STRONG,True,,not_screened_by_v1,complex_nonmonotonic,INCONCLUSIVE,SPLINE_ONLY_NOT_SCREENED_BY_OTHER,SPLINE_ONLY
MEASURE_ET_RF_Modeling_Ft_ext,THRESHOLD,STRONG,False,,not_screened_by_v1,complex_nonmonotonic,INCONCLUSIVE,SPLINE_ONLY_NOT_SCREENED_BY_OTHER,SPLINE_ONLY
SIN_ET_DC_RF_Vg_optt3,THRESHOLD,STRONG,True,,not_screened_by_v1,complex_nonmonotonic,INCONCLUSIVE,SPLINE_ONLY_NOT_SCREENED_BY_OTHER,SPLINE_ONLY
MEASURE_ET_DC_SMALL_n_gs,THRESHOLD,STRONG,False,,not_screened_by_v1,threshold,MODERATE,SPLINE_ONLY_NOT_SCREENED_BY_OTHER,BOTH_AGREE_SHAPE
FIC_ET_lkg_SY07_10,THRESHOLD,STRONG,True,,not_screened_by_v1,complex_nonmonotonic,STRONG,SPLINE_ONLY_NOT_SCREENED_BY_OTHER,BOTH_FOUND_DIFFERENT_SHAPE
TOPSIN_ET_Vg_gm_max,COMPLEX_NONLINEAR,STRONG,True,,not_screened_by_v1,complex_nonmonotonic,MODERATE,SPLINE_ONLY_NOT_SCREENED_BY_OTHER,BOTH_AGREE_SHAPE
MEASURE_ET_RF_Modeling_Ls,THRESHOLD,STRONG,False,flat_no_clear_effect,INCONCLUSIVE,monotonic,WEAK,SPLINE_ONLY,SPLINE_ONLY
MEASURE_ET_DC_SEC_Imax,COMPLEX_NONLINEAR,STRONG,True,,not_screened_by_v1,complex_nonmonotonic,STRONG,SPLINE_ONLY_NOT_SCREENED_BY_OTHER,BOTH_AGREE_SHAPE
MEASURE_ET_DC_RF_Imax,COMPLEX_NONLINEAR,STRONG,True,,not_screened_by_v1,complex_nonmonotonic,INCONCLUSIVE,SPLINE_ONLY_NOT_SCREENED_BY_OTHER,SPLINE_ONLY
MEASURE_ET_CapM1BRGM,COMPLEX_NONLINEAR,STRONG,True,,not_screened_by_v1,complex_nonmonotonic,STRONG,SPLINE_ONLY_NOT_SCREENED_BY_OTHER,BOTH_AGREE_SHAPE
MEASURE_ET_DC_RF_Gm_max_W,COMPLEX_NONLINEAR,STRONG,True,,not_screened_by_v1,complex_nonmonotonic,WEAK,SPLINE_ONLY_NOT_SCREENED_BY_OTHER,SPLINE_ONLY
MEASURE_ET_DC_SEC_Gm_max,COMPLEX_NONLINEAR,STRONG,True,,not_screened_by_v1,complex_nonmonotonic,MODERATE,SPLINE_ONLY_NOT_SCREENED_BY_OTHER,BOTH_AGREE_SHAPE
MEASURE_ET_DC_Big_Vdg_max,COMPLEX_NONLINEAR,STRONG,True,,not_screened_by_v1,threshold,MODERATE,SPLINE_ONLY_NOT_SCREENED_BY_OTHER,BOTH_FOUND_DIFFERENT_SHAPE
MEASURE_ET_DC_RF_CF_S11_Ph_L1018,COMPLEX_NONLINEAR,STRONG,True,,not_screened_by_v1,complex_nonmonotonic,STRONG,SPLINE_ONLY_NOT_SCREENED_BY_OTHER,BOTH_AGREE_SHAPE
MEASURE_ET_DC_RF_S21ang_26GHz_W,COMPLEX_NONLINEAR,STRONG,True,,not_screened_by_v1,U_shape,INCONCLUSIVE,SPLINE_ONLY_NOT_SCREENED_BY_OTHER,SPLINE_ONLY
THIN_ET_C300,THRESHOLD,STRONG,True,,not_screened_by_v1,inverted_U,INCONCLUSIVE,SPLINE_ONLY_NOT_SCREENED_BY_OTHER,SPLINE_ONLY
SIN_ET_DC_RF_Ids_m0p2,THRESHOLD,STRONG,True,,not_screened_by_v1,threshold,MODERATE,SPLINE_ONLY_NOT_SCREENED_BY_OTHER,BOTH_AGREE_SHAPE
MEASURE_ET_DC_RF_MAG_35GHz_W,SATURATION,STRONG,False,,not_screened_by_v1,threshold,STRONG,SPLINE_ONLY_NOT_SCREENED_BY_OTHER,BOTH_AGREE_SHAPE
MEASURE_ET_DC_Big_Imax,COMPLEX_NONLINEAR,STRONG,True,,not_screened_by_v1,complex_nonmonotonic,STRONG,SPLINE_ONLY_NOT_SCREENED_BY_OTHER,BOTH_AGREE_SHAPE
TOPSIN_ET_DC_RF_Ids_m0p2,SATURATION,STRONG,False,,not_screened_by_v1,complex_nonmonotonic,WEAK,SPLINE_ONLY_NOT_SCREENED_BY_OTHER,SPLINE_ONLY
MEASURE_ET_DC_Big_Gm_m0p2,COMPLEX_NONLINEAR,STRONG,True,,not_screened_by_v1,complex_nonmonotonic,INCONCLUSIVE,SPLINE_ONLY_NOT_SCREENED_BY_OTHER,SPLINE_ONLY
MEASURE_ET_DC_PIV_Gate_Lag_0,PROCESS_WINDOW,STRONG,True,,not_screened_by_v1,complex_nonmonotonic,WEAK,SPLINE_ONLY_NOT_SCREENED_BY_OTHER,SPLINE_ONLY
MEASURE_ET_Rc_cat_ct2_OW_ST,THRESHOLD,STRONG,True,,not_screened_by_v1,inverted_U,INCONCLUSIVE,SPLINE_ONLY_NOT_SCREENED_BY_OTHER,SPLINE_ONLY
TOPSIN_ET_DC_RF_Vbgs_0p1,THRESHOLD,STRONG,False,,not_screened_by_v1,complex_nonmonotonic,STRONG,SPLINE_ONLY_NOT_SCREENED_BY_OTHER,BOTH_FOUND_DIFFERENT_SHAPE
TOPSIN_ET_DC_RF_Gm_m0p2,COMPLEX_NONLINEAR,STRONG,True,,not_screened_by_v1,complex_nonmonotonic,STRONG,SPLINE_ONLY_NOT_SCREENED_BY_OTHER,BOTH_AGREE_SHAPE
MEASURE_ET_RF_Modeling_Gm_0_W,COMPLEX_NONLINEAR,STRONG,True,,not_screened_by_v1,complex_nonmonotonic,WEAK,SPLINE_ONLY_NOT_SCREENED_BY_OTHER,SPLINE_ONLY
THIN_ET_HIRS,THRESHOLD,STRONG,True,,not_screened_by_v1,threshold,MODERATE,SPLINE_ONLY_NOT_SCREENED_BY_OTHER,BOTH_AGREE_SHAPE
MEASURE_ET_DC_SMALL_Id_gm_max,COMPLEX_NONLINEAR,STRONG,True,,not_screened_by_v1,complex_nonmonotonic,WEAK,SPLINE_ONLY_NOT_SCREENED_BY_OTHER,SPLINE_ONLY
TOPSIN_ET_CapPARCAP,COMPLEX_NONLINEAR,STRONG,False,,not_screened_by_v1,complex_nonmonotonic,INCONCLUSIVE,SPLINE_ONLY_NOT_SCREENED_BY_OTHER,SPLINE_ONLY
MEASURE_ET_DC_SEC_Vg_gm_max,THRESHOLD,STRONG,True,,not_screened_by_v1,complex_nonmonotonic,MODERATE,SPLINE_ONLY_NOT_SCREENED_BY_OTHER,BOTH_FOUND_DIFFERENT_SHAPE
FIC_ET_G_per_15,THRESHOLD,STRONG,True,,not_screened_by_v1,threshold,STRONG,SPLINE_ONLY_NOT_SCREENED_BY_OTHER,BOTH_AGREE_SHAPE
MEASURE_ET_lkg_CapPARCAP,THRESHOLD,STRONG,True,,not_screened_by_v1,monotonic,MODERATE,SPLINE_ONLY_NOT_SCREENED_BY_OTHER,BOTH_FOUND_DIFFERENT_SHAPE
THIN_ET_C_AN_2,COMPLEX_NONLINEAR,STRONG,True,flat_no_clear_effect,INCONCLUSIVE,inverted_U,INCONCLUSIVE,SPLINE_ONLY,SPLINE_ONLY
THIN_ET_DC_RF_n_gs,THRESHOLD,STRONG,True,,not_screened_by_v1,threshold,STRONG,SPLINE_ONLY_NOT_SCREENED_BY_OTHER,BOTH_AGREE_SHAPE
MEASURE_ET_DC_PIV_Gate_Lag_Imax,COMPLEX_NONLINEAR,STRONG,True,,not_screened_by_v1,U_shape,INCONCLUSIVE,SPLINE_ONLY_NOT_SCREENED_BY_OTHER,SPLINE_ONLY
MEASURE_ET_C20_0,PROCESS_WINDOW,STRONG,True,flat_no_clear_effect,INCONCLUSIVE,complex_nonmonotonic,INCONCLUSIVE,SPLINE_ONLY,SPLINE_ONLY
THIN_ET_DC_RF_Gm_m0p2,COMPLEX_NONLINEAR,STRONG,True,,not_screened_by_v1,complex_nonmonotonic,WEAK,SPLINE_ONLY_NOT_SCREENED_BY_OTHER,SPLINE_ONLY
TOPSIN_ET_C300pf,COMPLEX_NONLINEAR,STRONG,True,,not_screened_by_v1,complex_nonmonotonic,MODERATE,SPLINE_ONLY_NOT_SCREENED_BY_OTHER,BOTH_AGREE_SHAPE
MEASURE_ET_DC_SEC_S_Id_plus_Ig_at_Vboff_mA_mm_SD3p5,SATURATION,STRONG,True,,not_screened_by_v1,threshold,STRONG,SPLINE_ONLY_NOT_SCREENED_BY_OTHER,BOTH_AGREE_SHAPE
MEASURE_ET_CapPARCAP_0,THRESHOLD,STRONG,True,threshold,STRONG,complex_nonmonotonic,INCONCLUSIVE,BOTH_AGREE_SHAPE,SPLINE_ONLY
MEASURE_ET_DC_PIV_Ids1_QP1,COMPLEX_NONLINEAR,STRONG,False,,not_screened_by_v1,complex_nonmonotonic,INCONCLUSIVE,SPLINE_ONLY_NOT_SCREENED_BY_OTHER,SPLINE_ONLY
THIN_ET_Rc_cat_ct2_OW_ST,PROCESS_WINDOW,STRONG,True,,not_screened_by_v1,threshold,WEAK,SPLINE_ONLY_NOT_SCREENED_BY_OTHER,SPLINE_ONLY
THIN_ET_DC_RF_Vg_max_Vd,COMPLEX_NONLINEAR,STRONG,True,,not_screened_by_v1,complex_nonmonotonic,MODERATE,SPLINE_ONLY_NOT_SCREENED_BY_OTHER,BOTH_AGREE_SHAPE
TOPSIN_ET_DC_SMALL_Imax,COMPLEX_NONLINEAR,STRONG,True,,not_screened_by_v1,complex_nonmonotonic,MODERATE,SPLINE_ONLY_NOT_SCREENED_BY_OTHER,BOTH_AGREE_SHAPE
MEASURE_ET_sh_GA142_GN,THRESHOLD,STRONG,True,,not_screened_by_v1,monotonic,MODERATE,SPLINE_ONLY_NOT_SCREENED_BY_OTHER,BOTH_FOUND_DIFFERENT_SHAPE
MEASURE_ET_DC_SMALL_Gm_max,COMPLEX_NONLINEAR,STRONG,True,,not_screened_by_v1,complex_nonmonotonic,MODERATE,SPLINE_ONLY_NOT_SCREENED_BY_OTHER,BOTH_AGREE_SHAPE
MEASURE_ET_RF_Modeling_Idss_W,COMPLEX_NONLINEAR,STRONG,True,,not_screened_by_v1,threshold,STRONG,SPLINE_ONLY_NOT_SCREENED_BY_OTHER,BOTH_FOUND_DIFFERENT_SHAPE
FIC_ET_Vg_Vds_max,THRESHOLD,STRONG,False,,not_screened_by_v1,complex_nonmonotonic,INCONCLUSIVE,SPLINE_ONLY_NOT_SCREENED_BY_OTHER,SPLINE_ONLY
THIN_ET_C20,SATURATION,STRONG,True,,not_screened_by_v1,inverted_U,INCONCLUSIVE,SPLINE_ONLY_NOT_SCREENED_BY_OTHER,SPLINE_ONLY
MEASURE_ET_DC_SEC_X_Bin,THRESHOLD,STRONG,False,,not_screened_by_v1,complex_nonmonotonic,WEAK,SPLINE_ONLY_NOT_SCREENED_BY_OTHER,SPLINE_ONLY
MEASURE_ET_LT_SEC_Vd_Id_min,THRESHOLD,STRONG,True,,not_screened_by_v1,threshold,WEAK,SPLINE_ONLY_NOT_SCREENED_BY_OTHER,SPLINE_ONLY
CATHODE_ET_Rcat_cn_3,THRESHOLD,STRONG,True,,not_screened_by_v1,complex_nonmonotonic,INCONCLUSIVE,SPLINE_ONLY_NOT_SCREENED_BY_OTHER,SPLINE_ONLY
MEASURE_ET_DC_Stress_Gm_max_after,COMPLEX_NONLINEAR,STRONG,True,,not_screened_by_v1,complex_nonmonotonic,MODERATE,SPLINE_ONLY_NOT_SCREENED_BY_OTHER,BOTH_AGREE_SHAPE
OHMIC_ET_R114,COMPLEX_NONLINEAR,STRONG,True,,not_screened_by_v1,threshold,STRONG,SPLINE_ONLY_NOT_SCREENED_BY_OTHER,BOTH_FOUND_DIFFERENT_SHAPE
MEASURE_ET_Rc_OG142_GN,THRESHOLD,STRONG,True,flat_no_clear_effect,INCONCLUSIVE,inverted_U,INCONCLUSIVE,SPLINE_ONLY,SPLINE_ONLY
FIC_ET_DC_PIV_Ids1_QP3,U_SHAPED,STRONG,False,,not_screened_by_v1,complex_nonmonotonic,INCONCLUSIVE,SPLINE_ONLY_NOT_SCREENED_BY_OTHER,SPLINE_ONLY
FIC_ET_DC_RF_Gm_0,COMPLEX_NONLINEAR,STRONG,False,,not_screened_by_v1,complex_nonmonotonic,WEAK,SPLINE_ONLY_NOT_SCREENED_BY_OTHER,SPLINE_ONLY
MEASURE_ET_DC_RF_CF_S12_Mag_L1018,THRESHOLD,STRONG,True,,not_screened_by_v1,complex_nonmonotonic,INCONCLUSIVE,SPLINE_ONLY_NOT_SCREENED_BY_OTHER,SPLINE_ONLY
MEASURE_ET_lkg_CapM1BRGM,COMPLEX_NONLINEAR,STRONG,True,,not_screened_by_v1,complex_nonmonotonic,INCONCLUSIVE,SPLINE_ONLY_NOT_SCREENED_BY_OTHER,SPLINE_ONLY
FIC_ET_Vds_max,THRESHOLD,STRONG,False,,not_screened_by_v1,monotonic,MODERATE,SPLINE_ONLY_NOT_SCREENED_BY_OTHER,BOTH_FOUND_DIFFERENT_SHAPE
MEASURE_ET_DC_Stress_Vg_gm_max_before,COMPLEX_NONLINEAR,STRONG,True,,not_screened_by_v1,complex_nonmonotonic,STRONG,SPLINE_ONLY_NOT_SCREENED_BY_OTHER,BOTH_AGREE_SHAPE
MEASURE_ET_Rcat_cn_2_OW_ST,COMPLEX_NONLINEAR,STRONG,True,,not_screened_by_v1,complex_nonmonotonic,WEAK,SPLINE_ONLY_NOT_SCREENED_BY_OTHER,SPLINE_ONLY
MEASURE_ET_DC_Big_Vg_optt3,THRESHOLD,STRONG,True,,not_screened_by_v1,complex_nonmonotonic,INCONCLUSIVE,SPLINE_ONLY_NOT_SCREENED_BY_OTHER,SPLINE_ONLY
BRGM_ET_lkg_SY07_10,COMPLEX_NONLINEAR,STRONG,True,,not_screened_by_v1,complex_nonmonotonic,MODERATE,SPLINE_ONLY_NOT_SCREENED_BY_OTHER,BOTH_AGREE_SHAPE
MEASURE_ET_DC_RF_Vg_max_Vd_0p1,MONOTONIC_POSITIVE,STRONG,False,,not_screened_by_v1,monotonic,STRONG,SPLINE_ONLY_NOT_SCREENED_BY_OTHER,BOTH_AGREE_SHAPE
THIN_ET_Rcat_cn_1,SATURATION,STRONG,True,U_shaped_process_window,MODERATE,complex_nonmonotonic,INCONCLUSIVE,BOTH_FOUND_DIFFERENT_SHAPE,SPLINE_ONLY
SIN_ET_DC_PIV_Idss_QP2,COMPLEX_NONLINEAR,STRONG,True,,not_screened_by_v1,complex_nonmonotonic,WEAK,SPLINE_ONLY_NOT_SCREENED_BY_OTHER,SPLINE_ONLY
ANODE_ET_Rsh_an_ct2_OW_CR,INVERTED_U,STRONG,False,,not_screened_by_v1,inverted_U,INCONCLUSIVE,SPLINE_ONLY_NOT_SCREENED_BY_OTHER,SPLINE_ONLY
THIN_ET_Rc_TF_AB_2,COMPLEX_NONLINEAR,STRONG,True,,not_screened_by_v1,complex_nonmonotonic,WEAK,SPLINE_ONLY_NOT_SCREENED_BY_OTHER,SPLINE_ONLY
THIN_ET_DC_RF_Vbin_gs,SATURATION,STRONG,False,,not_screened_by_v1,complex_nonmonotonic,INCONCLUSIVE,SPLINE_ONLY_NOT_SCREENED_BY_OTHER,SPLINE_ONLY
MEASURE_ET_DC_Big_Gm_max,COMPLEX_NONLINEAR,STRONG,True,,not_screened_by_v1,complex_nonmonotonic,INCONCLUSIVE,SPLINE_ONLY_NOT_SCREENED_BY_OTHER,SPLINE_ONLY
FIC_ET_DC_PIV_Gate_Lag_0,THRESHOLD,STRONG,True,,not_screened_by_v1,monotonic,MODERATE,SPLINE_ONLY_NOT_SCREENED_BY_OTHER,BOTH_FOUND_DIFFERENT_SHAPE
MEASURE_ET_RF_Modeling_Id_search,COMPLEX_NONLINEAR,STRONG,False,,not_screened_by_v1,complex_nonmonotonic,WEAK,SPLINE_ONLY_NOT_SCREENED_BY_OTHER,SPLINE_ONLY
MEASURE_ET_Cap_C300,SATURATION,STRONG,True,,not_screened_by_v1,complex_nonmonotonic,WEAK,SPLINE_ONLY_NOT_SCREENED_BY_OTHER,SPLINE_ONLY
MEASURE_ET_DC_SEC_X_Ig_cut1_mAmm_neg_FPSD3p2,SATURATION,STRONG,False,,not_screened_by_v1,monotonic,WEAK,SPLINE_ONLY_NOT_SCREENED_BY_OTHER,SPLINE_ONLY
THIN_ET_Rc_an_ct2_OW_CR,INVERTED_U,STRONG,True,flat_no_clear_effect,INCONCLUSIVE,complex_nonmonotonic,MODERATE,SPLINE_ONLY,BOTH_FOUND_DIFFERENT_SHAPE
MEASURE_ET_DC_SEC_X_Ig_cut1_mAmm_neg,SATURATION,STRONG,False,,not_screened_by_v1,complex_nonmonotonic,STRONG,SPLINE_ONLY_NOT_SCREENED_BY_OTHER,BOTH_FOUND_DIFFERENT_SHAPE
CATHODE_ET_Rcat_cn_2_OW_ST,THRESHOLD,STRONG,False,,not_screened_by_v1,complex_nonmonotonic,INCONCLUSIVE,SPLINE_ONLY_NOT_SCREENED_BY_OTHER,SPLINE_ONLY
TOPSIN_ET_CapFICM1_0,SATURATION,STRONG,True,,not_screened_by_v1,complex_nonmonotonic,INCONCLUSIVE,SPLINE_ONLY_NOT_SCREENED_BY_OTHER,SPLINE_ONLY
MEASURE_ET_LT_SEC_Id_min_mA_mm,THRESHOLD,STRONG,True,flat_no_clear_effect,INCONCLUSIVE,complex_nonmonotonic,MODERATE,SPLINE_ONLY,BOTH_FOUND_DIFFERENT_SHAPE
MEASURE_ET_DC_RF2_K,SATURATION,STRONG,True,,not_screened_by_v1,complex_nonmonotonic,WEAK,SPLINE_ONLY_NOT_SCREENED_BY_OTHER,SPLINE_ONLY
TOPSIN_ET_DC_SMALL_Vg_gm_max,COMPLEX_NONLINEAR,STRONG,True,,not_screened_by_v1,complex_nonmonotonic,STRONG,SPLINE_ONLY_NOT_SCREENED_BY_OTHER,BOTH_AGREE_SHAPE
TOPSIN_ET_ABVIETCH,SATURATION,STRONG,True,,not_screened_by_v1,threshold,MODERATE,SPLINE_ONLY_NOT_SCREENED_BY_OTHER,BOTH_AGREE_SHAPE
FIC_ET_R214,COMPLEX_NONLINEAR,STRONG,True,,not_screened_by_v1,threshold,STRONG,SPLINE_ONLY_NOT_SCREENED_BY_OTHER,BOTH_FOUND_DIFFERENT_SHAPE
SIN_ET_DC_PIV_Drain_Lag_Imax,COMPLEX_NONLINEAR,STRONG,True,,not_screened_by_v1,complex_nonmonotonic,WEAK,SPLINE_ONLY_NOT_SCREENED_BY_OTHER,SPLINE_ONLY
MEASURE_ET_DC_RF_Gm_m0p2_W,COMPLEX_NONLINEAR,STRONG,True,,not_screened_by_v1,complex_nonmonotonic,STRONG,SPLINE_ONLY_NOT_SCREENED_BY_OTHER,BOTH_AGREE_SHAPE
FIC_ET_Gm_max,COMPLEX_NONLINEAR,STRONG,True,flat_no_clear_effect,INCONCLUSIVE,complex_nonmonotonic,MODERATE,SPLINE_ONLY,BOTH_AGREE_SHAPE
MEASURE_ET_Vbkdn_Cap100,COMPLEX_NONLINEAR,STRONG,True,flat_no_clear_effect,INCONCLUSIVE,threshold,MODERATE,SPLINE_ONLY,BOTH_FOUND_DIFFERENT_SHAPE
MEASURE_ET_RF_Modeling_L_Gs,SATURATION,STRONG,True,,not_screened_by_v1,threshold,INCONCLUSIVE,SPLINE_ONLY_NOT_SCREENED_BY_OTHER,SPLINE_ONLY
MEASURE_ET_DC_RD_S11ang_18GHz,COMPLEX_NONLINEAR,STRONG,True,,not_screened_by_v1,complex_nonmonotonic,MODERATE,SPLINE_ONLY_NOT_SCREENED_BY_OTHER,BOTH_AGREE_SHAPE
FIC_ET_DC_RF_Vbgs_0p01,THRESHOLD,STRONG,True,threshold,MODERATE,complex_nonmonotonic,INCONCLUSIVE,BOTH_AGREE_SHAPE,SPLINE_ONLY
SIN_ET_DC_RF_Idss,COMPLEX_NONLINEAR,STRONG,True,,not_screened_by_v1,complex_nonmonotonic,MODERATE,SPLINE_ONLY_NOT_SCREENED_BY_OTHER,BOTH_AGREE_SHAPE
SIN_ET_DC_PIV_Imax_QP1,COMPLEX_NONLINEAR,STRONG,True,,not_screened_by_v1,complex_nonmonotonic,WEAK,SPLINE_ONLY_NOT_SCREENED_BY_OTHER,SPLINE_ONLY
MEASURE_ET_DC_PIV_Idss_QP1,COMPLEX_NONLINEAR,STRONG,True,,not_screened_by_v1,complex_nonmonotonic,INCONCLUSIVE,SPLINE_ONLY_NOT_SCREENED_BY_OTHER,SPLINE_ONLY
SIN_ET_DC_RF_Vds_max_0p1mA,SATURATION,STRONG,True,,not_screened_by_v1,complex_nonmonotonic,INCONCLUSIVE,SPLINE_ONLY_NOT_SCREENED_BY_OTHER,SPLINE_ONLY
MEASURE_ET_DC_RF_Vds_max,THRESHOLD,STRONG,True,,not_screened_by_v1,threshold,STRONG,SPLINE_ONLY_NOT_SCREENED_BY_OTHER,BOTH_AGREE_SHAPE
CATHODE_ET_Rcat_cn_2,THRESHOLD,STRONG,True,threshold,MODERATE,complex_nonmonotonic,INCONCLUSIVE,BOTH_AGREE_SHAPE,SPLINE_ONLY
THIN_ET_DC_RF_Vp_1,COMPLEX_NONLINEAR,STRONG,True,,not_screened_by_v1,complex_nonmonotonic,INCONCLUSIVE,SPLINE_ONLY_NOT_SCREENED_BY_OTHER,SPLINE_ONLY
FIC_ET_DC_RF_Gm_m0p2,COMPLEX_NONLINEAR,STRONG,True,,not_screened_by_v1,complex_nonmonotonic,WEAK,SPLINE_ONLY_NOT_SCREENED_BY_OTHER,SPLINE_ONLY
MEASURE_ET_DC_SMALL_Vbgd_0p01,U_SHAPED,STRONG,True,,not_screened_by_v1,complex_nonmonotonic,INCONCLUSIVE,SPLINE_ONLY_NOT_SCREENED_BY_OTHER,SPLINE_ONLY
THIN_ET_sh_f_hr_23,COMPLEX_NONLINEAR,STRONG,True,flat_no_clear_effect,INCONCLUSIVE,complex_nonmonotonic,STRONG,SPLINE_ONLY,BOTH_AGREE_SHAPE
MEASURE_ET_Load_Pull_Gain_comp_Last,SATURATION,STRONG,False,,not_screened_by_v1,complex_nonmonotonic,INCONCLUSIVE,SPLINE_ONLY_NOT_SCREENED_BY_OTHER,SPLINE_ONLY
THIN_ET_i5021_1,THRESHOLD,STRONG,False,,not_screened_by_v1,monotonic,MODERATE,SPLINE_ONLY_NOT_SCREENED_BY_OTHER,BOTH_FOUND_DIFFERENT_SHAPE
BRIDGE_METAL_Height_Final_TOP_metal_thickness,PROCESS_WINDOW,STRONG,False,,not_screened_by_v1,complex_nonmonotonic,MODERATE,SPLINE_ONLY_NOT_SCREENED_BY_OTHER,BOTH_FOUND_DIFFERENT_SHAPE
THIN_ET_DC_RF_Vdg_max_0p1mA,THRESHOLD,STRONG,True,,not_screened_by_v1,complex_nonmonotonic,STRONG,SPLINE_ONLY_NOT_SCREENED_BY_OTHER,BOTH_FOUND_DIFFERENT_SHAPE
BRGM_ET_KLV_F_AB_4u,COMPLEX_NONLINEAR,STRONG,True,,not_screened_by_v1,complex_nonmonotonic,MODERATE,SPLINE_ONLY_NOT_SCREENED_BY_OTHER,BOTH_AGREE_SHAPE
THIN_ET_DC_RF_Vbgs1,U_SHAPED,STRONG,True,,not_screened_by_v1,complex_nonmonotonic,WEAK,SPLINE_ONLY_NOT_SCREENED_BY_OTHER,SPLINE_ONLY
MEASURE_ET_R_660_VER,COMPLEX_NONLINEAR,STRONG,True,,not_screened_by_v1,complex_nonmonotonic,WEAK,SPLINE_ONLY_NOT_SCREENED_BY_OTHER,SPLINE_ONLY
MEASURE_ET_RF_Modeling_Vg_gm_max_W,COMPLEX_NONLINEAR,STRONG,True,,not_screened_by_v1,complex_nonmonotonic,MODERATE,SPLINE_ONLY_NOT_SCREENED_BY_OTHER,BOTH_AGREE_SHAPE
MEASURE_ET_DC_RD_S11dB_18GHz,COMPLEX_NONLINEAR,STRONG,True,,not_screened_by_v1,complex_nonmonotonic,MODERATE,SPLINE_ONLY_NOT_SCREENED_BY_OTHER,BOTH_AGREE_SHAPE
SIN_GATE_ET_RGAN2,THRESHOLD,STRONG,True,flat_no_clear_effect,INCONCLUSIVE,monotonic,MODERATE,SPLINE_ONLY,BOTH_FOUND_DIFFERENT_SHAPE
SIN_ET_DC_PIV_Idss_QP1,COMPLEX_NONLINEAR,STRONG,True,,not_screened_by_v1,complex_nonmonotonic,INCONCLUSIVE,SPLINE_ONLY_NOT_SCREENED_BY_OTHER,SPLINE_ONLY
MEASURE_ET_DC_Stress_Idss_before,COMPLEX_NONLINEAR,STRONG,True,,not_screened_by_v1,U_shape,INCONCLUSIVE,SPLINE_ONLY_NOT_SCREENED_BY_OTHER,SPLINE_ONLY
MEASURE_ET_DC_RF_Max_S11_Mag_L2180,SATURATION,STRONG,False,,not_screened_by_v1,threshold,STRONG,SPLINE_ONLY_NOT_SCREENED_BY_OTHER,BOTH_AGREE_SHAPE
MEASURE_ET_DC_Stress_Id_gm_max_after,COMPLEX_NONLINEAR,STRONG,True,,not_screened_by_v1,complex_nonmonotonic,STRONG,SPLINE_ONLY_NOT_SCREENED_BY_OTHER,BOTH_AGREE_SHAPE
SIN_GATE_ET_I_5,THRESHOLD,STRONG,False,,not_screened_by_v1,threshold,MODERATE,SPLINE_ONLY_NOT_SCREENED_BY_OTHER,BOTH_AGREE_SHAPE
MEASURE_ET_DC_Big_Vg_optt1,THRESHOLD,STRONG,False,,not_screened_by_v1,monotonic,MODERATE,SPLINE_ONLY_NOT_SCREENED_BY_OTHER,BOTH_FOUND_DIFFERENT_SHAPE
TOPSIN_ET_C175pf_0,THRESHOLD,STRONG,False,,not_screened_by_v1,threshold,WEAK,SPLINE_ONLY_NOT_SCREENED_BY_OTHER,SPLINE_ONLY
MEASURE_ET_sh_GA144,SATURATION,STRONG,False,,not_screened_by_v1,threshold,WEAK,SPLINE_ONLY_NOT_SCREENED_BY_OTHER,SPLINE_ONLY
MEASURE_ET_DC_SEC_n_gs,SATURATION,STRONG,True,,not_screened_by_v1,complex_nonmonotonic,WEAK,SPLINE_ONLY_NOT_SCREENED_BY_OTHER,SPLINE_ONLY
MEASURE_ET_DC_SEC_S_Vg_at_I3_pos_SD3p5,SATURATION,STRONG,True,,not_screened_by_v1,complex_nonmonotonic,INCONCLUSIVE,SPLINE_ONLY_NOT_SCREENED_BY_OTHER,SPLINE_ONLY
MEASURE_ET_C100CapPARCAP,SATURATION,STRONG,True,flat_no_clear_effect,INCONCLUSIVE,complex_nonmonotonic,WEAK,SPLINE_ONLY,SPLINE_ONLY
MEASURE_ET_DC_SEC_S_Ig_cut2_mAmm_neg_FPSD3p2,COMPLEX_NONLINEAR,STRONG,True,,not_screened_by_v1,U_shape,INCONCLUSIVE,SPLINE_ONLY_NOT_SCREENED_BY_OTHER,SPLINE_ONLY
THIN_ET_DC_RF_Vg_optt1,COMPLEX_NONLINEAR,STRONG,True,flat_no_clear_effect,INCONCLUSIVE,complex_nonmonotonic,WEAK,SPLINE_ONLY,SPLINE_ONLY
MEASURE_ET_C100Cap3pf,PROCESS_WINDOW,STRONG,True,,not_screened_by_v1,inverted_U,INCONCLUSIVE,SPLINE_ONLY_NOT_SCREENED_BY_OTHER,SPLINE_ONLY
OHMIC_ET_Ran_con_3,MONOTONIC_POSITIVE,STRONG,True,,not_screened_by_v1,threshold,MODERATE,SPLINE_ONLY_NOT_SCREENED_BY_OTHER,BOTH_FOUND_DIFFERENT_SHAPE
MEASURE_ET_Rcat_cn_1_OW_ST,PROCESS_WINDOW,STRONG,False,,not_screened_by_v1,complex_nonmonotonic,INCONCLUSIVE,SPLINE_ONLY_NOT_SCREENED_BY_OTHER,SPLINE_ONLY
MEASURE_ET_DC_SEC_S_Id_at_Vboff_mA_mm_SD3p5,COMPLEX_NONLINEAR,STRONG,True,,not_screened_by_v1,complex_nonmonotonic,INCONCLUSIVE,SPLINE_ONLY_NOT_SCREENED_BY_OTHER,SPLINE_ONLY
MEASURE_ET_DC_Stress_Id_gm_max_before,COMPLEX_NONLINEAR,STRONG,True,,not_screened_by_v1,complex_nonmonotonic,INCONCLUSIVE,SPLINE_ONLY_NOT_SCREENED_BY_OTHER,SPLINE_ONLY
MEASURE_ET_DC_RF_Id_gm_max,COMPLEX_NONLINEAR,STRONG,True,,not_screened_by_v1,complex_nonmonotonic,STRONG,SPLINE_ONLY_NOT_SCREENED_BY_OTHER,BOTH_AGREE_SHAPE
MEASURE_ET_DC_SEC_Vgs_back_0p5V,COMPLEX_NONLINEAR,STRONG,True,,not_screened_by_v1,complex_nonmonotonic,INCONCLUSIVE,SPLINE_ONLY_NOT_SCREENED_BY_OTHER,SPLINE_ONLY
TOPSIN_ET_Cap2pf,U_SHAPED,STRONG,True,,not_screened_by_v1,complex_nonmonotonic,WEAK,SPLINE_ONLY_NOT_SCREENED_BY_OTHER,SPLINE_ONLY
BRGM_ET_C300,COMPLEX_NONLINEAR,STRONG,True,,not_screened_by_v1,complex_nonmonotonic,WEAK,SPLINE_ONLY_NOT_SCREENED_BY_OTHER,SPLINE_ONLY
MEASURE_ET_DC_RF_Vbin_gd,SATURATION,STRONG,False,,not_screened_by_v1,complex_nonmonotonic,INCONCLUSIVE,SPLINE_ONLY_NOT_SCREENED_BY_OTHER,SPLINE_ONLY
MEASURE_ET_DC_RF_S21dB_26GHz,PROCESS_WINDOW,STRONG,True,,not_screened_by_v1,complex_nonmonotonic,WEAK,SPLINE_ONLY_NOT_SCREENED_BY_OTHER,SPLINE_ONLY
MEASURE_ET_LT_SEC_Vd_Id_min_Vd7,COMPLEX_NONLINEAR,STRONG,True,,not_screened_by_v1,U_shape,INCONCLUSIVE,SPLINE_ONLY_NOT_SCREENED_BY_OTHER,SPLINE_ONLY
THIN_ET_DC_RF_Idss,COMPLEX_NONLINEAR,STRONG,True,,not_screened_by_v1,complex_nonmonotonic,STRONG,SPLINE_ONLY_NOT_SCREENED_BY_OTHER,BOTH_AGREE_SHAPE
MEASURE_ET_DC_SMALL_Vg_max_Vd,COMPLEX_NONLINEAR,STRONG,True,,not_screened_by_v1,complex_nonmonotonic,STRONG,SPLINE_ONLY_NOT_SCREENED_BY_OTHER,BOTH_AGREE_SHAPE
MEASURE_ET_R214,THRESHOLD,STRONG,True,,not_screened_by_v1,complex_nonmonotonic,WEAK,SPLINE_ONLY_NOT_SCREENED_BY_OTHER,SPLINE_ONLY
TOPSIN_ET_DC_RF_Idss,COMPLEX_NONLINEAR,STRONG,False,,not_screened_by_v1,complex_nonmonotonic,WEAK,SPLINE_ONLY_NOT_SCREENED_BY_OTHER,SPLINE_ONLY
MEASURE_ET_DC_SEC_Id_gm_max,U_SHAPED,STRONG,True,flat_no_clear_effect,INCONCLUSIVE,complex_nonmonotonic,WEAK,SPLINE_ONLY,SPLINE_ONLY
MEASURE_ET_Vbkdn_CapBig,COMPLEX_NONLINEAR,STRONG,False,,not_screened_by_v1,complex_nonmonotonic,WEAK,SPLINE_ONLY_NOT_SCREENED_BY_OTHER,SPLINE_ONLY
TOPSIN_ET_Probe_Number,COMPLEX_NONLINEAR,STRONG,False,,not_screened_by_v1,complex_nonmonotonic,WEAK,SPLINE_ONLY_NOT_SCREENED_BY_OTHER,SPLINE_ONLY
TOPSIN_ET_DC_SMALL_Vbgd1,THRESHOLD,STRONG,False,,not_screened_by_v1,U_shape,INCONCLUSIVE,SPLINE_ONLY_NOT_SCREENED_BY_OTHER,SPLINE_ONLY
BRGM_ET_C100,COMPLEX_NONLINEAR,STRONG,True,,not_screened_by_v1,complex_nonmonotonic,INCONCLUSIVE,SPLINE_ONLY_NOT_SCREENED_BY_OTHER,SPLINE_ONLY
TOPSIN_ET_DC_SMALL_Idss,COMPLEX_NONLINEAR,STRONG,True,,not_screened_by_v1,complex_nonmonotonic,INCONCLUSIVE,SPLINE_ONLY_NOT_SCREENED_BY_OTHER,SPLINE_ONLY
MEASURE_ET_DC_SMALL_Gm_0,THRESHOLD,STRONG,True,,not_screened_by_v1,complex_nonmonotonic,MODERATE,SPLINE_ONLY_NOT_SCREENED_BY_OTHER,BOTH_FOUND_DIFFERENT_SHAPE
MEASURE_ET_RF_Modeling_Tau,THRESHOLD,STRONG,True,,not_screened_by_v1,complex_nonmonotonic,STRONG,SPLINE_ONLY_NOT_SCREENED_BY_OTHER,BOTH_FOUND_DIFFERENT_SHAPE
TOPSIN_ET_RGAN1,U_SHAPED,STRONG,True,,not_screened_by_v1,U_shape,INCONCLUSIVE,SPLINE_ONLY_NOT_SCREENED_BY_OTHER,SPLINE_ONLY
MEASURE_ET_DC_RF_S11dB_10GHz,INVERTED_U,STRONG,True,flat_no_clear_effect,INCONCLUSIVE,complex_nonmonotonic,STRONG,SPLINE_ONLY,BOTH_FOUND_DIFFERENT_SHAPE
SIN_ET_DC_RF_Vbin_gd,COMPLEX_NONLINEAR,STRONG,True,,not_screened_by_v1,complex_nonmonotonic,MODERATE,SPLINE_ONLY_NOT_SCREENED_BY_OTHER,BOTH_AGREE_SHAPE
BRGM_ET_Rsh_F_AB_2,COMPLEX_NONLINEAR,STRONG,True,,not_screened_by_v1,complex_nonmonotonic,MODERATE,SPLINE_ONLY_NOT_SCREENED_BY_OTHER,BOTH_AGREE_SHAPE
THIN_ET_TF_AB_3,THRESHOLD,STRONG,True,,not_screened_by_v1,complex_nonmonotonic,INCONCLUSIVE,SPLINE_ONLY_NOT_SCREENED_BY_OTHER,SPLINE_ONLY
MEASURE_ET_DC_SEC_S_Vg_at_I2_neg_FPSD3p2,SATURATION,STRONG,False,,not_screened_by_v1,complex_nonmonotonic,INCONCLUSIVE,SPLINE_ONLY_NOT_SCREENED_BY_OTHER,SPLINE_ONLY
MEASURE_ET_DC_PIV_Imax_QP1,COMPLEX_NONLINEAR,STRONG,True,,not_screened_by_v1,complex_nonmonotonic,INCONCLUSIVE,SPLINE_ONLY_NOT_SCREENED_BY_OTHER,SPLINE_ONLY
TOPSIN_ET_RGAN2,THRESHOLD,STRONG,True,,not_screened_by_v1,complex_nonmonotonic,INCONCLUSIVE,SPLINE_ONLY_NOT_SCREENED_BY_OTHER,SPLINE_ONLY
MEASURE_ET_DC_RF2_S12dB_26GHz,THRESHOLD,STRONG,True,,not_screened_by_v1,complex_nonmonotonic,WEAK,SPLINE_ONLY_NOT_SCREENED_BY_OTHER,SPLINE_ONLY
FIC_ET_TR_1F,U_SHAPED,STRONG,True,,not_screened_by_v1,U_shape,INCONCLUSIVE,SPLINE_ONLY_NOT_SCREENED_BY_OTHER,SPLINE_ONLY
EBCR2_ET_Ids_EBCR_recess_current,THRESHOLD,STRONG,False,,not_screened_by_v1,monotonic,MODERATE,SPLINE_ONLY_NOT_SCREENED_BY_OTHER,BOTH_FOUND_DIFFERENT_SHAPE
SIN_ET_DC_RF_n_gs,COMPLEX_NONLINEAR,STRONG,True,,not_screened_by_v1,complex_nonmonotonic,INCONCLUSIVE,SPLINE_ONLY_NOT_SCREENED_BY_OTHER,SPLINE_ONLY
MEASURE_ET_DC_SEC_S_Id_plus_Ig_at_Vboff_mA_mm_FPSD3p2,THRESHOLD,STRONG,False,,not_screened_by_v1,threshold,MODERATE,SPLINE_ONLY_NOT_SCREENED_BY_OTHER,BOTH_AGREE_SHAPE
FIN_Etch_Soft_Bias,THRESHOLD,STRONG,False,,not_screened_by_v1,complex_nonmonotonic,INCONCLUSIVE,SPLINE_ONLY_NOT_SCREENED_BY_OTHER,SPLINE_ONLY
MEASURE_ET_DC_RF_n_gd,THRESHOLD,STRONG,True,,not_screened_by_v1,inverted_U,INCONCLUSIVE,SPLINE_ONLY_NOT_SCREENED_BY_OTHER,SPLINE_ONLY
CATHODE_ET_Rc_cat_ct2_OW_ST,SATURATION,STRONG,False,,not_screened_by_v1,complex_nonmonotonic,INCONCLUSIVE,SPLINE_ONLY_NOT_SCREENED_BY_OTHER,SPLINE_ONLY
MEASURE_ET_CapUSV_0,THRESHOLD,STRONG,True,,not_screened_by_v1,complex_nonmonotonic,INCONCLUSIVE,SPLINE_ONLY_NOT_SCREENED_BY_OTHER,SPLINE_ONLY
MEASURE_ET_DC_Stress_Id_max_Ig_after,COMPLEX_NONLINEAR,STRONG,True,flat_no_clear_effect,INCONCLUSIVE,complex_nonmonotonic,MODERATE,SPLINE_ONLY,BOTH_AGREE_SHAPE
MEASURE_ET_DC_RF_Min_S21_Ph_L1018,U_SHAPED,STRONG,True,,not_screened_by_v1,threshold,INCONCLUSIVE,SPLINE_ONLY_NOT_SCREENED_BY_OTHER,SPLINE_ONLY
MEASURE_ET_RF_Modeling_S22ang_10GHz,SATURATION,STRONG,True,flat_no_clear_effect,INCONCLUSIVE,complex_nonmonotonic,MODERATE,SPLINE_ONLY,BOTH_FOUND_DIFFERENT_SHAPE
MEASURE_ET_DC_SMALL_Vbgd1,U_SHAPED,STRONG,True,,not_screened_by_v1,complex_nonmonotonic,WEAK,SPLINE_ONLY_NOT_SCREENED_BY_OTHER,SPLINE_ONLY
MEASURE_ET_DC_SEC_S_Ig_mAmm_at_Vg_cond_neg,MONOTONIC_POSITIVE,STRONG,False,,not_screened_by_v1,complex_nonmonotonic,INCONCLUSIVE,SPLINE_ONLY_NOT_SCREENED_BY_OTHER,SPLINE_ONLY
TOPSIN_ET_DC_RF_Gm_max,COMPLEX_NONLINEAR,STRONG,True,,not_screened_by_v1,complex_nonmonotonic,WEAK,SPLINE_ONLY_NOT_SCREENED_BY_OTHER,SPLINE_ONLY
MEASURE_ET_RF_Modeling_Fmax_ext,U_SHAPED,STRONG,True,,not_screened_by_v1,U_shape,INCONCLUSIVE,SPLINE_ONLY_NOT_SCREENED_BY_OTHER,SPLINE_ONLY
THIN_ET_Ran_con_2_OW_CR,SATURATION,STRONG,False,,not_screened_by_v1,complex_nonmonotonic,MODERATE,SPLINE_ONLY_NOT_SCREENED_BY_OTHER,BOTH_FOUND_DIFFERENT_SHAPE
MEASURE_ET_RF_Modeling_Cgd_err,THRESHOLD,STRONG,True,flat_no_clear_effect,INCONCLUSIVE,threshold,WEAK,SPLINE_ONLY,SPLINE_ONLY
MEASURE_ET_DC_RF_Gm_m0p2,COMPLEX_NONLINEAR,STRONG,True,,not_screened_by_v1,complex_nonmonotonic,WEAK,SPLINE_ONLY_NOT_SCREENED_BY_OTHER,SPLINE_ONLY
BRGM_ET_Rc_F_AB_2,COMPLEX_NONLINEAR,STRONG,True,,not_screened_by_v1,complex_nonmonotonic,STRONG,SPLINE_ONLY_NOT_SCREENED_BY_OTHER,BOTH_AGREE_SHAPE
TFRP_ET_TF_AB_2,THRESHOLD,STRONG,True,,not_screened_by_v1,threshold,WEAK,SPLINE_ONLY_NOT_SCREENED_BY_OTHER,SPLINE_ONLY
SIN_ET_DC_RF_Vt_gd,COMPLEX_NONLINEAR,STRONG,True,,not_screened_by_v1,complex_nonmonotonic,MODERATE,SPLINE_ONLY_NOT_SCREENED_BY_OTHER,BOTH_AGREE_SHAPE
MEASURE_ET_DC_SEC_X_Vboff_Id_plus_Ig_FPSD3p2,PROCESS_WINDOW,STRONG,True,,not_screened_by_v1,threshold,STRONG,SPLINE_ONLY_NOT_SCREENED_BY_OTHER,BOTH_FOUND_DIFFERENT_SHAPE
THIN_ET_DC_RF_Imax,COMPLEX_NONLINEAR,STRONG,True,,not_screened_by_v1,complex_nonmonotonic,MODERATE,SPLINE_ONLY_NOT_SCREENED_BY_OTHER,BOTH_AGREE_SHAPE
MEASURE_ET_Rc_cat_ct2,PROCESS_WINDOW,STRONG,True,,not_screened_by_v1,complex_nonmonotonic,INCONCLUSIVE,SPLINE_ONLY_NOT_SCREENED_BY_OTHER,SPLINE_ONLY
SIN_ET_DC_PIV_Imax_QP2,COMPLEX_NONLINEAR,STRONG,True,,not_screened_by_v1,complex_nonmonotonic,MODERATE,SPLINE_ONLY_NOT_SCREENED_BY_OTHER,BOTH_AGREE_SHAPE
MEASURE_ET_Cap20,THRESHOLD,STRONG,True,,not_screened_by_v1,complex_nonmonotonic,INCONCLUSIVE,SPLINE_ONLY_NOT_SCREENED_BY_OTHER,SPLINE_ONLY
TOPSIN_ET_DC_SMALL_Vboff,THRESHOLD,STRONG,False,,not_screened_by_v1,monotonic,MODERATE,SPLINE_ONLY_NOT_SCREENED_BY_OTHER,BOTH_FOUND_DIFFERENT_SHAPE
TOPSIN_ET_DC_SMALL_Gm_0,COMPLEX_NONLINEAR,STRONG,True,,not_screened_by_v1,complex_nonmonotonic,WEAK,SPLINE_ONLY_NOT_SCREENED_BY_OTHER,SPLINE_ONLY
MEASURE_ET_DC_RF_K_W,COMPLEX_NONLINEAR,STRONG,True,threshold,STRONG,complex_nonmonotonic,WEAK,BOTH_FOUND_DIFFERENT_SHAPE,SPLINE_ONLY
MEASURE_ET_DC_Big_S22dB_10GHz,THRESHOLD,STRONG,True,,not_screened_by_v1,complex_nonmonotonic,INCONCLUSIVE,SPLINE_ONLY_NOT_SCREENED_BY_OTHER,SPLINE_ONLY
TOPSIN_ET_DC_RF_Vp_01,COMPLEX_NONLINEAR,STRONG,True,,not_screened_by_v1,complex_nonmonotonic,MODERATE,SPLINE_ONLY_NOT_SCREENED_BY_OTHER,BOTH_AGREE_SHAPE
MEASURE_ET_Vp_1,COMPLEX_NONLINEAR,STRONG,True,,not_screened_by_v1,complex_nonmonotonic,INCONCLUSIVE,SPLINE_ONLY_NOT_SCREENED_BY_OTHER,SPLINE_ONLY
MEASURE_ET_DC_Big_MAG_10GHz,COMPLEX_NONLINEAR,STRONG,False,,not_screened_by_v1,complex_nonmonotonic,INCONCLUSIVE,SPLINE_ONLY_NOT_SCREENED_BY_OTHER,SPLINE_ONLY
TOPSIN_ET_lkg_CapM1BRGM,COMPLEX_NONLINEAR,STRONG,True,,not_screened_by_v1,complex_nonmonotonic,WEAK,SPLINE_ONLY_NOT_SCREENED_BY_OTHER,SPLINE_ONLY
MEASURE_ET_DC_SEC_Vgs_back_0p1V,THRESHOLD,STRONG,False,,not_screened_by_v1,threshold,MODERATE,SPLINE_ONLY_NOT_SCREENED_BY_OTHER,BOTH_AGREE_SHAPE
MEASURE_ET_RF_Modeling_Rd,THRESHOLD,STRONG,False,,not_screened_by_v1,monotonic,MODERATE,SPLINE_ONLY_NOT_SCREENED_BY_OTHER,BOTH_FOUND_DIFFERENT_SHAPE
MEASURE_ET_DC_PIV_Imax_QP2,COMPLEX_NONLINEAR,STRONG,True,,not_screened_by_v1,complex_nonmonotonic,STRONG,SPLINE_ONLY_NOT_SCREENED_BY_OTHER,BOTH_AGREE_SHAPE
TOPSIN_ET_DC_SMALL_Vdg_max_0p1,THRESHOLD,STRONG,False,,not_screened_by_v1,monotonic,MODERATE,SPLINE_ONLY_NOT_SCREENED_BY_OTHER,BOTH_FOUND_DIFFERENT_SHAPE
TOPSIN_ET_DC_RF_Vg_gm_max,COMPLEX_NONLINEAR,STRONG,True,,not_screened_by_v1,U_shape,INCONCLUSIVE,SPLINE_ONLY_NOT_SCREENED_BY_OTHER,SPLINE_ONLY
TOPSIN_ET_CapFICBRGM_0,COMPLEX_NONLINEAR,STRONG,True,,not_screened_by_v1,complex_nonmonotonic,WEAK,SPLINE_ONLY_NOT_SCREENED_BY_OTHER,SPLINE_ONLY
MEASURE_ET_DC_SMALL_Vbgd_0p1,INVERTED_U,STRONG,True,,not_screened_by_v1,complex_nonmonotonic,WEAK,SPLINE_ONLY_NOT_SCREENED_BY_OTHER,SPLINE_ONLY
MEASURE_ET_DC_RF_MAG_35GHz,SATURATION,STRONG,False,,not_screened_by_v1,complex_nonmonotonic,INCONCLUSIVE,SPLINE_ONLY_NOT_SCREENED_BY_OTHER,SPLINE_ONLY
THIN_ET_R_400_VER,THRESHOLD,STRONG,True,,not_screened_by_v1,inverted_U,INCONCLUSIVE,SPLINE_ONLY_NOT_SCREENED_BY_OTHER,SPLINE_ONLY
BRGM_ET_C200,COMPLEX_NONLINEAR,STRONG,True,,not_screened_by_v1,complex_nonmonotonic,INCONCLUSIVE,SPLINE_ONLY_NOT_SCREENED_BY_OTHER,SPLINE_ONLY
MEASURE_ET_C100CapM1BRGM,COMPLEX_NONLINEAR,STRONG,True,,not_screened_by_v1,complex_nonmonotonic,WEAK,SPLINE_ONLY_NOT_SCREENED_BY_OTHER,SPLINE_ONLY
CATHODE_ET_Rsh_cat_c2,SATURATION,STRONG,True,,not_screened_by_v1,threshold,STRONG,SPLINE_ONLY_NOT_SCREENED_BY_OTHER,BOTH_AGREE_SHAPE
MEASURE_ET_DC_SEC_S_Id_mA_mm_at_Vg1_FPSD3p2,MONOTONIC_POSITIVE,STRONG,False,,not_screened_by_v1,monotonic,MODERATE,SPLINE_ONLY_NOT_SCREENED_BY_OTHER,BOTH_AGREE_SHAPE
MEASURE_ET_DC_RF_S22dB_10GHz,COMPLEX_NONLINEAR,STRONG,True,,not_screened_by_v1,complex_nonmonotonic,INCONCLUSIVE,SPLINE_ONLY_NOT_SCREENED_BY_OTHER,SPLINE_ONLY
MEASURE_ET_DC_SEC_S_Id_mA_mm_at_Vg3_SD3p5,THRESHOLD,STRONG,True,flat_no_clear_effect,INCONCLUSIVE,complex_nonmonotonic,MODERATE,SPLINE_ONLY,BOTH_FOUND_DIFFERENT_SHAPE
MEASURE_ET_Vbkdn_C300pf,THRESHOLD,STRONG,True,,not_screened_by_v1,complex_nonmonotonic,INCONCLUSIVE,SPLINE_ONLY_NOT_SCREENED_BY_OTHER,SPLINE_ONLY
SIN_ET_DC_RF_Vg_optt,SATURATION,STRONG,False,,not_screened_by_v1,complex_nonmonotonic,INCONCLUSIVE,SPLINE_ONLY_NOT_SCREENED_BY_OTHER,SPLINE_ONLY
MEASURE_ET_DC_RF_CF_S22_Ph_L1002,COMPLEX_NONLINEAR,STRONG,False,,not_screened_by_v1,U_shape,INCONCLUSIVE,SPLINE_ONLY_NOT_SCREENED_BY_OTHER,SPLINE_ONLY
THIN_ET_R_4000_VER,THRESHOLD,STRONG,False,,not_screened_by_v1,complex_nonmonotonic,INCONCLUSIVE,SPLINE_ONLY_NOT_SCREENED_BY_OTHER,SPLINE_ONLY
MEASURE_ET_Load_Pull_PhL_meas,THRESHOLD,STRONG,False,,not_screened_by_v1,threshold,STRONG,SPLINE_ONLY_NOT_SCREENED_BY_OTHER,BOTH_AGREE_SHAPE
BRGM_ET_lkg_SY8_80,COMPLEX_NONLINEAR,STRONG,True,,not_screened_by_v1,complex_nonmonotonic,MODERATE,SPLINE_ONLY_NOT_SCREENED_BY_OTHER,BOTH_AGREE_SHAPE
MEASURE_ET_RF_Modeling_Rgs,SATURATION,STRONG,False,,not_screened_by_v1,threshold,MODERATE,SPLINE_ONLY_NOT_SCREENED_BY_OTHER,BOTH_AGREE_SHAPE
MEASURE_ET_RF_Modeling_Stress_time,SATURATION,STRONG,False,,not_screened_by_v1,threshold,MODERATE,SPLINE_ONLY_NOT_SCREENED_BY_OTHER,BOTH_AGREE_SHAPE
MEASURE_ET_DC_RF_Idss_W,COMPLEX_NONLINEAR,STRONG,True,,not_screened_by_v1,complex_nonmonotonic,STRONG,SPLINE_ONLY_NOT_SCREENED_BY_OTHER,BOTH_AGREE_SHAPE
MEASURE_ET_DC_RF_Gm_0_W,SATURATION,STRONG,True,,not_screened_by_v1,complex_nonmonotonic,INCONCLUSIVE,SPLINE_ONLY_NOT_SCREENED_BY_OTHER,SPLINE_ONLY
MEASURE_ET_DC_SEC_S_Ids_max_norm_FPSD3p2,SATURATION,STRONG,False,,not_screened_by_v1,monotonic,MODERATE,SPLINE_ONLY_NOT_SCREENED_BY_OTHER,BOTH_FOUND_DIFFERENT_SHAPE
FIC_ET_R_f_hr_2,THRESHOLD,STRONG,False,,not_screened_by_v1,threshold,MODERATE,SPLINE_ONLY_NOT_SCREENED_BY_OTHER,BOTH_AGREE_SHAPE
MEASURE_ET_DC_RF_Vg_gm_max,COMPLEX_NONLINEAR,STRONG,True,,not_screened_by_v1,complex_nonmonotonic,INCONCLUSIVE,SPLINE_ONLY_NOT_SCREENED_BY_OTHER,SPLINE_ONLY
MEASURE_ET_C200,THRESHOLD,STRONG,True,,not_screened_by_v1,complex_nonmonotonic,WEAK,SPLINE_ONLY_NOT_SCREENED_BY_OTHER,SPLINE_ONLY
THIN_ET_Rsh_F_AB_2,SATURATION,STRONG,False,,not_screened_by_v1,complex_nonmonotonic,INCONCLUSIVE,SPLINE_ONLY_NOT_SCREENED_BY_OTHER,SPLINE_ONLY
SIN_GATE_ET_Rc_OG142_GN,THRESHOLD,STRONG,True,,not_screened_by_v1,U_shape,MODERATE,SPLINE_ONLY_NOT_SCREENED_BY_OTHER,BOTH_FOUND_DIFFERENT_SHAPE
FMESA_Height_Fmesa_Height,SATURATION,STRONG,False,,not_screened_by_v1,complex_nonmonotonic,INCONCLUSIVE,SPLINE_ONLY_NOT_SCREENED_BY_OTHER,SPLINE_ONLY
MEASURE_ET_DC_RF_Vg_max_Vd,THRESHOLD,STRONG,False,,not_screened_by_v1,monotonic,MODERATE,SPLINE_ONLY_NOT_SCREENED_BY_OTHER,BOTH_FOUND_DIFFERENT_SHAPE
MEASURE_ET_RF_Modeling_Ld,U_SHAPED,STRONG,False,,not_screened_by_v1,complex_nonmonotonic,INCONCLUSIVE,SPLINE_ONLY_NOT_SCREENED_BY_OTHER,SPLINE_ONLY
TOPSIN_ET_C100CapM1BRGM,COMPLEX_NONLINEAR,STRONG,True,,not_screened_by_v1,complex_nonmonotonic,STRONG,SPLINE_ONLY_NOT_SCREENED_BY_OTHER,BOTH_AGREE_SHAPE
MEASURE_ET_Load_Pull_Gss,COMPLEX_NONLINEAR,STRONG,True,flat_no_clear_effect,INCONCLUSIVE,complex_nonmonotonic,WEAK,SPLINE_ONLY,SPLINE_ONLY
MEASURE_ET_DC_RF_S11ang_26GHz_W,COMPLEX_NONLINEAR,STRONG,True,,not_screened_by_v1,complex_nonmonotonic,INCONCLUSIVE,SPLINE_ONLY_NOT_SCREENED_BY_OTHER,SPLINE_ONLY
TOPSIN_ET_C100C500pf,THRESHOLD,STRONG,False,,not_screened_by_v1,complex_nonmonotonic,MODERATE,SPLINE_ONLY_NOT_SCREENED_BY_OTHER,BOTH_FOUND_DIFFERENT_SHAPE
MEASURE_ET_DC_RF_MSG_18GHz,MONOTONIC_POSITIVE,STRONG,True,,not_screened_by_v1,complex_nonmonotonic,INCONCLUSIVE,SPLINE_ONLY_NOT_SCREENED_BY_OTHER,SPLINE_ONLY
MEASURE_ET_RF_Modeling_S22dB_10GHz,COMPLEX_NONLINEAR,STRONG,True,,not_screened_by_v1,complex_nonmonotonic,MODERATE,SPLINE_ONLY_NOT_SCREENED_BY_OTHER,BOTH_AGREE_SHAPE
OHMIC_ET_Ran_con_1,THRESHOLD,STRONG,True,,not_screened_by_v1,monotonic,MODERATE,SPLINE_ONLY_NOT_SCREENED_BY_OTHER,BOTH_FOUND_DIFFERENT_SHAPE
THIN_ET_TF_AB_1,THRESHOLD,STRONG,True,flat_no_clear_effect,INCONCLUSIVE,complex_nonmonotonic,INCONCLUSIVE,SPLINE_ONLY,SPLINE_ONLY
MEASURE_ET_DC_Stress_Vp_before,COMPLEX_NONLINEAR,STRONG,True,,not_screened_by_v1,complex_nonmonotonic,INCONCLUSIVE,SPLINE_ONLY_NOT_SCREENED_BY_OTHER,SPLINE_ONLY
MEASURE_ET_DC_SEC_S_Vp_1_mA_mm_first,THRESHOLD,STRONG,True,,not_screened_by_v1,complex_nonmonotonic,INCONCLUSIVE,SPLINE_ONLY_NOT_SCREENED_BY_OTHER,SPLINE_ONLY
MEASURE_ET_DC_SEC_S_Bin_SD3p5,U_SHAPED,STRONG,True,,not_screened_by_v1,threshold,STRONG,SPLINE_ONLY_NOT_SCREENED_BY_OTHER,BOTH_FOUND_DIFFERENT_SHAPE
TOPSIN_ET_DC_SMALL_Vt_gd,THRESHOLD,STRONG,True,,not_screened_by_v1,complex_nonmonotonic,MODERATE,SPLINE_ONLY_NOT_SCREENED_BY_OTHER,BOTH_FOUND_DIFFERENT_SHAPE
FIC_ET_Vdg_max,THRESHOLD,STRONG,True,,not_screened_by_v1,complex_nonmonotonic,INCONCLUSIVE,SPLINE_ONLY_NOT_SCREENED_BY_OTHER,SPLINE_ONLY
MEASURE_ET_DC_RF_Gm_max,COMPLEX_NONLINEAR,STRONG,True,,not_screened_by_v1,complex_nonmonotonic,MODERATE,SPLINE_ONLY_NOT_SCREENED_BY_OTHER,BOTH_AGREE_SHAPE
TOPSIN_ET_DC_RF_Vg_max_Vd,THRESHOLD,STRONG,True,,not_screened_by_v1,complex_nonmonotonic,STRONG,SPLINE_ONLY_NOT_SCREENED_BY_OTHER,BOTH_FOUND_DIFFERENT_SHAPE
MEASURE_ET_Vg_gm_max,COMPLEX_NONLINEAR,STRONG,False,,not_screened_by_v1,complex_nonmonotonic,WEAK,SPLINE_ONLY_NOT_SCREENED_BY_OTHER,SPLINE_ONLY
THIN_ET_KLV_F_AB_4u,SATURATION,STRONG,True,,not_screened_by_v1,threshold,STRONG,SPLINE_ONLY_NOT_SCREENED_BY_OTHER,BOTH_AGREE_SHAPE
BRGM_ET_KLV_F_M1_4u,U_SHAPED,STRONG,True,,not_screened_by_v1,complex_nonmonotonic,MODERATE,SPLINE_ONLY_NOT_SCREENED_BY_OTHER,BOTH_FOUND_DIFFERENT_SHAPE
MEASURE_ET_DC_SEC_X_Vg_at_I2_neg_FPSD3p2,THRESHOLD,STRONG,False,,not_screened_by_v1,threshold,MODERATE,SPLINE_ONLY_NOT_SCREENED_BY_OTHER,BOTH_AGREE_SHAPE
GATE2_Ali_Litho2_Gate_to_ohmic_alignment,SATURATION,STRONG,True,,not_screened_by_v1,complex_nonmonotonic,WEAK,SPLINE_ONLY_NOT_SCREENED_BY_OTHER,SPLINE_ONLY
MEASURE_ET_LT_SEC_Ig_Id_min_mA_mm_Vd7,THRESHOLD,STRONG,False,,not_screened_by_v1,monotonic,MODERATE,SPLINE_ONLY_NOT_SCREENED_BY_OTHER,BOTH_FOUND_DIFFERENT_SHAPE
TOPSIN_ET_CapM1BRGM,COMPLEX_NONLINEAR,STRONG,True,,not_screened_by_v1,complex_nonmonotonic,INCONCLUSIVE,SPLINE_ONLY_NOT_SCREENED_BY_OTHER,SPLINE_ONLY
TOPSIN_ET_HIRS,COMPLEX_NONLINEAR,STRONG,False,,not_screened_by_v1,complex_nonmonotonic,INCONCLUSIVE,SPLINE_ONLY_NOT_SCREENED_BY_OTHER,SPLINE_ONLY
MEASURE_ET_DC_RF_Vboff_ON,SATURATION,STRONG,False,,not_screened_by_v1,complex_nonmonotonic,INCONCLUSIVE,SPLINE_ONLY_NOT_SCREENED_BY_OTHER,SPLINE_ONLY
SIN_GATE_ET_R514,THRESHOLD,STRONG,False,,not_screened_by_v1,complex_nonmonotonic,INCONCLUSIVE,SPLINE_ONLY_NOT_SCREENED_BY_OTHER,SPLINE_ONLY
TOPSIN_ET_Vdg_max,THRESHOLD,STRONG,False,,not_screened_by_v1,monotonic,MODERATE,SPLINE_ONLY_NOT_SCREENED_BY_OTHER,BOTH_FOUND_DIFFERENT_SHAPE
MEASURE_ET_DC_SEC_Ids_min_ON,THRESHOLD,STRONG,True,flat_no_clear_effect,INCONCLUSIVE,threshold,WEAK,SPLINE_ONLY,SPLINE_ONLY
MEASURE_ET_DC_SEC_S_Vp_1_mA_mm_second,THRESHOLD,STRONG,False,,not_screened_by_v1,complex_nonmonotonic,WEAK,SPLINE_ONLY_NOT_SCREENED_BY_OTHER,SPLINE_ONLY
SIN_ET_DC_RF_Vg_gm_max,COMPLEX_NONLINEAR,STRONG,True,,not_screened_by_v1,complex_nonmonotonic,STRONG,SPLINE_ONLY_NOT_SCREENED_BY_OTHER,BOTH_AGREE_SHAPE
MEASURE_ET_DC_SEC_X_Vg_at_I1_pos_SD3p5,SATURATION,STRONG,True,flat_no_clear_effect,INCONCLUSIVE,threshold,STRONG,SPLINE_ONLY,BOTH_AGREE_SHAPE
TOPSIN_ET_CapM1BRGM_0,COMPLEX_NONLINEAR,STRONG,True,,not_screened_by_v1,complex_nonmonotonic,INCONCLUSIVE,SPLINE_ONLY_NOT_SCREENED_BY_OTHER,SPLINE_ONLY
MEASURE_ET_Rc_TF_AB_2,INVERTED_U,STRONG,False,,not_screened_by_v1,complex_nonmonotonic,INCONCLUSIVE,SPLINE_ONLY_NOT_SCREENED_BY_OTHER,SPLINE_ONLY
FIC_ET_DC_RF_Vbgd1,COMPLEX_NONLINEAR,STRONG,True,,not_screened_by_v1,threshold,MODERATE,SPLINE_ONLY_NOT_SCREENED_BY_OTHER,BOTH_FOUND_DIFFERENT_SHAPE
TOPSIN_ET_Rc_f_hr_23,COMPLEX_NONLINEAR,STRONG,True,,not_screened_by_v1,complex_nonmonotonic,STRONG,SPLINE_ONLY_NOT_SCREENED_BY_OTHER,BOTH_AGREE_SHAPE
SIN_GATE_ET_Rc_OG144,COMPLEX_NONLINEAR,STRONG,True,,not_screened_by_v1,complex_nonmonotonic,STRONG,SPLINE_ONLY_NOT_SCREENED_BY_OTHER,BOTH_AGREE_SHAPE
THIN_ET_C_CAT_2,PROCESS_WINDOW,STRONG,False,,not_screened_by_v1,threshold,WEAK,SPLINE_ONLY_NOT_SCREENED_BY_OTHER,SPLINE_ONLY
MEASURE_ET_RF_Modeling_Vd_set,SATURATION,STRONG,False,,not_screened_by_v1,complex_nonmonotonic,INCONCLUSIVE,SPLINE_ONLY_NOT_SCREENED_BY_OTHER,SPLINE_ONLY
MEASURE_ET_DC_SEC_X_Ig_cut3_mAmm_pos_SD3p5,SATURATION,STRONG,False,,not_screened_by_v1,complex_nonmonotonic,INCONCLUSIVE,SPLINE_ONLY_NOT_SCREENED_BY_OTHER,SPLINE_ONLY
TOPSIN_ET_Cap_USV,SATURATION,STRONG,False,,not_screened_by_v1,monotonic,MODERATE,SPLINE_ONLY_NOT_SCREENED_BY_OTHER,BOTH_FOUND_DIFFERENT_SHAPE
FIC_ET_DC_RF_n_gs,U_SHAPED,STRONG,True,,not_screened_by_v1,U_shape,INCONCLUSIVE,SPLINE_ONLY_NOT_SCREENED_BY_OTHER,SPLINE_ONLY
TOPSIN_ET_OHMC,THRESHOLD,STRONG,False,,not_screened_by_v1,inverted_U,INCONCLUSIVE,SPLINE_ONLY_NOT_SCREENED_BY_OTHER,SPLINE_ONLY
MEASURE_ET_DC_SEC_X_Id_mA_mm_at_Vg3_SD3p5,U_SHAPED,STRONG,True,,not_screened_by_v1,complex_nonmonotonic,MODERATE,SPLINE_ONLY_NOT_SCREENED_BY_OTHER,BOTH_FOUND_DIFFERENT_SHAPE
MEASURE_ET_RF_Modeling_S11dB_10GHz,U_SHAPED,STRONG,True,,not_screened_by_v1,complex_nonmonotonic,INCONCLUSIVE,SPLINE_ONLY_NOT_SCREENED_BY_OTHER,SPLINE_ONLY
TOPSIN_ET_Load_Pull_IG_comp_Last_uA,THRESHOLD,STRONG,False,,not_screened_by_v1,monotonic,STRONG,SPLINE_ONLY_NOT_SCREENED_BY_OTHER,BOTH_FOUND_DIFFERENT_SHAPE
TOPSIN_ET_CapUSV_0,THRESHOLD,STRONG,True,flat_no_clear_effect,INCONCLUSIVE,inverted_U,WEAK,SPLINE_ONLY,SPLINE_ONLY
MEASURE_ET_sh_GA142,THRESHOLD,STRONG,True,,not_screened_by_v1,U_shape,INCONCLUSIVE,SPLINE_ONLY_NOT_SCREENED_BY_OTHER,SPLINE_ONLY
MEASURE_ET_DC_PIV_Idss_QP2,COMPLEX_NONLINEAR,STRONG,True,,not_screened_by_v1,threshold,MODERATE,SPLINE_ONLY_NOT_SCREENED_BY_OTHER,BOTH_FOUND_DIFFERENT_SHAPE
MEASURE_ET_DC_SEC_X_Vp_1_mA_mm_first,U_SHAPED,STRONG,True,,not_screened_by_v1,complex_nonmonotonic,STRONG,SPLINE_ONLY_NOT_SCREENED_BY_OTHER,BOTH_FOUND_DIFFERENT_SHAPE
CHRE_Ali_Litho_Channel_to_Ohmic_Alignment,INVERTED_U,STRONG,True,,not_screened_by_v1,complex_nonmonotonic,INCONCLUSIVE,SPLINE_ONLY_NOT_SCREENED_BY_OTHER,SPLINE_ONLY
MEASURE_ET_R_f_tn_1,COMPLEX_NONLINEAR,STRONG,False,flat_no_clear_effect,INCONCLUSIVE,complex_nonmonotonic,STRONG,SPLINE_ONLY,BOTH_AGREE_SHAPE
MEASURE_ET_LT_SEC_Id_min_mA_mm_Vd8,COMPLEX_NONLINEAR,STRONG,True,,not_screened_by_v1,complex_nonmonotonic,INCONCLUSIVE,SPLINE_ONLY_NOT_SCREENED_BY_OTHER,SPLINE_ONLY
MEASURE_ET_LT_SEC_Vg_Id_min_Vd3,SATURATION,STRONG,False,,not_screened_by_v1,monotonic,MODERATE,SPLINE_ONLY_NOT_SCREENED_BY_OTHER,BOTH_FOUND_DIFFERENT_SHAPE
MEASURE_ET_DC_Big_Vg_max_Vd_0p1mA,COMPLEX_NONLINEAR,STRONG,True,,not_screened_by_v1,complex_nonmonotonic,INCONCLUSIVE,SPLINE_ONLY_NOT_SCREENED_BY_OTHER,SPLINE_ONLY
TOPSIN_ET_C500pf_0,COMPLEX_NONLINEAR,STRONG,True,,not_screened_by_v1,complex_nonmonotonic,INCONCLUSIVE,SPLINE_ONLY_NOT_SCREENED_BY_OTHER,SPLINE_ONLY
FIC_ET_R_f_hr_1,COMPLEX_NONLINEAR,STRONG,True,,not_screened_by_v1,complex_nonmonotonic,INCONCLUSIVE,SPLINE_ONLY_NOT_SCREENED_BY_OTHER,SPLINE_ONLY
MEASURE_ET_DC_RF2_S11dB_26GHz,SATURATION,STRONG,True,flat_no_clear_effect,INCONCLUSIVE,complex_nonmonotonic,STRONG,SPLINE_ONLY,BOTH_FOUND_DIFFERENT_SHAPE
MEASURE_ET_DC_RF2_MAG_35GHz,THRESHOLD,STRONG,True,,not_screened_by_v1,complex_nonmonotonic,INCONCLUSIVE,SPLINE_ONLY_NOT_SCREENED_BY_OTHER,SPLINE_ONLY
MEASURE_ET_DC_RF_Imax_W,COMPLEX_NONLINEAR,STRONG,True,,not_screened_by_v1,complex_nonmonotonic,MODERATE,SPLINE_ONLY_NOT_SCREENED_BY_OTHER,BOTH_AGREE_SHAPE
ANODE_ET_Ran_con_1,SATURATION,STRONG,False,flat_no_clear_effect,INCONCLUSIVE,complex_nonmonotonic,STRONG,SPLINE_ONLY,BOTH_FOUND_DIFFERENT_SHAPE
MEASURE_ET_DC_Big_Gm_0,COMPLEX_NONLINEAR,STRONG,True,,not_screened_by_v1,complex_nonmonotonic,INCONCLUSIVE,SPLINE_ONLY_NOT_SCREENED_BY_OTHER,SPLINE_ONLY
MEASURE_ET_DC_PIV_Ids0_QP1,COMPLEX_NONLINEAR,STRONG,True,flat_no_clear_effect,INCONCLUSIVE,threshold,MODERATE,SPLINE_ONLY,BOTH_FOUND_DIFFERENT_SHAPE
MEASURE_ET_TFR_AB,SATURATION,STRONG,False,,not_screened_by_v1,monotonic,MODERATE,SPLINE_ONLY_NOT_SCREENED_BY_OTHER,BOTH_FOUND_DIFFERENT_SHAPE
MEASURE_ET_DC_SEC_X_Vg_at_I1_neg_SD3p5,U_SHAPED,STRONG,True,,not_screened_by_v1,U_shape,WEAK,SPLINE_ONLY_NOT_SCREENED_BY_OTHER,SPLINE_ONLY
MEASURE_ET_RF_Modeling_Gm_err,THRESHOLD,STRONG,False,,not_screened_by_v1,monotonic,MODERATE,SPLINE_ONLY_NOT_SCREENED_BY_OTHER,BOTH_FOUND_DIFFERENT_SHAPE
OHMIC_ET_Rsh_an_ct2,INVERTED_U,STRONG,True,threshold,STRONG,inverted_U,MODERATE,BOTH_FOUND_DIFFERENT_SHAPE,BOTH_AGREE_SHAPE
TOPSIN_ET_DC_PIV_Ids0_QP3,PROCESS_WINDOW,STRONG,True,,not_screened_by_v1,inverted_U,INCONCLUSIVE,SPLINE_ONLY_NOT_SCREENED_BY_OTHER,SPLINE_ONLY
MEASURE_ET_ABVIETCH,THRESHOLD,STRONG,True,nonlinear_complex,WEAK,monotonic,MODERATE,SPLINE_ONLY,BOTH_FOUND_DIFFERENT_SHAPE
MEASURE_ET_DC_Stress_Id_stress_after,SATURATION,STRONG,True,,not_screened_by_v1,threshold,MODERATE,SPLINE_ONLY_NOT_SCREENED_BY_OTHER,BOTH_AGREE_SHAPE
MEASURE_ET_DC_SEC_X_Vboff_Id_FPSD3p2,THRESHOLD,STRONG,True,,not_screened_by_v1,inverted_U,INCONCLUSIVE,SPLINE_ONLY_NOT_SCREENED_BY_OTHER,SPLINE_ONLY
TOPSIN_ET_DC_SMALL_Vbin_gd,THRESHOLD,STRONG,False,,not_screened_by_v1,monotonic,STRONG,SPLINE_ONLY_NOT_SCREENED_BY_OTHER,BOTH_FOUND_DIFFERENT_SHAPE
THIN_ET_DC_RF_Id_gm_max,COMPLEX_NONLINEAR,STRONG,True,,not_screened_by_v1,complex_nonmonotonic,STRONG,SPLINE_ONLY_NOT_SCREENED_BY_OTHER,BOTH_AGREE_SHAPE
MEASURE_ET_DC_SEC_X_Vp_0p7_mA_mm,THRESHOLD,STRONG,False,,not_screened_by_v1,complex_nonmonotonic,WEAK,SPLINE_ONLY_NOT_SCREENED_BY_OTHER,SPLINE_ONLY
THIN_ET_DC_RF_Vdg_max,SATURATION,STRONG,False,,not_screened_by_v1,threshold,MODERATE,SPLINE_ONLY_NOT_SCREENED_BY_OTHER,BOTH_AGREE_SHAPE
MEASURE_ET_DC_RF_CF_S11_Mag_L2180,U_SHAPED,STRONG,True,,not_screened_by_v1,U_shape,INCONCLUSIVE,SPLINE_ONLY_NOT_SCREENED_BY_OTHER,SPLINE_ONLY
TOPSIN_ET_DC_PIV_Gate_Lag_0,THRESHOLD,STRONG,False,,not_screened_by_v1,complex_nonmonotonic,INCONCLUSIVE,SPLINE_ONLY_NOT_SCREENED_BY_OTHER,SPLINE_ONLY
MEASURE_ET_DC_PIV_Drain_Lag_Idss,COMPLEX_NONLINEAR,STRONG,True,,not_screened_by_v1,U_shape,INCONCLUSIVE,SPLINE_ONLY_NOT_SCREENED_BY_OTHER,SPLINE_ONLY
MEASURE_ET_DC_SEC_X_Bin_FPSD3p2,SATURATION,STRONG,True,,not_screened_by_v1,U_shape,INCONCLUSIVE,SPLINE_ONLY_NOT_SCREENED_BY_OTHER,SPLINE_ONLY
MEASURE_ET_HIRS,COMPLEX_NONLINEAR,STRONG,True,flat_no_clear_effect,INCONCLUSIVE,complex_nonmonotonic,INCONCLUSIVE,SPLINE_ONLY,SPLINE_ONLY
MEASURE_ET_DC_SEC_X_Vg_at_I3_pos_FPSD3p2,U_SHAPED,STRONG,True,,not_screened_by_v1,U_shape,INCONCLUSIVE,SPLINE_ONLY_NOT_SCREENED_BY_OTHER,SPLINE_ONLY
MEASURE_ET_DC_RF_Min_S21_Mag_L1002,U_SHAPED,STRONG,True,,not_screened_by_v1,complex_nonmonotonic,INCONCLUSIVE,SPLINE_ONLY_NOT_SCREENED_BY_OTHER,SPLINE_ONLY
MEASURE_ET_R414,SATURATION,STRONG,True,flat_no_clear_effect,INCONCLUSIVE,complex_nonmonotonic,INCONCLUSIVE,SPLINE_ONLY,SPLINE_ONLY
THIN_ET_F_AB,U_SHAPED,STRONG,True,,not_screened_by_v1,monotonic,MODERATE,SPLINE_ONLY_NOT_SCREENED_BY_OTHER,BOTH_FOUND_DIFFERENT_SHAPE
MEASURE_ET_DC_RF_Min_S21_Ph_L1002,COMPLEX_NONLINEAR,STRONG,True,,not_screened_by_v1,complex_nonmonotonic,INCONCLUSIVE,SPLINE_ONLY_NOT_SCREENED_BY_OTHER,SPLINE_ONLY
FIC_ET_DC_PIV_Ids1_QP1,COMPLEX_NONLINEAR,STRONG,True,,not_screened_by_v1,threshold,MODERATE,SPLINE_ONLY_NOT_SCREENED_BY_OTHER,BOTH_FOUND_DIFFERENT_SHAPE
BRGM_ET_lkg_C300,COMPLEX_NONLINEAR,STRONG,True,,not_screened_by_v1,complex_nonmonotonic,WEAK,SPLINE_ONLY_NOT_SCREENED_BY_OTHER,SPLINE_ONLY
THIN_ET_Rc_f_hr_23,SATURATION,STRONG,True,,not_screened_by_v1,complex_nonmonotonic,INCONCLUSIVE,SPLINE_ONLY_NOT_SCREENED_BY_OTHER,SPLINE_ONLY
MEASURE_ET_DC_SMALL_Vds_max_0p1,SATURATION,STRONG,False,,not_screened_by_v1,U_shape,INCONCLUSIVE,SPLINE_ONLY_NOT_SCREENED_BY_OTHER,SPLINE_ONLY
THIN_ET_Cap_C300,COMPLEX_NONLINEAR,STRONG,True,,not_screened_by_v1,complex_nonmonotonic,INCONCLUSIVE,SPLINE_ONLY_NOT_SCREENED_BY_OTHER,SPLINE_ONLY
FP2_Height2_FP2_Height2,THRESHOLD,STRONG,True,,not_screened_by_v1,U_shape,INCONCLUSIVE,SPLINE_ONLY_NOT_SCREENED_BY_OTHER,SPLINE_ONLY
TOPSIN_ET_C100CapUSV,COMPLEX_NONLINEAR,STRONG,True,,not_screened_by_v1,complex_nonmonotonic,STRONG,SPLINE_ONLY_NOT_SCREENED_BY_OTHER,BOTH_AGREE_SHAPE
SIN_GATE_ET_RGAN1,COMPLEX_NONLINEAR,STRONG,True,,not_screened_by_v1,complex_nonmonotonic,INCONCLUSIVE,SPLINE_ONLY_NOT_SCREENED_BY_OTHER,SPLINE_ONLY
FIC_ET_DC_RF_Vds_max_0p1,THRESHOLD,STRONG,True,,not_screened_by_v1,complex_nonmonotonic,INCONCLUSIVE,SPLINE_ONLY_NOT_SCREENED_BY_OTHER,SPLINE_ONLY
FIC_ET_R114,COMPLEX_NONLINEAR,STRONG,True,,not_screened_by_v1,complex_nonmonotonic,WEAK,SPLINE_ONLY_NOT_SCREENED_BY_OTHER,SPLINE_ONLY
MEASURE_ET_DC_RF_CF_S22_Mag_L1002,COMPLEX_NONLINEAR,STRONG,False,,not_screened_by_v1,threshold,MODERATE,SPLINE_ONLY_NOT_SCREENED_BY_OTHER,BOTH_FOUND_DIFFERENT_SHAPE
THIN_ET_DC_RF_n_gd,THRESHOLD,STRONG,True,,not_screened_by_v1,threshold,STRONG,SPLINE_ONLY_NOT_SCREENED_BY_OTHER,BOTH_AGREE_SHAPE
MEASURE_ET_DC_SEC_X_Ids_max_norm_SD3p5,SATURATION,STRONG,False,,not_screened_by_v1,complex_nonmonotonic,WEAK,SPLINE_ONLY_NOT_SCREENED_BY_OTHER,SPLINE_ONLY
THIN_ET_C200,SATURATION,STRONG,True,,not_screened_by_v1,inverted_U,INCONCLUSIVE,SPLINE_ONLY_NOT_SCREENED_BY_OTHER,SPLINE_ONLY
MEASURE_ET_DC_SEC_S_Ig_mAmm_at_Vg_cond_neg_SD3p5,U_SHAPED,STRONG,True,,not_screened_by_v1,complex_nonmonotonic,INCONCLUSIVE,SPLINE_ONLY_NOT_SCREENED_BY_OTHER,SPLINE_ONLY
MEASURE_ET_DC_SEC_Vgs_back_1V,THRESHOLD,STRONG,True,,not_screened_by_v1,threshold,WEAK,SPLINE_ONLY_NOT_SCREENED_BY_OTHER,SPLINE_ONLY
MEASURE_ET_DC_SEC_S_Vg_at_I2_neg_SD3p5,U_SHAPED,STRONG,True,,not_screened_by_v1,complex_nonmonotonic,WEAK,SPLINE_ONLY_NOT_SCREENED_BY_OTHER,SPLINE_ONLY
MEASURE_ET_RF_Modeling_Id_gm_max_W,SATURATION,STRONG,False,,not_screened_by_v1,complex_nonmonotonic,MODERATE,SPLINE_ONLY_NOT_SCREENED_BY_OTHER,BOTH_FOUND_DIFFERENT_SHAPE
MEASURE_ET_DC_Diode_S11_dB_rev,SATURATION,STRONG,True,,not_screened_by_v1,complex_nonmonotonic,WEAK,SPLINE_ONLY_NOT_SCREENED_BY_OTHER,SPLINE_ONLY
MEASURE_ET_DC_SEC_S_Ids_max_FPSD3p2,THRESHOLD,STRONG,False,,not_screened_by_v1,monotonic,MODERATE,SPLINE_ONLY_NOT_SCREENED_BY_OTHER,BOTH_FOUND_DIFFERENT_SHAPE
TOPSIN_ET_DC_RF_Vt_gd,U_SHAPED,STRONG,False,flat_no_clear_effect,INCONCLUSIVE,monotonic,INCONCLUSIVE,SPLINE_ONLY,SPLINE_ONLY
MEASURE_ET_C100,THRESHOLD,STRONG,True,,not_screened_by_v1,complex_nonmonotonic,MODERATE,SPLINE_ONLY_NOT_SCREENED_BY_OTHER,BOTH_FOUND_DIFFERENT_SHAPE
OHMIC_ET_R314,THRESHOLD,STRONG,False,,not_screened_by_v1,threshold,MODERATE,SPLINE_ONLY_NOT_SCREENED_BY_OTHER,BOTH_AGREE_SHAPE
FIC_ET_Vp_1,PROCESS_WINDOW,STRONG,True,,not_screened_by_v1,complex_nonmonotonic,INCONCLUSIVE,SPLINE_ONLY_NOT_SCREENED_BY_OTHER,SPLINE_ONLY
THIN_ET_TFR_AB,SATURATION,STRONG,False,,not_screened_by_v1,monotonic,MODERATE,SPLINE_ONLY_NOT_SCREENED_BY_OTHER,BOTH_FOUND_DIFFERENT_SHAPE
MEASURE_ET_DC_RF_S11ang_10GHz,COMPLEX_NONLINEAR,STRONG,True,,not_screened_by_v1,threshold,MODERATE,SPLINE_ONLY_NOT_SCREENED_BY_OTHER,BOTH_FOUND_DIFFERENT_SHAPE
MEASURE_ET_RF_Modeling_Mag_d,COMPLEX_NONLINEAR,STRONG,True,flat_no_clear_effect,INCONCLUSIVE,U_shape,INCONCLUSIVE,SPLINE_ONLY,SPLINE_ONLY
TOPSIN_ET_Load_Pull_Vg,THRESHOLD,STRONG,False,,not_screened_by_v1,monotonic,MODERATE,SPLINE_ONLY_NOT_SCREENED_BY_OTHER,BOTH_FOUND_DIFFERENT_SHAPE
SIN_ET_DC_RF_Vbgs_0p01,U_SHAPED,STRONG,True,,not_screened_by_v1,complex_nonmonotonic,MODERATE,SPLINE_ONLY_NOT_SCREENED_BY_OTHER,BOTH_FOUND_DIFFERENT_SHAPE
WIN_WIN_Alignment_WIN_to_FIN_Alignment,SATURATION,STRONG,True,,not_screened_by_v1,complex_nonmonotonic,INCONCLUSIVE,SPLINE_ONLY_NOT_SCREENED_BY_OTHER,SPLINE_ONLY
MEASURE_ET_DC_SEC_X_Vboff_Id_plus_Ig_SD3p5,THRESHOLD,STRONG,False,,not_screened_by_v1,monotonic,MODERATE,SPLINE_ONLY_NOT_SCREENED_BY_OTHER,BOTH_FOUND_DIFFERENT_SHAPE
MEASURE_ET_DC_SEC_S_Ig_cut3_mAmm_pos,THRESHOLD,STRONG,False,,not_screened_by_v1,threshold,STRONG,SPLINE_ONLY_NOT_SCREENED_BY_OTHER,BOTH_AGREE_SHAPE
THIN_ET_Vbpin_D60,COMPLEX_NONLINEAR,STRONG,True,,not_screened_by_v1,complex_nonmonotonic,INCONCLUSIVE,SPLINE_ONLY_NOT_SCREENED_BY_OTHER,SPLINE_ONLY
MEASURE_ET_RF_Modeling_MAG_18,THRESHOLD,STRONG,False,,not_screened_by_v1,complex_nonmonotonic,WEAK,SPLINE_ONLY_NOT_SCREENED_BY_OTHER,SPLINE_ONLY
THIN_ET_Ran_con_3_OW_CR,THRESHOLD,STRONG,False,,not_screened_by_v1,threshold,MODERATE,SPLINE_ONLY_NOT_SCREENED_BY_OTHER,BOTH_AGREE_SHAPE
MEASURE_ET_DC_SEC_S_Ig_cut3_mAmm_pos_FPSD3p2,THRESHOLD,STRONG,True,,not_screened_by_v1,threshold,MODERATE,SPLINE_ONLY_NOT_SCREENED_BY_OTHER,BOTH_AGREE_SHAPE
FIN_FIN_Alignment_FIN_to_ohmic_alignment,THRESHOLD,STRONG,True,flat_no_clear_effect,INCONCLUSIVE,threshold,WEAK,SPLINE_ONLY,SPLINE_ONLY
MEASURE_ET_DC_SEC_S_Vboff_Id,THRESHOLD,STRONG,False,,not_screened_by_v1,complex_nonmonotonic,INCONCLUSIVE,SPLINE_ONLY_NOT_SCREENED_BY_OTHER,SPLINE_ONLY
SIN_ET_DC_RF_Gm_0,COMPLEX_NONLINEAR,STRONG,True,,not_screened_by_v1,complex_nonmonotonic,INCONCLUSIVE,SPLINE_ONLY_NOT_SCREENED_BY_OTHER,SPLINE_ONLY
SIN_ET_DC_RF_Gm_m0p2,THRESHOLD,STRONG,False,,not_screened_by_v1,complex_nonmonotonic,INCONCLUSIVE,SPLINE_ONLY_NOT_SCREENED_BY_OTHER,SPLINE_ONLY
MEASURE_ET_DC_Stress_Vd_stress,SATURATION,STRONG,False,,not_screened_by_v1,complex_nonmonotonic,STRONG,SPLINE_ONLY_NOT_SCREENED_BY_OTHER,BOTH_FOUND_DIFFERENT_SHAPE
SIN_ET_DC_RF_Vbgs1,THRESHOLD,STRONG,False,,not_screened_by_v1,threshold,WEAK,SPLINE_ONLY_NOT_SCREENED_BY_OTHER,SPLINE_ONLY
MEASURE_ET_DC_RF_K,SATURATION,STRONG,True,,not_screened_by_v1,complex_nonmonotonic,WEAK,SPLINE_ONLY_NOT_SCREENED_BY_OTHER,SPLINE_ONLY
MEASURE_ET_DC_SEC_S_Ids_max,SATURATION,STRONG,True,,not_screened_by_v1,complex_nonmonotonic,INCONCLUSIVE,SPLINE_ONLY_NOT_SCREENED_BY_OTHER,SPLINE_ONLY
MEASURE_ET_DC_Stress_Ig_max_after,COMPLEX_NONLINEAR,STRONG,True,,not_screened_by_v1,U_shape,INCONCLUSIVE,SPLINE_ONLY_NOT_SCREENED_BY_OTHER,SPLINE_ONLY
THIN_ET_Rcat_cn_3_OW_ST,PROCESS_WINDOW,STRONG,True,,not_screened_by_v1,complex_nonmonotonic,STRONG,SPLINE_ONLY_NOT_SCREENED_BY_OTHER,BOTH_FOUND_DIFFERENT_SHAPE
THIN_ET_Rcat_cn_2,THRESHOLD,STRONG,False,,not_screened_by_v1,complex_nonmonotonic,INCONCLUSIVE,SPLINE_ONLY_NOT_SCREENED_BY_OTHER,SPLINE_ONLY
FIC_ET_DC_RF_Idss,COMPLEX_NONLINEAR,STRONG,False,,not_screened_by_v1,complex_nonmonotonic,INCONCLUSIVE,SPLINE_ONLY_NOT_SCREENED_BY_OTHER,SPLINE_ONLY
MEASURE_ET_DC_SEC_S_Ig_cut2_mAmm_pos,THRESHOLD,STRONG,False,,not_screened_by_v1,monotonic,MODERATE,SPLINE_ONLY_NOT_SCREENED_BY_OTHER,BOTH_FOUND_DIFFERENT_SHAPE
MEASURE_ET_DC_SEC_X_Ron_SD3p5,THRESHOLD,STRONG,False,,not_screened_by_v1,complex_nonmonotonic,INCONCLUSIVE,SPLINE_ONLY_NOT_SCREENED_BY_OTHER,SPLINE_ONLY
MEASURE_ET_DC_RF2_S21ang_26GHz,THRESHOLD,STRONG,False,threshold,MODERATE,threshold,INCONCLUSIVE,BOTH_AGREE_SHAPE,SPLINE_ONLY
MEASURE_ET_DC_SEC_S_ChipStatus,SATURATION,STRONG,False,,not_screened_by_v1,complex_nonmonotonic,INCONCLUSIVE,SPLINE_ONLY_NOT_SCREENED_BY_OTHER,SPLINE_ONLY
MEASURE_ET_DC_RF_Max_S11_Ph_L1002,THRESHOLD,STRONG,True,,not_screened_by_v1,complex_nonmonotonic,INCONCLUSIVE,SPLINE_ONLY_NOT_SCREENED_BY_OTHER,SPLINE_ONLY
FIC_ET_DC_RF_Id_gm_max,COMPLEX_NONLINEAR,STRONG,True,,not_screened_by_v1,complex_nonmonotonic,INCONCLUSIVE,SPLINE_ONLY_NOT_SCREENED_BY_OTHER,SPLINE_ONLY
MEASURE_ET_DC_RF_Vdg_max_0p1,THRESHOLD,STRONG,True,,not_screened_by_v1,threshold,MODERATE,SPLINE_ONLY_NOT_SCREENED_BY_OTHER,BOTH_AGREE_SHAPE
FIC_ET_DC_RF_Vbgd_0p01,THRESHOLD,STRONG,False,,not_screened_by_v1,complex_nonmonotonic,INCONCLUSIVE,SPLINE_ONLY_NOT_SCREENED_BY_OTHER,SPLINE_ONLY
MEASURE_ET_LT_SEC_Ig_Id_min_mA_mm_Vd3,SATURATION,STRONG,False,,not_screened_by_v1,complex_nonmonotonic,INCONCLUSIVE,SPLINE_ONLY_NOT_SCREENED_BY_OTHER,SPLINE_ONLY
FIC_ET_DC_RF_Vboff,THRESHOLD,STRONG,False,,not_screened_by_v1,complex_nonmonotonic,INCONCLUSIVE,SPLINE_ONLY_NOT_SCREENED_BY_OTHER,SPLINE_ONLY
MEASURE_ET_DC_SEC_X_Ig_cut3_mAmm_pos_FPSD3p2,COMPLEX_NONLINEAR,STRONG,True,,not_screened_by_v1,complex_nonmonotonic,INCONCLUSIVE,SPLINE_ONLY_NOT_SCREENED_BY_OTHER,SPLINE_ONLY
MEASURE_ET_DC_RF_Max_S11_Mag_L1002,SATURATION,STRONG,False,,not_screened_by_v1,complex_nonmonotonic,INCONCLUSIVE,SPLINE_ONLY_NOT_SCREENED_BY_OTHER,SPLINE_ONLY
MEASURE_ET_Load_Pull_Freq,THRESHOLD,STRONG,False,,not_screened_by_v1,threshold,MODERATE,SPLINE_ONLY_NOT_SCREENED_BY_OTHER,BOTH_AGREE_SHAPE
MaskSetSupplyChipsCount,COMPLEX_NONLINEAR,STRONG,True,nonlinear_complex,MODERATE,complex_nonmonotonic,INCONCLUSIVE,BOTH_AGREE_SHAPE,SPLINE_ONLY
MEASURE_ET_Ran_con_2_OW_CR,THRESHOLD,STRONG,False,,not_screened_by_v1,complex_nonmonotonic,INCONCLUSIVE,SPLINE_ONLY_NOT_SCREENED_BY_OTHER,SPLINE_ONLY
THIN_ET_DC_RF_Vds_max,THRESHOLD,STRONG,False,,not_screened_by_v1,complex_nonmonotonic,INCONCLUSIVE,SPLINE_ONLY_NOT_SCREENED_BY_OTHER,SPLINE_ONLY
TOPSIN_ET_sh_GA144,THRESHOLD,STRONG,True,,not_screened_by_v1,threshold,MODERATE,SPLINE_ONLY_NOT_SCREENED_BY_OTHER,BOTH_AGREE_SHAPE
FIC_ET_Rc_f_tn_23,THRESHOLD,STRONG,False,,not_screened_by_v1,complex_nonmonotonic,INCONCLUSIVE,SPLINE_ONLY_NOT_SCREENED_BY_OTHER,SPLINE_ONLY
FMESA_ET_Vbkd,COMPLEX_NONLINEAR,STRONG,True,,not_screened_by_v1,complex_nonmonotonic,INCONCLUSIVE,SPLINE_ONLY_NOT_SCREENED_BY_OTHER,SPLINE_ONLY
FIC_ET_Vd_at_Id_cut_cond,THRESHOLD,STRONG,False,,not_screened_by_v1,threshold,MODERATE,SPLINE_ONLY_NOT_SCREENED_BY_OTHER,BOTH_AGREE_SHAPE
TOPSIN_ET_DC_SMALL_Gm_m0p2,COMPLEX_NONLINEAR,STRONG,True,,not_screened_by_v1,complex_nonmonotonic,INCONCLUSIVE,SPLINE_ONLY_NOT_SCREENED_BY_OTHER,SPLINE_ONLY
SIN_Thickness_SiN_Thickness,THRESHOLD,STRONG,True,,not_screened_by_v1,inverted_U,INCONCLUSIVE,SPLINE_ONLY_NOT_SCREENED_BY_OTHER,SPLINE_ONLY
MEASURE_ET_RF_Modeling_Delta_MAG_19G,THRESHOLD,STRONG,True,,not_screened_by_v1,monotonic,MODERATE,SPLINE_ONLY_NOT_SCREENED_BY_OTHER,BOTH_FOUND_DIFFERENT_SHAPE
MEASURE_ET_DC_RF_S12ang_26GHz_W,SATURATION,STRONG,True,,not_screened_by_v1,complex_nonmonotonic,INCONCLUSIVE,SPLINE_ONLY_NOT_SCREENED_BY_OTHER,SPLINE_ONLY
MEASURE_ET_DC_SEC_Vds_min_ON,U_SHAPED,STRONG,True,,not_screened_by_v1,complex_nonmonotonic,INCONCLUSIVE,SPLINE_ONLY_NOT_SCREENED_BY_OTHER,SPLINE_ONLY
TOPSIN_ET_DC_RF_Id_gm_max,COMPLEX_NONLINEAR,STRONG,True,,not_screened_by_v1,complex_nonmonotonic,WEAK,SPLINE_ONLY_NOT_SCREENED_BY_OTHER,SPLINE_ONLY
MEASURE_ET_DC_SEC_S_Ron_FPSD3p2,THRESHOLD,STRONG,False,,not_screened_by_v1,complex_nonmonotonic,INCONCLUSIVE,SPLINE_ONLY_NOT_SCREENED_BY_OTHER,SPLINE_ONLY
TOPSIN_ET_Gm_m2,SATURATION,STRONG,False,,not_screened_by_v1,complex_nonmonotonic,WEAK,SPLINE_ONLY_NOT_SCREENED_BY_OTHER,SPLINE_ONLY
MEASURE_ET_DC_RF_CF_S21_Ph_L2180,THRESHOLD,STRONG,False,,not_screened_by_v1,complex_nonmonotonic,INCONCLUSIVE,SPLINE_ONLY_NOT_SCREENED_BY_OTHER,SPLINE_ONLY
MEASURE_ET_DC_RF_Vds_max_0p1,SATURATION,STRONG,False,,not_screened_by_v1,complex_nonmonotonic,MODERATE,SPLINE_ONLY_NOT_SCREENED_BY_OTHER,BOTH_FOUND_DIFFERENT_SHAPE
TOPSIN_ET_DC_SMALL_Vds_max_0p1,COMPLEX_NONLINEAR,STRONG,True,,not_screened_by_v1,complex_nonmonotonic,INCONCLUSIVE,SPLINE_ONLY_NOT_SCREENED_BY_OTHER,SPLINE_ONLY
MEASURE_ET_RF_Modeling_Ft,COMPLEX_NONLINEAR,STRONG,True,flat_no_clear_effect,INCONCLUSIVE,complex_nonmonotonic,INCONCLUSIVE,SPLINE_ONLY,SPLINE_ONLY
MEASURE_ET_R314,SATURATION,STRONG,False,,not_screened_by_v1,monotonic,MODERATE,SPLINE_ONLY_NOT_SCREENED_BY_OTHER,BOTH_FOUND_DIFFERENT_SHAPE
MEASURE_ET_DC_RF_Min_S21_Mag_L2180,SATURATION,STRONG,False,,not_screened_by_v1,complex_nonmonotonic,INCONCLUSIVE,SPLINE_ONLY_NOT_SCREENED_BY_OTHER,SPLINE_ONLY
TOPSIN_ET_C450pf_0,THRESHOLD,STRONG,True,,not_screened_by_v1,threshold,STRONG,SPLINE_ONLY_NOT_SCREENED_BY_OTHER,BOTH_AGREE_SHAPE
MEASURE_ET_Rsh_TF_AB2,SATURATION,STRONG,True,,not_screened_by_v1,complex_nonmonotonic,INCONCLUSIVE,SPLINE_ONLY_NOT_SCREENED_BY_OTHER,SPLINE_ONLY
MEASURE_ET_Load_Pull_ID_comp_Last_mA,U_SHAPED,STRONG,False,,not_screened_by_v1,complex_nonmonotonic,STRONG,SPLINE_ONLY_NOT_SCREENED_BY_OTHER,BOTH_FOUND_DIFFERENT_SHAPE
MEASURE_ET_RGAN1,THRESHOLD,STRONG,False,flat_no_clear_effect,INCONCLUSIVE,complex_nonmonotonic,INCONCLUSIVE,SPLINE_ONLY,SPLINE_ONLY
MEASURE_ET_DC_Stress_Vg_gm_max_after,COMPLEX_NONLINEAR,STRONG,True,,not_screened_by_v1,complex_nonmonotonic,MODERATE,SPLINE_ONLY_NOT_SCREENED_BY_OTHER,BOTH_AGREE_SHAPE
MEASURE_ET_DC_SEC_S_Ig_cut1_mAmm_neg_FPSD3p2,COMPLEX_NONLINEAR,STRONG,True,,not_screened_by_v1,complex_nonmonotonic,STRONG,SPLINE_ONLY_NOT_SCREENED_BY_OTHER,BOTH_AGREE_SHAPE
MEASURE_ET_LT_SEC_Id_min_mA_mm_Vd7,THRESHOLD,STRONG,False,,not_screened_by_v1,complex_nonmonotonic,INCONCLUSIVE,SPLINE_ONLY_NOT_SCREENED_BY_OTHER,SPLINE_ONLY
TOPSIN_ET_Rc_OG144,SATURATION,STRONG,True,,not_screened_by_v1,complex_nonmonotonic,WEAK,SPLINE_ONLY_NOT_SCREENED_BY_OTHER,SPLINE_ONLY
MEASURE_ET_RF_Modeling_Rgd_err,THRESHOLD,STRONG,False,,not_screened_by_v1,monotonic,MODERATE,SPLINE_ONLY_NOT_SCREENED_BY_OTHER,BOTH_FOUND_DIFFERENT_SHAPE
MEASURE_ET_I_5,THRESHOLD,STRONG,True,,not_screened_by_v1,U_shape,INCONCLUSIVE,SPLINE_ONLY_NOT_SCREENED_BY_OTHER,SPLINE_ONLY
MEASURE_ET_DC_SEC_X_Vg_at_I3_pos,U_SHAPED,STRONG,True,flat_no_clear_effect,INCONCLUSIVE,complex_nonmonotonic,INCONCLUSIVE,SPLINE_ONLY,SPLINE_ONLY
MEASURE_ET_DC_SEC_X_Vg_at_I3_neg_SD3p5,COMPLEX_NONLINEAR,STRONG,True,,not_screened_by_v1,complex_nonmonotonic,WEAK,SPLINE_ONLY_NOT_SCREENED_BY_OTHER,SPLINE_ONLY
MEASURE_ET_C300FM1_0,THRESHOLD,STRONG,True,,not_screened_by_v1,complex_nonmonotonic,INCONCLUSIVE,SPLINE_ONLY_NOT_SCREENED_BY_OTHER,SPLINE_ONLY
THIN_ET_R_4000_HOR,SATURATION,STRONG,True,flat_no_clear_effect,INCONCLUSIVE,threshold,WEAK,SPLINE_ONLY,SPLINE_ONLY
SIN_ET_DC_RF_Vg_optt1,THRESHOLD,STRONG,False,,not_screened_by_v1,monotonic,MODERATE,SPLINE_ONLY_NOT_SCREENED_BY_OTHER,BOTH_FOUND_DIFFERENT_SHAPE
TOPSIN_ET_TR_1F,THRESHOLD,STRONG,False,,not_screened_by_v1,complex_nonmonotonic,INCONCLUSIVE,SPLINE_ONLY_NOT_SCREENED_BY_OTHER,SPLINE_ONLY
TOPSIN_ET_DC_SMALL_Vt_gs,COMPLEX_NONLINEAR,STRONG,False,flat_no_clear_effect,INCONCLUSIVE,inverted_U,WEAK,SPLINE_ONLY,SPLINE_ONLY
GATE2_Thickness4_PMMA_PR_etch_thickness,THRESHOLD,STRONG,False,,not_screened_by_v1,monotonic,WEAK,SPLINE_ONLY_NOT_SCREENED_BY_OTHER,SPLINE_ONLY
MEASURE_ET_DC_SEC_S_Ron,SATURATION,STRONG,True,,not_screened_by_v1,complex_nonmonotonic,INCONCLUSIVE,SPLINE_ONLY_NOT_SCREENED_BY_OTHER,SPLINE_ONLY
MEASURE_ET_DC_RF_Id_Vbon_min,THRESHOLD,STRONG,True,,not_screened_by_v1,complex_nonmonotonic,INCONCLUSIVE,SPLINE_ONLY_NOT_SCREENED_BY_OTHER,SPLINE_ONLY
MEASURE_ET_DC_Stress_Vp_after,SATURATION,STRONG,False,,not_screened_by_v1,complex_nonmonotonic,MODERATE,SPLINE_ONLY_NOT_SCREENED_BY_OTHER,BOTH_FOUND_DIFFERENT_SHAPE
MEASURE_ET_DC_RF_CF_S21_Mag_L1018,THRESHOLD,STRONG,True,flat_no_clear_effect,INCONCLUSIVE,threshold,STRONG,SPLINE_ONLY,BOTH_AGREE_SHAPE
THIN_ET_DC_RF_Vg_optt2,THRESHOLD,STRONG,True,,not_screened_by_v1,threshold,STRONG,SPLINE_ONLY_NOT_SCREENED_BY_OTHER,BOTH_AGREE_SHAPE
MEASURE_ET_RF_Modeling_L_Gd,SATURATION,STRONG,False,,not_screened_by_v1,monotonic,MODERATE,SPLINE_ONLY_NOT_SCREENED_BY_OTHER,BOTH_FOUND_DIFFERENT_SHAPE
MEASURE_ET_DC_RF_Gm_0,COMPLEX_NONLINEAR,STRONG,True,,not_screened_by_v1,complex_nonmonotonic,INCONCLUSIVE,SPLINE_ONLY_NOT_SCREENED_BY_OTHER,SPLINE_ONLY
FIC_ET_DC_RF_Vds_max,COMPLEX_NONLINEAR,STRONG,True,,not_screened_by_v1,complex_nonmonotonic,INCONCLUSIVE,SPLINE_ONLY_NOT_SCREENED_BY_OTHER,SPLINE_ONLY
MEASURE_ET_DC_RF_S22ang_26GHz,SATURATION,STRONG,False,,not_screened_by_v1,complex_nonmonotonic,INCONCLUSIVE,SPLINE_ONLY_NOT_SCREENED_BY_OTHER,SPLINE_ONLY
THIN_ET_R_400_HOR,THRESHOLD,STRONG,False,,not_screened_by_v1,threshold,MODERATE,SPLINE_ONLY_NOT_SCREENED_BY_OTHER,BOTH_AGREE_SHAPE
MEASURE_ET_DC_SEC_X_Id_at_Vboff_mA_mm_SD3p5,COMPLEX_NONLINEAR,STRONG,True,flat_no_clear_effect,INCONCLUSIVE,complex_nonmonotonic,INCONCLUSIVE,SPLINE_ONLY,SPLINE_ONLY
TOPSIN_ET_R314,THRESHOLD,STRONG,True,,not_screened_by_v1,inverted_U,INCONCLUSIVE,SPLINE_ONLY_NOT_SCREENED_BY_OTHER,SPLINE_ONLY
SIN_GATE_ET_R314,SATURATION,STRONG,False,,not_screened_by_v1,threshold,MODERATE,SPLINE_ONLY_NOT_SCREENED_BY_OTHER,BOTH_AGREE_SHAPE
MEASURE_ET_DC_SEC_S_Bin_FPSD3p2,SATURATION,STRONG,False,,not_screened_by_v1,monotonic,MODERATE,SPLINE_ONLY_NOT_SCREENED_BY_OTHER,BOTH_FOUND_DIFFERENT_SHAPE
MEASURE_ET_R_660_HOR,COMPLEX_NONLINEAR,STRONG,True,,not_screened_by_v1,threshold,STRONG,SPLINE_ONLY_NOT_SCREENED_BY_OTHER,BOTH_FOUND_DIFFERENT_SHAPE
MEASURE_ET_Rc_F_AB_2,THRESHOLD,STRONG,True,,not_screened_by_v1,complex_nonmonotonic,INCONCLUSIVE,SPLINE_ONLY_NOT_SCREENED_BY_OTHER,SPLINE_ONLY
MEASURE_ET_LT_SEC_Vg_Id_min,THRESHOLD,STRONG,True,,not_screened_by_v1,complex_nonmonotonic,STRONG,SPLINE_ONLY_NOT_SCREENED_BY_OTHER,BOTH_FOUND_DIFFERENT_SHAPE
OHMIC_ET_Ran_con_2,U_SHAPED,STRONG,False,,not_screened_by_v1,complex_nonmonotonic,INCONCLUSIVE,SPLINE_ONLY_NOT_SCREENED_BY_OTHER,SPLINE_ONLY
MEASURE_ET_DC_RF_Vboff,COMPLEX_NONLINEAR,STRONG,True,flat_no_clear_effect,INCONCLUSIVE,complex_nonmonotonic,INCONCLUSIVE,SPLINE_ONLY,SPLINE_ONLY
MEASURE_ET_DC_SEC_Ids_m0p2,THRESHOLD,STRONG,False,,not_screened_by_v1,complex_nonmonotonic,INCONCLUSIVE,SPLINE_ONLY_NOT_SCREENED_BY_OTHER,SPLINE_ONLY
MEASURE_ET_DC_SEC_X_Ig_mAmm_at_Vg_cond_pos_SD3p5,THRESHOLD,STRONG,False,,not_screened_by_v1,complex_nonmonotonic,WEAK,SPLINE_ONLY_NOT_SCREENED_BY_OTHER,SPLINE_ONLY
MEASURE_ET_RF_Modeling_MAG_19G_Before,SATURATION,STRONG,False,,not_screened_by_v1,monotonic,WEAK,SPLINE_ONLY_NOT_SCREENED_BY_OTHER,SPLINE_ONLY
MEASURE_ET_DC_RF_CF_S22_Mag_L1018,THRESHOLD,STRONG,True,,not_screened_by_v1,complex_nonmonotonic,INCONCLUSIVE,SPLINE_ONLY_NOT_SCREENED_BY_OTHER,SPLINE_ONLY
MEASURE_ET_DC_SEC_S_Vp_1_mA_mm_first_SD3p5,SATURATION,STRONG,False,,not_screened_by_v1,complex_nonmonotonic,MODERATE,SPLINE_ONLY_NOT_SCREENED_BY_OTHER,BOTH_FOUND_DIFFERENT_SHAPE
MEASURE_ET_DC_Diode_S21_dB_rev,INVERTED_U,STRONG,False,,not_screened_by_v1,threshold,MODERATE,SPLINE_ONLY_NOT_SCREENED_BY_OTHER,BOTH_FOUND_DIFFERENT_SHAPE
MEASURE_ET_i5021_1,THRESHOLD,STRONG,False,,not_screened_by_v1,complex_nonmonotonic,WEAK,SPLINE_ONLY_NOT_SCREENED_BY_OTHER,SPLINE_ONLY
MEASURE_ET_RF_Modeling_S12dB_10GHz,SATURATION,STRONG,True,,not_screened_by_v1,threshold,STRONG,SPLINE_ONLY_NOT_SCREENED_BY_OTHER,BOTH_AGREE_SHAPE
MESA_ET_Vbkd,THRESHOLD,STRONG,True,,not_screened_by_v1,threshold,MODERATE,SPLINE_ONLY_NOT_SCREENED_BY_OTHER,BOTH_AGREE_SHAPE
FIC_ET_DC_RF_Vt_gs,THRESHOLD,STRONG,False,,not_screened_by_v1,U_shape,INCONCLUSIVE,SPLINE_ONLY_NOT_SCREENED_BY_OTHER,SPLINE_ONLY
MEASURE_ET_DC_SEC_S_Ig_mAmm_at_Vg_cond_neg_FPSD3p2,SATURATION,STRONG,False,,not_screened_by_v1,U_shape,WEAK,SPLINE_ONLY_NOT_SCREENED_BY_OTHER,SPLINE_ONLY
ANODE_ET_C_AN_2,U_SHAPED,STRONG,True,,not_screened_by_v1,U_shape,INCONCLUSIVE,SPLINE_ONLY_NOT_SCREENED_BY_OTHER,SPLINE_ONLY
MEASURE_ET_i5021_3,THRESHOLD,STRONG,True,,not_screened_by_v1,complex_nonmonotonic,INCONCLUSIVE,SPLINE_ONLY_NOT_SCREENED_BY_OTHER,SPLINE_ONLY
MEASURE_ET_DC_RD_Vbon_min,THRESHOLD,STRONG,False,,not_screened_by_v1,complex_nonmonotonic,WEAK,SPLINE_ONLY_NOT_SCREENED_BY_OTHER,SPLINE_ONLY
MEASURE_ET_DC_SEC_Vgs_0p1V,SATURATION,STRONG,False,flat_no_clear_effect,INCONCLUSIVE,threshold,STRONG,SPLINE_ONLY,BOTH_AGREE_SHAPE
MEASURE_ET_DC_RD_S22ang_18GHz,SATURATION,STRONG,False,,not_screened_by_v1,complex_nonmonotonic,INCONCLUSIVE,SPLINE_ONLY_NOT_SCREENED_BY_OTHER,SPLINE_ONLY
THIN_ET_R_f_hr_1,SATURATION,STRONG,False,,not_screened_by_v1,threshold,STRONG,SPLINE_ONLY_NOT_SCREENED_BY_OTHER,BOTH_AGREE_SHAPE
SIN_ET_TR_1F,SATURATION,STRONG,True,,not_screened_by_v1,threshold,MODERATE,SPLINE_ONLY_NOT_SCREENED_BY_OTHER,BOTH_AGREE_SHAPE
TOPSIN_ET_R_f_tn_1,THRESHOLD,STRONG,False,,not_screened_by_v1,threshold,STRONG,SPLINE_ONLY_NOT_SCREENED_BY_OTHER,BOTH_AGREE_SHAPE
TOPSIN_ET_Load_Pull_Freq,THRESHOLD,STRONG,True,,not_screened_by_v1,threshold,STRONG,SPLINE_ONLY_NOT_SCREENED_BY_OTHER,BOTH_AGREE_SHAPE
MEASURE_ET_DC_RF2_MAG_26GHz,U_SHAPED,STRONG,False,nonlinear_complex,WEAK,U_shape,INCONCLUSIVE,SPLINE_ONLY,SPLINE_ONLY
THIN_ET_Ran_con_2,SATURATION,STRONG,True,,not_screened_by_v1,complex_nonmonotonic,STRONG,SPLINE_ONLY_NOT_SCREENED_BY_OTHER,BOTH_FOUND_DIFFERENT_SHAPE
MEASURE_ET_C_CAT_2,COMPLEX_NONLINEAR,STRONG,True,flat_no_clear_effect,INCONCLUSIVE,complex_nonmonotonic,INCONCLUSIVE,SPLINE_ONLY,SPLINE_ONLY
MEASURE_ET_DC_SEC_X_Ig_cut2_mAmm_neg_SD3p5,SATURATION,STRONG,True,,not_screened_by_v1,threshold,STRONG,SPLINE_ONLY_NOT_SCREENED_BY_OTHER,BOTH_AGREE_SHAPE
SIN_ET_DC_RF_Vdg_max_0p1,THRESHOLD,STRONG,False,,not_screened_by_v1,threshold,MODERATE,SPLINE_ONLY_NOT_SCREENED_BY_OTHER,BOTH_AGREE_SHAPE
MEASURE_ET_Vbpin_D60,THRESHOLD,STRONG,True,,not_screened_by_v1,complex_nonmonotonic,INCONCLUSIVE,SPLINE_ONLY_NOT_SCREENED_BY_OTHER,SPLINE_ONLY
MEASURE_ET_Rsh_F_AB_2,COMPLEX_NONLINEAR,STRONG,True,,not_screened_by_v1,threshold,STRONG,SPLINE_ONLY_NOT_SCREENED_BY_OTHER,BOTH_FOUND_DIFFERENT_SHAPE
MEASURE_ET_RF_Modeling_ids_m0p2_W,SATURATION,STRONG,True,,not_screened_by_v1,threshold,WEAK,SPLINE_ONLY_NOT_SCREENED_BY_OTHER,SPLINE_ONLY
FIC_ET_GT_lin25,THRESHOLD,STRONG,False,,not_screened_by_v1,monotonic,MODERATE,SPLINE_ONLY_NOT_SCREENED_BY_OTHER,BOTH_FOUND_DIFFERENT_SHAPE
MEASURE_ET_Rc_OG144,COMPLEX_NONLINEAR,STRONG,True,,not_screened_by_v1,complex_nonmonotonic,INCONCLUSIVE,SPLINE_ONLY_NOT_SCREENED_BY_OTHER,SPLINE_ONLY
MEASURE_ET_DC_SEC_S_Ig_cut3_mAmm_pos_SD3p5,THRESHOLD,STRONG,True,,not_screened_by_v1,U_shape,INCONCLUSIVE,SPLINE_ONLY_NOT_SCREENED_BY_OTHER,SPLINE_ONLY
MEASURE_ET_Vk,SATURATION,STRONG,False,,not_screened_by_v1,complex_nonmonotonic,WEAK,SPLINE_ONLY_NOT_SCREENED_BY_OTHER,SPLINE_ONLY
TOPSIN_ET_DC_RF_Vg_optt,THRESHOLD,STRONG,False,,not_screened_by_v1,threshold,STRONG,SPLINE_ONLY_NOT_SCREENED_BY_OTHER,BOTH_AGREE_SHAPE
MEASURE_ET_DC_PIV_Ids1_QP2,THRESHOLD,STRONG,False,,not_screened_by_v1,monotonic,MODERATE,SPLINE_ONLY_NOT_SCREENED_BY_OTHER,BOTH_FOUND_DIFFERENT_SHAPE
MEASURE_ET_Load_Pull_IG_comp_Last_uA,THRESHOLD,STRONG,False,,not_screened_by_v1,threshold,WEAK,SPLINE_ONLY_NOT_SCREENED_BY_OTHER,SPLINE_ONLY
MEASURE_ET_DC_SEC_X_Id_plus_Ig_at_Vboff_mA_mm,SATURATION,STRONG,False,,not_screened_by_v1,complex_nonmonotonic,INCONCLUSIVE,SPLINE_ONLY_NOT_SCREENED_BY_OTHER,SPLINE_ONLY
FIC_ET_DC_RF_Ids_m0p2,SATURATION,STRONG,False,,not_screened_by_v1,complex_nonmonotonic,MODERATE,SPLINE_ONLY_NOT_SCREENED_BY_OTHER,BOTH_FOUND_DIFFERENT_SHAPE
MEASURE_ET_Cap_C300M1B,THRESHOLD,STRONG,False,,not_screened_by_v1,complex_nonmonotonic,INCONCLUSIVE,SPLINE_ONLY_NOT_SCREENED_BY_OTHER,SPLINE_ONLY
MEASURE_ET_DC_SEC_X_Ig_cut1_mAmm_neg_SD3p5,U_SHAPED,STRONG,False,,not_screened_by_v1,U_shape,INCONCLUSIVE,SPLINE_ONLY_NOT_SCREENED_BY_OTHER,SPLINE_ONLY
MEASURE_ET_DC_RF_Vg_optt,SATURATION,STRONG,False,,not_screened_by_v1,complex_nonmonotonic,INCONCLUSIVE,SPLINE_ONLY_NOT_SCREENED_BY_OTHER,SPLINE_ONLY
MEASURE_ET_RF_Modeling_Cgd,THRESHOLD,STRONG,True,,not_screened_by_v1,monotonic,MODERATE,SPLINE_ONLY_NOT_SCREENED_BY_OTHER,BOTH_FOUND_DIFFERENT_SHAPE
TOPSIN_ET_sh_GA142_GN,INVERTED_U,STRONG,True,,not_screened_by_v1,complex_nonmonotonic,INCONCLUSIVE,SPLINE_ONLY_NOT_SCREENED_BY_OTHER,SPLINE_ONLY
MEASURE_ET_DC_RF_S11dB_26GHz,SATURATION,STRONG,False,flat_no_clear_effect,INCONCLUSIVE,complex_nonmonotonic,INCONCLUSIVE,SPLINE_ONLY,SPLINE_ONLY
MEASURE_ET_DC_SMALL_Vt_gd,THRESHOLD,STRONG,False,,not_screened_by_v1,complex_nonmonotonic,INCONCLUSIVE,SPLINE_ONLY_NOT_SCREENED_BY_OTHER,SPLINE_ONLY
TOPSIN_ET_DC_SMALL_Gm_max,THRESHOLD,STRONG,False,,not_screened_by_v1,threshold,STRONG,SPLINE_ONLY_NOT_SCREENED_BY_OTHER,BOTH_AGREE_SHAPE
TOPSIN_ET_C175pf,COMPLEX_NONLINEAR,STRONG,True,flat_no_clear_effect,INCONCLUSIVE,U_shape,INCONCLUSIVE,SPLINE_ONLY,SPLINE_ONLY
MEASURE_ET_DC_SEC_S_Ig_cut3_mAmm_neg_SD3p5,THRESHOLD,STRONG,True,,not_screened_by_v1,U_shape,INCONCLUSIVE,SPLINE_ONLY_NOT_SCREENED_BY_OTHER,SPLINE_ONLY
TOPSIN_ET_R514,PROCESS_WINDOW,STRONG,True,,not_screened_by_v1,complex_nonmonotonic,STRONG,SPLINE_ONLY_NOT_SCREENED_BY_OTHER,BOTH_FOUND_DIFFERENT_SHAPE
MEASURE_ET_TF_AB_2,THRESHOLD,STRONG,False,,not_screened_by_v1,complex_nonmonotonic,MODERATE,SPLINE_ONLY_NOT_SCREENED_BY_OTHER,BOTH_FOUND_DIFFERENT_SHAPE
FIC_ET_Rc_OG142,SATURATION,STRONG,False,,not_screened_by_v1,threshold,INCONCLUSIVE,SPLINE_ONLY_NOT_SCREENED_BY_OTHER,SPLINE_ONLY
MEASURE_ET_DC_SEC_X_Ids_max_norm,THRESHOLD,STRONG,False,,not_screened_by_v1,threshold,WEAK,SPLINE_ONLY_NOT_SCREENED_BY_OTHER,SPLINE_ONLY
THIN_ET_DC_RF_Vg_max_Vd_0p1mA,U_SHAPED,STRONG,False,,not_screened_by_v1,threshold,STRONG,SPLINE_ONLY_NOT_SCREENED_BY_OTHER,BOTH_FOUND_DIFFERENT_SHAPE
MEASURE_ET_DC_RF_Id_gm_max_W,SATURATION,STRONG,False,,not_screened_by_v1,complex_nonmonotonic,INCONCLUSIVE,SPLINE_ONLY_NOT_SCREENED_BY_OTHER,SPLINE_ONLY
EBCR2_Ali_Litho_Gate_to_ohmic_alignment,COMPLEX_NONLINEAR,STRONG,True,,not_screened_by_v1,threshold,STRONG,SPLINE_ONLY_NOT_SCREENED_BY_OTHER,BOTH_FOUND_DIFFERENT_SHAPE
MEASURE_ET_DC_SEC_Vboff_1,PROCESS_WINDOW,STRONG,False,,not_screened_by_v1,complex_nonmonotonic,INCONCLUSIVE,SPLINE_ONLY_NOT_SCREENED_BY_OTHER,SPLINE_ONLY
TFRP_M_Gauge_P_E_Resistors,COMPLEX_NONLINEAR,STRONG,False,,not_screened_by_v1,complex_nonmonotonic,WEAK,SPLINE_ONLY_NOT_SCREENED_BY_OTHER,SPLINE_ONLY
FIC_Height_FIC_metal_thickness,SATURATION,STRONG,False,,not_screened_by_v1,threshold,STRONG,SPLINE_ONLY_NOT_SCREENED_BY_OTHER,BOTH_AGREE_SHAPE
MEASURE_ET_DC_SEC_X_Vp_1_mA_mm_first_SD3p5,THRESHOLD,STRONG,False,,not_screened_by_v1,complex_nonmonotonic,INCONCLUSIVE,SPLINE_ONLY_NOT_SCREENED_BY_OTHER,SPLINE_ONLY
MEASURE_ET_DC_Diode_Rs_9p5,COMPLEX_NONLINEAR,STRONG,True,flat_no_clear_effect,INCONCLUSIVE,complex_nonmonotonic,WEAK,SPLINE_ONLY,SPLINE_ONLY
THIN_ET_TANR,THRESHOLD,STRONG,False,,not_screened_by_v1,threshold,MODERATE,SPLINE_ONLY_NOT_SCREENED_BY_OTHER,BOTH_AGREE_SHAPE
MEASURE_ET_DC_SEC_X_Id_at_Vboff_mA_mm_FPSD3p2,THRESHOLD,STRONG,False,,not_screened_by_v1,monotonic,MODERATE,SPLINE_ONLY_NOT_SCREENED_BY_OTHER,BOTH_FOUND_DIFFERENT_SHAPE
MEASURE_ET_DC_SMALL_Gm_m0p2,SATURATION,STRONG,True,,not_screened_by_v1,complex_nonmonotonic,WEAK,SPLINE_ONLY_NOT_SCREENED_BY_OTHER,SPLINE_ONLY
THIN_ET_Ran_con_1_OW_CR,SATURATION,STRONG,False,,not_screened_by_v1,complex_nonmonotonic,INCONCLUSIVE,SPLINE_ONLY_NOT_SCREENED_BY_OTHER,SPLINE_ONLY
MEASURE_ET_DC_RF_CF_S12_Ph_L1018,THRESHOLD,STRONG,False,,not_screened_by_v1,complex_nonmonotonic,INCONCLUSIVE,SPLINE_ONLY_NOT_SCREENED_BY_OTHER,SPLINE_ONLY
MEASURE_ET_DC_Big_Vg_max_Vd,SATURATION,STRONG,False,,not_screened_by_v1,complex_nonmonotonic,WEAK,SPLINE_ONLY_NOT_SCREENED_BY_OTHER,SPLINE_ONLY
FIC_ET_R_f_hr_3,THRESHOLD,STRONG,False,,not_screened_by_v1,monotonic,MODERATE,SPLINE_ONLY_NOT_SCREENED_BY_OTHER,BOTH_FOUND_DIFFERENT_SHAPE
THIN_ET_R314,THRESHOLD,STRONG,True,,not_screened_by_v1,complex_nonmonotonic,INCONCLUSIVE,SPLINE_ONLY_NOT_SCREENED_BY_OTHER,SPLINE_ONLY
TOPSIN_ET_Vp_1,SATURATION,STRONG,False,,not_screened_by_v1,complex_nonmonotonic,INCONCLUSIVE,SPLINE_ONLY_NOT_SCREENED_BY_OTHER,SPLINE_ONLY
MEASURE_ET_RF_Modeling_Mag_i,SATURATION,STRONG,False,,not_screened_by_v1,complex_nonmonotonic,INCONCLUSIVE,SPLINE_ONLY_NOT_SCREENED_BY_OTHER,SPLINE_ONLY
MEASURE_ET_DC_RF_S11dB_26GHz_W,THRESHOLD,STRONG,True,,not_screened_by_v1,complex_nonmonotonic,INCONCLUSIVE,SPLINE_ONLY_NOT_SCREENED_BY_OTHER,SPLINE_ONLY
TOPSIN_ET_DC_SMALL_n_gd,U_SHAPED,STRONG,True,,not_screened_by_v1,U_shape,INCONCLUSIVE,SPLINE_ONLY_NOT_SCREENED_BY_OTHER,SPLINE_ONLY
MEASURE_ET_DC_SEC_S_Ig_cut2_mAmm_neg,THRESHOLD,STRONG,False,,not_screened_by_v1,U_shape,INCONCLUSIVE,SPLINE_ONLY_NOT_SCREENED_BY_OTHER,SPLINE_ONLY
MEASURE_ET_DC_RF_Vg_Vbon_max,PROCESS_WINDOW,STRONG,False,,not_screened_by_v1,threshold,STRONG,SPLINE_ONLY_NOT_SCREENED_BY_OTHER,BOTH_FOUND_DIFFERENT_SHAPE
MEASURE_ET_LT_SEC_ChipStatus,COMPLEX_NONLINEAR,STRONG,True,,not_screened_by_v1,threshold,STRONG,SPLINE_ONLY_NOT_SCREENED_BY_OTHER,BOTH_FOUND_DIFFERENT_SHAPE
SIN_ET_Probe_Number,COMPLEX_NONLINEAR,STRONG,True,,not_screened_by_v1,complex_nonmonotonic,STRONG,SPLINE_ONLY_NOT_SCREENED_BY_OTHER,BOTH_AGREE_SHAPE
MEASURE_ET_DC_RF_Vt_gs,COMPLEX_NONLINEAR,STRONG,True,,not_screened_by_v1,complex_nonmonotonic,WEAK,SPLINE_ONLY_NOT_SCREENED_BY_OTHER,SPLINE_ONLY
FIC_ET_DC_RF_Vg_optt1,THRESHOLD,STRONG,False,,not_screened_by_v1,complex_nonmonotonic,INCONCLUSIVE,SPLINE_ONLY_NOT_SCREENED_BY_OTHER,SPLINE_ONLY
ANODE_ET_Probe_Number,THRESHOLD,STRONG,True,flat_no_clear_effect,INCONCLUSIVE,threshold,STRONG,SPLINE_ONLY,BOTH_AGREE_SHAPE
MEASURE_ET_DC_RF_Freq_cut_L2180,THRESHOLD,STRONG,False,,not_screened_by_v1,threshold,MODERATE,SPLINE_ONLY_NOT_SCREENED_BY_OTHER,BOTH_AGREE_SHAPE
MEASURE_ET_DC_SEC_X_Vg_at_I1_pos_FPSD3p2,INVERTED_U,STRONG,True,,not_screened_by_v1,threshold,INCONCLUSIVE,SPLINE_ONLY_NOT_SCREENED_BY_OTHER,SPLINE_ONLY
TOPSIN_ET_Load_Pull_Pin_Last,THRESHOLD,STRONG,True,,not_screened_by_v1,monotonic,INCONCLUSIVE,SPLINE_ONLY_NOT_SCREENED_BY_OTHER,SPLINE_ONLY
SIN_ET_DC_RF_Vp_1,THRESHOLD,STRONG,False,flat_no_clear_effect,INCONCLUSIVE,complex_nonmonotonic,MODERATE,SPLINE_ONLY,BOTH_FOUND_DIFFERENT_SHAPE
SIN_GATE_ET_OHMIC_conc,THRESHOLD,STRONG,False,,not_screened_by_v1,threshold,MODERATE,SPLINE_ONLY_NOT_SCREENED_BY_OTHER,BOTH_AGREE_SHAPE
MEASURE_ET_DC_SEC_X_Vp_1_mA_mm,SATURATION,STRONG,False,,not_screened_by_v1,complex_nonmonotonic,WEAK,SPLINE_ONLY_NOT_SCREENED_BY_OTHER,SPLINE_ONLY
MEASURE_ET_Load_Pull_Pout_W_mm_last,THRESHOLD,STRONG,False,flat_no_clear_effect,INCONCLUSIVE,U_shape,INCONCLUSIVE,SPLINE_ONLY,SPLINE_ONLY
MEASURE_ET_DC_SEC_X_Ig_cut2_mAmm_neg_FPSD3p2,U_SHAPED,STRONG,True,,not_screened_by_v1,threshold,MODERATE,SPLINE_ONLY_NOT_SCREENED_BY_OTHER,BOTH_FOUND_DIFFERENT_SHAPE
SIN_GATE_ET_R214,SATURATION,STRONG,False,,not_screened_by_v1,threshold,MODERATE,SPLINE_ONLY_NOT_SCREENED_BY_OTHER,BOTH_AGREE_SHAPE
MEASURE_ET_DC_RD_S21dB_18GHz,THRESHOLD,STRONG,True,,not_screened_by_v1,complex_nonmonotonic,INCONCLUSIVE,SPLINE_ONLY_NOT_SCREENED_BY_OTHER,SPLINE_ONLY
MEASURE_ET_DC_SEC_X_Id_at_Vboff_mA_mm,THRESHOLD,STRONG,False,,not_screened_by_v1,threshold,MODERATE,SPLINE_ONLY_NOT_SCREENED_BY_OTHER,BOTH_AGREE_SHAPE
MEASURE_ET_DC_SEC_S_Vg_at_I3_pos_FPSD3p2,THRESHOLD,STRONG,False,,not_screened_by_v1,threshold,WEAK,SPLINE_ONLY_NOT_SCREENED_BY_OTHER,SPLINE_ONLY
FIC_ET_sh_f_hr_23,THRESHOLD,STRONG,True,,not_screened_by_v1,U_shape,INCONCLUSIVE,SPLINE_ONLY_NOT_SCREENED_BY_OTHER,SPLINE_ONLY
MEASURE_ET_DC_SEC_X_Vg_at_I2_pos_SD3p5,SATURATION,STRONG,False,,not_screened_by_v1,complex_nonmonotonic,INCONCLUSIVE,SPLINE_ONLY_NOT_SCREENED_BY_OTHER,SPLINE_ONLY
TOPSIN_ET_KLV_F_M1_4u,SATURATION,STRONG,False,,not_screened_by_v1,threshold,MODERATE,SPLINE_ONLY_NOT_SCREENED_BY_OTHER,BOTH_AGREE_SHAPE
MEASURE_ET_Load_Pull_Id_ord,SATURATION,STRONG,False,,not_screened_by_v1,complex_nonmonotonic,INCONCLUSIVE,SPLINE_ONLY_NOT_SCREENED_BY_OTHER,SPLINE_ONLY
MEASURE_ET_Rsh_cat_c2,U_SHAPED,STRONG,False,,not_screened_by_v1,complex_nonmonotonic,INCONCLUSIVE,SPLINE_ONLY_NOT_SCREENED_BY_OTHER,SPLINE_ONLY
THIN_ET_Ran_con_1,THRESHOLD,STRONG,False,,not_screened_by_v1,threshold,STRONG,SPLINE_ONLY_NOT_SCREENED_BY_OTHER,BOTH_AGREE_SHAPE
THIN_ET_DC_RF_Vbgs_0p01,THRESHOLD,STRONG,False,flat_no_clear_effect,INCONCLUSIVE,complex_nonmonotonic,INCONCLUSIVE,SPLINE_ONLY,SPLINE_ONLY
TFRP_ET_TFRP,THRESHOLD,STRONG,False,,not_screened_by_v1,threshold,MODERATE,SPLINE_ONLY_NOT_SCREENED_BY_OTHER,BOTH_AGREE_SHAPE
MEASURE_ET_RF_Modeling_Fmax,SATURATION,STRONG,True,flat_no_clear_effect,INCONCLUSIVE,complex_nonmonotonic,WEAK,SPLINE_ONLY,SPLINE_ONLY
MEASURE_ET_DC_SEC_X_Ids_max_SD3p5,PROCESS_WINDOW,STRONG,False,,not_screened_by_v1,inverted_U,INCONCLUSIVE,SPLINE_ONLY_NOT_SCREENED_BY_OTHER,SPLINE_ONLY
MEASURE_ET_RF_Modeling_R_Gd,SATURATION,STRONG,False,,not_screened_by_v1,complex_nonmonotonic,INCONCLUSIVE,SPLINE_ONLY_NOT_SCREENED_BY_OTHER,SPLINE_ONLY
BMETAL1_Height_Metal1_metal_thickness,THRESHOLD,STRONG,False,,not_screened_by_v1,complex_nonmonotonic,INCONCLUSIVE,SPLINE_ONLY_NOT_SCREENED_BY_OTHER,SPLINE_ONLY
FIC_ET_DC_RF_Vt_gd,THRESHOLD,STRONG,True,,not_screened_by_v1,threshold,STRONG,SPLINE_ONLY_NOT_SCREENED_BY_OTHER,BOTH_AGREE_SHAPE
TOPSIN_ET_RGAN3,THRESHOLD,STRONG,False,,not_screened_by_v1,complex_nonmonotonic,INCONCLUSIVE,SPLINE_ONLY_NOT_SCREENED_BY_OTHER,SPLINE_ONLY
MEASURE_ET_DC_Big_Vds_max,THRESHOLD,STRONG,False,,not_screened_by_v1,threshold,STRONG,SPLINE_ONLY_NOT_SCREENED_BY_OTHER,BOTH_AGREE_SHAPE
TFRP_ET_Rc_TF_AB_2,THRESHOLD,STRONG,True,flat_no_clear_effect,INCONCLUSIVE,threshold,STRONG,SPLINE_ONLY,BOTH_AGREE_SHAPE
MEASURE_ET_DC_SEC_Vg_max_ON,THRESHOLD,STRONG,False,,not_screened_by_v1,threshold,MODERATE,SPLINE_ONLY_NOT_SCREENED_BY_OTHER,BOTH_AGREE_SHAPE
MEASURE_ET_Gate_res,THRESHOLD,STRONG,False,,not_screened_by_v1,U_shape,INCONCLUSIVE,SPLINE_ONLY_NOT_SCREENED_BY_OTHER,SPLINE_ONLY
MEASURE_ET_DC_RF_CF_S22_Ph_L2180,SATURATION,STRONG,False,,not_screened_by_v1,threshold,MODERATE,SPLINE_ONLY_NOT_SCREENED_BY_OTHER,BOTH_AGREE_SHAPE
THIN_ET_R_f_hr_3,THRESHOLD,STRONG,False,,not_screened_by_v1,threshold,MODERATE,SPLINE_ONLY_NOT_SCREENED_BY_OTHER,BOTH_AGREE_SHAPE
TOPSIN_ET_R_f_hr_1,THRESHOLD,STRONG,False,,not_screened_by_v1,U_shape,INCONCLUSIVE,SPLINE_ONLY_NOT_SCREENED_BY_OTHER,SPLINE_ONLY
THIN_ET_R_660_VER,THRESHOLD,STRONG,False,,not_screened_by_v1,complex_nonmonotonic,INCONCLUSIVE,SPLINE_ONLY_NOT_SCREENED_BY_OTHER,SPLINE_ONLY
MEASURE_ET_RF_Modeling_Vd_stress,THRESHOLD,STRONG,False,,not_screened_by_v1,monotonic,MODERATE,SPLINE_ONLY_NOT_SCREENED_BY_OTHER,BOTH_FOUND_DIFFERENT_SHAPE
MEASURE_ET_DC_RF_n_gs,THRESHOLD,STRONG,False,,not_screened_by_v1,monotonic,WEAK,SPLINE_ONLY_NOT_SCREENED_BY_OTHER,SPLINE_ONLY
MEASURE_ET_DC_SEC_S_Ig_cut1_mAmm_neg_SD3p5,U_SHAPED,STRONG,False,,not_screened_by_v1,complex_nonmonotonic,INCONCLUSIVE,SPLINE_ONLY_NOT_SCREENED_BY_OTHER,SPLINE_ONLY
MEASURE_ET_DC_SEC_X_Ig_cut1_mAmm_pos_SD3p5,THRESHOLD,STRONG,False,,not_screened_by_v1,complex_nonmonotonic,INCONCLUSIVE,SPLINE_ONLY_NOT_SCREENED_BY_OTHER,SPLINE_ONLY
MEASURE_ET_RF_Modeling_Lg,U_SHAPED,STRONG,True,,not_screened_by_v1,threshold,STRONG,SPLINE_ONLY_NOT_SCREENED_BY_OTHER,BOTH_FOUND_DIFFERENT_SHAPE
METAL1_Height_Metal1_metal_thickness,SATURATION,STRONG,False,,not_screened_by_v1,complex_nonmonotonic,INCONCLUSIVE,SPLINE_ONLY_NOT_SCREENED_BY_OTHER,SPLINE_ONLY
THIN_ET_Probe_Number,THRESHOLD,STRONG,False,,not_screened_by_v1,U_shape,INCONCLUSIVE,SPLINE_ONLY_NOT_SCREENED_BY_OTHER,SPLINE_ONLY
MEASURE_ET_DC_SEC_Vg_min_ON,THRESHOLD,STRONG,False,,not_screened_by_v1,threshold,STRONG,SPLINE_ONLY_NOT_SCREENED_BY_OTHER,BOTH_AGREE_SHAPE
MEASURE_ET_DC_RF_S21dB_10GHz,THRESHOLD,STRONG,False,,not_screened_by_v1,U_shape,INCONCLUSIVE,SPLINE_ONLY_NOT_SCREENED_BY_OTHER,SPLINE_ONLY
THIN_ET_sh_f_tn_23,SATURATION,STRONG,False,,not_screened_by_v1,complex_nonmonotonic,INCONCLUSIVE,SPLINE_ONLY_NOT_SCREENED_BY_OTHER,SPLINE_ONLY
MEASURE_ET_RF_Modeling_S21_19G_Before,THRESHOLD,STRONG,False,,not_screened_by_v1,complex_nonmonotonic,WEAK,SPLINE_ONLY_NOT_SCREENED_BY_OTHER,SPLINE_ONLY
MEASURE_ET_C500pf,COMPLEX_NONLINEAR,STRONG,False,,not_screened_by_v1,complex_nonmonotonic,INCONCLUSIVE,SPLINE_ONLY_NOT_SCREENED_BY_OTHER,SPLINE_ONLY
MEASURE_ET_TF_AB_3,THRESHOLD,STRONG,False,,not_screened_by_v1,complex_nonmonotonic,INCONCLUSIVE,SPLINE_ONLY_NOT_SCREENED_BY_OTHER,SPLINE_ONLY
SIN_ET_DC_RF_Vboff,THRESHOLD,STRONG,False,,not_screened_by_v1,complex_nonmonotonic,INCONCLUSIVE,SPLINE_ONLY_NOT_SCREENED_BY_OTHER,SPLINE_ONLY
FIC_ET_G_per_6K,SATURATION,STRONG,False,,not_screened_by_v1,complex_nonmonotonic,INCONCLUSIVE,SPLINE_ONLY_NOT_SCREENED_BY_OTHER,SPLINE_ONLY
MEASURE_ET_DC_SMALL_Vp_1,THRESHOLD,STRONG,True,,not_screened_by_v1,complex_nonmonotonic,INCONCLUSIVE,SPLINE_ONLY_NOT_SCREENED_BY_OTHER,SPLINE_ONLY
SIN_GATE_ET_TR_1F,THRESHOLD,STRONG,False,,not_screened_by_v1,complex_nonmonotonic,INCONCLUSIVE,SPLINE_ONLY_NOT_SCREENED_BY_OTHER,SPLINE_ONLY
MEASURE_ET_DC_SEC_S_Ig_cut1_mAmm_neg,THRESHOLD,STRONG,False,,not_screened_by_v1,complex_nonmonotonic,INCONCLUSIVE,SPLINE_ONLY_NOT_SCREENED_BY_OTHER,SPLINE_ONLY
SIN_ET_DC_RF_Vdg_max_0p1mA,THRESHOLD,STRONG,False,,not_screened_by_v1,threshold,MODERATE,SPLINE_ONLY_NOT_SCREENED_BY_OTHER,BOTH_AGREE_SHAPE
MEASURE_ET_RF_Modeling_S11ang_10GHz,COMPLEX_NONLINEAR,STRONG,False,,not_screened_by_v1,complex_nonmonotonic,INCONCLUSIVE,SPLINE_ONLY_NOT_SCREENED_BY_OTHER,SPLINE_ONLY
MEASURE_ET_DC_SEC_S_Id_mA_mm_at_Vg1,THRESHOLD,STRONG,False,,not_screened_by_v1,threshold,STRONG,SPLINE_ONLY_NOT_SCREENED_BY_OTHER,BOTH_AGREE_SHAPE
FIN_CD2_CD_etch_FIN,SATURATION,STRONG,False,,not_screened_by_v1,complex_nonmonotonic,INCONCLUSIVE,SPLINE_ONLY_NOT_SCREENED_BY_OTHER,SPLINE_ONLY
MEASURE_ET_Ran_con_3_OW_CR,SATURATION,STRONG,False,,not_screened_by_v1,complex_nonmonotonic,INCONCLUSIVE,SPLINE_ONLY_NOT_SCREENED_BY_OTHER,SPLINE_ONLY
THIN_ET_R214,THRESHOLD,STRONG,False,,not_screened_by_v1,threshold,WEAK,SPLINE_ONLY_NOT_SCREENED_BY_OTHER,SPLINE_ONLY
MEASURE_ET_lkg_C20,THRESHOLD,MODERATE,True,,not_screened_by_v1,monotonic,MODERATE,SPLINE_ONLY_NOT_SCREENED_BY_OTHER,BOTH_FOUND_DIFFERENT_SHAPE
MEASURE_ET_lkg_SY8_80,COMPLEX_NONLINEAR,MODERATE,True,,not_screened_by_v1,complex_nonmonotonic,INCONCLUSIVE,SPLINE_ONLY_NOT_SCREENED_BY_OTHER,SPLINE_ONLY
THIN_ET_lkg_100_at20V,MONOTONIC_NEGATIVE,MODERATE,True,threshold,INCONCLUSIVE,inverted_U,INCONCLUSIVE,SPLINE_ONLY,SPLINE_ONLY
THIN_ET_lkg_C200,SATURATION,MODERATE,True,,not_screened_by_v1,complex_nonmonotonic,INCONCLUSIVE,SPLINE_ONLY_NOT_SCREENED_BY_OTHER,SPLINE_ONLY
THIN_ET_DC_RF_Vbgd_0p1,SATURATION,MODERATE,True,,not_screened_by_v1,complex_nonmonotonic,INCONCLUSIVE,SPLINE_ONLY_NOT_SCREENED_BY_OTHER,SPLINE_ONLY
TOPSIN_ET_DC_PIV_Drain_Lag_0,INVERTED_U,MODERATE,True,threshold,STRONG,complex_nonmonotonic,WEAK,BOTH_FOUND_DIFFERENT_SHAPE,SPLINE_ONLY
MEASURE_ET_DC_SEC_X_Ids_max_FPSD3p2,THRESHOLD,MODERATE,True,,not_screened_by_v1,threshold,STRONG,SPLINE_ONLY_NOT_SCREENED_BY_OTHER,BOTH_AGREE_SHAPE
MEASURE_ET_DC_SMALL_Vbgs1,SATURATION,MODERATE,False,,not_screened_by_v1,threshold,MODERATE,SPLINE_ONLY_NOT_SCREENED_BY_OTHER,BOTH_AGREE_SHAPE
MEASURE_ET_DC_SMALL_Vbin_gd,THRESHOLD,MODERATE,True,,not_screened_by_v1,complex_nonmonotonic,INCONCLUSIVE,SPLINE_ONLY_NOT_SCREENED_BY_OTHER,SPLINE_ONLY
MEASURE_ET_DC_SMALL_Vbgs_0p1,SATURATION,MODERATE,False,,not_screened_by_v1,complex_nonmonotonic,INCONCLUSIVE,SPLINE_ONLY_NOT_SCREENED_BY_OTHER,SPLINE_ONLY
THIN_ET_C20_0,PROCESS_WINDOW,MODERATE,True,,not_screened_by_v1,complex_nonmonotonic,INCONCLUSIVE,SPLINE_ONLY_NOT_SCREENED_BY_OTHER,SPLINE_ONLY
TOPSIN_ET_C100C175pf,PROCESS_WINDOW,MODERATE,False,,not_screened_by_v1,complex_nonmonotonic,INCONCLUSIVE,SPLINE_ONLY_NOT_SCREENED_BY_OTHER,SPLINE_ONLY
MEASURE_ET_DC_Big_Vg_optt2,U_SHAPED,MODERATE,True,threshold,INCONCLUSIVE,complex_nonmonotonic,INCONCLUSIVE,SPLINE_ONLY,SPLINE_ONLY
TOPSIN_ET_Cap3pf,COMPLEX_NONLINEAR,MODERATE,True,threshold,WEAK,complex_nonmonotonic,INCONCLUSIVE,SPLINE_ONLY,SPLINE_ONLY
FIC_ET_C200S1,PROCESS_WINDOW,MODERATE,True,,not_screened_by_v1,complex_nonmonotonic,MODERATE,SPLINE_ONLY_NOT_SCREENED_BY_OTHER,BOTH_FOUND_DIFFERENT_SHAPE
MEASURE_ET_DC_SEC_X_Ig_mAmm_at_Vg_cond_neg,MONOTONIC_POSITIVE,MODERATE,False,flat_no_clear_effect,INCONCLUSIVE,monotonic,MODERATE,SPLINE_ONLY,BOTH_AGREE_SHAPE
CATHODE_ET_Rcat_cn_1_OW_ST,PROCESS_WINDOW,MODERATE,True,,not_screened_by_v1,complex_nonmonotonic,INCONCLUSIVE,SPLINE_ONLY_NOT_SCREENED_BY_OTHER,SPLINE_ONLY
MEASURE_ET_DC_SEC_S_Ids_max_norm,COMPLEX_NONLINEAR,MODERATE,True,,not_screened_by_v1,threshold,WEAK,SPLINE_ONLY_NOT_SCREENED_BY_OTHER,SPLINE_ONLY
TOPSIN_ET_DC_RF_Vbin_gd,SATURATION,MODERATE,True,,not_screened_by_v1,complex_nonmonotonic,INCONCLUSIVE,SPLINE_ONLY_NOT_SCREENED_BY_OTHER,SPLINE_ONLY
MEASURE_ET_DC_RF_Vbgd1,MONOTONIC_POSITIVE,MODERATE,False,,not_screened_by_v1,complex_nonmonotonic,INCONCLUSIVE,SPLINE_ONLY_NOT_SCREENED_BY_OTHER,SPLINE_ONLY
MEASURE_ET_C300M1B,COMPLEX_NONLINEAR,MODERATE,True,,not_screened_by_v1,complex_nonmonotonic,INCONCLUSIVE,SPLINE_ONLY_NOT_SCREENED_BY_OTHER,SPLINE_ONLY
MEASURE_ET_lkg_CapFICM1,U_SHAPED,MODERATE,True,,not_screened_by_v1,inverted_U,INCONCLUSIVE,SPLINE_ONLY_NOT_SCREENED_BY_OTHER,SPLINE_ONLY
MEASURE_ET_DC_PIV_Gate_Lag_Idss,THRESHOLD,MODERATE,True,,not_screened_by_v1,complex_nonmonotonic,INCONCLUSIVE,SPLINE_ONLY_NOT_SCREENED_BY_OTHER,SPLINE_ONLY
FIC_ET_G_per_25,SATURATION,MODERATE,False,U_shaped_process_window,MODERATE,monotonic,MODERATE,BOTH_FOUND_DIFFERENT_SHAPE,BOTH_FOUND_DIFFERENT_SHAPE
MEASURE_ET_DC_RF_Vbgd_0p1,COMPLEX_NONLINEAR,MODERATE,True,,not_screened_by_v1,threshold,STRONG,SPLINE_ONLY_NOT_SCREENED_BY_OTHER,BOTH_FOUND_DIFFERENT_SHAPE
FIC_ET_DC_RF_Vbgd_0p1,SATURATION,MODERATE,False,,not_screened_by_v1,monotonic,WEAK,SPLINE_ONLY_NOT_SCREENED_BY_OTHER,SPLINE_ONLY
CATHODE_ET_Probe_Number,COMPLEX_NONLINEAR,MODERATE,True,,not_screened_by_v1,complex_nonmonotonic,INCONCLUSIVE,SPLINE_ONLY_NOT_SCREENED_BY_OTHER,SPLINE_ONLY
MEASURE_ET_DC_Stress_Idss_after,COMPLEX_NONLINEAR,MODERATE,True,,not_screened_by_v1,complex_nonmonotonic,MODERATE,SPLINE_ONLY_NOT_SCREENED_BY_OTHER,BOTH_AGREE_SHAPE
MEASURE_ET_DC_PIV_Drain_Lag_1,THRESHOLD,MODERATE,True,,not_screened_by_v1,complex_nonmonotonic,INCONCLUSIVE,SPLINE_ONLY_NOT_SCREENED_BY_OTHER,SPLINE_ONLY
CATHODE_ET_Rc_cat_ct2,THRESHOLD,MODERATE,False,,not_screened_by_v1,complex_nonmonotonic,STRONG,SPLINE_ONLY_NOT_SCREENED_BY_OTHER,BOTH_FOUND_DIFFERENT_SHAPE
TOPSIN_ET_DC_RF_Vbgs_0p01,SATURATION,MODERATE,True,,not_screened_by_v1,threshold,MODERATE,SPLINE_ONLY_NOT_SCREENED_BY_OTHER,BOTH_AGREE_SHAPE
THIN_ET_DC_RF_Vds_max_0p1mA,SATURATION,MODERATE,False,,not_screened_by_v1,complex_nonmonotonic,WEAK,SPLINE_ONLY_NOT_SCREENED_BY_OTHER,SPLINE_ONLY
MEASURE_ET_RF_Modeling_Gm_max_W,COMPLEX_NONLINEAR,MODERATE,True,,not_screened_by_v1,complex_nonmonotonic,INCONCLUSIVE,SPLINE_ONLY_NOT_SCREENED_BY_OTHER,SPLINE_ONLY
TOPSIN_ET_lkg_C450pf,U_SHAPED,MODERATE,True,,not_screened_by_v1,threshold,WEAK,SPLINE_ONLY_NOT_SCREENED_BY_OTHER,SPLINE_ONLY
TOPSIN_ET_Gm_max,COMPLEX_NONLINEAR,MODERATE,True,,not_screened_by_v1,complex_nonmonotonic,WEAK,SPLINE_ONLY_NOT_SCREENED_BY_OTHER,SPLINE_ONLY
CATHODE_ET_Rcat_cn_3_OW_ST,SATURATION,MODERATE,True,,not_screened_by_v1,complex_nonmonotonic,WEAK,SPLINE_ONLY_NOT_SCREENED_BY_OTHER,SPLINE_ONLY
MEASURE_ET_DC_RF_CF_S22_Mag_L2180,PROCESS_WINDOW,MODERATE,False,,not_screened_by_v1,complex_nonmonotonic,INCONCLUSIVE,SPLINE_ONLY_NOT_SCREENED_BY_OTHER,SPLINE_ONLY
MEASURE_ET_C385pf_0,SATURATION,MODERATE,False,,not_screened_by_v1,monotonic,MODERATE,SPLINE_ONLY_NOT_SCREENED_BY_OTHER,BOTH_FOUND_DIFFERENT_SHAPE
TOPSIN_ET_Rc_OG142_GN,SATURATION,MODERATE,True,,not_screened_by_v1,complex_nonmonotonic,INCONCLUSIVE,SPLINE_ONLY_NOT_SCREENED_BY_OTHER,SPLINE_ONLY
OHMIC_ET_sh_GA142,SATURATION,MODERATE,False,,not_screened_by_v1,monotonic,MODERATE,SPLINE_ONLY_NOT_SCREENED_BY_OTHER,BOTH_FOUND_DIFFERENT_SHAPE
THIN_ET_C100,PROCESS_WINDOW,MODERATE,False,,not_screened_by_v1,complex_nonmonotonic,INCONCLUSIVE,SPLINE_ONLY_NOT_SCREENED_BY_OTHER,SPLINE_ONLY
MEASURE_ET_Cap_C300FM1,COMPLEX_NONLINEAR,MODERATE,True,,not_screened_by_v1,complex_nonmonotonic,INCONCLUSIVE,SPLINE_ONLY_NOT_SCREENED_BY_OTHER,SPLINE_ONLY
MEASURE_ET_DC_Big_S12dB_10GHz,COMPLEX_NONLINEAR,MODERATE,True,threshold,MODERATE,inverted_U,WEAK,BOTH_FOUND_DIFFERENT_SHAPE,SPLINE_ONLY
MEASURE_ET_DC_RF2_S11ang_26GHz,COMPLEX_NONLINEAR,MODERATE,True,,not_screened_by_v1,complex_nonmonotonic,WEAK,SPLINE_ONLY_NOT_SCREENED_BY_OTHER,SPLINE_ONLY
BRGM_ET_F_AB,COMPLEX_NONLINEAR,MODERATE,True,,not_screened_by_v1,complex_nonmonotonic,MODERATE,SPLINE_ONLY_NOT_SCREENED_BY_OTHER,BOTH_AGREE_SHAPE
MEASURE_ET_C300pf_0,THRESHOLD,MODERATE,True,,not_screened_by_v1,complex_nonmonotonic,INCONCLUSIVE,SPLINE_ONLY_NOT_SCREENED_BY_OTHER,SPLINE_ONLY
BRGM_ET_C200_0,U_SHAPED,MODERATE,True,,not_screened_by_v1,complex_nonmonotonic,WEAK,SPLINE_ONLY_NOT_SCREENED_BY_OTHER,SPLINE_ONLY
TOPSIN_ET_DC_SMALL_Vbgd_0p1,SATURATION,MODERATE,True,flat_no_clear_effect,INCONCLUSIVE,complex_nonmonotonic,WEAK,SPLINE_ONLY,SPLINE_ONLY
MEASURE_ET_KLV_F_AB_4u,SATURATION,MODERATE,True,,not_screened_by_v1,monotonic,MODERATE,SPLINE_ONLY_NOT_SCREENED_BY_OTHER,BOTH_FOUND_DIFFERENT_SHAPE
MEASURE_ET_Load_Pull_GL_set,COMPLEX_NONLINEAR,MODERATE,True,flat_no_clear_effect,INCONCLUSIVE,complex_nonmonotonic,INCONCLUSIVE,SPLINE_ONLY,SPLINE_ONLY
MEASURE_ET_DC_SEC_X_Id_mA_mm_at_Vg3_FPSD3p2,THRESHOLD,MODERATE,True,,not_screened_by_v1,complex_nonmonotonic,INCONCLUSIVE,SPLINE_ONLY_NOT_SCREENED_BY_OTHER,SPLINE_ONLY
FIC_ET_Rc_f_hr_23,THRESHOLD,MODERATE,True,,not_screened_by_v1,complex_nonmonotonic,WEAK,SPLINE_ONLY_NOT_SCREENED_BY_OTHER,SPLINE_ONLY
TOPSIN_ET_Load_Pull_Gss,THRESHOLD,MODERATE,True,,not_screened_by_v1,threshold,STRONG,SPLINE_ONLY_NOT_SCREENED_BY_OTHER,BOTH_AGREE_SHAPE
MEASURE_ET_CapPARCAP,SATURATION,MODERATE,True,,not_screened_by_v1,complex_nonmonotonic,INCONCLUSIVE,SPLINE_ONLY_NOT_SCREENED_BY_OTHER,SPLINE_ONLY
MEASURE_ET_DC_SMALL_Vt_gs,SATURATION,MODERATE,False,,not_screened_by_v1,complex_nonmonotonic,WEAK,SPLINE_ONLY_NOT_SCREENED_BY_OTHER,SPLINE_ONLY
MEASURE_ET_DC_SEC_Imax_7V,COMPLEX_NONLINEAR,MODERATE,True,,not_screened_by_v1,complex_nonmonotonic,INCONCLUSIVE,SPLINE_ONLY_NOT_SCREENED_BY_OTHER,SPLINE_ONLY
MEASURE_ET_DC_SEC_Vboff_Vds_min_ON,COMPLEX_NONLINEAR,MODERATE,False,,not_screened_by_v1,complex_nonmonotonic,INCONCLUSIVE,SPLINE_ONLY_NOT_SCREENED_BY_OTHER,SPLINE_ONLY
MEASURE_ET_DC_SEC_Vds_max_ON,SATURATION,MODERATE,True,,not_screened_by_v1,complex_nonmonotonic,INCONCLUSIVE,SPLINE_ONLY_NOT_SCREENED_BY_OTHER,SPLINE_ONLY
MEASURE_ET_DC_SEC_S_Vg_at_I1_neg,PROCESS_WINDOW,MODERATE,False,,not_screened_by_v1,threshold,STRONG,SPLINE_ONLY_NOT_SCREENED_BY_OTHER,BOTH_FOUND_DIFFERENT_SHAPE
MEASURE_ET_DC_Stress_Vg_max_Ig_after,THRESHOLD,MODERATE,False,,not_screened_by_v1,monotonic,MODERATE,SPLINE_ONLY_NOT_SCREENED_BY_OTHER,BOTH_FOUND_DIFFERENT_SHAPE
SIN_ET_DC_RF_Gm_max,PROCESS_WINDOW,MODERATE,True,,not_screened_by_v1,complex_nonmonotonic,INCONCLUSIVE,SPLINE_ONLY_NOT_SCREENED_BY_OTHER,SPLINE_ONLY
MEASURE_ET_Load_Pull_Pout_W_last,THRESHOLD,MODERATE,False,,not_screened_by_v1,threshold,MODERATE,SPLINE_ONLY_NOT_SCREENED_BY_OTHER,BOTH_AGREE_SHAPE
MEASURE_ET_DC_SEC_X_Ids_max_norm_FPSD3p2,PROCESS_WINDOW,MODERATE,True,flat_no_clear_effect,INCONCLUSIVE,complex_nonmonotonic,INCONCLUSIVE,SPLINE_ONLY,SPLINE_ONLY
FIC_ET_DC_RF_n_gd,THRESHOLD,MODERATE,True,,not_screened_by_v1,inverted_U,INCONCLUSIVE,SPLINE_ONLY_NOT_SCREENED_BY_OTHER,SPLINE_ONLY
TOPSIN_ET_DC_SMALL_Vbgs_0p01,COMPLEX_NONLINEAR,MODERATE,False,,not_screened_by_v1,complex_nonmonotonic,WEAK,SPLINE_ONLY_NOT_SCREENED_BY_OTHER,SPLINE_ONLY
MEASURE_ET_Rc_an_ct2,SATURATION,MODERATE,False,,not_screened_by_v1,U_shape,INCONCLUSIVE,SPLINE_ONLY_NOT_SCREENED_BY_OTHER,SPLINE_ONLY
MEASURE_ET_R_400_VER,PROCESS_WINDOW,MODERATE,True,,not_screened_by_v1,threshold,STRONG,SPLINE_ONLY_NOT_SCREENED_BY_OTHER,BOTH_FOUND_DIFFERENT_SHAPE
MEASURE_ET_RF_Modeling_MAG_19G_After,THRESHOLD,MODERATE,False,,not_screened_by_v1,complex_nonmonotonic,INCONCLUSIVE,SPLINE_ONLY_NOT_SCREENED_BY_OTHER,SPLINE_ONLY
TOPSIN_ET_DC_RF_Vboff,SATURATION,MODERATE,False,,not_screened_by_v1,threshold,STRONG,SPLINE_ONLY_NOT_SCREENED_BY_OTHER,BOTH_AGREE_SHAPE
MEASURE_ET_DC_SEC_S_Vg_at_I2_pos,INVERTED_U,MODERATE,True,,not_screened_by_v1,complex_nonmonotonic,INCONCLUSIVE,SPLINE_ONLY_NOT_SCREENED_BY_OTHER,SPLINE_ONLY
MEASURE_ET_R114,SATURATION,MODERATE,False,,not_screened_by_v1,complex_nonmonotonic,INCONCLUSIVE,SPLINE_ONLY_NOT_SCREENED_BY_OTHER,SPLINE_ONLY
THIN_ET_C_AN_2_OW_CR,COMPLEX_NONLINEAR,MODERATE,True,,not_screened_by_v1,complex_nonmonotonic,INCONCLUSIVE,SPLINE_ONLY_NOT_SCREENED_BY_OTHER,SPLINE_ONLY
MEASURE_ET_RF_Modeling_Tau_err,COMPLEX_NONLINEAR,MODERATE,False,,not_screened_by_v1,complex_nonmonotonic,INCONCLUSIVE,SPLINE_ONLY_NOT_SCREENED_BY_OTHER,SPLINE_ONLY
THIN_ET_TF_AB_2,THRESHOLD,MODERATE,True,,not_screened_by_v1,inverted_U,INCONCLUSIVE,SPLINE_ONLY_NOT_SCREENED_BY_OTHER,SPLINE_ONLY
TOPSIN_ET_sh_f_tn_23,SATURATION,MODERATE,True,flat_no_clear_effect,INCONCLUSIVE,complex_nonmonotonic,WEAK,SPLINE_ONLY,SPLINE_ONLY
MEASURE_ET_RGAN2,SATURATION,MODERATE,True,flat_no_clear_effect,INCONCLUSIVE,complex_nonmonotonic,INCONCLUSIVE,SPLINE_ONLY,SPLINE_ONLY
MEASURE_ET_RF_Modeling_Delta_S21_19G,THRESHOLD,MODERATE,False,,not_screened_by_v1,monotonic,MODERATE,SPLINE_ONLY_NOT_SCREENED_BY_OTHER,BOTH_FOUND_DIFFERENT_SHAPE
TOPSIN_ET_CapFICBRGM,COMPLEX_NONLINEAR,MODERATE,True,,not_screened_by_v1,complex_nonmonotonic,MODERATE,SPLINE_ONLY_NOT_SCREENED_BY_OTHER,BOTH_AGREE_SHAPE
MEASURE_ET_Rcat_cn_3,SATURATION,MODERATE,False,,not_screened_by_v1,inverted_U,INCONCLUSIVE,SPLINE_ONLY_NOT_SCREENED_BY_OTHER,SPLINE_ONLY
BRGM_ET_C300_0,PROCESS_WINDOW,MODERATE,True,,not_screened_by_v1,complex_nonmonotonic,INCONCLUSIVE,SPLINE_ONLY_NOT_SCREENED_BY_OTHER,SPLINE_ONLY
MEASURE_ET_DC_Stress_Vp_delta,COMPLEX_NONLINEAR,MODERATE,True,,not_screened_by_v1,complex_nonmonotonic,INCONCLUSIVE,SPLINE_ONLY_NOT_SCREENED_BY_OTHER,SPLINE_ONLY
TOPSIN_ET_DC_SMALL_Vbgd_0p01,THRESHOLD,MODERATE,False,,not_screened_by_v1,complex_nonmonotonic,WEAK,SPLINE_ONLY_NOT_SCREENED_BY_OTHER,SPLINE_ONLY
MEASURE_ET_TR_1F,THRESHOLD,MODERATE,False,,not_screened_by_v1,monotonic,MODERATE,SPLINE_ONLY_NOT_SCREENED_BY_OTHER,BOTH_FOUND_DIFFERENT_SHAPE
MEASURE_ET_DC_RF_CF_S12_Mag_L1002,THRESHOLD,MODERATE,False,U_shaped_process_window,WEAK,monotonic,MODERATE,SPLINE_ONLY,BOTH_FOUND_DIFFERENT_SHAPE
TOPSIN_ET_I_5,THRESHOLD,MODERATE,True,,not_screened_by_v1,threshold,STRONG,SPLINE_ONLY_NOT_SCREENED_BY_OTHER,BOTH_AGREE_SHAPE
FIC_ET_DC_RF_Vg_optt,SATURATION,MODERATE,True,,not_screened_by_v1,threshold,MODERATE,SPLINE_ONLY_NOT_SCREENED_BY_OTHER,BOTH_AGREE_SHAPE
MEASURE_ET_RF_Modeling_Cgs,SATURATION,MODERATE,False,,not_screened_by_v1,threshold,STRONG,SPLINE_ONLY_NOT_SCREENED_BY_OTHER,BOTH_AGREE_SHAPE
MEASURE_ET_DC_SEC_S_Id_mA_mm_at_Vg3_FPSD3p2,COMPLEX_NONLINEAR,MODERATE,True,flat_no_clear_effect,INCONCLUSIVE,complex_nonmonotonic,INCONCLUSIVE,SPLINE_ONLY,SPLINE_ONLY
TOPSIN_ET_Load_Pull_P.A.E_Last,U_SHAPED,MODERATE,False,flat_no_clear_effect,INCONCLUSIVE,U_shape,INCONCLUSIVE,SPLINE_ONLY,SPLINE_ONLY
THIN_ET_Rsh_an_ct2,THRESHOLD,MODERATE,False,,not_screened_by_v1,complex_nonmonotonic,WEAK,SPLINE_ONLY_NOT_SCREENED_BY_OTHER,SPLINE_ONLY
SIN_CAPACITOR_ThicknessGN1_SiN_Thickness,THRESHOLD,MODERATE,True,,not_screened_by_v1,inverted_U,INCONCLUSIVE,SPLINE_ONLY_NOT_SCREENED_BY_OTHER,SPLINE_ONLY
MEASURE_ET_DC_SEC_S_Id_at_Vboff_mA_mm,SATURATION,MODERATE,False,,not_screened_by_v1,monotonic,MODERATE,SPLINE_ONLY_NOT_SCREENED_BY_OTHER,BOTH_FOUND_DIFFERENT_SHAPE
MEASURE_ET_DC_SMALL_Vds_max,SATURATION,MODERATE,False,,not_screened_by_v1,threshold,WEAK,SPLINE_ONLY_NOT_SCREENED_BY_OTHER,SPLINE_ONLY
MEASURE_ET_DC_RF_MAG_26GHz,COMPLEX_NONLINEAR,MODERATE,False,,not_screened_by_v1,complex_nonmonotonic,INCONCLUSIVE,SPLINE_ONLY_NOT_SCREENED_BY_OTHER,SPLINE_ONLY
FIC_ET_C100S1,THRESHOLD,MODERATE,True,,not_screened_by_v1,complex_nonmonotonic,WEAK,SPLINE_ONLY_NOT_SCREENED_BY_OTHER,SPLINE_ONLY
MEASURE_ET_DC_RF_S22dB_26GHz,COMPLEX_NONLINEAR,MODERATE,True,,not_screened_by_v1,complex_nonmonotonic,WEAK,SPLINE_ONLY_NOT_SCREENED_BY_OTHER,SPLINE_ONLY
TOPSIN_ET_DC_RF_Vbgs1,THRESHOLD,MODERATE,True,,not_screened_by_v1,U_shape,INCONCLUSIVE,SPLINE_ONLY_NOT_SCREENED_BY_OTHER,SPLINE_ONLY
MEASURE_ET_lkg_CapFICBRGM,COMPLEX_NONLINEAR,MODERATE,True,flat_no_clear_effect,INCONCLUSIVE,complex_nonmonotonic,WEAK,SPLINE_ONLY,SPLINE_ONLY
THIN_ET_Rc_F_AB_2,SATURATION,MODERATE,True,,not_screened_by_v1,complex_nonmonotonic,WEAK,SPLINE_ONLY_NOT_SCREENED_BY_OTHER,SPLINE_ONLY
TOPSIN_ET_C100CapFICM1,THRESHOLD,MODERATE,False,,not_screened_by_v1,inverted_U,INCONCLUSIVE,SPLINE_ONLY_NOT_SCREENED_BY_OTHER,SPLINE_ONLY
MEASURE_ET_C_CAT_2_OW_ST,THRESHOLD,MODERATE,False,,not_screened_by_v1,threshold,MODERATE,SPLINE_ONLY_NOT_SCREENED_BY_OTHER,BOTH_AGREE_SHAPE
BRGM_ET_i5021_3,COMPLEX_NONLINEAR,MODERATE,False,,not_screened_by_v1,complex_nonmonotonic,WEAK,SPLINE_ONLY_NOT_SCREENED_BY_OTHER,SPLINE_ONLY
MEASURE_ET_DC_SEC_S_Ig_cut2_mAmm_neg_SD3p5,U_SHAPED,MODERATE,False,,not_screened_by_v1,complex_nonmonotonic,WEAK,SPLINE_ONLY_NOT_SCREENED_BY_OTHER,SPLINE_ONLY
MEASURE_ET_CapFICBRGM,COMPLEX_NONLINEAR,MODERATE,True,,not_screened_by_v1,threshold,STRONG,SPLINE_ONLY_NOT_SCREENED_BY_OTHER,BOTH_FOUND_DIFFERENT_SHAPE
OHMIC_ET_Rc_OG142,COMPLEX_NONLINEAR,MODERATE,True,,not_screened_by_v1,complex_nonmonotonic,WEAK,SPLINE_ONLY_NOT_SCREENED_BY_OTHER,SPLINE_ONLY
MEASURE_ET_RF_Modeling_Delta_S21_25G,COMPLEX_NONLINEAR,MODERATE,True,,not_screened_by_v1,complex_nonmonotonic,INCONCLUSIVE,SPLINE_ONLY_NOT_SCREENED_BY_OTHER,SPLINE_ONLY
THIN_ET_DC_RF_Gm_max,COMPLEX_NONLINEAR,MODERATE,True,,not_screened_by_v1,complex_nonmonotonic,INCONCLUSIVE,SPLINE_ONLY_NOT_SCREENED_BY_OTHER,SPLINE_ONLY
TOPSIN_ET_lkg_CapFICBRGM,SATURATION,MODERATE,False,,not_screened_by_v1,complex_nonmonotonic,STRONG,SPLINE_ONLY_NOT_SCREENED_BY_OTHER,BOTH_FOUND_DIFFERENT_SHAPE
MEASURE_ET_Gm_m2,COMPLEX_NONLINEAR,MODERATE,True,,not_screened_by_v1,complex_nonmonotonic,INCONCLUSIVE,SPLINE_ONLY_NOT_SCREENED_BY_OTHER,SPLINE_ONLY
TOPSIN_ET_C100C300pf,INVERTED_U,MODERATE,True,,not_screened_by_v1,threshold,MODERATE,SPLINE_ONLY_NOT_SCREENED_BY_OTHER,BOTH_FOUND_DIFFERENT_SHAPE
MEASURE_ET_DC_SEC_Gm_m0p2,THRESHOLD,MODERATE,True,,not_screened_by_v1,complex_nonmonotonic,MODERATE,SPLINE_ONLY_NOT_SCREENED_BY_OTHER,BOTH_FOUND_DIFFERENT_SHAPE
MEASURE_ET_C300_0,SATURATION,MODERATE,True,,not_screened_by_v1,threshold,WEAK,SPLINE_ONLY_NOT_SCREENED_BY_OTHER,SPLINE_ONLY
TOPSIN_ET_DC_RF_Vbgd1,THRESHOLD,MODERATE,True,,not_screened_by_v1,threshold,MODERATE,SPLINE_ONLY_NOT_SCREENED_BY_OTHER,BOTH_AGREE_SHAPE
SIN_ET_DC_RF_Vp_01,THRESHOLD,MODERATE,True,,not_screened_by_v1,complex_nonmonotonic,INCONCLUSIVE,SPLINE_ONLY_NOT_SCREENED_BY_OTHER,SPLINE_ONLY
GATE1_Thickness1_Triple_E-beam_thickness,SATURATION,MODERATE,False,,not_screened_by_v1,complex_nonmonotonic,INCONCLUSIVE,SPLINE_ONLY_NOT_SCREENED_BY_OTHER,SPLINE_ONLY
MEASURE_ET_Ran_con_2,THRESHOLD,MODERATE,False,,not_screened_by_v1,threshold,WEAK,SPLINE_ONLY_NOT_SCREENED_BY_OTHER,SPLINE_ONLY
MEASURE_ET_DC_RF2_S22dB_26GHz,U_SHAPED,MODERATE,True,threshold,MODERATE,U_shape,INCONCLUSIVE,BOTH_FOUND_DIFFERENT_SHAPE,SPLINE_ONLY
MEASURE_ET_DC_RF2_S22ang_26GHz,U_SHAPED,MODERATE,True,,not_screened_by_v1,complex_nonmonotonic,STRONG,SPLINE_ONLY_NOT_SCREENED_BY_OTHER,BOTH_FOUND_DIFFERENT_SHAPE
MEASURE_ET_DC_RF_S12ang_26GHz,SATURATION,MODERATE,False,,not_screened_by_v1,complex_nonmonotonic,INCONCLUSIVE,SPLINE_ONLY_NOT_SCREENED_BY_OTHER,SPLINE_ONLY
MEASURE_ET_DC_RF_S22dB_26GHz_W,PROCESS_WINDOW,MODERATE,True,,not_screened_by_v1,complex_nonmonotonic,STRONG,SPLINE_ONLY_NOT_SCREENED_BY_OTHER,BOTH_FOUND_DIFFERENT_SHAPE
MEASURE_ET_DC_RF2_Ft,SATURATION,MODERATE,True,,not_screened_by_v1,inverted_U,INCONCLUSIVE,SPLINE_ONLY_NOT_SCREENED_BY_OTHER,SPLINE_ONLY
MEASURE_ET_LT_SEC_Vg_Id_min_Vd8,THRESHOLD,MODERATE,False,,not_screened_by_v1,threshold,MODERATE,SPLINE_ONLY_NOT_SCREENED_BY_OTHER,BOTH_AGREE_SHAPE
MEASURE_ET_CapFICBRGM_0,THRESHOLD,MODERATE,True,,not_screened_by_v1,complex_nonmonotonic,WEAK,SPLINE_ONLY_NOT_SCREENED_BY_OTHER,SPLINE_ONLY
MEASURE_ET_Ran_con_1_OW_CR,THRESHOLD,MODERATE,False,,not_screened_by_v1,monotonic,MODERATE,SPLINE_ONLY_NOT_SCREENED_BY_OTHER,BOTH_FOUND_DIFFERENT_SHAPE
MEASURE_ET_TF_AB_1,THRESHOLD,MODERATE,False,,not_screened_by_v1,threshold,WEAK,SPLINE_ONLY_NOT_SCREENED_BY_OTHER,SPLINE_ONLY
CATHODE_ET_C_CAT_2_OW_ST,U_SHAPED,MODERATE,True,,not_screened_by_v1,U_shape,INCONCLUSIVE,SPLINE_ONLY_NOT_SCREENED_BY_OTHER,SPLINE_ONLY
BRGM_ET_i5021_1,SATURATION,MODERATE,True,,not_screened_by_v1,complex_nonmonotonic,INCONCLUSIVE,SPLINE_ONLY_NOT_SCREENED_BY_OTHER,SPLINE_ONLY
MEASURE_ET_RF_Modeling_Gm,THRESHOLD,MODERATE,False,flat_no_clear_effect,INCONCLUSIVE,complex_nonmonotonic,INCONCLUSIVE,SPLINE_ONLY,SPLINE_ONLY
MEASURE_ET_DC_SEC_X_Ig_cut2_mAmm_pos_SD3p5,U_SHAPED,MODERATE,True,,not_screened_by_v1,complex_nonmonotonic,INCONCLUSIVE,SPLINE_ONLY_NOT_SCREENED_BY_OTHER,SPLINE_ONLY
SIN_GATE_ET_OHMC_GN,THRESHOLD,MODERATE,True,,not_screened_by_v1,U_shape,WEAK,SPLINE_ONLY_NOT_SCREENED_BY_OTHER,SPLINE_ONLY
MEASURE_ET_DC_SEC_X_Vboff_Id_plus_Ig,U_SHAPED,MODERATE,True,,not_screened_by_v1,U_shape,INCONCLUSIVE,SPLINE_ONLY_NOT_SCREENED_BY_OTHER,SPLINE_ONLY
MEASURE_ET_Ran_con_1,THRESHOLD,MODERATE,False,,not_screened_by_v1,U_shape,INCONCLUSIVE,SPLINE_ONLY_NOT_SCREENED_BY_OTHER,SPLINE_ONLY
GATE2_ET_Ids2_Gate_recess_current,THRESHOLD,MODERATE,False,,not_screened_by_v1,complex_nonmonotonic,INCONCLUSIVE,SPLINE_ONLY_NOT_SCREENED_BY_OTHER,SPLINE_ONLY
MEASURE_ET_R_f_hr_3,SATURATION,MODERATE,False,flat_no_clear_effect,INCONCLUSIVE,threshold,WEAK,SPLINE_ONLY,SPLINE_ONLY
MEASURE_ET_DC_RF_Max_S11_Freq_L2180,THRESHOLD,MODERATE,True,flat_no_clear_effect,INCONCLUSIVE,complex_nonmonotonic,WEAK,SPLINE_ONLY,SPLINE_ONLY
THIN_ET_Rc_cat_ct2,PROCESS_WINDOW,MODERATE,False,,not_screened_by_v1,complex_nonmonotonic,WEAK,SPLINE_ONLY_NOT_SCREENED_BY_OTHER,SPLINE_ONLY
MEASURE_ET_DC_RF_Vp_01,THRESHOLD,MODERATE,False,,not_screened_by_v1,complex_nonmonotonic,WEAK,SPLINE_ONLY_NOT_SCREENED_BY_OTHER,SPLINE_ONLY
MEASURE_ET_Er,SATURATION,MODERATE,True,,not_screened_by_v1,threshold,STRONG,SPLINE_ONLY_NOT_SCREENED_BY_OTHER,BOTH_AGREE_SHAPE
TOPSIN_ET_Load_Pull_Pout_W_last,SATURATION,MODERATE,False,,not_screened_by_v1,threshold,MODERATE,SPLINE_ONLY_NOT_SCREENED_BY_OTHER,BOTH_AGREE_SHAPE
MEASURE_ET_DC_RF_Vp_1_W,THRESHOLD,MODERATE,True,,not_screened_by_v1,complex_nonmonotonic,INCONCLUSIVE,SPLINE_ONLY_NOT_SCREENED_BY_OTHER,SPLINE_ONLY
THIN_ET_DC_RF_Vbin_gd,THRESHOLD,MODERATE,True,,not_screened_by_v1,U_shape,WEAK,SPLINE_ONLY_NOT_SCREENED_BY_OTHER,SPLINE_ONLY
MEASURE_ET_VIA_KLV_2,THRESHOLD,MODERATE,False,,not_screened_by_v1,complex_nonmonotonic,WEAK,SPLINE_ONLY_NOT_SCREENED_BY_OTHER,SPLINE_ONLY
MEASURE_ET_R_f_tn_3,INVERTED_U,MODERATE,True,,not_screened_by_v1,inverted_U,INCONCLUSIVE,SPLINE_ONLY_NOT_SCREENED_BY_OTHER,SPLINE_ONLY
MEASURE_ET_RF_Modeling_Rg,COMPLEX_NONLINEAR,MODERATE,True,,not_screened_by_v1,complex_nonmonotonic,INCONCLUSIVE,SPLINE_ONLY_NOT_SCREENED_BY_OTHER,SPLINE_ONLY
FIC_ET_FC_lin_4,THRESHOLD,MODERATE,False,,not_screened_by_v1,complex_nonmonotonic,INCONCLUSIVE,SPLINE_ONLY_NOT_SCREENED_BY_OTHER,SPLINE_ONLY
FIC_ET_DC_RF_Vg_max_Vd_0p1mA,U_SHAPED,MODERATE,False,,not_screened_by_v1,complex_nonmonotonic,MODERATE,SPLINE_ONLY_NOT_SCREENED_BY_OTHER,BOTH_FOUND_DIFFERENT_SHAPE
FIC_ET_Id_mAmm_at_Vd_cond,SATURATION,MODERATE,False,,not_screened_by_v1,threshold,STRONG,SPLINE_ONLY_NOT_SCREENED_BY_OTHER,BOTH_AGREE_SHAPE
MEASURE_ET_DC_SMALL_Vdg_max,SATURATION,MODERATE,False,,not_screened_by_v1,threshold,STRONG,SPLINE_ONLY_NOT_SCREENED_BY_OTHER,BOTH_AGREE_SHAPE
STREETS_Height_Backside_metal_thickness,THRESHOLD,MODERATE,True,,not_screened_by_v1,complex_nonmonotonic,INCONCLUSIVE,SPLINE_ONLY_NOT_SCREENED_BY_OTHER,SPLINE_ONLY
MEASURE_ET_DC_RF_Vdg_max,THRESHOLD,MODERATE,False,,not_screened_by_v1,monotonic,MODERATE,SPLINE_ONLY_NOT_SCREENED_BY_OTHER,BOTH_FOUND_DIFFERENT_SHAPE
THIN_ET_Rc_an_ct2,THRESHOLD,MODERATE,False,,not_screened_by_v1,complex_nonmonotonic,INCONCLUSIVE,SPLINE_ONLY_NOT_SCREENED_BY_OTHER,SPLINE_ONLY
MEASURE_ET_DC_SEC_S_Vp_0p7_mA_mm,COMPLEX_NONLINEAR,MODERATE,False,,not_screened_by_v1,complex_nonmonotonic,INCONCLUSIVE,SPLINE_ONLY_NOT_SCREENED_BY_OTHER,SPLINE_ONLY
MEASURE_ET_DC_SEC_S_Ig_cut1_mAmm_pos,THRESHOLD,MODERATE,False,,not_screened_by_v1,U_shape,INCONCLUSIVE,SPLINE_ONLY_NOT_SCREENED_BY_OTHER,SPLINE_ONLY
TOPSIN_ET_DC_SMALL_Ids_m0p2,THRESHOLD,MODERATE,False,,not_screened_by_v1,threshold,MODERATE,SPLINE_ONLY_NOT_SCREENED_BY_OTHER,BOTH_AGREE_SHAPE
MEASURE_ET_Rsh_an_ct2,U_SHAPED,MODERATE,True,,not_screened_by_v1,U_shape,INCONCLUSIVE,SPLINE_ONLY_NOT_SCREENED_BY_OTHER,SPLINE_ONLY
MEASURE_ET_DC_RF_Vp_1,SATURATION,MODERATE,False,,not_screened_by_v1,complex_nonmonotonic,INCONCLUSIVE,SPLINE_ONLY_NOT_SCREENED_BY_OTHER,SPLINE_ONLY
SIN_GATE_ET_R114,SATURATION,MODERATE,False,,not_screened_by_v1,threshold,WEAK,SPLINE_ONLY_NOT_SCREENED_BY_OTHER,SPLINE_ONLY
MEASURE_ET_DC_RF_S22ang_10GHz,COMPLEX_NONLINEAR,MODERATE,True,,not_screened_by_v1,threshold,WEAK,SPLINE_ONLY_NOT_SCREENED_BY_OTHER,SPLINE_ONLY
CATHODE_ET_Rsh_cat_c2_OW_ST,SATURATION,MODERATE,False,,not_screened_by_v1,threshold,MODERATE,SPLINE_ONLY_NOT_SCREENED_BY_OTHER,BOTH_AGREE_SHAPE
MEASURE_ET_DC_RF_Freq_cut_L1018,COMPLEX_NONLINEAR,MODERATE,True,,not_screened_by_v1,complex_nonmonotonic,INCONCLUSIVE,SPLINE_ONLY_NOT_SCREENED_BY_OTHER,SPLINE_ONLY
MEASURE_ET_C_AN_2_OW_CR,COMPLEX_NONLINEAR,MODERATE,True,,not_screened_by_v1,complex_nonmonotonic,INCONCLUSIVE,SPLINE_ONLY_NOT_SCREENED_BY_OTHER,SPLINE_ONLY
MEASURE_ET_DC_RF_CF_S12_Ph_L2180,SATURATION,MODERATE,False,,not_screened_by_v1,complex_nonmonotonic,INCONCLUSIVE,SPLINE_ONLY_NOT_SCREENED_BY_OTHER,SPLINE_ONLY
MEASURE_ET_RF_Modeling_Gds,SATURATION,MODERATE,False,,not_screened_by_v1,threshold,MODERATE,SPLINE_ONLY_NOT_SCREENED_BY_OTHER,BOTH_AGREE_SHAPE
SIN_ET_DC_RF_Vds_max_0p1,THRESHOLD,MODERATE,False,,not_screened_by_v1,monotonic,WEAK,SPLINE_ONLY_NOT_SCREENED_BY_OTHER,SPLINE_ONLY
FIC_ET_R_f_tn_3,THRESHOLD,MODERATE,False,,not_screened_by_v1,U_shape,INCONCLUSIVE,SPLINE_ONLY_NOT_SCREENED_BY_OTHER,SPLINE_ONLY
TOPSIN_ET_DC_SMALL_Vdg_max,INVERTED_U,MODERATE,False,,not_screened_by_v1,complex_nonmonotonic,WEAK,SPLINE_ONLY_NOT_SCREENED_BY_OTHER,SPLINE_ONLY
MEASURE_ET_DC_RF_Vdg_max_0p1mA,THRESHOLD,MODERATE,True,,not_screened_by_v1,complex_nonmonotonic,INCONCLUSIVE,SPLINE_ONLY_NOT_SCREENED_BY_OTHER,SPLINE_ONLY
FIC_ET_DC_RF_Gm_max,U_SHAPED,MODERATE,False,,not_screened_by_v1,complex_nonmonotonic,WEAK,SPLINE_ONLY_NOT_SCREENED_BY_OTHER,SPLINE_ONLY
MEASURE_ET_DC_SEC_X_Vp_1_mA_mm_first_FPSD3p2,THRESHOLD,MODERATE,False,,not_screened_by_v1,complex_nonmonotonic,INCONCLUSIVE,SPLINE_ONLY_NOT_SCREENED_BY_OTHER,SPLINE_ONLY
TOPSIN_ET_R214,THRESHOLD,MODERATE,False,,not_screened_by_v1,complex_nonmonotonic,INCONCLUSIVE,SPLINE_ONLY_NOT_SCREENED_BY_OTHER,SPLINE_ONLY
TOPSIN_ET_Load_Pull_Id_ord,THRESHOLD,MODERATE,False,,not_screened_by_v1,threshold,MODERATE,SPLINE_ONLY_NOT_SCREENED_BY_OTHER,BOTH_AGREE_SHAPE
MEASURE_ET_DC_SEC_X_Vg_at_I1_neg,THRESHOLD,MODERATE,False,,not_screened_by_v1,threshold,INCONCLUSIVE,SPLINE_ONLY_NOT_SCREENED_BY_OTHER,SPLINE_ONLY
GATE2_Ali_Litho_Gate_to_recess_alignment,COMPLEX_NONLINEAR,MODERATE,True,,not_screened_by_v1,complex_nonmonotonic,INCONCLUSIVE,SPLINE_ONLY_NOT_SCREENED_BY_OTHER,SPLINE_ONLY
MEASURE_ET_DC_SEC_X_Vp_1_mA_mm_second,THRESHOLD,MODERATE,False,,not_screened_by_v1,complex_nonmonotonic,INCONCLUSIVE,SPLINE_ONLY_NOT_SCREENED_BY_OTHER,SPLINE_ONLY
MEASURE_ET_DC_SMALL_Vboff,U_SHAPED,MODERATE,True,,not_screened_by_v1,complex_nonmonotonic,WEAK,SPLINE_ONLY_NOT_SCREENED_BY_OTHER,SPLINE_ONLY
MEASURE_ET_Cap3pf_0,SATURATION,MODERATE,True,threshold,MODERATE,complex_nonmonotonic,INCONCLUSIVE,BOTH_AGREE_SHAPE,SPLINE_ONLY
MEASURE_ET_DC_SEC_X_Ig_cut2_mAmm_pos,THRESHOLD,MODERATE,False,,not_screened_by_v1,threshold,MODERATE,SPLINE_ONLY_NOT_SCREENED_BY_OTHER,BOTH_AGREE_SHAPE
MEASURE_ET_Load_Pull_Vg,SATURATION,MODERATE,True,,not_screened_by_v1,complex_nonmonotonic,INCONCLUSIVE,SPLINE_ONLY_NOT_SCREENED_BY_OTHER,SPLINE_ONLY
MEASURE_ET_DC_RF_Min_S21_Freq_L2180,U_SHAPED,MODERATE,False,,not_screened_by_v1,complex_nonmonotonic,WEAK,SPLINE_ONLY_NOT_SCREENED_BY_OTHER,SPLINE_ONLY
THIN_ET_i5021_3,PROCESS_WINDOW,MODERATE,False,,not_screened_by_v1,threshold,STRONG,SPLINE_ONLY_NOT_SCREENED_BY_OTHER,BOTH_FOUND_DIFFERENT_SHAPE
TOPSIN_ET_Load_Pull_PhL_meas,U_SHAPED,MODERATE,False,,not_screened_by_v1,threshold,MODERATE,SPLINE_ONLY_NOT_SCREENED_BY_OTHER,BOTH_FOUND_DIFFERENT_SHAPE
MEASURE_ET_DC_RF_Vbon_max,U_SHAPED,MODERATE,False,,not_screened_by_v1,threshold,MODERATE,SPLINE_ONLY_NOT_SCREENED_BY_OTHER,BOTH_FOUND_DIFFERENT_SHAPE
MEASURE_ET_DC_SEC_S_Vg_at_I1_pos_FPSD3p2,THRESHOLD,MODERATE,False,,not_screened_by_v1,complex_nonmonotonic,INCONCLUSIVE,SPLINE_ONLY_NOT_SCREENED_BY_OTHER,SPLINE_ONLY
BFIC_Height_FIC_metal_thickness,THRESHOLD,MODERATE,False,,not_screened_by_v1,U_shape,INCONCLUSIVE,SPLINE_ONLY_NOT_SCREENED_BY_OTHER,SPLINE_ONLY
MEASURE_ET_DC_SEC_X_Vp_1_mA_mm_second_SD3p5,THRESHOLD,MODERATE,False,,not_screened_by_v1,U_shape,INCONCLUSIVE,SPLINE_ONLY_NOT_SCREENED_BY_OTHER,SPLINE_ONLY
FIC_ET_Gate_res,THRESHOLD,MODERATE,False,,not_screened_by_v1,complex_nonmonotonic,INCONCLUSIVE,SPLINE_ONLY_NOT_SCREENED_BY_OTHER,SPLINE_ONLY
MEASURE_ET_VIA_KLV_8p5,THRESHOLD,MODERATE,False,,not_screened_by_v1,complex_nonmonotonic,WEAK,SPLINE_ONLY_NOT_SCREENED_BY_OTHER,SPLINE_ONLY
MEASURE_ET_DC_SEC_X_Id_mA_mm_at_Vg2_SD3p5,THRESHOLD,MODERATE,False,,not_screened_by_v1,U_shape,INCONCLUSIVE,SPLINE_ONLY_NOT_SCREENED_BY_OTHER,SPLINE_ONLY
FIC_ET_R_f_tn_1,COMPLEX_NONLINEAR,MODERATE,False,,not_screened_by_v1,threshold,MODERATE,SPLINE_ONLY_NOT_SCREENED_BY_OTHER,BOTH_FOUND_DIFFERENT_SHAPE
MEASURE_ET_DC_SEC_S_Vg_at_I3_neg,THRESHOLD,MODERATE,False,,not_screened_by_v1,monotonic,INCONCLUSIVE,SPLINE_ONLY_NOT_SCREENED_BY_OTHER,SPLINE_ONLY
OHMIC_ET_OHMC,THRESHOLD,MODERATE,False,,not_screened_by_v1,complex_nonmonotonic,WEAK,SPLINE_ONLY_NOT_SCREENED_BY_OTHER,SPLINE_ONLY
TOPSIN_ET_GC_Igs,THRESHOLD,MODERATE,False,,not_screened_by_v1,threshold,STRONG,SPLINE_ONLY_NOT_SCREENED_BY_OTHER,BOTH_AGREE_SHAPE
MEASURE_ET_DC_SEC_Ids_max_ON,THRESHOLD,MODERATE,False,,not_screened_by_v1,complex_nonmonotonic,INCONCLUSIVE,SPLINE_ONLY_NOT_SCREENED_BY_OTHER,SPLINE_ONLY
MEASURE_ET_C20,U_SHAPED,MODERATE,False,,not_screened_by_v1,U_shape,INCONCLUSIVE,SPLINE_ONLY_NOT_SCREENED_BY_OTHER,SPLINE_ONLY
MEASURE_ET_DC_Big_S22ang_10GHz,THRESHOLD,MODERATE,False,,not_screened_by_v1,complex_nonmonotonic,MODERATE,SPLINE_ONLY_NOT_SCREENED_BY_OTHER,BOTH_FOUND_DIFFERENT_SHAPE
THIN_ET_R114,THRESHOLD,MODERATE,True,,not_screened_by_v1,threshold,MODERATE,SPLINE_ONLY_NOT_SCREENED_BY_OTHER,BOTH_AGREE_SHAPE
MEASURE_ET_DC_RD_Vbon_max,THRESHOLD,MODERATE,False,,not_screened_by_v1,complex_nonmonotonic,INCONCLUSIVE,SPLINE_ONLY_NOT_SCREENED_BY_OTHER,SPLINE_ONLY
MEASURE_ET_lkg_CapUSV,THRESHOLD,WEAK,True,,not_screened_by_v1,complex_nonmonotonic,INCONCLUSIVE,NEITHER_OR_NOT_SCREENED,NEITHER
SIN_ET_lkg_SY07_10,PROCESS_WINDOW,WEAK,True,U_shaped_process_window,MODERATE,complex_nonmonotonic,WEAK,OTHER_METHOD_ONLY,NEITHER
MEASURE_ET_lkg_C500pf,SATURATION,WEAK,False,,not_screened_by_v1,complex_nonmonotonic,INCONCLUSIVE,NEITHER_OR_NOT_SCREENED,NEITHER
FIC_ET_DC_PIV_Drain_Lag_0,PROCESS_WINDOW,WEAK,True,,not_screened_by_v1,threshold,MODERATE,NEITHER_OR_NOT_SCREENED,OTHER_METHOD_ONLY
TOPSIN_ET_lkg_CapPARCAP,THRESHOLD,WEAK,True,,not_screened_by_v1,complex_nonmonotonic,INCONCLUSIVE,NEITHER_OR_NOT_SCREENED,NEITHER
TOPSIN_ET_lkg_SY07_10,SATURATION,WEAK,True,,not_screened_by_v1,inverted_U,INCONCLUSIVE,NEITHER_OR_NOT_SCREENED,NEITHER
TOPSIN_ET_lkg_C385pf,THRESHOLD,WEAK,True,,not_screened_by_v1,complex_nonmonotonic,INCONCLUSIVE,NEITHER_OR_NOT_SCREENED,NEITHER
MEASURE_ET_lkg_C300FM1,THRESHOLD,WEAK,True,,not_screened_by_v1,inverted_U,INCONCLUSIVE,NEITHER_OR_NOT_SCREENED,NEITHER
MEASURE_ET_LT_SEC_Ileak_m9p5V_mA_mm,THRESHOLD,WEAK,False,,not_screened_by_v1,inverted_U,INCONCLUSIVE,NEITHER_OR_NOT_SCREENED,NEITHER
MEASURE_ET_Cap2pf,PROCESS_WINDOW,WEAK,False,,not_screened_by_v1,threshold,STRONG,NEITHER_OR_NOT_SCREENED,OTHER_METHOD_ONLY
TOPSIN_ET_DC_RF_n_gs,COMPLEX_NONLINEAR,WEAK,True,,not_screened_by_v1,complex_nonmonotonic,MODERATE,NEITHER_OR_NOT_SCREENED,OTHER_METHOD_ONLY
MEASURE_ET_LT_SEC_Vbgd1_Vd7,U_SHAPED,WEAK,True,nonlinear_complex,MODERATE,complex_nonmonotonic,WEAK,OTHER_METHOD_ONLY,NEITHER
MEASURE_ET_DC_RF_Vbgs_0p01,THRESHOLD,WEAK,True,,not_screened_by_v1,complex_nonmonotonic,INCONCLUSIVE,NEITHER_OR_NOT_SCREENED,NEITHER
TOPSIN_ET_DC_SMALL_Vbgs_0p1,SATURATION,WEAK,False,,not_screened_by_v1,monotonic,MODERATE,NEITHER_OR_NOT_SCREENED,OTHER_METHOD_ONLY
MEASURE_ET_LT_SEC_Vbgd1,U_SHAPED,WEAK,True,,not_screened_by_v1,complex_nonmonotonic,INCONCLUSIVE,NEITHER_OR_NOT_SCREENED,NEITHER
MEASURE_ET_DC_SMALL_Vbin_gs,SATURATION,WEAK,False,,not_screened_by_v1,complex_nonmonotonic,WEAK,NEITHER_OR_NOT_SCREENED,NEITHER
FIC_ET_OHMC,PROCESS_WINDOW,WEAK,True,,not_screened_by_v1,complex_nonmonotonic,INCONCLUSIVE,NEITHER_OR_NOT_SCREENED,NEITHER
MEASURE_ET_DC_Diode_Vbpin,SATURATION,WEAK,True,,not_screened_by_v1,complex_nonmonotonic,WEAK,NEITHER_OR_NOT_SCREENED,NEITHER
MEASURE_ET_CapUSV,PROCESS_WINDOW,WEAK,True,,not_screened_by_v1,complex_nonmonotonic,WEAK,NEITHER_OR_NOT_SCREENED,NEITHER
FIC_ET_DC_RF_Vbin_gd,PROCESS_WINDOW,WEAK,False,,not_screened_by_v1,complex_nonmonotonic,MODERATE,NEITHER_OR_NOT_SCREENED,OTHER_METHOD_ONLY
TOPSIN_ET_DC_RF_Vg_max_Vd_0p1,THRESHOLD,WEAK,False,,not_screened_by_v1,threshold,STRONG,NEITHER_OR_NOT_SCREENED,OTHER_METHOD_ONLY
MEASURE_ET_DC_PIV_Gate_Lag_1,U_SHAPED,WEAK,True,,not_screened_by_v1,complex_nonmonotonic,INCONCLUSIVE,NEITHER_OR_NOT_SCREENED,NEITHER
MEASURE_ET_DC_RF_S12dB_26GHz,THRESHOLD,WEAK,True,,not_screened_by_v1,complex_nonmonotonic,STRONG,NEITHER_OR_NOT_SCREENED,OTHER_METHOD_ONLY
MEASURE_ET_DC_SEC_S_Ig_cut2_mAmm_pos_FPSD3p2,PROCESS_WINDOW,WEAK,True,,not_screened_by_v1,threshold,STRONG,NEITHER_OR_NOT_SCREENED,OTHER_METHOD_ONLY
CATHODE_ET_C_CAT_2,SATURATION,WEAK,False,,not_screened_by_v1,complex_nonmonotonic,INCONCLUSIVE,NEITHER_OR_NOT_SCREENED,NEITHER
MEASURE_ET_C200_0,THRESHOLD,WEAK,True,flat_no_clear_effect,INCONCLUSIVE,complex_nonmonotonic,STRONG,NEITHER,OTHER_METHOD_ONLY
THIN_ET_R_f_tn_2,THRESHOLD,WEAK,False,,not_screened_by_v1,threshold,MODERATE,NEITHER_OR_NOT_SCREENED,OTHER_METHOD_ONLY
MEASURE_ET_DC_SMALL_Vg_gm_max,COMPLEX_NONLINEAR,WEAK,True,,not_screened_by_v1,complex_nonmonotonic,STRONG,NEITHER_OR_NOT_SCREENED,OTHER_METHOD_ONLY
SIN_ET_DC_RF_Vbgs_0p1,SATURATION,WEAK,False,,not_screened_by_v1,complex_nonmonotonic,MODERATE,NEITHER_OR_NOT_SCREENED,OTHER_METHOD_ONLY
SIN_ET_DC_PIV_Imax_QP3,THRESHOLD,WEAK,True,,not_screened_by_v1,complex_nonmonotonic,INCONCLUSIVE,NEITHER_OR_NOT_SCREENED,NEITHER
MEASURE_ET_RF_Modeling_Cgs_err,SATURATION,WEAK,False,,not_screened_by_v1,threshold,MODERATE,NEITHER_OR_NOT_SCREENED,OTHER_METHOD_ONLY
SIN_GATE_ET_sh_GA144,THRESHOLD,WEAK,True,flat_no_clear_effect,INCONCLUSIVE,monotonic,INCONCLUSIVE,NEITHER,NEITHER
MEASURE_ET_OHMC_GN,THRESHOLD,WEAK,True,,not_screened_by_v1,complex_nonmonotonic,INCONCLUSIVE,NEITHER_OR_NOT_SCREENED,NEITHER
MEASURE_ET_Rcat_cn_3_OW_ST,COMPLEX_NONLINEAR,WEAK,False,,not_screened_by_v1,complex_nonmonotonic,WEAK,NEITHER_OR_NOT_SCREENED,NEITHER
MEASURE_ET_DC_Big_Id_gm_max,THRESHOLD,WEAK,False,,not_screened_by_v1,complex_nonmonotonic,INCONCLUSIVE,NEITHER_OR_NOT_SCREENED,NEITHER
THIN_ET_Rcat_cn_3,SATURATION,WEAK,True,,not_screened_by_v1,inverted_U,MODERATE,NEITHER_OR_NOT_SCREENED,OTHER_METHOD_ONLY
SIN_GATE_ET_Probe_Number,SATURATION,WEAK,True,,not_screened_by_v1,U_shape,INCONCLUSIVE,NEITHER_OR_NOT_SCREENED,NEITHER
TOPSIN_ET_CapFICM1,INVERTED_U,WEAK,True,,not_screened_by_v1,inverted_U,WEAK,NEITHER_OR_NOT_SCREENED,NEITHER
MEASURE_ET_DC_Stress_Stress_time,THRESHOLD,WEAK,False,,not_screened_by_v1,monotonic,MODERATE,NEITHER_OR_NOT_SCREENED,OTHER_METHOD_ONLY
MEASURE_ET_DC_Diode_S11_dB_forw_9p5,COMPLEX_NONLINEAR,WEAK,True,,not_screened_by_v1,inverted_U,INCONCLUSIVE,NEITHER_OR_NOT_SCREENED,NEITHER
FIC_ET_DC_RF_Vbgs1,THRESHOLD,WEAK,False,threshold,INCONCLUSIVE,complex_nonmonotonic,INCONCLUSIVE,NEITHER,NEITHER
MEASURE_ET_DC_RF_CF_S11_Ph_L1002,SATURATION,WEAK,True,flat_no_clear_effect,INCONCLUSIVE,complex_nonmonotonic,WEAK,NEITHER,NEITHER
FIC_ET_Bad_Gates,SATURATION,WEAK,True,U_shaped_process_window,MODERATE,complex_nonmonotonic,MODERATE,OTHER_METHOD_ONLY,OTHER_METHOD_ONLY
TOPSIN_ET_R_f_hr_3,SATURATION,WEAK,True,nonlinear_complex,MODERATE,complex_nonmonotonic,INCONCLUSIVE,OTHER_METHOD_ONLY,NEITHER
MEASURE_ET_DC_SMALL_Vdg_max_0p1,THRESHOLD,WEAK,False,flat_no_clear_effect,INCONCLUSIVE,complex_nonmonotonic,STRONG,NEITHER,OTHER_METHOD_ONLY
MEASURE_ET_RF_Modeling_R_Gs,THRESHOLD,WEAK,False,,not_screened_by_v1,monotonic,MODERATE,NEITHER_OR_NOT_SCREENED,OTHER_METHOD_ONLY
MEASURE_ET_DC_RF_Max_S11_Ph_L2180,COMPLEX_NONLINEAR,WEAK,True,flat_no_clear_effect,INCONCLUSIVE,complex_nonmonotonic,INCONCLUSIVE,NEITHER,NEITHER
FIC_ET_DC_RF_Vg_gm_max,COMPLEX_NONLINEAR,WEAK,True,,not_screened_by_v1,complex_nonmonotonic,MODERATE,NEITHER_OR_NOT_SCREENED,OTHER_METHOD_ONLY
MEASURE_ET_RF_Modeling_Ft_int,SATURATION,WEAK,False,,not_screened_by_v1,threshold,MODERATE,NEITHER_OR_NOT_SCREENED,OTHER_METHOD_ONLY
MEASURE_ET_RF_Modeling_Fmax_int,THRESHOLD,WEAK,False,,not_screened_by_v1,threshold,STRONG,NEITHER_OR_NOT_SCREENED,OTHER_METHOD_ONLY
MEASURE_ET_C500pf_0,THRESHOLD,WEAK,False,,not_screened_by_v1,complex_nonmonotonic,INCONCLUSIVE,NEITHER_OR_NOT_SCREENED,NEITHER
MEASURE_ET_TANR,SATURATION,WEAK,False,,not_screened_by_v1,monotonic,MODERATE,NEITHER_OR_NOT_SCREENED,OTHER_METHOD_ONLY
MEASURE_ET_DC_RF_Vbgs1,COMPLEX_NONLINEAR,WEAK,False,,not_screened_by_v1,monotonic,MODERATE,NEITHER_OR_NOT_SCREENED,OTHER_METHOD_ONLY
MEASURE_ET_LT_SEC_Vd_Id_min_Vd8,THRESHOLD,WEAK,True,,not_screened_by_v1,complex_nonmonotonic,INCONCLUSIVE,NEITHER_OR_NOT_SCREENED,NEITHER
TOPSIN_ET_C100CapFICBRGM,THRESHOLD,WEAK,True,,not_screened_by_v1,complex_nonmonotonic,INCONCLUSIVE,NEITHER_OR_NOT_SCREENED,NEITHER
MEASURE_ET_DC_Big_S12ang_10GHz,COMPLEX_NONLINEAR,WEAK,True,,not_screened_by_v1,complex_nonmonotonic,STRONG,NEITHER_OR_NOT_SCREENED,OTHER_METHOD_ONLY
MEASURE_ET_DC_SEC_S_Vboff_Id_plus_Ig_FPSD3p2,THRESHOLD,WEAK,False,,not_screened_by_v1,complex_nonmonotonic,MODERATE,NEITHER_OR_NOT_SCREENED,OTHER_METHOD_ONLY
THIN_ET_DC_RD_Vboff,SATURATION,WEAK,True,,not_screened_by_v1,threshold,STRONG,NEITHER_OR_NOT_SCREENED,OTHER_METHOD_ONLY
MEASURE_ET_DC_RF_Min_S21_Ph_L2180,COMPLEX_NONLINEAR,WEAK,False,,not_screened_by_v1,complex_nonmonotonic,MODERATE,NEITHER_OR_NOT_SCREENED,OTHER_METHOD_ONLY
MEASURE_ET_RF_Modeling_R_Gg,SATURATION,WEAK,False,,not_screened_by_v1,monotonic,WEAK,NEITHER_OR_NOT_SCREENED,NEITHER
SIN_GATE_ET_OHMC,SATURATION,WEAK,False,,not_screened_by_v1,monotonic,INCONCLUSIVE,NEITHER_OR_NOT_SCREENED,NEITHER
MEASURE_ET_DC_SMALL_Vp_01,SATURATION,WEAK,False,,not_screened_by_v1,complex_nonmonotonic,STRONG,NEITHER_OR_NOT_SCREENED,OTHER_METHOD_ONLY
MEASURE_ET_DC_Big_Vg_gm_max,U_SHAPED,WEAK,False,,not_screened_by_v1,U_shape,INCONCLUSIVE,NEITHER_OR_NOT_SCREENED,NEITHER
SIN_ET_DC_RF_Vg_max_Vd,MONOTONIC_POSITIVE,WEAK,False,,not_screened_by_v1,threshold,STRONG,NEITHER_OR_NOT_SCREENED,OTHER_METHOD_ONLY
BRGM_ET_lkg_C200,THRESHOLD,WEAK,False,,not_screened_by_v1,threshold,WEAK,NEITHER_OR_NOT_SCREENED,NEITHER
MEASURE_ET_CapM1BRGM_0,COMPLEX_NONLINEAR,WEAK,False,,not_screened_by_v1,U_shape,INCONCLUSIVE,NEITHER_OR_NOT_SCREENED,NEITHER
MEASURE_ET_DC_RF_S22ang_26GHz_W,SATURATION,WEAK,False,,not_screened_by_v1,threshold,MODERATE,NEITHER_OR_NOT_SCREENED,OTHER_METHOD_ONLY
MEASURE_ET_DC_Big_S21dB_10GHz,THRESHOLD,WEAK,False,,not_screened_by_v1,complex_nonmonotonic,INCONCLUSIVE,NEITHER_OR_NOT_SCREENED,NEITHER
MEASURE_ET_Gm_max,THRESHOLD,WEAK,True,,not_screened_by_v1,complex_nonmonotonic,INCONCLUSIVE,NEITHER_OR_NOT_SCREENED,NEITHER
MEASURE_ET_DC_SEC_S_Ig_mAmm_at_Vg_cond_pos_FPSD3p2,THRESHOLD,WEAK,True,,not_screened_by_v1,threshold,STRONG,NEITHER_OR_NOT_SCREENED,OTHER_METHOD_ONLY
MEASURE_ET_DC_RF_S12ang_10GHz,COMPLEX_NONLINEAR,WEAK,True,,not_screened_by_v1,complex_nonmonotonic,INCONCLUSIVE,NEITHER_OR_NOT_SCREENED,NEITHER
BRGM_ET_Cap_C300,U_SHAPED,WEAK,False,,not_screened_by_v1,complex_nonmonotonic,INCONCLUSIVE,NEITHER_OR_NOT_SCREENED,NEITHER
SIN_GATE_ET_Rc_an_ct2,MONOTONIC_NEGATIVE,WEAK,True,flat_no_clear_effect,INCONCLUSIVE,complex_nonmonotonic,WEAK,NEITHER,NEITHER
FIC_ET_DC_RF_Vp_1,COMPLEX_NONLINEAR,WEAK,True,,not_screened_by_v1,threshold,MODERATE,NEITHER_OR_NOT_SCREENED,OTHER_METHOD_ONLY
MEASURE_ET_Vbkdn_Cap100_Long,PROCESS_WINDOW,WEAK,True,flat_no_clear_effect,INCONCLUSIVE,complex_nonmonotonic,WEAK,NEITHER,NEITHER
TOPSIN_ET_DC_RF_Vp_1,THRESHOLD,WEAK,True,,not_screened_by_v1,complex_nonmonotonic,MODERATE,NEITHER_OR_NOT_SCREENED,OTHER_METHOD_ONLY
FIC_ET_DC_PIV_Ids0_QP2,U_SHAPED,WEAK,True,,not_screened_by_v1,complex_nonmonotonic,INCONCLUSIVE,NEITHER_OR_NOT_SCREENED,NEITHER
MEASURE_ET_DC_RF_S21dB_26GHz_W,PROCESS_WINDOW,WEAK,True,,not_screened_by_v1,threshold,STRONG,NEITHER_OR_NOT_SCREENED,OTHER_METHOD_ONLY
MEASURE_ET_DC_RF_CF_S22_Ph_L1018,THRESHOLD,WEAK,False,,not_screened_by_v1,threshold,STRONG,NEITHER_OR_NOT_SCREENED,OTHER_METHOD_ONLY
MEASURE_ET_RF_Modeling_S21ang_10GHz,THRESHOLD,WEAK,False,,not_screened_by_v1,complex_nonmonotonic,WEAK,NEITHER_OR_NOT_SCREENED,NEITHER
MEASURE_ET_DC_RF_CF_S11_Ph_L2180,COMPLEX_NONLINEAR,WEAK,True,flat_no_clear_effect,INCONCLUSIVE,complex_nonmonotonic,INCONCLUSIVE,NEITHER,NEITHER
FIC_ET_Vg_gm_max,THRESHOLD,WEAK,False,,not_screened_by_v1,complex_nonmonotonic,INCONCLUSIVE,NEITHER_OR_NOT_SCREENED,NEITHER
MEASURE_ET_RF_Modeling_MAG_25G_Before,SATURATION,WEAK,False,,not_screened_by_v1,complex_nonmonotonic,INCONCLUSIVE,NEITHER_OR_NOT_SCREENED,NEITHER
MEASURE_ET_DC_Diode_S21_dB_forw,SATURATION,WEAK,False,,not_screened_by_v1,complex_nonmonotonic,INCONCLUSIVE,NEITHER_OR_NOT_SCREENED,NEITHER
MEASURE_ET_DC_PIV_Ids0_QP2,SATURATION,WEAK,False,,not_screened_by_v1,U_shape,INCONCLUSIVE,NEITHER_OR_NOT_SCREENED,NEITHER
TOPSIN_ET_C300_0,THRESHOLD,WEAK,True,,not_screened_by_v1,complex_nonmonotonic,INCONCLUSIVE,NEITHER_OR_NOT_SCREENED,NEITHER
TOPSIN_ET_Load_Pull_Id_ini,SATURATION,WEAK,False,,not_screened_by_v1,U_shape,INCONCLUSIVE,NEITHER_OR_NOT_SCREENED,NEITHER
MEASURE_ET_DC_RF_CF_S11_Mag_L1002,SATURATION,WEAK,False,,not_screened_by_v1,threshold,WEAK,NEITHER_OR_NOT_SCREENED,NEITHER
MEASURE_ET_DC_RF_Vg_gm_max_W,THRESHOLD,WEAK,False,,not_screened_by_v1,complex_nonmonotonic,STRONG,NEITHER_OR_NOT_SCREENED,OTHER_METHOD_ONLY
MEASURE_ET_DC_SEC_Gm_0,U_SHAPED,WEAK,False,,not_screened_by_v1,complex_nonmonotonic,WEAK,NEITHER_OR_NOT_SCREENED,NEITHER
TOPSIN_ET_Gate_res,PROCESS_WINDOW,WEAK,True,,not_screened_by_v1,complex_nonmonotonic,INCONCLUSIVE,NEITHER_OR_NOT_SCREENED,NEITHER
MEASURE_ET_DC_SEC_X_Ig_cut3_mAmm_neg,U_SHAPED,WEAK,False,,not_screened_by_v1,threshold,STRONG,NEITHER_OR_NOT_SCREENED,OTHER_METHOD_ONLY
MEASURE_ET_DC_RF_Ft,THRESHOLD,WEAK,False,,not_screened_by_v1,complex_nonmonotonic,WEAK,NEITHER_OR_NOT_SCREENED,NEITHER
TOPSIN_ET_DC_SMALL_Vds_max,THRESHOLD,WEAK,False,,not_screened_by_v1,complex_nonmonotonic,WEAK,NEITHER_OR_NOT_SCREENED,NEITHER
MEASURE_ET_Rc_f_tn_23,U_SHAPED,WEAK,True,,not_screened_by_v1,complex_nonmonotonic,WEAK,NEITHER_OR_NOT_SCREENED,NEITHER
MEASURE_ET_DC_SEC_X_Vboff_Id,THRESHOLD,WEAK,False,flat_no_clear_effect,INCONCLUSIVE,threshold,STRONG,NEITHER,OTHER_METHOD_ONLY
TOPSIN_ET_DC_RF_Vbgd_0p01,COMPLEX_NONLINEAR,WEAK,False,,not_screened_by_v1,complex_nonmonotonic,INCONCLUSIVE,NEITHER_OR_NOT_SCREENED,NEITHER
BRGM_ET_i5021_2,SATURATION,WEAK,True,,not_screened_by_v1,complex_nonmonotonic,INCONCLUSIVE,NEITHER_OR_NOT_SCREENED,NEITHER
MEASURE_ET_DC_SEC_S_Vg_at_I1_neg_SD3p5,SATURATION,WEAK,False,,not_screened_by_v1,U_shape,INCONCLUSIVE,NEITHER_OR_NOT_SCREENED,NEITHER
MEASURE_ET_DC_SEC_X_Ids_max,PROCESS_WINDOW,WEAK,False,,not_screened_by_v1,threshold,STRONG,NEITHER_OR_NOT_SCREENED,OTHER_METHOD_ONLY
TOPSIN_ET_TANR,SATURATION,WEAK,False,,not_screened_by_v1,threshold,WEAK,NEITHER_OR_NOT_SCREENED,NEITHER
MEASURE_ET_DC_SEC_X_Vg_at_I3_neg,THRESHOLD,WEAK,True,,not_screened_by_v1,complex_nonmonotonic,MODERATE,NEITHER_OR_NOT_SCREENED,OTHER_METHOD_ONLY
OHMIC_ET_OHMIC_conc,THRESHOLD,WEAK,True,,not_screened_by_v1,complex_nonmonotonic,WEAK,NEITHER_OR_NOT_SCREENED,NEITHER
MEASURE_ET_Cap3pf,SATURATION,WEAK,False,,not_screened_by_v1,complex_nonmonotonic,INCONCLUSIVE,NEITHER_OR_NOT_SCREENED,NEITHER
TOPSIN_ET_DC_PIV_Ids1_QP3,THRESHOLD,WEAK,False,,not_screened_by_v1,complex_nonmonotonic,WEAK,NEITHER_OR_NOT_SCREENED,NEITHER
MEASURE_ET_DC_SEC_S_Vp_1_mA_mm_second_FPSD3p2,SATURATION,WEAK,True,,not_screened_by_v1,threshold,WEAK,NEITHER_OR_NOT_SCREENED,NEITHER
FIN_Etch_Hard_Bias,THRESHOLD,WEAK,False,,not_screened_by_v1,complex_nonmonotonic,INCONCLUSIVE,NEITHER_OR_NOT_SCREENED,NEITHER
MESA_ET_Probe_Number,THRESHOLD,WEAK,True,,not_screened_by_v1,U_shape,INCONCLUSIVE,NEITHER_OR_NOT_SCREENED,NEITHER
TFRP_ET_Probe_Number,COMPLEX_NONLINEAR,WEAK,False,,not_screened_by_v1,threshold,INCONCLUSIVE,NEITHER_OR_NOT_SCREENED,NEITHER
THIN_Measure1_Glue_thickness,SATURATION,WEAK,True,,not_screened_by_v1,inverted_U,INCONCLUSIVE,NEITHER_OR_NOT_SCREENED,NEITHER
MEASURE_ET_DC_SEC_S_Ron_SD3p5,PROCESS_WINDOW,WEAK,False,,not_screened_by_v1,threshold,STRONG,NEITHER_OR_NOT_SCREENED,OTHER_METHOD_ONLY
FIC_ET_DC_RF_Vdg_max_0p1,U_SHAPED,WEAK,True,,not_screened_by_v1,U_shape,INCONCLUSIVE,NEITHER_OR_NOT_SCREENED,NEITHER
TOPSIN_ET_DC_SMALL_Vp_01,COMPLEX_NONLINEAR,WEAK,False,,not_screened_by_v1,complex_nonmonotonic,WEAK,NEITHER_OR_NOT_SCREENED,NEITHER
MEASURE_ET_DC_RF_Min_S21_Mag_L1018,SATURATION,WEAK,False,,not_screened_by_v1,complex_nonmonotonic,INCONCLUSIVE,NEITHER_OR_NOT_SCREENED,NEITHER
THIN_ET_R_f_tn_1,SATURATION,WEAK,False,,not_screened_by_v1,complex_nonmonotonic,INCONCLUSIVE,NEITHER_OR_NOT_SCREENED,NEITHER
MEASURE_ET_DC_Big_Ids_m0p2,THRESHOLD,WEAK,False,,not_screened_by_v1,threshold,WEAK,NEITHER_OR_NOT_SCREENED,NEITHER
MEASURE_ET_Ids_m2,SATURATION,WEAK,False,,not_screened_by_v1,complex_nonmonotonic,INCONCLUSIVE,NEITHER_OR_NOT_SCREENED,NEITHER
MEASURE_ET_DC_SEC_X_Id_mA_mm_at_Vg3,THRESHOLD,WEAK,False,,not_screened_by_v1,threshold,MODERATE,NEITHER_OR_NOT_SCREENED,OTHER_METHOD_ONLY
MEASURE_ET_DC_SEC_S_Vboff_Id_plus_Ig_SD3p5,SATURATION,WEAK,False,,not_screened_by_v1,complex_nonmonotonic,MODERATE,NEITHER_OR_NOT_SCREENED,OTHER_METHOD_ONLY
VIA_Etch_Via_etch_end_point_time,THRESHOLD,WEAK,False,,not_screened_by_v1,U_shape,INCONCLUSIVE,NEITHER_OR_NOT_SCREENED,NEITHER
HIRS_M_Gauge_P_E_MoSi,PROCESS_WINDOW,WEAK,True,,not_screened_by_v1,inverted_U,INCONCLUSIVE,NEITHER_OR_NOT_SCREENED,NEITHER
MEASURE_ET_DC_RF_Max_S11_Freq_L1018,COMPLEX_NONLINEAR,WEAK,False,,not_screened_by_v1,complex_nonmonotonic,WEAK,NEITHER_OR_NOT_SCREENED,NEITHER
MEASURE_ET_DC_RF_CF_S12_Ph_L1002,SATURATION,WEAK,False,,not_screened_by_v1,complex_nonmonotonic,INCONCLUSIVE,NEITHER_OR_NOT_SCREENED,NEITHER
THIN_ET_R_f_hr_2,SATURATION,WEAK,False,,not_screened_by_v1,complex_nonmonotonic,INCONCLUSIVE,NEITHER_OR_NOT_SCREENED,NEITHER
OHMIC_ET_Probe_Number,SATURATION,WEAK,False,,not_screened_by_v1,inverted_U,INCONCLUSIVE,NEITHER_OR_NOT_SCREENED,NEITHER
TOPSIN_ET_DC_RF_n_gd,U_SHAPED,WEAK,False,,not_screened_by_v1,complex_nonmonotonic,WEAK,NEITHER_OR_NOT_SCREENED,NEITHER
THIN_ET_Er,INVERTED_U,WEAK,False,,not_screened_by_v1,threshold,MODERATE,NEITHER_OR_NOT_SCREENED,OTHER_METHOD_ONLY
MEASURE_ET_DC_RF_S21ang_26GHz,COMPLEX_NONLINEAR,WEAK,False,,not_screened_by_v1,complex_nonmonotonic,INCONCLUSIVE,NEITHER_OR_NOT_SCREENED,NEITHER
MEASURE_ET_DC_SEC_X_Vg_at_I3_pos_SD3p5,THRESHOLD,WEAK,False,,not_screened_by_v1,threshold,MODERATE,NEITHER_OR_NOT_SCREENED,OTHER_METHOD_ONLY
MEASURE_ET_DC_SEC_S_Vp_1_mA_mm,THRESHOLD,WEAK,True,,not_screened_by_v1,threshold,MODERATE,NEITHER_OR_NOT_SCREENED,OTHER_METHOD_ONLY
MEASURE_ET_DC_RF_CF_S11_Mag_L1018,THRESHOLD,WEAK,False,,not_screened_by_v1,complex_nonmonotonic,MODERATE,NEITHER_OR_NOT_SCREENED,OTHER_METHOD_ONLY
MEASURE_ET_DC_RF_ids_m0p2_W,PROCESS_WINDOW,WEAK,False,,not_screened_by_v1,complex_nonmonotonic,INCONCLUSIVE,NEITHER_OR_NOT_SCREENED,NEITHER
MEASURE_ET_DC_RD_S12dB_18GHz,SATURATION,WEAK,False,,not_screened_by_v1,complex_nonmonotonic,INCONCLUSIVE,NEITHER_OR_NOT_SCREENED,NEITHER
MEASURE_ET_DC_RF_Vp_01_W,THRESHOLD,WEAK,False,,not_screened_by_v1,U_shape,INCONCLUSIVE,NEITHER_OR_NOT_SCREENED,NEITHER
MEASURE_ET_RF_Modeling_Vp_1_W,SATURATION,WEAK,False,,not_screened_by_v1,complex_nonmonotonic,INCONCLUSIVE,NEITHER_OR_NOT_SCREENED,NEITHER
FIC_ET_DC_PIV_Ids0_QP3,SATURATION,WEAK,False,,not_screened_by_v1,threshold,STRONG,NEITHER_OR_NOT_SCREENED,OTHER_METHOD_ONLY
MEASURE_ET_C175pf,U_SHAPED,WEAK,False,,not_screened_by_v1,monotonic,MODERATE,NEITHER_OR_NOT_SCREENED,OTHER_METHOD_ONLY
TOPSIN_ET_G2_per_6K,SATURATION,WEAK,False,,not_screened_by_v1,complex_nonmonotonic,INCONCLUSIVE,NEITHER_OR_NOT_SCREENED,NEITHER
TOPSIN_ET_Load_Pull_PhL_set,COMPLEX_NONLINEAR,WEAK,False,,not_screened_by_v1,complex_nonmonotonic,WEAK,NEITHER_OR_NOT_SCREENED,NEITHER
MEASURE_ET_DC_RF_S12dB_10GHz,U_SHAPED,WEAK,False,,not_screened_by_v1,threshold,STRONG,NEITHER_OR_NOT_SCREENED,OTHER_METHOD_ONLY
TOPSIN_ET_Cap1pf,INVERTED_U,WEAK,True,,not_screened_by_v1,complex_nonmonotonic,WEAK,NEITHER_OR_NOT_SCREENED,NEITHER
MEASURE_ET_DC_RF_Freq_cut_L1002,THRESHOLD,WEAK,True,,not_screened_by_v1,inverted_U,INCONCLUSIVE,NEITHER_OR_NOT_SCREENED,NEITHER
TOPSIN_ET_R_f_tn_2,THRESHOLD,WEAK,False,,not_screened_by_v1,complex_nonmonotonic,INCONCLUSIVE,NEITHER_OR_NOT_SCREENED,NEITHER
MEASURE_ET_DC_Stress_Id_max_Ig_before,SATURATION,WEAK,True,,not_screened_by_v1,threshold,STRONG,NEITHER_OR_NOT_SCREENED,OTHER_METHOD_ONLY
MEASURE_ET_DC_Big_MAG_18GHz,U_SHAPED,WEAK,False,,not_screened_by_v1,complex_nonmonotonic,INCONCLUSIVE,NEITHER_OR_NOT_SCREENED,NEITHER
SIN_Thickness2_RefractiveIndex,SATURATION,WEAK,False,,not_screened_by_v1,threshold,INCONCLUSIVE,NEITHER_OR_NOT_SCREENED,NEITHER
BPLATE_Height_BPLATE_metal_thickness,COMPLEX_NONLINEAR,WEAK,False,,not_screened_by_v1,threshold,WEAK,NEITHER_OR_NOT_SCREENED,NEITHER
MEASURE_ET_DC_RF_CF_S21_Mag_L2180,THRESHOLD,WEAK,False,,not_screened_by_v1,threshold,MODERATE,NEITHER_OR_NOT_SCREENED,OTHER_METHOD_ONLY
TFRP_ET_TF_AB_1,SATURATION,WEAK,False,,not_screened_by_v1,threshold,MODERATE,NEITHER_OR_NOT_SCREENED,OTHER_METHOD_ONLY
MEASURE_ET_Load_Pull_Pin_Last,THRESHOLD,WEAK,False,,not_screened_by_v1,complex_nonmonotonic,INCONCLUSIVE,NEITHER_OR_NOT_SCREENED,NEITHER
TOPSIN_ET_Vg_Vds_max,INVERTED_U,WEAK,False,,not_screened_by_v1,inverted_U,INCONCLUSIVE,NEITHER_OR_NOT_SCREENED,NEITHER
TOPSIN_ET_DC_RF_Vdg_max_0p1,PROCESS_WINDOW,WEAK,False,,not_screened_by_v1,threshold,STRONG,NEITHER_OR_NOT_SCREENED,OTHER_METHOD_ONLY
THIN_ET_DC_RF_Vp_01,SATURATION,WEAK,False,,not_screened_by_v1,complex_nonmonotonic,WEAK,NEITHER_OR_NOT_SCREENED,NEITHER
MEASURE_ET_RF_Modeling_Vp_01_W,SATURATION,WEAK,False,,not_screened_by_v1,complex_nonmonotonic,INCONCLUSIVE,NEITHER_OR_NOT_SCREENED,NEITHER
MEASURE_ET_DC_RF_CF_S21_Ph_L1018,THRESHOLD,WEAK,False,,not_screened_by_v1,complex_nonmonotonic,INCONCLUSIVE,NEITHER_OR_NOT_SCREENED,NEITHER
MEASURE_ET_RF_Modeling_S21dB_10GHz,INVERTED_U,WEAK,True,,not_screened_by_v1,complex_nonmonotonic,INCONCLUSIVE,NEITHER_OR_NOT_SCREENED,NEITHER
MEASURE_ET_DC_RD_S12ang_18GHz,SATURATION,WEAK,False,,not_screened_by_v1,complex_nonmonotonic,INCONCLUSIVE,NEITHER_OR_NOT_SCREENED,NEITHER
FIC_ET_Ig_mAmm_at_Vd_cond,INVERTED_U,WEAK,True,,not_screened_by_v1,inverted_U,INCONCLUSIVE,NEITHER_OR_NOT_SCREENED,NEITHER
BRIDGE_METAL_Height2_BRGM_Height2,THRESHOLD,WEAK,False,,not_screened_by_v1,monotonic,MODERATE,NEITHER_OR_NOT_SCREENED,OTHER_METHOD_ONLY
MEASURE_ET_RGAN3,THRESHOLD,WEAK,False,,not_screened_by_v1,threshold,MODERATE,NEITHER_OR_NOT_SCREENED,OTHER_METHOD_ONLY
MEASURE_ET_DC_Big_Vp_1,THRESHOLD,WEAK,False,,not_screened_by_v1,complex_nonmonotonic,INCONCLUSIVE,NEITHER_OR_NOT_SCREENED,NEITHER
ANODE_ET_Ran_con_3_OW_CR,PROCESS_WINDOW,WEAK,False,,not_screened_by_v1,complex_nonmonotonic,INCONCLUSIVE,NEITHER_OR_NOT_SCREENED,NEITHER
MEASURE_ET_C300FB,PROCESS_WINDOW,WEAK,False,,not_screened_by_v1,complex_nonmonotonic,INCONCLUSIVE,NEITHER_OR_NOT_SCREENED,NEITHER
MEASURE_ET_DC_Big_Vds_max_0p1mA,THRESHOLD,WEAK,False,,not_screened_by_v1,complex_nonmonotonic,INCONCLUSIVE,NEITHER_OR_NOT_SCREENED,NEITHER
TOPSIN_ET_Load_Pull_Pin_Cut,THRESHOLD,WEAK,False,,not_screened_by_v1,threshold,WEAK,NEITHER_OR_NOT_SCREENED,NEITHER
MEASURE_ET_DC_SEC_S_Vg_at_I1_pos_SD3p5,THRESHOLD,WEAK,True,,not_screened_by_v1,threshold,STRONG,NEITHER_OR_NOT_SCREENED,OTHER_METHOD_ONLY
MEASURE_ET_RF_Modeling_S21_25G_After,U_SHAPED,WEAK,False,,not_screened_by_v1,threshold,STRONG,NEITHER_OR_NOT_SCREENED,OTHER_METHOD_ONLY
MEASURE_ET_DC_SEC_X_Vg_at_I2_neg,THRESHOLD,WEAK,False,,not_screened_by_v1,complex_nonmonotonic,INCONCLUSIVE,NEITHER_OR_NOT_SCREENED,NEITHER
FP2_Height1_FP2_Height1,THRESHOLD,WEAK,False,,not_screened_by_v1,complex_nonmonotonic,INCONCLUSIVE,NEITHER_OR_NOT_SCREENED,NEITHER
ANODE_ET_Ran_con_3,THRESHOLD,WEAK,False,flat_no_clear_effect,INCONCLUSIVE,threshold,INCONCLUSIVE,NEITHER,NEITHER
TOPSIN_ET_Load_Pull_ID_comp_Last_mA,COMPLEX_NONLINEAR,WEAK,False,,not_screened_by_v1,U_shape,INCONCLUSIVE,NEITHER_OR_NOT_SCREENED,NEITHER
MEASURE_ET_RF_Modeling_Cds,INVERTED_U,WEAK,False,,not_screened_by_v1,threshold,STRONG,NEITHER_OR_NOT_SCREENED,OTHER_METHOD_ONLY
TOPSIN_ET_C385pf_0,SATURATION,WEAK,False,,not_screened_by_v1,monotonic,WEAK,NEITHER_OR_NOT_SCREENED,NEITHER
MEASURE_ET_DC_RD_Vboff,THRESHOLD,WEAK,False,,not_screened_by_v1,complex_nonmonotonic,INCONCLUSIVE,NEITHER_OR_NOT_SCREENED,NEITHER
MEASURE_ET_DC_SEC_S_Ig_cut3_mAmm_neg_FPSD3p2,PROCESS_WINDOW,WEAK,False,,not_screened_by_v1,complex_nonmonotonic,MODERATE,NEITHER_OR_NOT_SCREENED,OTHER_METHOD_ONLY
SIN_ET_DC_RF_Vds_max,THRESHOLD,WEAK,False,,not_screened_by_v1,U_shape,INCONCLUSIVE,NEITHER_OR_NOT_SCREENED,NEITHER
MEASURE_ET_DC_RF_Vbon_min,COMPLEX_NONLINEAR,WEAK,False,flat_no_clear_effect,INCONCLUSIVE,threshold,MODERATE,NEITHER,OTHER_METHOD_ONLY
MEASURE_ET_DC_SEC_X_Id_mA_mm_at_Vg1_FPSD3p2,THRESHOLD,WEAK,False,,not_screened_by_v1,threshold,WEAK,NEITHER_OR_NOT_SCREENED,NEITHER
MEASURE_ET_DC_RD_Vg_Vbon_max,THRESHOLD,WEAK,False,,not_screened_by_v1,U_shape,INCONCLUSIVE,NEITHER_OR_NOT_SCREENED,NEITHER
MEASURE_ET_DC_SEC_S_Id_mA_mm_at_Vg3,THRESHOLD,WEAK,False,,not_screened_by_v1,threshold,STRONG,NEITHER_OR_NOT_SCREENED,OTHER_METHOD_ONLY
MEASURE_ET_DC_SEC_S_Vg_at_I3_neg_FPSD3p2,THRESHOLD,WEAK,False,,not_screened_by_v1,threshold,MODERATE,NEITHER_OR_NOT_SCREENED,OTHER_METHOD_ONLY
MEASURE_ET_DC_Big_S11dB_10GHz,SATURATION,WEAK,False,,not_screened_by_v1,complex_nonmonotonic,WEAK,NEITHER_OR_NOT_SCREENED,NEITHER
MEASURE_ET_Load_Pull_GL_meas,THRESHOLD,WEAK,False,,not_screened_by_v1,complex_nonmonotonic,INCONCLUSIVE,NEITHER_OR_NOT_SCREENED,NEITHER
ABVIA_CD_AB_VIA_litho,THRESHOLD,WEAK,False,,not_screened_by_v1,complex_nonmonotonic,INCONCLUSIVE,NEITHER_OR_NOT_SCREENED,NEITHER
THIN_ET_Ran_con_3,THRESHOLD,WEAK,False,,not_screened_by_v1,threshold,MODERATE,NEITHER_OR_NOT_SCREENED,OTHER_METHOD_ONLY
FIC_ET_DC_RF_Vg_max_Vd,SATURATION,WEAK,False,flat_no_clear_effect,INCONCLUSIVE,complex_nonmonotonic,STRONG,NEITHER,OTHER_METHOD_ONLY
BRGM_Height3_TOP_metal_thickness,THRESHOLD,WEAK,False,,not_screened_by_v1,inverted_U,INCONCLUSIVE,NEITHER_OR_NOT_SCREENED,NEITHER
MEASURE_ET_DC_SEC_X_Id_mA_mm_at_Vg2_FPSD3p2,SATURATION,WEAK,False,,not_screened_by_v1,threshold,INCONCLUSIVE,NEITHER_OR_NOT_SCREENED,NEITHER
SIN_GATE_ET_R414,THRESHOLD,WEAK,False,,not_screened_by_v1,complex_nonmonotonic,INCONCLUSIVE,NEITHER_OR_NOT_SCREENED,NEITHER
MEASURE_ET_DC_RF2_S21dB_26GHz,THRESHOLD,WEAK,False,,not_screened_by_v1,complex_nonmonotonic,INCONCLUSIVE,NEITHER_OR_NOT_SCREENED,NEITHER
MEASURE_ET_DC_SEC_S_Vg_at_I3_neg_SD3p5,THRESHOLD,WEAK,False,,not_screened_by_v1,threshold,MODERATE,NEITHER_OR_NOT_SCREENED,OTHER_METHOD_ONLY
MEASURE_ET_DC_PIV_Ids0_QP3,THRESHOLD,WEAK,False,,not_screened_by_v1,complex_nonmonotonic,INCONCLUSIVE,NEITHER_OR_NOT_SCREENED,NEITHER
SIN_Thickness1_RefractiveIndex,THRESHOLD,WEAK,False,,not_screened_by_v1,threshold,STRONG,NEITHER_OR_NOT_SCREENED,OTHER_METHOD_ONLY
MEASURE_ET_DC_SEC_X_Ig_cut3_mAmm_neg_SD3p5,SATURATION,WEAK,False,,not_screened_by_v1,complex_nonmonotonic,INCONCLUSIVE,NEITHER_OR_NOT_SCREENED,NEITHER
FIC_ET_Probe_Number,SATURATION,WEAK,False,flat_no_clear_effect,INCONCLUSIVE,threshold,MODERATE,NEITHER,OTHER_METHOD_ONLY
THIN_Measure2GN_Thickness_after_grinding,THRESHOLD,WEAK,False,,not_screened_by_v1,threshold,WEAK,NEITHER_OR_NOT_SCREENED,NEITHER
MESA_Height_Mesa_Height,SATURATION,WEAK,False,,not_screened_by_v1,threshold,MODERATE,NEITHER_OR_NOT_SCREENED,OTHER_METHOD_ONLY
GATE2_CD_330nm_Gate_Win_Length,SATURATION,WEAK,False,,not_screened_by_v1,complex_nonmonotonic,INCONCLUSIVE,NEITHER_OR_NOT_SCREENED,NEITHER
MESA_CD_Mesa_CD_Radius,THRESHOLD,WEAK,False,,not_screened_by_v1,threshold,WEAK,NEITHER_OR_NOT_SCREENED,NEITHER
MEASURE_ET_LT_SEC_Ileak_m7V_mA_mm,FLAT,INCONCLUSIVE,False,,not_screened_by_v1,complex_nonmonotonic,STRONG,NEITHER_OR_NOT_SCREENED,OTHER_METHOD_ONLY
THIN_ET_Cap20,FLAT,INCONCLUSIVE,True,,not_screened_by_v1,complex_nonmonotonic,WEAK,NEITHER_OR_NOT_SCREENED,NEITHER
MEASURE_ET_DC_RF_Vds_max_0p1mA,FLAT,INCONCLUSIVE,True,,not_screened_by_v1,complex_nonmonotonic,WEAK,NEITHER_OR_NOT_SCREENED,NEITHER
MEASURE_ET_DC_SEC_S_Vg_at_I1_neg_FPSD3p2,FLAT,INCONCLUSIVE,False,,not_screened_by_v1,threshold,INCONCLUSIVE,NEITHER_OR_NOT_SCREENED,NEITHER
TOPSIN_ET_DC_SMALL_Vbgs1,FLAT,INCONCLUSIVE,False,flat_no_clear_effect,INCONCLUSIVE,complex_nonmonotonic,WEAK,NEITHER,NEITHER
MEASURE_ET_DC_RD_Vboff_ON,FLAT,INCONCLUSIVE,False,,not_screened_by_v1,complex_nonmonotonic,WEAK,NEITHER_OR_NOT_SCREENED,NEITHER
OHMIC_Thickness_SiN_Thickness,FLAT,INCONCLUSIVE,True,,not_screened_by_v1,complex_nonmonotonic,WEAK,NEITHER_OR_NOT_SCREENED,NEITHER
TOPSIN_ThicknessGN_SiN_Thickness,FLAT,INCONCLUSIVE,False,,not_screened_by_v1,complex_nonmonotonic,INCONCLUSIVE,NEITHER_OR_NOT_SCREENED,NEITHER
MEASURE_ET_C100CapFICM1,FLAT,INCONCLUSIVE,True,,not_screened_by_v1,inverted_U,INCONCLUSIVE,NEITHER_OR_NOT_SCREENED,NEITHER
MEASURE_ET_RF_Modeling_Mag_m,FLAT,INCONCLUSIVE,False,,not_screened_by_v1,complex_nonmonotonic,INCONCLUSIVE,NEITHER_OR_NOT_SCREENED,NEITHER
FIC_ET_DC_RF_Vg_max_Vd_0p1,FLAT,INCONCLUSIVE,False,,not_screened_by_v1,monotonic,WEAK,NEITHER_OR_NOT_SCREENED,NEITHER
THIN_ET_sh_GA142,FLAT,INCONCLUSIVE,False,,not_screened_by_v1,complex_nonmonotonic,INCONCLUSIVE,NEITHER_OR_NOT_SCREENED,NEITHER
MEASURE_ET_DC_SEC_S_Vg_at_I1_pos,FLAT,INCONCLUSIVE,False,,not_screened_by_v1,threshold,WEAK,NEITHER_OR_NOT_SCREENED,NEITHER
ANODE_ET_Ran_con_2_OW_CR,FLAT,INCONCLUSIVE,False,,not_screened_by_v1,monotonic,INCONCLUSIVE,NEITHER_OR_NOT_SCREENED,NEITHER
SIN_GATE_ET_Ran_con_1,FLAT,INCONCLUSIVE,False,,not_screened_by_v1,threshold,STRONG,NEITHER_OR_NOT_SCREENED,OTHER_METHOD_ONLY
MEASURE_ET_Load_Pull_PhL_set,FLAT,INCONCLUSIVE,False,,not_screened_by_v1,complex_nonmonotonic,INCONCLUSIVE,NEITHER_OR_NOT_SCREENED,NEITHER
OHMIC_ET_R214,FLAT,INCONCLUSIVE,False,,not_screened_by_v1,inverted_U,INCONCLUSIVE,NEITHER_OR_NOT_SCREENED,NEITHER
MEASURE_ET_DC_SEC_X_Ig_mAmm_at_Vg_cond_neg_SD3p5,FLAT,INCONCLUSIVE,True,,not_screened_by_v1,threshold,STRONG,NEITHER_OR_NOT_SCREENED,OTHER_METHOD_ONLY
MEASURE_ET_Cap_C300FB,FLAT,INCONCLUSIVE,False,,not_screened_by_v1,complex_nonmonotonic,INCONCLUSIVE,NEITHER_OR_NOT_SCREENED,NEITHER
TOPSIN_ET_DC_SMALL_Vbin_gs,FLAT,INCONCLUSIVE,False,,not_screened_by_v1,threshold,MODERATE,NEITHER_OR_NOT_SCREENED,OTHER_METHOD_ONLY
MEASURE_ET_Load_Pull_P.A.E_Last,FLAT,INCONCLUSIVE,False,,not_screened_by_v1,complex_nonmonotonic,INCONCLUSIVE,NEITHER_OR_NOT_SCREENED,NEITHER
MEASURE_ET_C100CapUSV,FLAT,INCONCLUSIVE,False,,not_screened_by_v1,complex_nonmonotonic,WEAK,NEITHER_OR_NOT_SCREENED,NEITHER
SIN_GATE_ET_Ran_con_2,FLAT,INCONCLUSIVE,False,flat_no_clear_effect,INCONCLUSIVE,threshold,MODERATE,NEITHER,OTHER_METHOD_ONLY
TOPSIN_ET_C100C385pf,FLAT,INCONCLUSIVE,False,,not_screened_by_v1,complex_nonmonotonic,MODERATE,NEITHER_OR_NOT_SCREENED,OTHER_METHOD_ONLY
MEASURE_ET_Rsh_an_ct2_OW_CR,FLAT,INCONCLUSIVE,False,,not_screened_by_v1,threshold,STRONG,NEITHER_OR_NOT_SCREENED,OTHER_METHOD_ONLY
SIN_ET_DC_RF_Vg_max_Vd_0p1mA,FLAT,INCONCLUSIVE,False,,not_screened_by_v1,complex_nonmonotonic,INCONCLUSIVE,NEITHER_OR_NOT_SCREENED,NEITHER
TOPSIN_ET_C100C450pf,FLAT,INCONCLUSIVE,True,,not_screened_by_v1,threshold,WEAK,NEITHER_OR_NOT_SCREENED,NEITHER
ANODE_ET_C_AN_2_OW_CR,FLAT,INCONCLUSIVE,False,,not_screened_by_v1,threshold,WEAK,NEITHER_OR_NOT_SCREENED,NEITHER
MEASURE_ET_DC_SEC_S_Vp_1_mA_mm_first_FPSD3p2,FLAT,INCONCLUSIVE,False,,not_screened_by_v1,monotonic,WEAK,NEITHER_OR_NOT_SCREENED,NEITHER
SIN_ET_DC_RF_Vt_gs,FLAT,INCONCLUSIVE,False,,not_screened_by_v1,threshold,MODERATE,NEITHER_OR_NOT_SCREENED,OTHER_METHOD_ONLY
MEASURE_ET_G2_per_6K,FLAT,INCONCLUSIVE,False,,not_screened_by_v1,threshold,MODERATE,NEITHER_OR_NOT_SCREENED,OTHER_METHOD_ONLY
MEASURE_ET_DC_SEC_S_Ids_max_norm_SD3p5,FLAT,INCONCLUSIVE,False,,not_screened_by_v1,threshold,MODERATE,NEITHER_OR_NOT_SCREENED,OTHER_METHOD_ONLY
THIN_ET_C200_0,FLAT,INCONCLUSIVE,True,,not_screened_by_v1,complex_nonmonotonic,INCONCLUSIVE,NEITHER_OR_NOT_SCREENED,NEITHER
MEASURE_ET_Rc_f_hr_23,FLAT,INCONCLUSIVE,False,,not_screened_by_v1,complex_nonmonotonic,INCONCLUSIVE,NEITHER_OR_NOT_SCREENED,NEITHER
MEASURE_ET_Load_Pull_Id_ini,FLAT,INCONCLUSIVE,False,,not_screened_by_v1,threshold,MODERATE,NEITHER_OR_NOT_SCREENED,OTHER_METHOD_ONLY
MEASURE_ET_Rcat_cn_1,FLAT,INCONCLUSIVE,False,,not_screened_by_v1,complex_nonmonotonic,MODERATE,NEITHER_OR_NOT_SCREENED,OTHER_METHOD_ONLY
MEASURE_ET_DC_SEC_X_Vg_at_I1_neg_FPSD3p2,FLAT,INCONCLUSIVE,False,,not_screened_by_v1,threshold,MODERATE,NEITHER_OR_NOT_SCREENED,OTHER_METHOD_ONLY
MEASURE_ET_DC_RF_CF_S21_Ph_L1002,FLAT,INCONCLUSIVE,False,,not_screened_by_v1,complex_nonmonotonic,INCONCLUSIVE,NEITHER_OR_NOT_SCREENED,NEITHER
THIN_ET_R_f_tn_3,FLAT,INCONCLUSIVE,False,,not_screened_by_v1,monotonic,MODERATE,NEITHER_OR_NOT_SCREENED,OTHER_METHOD_ONLY
MEASURE_ET_DC_Big_Ft,FLAT,INCONCLUSIVE,False,,not_screened_by_v1,threshold,STRONG,NEITHER_OR_NOT_SCREENED,OTHER_METHOD_ONLY
MEASURE_ET_Load_Pull_Pout_Last,FLAT,INCONCLUSIVE,False,,not_screened_by_v1,threshold,MODERATE,NEITHER_OR_NOT_SCREENED,OTHER_METHOD_ONLY
MEASURE_ET_DC_SEC_X_Ig_cut1_mAmm_pos,FLAT,INCONCLUSIVE,False,threshold,INCONCLUSIVE,complex_nonmonotonic,WEAK,NEITHER,NEITHER
TFRP_ET_TF_AB_3,FLAT,INCONCLUSIVE,False,,not_screened_by_v1,threshold,MODERATE,NEITHER_OR_NOT_SCREENED,OTHER_METHOD_ONLY
MEASURE_ET_DC_SEC_Vgs_1V,FLAT,INCONCLUSIVE,False,,not_screened_by_v1,inverted_U,INCONCLUSIVE,NEITHER_OR_NOT_SCREENED,NEITHER
MEASURE_ET_DC_Stress_Vg_max_Ig_before,FLAT,INCONCLUSIVE,False,,not_screened_by_v1,complex_nonmonotonic,INCONCLUSIVE,NEITHER_OR_NOT_SCREENED,NEITHER
MEASURE_ET_LT_SEC_Ig_Id_min_mA_mm,FLAT,INCONCLUSIVE,True,,not_screened_by_v1,U_shape,INCONCLUSIVE,NEITHER_OR_NOT_SCREENED,NEITHER
MEASURE_ET_DC_SEC_S_Ig_cut1_mAmm_pos_FPSD3p2,FLAT,INCONCLUSIVE,False,,not_screened_by_v1,monotonic,MODERATE,NEITHER_OR_NOT_SCREENED,OTHER_METHOD_ONLY
MEASURE_ET_DC_SEC_S_Id_mA_mm_at_Vg2_SD3p5,FLAT,INCONCLUSIVE,False,,not_screened_by_v1,threshold,MODERATE,NEITHER_OR_NOT_SCREENED,OTHER_METHOD_ONLY
FIC_ET_sh_f_tn_23,FLAT,INCONCLUSIVE,False,flat_no_clear_effect,INCONCLUSIVE,threshold,MODERATE,NEITHER,OTHER_METHOD_ONLY
MEASURE_ET_RF_Modeling_L_Gg,FLAT,INCONCLUSIVE,False,,not_screened_by_v1,U_shape,INCONCLUSIVE,NEITHER_OR_NOT_SCREENED,NEITHER
CHRE_CD_2_Channel_recess_CD_Etch,FLAT,INCONCLUSIVE,False,,not_screened_by_v1,complex_nonmonotonic,INCONCLUSIVE,NEITHER_OR_NOT_SCREENED,NEITHER
MEASURE_ET_DC_SEC_Vgs_0p5V,FLAT,INCONCLUSIVE,False,flat_no_clear_effect,INCONCLUSIVE,monotonic,MODERATE,NEITHER,OTHER_METHOD_ONLY
THIN_ET_DC_RF_Vt_gd,FLAT,INCONCLUSIVE,False,,not_screened_by_v1,monotonic,WEAK,NEITHER_OR_NOT_SCREENED,NEITHER
MEASURE_ET_DC_Diode_S21_dB_forw_9p5,FLAT,INCONCLUSIVE,False,,not_screened_by_v1,complex_nonmonotonic,INCONCLUSIVE,NEITHER_OR_NOT_SCREENED,NEITHER
MEASURE_ET_DC_SEC_S_Vg_at_I3_pos,FLAT,INCONCLUSIVE,False,,not_screened_by_v1,monotonic,MODERATE,NEITHER_OR_NOT_SCREENED,OTHER_METHOD_ONLY
TOPSIN_ET_R_f_hr_2,FLAT,INCONCLUSIVE,False,flat_no_clear_effect,INCONCLUSIVE,complex_nonmonotonic,INCONCLUSIVE,NEITHER,NEITHER
TOPSIN_ET_KLV_F_AB_4u,FLAT,INCONCLUSIVE,False,,not_screened_by_v1,complex_nonmonotonic,MODERATE,NEITHER_OR_NOT_SCREENED,OTHER_METHOD_ONLY
TOPSIN_ET_Load_Pull_GL_set,FLAT,INCONCLUSIVE,False,,not_screened_by_v1,monotonic,INCONCLUSIVE,NEITHER_OR_NOT_SCREENED,NEITHER
SIN_Thickness_RefractiveIndex,FLAT,INCONCLUSIVE,False,,not_screened_by_v1,threshold,WEAK,NEITHER_OR_NOT_SCREENED,NEITHER
MEASURE_ET_LT_SEC_Ig_Id_min_mA_mm_Vd8,FLAT,INCONCLUSIVE,False,,not_screened_by_v1,U_shape,INCONCLUSIVE,NEITHER_OR_NOT_SCREENED,NEITHER
FIC_ET_DC_RF_Vg_optt2,FLAT,INCONCLUSIVE,False,,not_screened_by_v1,threshold,WEAK,NEITHER_OR_NOT_SCREENED,NEITHER
SIN_ET_DC_RF_n_gd,FLAT,INCONCLUSIVE,False,,not_screened_by_v1,threshold,MODERATE,NEITHER_OR_NOT_SCREENED,OTHER_METHOD_ONLY
MEASURE_ET_DC_SEC_S_Bin,FLAT,INCONCLUSIVE,False,,not_screened_by_v1,threshold,STRONG,NEITHER_OR_NOT_SCREENED,OTHER_METHOD_ONLY
MEASURE_ET_Load_Pull_Pin_Cut,FLAT,INCONCLUSIVE,False,,not_screened_by_v1,monotonic,INCONCLUSIVE,NEITHER_OR_NOT_SCREENED,NEITHER
MEASURE_ET_C100USV_Cappf,FLAT,INCONCLUSIVE,True,,not_screened_by_v1,complex_nonmonotonic,MODERATE,NEITHER_OR_NOT_SCREENED,OTHER_METHOD_ONLY
TOPSIN_ET_DC_PIV_Ids0_QP2,FLAT,INCONCLUSIVE,False,,not_screened_by_v1,complex_nonmonotonic,INCONCLUSIVE,NEITHER_OR_NOT_SCREENED,NEITHER
TOPSIN_ET_Load_Pull_GL_meas,FLAT,INCONCLUSIVE,True,,not_screened_by_v1,threshold,MODERATE,NEITHER_OR_NOT_SCREENED,OTHER_METHOD_ONLY
MEASURE_ET_DC_RF_Vg_Vbon_min,FLAT,INCONCLUSIVE,False,flat_no_clear_effect,INCONCLUSIVE,threshold,MODERATE,NEITHER,OTHER_METHOD_ONLY
MEASURE_ET_RF_Modeling_S12ang_10GHz,FLAT,INCONCLUSIVE,False,flat_no_clear_effect,INCONCLUSIVE,complex_nonmonotonic,WEAK,NEITHER,NEITHER
THIN_ET_i5021_2,FLAT,INCONCLUSIVE,False,flat_no_clear_effect,INCONCLUSIVE,complex_nonmonotonic,INCONCLUSIVE,NEITHER,NEITHER
MEASURE_ET_R_f_hr_1,FLAT,INCONCLUSIVE,False,,not_screened_by_v1,complex_nonmonotonic,INCONCLUSIVE,NEITHER_OR_NOT_SCREENED,NEITHER
MEASURE_ET_DC_Stress_Ig_max_before,FLAT,INCONCLUSIVE,False,,not_screened_by_v1,threshold,WEAK,NEITHER_OR_NOT_SCREENED,NEITHER
MEASURE_ET_DC_SEC_X_Ig_mAmm_at_Vg_cond_pos_FPSD3p2,FLAT,INCONCLUSIVE,False,,not_screened_by_v1,monotonic,WEAK,NEITHER_OR_NOT_SCREENED,NEITHER
MEASURE_ET_RF_Modeling_Rs,INVERTED_U,INCONCLUSIVE,False,,not_screened_by_v1,inverted_U,INCONCLUSIVE,NEITHER_OR_NOT_SCREENED,NEITHER
TOPSIN_ET_R414,FLAT,INCONCLUSIVE,True,flat_no_clear_effect,INCONCLUSIVE,threshold,STRONG,NEITHER,OTHER_METHOD_ONLY
MEASURE_ET_RF_Modeling_S21_19G_After,FLAT,INCONCLUSIVE,False,flat_no_clear_effect,INCONCLUSIVE,monotonic,WEAK,NEITHER,NEITHER
MEASURE_ET_DC_SEC_S_Ig_cut1_mAmm_pos_SD3p5,FLAT,INCONCLUSIVE,False,,not_screened_by_v1,complex_nonmonotonic,INCONCLUSIVE,NEITHER_OR_NOT_SCREENED,NEITHER
MEASURE_ET_DC_RF_Max_S11_Mag_L1018,FLAT,INCONCLUSIVE,False,,not_screened_by_v1,complex_nonmonotonic,INCONCLUSIVE,NEITHER_OR_NOT_SCREENED,NEITHER
MEASURE_ET_DC_SEC_S_Ig_cut3_mAmm_neg,FLAT,INCONCLUSIVE,False,,not_screened_by_v1,complex_nonmonotonic,INCONCLUSIVE,NEITHER_OR_NOT_SCREENED,NEITHER
MEASURE_ET_i5021_2,FLAT,INCONCLUSIVE,False,,not_screened_by_v1,threshold,MODERATE,NEITHER_OR_NOT_SCREENED,OTHER_METHOD_ONLY
MEASURE_ET_DC_SEC_X_Id_plus_Ig_at_Vboff_mA_mm_FPSD3p2,FLAT,INCONCLUSIVE,False,flat_no_clear_effect,INCONCLUSIVE,complex_nonmonotonic,INCONCLUSIVE,NEITHER,NEITHER
VIA_GaN_Height_Ni_height,FLAT,INCONCLUSIVE,False,,not_screened_by_v1,threshold,MODERATE,NEITHER_OR_NOT_SCREENED,OTHER_METHOD_ONLY
MEASURE_ET_DC_Diode_S11_dB_rev_9p5,SATURATION,INCONCLUSIVE,False,,not_screened_by_v1,complex_nonmonotonic,INCONCLUSIVE,NEITHER_OR_NOT_SCREENED,NEITHER
TOPSIN_ET_DC_RF_Vt_gs,FLAT,INCONCLUSIVE,False,,not_screened_by_v1,complex_nonmonotonic,INCONCLUSIVE,NEITHER_OR_NOT_SCREENED,NEITHER
MEASURE_ET_DC_SEC_X_Vg_at_I1_pos,FLAT,INCONCLUSIVE,False,,not_screened_by_v1,monotonic,MODERATE,NEITHER_OR_NOT_SCREENED,OTHER_METHOD_ONLY
MEASURE_ET_DC_SEC_X_Ig_cut2_mAmm_neg,FLAT,INCONCLUSIVE,False,flat_no_clear_effect,INCONCLUSIVE,complex_nonmonotonic,INCONCLUSIVE,NEITHER,NEITHER
FIC_ET_DC_RF_Vbin_gs,FLAT,INCONCLUSIVE,True,,not_screened_by_v1,monotonic,MODERATE,NEITHER_OR_NOT_SCREENED,OTHER_METHOD_ONLY
ANODE_ET_Rsh_an_ct2,FLAT,INCONCLUSIVE,False,,not_screened_by_v1,inverted_U,INCONCLUSIVE,NEITHER_OR_NOT_SCREENED,NEITHER
MEASURE_ET_DC_RD_Id_Vbon_min,FLAT,INCONCLUSIVE,False,,not_screened_by_v1,monotonic,MODERATE,NEITHER_OR_NOT_SCREENED,OTHER_METHOD_ONLY
MEASURE_ET_C100C300pf,FLAT,INCONCLUSIVE,False,,not_screened_by_v1,complex_nonmonotonic,WEAK,NEITHER_OR_NOT_SCREENED,NEITHER
MEASURE_ET_DC_RF_Vbin_gs,FLAT,INCONCLUSIVE,True,,not_screened_by_v1,complex_nonmonotonic,INCONCLUSIVE,NEITHER_OR_NOT_SCREENED,NEITHER
MEASURE_ET_DC_SEC_X_Id_mA_mm_at_Vg1_SD3p5,FLAT,INCONCLUSIVE,False,,not_screened_by_v1,threshold,WEAK,NEITHER_OR_NOT_SCREENED,NEITHER
TOPSIN_ET_DC_RF_Vds_max_0p1,FLAT,INCONCLUSIVE,False,,not_screened_by_v1,flat,INCONCLUSIVE,NEITHER_OR_NOT_SCREENED,NEITHER
MEASURE_ET_DC_SEC_Vp_10mA,FLAT,INCONCLUSIVE,False,,not_screened_by_v1,complex_nonmonotonic,INCONCLUSIVE,NEITHER_OR_NOT_SCREENED,NEITHER
MEASURE_ET_C300pf,FLAT,INCONCLUSIVE,True,,not_screened_by_v1,complex_nonmonotonic,INCONCLUSIVE,NEITHER_OR_NOT_SCREENED,NEITHER
MEASURE_ET_LT_SEC_Vbgd1_Vd8,FLAT,INCONCLUSIVE,False,,not_screened_by_v1,U_shape,INCONCLUSIVE,NEITHER_OR_NOT_SCREENED,NEITHER
MEASURE_ET_DC_SEC_X_Vg_at_I3_neg_FPSD3p2,FLAT,INCONCLUSIVE,False,,not_screened_by_v1,threshold,MODERATE,NEITHER_OR_NOT_SCREENED,OTHER_METHOD_ONLY
TOPSIN_ET_C300,FLAT,INCONCLUSIVE,True,,not_screened_by_v1,complex_nonmonotonic,INCONCLUSIVE,NEITHER_OR_NOT_SCREENED,NEITHER
MEASURE_ET_DC_SEC_X_Vp_1_mA_mm_second_FPSD3p2,FLAT,INCONCLUSIVE,False,,not_screened_by_v1,complex_nonmonotonic,WEAK,NEITHER_OR_NOT_SCREENED,NEITHER
THIN_ET_DC_RF_Ids_m0p2,FLAT,INCONCLUSIVE,False,,not_screened_by_v1,monotonic,MODERATE,NEITHER_OR_NOT_SCREENED,OTHER_METHOD_ONLY
TOPSIN_ET_Cap1pf_0,FLAT,INCONCLUSIVE,False,,not_screened_by_v1,complex_nonmonotonic,INCONCLUSIVE,NEITHER_OR_NOT_SCREENED,NEITHER
MEASURE_ET_DC_SEC_S_Id_mA_mm_at_Vg1_SD3p5,FLAT,INCONCLUSIVE,False,,not_screened_by_v1,monotonic,WEAK,NEITHER_OR_NOT_SCREENED,NEITHER
THIN_Measure3GN_Thickness_after_etchback,FLAT,INCONCLUSIVE,False,,not_screened_by_v1,threshold,MODERATE,NEITHER_OR_NOT_SCREENED,OTHER_METHOD_ONLY
TOPSIN_ET_DC_SMALL_Vg_max_Vd_0p1,FLAT,INCONCLUSIVE,False,,not_screened_by_v1,complex_nonmonotonic,WEAK,NEITHER_OR_NOT_SCREENED,NEITHER
TANR_M_Gauge_P_E_TaN,FLAT,INCONCLUSIVE,False,,not_screened_by_v1,U_shape,INCONCLUSIVE,NEITHER_OR_NOT_SCREENED,NEITHER
MEASURE_ET_DC_SEC_S_Ig_cut2_mAmm_pos_SD3p5,FLAT,INCONCLUSIVE,False,,not_screened_by_v1,complex_nonmonotonic,WEAK,NEITHER_OR_NOT_SCREENED,NEITHER
FIC_ET_DC_RF_Vds_max_0p1mA,FLAT,INCONCLUSIVE,False,,not_screened_by_v1,monotonic,WEAK,NEITHER_OR_NOT_SCREENED,NEITHER
MEASURE_ET_DC_SEC_Vp_1mA,THRESHOLD,INCONCLUSIVE,False,,not_screened_by_v1,complex_nonmonotonic,MODERATE,NEITHER_OR_NOT_SCREENED,OTHER_METHOD_ONLY
MEASURE_ET_RF_Modeling_Rgd,FLAT,INCONCLUSIVE,False,,not_screened_by_v1,threshold,MODERATE,NEITHER_OR_NOT_SCREENED,OTHER_METHOD_ONLY
TOPSIN_ET_Load_Pull_Pout_W_mm_last,FLAT,INCONCLUSIVE,False,,not_screened_by_v1,complex_nonmonotonic,INCONCLUSIVE,NEITHER_OR_NOT_SCREENED,NEITHER
FIC_ET_DC_PIV_Ids1_QP2,FLAT,INCONCLUSIVE,False,,not_screened_by_v1,threshold,WEAK,NEITHER_OR_NOT_SCREENED,NEITHER
MEASURE_ET_DC_Diode_Rs,FLAT,INCONCLUSIVE,False,,not_screened_by_v1,threshold,WEAK,NEITHER_OR_NOT_SCREENED,NEITHER
FIC_ET_G2_per_6K,FLAT,INCONCLUSIVE,False,,not_screened_by_v1,threshold,WEAK,NEITHER_OR_NOT_SCREENED,NEITHER
TOPSIN_ET_R_f_tn_3,FLAT,INCONCLUSIVE,False,,not_screened_by_v1,complex_nonmonotonic,INCONCLUSIVE,NEITHER_OR_NOT_SCREENED,NEITHER
MEASURE_ET_DC_SEC_X_Ron_FPSD3p2,FLAT,INCONCLUSIVE,True,,not_screened_by_v1,complex_nonmonotonic,STRONG,NEITHER_OR_NOT_SCREENED,OTHER_METHOD_ONLY
MEASURE_ET_DC_RD_S21ang_18GHz,FLAT,INCONCLUSIVE,False,,not_screened_by_v1,threshold,MODERATE,NEITHER_OR_NOT_SCREENED,OTHER_METHOD_ONLY
SIN_ThicknessGN2_SiN_Thickness,FLAT,INCONCLUSIVE,False,,not_screened_by_v1,flat,INCONCLUSIVE,NEITHER_OR_NOT_SCREENED,NEITHER
THIN_ET_Vk,FLAT,INCONCLUSIVE,False,,not_screened_by_v1,flat,INCONCLUSIVE,NEITHER_OR_NOT_SCREENED,NEITHER
TOPSIN_ET_DC_SMALL_Vg_optt,FLAT,INCONCLUSIVE,False,,not_screened_by_v1,monotonic,MODERATE,NEITHER_OR_NOT_SCREENED,OTHER_METHOD_ONLY
TOPSIN_ET_DC_SMALL_Vp_1,THRESHOLD,INCONCLUSIVE,False,,not_screened_by_v1,threshold,MODERATE,NEITHER_OR_NOT_SCREENED,OTHER_METHOD_ONLY
MEASURE_ET_RF_Modeling_Gds_err,FLAT,INCONCLUSIVE,False,,not_screened_by_v1,threshold,STRONG,NEITHER_OR_NOT_SCREENED,OTHER_METHOD_ONLY
MEASURE_ET_LT_SEC_Vd_Id_min_Vd3,FLAT,INCONCLUSIVE,False,,not_screened_by_v1,U_shape,INCONCLUSIVE,NEITHER_OR_NOT_SCREENED,NEITHER
MEASURE_ET_DC_Big_Vdg_max_0p1mA,FLAT,INCONCLUSIVE,False,,not_screened_by_v1,complex_nonmonotonic,INCONCLUSIVE,NEITHER_OR_NOT_SCREENED,NEITHER
FIC_ET_DC_RF_Vdg_max_0p1mA,FLAT,INCONCLUSIVE,True,,not_screened_by_v1,threshold,MODERATE,NEITHER_OR_NOT_SCREENED,OTHER_METHOD_ONLY
BRGM_Height2_BRGM_Height2,FLAT,INCONCLUSIVE,False,,not_screened_by_v1,complex_nonmonotonic,INCONCLUSIVE,NEITHER_OR_NOT_SCREENED,NEITHER
FIC_ET_R314,FLAT,INCONCLUSIVE,False,,not_screened_by_v1,complex_nonmonotonic,INCONCLUSIVE,NEITHER_OR_NOT_SCREENED,NEITHER
MEASURE_ET_DC_SMALL_n_gd,FLAT,INCONCLUSIVE,False,,not_screened_by_v1,threshold,STRONG,NEITHER_OR_NOT_SCREENED,OTHER_METHOD_ONLY
MEASURE_ET_DC_Diode_S21_dB_rev_9p5,FLAT,INCONCLUSIVE,False,,not_screened_by_v1,threshold,MODERATE,NEITHER_OR_NOT_SCREENED,OTHER_METHOD_ONLY
TOPSIN_ET_C100Cap3pf,FLAT,INCONCLUSIVE,True,,not_screened_by_v1,complex_nonmonotonic,INCONCLUSIVE,NEITHER_OR_NOT_SCREENED,NEITHER
MEASURE_ET_Load_Pull_Id_SS,FLAT,INCONCLUSIVE,False,,not_screened_by_v1,monotonic,INCONCLUSIVE,NEITHER_OR_NOT_SCREENED,NEITHER
MEASURE_ET_DC_RF_S12dB_26GHz_W,FLAT,INCONCLUSIVE,True,,not_screened_by_v1,complex_nonmonotonic,INCONCLUSIVE,NEITHER_OR_NOT_SCREENED,NEITHER
MEASURE_ET_DC_RF_Ids_m0p2,FLAT,INCONCLUSIVE,True,,not_screened_by_v1,threshold,STRONG,NEITHER_OR_NOT_SCREENED,OTHER_METHOD_ONLY
MEASURE_ET_sh_f_tn_23,FLAT,INCONCLUSIVE,False,,not_screened_by_v1,U_shape,INCONCLUSIVE,NEITHER_OR_NOT_SCREENED,NEITHER
MEASURE_ET_DC_SMALL_Vg_optt,FLAT,INCONCLUSIVE,False,,not_screened_by_v1,threshold,MODERATE,NEITHER_OR_NOT_SCREENED,OTHER_METHOD_ONLY
FIC_ET_DC_RF_Vp_01,FLAT,INCONCLUSIVE,False,,not_screened_by_v1,complex_nonmonotonic,MODERATE,NEITHER_OR_NOT_SCREENED,OTHER_METHOD_ONLY
THIN_ET_R_660_HOR,FLAT,INCONCLUSIVE,False,,not_screened_by_v1,complex_nonmonotonic,INCONCLUSIVE,NEITHER_OR_NOT_SCREENED,NEITHER
MEASURE_ET_RF_Modeling_S21_25G_Before,FLAT,INCONCLUSIVE,False,flat_no_clear_effect,INCONCLUSIVE,monotonic,INCONCLUSIVE,NEITHER,NEITHER
GATE2_CD_310nm_Gate_Leg_Length,FLAT,INCONCLUSIVE,False,,not_screened_by_v1,inverted_U,INCONCLUSIVE,NEITHER_OR_NOT_SCREENED,NEITHER
CHRE_ET_Ids_Channel_recess_current,FLAT,INCONCLUSIVE,False,,not_screened_by_v1,threshold,WEAK,NEITHER_OR_NOT_SCREENED,NEITHER
MEASURE_ET_C175pf_0,FLAT,INCONCLUSIVE,False,,not_screened_by_v1,threshold,MODERATE,NEITHER_OR_NOT_SCREENED,OTHER_METHOD_ONLY
SIN_ET_DC_RF_Id_gm_max,FLAT,INCONCLUSIVE,False,,not_screened_by_v1,complex_nonmonotonic,MODERATE,NEITHER_OR_NOT_SCREENED,OTHER_METHOD_ONLY
MEASURE_ET_RF_Modeling_Vg_Stress,FLAT,INCONCLUSIVE,False,,not_screened_by_v1,threshold,MODERATE,NEITHER_OR_NOT_SCREENED,OTHER_METHOD_ONLY
MEASURE_ET_DC_RD_Vg_Vbon_min,FLAT,INCONCLUSIVE,False,flat_no_clear_effect,INCONCLUSIVE,threshold,MODERATE,NEITHER,OTHER_METHOD_ONLY
MEASURE_ET_DC_SEC_S_Id_mA_mm_at_Vg2,FLAT,INCONCLUSIVE,False,,not_screened_by_v1,threshold,MODERATE,NEITHER_OR_NOT_SCREENED,OTHER_METHOD_ONLY
MEASURE_ET_DC_SEC_S_Vg_at_I2_pos_FPSD3p2,FLAT,INCONCLUSIVE,False,,not_screened_by_v1,complex_nonmonotonic,WEAK,NEITHER_OR_NOT_SCREENED,NEITHER
SIN_Thickness2_SiN_Thickness,FLAT,INCONCLUSIVE,False,,not_screened_by_v1,monotonic,INCONCLUSIVE,NEITHER_OR_NOT_SCREENED,NEITHER
TOPSIN_ET_OHMC_GN,FLAT,INCONCLUSIVE,False,,not_screened_by_v1,threshold,MODERATE,NEITHER_OR_NOT_SCREENED,OTHER_METHOD_ONLY
MEASURE_ET_R_f_tn_2,FLAT,INCONCLUSIVE,False,,not_screened_by_v1,threshold,STRONG,NEITHER_OR_NOT_SCREENED,OTHER_METHOD_ONLY
MEASURE_ET_DC_RF_MSG_10GHz,FLAT,INCONCLUSIVE,False,,not_screened_by_v1,complex_nonmonotonic,WEAK,NEITHER_OR_NOT_SCREENED,NEITHER
MEASURE_ET_DC_SEC_X_Ig_cut2_mAmm_pos_FPSD3p2,FLAT,INCONCLUSIVE,False,,not_screened_by_v1,threshold,STRONG,NEITHER_OR_NOT_SCREENED,OTHER_METHOD_ONLY
MEASURE_ET_Probe_Number,FLAT,INCONCLUSIVE,False,,not_screened_by_v1,threshold,STRONG,NEITHER_OR_NOT_SCREENED,OTHER_METHOD_ONLY
MEASURE_ET_DC_RF_Max_S11_Ph_L1018,FLAT,INCONCLUSIVE,False,flat_no_clear_effect,INCONCLUSIVE,complex_nonmonotonic,WEAK,NEITHER,NEITHER
TOPSIN_ET_sh_f_hr_23,FLAT,INCONCLUSIVE,True,,not_screened_by_v1,complex_nonmonotonic,INCONCLUSIVE,NEITHER_OR_NOT_SCREENED,NEITHER
MEASURE_ET_DC_RF_CF_S21_Mag_L1002,FLAT,INCONCLUSIVE,False,,not_screened_by_v1,complex_nonmonotonic,INCONCLUSIVE,NEITHER_OR_NOT_SCREENED,NEITHER
THIN_ET_Rsh_cat_c2,FLAT,INCONCLUSIVE,False,,not_screened_by_v1,threshold,MODERATE,NEITHER_OR_NOT_SCREENED,OTHER_METHOD_ONLY
MEASURE_ET_Ran_con_3,FLAT,INCONCLUSIVE,False,,not_screened_by_v1,flat,INCONCLUSIVE,NEITHER_OR_NOT_SCREENED,NEITHER
FIC_ET_TANR,FLAT,INCONCLUSIVE,False,,not_screened_by_v1,complex_nonmonotonic,INCONCLUSIVE,NEITHER_OR_NOT_SCREENED,NEITHER
MEASURE_ET_RF_Modeling_MAG_25G_After,FLAT,INCONCLUSIVE,False,,not_screened_by_v1,complex_nonmonotonic,INCONCLUSIVE,NEITHER_OR_NOT_SCREENED,NEITHER
FMESA_ET_Probe_Number,FLAT,INCONCLUSIVE,False,,not_screened_by_v1,monotonic,WEAK,NEITHER_OR_NOT_SCREENED,NEITHER
MEASURE_ET_DC_SEC_S_Vg_at_I2_neg,FLAT,INCONCLUSIVE,False,,not_screened_by_v1,complex_nonmonotonic,INCONCLUSIVE,NEITHER_OR_NOT_SCREENED,NEITHER
ANODE_CD_Anode_CD_litho,FLAT,INCONCLUSIVE,False,,not_screened_by_v1,complex_nonmonotonic,INCONCLUSIVE,NEITHER_OR_NOT_SCREENED,NEITHER
MEASURE_ET_DC_SEC_X_Ig_cut3_mAmm_pos,FLAT,INCONCLUSIVE,False,,not_screened_by_v1,threshold,MODERATE,NEITHER_OR_NOT_SCREENED,OTHER_METHOD_ONLY
SIN_ThicknessGN2_RefractiveIndex,FLAT,INCONCLUSIVE,False,,not_screened_by_v1,complex_nonmonotonic,INCONCLUSIVE,NEITHER_OR_NOT_SCREENED,NEITHER
MEASURE_ET_DC_SEC_X_ChipStatus,FLAT,INCONCLUSIVE,False,,not_screened_by_v1,flat,INCONCLUSIVE,NEITHER_OR_NOT_SCREENED,NEITHER
MEASURE_ET_DC_RF_MAG_26GHz_W,FLAT,INCONCLUSIVE,True,,not_screened_by_v1,complex_nonmonotonic,MODERATE,NEITHER_OR_NOT_SCREENED,OTHER_METHOD_ONLY
MEASURE_ET_Cap1pf,FLAT,INCONCLUSIVE,False,,not_screened_by_v1,complex_nonmonotonic,WEAK,NEITHER_OR_NOT_SCREENED,NEITHER
MEASURE_ET_C100C385pf,FLAT,INCONCLUSIVE,False,,not_screened_by_v1,threshold,MODERATE,NEITHER_OR_NOT_SCREENED,OTHER_METHOD_ONLY
FIC_ET_DC_RF_Vg_optt3,FLAT,INCONCLUSIVE,False,,not_screened_by_v1,threshold,WEAK,NEITHER_OR_NOT_SCREENED,NEITHER
TOPSIN_ET_DC_RF_Vdg_max,FLAT,INCONCLUSIVE,False,,not_screened_by_v1,complex_nonmonotonic,INCONCLUSIVE,NEITHER_OR_NOT_SCREENED,NEITHER
BRIDGE_METAL_CD_BRGM_Final_metal_CD,FLAT,INCONCLUSIVE,False,,not_screened_by_v1,complex_nonmonotonic,INCONCLUSIVE,NEITHER_OR_NOT_SCREENED,NEITHER
MEASURE_ET_DC_Big_Vp_01,FLAT,INCONCLUSIVE,False,,not_screened_by_v1,complex_nonmonotonic,WEAK,NEITHER_OR_NOT_SCREENED,NEITHER
MEASURE_ET_DC_SEC_Vt_gs,FLAT,INCONCLUSIVE,False,,not_screened_by_v1,complex_nonmonotonic,WEAK,NEITHER_OR_NOT_SCREENED,NEITHER
MEASURE_ET_sh_f_hr_23,FLAT,INCONCLUSIVE,False,,not_screened_by_v1,threshold,MODERATE,NEITHER_OR_NOT_SCREENED,OTHER_METHOD_ONLY
FIC_ET_DC_PIV_Ids0_QP1,FLAT,INCONCLUSIVE,False,,not_screened_by_v1,monotonic,WEAK,NEITHER_OR_NOT_SCREENED,NEITHER
MEASURE_ET_DC_RD_MSG_35GHz,FLAT,INCONCLUSIVE,False,,not_screened_by_v1,complex_nonmonotonic,INCONCLUSIVE,NEITHER_OR_NOT_SCREENED,NEITHER
MEASURE_ET_DC_SMALL_Vg_max_Vd_0p1,FLAT,INCONCLUSIVE,False,,not_screened_by_v1,threshold,MODERATE,NEITHER_OR_NOT_SCREENED,OTHER_METHOD_ONLY
MEASURE_ET_DC_SEC_S_Vp_1_mA_mm_second_SD3p5,FLAT,INCONCLUSIVE,False,,not_screened_by_v1,complex_nonmonotonic,INCONCLUSIVE,NEITHER_OR_NOT_SCREENED,NEITHER
MEASURE_ET_Cap_USV,FLAT,INCONCLUSIVE,False,,not_screened_by_v1,inverted_U,INCONCLUSIVE,NEITHER_OR_NOT_SCREENED,NEITHER
ANODE_ET_Ran_con_2,FLAT,INCONCLUSIVE,False,,not_screened_by_v1,threshold,INCONCLUSIVE,NEITHER_OR_NOT_SCREENED,NEITHER
THIN_ET_DC_RF_Vt_gs,FLAT,INCONCLUSIVE,False,,not_screened_by_v1,U_shape,INCONCLUSIVE,NEITHER_OR_NOT_SCREENED,NEITHER
GATE2_CD_358nm_Gate_Win_Length,FLAT,INCONCLUSIVE,False,,not_screened_by_v1,threshold,STRONG,NEITHER_OR_NOT_SCREENED,OTHER_METHOD_ONLY
MEASURE_ET_DC_SEC_S_Ids_max_SD3p5,FLAT,INCONCLUSIVE,False,,not_screened_by_v1,complex_nonmonotonic,WEAK,NEITHER_OR_NOT_SCREENED,NEITHER
MEASURE_ET_DC_RF_Vt_gd,FLAT,INCONCLUSIVE,False,flat_no_clear_effect,INCONCLUSIVE,complex_nonmonotonic,STRONG,NEITHER,OTHER_METHOD_ONLY
SIN_Thickness1_SiN_Thickness_1st,FLAT,INCONCLUSIVE,False,,not_screened_by_v1,threshold,MODERATE,NEITHER_OR_NOT_SCREENED,OTHER_METHOD_ONLY
TOPSIN_ET_DC_PIV_Ids0_QP1,FLAT,INCONCLUSIVE,False,,not_screened_by_v1,complex_nonmonotonic,INCONCLUSIVE,NEITHER_OR_NOT_SCREENED,NEITHER
MEASURE_ET_F_AB,FLAT,INCONCLUSIVE,False,,not_screened_by_v1,threshold,MODERATE,NEITHER_OR_NOT_SCREENED,OTHER_METHOD_ONLY
TOPSIN_ET_Load_Pull_Id_SS,FLAT,INCONCLUSIVE,False,,not_screened_by_v1,threshold,MODERATE,NEITHER_OR_NOT_SCREENED,OTHER_METHOD_ONLY
TOPSIN_ET_DC_SMALL_n_gs,FLAT,INCONCLUSIVE,False,,not_screened_by_v1,complex_nonmonotonic,INCONCLUSIVE,NEITHER_OR_NOT_SCREENED,NEITHER
THIN_ET_Rsh_an_ct2_OW_CR,FLAT,INCONCLUSIVE,False,,not_screened_by_v1,inverted_U,INCONCLUSIVE,NEITHER_OR_NOT_SCREENED,NEITHER
THIN_Measure1GN_Thickness_after_bonding,FLAT,INCONCLUSIVE,False,,not_screened_by_v1,threshold,WEAK,NEITHER_OR_NOT_SCREENED,NEITHER
GATE2_CD_358nm_Gate_Leg_Length,FLAT,INCONCLUSIVE,False,,not_screened_by_v1,flat,INCONCLUSIVE,NEITHER_OR_NOT_SCREENED,NEITHER
MEASURE_ET_DC_RD_S22dB_18GHz,FLAT,INCONCLUSIVE,False,,not_screened_by_v1,complex_nonmonotonic,INCONCLUSIVE,NEITHER_OR_NOT_SCREENED,NEITHER
TOPSIN_ET_C385pf,FLAT,INCONCLUSIVE,False,,not_screened_by_v1,threshold,MODERATE,NEITHER_OR_NOT_SCREENED,OTHER_METHOD_ONLY
MEASURE_ET_R_4000_VER,FLAT,INCONCLUSIVE,False,,not_screened_by_v1,complex_nonmonotonic,WEAK,NEITHER_OR_NOT_SCREENED,NEITHER
MEASURE_ET_DC_SEC_S_Vboff_Id_SD3p5,FLAT,INCONCLUSIVE,False,,not_screened_by_v1,threshold,MODERATE,NEITHER_OR_NOT_SCREENED,OTHER_METHOD_ONLY
MEASURE_ET_RF_Modeling_K,THRESHOLD,INCONCLUSIVE,False,,not_screened_by_v1,complex_nonmonotonic,WEAK,NEITHER_OR_NOT_SCREENED,NEITHER
MEASURE_ET_DC_SEC_X_Ig_mAmm_at_Vg_cond_neg_FPSD3p2,FLAT,INCONCLUSIVE,False,,not_screened_by_v1,threshold,STRONG,NEITHER_OR_NOT_SCREENED,OTHER_METHOD_ONLY
MEASURE_ET_DC_SEC_X_Id_mA_mm_at_Vg2,FLAT,INCONCLUSIVE,False,,not_screened_by_v1,inverted_U,INCONCLUSIVE,NEITHER_OR_NOT_SCREENED,NEITHER
BRGM_ET_Probe_Number,FLAT,INCONCLUSIVE,False,,not_screened_by_v1,monotonic,MODERATE,NEITHER_OR_NOT_SCREENED,OTHER_METHOD_ONLY
FIC_ET_Ids_m2,FLAT,INCONCLUSIVE,False,,not_screened_by_v1,threshold,MODERATE,NEITHER_OR_NOT_SCREENED,OTHER_METHOD_ONLY
MEASURE_ET_DC_SEC_S_Id_plus_Ig_at_Vboff_mA_mm,FLAT,INCONCLUSIVE,False,,not_screened_by_v1,complex_nonmonotonic,INCONCLUSIVE,NEITHER_OR_NOT_SCREENED,NEITHER
MEASURE_ET_DC_RF2_S12ang_26GHz,FLAT,INCONCLUSIVE,False,,not_screened_by_v1,complex_nonmonotonic,INCONCLUSIVE,NEITHER_OR_NOT_SCREENED,NEITHER
SIN_GATE_ET_RGAN3,FLAT,INCONCLUSIVE,False,,not_screened_by_v1,flat,INCONCLUSIVE,NEITHER_OR_NOT_SCREENED,NEITHER
MEASURE_ET_OHMC,SATURATION,INCONCLUSIVE,False,,not_screened_by_v1,threshold,INCONCLUSIVE,NEITHER_OR_NOT_SCREENED,NEITHER
MEASURE_ET_DC_RF_S11ang_26GHz,FLAT,INCONCLUSIVE,False,flat_no_clear_effect,INCONCLUSIVE,complex_nonmonotonic,WEAK,NEITHER,NEITHER
MEASURE_ET_DC_SEC_S_Ig_mAmm_at_Vg_cond_pos_SD3p5,FLAT,INCONCLUSIVE,False,flat_no_clear_effect,INCONCLUSIVE,complex_nonmonotonic,INCONCLUSIVE,NEITHER,NEITHER
GATE2_CD_310nm_Gate_Win_Length,FLAT,INCONCLUSIVE,False,,not_screened_by_v1,threshold,MODERATE,NEITHER_OR_NOT_SCREENED,OTHER_METHOD_ONLY
WIN_CD_WIN_CD,FLAT,INCONCLUSIVE,False,,not_screened_by_v1,threshold,MODERATE,NEITHER_OR_NOT_SCREENED,OTHER_METHOD_ONLY
VIA_GaN_Measure4GN_Final_GaN_thickness,FLAT,INCONCLUSIVE,False,,not_screened_by_v1,threshold,MODERATE,NEITHER_OR_NOT_SCREENED,OTHER_METHOD_ONLY
THIN_ET_Rsh_TF_AB2,FLAT,INCONCLUSIVE,False,,not_screened_by_v1,threshold,STRONG,NEITHER_OR_NOT_SCREENED,OTHER_METHOD_ONLY
SIN_GATE_ET_Rsh_an_ct2,FLAT,INCONCLUSIVE,False,,not_screened_by_v1,threshold,STRONG,NEITHER_OR_NOT_SCREENED,OTHER_METHOD_ONLY
THIN_ET_C_CAT_2_OW_ST,FLAT,INCONCLUSIVE,False,,not_screened_by_v1,complex_nonmonotonic,WEAK,NEITHER_OR_NOT_SCREENED,NEITHER
MEASURE_ET_DC_RD_MSG_18GHz,FLAT,INCONCLUSIVE,False,,not_screened_by_v1,complex_nonmonotonic,WEAK,NEITHER_OR_NOT_SCREENED,NEITHER
THIN_Measure2_Thickness_after_grinding,FLAT,INCONCLUSIVE,False,,not_screened_by_v1,threshold,MODERATE,NEITHER_OR_NOT_SCREENED,OTHER_METHOD_ONLY
SIN_ET_DC_RF_Vdg_max,FLAT,INCONCLUSIVE,False,,not_screened_by_v1,threshold,MODERATE,NEITHER_OR_NOT_SCREENED,OTHER_METHOD_ONLY
MEASURE_ET_G_per_6K,FLAT,INCONCLUSIVE,False,,not_screened_by_v1,threshold,MODERATE,NEITHER_OR_NOT_SCREENED,OTHER_METHOD_ONLY
MEASURE_ET_DC_SEC_S_Vg_at_I2_pos_SD3p5,FLAT,INCONCLUSIVE,False,,not_screened_by_v1,complex_nonmonotonic,INCONCLUSIVE,NEITHER_OR_NOT_SCREENED,NEITHER
THIN_ET_Rsh_cat_c2_OW_ST,FLAT,INCONCLUSIVE,False,,not_screened_by_v1,complex_nonmonotonic,INCONCLUSIVE,NEITHER_OR_NOT_SCREENED,NEITHER
TOPSIN_ET_DC_SMALL_Vg_max_Vd,THRESHOLD,INCONCLUSIVE,False,,not_screened_by_v1,threshold,WEAK,NEITHER_OR_NOT_SCREENED,NEITHER
TOPSIN_ET_KLV_F_AB_4u_FEMSO,FLAT,INCONCLUSIVE,False,,not_screened_by_v1,threshold,STRONG,NEITHER_OR_NOT_SCREENED,OTHER_METHOD_ONLY
THIN_Measure4_Wafer_thickness_final,FLAT,INCONCLUSIVE,False,,not_screened_by_v1,threshold,MODERATE,NEITHER_OR_NOT_SCREENED,OTHER_METHOD_ONLY
MEASURE_ET_RF_Modeling_Cds_err,FLAT,INCONCLUSIVE,False,,not_screened_by_v1,threshold,WEAK,NEITHER_OR_NOT_SCREENED,NEITHER
ANODE_ET_Ran_con_1_OW_CR,FLAT,INCONCLUSIVE,False,,not_screened_by_v1,threshold,MODERATE,NEITHER_OR_NOT_SCREENED,OTHER_METHOD_ONLY
MEASURE_ET_DC_SEC_X_Bin_SD3p5,FLAT,INCONCLUSIVE,False,,not_screened_by_v1,threshold,WEAK,NEITHER_OR_NOT_SCREENED,NEITHER
TOPSIN_ET_DC_PIV_Ids1_QP2,FLAT,INCONCLUSIVE,False,,not_screened_by_v1,threshold,MODERATE,NEITHER_OR_NOT_SCREENED,OTHER_METHOD_ONLY
MEASURE_ET_DC_RD_Id_Vbon_max,FLAT,INCONCLUSIVE,False,,not_screened_by_v1,threshold,STRONG,NEITHER_OR_NOT_SCREENED,OTHER_METHOD_ONLY
MEASURE_ET_R_4000_HOR,FLAT,INCONCLUSIVE,False,,not_screened_by_v1,complex_nonmonotonic,INCONCLUSIVE,NEITHER_OR_NOT_SCREENED,NEITHER
SIN_GATE_ET_sh_GA142_GN,FLAT,INCONCLUSIVE,False,,not_screened_by_v1,flat,INCONCLUSIVE,NEITHER_OR_NOT_SCREENED,NEITHER
MEASURE_ET_DC_RF_Id_Vbon_max,FLAT,INCONCLUSIVE,False,,not_screened_by_v1,threshold,MODERATE,NEITHER_OR_NOT_SCREENED,OTHER_METHOD_ONLY
MEASURE_ET_RF_Modeling_Delta_MAG_25G,FLAT,INCONCLUSIVE,False,,not_screened_by_v1,complex_nonmonotonic,INCONCLUSIVE,NEITHER_OR_NOT_SCREENED,NEITHER
MEASURE_ET_LT_SEC_Vg_Id_min_Vd7,FLAT,INCONCLUSIVE,False,,not_screened_by_v1,flat,INCONCLUSIVE,NEITHER_OR_NOT_SCREENED,NEITHER
OHMIC_CD_Ohmic_CD_litho,FLAT,INCONCLUSIVE,False,,not_screened_by_v1,flat,INCONCLUSIVE,NEITHER_OR_NOT_SCREENED,NEITHER
CHRE_CD_Channel_recess_CD,FLAT,INCONCLUSIVE,False,,not_screened_by_v1,complex_nonmonotonic,INCONCLUSIVE,NEITHER_OR_NOT_SCREENED,NEITHER
MEASURE_ET_DC_Big_K,FLAT,INCONCLUSIVE,False,,not_screened_by_v1,complex_nonmonotonic,INCONCLUSIVE,NEITHER_OR_NOT_SCREENED,NEITHER
MEASURE_ET_DC_SEC_S_Id_mA_mm_at_Vg2_FPSD3p2,FLAT,INCONCLUSIVE,False,,not_screened_by_v1,threshold,STRONG,NEITHER_OR_NOT_SCREENED,OTHER_METHOD_ONLY
GATE2_CD_330nm_Gate_Leg_Length,FLAT,INCONCLUSIVE,False,,not_screened_by_v1,threshold,WEAK,NEITHER_OR_NOT_SCREENED,NEITHER
BRGM_Cd_Metal_BRGM_Final_metal_CD,FLAT,INCONCLUSIVE,False,,not_screened_by_v1,threshold,MODERATE,NEITHER_OR_NOT_SCREENED,OTHER_METHOD_ONLY
MEASURE_ET_DC_Diode_S11_dB_forw,FLAT,INCONCLUSIVE,False,threshold,INCONCLUSIVE,threshold,STRONG,NEITHER,OTHER_METHOD_ONLY
MEASURE_ET_DC_SEC_S_Vboff_Id_FPSD3p2,FLAT,INCONCLUSIVE,False,,not_screened_by_v1,flat,INCONCLUSIVE,NEITHER_OR_NOT_SCREENED,NEITHER
TOPSIN_ET_Load_Pull_Pout_Last,FLAT,INCONCLUSIVE,False,,not_screened_by_v1,threshold,MODERATE,NEITHER_OR_NOT_SCREENED,OTHER_METHOD_ONLY
TOPSIN_ThicknessGN_RefractiveIndex,FLAT,INCONCLUSIVE,False,,not_screened_by_v1,threshold,WEAK,NEITHER_OR_NOT_SCREENED,NEITHER
TOPSIN_ET_G_per_6K,FLAT,INCONCLUSIVE,False,,not_screened_by_v1,flat,INCONCLUSIVE,NEITHER_OR_NOT_SCREENED,NEITHER
MEASURE_ET_DC_SEC_X_Ig_mAmm_at_Vg_cond_pos,FLAT,INCONCLUSIVE,False,,not_screened_by_v1,complex_nonmonotonic,INCONCLUSIVE,NEITHER_OR_NOT_SCREENED,NEITHER
BRGM_Cd_Litho_BRGM_litho_CD,FLAT,INCONCLUSIVE,False,,not_screened_by_v1,threshold,WEAK,NEITHER_OR_NOT_SCREENED,NEITHER
SIN_CAPACITOR_ThicknessGN1_RefractiveIndex,FLAT,INCONCLUSIVE,False,,not_screened_by_v1,flat,INCONCLUSIVE,NEITHER_OR_NOT_SCREENED,NEITHER
SIN_GATE_ET_Ran_con_3,FLAT,INCONCLUSIVE,False,,not_screened_by_v1,threshold,MODERATE,NEITHER_OR_NOT_SCREENED,OTHER_METHOD_ONLY
MEASURE_ET_Rsh_cat_c2_OW_ST,FLAT,INCONCLUSIVE,False,,not_screened_by_v1,complex_nonmonotonic,INCONCLUSIVE,NEITHER_OR_NOT_SCREENED,NEITHER
MEASURE_ET_DC_PIV_Ids1_QP3,FLAT,INCONCLUSIVE,False,,not_screened_by_v1,threshold,WEAK,NEITHER_OR_NOT_SCREENED,NEITHER
FIN_CD1_CD_PL_FIN,FLAT,INCONCLUSIVE,False,,not_screened_by_v1,threshold,WEAK,NEITHER_OR_NOT_SCREENED,NEITHER
FIC_ET_DC_RF_Vdg_max,FLAT,INCONCLUSIVE,False,,not_screened_by_v1,flat,INCONCLUSIVE,NEITHER_OR_NOT_SCREENED,NEITHER
MEASURE_ET_R514,FLAT,INCONCLUSIVE,False,,not_screened_by_v1,threshold,MODERATE,NEITHER_OR_NOT_SCREENED,OTHER_METHOD_ONLY
MEASURE_ET_Vbkdn_C385pf,FLAT,INCONCLUSIVE,False,,not_screened_by_v1,complex_nonmonotonic,INCONCLUSIVE,NEITHER_OR_NOT_SCREENED,NEITHER
GATE2_CD_HPA_CB_Gate_Win_Length,FLAT,INCONCLUSIVE,False,,not_screened_by_v1,flat,INCONCLUSIVE,NEITHER_OR_NOT_SCREENED,NEITHER
MEASURE_ET_C_AN_2,FLAT,INCONCLUSIVE,False,,not_screened_by_v1,flat,INCONCLUSIVE,NEITHER_OR_NOT_SCREENED,NEITHER
GATE2_CD_Gate_Win_Length,FLAT,INCONCLUSIVE,False,,not_screened_by_v1,threshold,WEAK,NEITHER_OR_NOT_SCREENED,NEITHER
MEASURE_ET_DC_SEC_S_Vboff_Id_plus_Ig,FLAT,INCONCLUSIVE,False,,not_screened_by_v1,threshold,MODERATE,NEITHER_OR_NOT_SCREENED,OTHER_METHOD_ONLY
MEASURE_ET_DC_SEC_S_Ig_mAmm_at_Vg_cond_pos,FLAT,INCONCLUSIVE,False,,not_screened_by_v1,threshold,WEAK,NEITHER_OR_NOT_SCREENED,NEITHER
TOPSIN_ET_C450pf,FLAT,INCONCLUSIVE,False,,not_screened_by_v1,threshold,WEAK,NEITHER_OR_NOT_SCREENED,NEITHER
MEASURE_ET_LT_SEC_Id_min_mA_mm_Vd3,FLAT,INCONCLUSIVE,False,,not_screened_by_v1,complex_nonmonotonic,INCONCLUSIVE,NEITHER_OR_NOT_SCREENED,NEITHER
EBCR2_CD_2_EBCR_cd_etch,FLAT,INCONCLUSIVE,False,,not_screened_by_v1,flat,INCONCLUSIVE,NEITHER_OR_NOT_SCREENED,NEITHER
