relationship_type,parameter_A,parameter_B,ebm_evidence_label,ebm_shape,existing_spline_label,existing_v2_label,status
single_parameter,Customer_Customer_A,,STRONG,MONOTONIC_NEGATIVE,not_tested,not_tested,EBM_ONLY
single_parameter,MaskSetName_MS_D,,STRONG,MONOTONIC_POSITIVE,not_tested,not_tested,EBM_ONLY
single_parameter,Customer_Internal,,STRONG,MONOTONIC_POSITIVE,not_tested,not_tested,EBM_ONLY
single_parameter,MaskSetName_MS_A,,STRONG,MONOTONIC_NEGATIVE,not_tested,not_tested,EBM_ONLY
single_parameter,Customer_Customer_B,,STRONG,MONOTONIC_POSITIVE,not_tested,not_tested,EBM_ONLY
single_parameter,Technology_PHEMT_0_25um,,STRONG,MONOTONIC_POSITIVE,not_tested,not_tested,EBM_ONLY
single_parameter,VendorName_EPI_B,,STRONG,MONOTONIC_POSITIVE,not_tested,not_tested,EBM_ONLY
single_parameter,VendorName_EPI_A,,STRONG,MONOTONIC_NEGATIVE,not_tested,not_tested,EBM_ONLY
single_parameter,Sort_Yield_target____88,,STRONG,MONOTONIC_NEGATIVE,not_tested,not_tested,EBM_ONLY
single_parameter,Technology_PHEMT_0_15um,,STRONG,MONOTONIC_NEGATIVE,not_tested,not_tested,EBM_ONLY
single_parameter,Sort_Yield_target____90,,STRONG,MONOTONIC_POSITIVE,not_tested,not_tested,EBM_ONLY
single_parameter,Lot_type_ENG,,STRONG,MONOTONIC_POSITIVE,not_tested,not_tested,EBM_ONLY
single_parameter,Lot_type_PROD,,STRONG,MONOTONIC_NEGATIVE,not_tested,not_tested,EBM_ONLY
single_parameter,MaskSetName_MS_B,,STRONG,MONOTONIC_NEGATIVE,not_tested,not_tested,EBM_ONLY
single_parameter,MaskSetName_MS_C,,STRONG,MONOTONIC_NEGATIVE,not_tested,not_tested,EBM_ONLY
single_parameter,Version_V1_0,,STRONG,MONOTONIC_POSITIVE,not_tested,not_tested,EBM_ONLY
single_parameter,VendorName_EPI_C,,WEAK,MONOTONIC_NEGATIVE,not_tested,not_tested,INCONCLUSIVE_BOTH
single_parameter,MEASURE_ET_DC_SEC_X_Vg_at_I1_pos_FPSD3p2,,INCONCLUSIVE,FLAT,STRONG,INCONCLUSIVE,EXISTING_ONLY
single_parameter,MEASURE_ET_DC_SEC_X_Ig_cut1_mAmm_pos_FPSD3p2,,INCONCLUSIVE,FLAT,STRONG,WEAK,EXISTING_ONLY
single_parameter,MEASURE_ET_RF_Modeling_Ft,,INCONCLUSIVE,FLAT,STRONG,INCONCLUSIVE,EXISTING_ONLY
single_parameter,THIN_ET_Rc_OG142,,INCONCLUSIVE,FLAT,STRONG,INCONCLUSIVE,EXISTING_ONLY
single_parameter,MEASURE_ET_DC_SEC_S_Vg_at_I2_pos,,INCONCLUSIVE,FLAT,MODERATE,INCONCLUSIVE,EXISTING_ONLY
single_parameter,MEASURE_ET_DC_RF_Max_S11_Ph_L2180,,INCONCLUSIVE,FLAT,WEAK,INCONCLUSIVE,INCONCLUSIVE_BOTH
single_parameter,MEASURE_ET_DC_Big_S12dB_10GHz,,INCONCLUSIVE,FLAT,MODERATE,WEAK,EXISTING_ONLY
single_parameter,MEASURE_ET_DC_RF_Vg_max_Vd_0p1,,INCONCLUSIVE,FLAT,STRONG,STRONG,EXISTING_ONLY
single_parameter,EBCR2_ET_Ids_EBCR_recess_current,,INCONCLUSIVE,FLAT,STRONG,MODERATE,EXISTING_ONLY
single_parameter,MEASURE_ET_DC_SEC_S_Id_mA_mm_at_Vg1_FPSD3p2,,INCONCLUSIVE,FLAT,STRONG,MODERATE,EXISTING_ONLY
single_parameter,TOPSIN_ET_DC_SMALL_Vdg_max,,INCONCLUSIVE,FLAT,MODERATE,WEAK,EXISTING_ONLY
single_parameter,MEASURE_ET_DC_SEC_X_Ig_cut1_mAmm_pos,,INCONCLUSIVE,FLAT,INCONCLUSIVE,WEAK,INCONCLUSIVE_BOTH
single_parameter,MEASURE_ET_DC_SMALL_Ids_m0p2,,INCONCLUSIVE,FLAT,STRONG,INCONCLUSIVE,EXISTING_ONLY
single_parameter,OHMIC_ET_Rsh_an_ct2,,INCONCLUSIVE,FLAT,STRONG,MODERATE,EXISTING_ONLY
single_parameter,MEASURE_ET_DC_SEC_X_Ig_cut3_mAmm_pos_FPSD3p2,,INCONCLUSIVE,FLAT,STRONG,INCONCLUSIVE,EXISTING_ONLY
single_parameter,MEASURE_ET_DC_RF2_S21ang_26GHz,,INCONCLUSIVE,FLAT,STRONG,INCONCLUSIVE,EXISTING_ONLY
single_parameter,MEASURE_ET_DC_SEC_X_Bin,,INCONCLUSIVE,FLAT,STRONG,WEAK,EXISTING_ONLY
single_parameter,MEASURE_ET_DC_SEC_S_Ig_cut2_mAmm_pos_SD3p5,,INCONCLUSIVE,FLAT,INCONCLUSIVE,WEAK,INCONCLUSIVE_BOTH
single_parameter,TOPSIN_ET_Load_Pull_IG_comp_Last_uA,,INCONCLUSIVE,FLAT,STRONG,STRONG,EXISTING_ONLY
single_parameter,THIN_ET_DC_RF_Vds_max_0p1mA,,INCONCLUSIVE,FLAT,MODERATE,WEAK,EXISTING_ONLY
single_parameter,MEASURE_ET_C385pf,,INCONCLUSIVE,FLAT,STRONG,WEAK,EXISTING_ONLY
single_parameter,MEASURE_ET_DC_RF_Vbgs_0p01,,INCONCLUSIVE,FLAT,WEAK,INCONCLUSIVE,INCONCLUSIVE_BOTH
single_parameter,SIN_ET_DC_RF_Vg_max_Vd_0p1,,INCONCLUSIVE,FLAT,STRONG,MODERATE,EXISTING_ONLY
single_parameter,MEASURE_ET_DC_SEC_X_Ig_mAmm_at_Vg_cond_neg,,INCONCLUSIVE,FLAT,MODERATE,MODERATE,EXISTING_ONLY
single_parameter,MEASURE_ET_RF_Modeling_Delta_S21_19G,,INCONCLUSIVE,FLAT,MODERATE,MODERATE,EXISTING_ONLY
single_parameter,MEASURE_ET_DC_SEC_Ids_min_ON,,INCONCLUSIVE,FLAT,STRONG,WEAK,EXISTING_ONLY
single_parameter,MEASURE_ET_DC_Stress_Id_stress_before,,INCONCLUSIVE,FLAT,STRONG,STRONG,EXISTING_ONLY
single_parameter,OHMIC_ET_Ran_con_1,,INCONCLUSIVE,FLAT,STRONG,MODERATE,EXISTING_ONLY
single_parameter,MEASURE_ET_DC_PIV_Ids0_QP3,,INCONCLUSIVE,FLAT,WEAK,INCONCLUSIVE,INCONCLUSIVE_BOTH
single_parameter,SIN_ET_DC_RF_Vg_max_Vd,,INCONCLUSIVE,FLAT,WEAK,STRONG,EXISTING_ONLY
single_parameter,TOPSIN_ET_R_f_tn_1,,INCONCLUSIVE,FLAT,STRONG,STRONG,EXISTING_ONLY
single_parameter,ANODE_ET_Ran_con_1,,INCONCLUSIVE,FLAT,STRONG,STRONG,EXISTING_ONLY
single_parameter,MEASURE_ET_DC_SEC_S_Vg_at_I1_neg_FPSD3p2,,INCONCLUSIVE,FLAT,INCONCLUSIVE,INCONCLUSIVE,INCONCLUSIVE_BOTH
single_parameter,MEASURE_ET_Rc_an_ct2_OW_CR,,INCONCLUSIVE,FLAT,STRONG,INCONCLUSIVE,EXISTING_ONLY
single_parameter,MEASURE_ET_DC_SEC_S_Ig_mAmm_at_Vg_cond_neg_FPSD3p2,,INCONCLUSIVE,FLAT,STRONG,WEAK,EXISTING_ONLY
single_parameter,EBCR2_Ali_Litho_Gate_to_ohmic_alignment,,INCONCLUSIVE,FLAT,STRONG,STRONG,EXISTING_ONLY
single_parameter,TANR_M_Gauge_P_E_TaN,,INCONCLUSIVE,FLAT,INCONCLUSIVE,INCONCLUSIVE,INCONCLUSIVE_BOTH
single_parameter,FIC_ET_R_f_tn_2,,INCONCLUSIVE,FLAT,STRONG,MODERATE,EXISTING_ONLY
single_parameter,FIC_ET_DC_RF_n_gd,,INCONCLUSIVE,FLAT,MODERATE,INCONCLUSIVE,EXISTING_ONLY
single_parameter,MEASURE_ET_CapPARCAP_0,,INCONCLUSIVE,FLAT,STRONG,INCONCLUSIVE,EXISTING_ONLY
single_parameter,MEASURE_ET_G_per_6K,,INCONCLUSIVE,FLAT,INCONCLUSIVE,MODERATE,EXISTING_ONLY
single_parameter,TOPSIN_ET_R_f_hr_2,,INCONCLUSIVE,FLAT,INCONCLUSIVE,INCONCLUSIVE,INCONCLUSIVE_BOTH
single_parameter,THIN_ET_Vbpin,,INCONCLUSIVE,FLAT,STRONG,INCONCLUSIVE,EXISTING_ONLY
single_parameter,MEASURE_ET_LT_SEC_Ig_Id_min_mA_mm_Vd7,,INCONCLUSIVE,FLAT,STRONG,MODERATE,EXISTING_ONLY
single_parameter,TOPSIN_ET_lkg_C450pf,,INCONCLUSIVE,FLAT,MODERATE,WEAK,EXISTING_ONLY
single_parameter,SIN_ET_DC_RF_Vbin_gs,,INCONCLUSIVE,FLAT,STRONG,STRONG,EXISTING_ONLY
single_parameter,MEASURE_ET_DC_RF_CF_S12_Mag_L1002,,INCONCLUSIVE,FLAT,MODERATE,MODERATE,EXISTING_ONLY
single_parameter,MEASURE_ET_DC_SMALL_n_gs,,INCONCLUSIVE,FLAT,STRONG,MODERATE,EXISTING_ONLY
single_parameter,THIN_ET_Rcat_cn_1,,INCONCLUSIVE,FLAT,STRONG,INCONCLUSIVE,EXISTING_ONLY
single_parameter,MEASURE_ET_DC_RF_K_W,,INCONCLUSIVE,FLAT,STRONG,WEAK,EXISTING_ONLY
single_parameter,MEASURE_ET_DC_RF2_S22dB_26GHz,,INCONCLUSIVE,FLAT,MODERATE,INCONCLUSIVE,EXISTING_ONLY
single_parameter,MEASURE_ET_Rc_OG142_GN,,INCONCLUSIVE,FLAT,STRONG,INCONCLUSIVE,EXISTING_ONLY
single_parameter,MEASURE_ET_RF_Modeling_Ld,,INCONCLUSIVE,FLAT,STRONG,INCONCLUSIVE,EXISTING_ONLY
single_parameter,MEASURE_ET_RF_Modeling_R_Gs,,INCONCLUSIVE,FLAT,WEAK,MODERATE,EXISTING_ONLY
single_parameter,CATHODE_ET_Rcat_cn_2,,INCONCLUSIVE,FLAT,STRONG,INCONCLUSIVE,EXISTING_ONLY
single_parameter,TOPSIN_ET_Load_Pull_P_A_E_Last,,INCONCLUSIVE,FLAT,not_tested,not_tested,INCONCLUSIVE_BOTH
single_parameter,CATHODE_ET_Rcat_cn_3_OW_ST,,INCONCLUSIVE,FLAT,MODERATE,WEAK,EXISTING_ONLY
single_parameter,MEASURE_ET_DC_RD_K,,INCONCLUSIVE,FLAT,STRONG,INCONCLUSIVE,EXISTING_ONLY
single_parameter,MEASURE_ET_DC_SEC_S_Ids_max_FPSD3p2,,INCONCLUSIVE,FLAT,STRONG,MODERATE,EXISTING_ONLY
single_parameter,MEASURE_ET_DC_RF_S12dB_10GHz,,INCONCLUSIVE,FLAT,WEAK,STRONG,EXISTING_ONLY
single_parameter,ANODE_ET_Rsh_an_ct2,,INCONCLUSIVE,FLAT,INCONCLUSIVE,INCONCLUSIVE,INCONCLUSIVE_BOTH
single_parameter,SIN_GATE_ET_Ran_con_1,,INCONCLUSIVE,FLAT,INCONCLUSIVE,STRONG,EXISTING_ONLY
single_parameter,MEASURE_ET_DC_SMALL_Vt_gs,,INCONCLUSIVE,FLAT,MODERATE,WEAK,EXISTING_ONLY
single_parameter,OHMIC_ET_sh_GA142,,INCONCLUSIVE,FLAT,MODERATE,MODERATE,EXISTING_ONLY
single_parameter,MEASURE_ET_DC_SEC_Vgs_back_0p5V,,INCONCLUSIVE,FLAT,STRONG,INCONCLUSIVE,EXISTING_ONLY
single_parameter,MEASURE_ET_LT_SEC_Vd_Id_min,,INCONCLUSIVE,FLAT,STRONG,WEAK,EXISTING_ONLY
single_parameter,MEASURE_ET_Rcat_cn_3,,INCONCLUSIVE,FLAT,MODERATE,INCONCLUSIVE,EXISTING_ONLY
single_parameter,MEASURE_ET_DC_RF2_Ft,,INCONCLUSIVE,FLAT,MODERATE,INCONCLUSIVE,EXISTING_ONLY
single_parameter,OHMIC_ET_R314,,INCONCLUSIVE,FLAT,STRONG,MODERATE,EXISTING_ONLY
single_parameter,TFRP_ET_Rsh_TFR2,,INCONCLUSIVE,FLAT,STRONG,WEAK,EXISTING_ONLY
single_parameter,FIC_ET_Rc_f_tn_23,,INCONCLUSIVE,FLAT,STRONG,INCONCLUSIVE,EXISTING_ONLY
single_parameter,SIN_GATE_ET_RGAN1,,INCONCLUSIVE,FLAT,STRONG,INCONCLUSIVE,EXISTING_ONLY
single_parameter,MEASURE_ET_RGAN2,,INCONCLUSIVE,FLAT,MODERATE,INCONCLUSIVE,EXISTING_ONLY
single_parameter,MEASURE_ET_DC_SEC_X_Ids_max_norm_FPSD3p2,,INCONCLUSIVE,FLAT,MODERATE,INCONCLUSIVE,EXISTING_ONLY
single_parameter,MEASURE_ET_DC_Big_Vg_optt1,,INCONCLUSIVE,FLAT,STRONG,MODERATE,EXISTING_ONLY
single_parameter,SIN_GATE_ET_Rc_an_ct2,,INCONCLUSIVE,FLAT,WEAK,WEAK,INCONCLUSIVE_BOTH
single_parameter,OHMIC_ET_OHMC,,INCONCLUSIVE,FLAT,MODERATE,WEAK,EXISTING_ONLY
single_parameter,MEASURE_ET_DC_RF_S12ang_26GHz,,INCONCLUSIVE,FLAT,MODERATE,INCONCLUSIVE,EXISTING_ONLY
single_parameter,TOPSIN_ET_C100CapPARCAP,,INCONCLUSIVE,FLAT,STRONG,INCONCLUSIVE,EXISTING_ONLY
single_parameter,VIA_GaN_Height_Ni_height,,INCONCLUSIVE,FLAT,INCONCLUSIVE,MODERATE,EXISTING_ONLY
single_parameter,ANODE_ET_Ran_con_3,,INCONCLUSIVE,FLAT,WEAK,INCONCLUSIVE,INCONCLUSIVE_BOTH
single_parameter,TOPSIN_ET_DC_SMALL_Vds_max_0p1,,INCONCLUSIVE,FLAT,STRONG,INCONCLUSIVE,EXISTING_ONLY
single_parameter,TOPSIN_ET_DC_SMALL_Vbgs_0p1,,INCONCLUSIVE,FLAT,WEAK,MODERATE,EXISTING_ONLY
single_parameter,MEASURE_ET_DC_SEC_X_Vg_at_I2_neg_SD3p5,,INCONCLUSIVE,FLAT,STRONG,MODERATE,EXISTING_ONLY
single_parameter,TOPSIN_ET_DC_PIV_Ids1_QP1,,INCONCLUSIVE,FLAT,STRONG,STRONG,EXISTING_ONLY
single_parameter,THIN_ET_DC_RF_Vbgs_0p1,,INCONCLUSIVE,FLAT,STRONG,STRONG,EXISTING_ONLY
single_parameter,FIN_Etch_Soft_Bias,,INCONCLUSIVE,FLAT,STRONG,INCONCLUSIVE,EXISTING_ONLY
single_parameter,TOPSIN_ET_DC_RF_Vds_max,,INCONCLUSIVE,FLAT,STRONG,STRONG,EXISTING_ONLY
single_parameter,BRGM_ET_Probe_Number,,INCONCLUSIVE,FLAT,INCONCLUSIVE,MODERATE,EXISTING_ONLY
single_parameter,THIN_ET_Rsh_an_ct2,,INCONCLUSIVE,FLAT,MODERATE,WEAK,EXISTING_ONLY
single_parameter,THIN_ET_C_CAT_2_OW_ST,,INCONCLUSIVE,FLAT,INCONCLUSIVE,WEAK,INCONCLUSIVE_BOTH
single_parameter,MEASURE_ET_DC_SEC_Vds_min_ON,,INCONCLUSIVE,FLAT,STRONG,INCONCLUSIVE,EXISTING_ONLY
single_parameter,TOPSIN_ET_DC_RF_Vt_gd,,INCONCLUSIVE,FLAT,STRONG,INCONCLUSIVE,EXISTING_ONLY
single_parameter,TOPSIN_ET_DC_SMALL_Vdg_max_0p1,,INCONCLUSIVE,FLAT,STRONG,MODERATE,EXISTING_ONLY
single_parameter,MEASURE_ET_DC_SEC_X_Ig_cut3_mAmm_neg_FPSD3p2,,INCONCLUSIVE,FLAT,STRONG,STRONG,EXISTING_ONLY
single_parameter,TOPSIN_ET_I_5,,INCONCLUSIVE,FLAT,MODERATE,STRONG,EXISTING_ONLY
single_parameter,MEASURE_ET_DC_RF_S11dB_10GHz,,INCONCLUSIVE,FLAT,STRONG,STRONG,EXISTING_ONLY
single_parameter,MEASURE_ET_DC_SEC_X_Id_at_Vboff_mA_mm_FPSD3p2,,INCONCLUSIVE,FLAT,STRONG,MODERATE,EXISTING_ONLY
single_parameter,FIC_ET_Vds_max,,INCONCLUSIVE,FLAT,STRONG,MODERATE,EXISTING_ONLY
single_parameter,MEASURE_ET_DC_SEC_S_Ig_cut3_mAmm_pos_FPSD3p2,,INCONCLUSIVE,FLAT,STRONG,MODERATE,EXISTING_ONLY
single_parameter,ANODE_ET_Rc_an_ct2_OW_CR,,INCONCLUSIVE,FLAT,STRONG,INCONCLUSIVE,EXISTING_ONLY
single_parameter,SIN_ET_DC_RF_Vds_max_0p1mA,,INCONCLUSIVE,FLAT,STRONG,INCONCLUSIVE,EXISTING_ONLY
single_parameter,MEASURE_ET_Load_Pull_PhL_meas,,INCONCLUSIVE,FLAT,STRONG,STRONG,EXISTING_ONLY
single_parameter,TOPSIN_ET_DC_SMALL_Vboff,,INCONCLUSIVE,FLAT,STRONG,MODERATE,EXISTING_ONLY
single_parameter,MEASURE_ET_DC_SMALL_Vbgd1,,INCONCLUSIVE,FLAT,STRONG,WEAK,EXISTING_ONLY
single_parameter,MEASURE_ET_DC_SEC_S_Ron_SD3p5,,INCONCLUSIVE,FLAT,WEAK,STRONG,EXISTING_ONLY
single_parameter,MEASURE_ET_DC_SEC_Vboff_2_1,,INCONCLUSIVE,FLAT,STRONG,INCONCLUSIVE,EXISTING_ONLY
single_parameter,MEASURE_ET_RF_Modeling_Cgd_err,,INCONCLUSIVE,FLAT,STRONG,WEAK,EXISTING_ONLY
single_parameter,SIN_GATE_ET_lkg_5,,INCONCLUSIVE,FLAT,STRONG,MODERATE,EXISTING_ONLY
single_parameter,MEASURE_ET_LT_SEC_Ileak_m9p5V_mA_mm,,INCONCLUSIVE,FLAT,WEAK,INCONCLUSIVE,INCONCLUSIVE_BOTH
single_parameter,TOPSIN_ET_Load_Pull_Gain_comp_Last,,INCONCLUSIVE,FLAT,STRONG,INCONCLUSIVE,EXISTING_ONLY
single_parameter,MEASURE_ET_KLV_F_AB_4u,,INCONCLUSIVE,FLAT,MODERATE,MODERATE,EXISTING_ONLY
single_parameter,FIC_ET_sh_f_tn_23,,INCONCLUSIVE,FLAT,INCONCLUSIVE,MODERATE,EXISTING_ONLY
single_parameter,MEASURE_ET_DC_RF_Ids_m0p2,,INCONCLUSIVE,FLAT,INCONCLUSIVE,STRONG,EXISTING_ONLY
single_parameter,ANODE_ET_Rsh_an_ct2_OW_CR,,INCONCLUSIVE,FLAT,STRONG,INCONCLUSIVE,EXISTING_ONLY
single_parameter,MEASURE_ET_RF_Modeling_S21dB_10GHz,,INCONCLUSIVE,FLAT,WEAK,INCONCLUSIVE,INCONCLUSIVE_BOTH
single_parameter,MEASURE_ET_DC_RF_Id_Vbon_min,,INCONCLUSIVE,FLAT,STRONG,INCONCLUSIVE,EXISTING_ONLY
single_parameter,ANODE_ET_Rc_an_ct2,,INCONCLUSIVE,FLAT,STRONG,INCONCLUSIVE,EXISTING_ONLY
single_parameter,SIN_GATE_ET_Rc_OG144,,INCONCLUSIVE,FLAT,STRONG,STRONG,EXISTING_ONLY
single_parameter,MEASURE_ET_DC_RF_CF_S22_Mag_L2180,,INCONCLUSIVE,FLAT,MODERATE,INCONCLUSIVE,EXISTING_ONLY
single_parameter,MEASURE_ET_DC_SEC_S_Vp_1_mA_mm_first_FPSD3p2,,INCONCLUSIVE,FLAT,INCONCLUSIVE,WEAK,INCONCLUSIVE_BOTH
single_parameter,THIN_ET_Rc_f_tn_23,,INCONCLUSIVE,FLAT,STRONG,INCONCLUSIVE,EXISTING_ONLY
single_parameter,TOPSIN_ET_CapPARCAP_0,,INCONCLUSIVE,FLAT,STRONG,INCONCLUSIVE,EXISTING_ONLY
single_parameter,THIN_Measure2_Thickness_after_grinding,,INCONCLUSIVE,FLAT,INCONCLUSIVE,MODERATE,EXISTING_ONLY
single_parameter,SIN_ET_DC_RF_Vg_optt1,,INCONCLUSIVE,FLAT,STRONG,MODERATE,EXISTING_ONLY
single_parameter,MEASURE_ET_ABVIETCH,,INCONCLUSIVE,FLAT,STRONG,MODERATE,EXISTING_ONLY
single_parameter,MEASURE_ET_DC_Big_Vg_max_Vd_0p1mA,,INCONCLUSIVE,FLAT,STRONG,INCONCLUSIVE,EXISTING_ONLY
single_parameter,MEASURE_ET_RF_Modeling_Ls,,INCONCLUSIVE,FLAT,STRONG,WEAK,EXISTING_ONLY
single_parameter,MEASURE_ET_Rcat_cn_3_OW_ST,,INCONCLUSIVE,FLAT,WEAK,WEAK,INCONCLUSIVE_BOTH
single_parameter,MEASURE_ET_DC_SEC_X_Ids_max_norm_SD3p5,,INCONCLUSIVE,FLAT,STRONG,WEAK,EXISTING_ONLY
single_parameter,ANODE_ET_Ran_con_2_OW_CR,,INCONCLUSIVE,FLAT,INCONCLUSIVE,INCONCLUSIVE,INCONCLUSIVE_BOTH
single_parameter,MEASURE_ET_DC_SEC_X_Ids_max_FPSD3p2,,INCONCLUSIVE,FLAT,MODERATE,STRONG,EXISTING_ONLY
single_parameter,MEASURE_ET_DC_RF_Min_S21_Freq_L2180,,INCONCLUSIVE,FLAT,MODERATE,WEAK,EXISTING_ONLY
single_parameter,MEASURE_ET_Load_Pull_Pin_Last,,INCONCLUSIVE,FLAT,WEAK,INCONCLUSIVE,INCONCLUSIVE_BOTH
single_parameter,CATHODE_ET_C_CAT_2,,INCONCLUSIVE,FLAT,WEAK,INCONCLUSIVE,INCONCLUSIVE_BOTH
single_parameter,MEASURE_ET_DC_PIV_Drain_Lag_0,,INCONCLUSIVE,FLAT,STRONG,MODERATE,EXISTING_ONLY
single_parameter,MEASURE_ET_VIA_KLV_2,,INCONCLUSIVE,FLAT,MODERATE,WEAK,EXISTING_ONLY
single_parameter,MEASURE_ET_C20_0,,INCONCLUSIVE,FLAT,STRONG,INCONCLUSIVE,EXISTING_ONLY
single_parameter,MEASURE_ET_DC_SEC_X_Vg_at_I2_neg_FPSD3p2,,INCONCLUSIVE,FLAT,STRONG,MODERATE,EXISTING_ONLY
single_parameter,MEASURE_ET_DC_RF2_S12dB_26GHz,,INCONCLUSIVE,FLAT,STRONG,WEAK,EXISTING_ONLY
single_parameter,SIN_GATE_ET_sh_GA144,,INCONCLUSIVE,FLAT,WEAK,INCONCLUSIVE,INCONCLUSIVE_BOTH
single_parameter,FIC_ET_DC_RF_Vg_max_Vd_0p1mA,,INCONCLUSIVE,FLAT,MODERATE,MODERATE,EXISTING_ONLY
single_parameter,MEASURE_ET_DC_SEC_X_Ig_mAmm_at_Vg_cond_neg_FPSD3p2,,INCONCLUSIVE,FLAT,INCONCLUSIVE,STRONG,EXISTING_ONLY
single_parameter,MEASURE_ET_CapUSV_0,,INCONCLUSIVE,FLAT,STRONG,INCONCLUSIVE,EXISTING_ONLY
single_parameter,THIN_ET_DC_RF_Vt_gd,,INCONCLUSIVE,FLAT,INCONCLUSIVE,WEAK,INCONCLUSIVE_BOTH
single_parameter,TOPSIN_ET_DC_RF_Gm_max,,INCONCLUSIVE,FLAT,STRONG,WEAK,EXISTING_ONLY
single_parameter,FIC_ET_lkg_SY8_80,,INCONCLUSIVE,FLAT,STRONG,MODERATE,EXISTING_ONLY
single_parameter,MEASURE_ET_DC_SEC_Vds_max_ON,,INCONCLUSIVE,FLAT,MODERATE,INCONCLUSIVE,EXISTING_ONLY
single_parameter,MEASURE_ET_LT_SEC_Ig_Id_min_mA_mm_Vd8,,INCONCLUSIVE,FLAT,INCONCLUSIVE,INCONCLUSIVE,INCONCLUSIVE_BOTH
single_parameter,THIN_ET_lkg_C300,,INCONCLUSIVE,FLAT,STRONG,INCONCLUSIVE,EXISTING_ONLY
single_parameter,TOPSIN_ET_R_f_hr_1,,INCONCLUSIVE,FLAT,STRONG,INCONCLUSIVE,EXISTING_ONLY
single_parameter,THIN_ET_i5021_1,,INCONCLUSIVE,FLAT,STRONG,MODERATE,EXISTING_ONLY
single_parameter,TOPSIN_ET_C500pf,,INCONCLUSIVE,FLAT,STRONG,WEAK,EXISTING_ONLY
single_parameter,TOPSIN_ET_Load_Pull_Gss,,INCONCLUSIVE,FLAT,MODERATE,STRONG,EXISTING_ONLY
single_parameter,FIN_FIN_Alignment_FIN_to_ohmic_alignment,,INCONCLUSIVE,FLAT,STRONG,WEAK,EXISTING_ONLY
single_parameter,MEASURE_ET_RF_Modeling_S21_25G_Before,,INCONCLUSIVE,FLAT,INCONCLUSIVE,INCONCLUSIVE,INCONCLUSIVE_BOTH
single_parameter,MEASURE_ET_RF_Modeling_Gds_err,,INCONCLUSIVE,FLAT,INCONCLUSIVE,STRONG,EXISTING_ONLY
single_parameter,MEASURE_ET_LT_SEC_Id_min_mA_mm,,INCONCLUSIVE,FLAT,STRONG,MODERATE,EXISTING_ONLY
single_parameter,MEASURE_ET_DC_SEC_X_Vboff_Id_plus_Ig_SD3p5,,INCONCLUSIVE,FLAT,STRONG,MODERATE,EXISTING_ONLY
single_parameter,MEASURE_ET_DC_RF_CF_S11_Ph_L1018,,INCONCLUSIVE,FLAT,STRONG,STRONG,EXISTING_ONLY
single_parameter,FIC_ET_HIRS,,INCONCLUSIVE,FLAT,STRONG,STRONG,EXISTING_ONLY
single_parameter,MEASURE_ET_LT_SEC_Ileak_m12p5V_mA_mm,,INCONCLUSIVE,FLAT,STRONG,MODERATE,EXISTING_ONLY
single_parameter,TOPSIN_ET_DC_PIV_Ids0_QP1,,INCONCLUSIVE,FLAT,INCONCLUSIVE,INCONCLUSIVE,INCONCLUSIVE_BOTH
single_parameter,MEASURE_ET_DC_RF_Vdg_max,,INCONCLUSIVE,FLAT,MODERATE,MODERATE,EXISTING_ONLY
single_parameter,FIC_ET_DC_RF_Vg_max_Vd_0p1,,INCONCLUSIVE,FLAT,INCONCLUSIVE,WEAK,INCONCLUSIVE_BOTH
single_parameter,MEASURE_ET_DC_SEC_X_Id_plus_Ig_at_Vboff_mA_mm_FPSD3p2,,INCONCLUSIVE,FLAT,INCONCLUSIVE,INCONCLUSIVE,INCONCLUSIVE_BOTH
single_parameter,MEASURE_ET_DC_SEC_S_Id_plus_Ig_at_Vboff_mA_mm,,INCONCLUSIVE,FLAT,INCONCLUSIVE,INCONCLUSIVE,INCONCLUSIVE_BOTH
single_parameter,MEASURE_ET_DC_RF_Vdg_max_0p1,,INCONCLUSIVE,FLAT,STRONG,MODERATE,EXISTING_ONLY
single_parameter,MEASURE_ET_LT_SEC_Vbgd1_Vd3,,INCONCLUSIVE,FLAT,STRONG,MODERATE,EXISTING_ONLY
single_parameter,MEASURE_ET_DC_RF_Vboff,,INCONCLUSIVE,FLAT,STRONG,INCONCLUSIVE,EXISTING_ONLY
single_parameter,MEASURE_ET_R_f_hr_1,,INCONCLUSIVE,FLAT,INCONCLUSIVE,INCONCLUSIVE,INCONCLUSIVE_BOTH
single_parameter,MEASURE_ET_DC_RF_Max_S11_Mag_L1018,,INCONCLUSIVE,FLAT,INCONCLUSIVE,INCONCLUSIVE,INCONCLUSIVE_BOTH
single_parameter,SIN_GATE_ET_R514,,INCONCLUSIVE,FLAT,STRONG,INCONCLUSIVE,EXISTING_ONLY
single_parameter,MEASURE_ET_DC_Diode_Rs_9p5,,INCONCLUSIVE,FLAT,STRONG,WEAK,EXISTING_ONLY
single_parameter,FIC_ET_DC_RF_Vbgs1,,INCONCLUSIVE,FLAT,WEAK,INCONCLUSIVE,INCONCLUSIVE_BOTH
single_parameter,FIC_ET_DC_RF_Vbgs_0p01,,INCONCLUSIVE,FLAT,STRONG,INCONCLUSIVE,EXISTING_ONLY
single_parameter,SIN_GATE_ET_RGAN3,,INCONCLUSIVE,FLAT,INCONCLUSIVE,INCONCLUSIVE,INCONCLUSIVE_BOTH
single_parameter,TOPSIN_ET_lkg_C300pf,,INCONCLUSIVE,FLAT,STRONG,MODERATE,EXISTING_ONLY
single_parameter,MEASURE_ET_DC_SEC_S_Id_mA_mm_at_Vg3,,INCONCLUSIVE,FLAT,WEAK,STRONG,EXISTING_ONLY
single_parameter,MEASURE_ET_DC_RF2_MAG_26GHz,,INCONCLUSIVE,FLAT,STRONG,INCONCLUSIVE,EXISTING_ONLY
single_parameter,OHMIC_ET_lkg_5,,INCONCLUSIVE,FLAT,STRONG,MODERATE,EXISTING_ONLY
single_parameter,FIC_ET_DC_RF_Vdg_max,,INCONCLUSIVE,FLAT,INCONCLUSIVE,INCONCLUSIVE,INCONCLUSIVE_BOTH
single_parameter,TOPSIN_ET_RGAN2,,INCONCLUSIVE,FLAT,STRONG,INCONCLUSIVE,EXISTING_ONLY
single_parameter,MEASURE_ET_Load_Pull_P_A_E_Last,,INCONCLUSIVE,FLAT,not_tested,not_tested,INCONCLUSIVE_BOTH
single_parameter,MEASURE_ET_DC_SEC_S_Ig_cut3_mAmm_neg_SD3p5,,INCONCLUSIVE,FLAT,STRONG,INCONCLUSIVE,EXISTING_ONLY
single_parameter,MEASURE_ET_C100CapPARCAP,,INCONCLUSIVE,FLAT,STRONG,WEAK,EXISTING_ONLY
single_parameter,FIC_ET_Probe_Number,,INCONCLUSIVE,FLAT,WEAK,MODERATE,EXISTING_ONLY
single_parameter,SIN_GATE_ET_RGAN2,,INCONCLUSIVE,FLAT,STRONG,MODERATE,EXISTING_ONLY
single_parameter,THIN_ET_Rcat_cn_3,,INCONCLUSIVE,FLAT,WEAK,MODERATE,EXISTING_ONLY
single_parameter,MEASURE_ET_DC_SEC_S_Id_at_Vboff_mA_mm,,INCONCLUSIVE,FLAT,MODERATE,MODERATE,EXISTING_ONLY
single_parameter,MEASURE_ET_DC_SEC_X_Vg_at_I2_pos,,INCONCLUSIVE,FLAT,STRONG,INCONCLUSIVE,EXISTING_ONLY
single_parameter,CATHODE_ET_Rcat_cn_3,,INCONCLUSIVE,FLAT,STRONG,INCONCLUSIVE,EXISTING_ONLY
single_parameter,SIN_GATE_ET_Probe_Number,,INCONCLUSIVE,FLAT,WEAK,INCONCLUSIVE,INCONCLUSIVE_BOTH
single_parameter,MEASURE_ET_DC_SEC_Vgs_0p1V,,INCONCLUSIVE,FLAT,STRONG,STRONG,EXISTING_ONLY
single_parameter,MEASURE_ET_LT_SEC_Vd_Id_min_Vd7,,INCONCLUSIVE,FLAT,STRONG,INCONCLUSIVE,EXISTING_ONLY
single_parameter,THIN_ET_C_CAT_2,,INCONCLUSIVE,FLAT,STRONG,WEAK,EXISTING_ONLY
single_parameter,MEASURE_ET_DC_SEC_X_Ron_SD3p5,,INCONCLUSIVE,FLAT,STRONG,INCONCLUSIVE,EXISTING_ONLY
single_parameter,MEASURE_ET_Ran_con_3,,INCONCLUSIVE,FLAT,INCONCLUSIVE,INCONCLUSIVE,INCONCLUSIVE_BOTH
single_parameter,MEASURE_ET_DC_RF_Min_S21_Freq_L1018,,INCONCLUSIVE,FLAT,STRONG,MODERATE,EXISTING_ONLY
single_parameter,SIN_ET_DC_RF_Idss,,INCONCLUSIVE,FLAT,STRONG,MODERATE,EXISTING_ONLY
single_parameter,FIC_ET_DC_RF_Vdg_max_0p1mA,,INCONCLUSIVE,FLAT,INCONCLUSIVE,MODERATE,EXISTING_ONLY
single_parameter,MEASURE_ET_LT_SEC_Ileak_m5p5V_mA_mm,,INCONCLUSIVE,FLAT,STRONG,INCONCLUSIVE,EXISTING_ONLY
single_parameter,FIC_ET_G_per_25,,INCONCLUSIVE,FLAT,MODERATE,MODERATE,EXISTING_ONLY
single_parameter,TOPSIN_ET_CapUSV_0,,INCONCLUSIVE,FLAT,STRONG,WEAK,EXISTING_ONLY
single_parameter,MEASURE_ET_DC_SMALL_Vds_max,,INCONCLUSIVE,FLAT,MODERATE,WEAK,EXISTING_ONLY
single_parameter,TOPSIN_ET_DC_PIV_Gate_Lag_1,,INCONCLUSIVE,FLAT,STRONG,WEAK,EXISTING_ONLY
single_parameter,BRIDGE_METAL_Height2_BRGM_Height2,,INCONCLUSIVE,FLAT,WEAK,MODERATE,EXISTING_ONLY
single_parameter,FMESA_ET_Probe_Number,,INCONCLUSIVE,FLAT,INCONCLUSIVE,WEAK,INCONCLUSIVE_BOTH
single_parameter,TOPSIN_ET_DC_RF_Vbgs_0p1,,INCONCLUSIVE,FLAT,STRONG,STRONG,EXISTING_ONLY
single_parameter,MEASURE_ET_DC_RD_S22dB_18GHz,,INCONCLUSIVE,FLAT,INCONCLUSIVE,INCONCLUSIVE,INCONCLUSIVE_BOTH
single_parameter,MEASURE_ET_DC_PIV_Drain_Lag_1,,INCONCLUSIVE,FLAT,MODERATE,INCONCLUSIVE,EXISTING_ONLY
single_parameter,MEASURE_ET_DC_SEC_Vboff_1,,INCONCLUSIVE,FLAT,STRONG,INCONCLUSIVE,EXISTING_ONLY
single_parameter,MEASURE_ET_DC_RF_S11dB_26GHz,,INCONCLUSIVE,FLAT,STRONG,INCONCLUSIVE,EXISTING_ONLY
single_parameter,MEASURE_ET_DC_RF_Min_S21_Freq_L1002,,INCONCLUSIVE,FLAT,STRONG,INCONCLUSIVE,EXISTING_ONLY
single_parameter,MEASURE_ET_Probe_Number,,INCONCLUSIVE,FLAT,INCONCLUSIVE,STRONG,EXISTING_ONLY
single_parameter,MEASURE_ET_DC_SEC_S_Vg_at_I3_neg_FPSD3p2,,INCONCLUSIVE,FLAT,WEAK,MODERATE,EXISTING_ONLY
single_parameter,TOPSIN_ET_lkg_CapPARCAP,,INCONCLUSIVE,FLAT,WEAK,INCONCLUSIVE,INCONCLUSIVE_BOTH
single_parameter,FIC_ET_Rc_f_hr_23,,INCONCLUSIVE,FLAT,MODERATE,WEAK,EXISTING_ONLY
single_parameter,MEASURE_ET_DC_Big_S11ang_10GHz,,INCONCLUSIVE,FLAT,STRONG,WEAK,EXISTING_ONLY
single_parameter,MEASURE_ET_lkg_50,,INCONCLUSIVE,FLAT,STRONG,STRONG,EXISTING_ONLY
single_parameter,TOPSIN_ET_C385pf,,INCONCLUSIVE,FLAT,INCONCLUSIVE,MODERATE,EXISTING_ONLY
single_parameter,MEASURE_ET_DC_SEC_S_Ig_cut3_mAmm_pos,,INCONCLUSIVE,FLAT,STRONG,STRONG,EXISTING_ONLY
single_parameter,TOPSIN_ET_lkg_SY8_80,,INCONCLUSIVE,FLAT,STRONG,INCONCLUSIVE,EXISTING_ONLY
single_parameter,GATE2_Thickness4_PMMA_PR_etch_thickness,,INCONCLUSIVE,FLAT,STRONG,WEAK,EXISTING_ONLY
single_parameter,MEASURE_ET_RF_Modeling_S21_19G_After,,INCONCLUSIVE,FLAT,INCONCLUSIVE,WEAK,INCONCLUSIVE_BOTH
single_parameter,FIC_ET_R314,,INCONCLUSIVE,FLAT,INCONCLUSIVE,INCONCLUSIVE,INCONCLUSIVE_BOTH
single_parameter,MEASURE_ET_Load_Pull_PhL_set,,INCONCLUSIVE,FLAT,INCONCLUSIVE,INCONCLUSIVE,INCONCLUSIVE_BOTH
single_parameter,MEASURE_ET_DC_SMALL_Vboff,,INCONCLUSIVE,FLAT,MODERATE,WEAK,EXISTING_ONLY
single_parameter,MEASURE_ET_DC_RF_Vbgs_0p1,,INCONCLUSIVE,FLAT,STRONG,INCONCLUSIVE,EXISTING_ONLY
single_parameter,TOPSIN_ET_C175pf,,INCONCLUSIVE,FLAT,STRONG,INCONCLUSIVE,EXISTING_ONLY
single_parameter,MEASURE_ET_DC_RF_Vbgd1,,INCONCLUSIVE,FLAT,MODERATE,INCONCLUSIVE,EXISTING_ONLY
single_parameter,MEASURE_ET_Rc_cat_ct2_OW_ST,,INCONCLUSIVE,FLAT,STRONG,INCONCLUSIVE,EXISTING_ONLY
single_parameter,MEASURE_ET_lkg_50_at20V,,INCONCLUSIVE,FLAT,STRONG,INCONCLUSIVE,EXISTING_ONLY
single_parameter,TOPSIN_ET_R_f_tn_3,,INCONCLUSIVE,FLAT,INCONCLUSIVE,INCONCLUSIVE,INCONCLUSIVE_BOTH
single_parameter,MEASURE_ET_R_660_VER,,INCONCLUSIVE,FLAT,STRONG,WEAK,EXISTING_ONLY
single_parameter,CATHODE_ET_Rc_cat_ct2_OW_ST,,INCONCLUSIVE,FLAT,STRONG,INCONCLUSIVE,EXISTING_ONLY
single_parameter,MEASURE_ET_DC_RF_S11ang_10GHz,,INCONCLUSIVE,FLAT,STRONG,MODERATE,EXISTING_ONLY
single_parameter,TOPSIN_ET_Gate_res,,INCONCLUSIVE,FLAT,WEAK,INCONCLUSIVE,INCONCLUSIVE_BOTH
single_parameter,TOPSIN_ET_DC_RF_Vbgs1,,INCONCLUSIVE,FLAT,MODERATE,INCONCLUSIVE,EXISTING_ONLY
single_parameter,MEASURE_ET_DC_Big_Vg_optt3,,INCONCLUSIVE,FLAT,STRONG,INCONCLUSIVE,EXISTING_ONLY
single_parameter,MEASURE_ET_DC_SEC_S_Id_plus_Ig_at_Vboff_mA_mm_FPSD3p2,,INCONCLUSIVE,FLAT,STRONG,MODERATE,EXISTING_ONLY
single_parameter,MEASURE_ET_DC_SEC_X_Vg_at_I1_neg_SD3p5,,INCONCLUSIVE,FLAT,STRONG,WEAK,EXISTING_ONLY
single_parameter,MEASURE_ET_DC_SEC_S_Vg_at_I3_pos_FPSD3p2,,INCONCLUSIVE,FLAT,STRONG,WEAK,EXISTING_ONLY
single_parameter,MEASURE_ET_DC_SMALL_Vbgd_0p1,,INCONCLUSIVE,FLAT,STRONG,WEAK,EXISTING_ONLY
single_parameter,MEASURE_ET_DC_RF_Vboff_ON,,INCONCLUSIVE,FLAT,STRONG,INCONCLUSIVE,EXISTING_ONLY
single_parameter,FIC_ET_DC_RF_Ids_m0p2,,INCONCLUSIVE,FLAT,STRONG,MODERATE,EXISTING_ONLY
single_parameter,SIN_ET_DC_RF_Vg_max_Vd_0p1mA,,INCONCLUSIVE,FLAT,INCONCLUSIVE,INCONCLUSIVE,INCONCLUSIVE_BOTH
single_parameter,MEASURE_ET_DC_RF_CF_S11_Mag_L2180,,INCONCLUSIVE,FLAT,STRONG,INCONCLUSIVE,EXISTING_ONLY
single_parameter,MEASURE_ET_LT_SEC_Vd_Id_min_Vd8,,INCONCLUSIVE,FLAT,WEAK,INCONCLUSIVE,INCONCLUSIVE_BOTH
single_parameter,MEASURE_ET_DC_RF_CF_S11_Mag_L1018,,INCONCLUSIVE,FLAT,WEAK,MODERATE,EXISTING_ONLY
single_parameter,MEASURE_ET_DC_SEC_Ids_m0p2,,INCONCLUSIVE,FLAT,STRONG,INCONCLUSIVE,EXISTING_ONLY
single_parameter,MEASURE_ET_DC_SEC_X_Vg_at_I3_neg_SD3p5,,INCONCLUSIVE,FLAT,STRONG,WEAK,EXISTING_ONLY
single_parameter,THIN_ET_DC_RF_Vg_optt3,,INCONCLUSIVE,FLAT,STRONG,STRONG,EXISTING_ONLY
single_parameter,MEASURE_ET_DC_RD_S12ang_18GHz,,INCONCLUSIVE,FLAT,WEAK,INCONCLUSIVE,INCONCLUSIVE_BOTH
single_parameter,MEASURE_ET_DC_Diode_S11_dB_rev,,INCONCLUSIVE,FLAT,STRONG,WEAK,EXISTING_ONLY
single_parameter,THIN_ET_R114,,INCONCLUSIVE,FLAT,MODERATE,MODERATE,EXISTING_ONLY
single_parameter,THIN_ET_TF_AB_1,,INCONCLUSIVE,FLAT,STRONG,INCONCLUSIVE,EXISTING_ONLY
single_parameter,CATHODE_ET_C_CAT_2_OW_ST,,INCONCLUSIVE,FLAT,MODERATE,INCONCLUSIVE,EXISTING_ONLY
single_parameter,MEASURE_ET_RF_Modeling_Rd,,INCONCLUSIVE,FLAT,STRONG,MODERATE,EXISTING_ONLY
single_parameter,MEASURE_ET_Vbkdn_C385pf,,INCONCLUSIVE,FLAT,INCONCLUSIVE,INCONCLUSIVE,INCONCLUSIVE_BOTH
single_parameter,MESA_Height_Mesa_Height,,INCONCLUSIVE,FLAT,WEAK,MODERATE,EXISTING_ONLY
single_parameter,FIC_ET_sh_f_hr_23,,INCONCLUSIVE,FLAT,STRONG,INCONCLUSIVE,EXISTING_ONLY
single_parameter,MEASURE_ET_DC_SEC_X_Vg_at_I3_pos,,INCONCLUSIVE,FLAT,STRONG,INCONCLUSIVE,EXISTING_ONLY
single_parameter,MEASURE_ET_DC_Big_MAG_10GHz,,INCONCLUSIVE,FLAT,STRONG,INCONCLUSIVE,EXISTING_ONLY
single_parameter,MEASURE_ET_RF_Modeling_MAG_19G_After,,INCONCLUSIVE,FLAT,MODERATE,INCONCLUSIVE,EXISTING_ONLY
single_parameter,MEASURE_ET_R_f_hr_3,,INCONCLUSIVE,FLAT,MODERATE,WEAK,EXISTING_ONLY
single_parameter,MEASURE_ET_DC_SEC_S_Vboff_Id,,INCONCLUSIVE,FLAT,STRONG,INCONCLUSIVE,EXISTING_ONLY
single_parameter,MEASURE_ET_DC_Diode_Rs,,INCONCLUSIVE,FLAT,INCONCLUSIVE,WEAK,INCONCLUSIVE_BOTH
single_parameter,FIC_ET_DC_RF_Vp_1,,INCONCLUSIVE,FLAT,WEAK,MODERATE,EXISTING_ONLY
single_parameter,FP2_Height2_FP2_Height2,,INCONCLUSIVE,FLAT,STRONG,INCONCLUSIVE,EXISTING_ONLY
single_parameter,TOPSIN_ET_R414,,INCONCLUSIVE,FLAT,INCONCLUSIVE,STRONG,EXISTING_ONLY
single_parameter,MEASURE_ET_DC_SEC_X_Ron,,INCONCLUSIVE,FLAT,STRONG,MODERATE,EXISTING_ONLY
single_parameter,THIN_ET_F_AB,,INCONCLUSIVE,FLAT,STRONG,MODERATE,EXISTING_ONLY
single_parameter,FIC_ET_DC_PIV_Ids0_QP3,,INCONCLUSIVE,FLAT,WEAK,STRONG,EXISTING_ONLY
single_parameter,THIN_ET_Rc_an_ct2_OW_CR,,INCONCLUSIVE,FLAT,STRONG,MODERATE,EXISTING_ONLY
single_parameter,MEASURE_ET_F_AB,,INCONCLUSIVE,FLAT,INCONCLUSIVE,MODERATE,EXISTING_ONLY
single_parameter,TOPSIN_ET_C100Cap1pf,,INCONCLUSIVE,FLAT,STRONG,INCONCLUSIVE,EXISTING_ONLY
single_parameter,MEASURE_ET_DC_RF_Vbon_min,,INCONCLUSIVE,FLAT,WEAK,MODERATE,EXISTING_ONLY
single_parameter,MEASURE_ET_DC_SEC_X_Id_at_Vboff_mA_mm_SD3p5,,INCONCLUSIVE,FLAT,STRONG,INCONCLUSIVE,EXISTING_ONLY
single_parameter,MEASURE_ET_OHMC_GN,,INCONCLUSIVE,FLAT,WEAK,INCONCLUSIVE,INCONCLUSIVE_BOTH
single_parameter,THIN_ET_lkg_100_at20V,,INCONCLUSIVE,FLAT,MODERATE,INCONCLUSIVE,EXISTING_ONLY
single_parameter,MEASURE_ET_DC_SEC_S_Id_at_Vboff_mA_mm_FPSD3p2,,INCONCLUSIVE,FLAT,STRONG,STRONG,EXISTING_ONLY
single_parameter,MEASURE_ET_DC_RF2_S11dB_26GHz,,INCONCLUSIVE,FLAT,STRONG,STRONG,EXISTING_ONLY
single_parameter,MEASURE_ET_DC_SEC_X_Vp_0p7_mA_mm,,INCONCLUSIVE,FLAT,STRONG,WEAK,EXISTING_ONLY
single_parameter,MEASURE_ET_lkg_C500pf,,INCONCLUSIVE,FLAT,WEAK,INCONCLUSIVE,INCONCLUSIVE_BOTH
single_parameter,MEASURE_ET_DC_SMALL_Vbgd_0p01,,INCONCLUSIVE,FLAT,STRONG,INCONCLUSIVE,EXISTING_ONLY
single_parameter,TOPSIN_ET_DC_SMALL_n_gs,,INCONCLUSIVE,FLAT,INCONCLUSIVE,INCONCLUSIVE,INCONCLUSIVE_BOTH
single_parameter,SIN_ET_DC_PIV_Idss_QP3,,INCONCLUSIVE,FLAT,STRONG,WEAK,EXISTING_ONLY
single_parameter,SIN_ET_DC_RF_Vdg_max,,INCONCLUSIVE,FLAT,INCONCLUSIVE,MODERATE,EXISTING_ONLY
single_parameter,BRIDGE_METAL_Height_Final_TOP_metal_thickness,,INCONCLUSIVE,FLAT,STRONG,MODERATE,EXISTING_ONLY
single_parameter,TOPSIN_ET_DC_SMALL_Vbgs1,,INCONCLUSIVE,FLAT,INCONCLUSIVE,WEAK,INCONCLUSIVE_BOTH
single_parameter,MEASURE_ET_DC_RF_MAG_35GHz_W,,INCONCLUSIVE,FLAT,STRONG,STRONG,EXISTING_ONLY
single_parameter,MEASURE_ET_DC_RF_Vp_01_W,,INCONCLUSIVE,FLAT,WEAK,INCONCLUSIVE,INCONCLUSIVE_BOTH
single_parameter,FIC_ET_R_f_tn_1,,INCONCLUSIVE,FLAT,MODERATE,MODERATE,EXISTING_ONLY
single_parameter,MEASURE_ET_DC_SEC_S_Ig_cut1_mAmm_neg_SD3p5,,INCONCLUSIVE,FLAT,STRONG,INCONCLUSIVE,EXISTING_ONLY
single_parameter,MEASURE_ET_DC_RF_Vg_Vbon_max,,INCONCLUSIVE,FLAT,STRONG,STRONG,EXISTING_ONLY
single_parameter,THIN_ET_C_AN_2_OW_CR,,INCONCLUSIVE,FLAT,MODERATE,INCONCLUSIVE,EXISTING_ONLY
single_parameter,MEASURE_ET_DC_RF_S11ang_26GHz_W,,INCONCLUSIVE,FLAT,STRONG,INCONCLUSIVE,EXISTING_ONLY
single_parameter,MEASURE_ET_DC_RF_Vg_max_Vd,,INCONCLUSIVE,FLAT,STRONG,MODERATE,EXISTING_ONLY
single_parameter,TOPSIN_ET_HIRS,,INCONCLUSIVE,FLAT,STRONG,INCONCLUSIVE,EXISTING_ONLY
single_parameter,MEASURE_ET_DC_SEC_X_Ig_cut1_mAmm_neg,,INCONCLUSIVE,FLAT,STRONG,STRONG,EXISTING_ONLY
single_parameter,MEASURE_ET_Rc_an_ct2,,INCONCLUSIVE,FLAT,MODERATE,INCONCLUSIVE,EXISTING_ONLY
single_parameter,THIN_ET_Ran_con_3_OW_CR,,INCONCLUSIVE,FLAT,STRONG,MODERATE,EXISTING_ONLY
single_parameter,MEASURE_ET_LT_SEC_Ileak_m9V_mA_mm,,INCONCLUSIVE,FLAT,STRONG,MODERATE,EXISTING_ONLY
single_parameter,MEASURE_ET_DC_RF_MSG_10GHz,,INCONCLUSIVE,FLAT,INCONCLUSIVE,WEAK,INCONCLUSIVE_BOTH
single_parameter,MEASURE_ET_DC_SEC_S_Ig_cut3_mAmm_neg,,INCONCLUSIVE,FLAT,INCONCLUSIVE,INCONCLUSIVE,INCONCLUSIVE_BOTH
single_parameter,SIN_ET_DC_RF_Vt_gd,,INCONCLUSIVE,FLAT,STRONG,MODERATE,EXISTING_ONLY
single_parameter,MEASURE_ET_DC_SEC_X_Id_mA_mm_at_Vg1_FPSD3p2,,INCONCLUSIVE,FLAT,WEAK,WEAK,INCONCLUSIVE_BOTH
single_parameter,MEASURE_ET_R_400_VER,,INCONCLUSIVE,FLAT,MODERATE,STRONG,EXISTING_ONLY
single_parameter,TOPSIN_ET_DC_SMALL_Gm_m0p2,,INCONCLUSIVE,FLAT,STRONG,INCONCLUSIVE,EXISTING_ONLY
single_parameter,MEASURE_ET_DC_RF_Vds_max_0p1mA,,INCONCLUSIVE,FLAT,INCONCLUSIVE,WEAK,INCONCLUSIVE_BOTH
single_parameter,MEASURE_ET_sh_GA142_GN,,INCONCLUSIVE,FLAT,STRONG,MODERATE,EXISTING_ONLY
single_parameter,MEASURE_ET_DC_RF_S12dB_26GHz,,INCONCLUSIVE,FLAT,WEAK,STRONG,EXISTING_ONLY
single_parameter,TOPSIN_ET_DC_RF_Vbgd_0p1,,INCONCLUSIVE,FLAT,STRONG,INCONCLUSIVE,EXISTING_ONLY
single_parameter,MESA_ET_Probe_Number,,INCONCLUSIVE,FLAT,WEAK,INCONCLUSIVE,INCONCLUSIVE_BOTH
single_parameter,THIN_ET_TFR_AB,,INCONCLUSIVE,FLAT,STRONG,MODERATE,EXISTING_ONLY
single_parameter,TOPSIN_ET_DC_PIV_Drain_Lag_1,,INCONCLUSIVE,FLAT,STRONG,INCONCLUSIVE,EXISTING_ONLY
single_parameter,MEASURE_ET_DC_SEC_S_Vg_at_I2_neg_SD3p5,,INCONCLUSIVE,FLAT,STRONG,WEAK,EXISTING_ONLY
single_parameter,MEASURE_ET_DC_Stress_Id_stress_after,,INCONCLUSIVE,FLAT,STRONG,MODERATE,EXISTING_ONLY
single_parameter,MEASURE_ET_Rcat_cn_1,,INCONCLUSIVE,FLAT,INCONCLUSIVE,MODERATE,EXISTING_ONLY
single_parameter,SIN_ET_DC_PIV_Gate_Lag_Imax,,INCONCLUSIVE,FLAT,STRONG,WEAK,EXISTING_ONLY
single_parameter,MEASURE_ET_DC_SEC_X_Ig_cut2_mAmm_pos_SD3p5,,INCONCLUSIVE,FLAT,MODERATE,INCONCLUSIVE,EXISTING_ONLY
single_parameter,TOPSIN_ET_DC_PIV_Drain_Lag_0,,INCONCLUSIVE,FLAT,MODERATE,WEAK,EXISTING_ONLY
single_parameter,THIN_ET_lkg_10,,INCONCLUSIVE,FLAT,STRONG,WEAK,EXISTING_ONLY
single_parameter,THIN_ET_Rc_cat_ct2,,INCONCLUSIVE,FLAT,MODERATE,WEAK,EXISTING_ONLY
single_parameter,THIN_ET_C200,,INCONCLUSIVE,FLAT,STRONG,INCONCLUSIVE,EXISTING_ONLY
single_parameter,CATHODE_ET_Rc_cat_ct2,,INCONCLUSIVE,FLAT,MODERATE,STRONG,EXISTING_ONLY
single_parameter,THIN_ET_Rc_TF_AB_2,,INCONCLUSIVE,FLAT,STRONG,WEAK,EXISTING_ONLY
single_parameter,MEASURE_ET_R_f_tn_1,,INCONCLUSIVE,FLAT,STRONG,STRONG,EXISTING_ONLY
single_parameter,GATE2_CD_310nm_Gate_Win_Length,,INCONCLUSIVE,FLAT,INCONCLUSIVE,MODERATE,EXISTING_ONLY
single_parameter,MEASURE_ET_DC_RF2_S22ang_26GHz,,INCONCLUSIVE,FLAT,MODERATE,STRONG,EXISTING_ONLY
single_parameter,FIC_ET_DC_RF_Vboff,,INCONCLUSIVE,FLAT,STRONG,INCONCLUSIVE,EXISTING_ONLY
single_parameter,MEASURE_ET_DC_RF_CF_S11_Ph_L1002,,INCONCLUSIVE,FLAT,WEAK,WEAK,INCONCLUSIVE_BOTH
single_parameter,MEASURE_ET_LT_SEC_Vg_Id_min_Vd8,,INCONCLUSIVE,FLAT,MODERATE,MODERATE,EXISTING_ONLY
single_parameter,MEASURE_ET_RF_Modeling_MAG_19G_Before,,INCONCLUSIVE,FLAT,STRONG,WEAK,EXISTING_ONLY
single_parameter,TOPSIN_ET_DC_SMALL_Vbgd_0p01,,INCONCLUSIVE,FLAT,MODERATE,WEAK,EXISTING_ONLY
single_parameter,SIN_ET_DC_PIV_Drain_Lag_Idss,,INCONCLUSIVE,FLAT,STRONG,WEAK,EXISTING_ONLY
single_parameter,MEASURE_ET_Vbkdn_Cap100_Long,,INCONCLUSIVE,FLAT,WEAK,WEAK,INCONCLUSIVE_BOTH
single_parameter,THIN_ET_Ran_con_2,,INCONCLUSIVE,FLAT,STRONG,STRONG,EXISTING_ONLY
single_parameter,MEASURE_ET_DC_RF2_S12ang_26GHz,,INCONCLUSIVE,FLAT,INCONCLUSIVE,INCONCLUSIVE,INCONCLUSIVE_BOTH
single_parameter,TOPSIN_ET_DC_RF_Vbgd_0p01,,INCONCLUSIVE,FLAT,WEAK,INCONCLUSIVE,INCONCLUSIVE_BOTH
single_parameter,THIN_ET_KLV_F_AB_4u,,INCONCLUSIVE,FLAT,STRONG,STRONG,EXISTING_ONLY
single_parameter,TOPSIN_ET_C300pf_0,,INCONCLUSIVE,FLAT,STRONG,INCONCLUSIVE,EXISTING_ONLY
single_parameter,MEASURE_ET_DC_Big_Ids_m0p2,,INCONCLUSIVE,FLAT,WEAK,WEAK,INCONCLUSIVE_BOTH
single_parameter,MEASURE_ET_DC_Diode_Vbpin,,INCONCLUSIVE,FLAT,WEAK,WEAK,INCONCLUSIVE_BOTH
single_parameter,TOPSIN_ET_Load_Pull_Id_ord,,INCONCLUSIVE,FLAT,MODERATE,MODERATE,EXISTING_ONLY
single_parameter,TOPSIN_ET_Ids_m2,,INCONCLUSIVE,FLAT,STRONG,INCONCLUSIVE,EXISTING_ONLY
single_parameter,MEASURE_ET_DC_SEC_Vt_gs,,INCONCLUSIVE,FLAT,INCONCLUSIVE,WEAK,INCONCLUSIVE_BOTH
single_parameter,MEASURE_ET_DC_Diode_S11_dB_forw_9p5,,INCONCLUSIVE,FLAT,WEAK,INCONCLUSIVE,INCONCLUSIVE_BOTH
single_parameter,FIC_ET_DC_RF_Vdg_max_0p1,,INCONCLUSIVE,FLAT,WEAK,INCONCLUSIVE,INCONCLUSIVE_BOTH
single_parameter,MEASURE_ET_sh_GA144,,INCONCLUSIVE,FLAT,STRONG,WEAK,EXISTING_ONLY
single_parameter,MEASURE_ET_DC_RF_Freq_cut_L1002,,INCONCLUSIVE,FLAT,WEAK,INCONCLUSIVE,INCONCLUSIVE_BOTH
single_parameter,MEASURE_ET_lkg_70,,INCONCLUSIVE,FLAT,STRONG,MODERATE,EXISTING_ONLY
single_parameter,MEASURE_ET_DC_RF_K,,INCONCLUSIVE,FLAT,STRONG,WEAK,EXISTING_ONLY
single_parameter,MEASURE_ET_Load_Pull_Pin_Cut,,INCONCLUSIVE,FLAT,INCONCLUSIVE,INCONCLUSIVE,INCONCLUSIVE_BOTH
single_parameter,TOPSIN_ET_lkg_5,,INCONCLUSIVE,FLAT,STRONG,INCONCLUSIVE,EXISTING_ONLY
single_parameter,MEASURE_ET_DC_RF_Min_S21_Mag_L1002,,INCONCLUSIVE,FLAT,STRONG,INCONCLUSIVE,EXISTING_ONLY
single_parameter,OHMIC_ET_Rc_an_ct2,,INCONCLUSIVE,FLAT,STRONG,INCONCLUSIVE,EXISTING_ONLY
single_parameter,FIC_ET_GT_lin25,,INCONCLUSIVE,FLAT,STRONG,MODERATE,EXISTING_ONLY
single_parameter,MEASURE_ET_DC_SEC_X_Ig_cut2_mAmm_neg_FPSD3p2,,INCONCLUSIVE,FLAT,STRONG,MODERATE,EXISTING_ONLY
single_parameter,MEASURE_ET_Rc_f_hr_23,,INCONCLUSIVE,FLAT,INCONCLUSIVE,INCONCLUSIVE,INCONCLUSIVE_BOTH
single_parameter,MEASURE_ET_DC_SEC_Vgs_back_1V,,INCONCLUSIVE,FLAT,STRONG,WEAK,EXISTING_ONLY
single_parameter,MEASURE_ET_Er,,INCONCLUSIVE,FLAT,MODERATE,STRONG,EXISTING_ONLY
single_parameter,MEASURE_ET_DC_PIV_Gate_Lag_1,,INCONCLUSIVE,FLAT,WEAK,INCONCLUSIVE,INCONCLUSIVE_BOTH
single_parameter,FIC_ET_R_f_hr_2,,INCONCLUSIVE,FLAT,STRONG,MODERATE,EXISTING_ONLY
single_parameter,MEASURE_ET_DC_RF_Vdg_max_0p1mA,,INCONCLUSIVE,FLAT,MODERATE,INCONCLUSIVE,EXISTING_ONLY
single_parameter,MEASURE_ET_i5021_1,,INCONCLUSIVE,FLAT,STRONG,WEAK,EXISTING_ONLY
single_parameter,MEASURE_ET_DC_RF_Vp_01,,INCONCLUSIVE,FLAT,MODERATE,WEAK,EXISTING_ONLY
single_parameter,MEASURE_ET_lkg_C20,,INCONCLUSIVE,FLAT,MODERATE,MODERATE,EXISTING_ONLY
single_parameter,MEASURE_ET_DC_SEC_S_Id_mA_mm_at_Vg2_SD3p5,,INCONCLUSIVE,FLAT,INCONCLUSIVE,MODERATE,EXISTING_ONLY
single_parameter,FIC_ET_Ig_mAmm_at_Vd_cond,,INCONCLUSIVE,FLAT,WEAK,INCONCLUSIVE,INCONCLUSIVE_BOTH
single_parameter,FIC_ET_R_f_hr_1,,INCONCLUSIVE,FLAT,STRONG,INCONCLUSIVE,EXISTING_ONLY
single_parameter,MEASURE_ET_DC_SEC_S_Id_mA_mm_at_Vg3_FPSD3p2,,INCONCLUSIVE,FLAT,MODERATE,INCONCLUSIVE,EXISTING_ONLY
single_parameter,THIN_ET_Ran_con_1,,INCONCLUSIVE,FLAT,STRONG,STRONG,EXISTING_ONLY
single_parameter,MEASURE_ET_DC_RD_S12dB_18GHz,,INCONCLUSIVE,FLAT,WEAK,INCONCLUSIVE,INCONCLUSIVE_BOTH
single_parameter,MEASURE_ET_Load_Pull_ID_comp_Last_mA,,INCONCLUSIVE,FLAT,STRONG,STRONG,EXISTING_ONLY
single_parameter,SIN_GATE_ET_OHMC,,INCONCLUSIVE,FLAT,WEAK,INCONCLUSIVE,INCONCLUSIVE_BOTH
single_parameter,FIN_CD2_CD_etch_FIN,,INCONCLUSIVE,FLAT,STRONG,INCONCLUSIVE,EXISTING_ONLY
single_parameter,MEASURE_ET_DC_RF_Imax,,INCONCLUSIVE,FLAT,STRONG,INCONCLUSIVE,EXISTING_ONLY
single_parameter,FIC_ET_DC_PIV_Ids0_QP2,,INCONCLUSIVE,FLAT,WEAK,INCONCLUSIVE,INCONCLUSIVE_BOTH
single_parameter,MEASURE_ET_RF_Modeling_Rgs,,INCONCLUSIVE,FLAT,STRONG,MODERATE,EXISTING_ONLY
single_parameter,MEASURE_ET_DC_Stress_Vg_gm_max_after,,INCONCLUSIVE,FLAT,STRONG,MODERATE,EXISTING_ONLY
single_parameter,MEASURE_ET_DC_RF_CF_S22_Ph_L1018,,INCONCLUSIVE,FLAT,WEAK,STRONG,EXISTING_ONLY
single_parameter,TFRP_ET_Rc_TF_AB_2,,INCONCLUSIVE,FLAT,STRONG,STRONG,EXISTING_ONLY
single_parameter,TOPSIN_ET_Rc_OG144,,INCONCLUSIVE,FLAT,STRONG,WEAK,EXISTING_ONLY
single_parameter,MEASURE_ET_DC_RF_S21ang_26GHz_W,,INCONCLUSIVE,FLAT,STRONG,INCONCLUSIVE,EXISTING_ONLY
single_parameter,MEASURE_ET_Rc_OG142,,INCONCLUSIVE,FLAT,STRONG,WEAK,EXISTING_ONLY
single_parameter,MEASURE_ET_LT_SEC_Ileak_m10V_mA_mm,,INCONCLUSIVE,FLAT,STRONG,INCONCLUSIVE,EXISTING_ONLY
single_parameter,THIN_ET_Cap20,,INCONCLUSIVE,FLAT,INCONCLUSIVE,WEAK,INCONCLUSIVE_BOTH
single_parameter,MEASURE_ET_DC_RD_S22ang_18GHz,,INCONCLUSIVE,FLAT,STRONG,INCONCLUSIVE,EXISTING_ONLY
single_parameter,TOPSIN_ET_DC_RF_Ids_m0p2,,INCONCLUSIVE,FLAT,STRONG,WEAK,EXISTING_ONLY
single_parameter,MEASURE_ET_DC_Stress_Vg_max_Ig_before,,INCONCLUSIVE,FLAT,INCONCLUSIVE,INCONCLUSIVE,INCONCLUSIVE_BOTH
single_parameter,MEASURE_ET_Ran_con_2_OW_CR,,INCONCLUSIVE,FLAT,STRONG,INCONCLUSIVE,EXISTING_ONLY
single_parameter,MEASURE_ET_DC_PIV_Gate_Lag_0,,INCONCLUSIVE,FLAT,STRONG,WEAK,EXISTING_ONLY
single_parameter,MEASURE_ET_DC_PIV_Ids0_QP1,,INCONCLUSIVE,FLAT,STRONG,MODERATE,EXISTING_ONLY
single_parameter,MEASURE_ET_DC_RF_CF_S21_Mag_L1018,,INCONCLUSIVE,FLAT,STRONG,STRONG,EXISTING_ONLY
single_parameter,MEASURE_ET_DC_PIV_Idss_QP3,,INCONCLUSIVE,FLAT,STRONG,MODERATE,EXISTING_ONLY
single_parameter,TOPSIN_ET_G_per_6K,,INCONCLUSIVE,FLAT,INCONCLUSIVE,INCONCLUSIVE,INCONCLUSIVE_BOTH
single_parameter,MEASURE_ET_RF_Modeling_S12dB_10GHz,,INCONCLUSIVE,FLAT,STRONG,STRONG,EXISTING_ONLY
single_parameter,MEASURE_ET_LT_SEC_Ileak_m10p5V_mA_mm,,INCONCLUSIVE,FLAT,STRONG,WEAK,EXISTING_ONLY
single_parameter,MEASURE_ET_DC_SEC_S_Ron_FPSD3p2,,INCONCLUSIVE,FLAT,STRONG,INCONCLUSIVE,EXISTING_ONLY
single_parameter,MEASURE_ET_DC_SEC_S_Vg_at_I1_neg,,INCONCLUSIVE,FLAT,MODERATE,STRONG,EXISTING_ONLY
single_parameter,CATHODE_ET_Rcat_cn_2_OW_ST,,INCONCLUSIVE,FLAT,STRONG,INCONCLUSIVE,EXISTING_ONLY
single_parameter,MEASURE_ET_RF_Modeling_MAG_18,,INCONCLUSIVE,FLAT,STRONG,WEAK,EXISTING_ONLY
single_parameter,CHRE_Ali_Litho_Channel_to_Ohmic_Alignment,,INCONCLUSIVE,FLAT,STRONG,INCONCLUSIVE,EXISTING_ONLY
single_parameter,MEASURE_ET_DC_SEC_S_Vboff_Id_FPSD3p2,,INCONCLUSIVE,FLAT,INCONCLUSIVE,INCONCLUSIVE,INCONCLUSIVE_BOTH
single_parameter,MEASURE_ET_DC_SEC_X_Id_mA_mm_at_Vg3_SD3p5,,INCONCLUSIVE,FLAT,STRONG,MODERATE,EXISTING_ONLY
single_parameter,THIN_ET_C100,,INCONCLUSIVE,FLAT,MODERATE,INCONCLUSIVE,EXISTING_ONLY
single_parameter,MEASURE_ET_R_f_tn_2,,INCONCLUSIVE,FLAT,INCONCLUSIVE,STRONG,EXISTING_ONLY
single_parameter,MEASURE_ET_Cap_C300FB,,INCONCLUSIVE,FLAT,INCONCLUSIVE,INCONCLUSIVE,INCONCLUSIVE_BOTH
single_parameter,MEASURE_ET_DC_RF_CF_S21_Mag_L2180,,INCONCLUSIVE,FLAT,WEAK,MODERATE,EXISTING_ONLY
single_parameter,MEASURE_ET_DC_SEC_X_Ig_mAmm_at_Vg_cond_pos_SD3p5,,INCONCLUSIVE,FLAT,STRONG,WEAK,EXISTING_ONLY
single_parameter,MEASURE_ET_TANR,,INCONCLUSIVE,FLAT,WEAK,MODERATE,EXISTING_ONLY
single_parameter,THIN_ET_DC_RF_Ids_m0p2,,INCONCLUSIVE,FLAT,INCONCLUSIVE,MODERATE,EXISTING_ONLY
single_parameter,MEASURE_ET_DC_RF_Vds_max_0p1,,INCONCLUSIVE,FLAT,STRONG,MODERATE,EXISTING_ONLY
single_parameter,MEASURE_ET_DC_SEC_S_Ig_cut1_mAmm_pos,,INCONCLUSIVE,FLAT,MODERATE,INCONCLUSIVE,EXISTING_ONLY
single_parameter,MEASURE_ET_RF_Modeling_Ft_int,,INCONCLUSIVE,FLAT,WEAK,MODERATE,EXISTING_ONLY
single_parameter,MEASURE_ET_Ran_con_1,,INCONCLUSIVE,FLAT,MODERATE,INCONCLUSIVE,EXISTING_ONLY
single_parameter,TOPSIN_ET_Load_Pull_Freq,,INCONCLUSIVE,FLAT,STRONG,STRONG,EXISTING_ONLY
single_parameter,MEASURE_ET_DC_SEC_Imax_6V,,INCONCLUSIVE,FLAT,STRONG,WEAK,EXISTING_ONLY
single_parameter,MEASURE_ET_RF_Modeling_S11dB_10GHz,,INCONCLUSIVE,FLAT,STRONG,INCONCLUSIVE,EXISTING_ONLY
single_parameter,MEASURE_ET_VIA_KLV,,INCONCLUSIVE,FLAT,STRONG,MODERATE,EXISTING_ONLY
single_parameter,BRGM_ET_C300_0,,INCONCLUSIVE,FLAT,MODERATE,INCONCLUSIVE,EXISTING_ONLY
single_parameter,MEASURE_ET_Rsh_F_AB_2,,INCONCLUSIVE,FLAT,STRONG,STRONG,EXISTING_ONLY
single_parameter,MEASURE_ET_DC_RF_Gm_m0p2_W,,INCONCLUSIVE,FLAT,STRONG,STRONG,EXISTING_ONLY
single_parameter,TOPSIN_ET_lkg_SY07_10,,INCONCLUSIVE,FLAT,WEAK,INCONCLUSIVE,INCONCLUSIVE_BOTH
single_parameter,MEASURE_ET_DC_RF_n_gd,,INCONCLUSIVE,FLAT,STRONG,INCONCLUSIVE,EXISTING_ONLY
single_parameter,THIN_ET_C_AN_2,,INCONCLUSIVE,FLAT,STRONG,INCONCLUSIVE,EXISTING_ONLY
single_parameter,MEASURE_ET_DC_RF_Vg_optt,,INCONCLUSIVE,FLAT,STRONG,INCONCLUSIVE,EXISTING_ONLY
single_parameter,TOPSIN_ET_Load_Pull_Vg,,INCONCLUSIVE,FLAT,STRONG,MODERATE,EXISTING_ONLY
single_parameter,MEASURE_ET_DC_SEC_S_Vg_at_I1_neg_SD3p5,,INCONCLUSIVE,FLAT,WEAK,INCONCLUSIVE,INCONCLUSIVE_BOTH
single_parameter,FIC_ET_DC_RF_Gm_0,,INCONCLUSIVE,FLAT,STRONG,WEAK,EXISTING_ONLY
single_parameter,MEASURE_ET_DC_SEC_X_Vg_at_I1_neg,,INCONCLUSIVE,FLAT,MODERATE,INCONCLUSIVE,EXISTING_ONLY
single_parameter,SIN_GATE_ET_lkg_SY8_80,,INCONCLUSIVE,FLAT,STRONG,MODERATE,EXISTING_ONLY
single_parameter,MEASURE_ET_DC_SEC_X_Id_mA_mm_at_Vg2_SD3p5,,INCONCLUSIVE,FLAT,MODERATE,INCONCLUSIVE,EXISTING_ONLY
single_parameter,MEASURE_ET_DC_RF_S12ang_10GHz,,INCONCLUSIVE,FLAT,WEAK,INCONCLUSIVE,INCONCLUSIVE_BOTH
single_parameter,MEASURE_ET_C300_0,,INCONCLUSIVE,FLAT,MODERATE,WEAK,EXISTING_ONLY
single_parameter,TOPSIN_ET_CapFICM1,,INCONCLUSIVE,FLAT,WEAK,WEAK,INCONCLUSIVE_BOTH
single_parameter,THIN_ET_Ran_con_3,,INCONCLUSIVE,FLAT,WEAK,MODERATE,EXISTING_ONLY
single_parameter,MEASURE_ET_DC_RF_CF_S22_Ph_L2180,,INCONCLUSIVE,FLAT,STRONG,MODERATE,EXISTING_ONLY
single_parameter,CATHODE_ET_Rcat_cn_1_OW_ST,,INCONCLUSIVE,FLAT,MODERATE,INCONCLUSIVE,EXISTING_ONLY
single_parameter,MEASURE_ET_lkg_PAD_10,,INCONCLUSIVE,FLAT,STRONG,INCONCLUSIVE,EXISTING_ONLY
single_parameter,MEASURE_ET_R_4000_HOR,,INCONCLUSIVE,FLAT,INCONCLUSIVE,INCONCLUSIVE,INCONCLUSIVE_BOTH
single_parameter,TOPSIN_ET_lkg_Cap_USV,,INCONCLUSIVE,FLAT,STRONG,MODERATE,EXISTING_ONLY
single_parameter,MEASURE_ET_CapPARCAP,,INCONCLUSIVE,FLAT,MODERATE,INCONCLUSIVE,EXISTING_ONLY
single_parameter,MEASURE_ET_DC_SEC_X_Ig_mAmm_at_Vg_cond_neg_SD3p5,,INCONCLUSIVE,FLAT,INCONCLUSIVE,STRONG,EXISTING_ONLY
single_parameter,MEASURE_ET_CapFICM1_0,,INCONCLUSIVE,FLAT,STRONG,MODERATE,EXISTING_ONLY
single_parameter,MEASURE_ET_RF_Modeling_MAG_25G_Before,,INCONCLUSIVE,FLAT,WEAK,INCONCLUSIVE,INCONCLUSIVE_BOTH
single_parameter,CATHODE_ET_Probe_Number,,INCONCLUSIVE,FLAT,MODERATE,INCONCLUSIVE,EXISTING_ONLY
single_parameter,MEASURE_ET_RF_Modeling_Gds,,INCONCLUSIVE,FLAT,MODERATE,MODERATE,EXISTING_ONLY
single_parameter,MEASURE_ET_lkg_Cap_USV,,INCONCLUSIVE,FLAT,STRONG,MODERATE,EXISTING_ONLY
single_parameter,MEASURE_ET_DC_SEC_Id_gm_max,,INCONCLUSIVE,FLAT,STRONG,WEAK,EXISTING_ONLY
single_parameter,MEASURE_ET_DC_RF_Max_S11_Ph_L1002,,INCONCLUSIVE,FLAT,STRONG,INCONCLUSIVE,EXISTING_ONLY
single_parameter,MEASURE_ET_DC_SEC_S_Ig_mAmm_at_Vg_cond_neg,,INCONCLUSIVE,FLAT,STRONG,INCONCLUSIVE,EXISTING_ONLY
single_parameter,MEASURE_ET_G2_per_6K,,INCONCLUSIVE,FLAT,INCONCLUSIVE,MODERATE,EXISTING_ONLY
single_parameter,MEASURE_ET_DC_SMALL_Vbgs1,,INCONCLUSIVE,FLAT,MODERATE,MODERATE,EXISTING_ONLY
single_parameter,MEASURE_ET_DC_RD_S21dB_18GHz,,INCONCLUSIVE,FLAT,STRONG,INCONCLUSIVE,EXISTING_ONLY
single_parameter,MEASURE_ET_RF_Modeling_Rg,,INCONCLUSIVE,FLAT,MODERATE,INCONCLUSIVE,EXISTING_ONLY
single_parameter,FIC_ET_C200_0S1,,INCONCLUSIVE,FLAT,STRONG,MODERATE,EXISTING_ONLY
single_parameter,FIC_ET_G_per_15,,INCONCLUSIVE,FLAT,STRONG,STRONG,EXISTING_ONLY
single_parameter,MEASURE_ET_DC_SMALL_Vg_optt,,INCONCLUSIVE,FLAT,INCONCLUSIVE,MODERATE,EXISTING_ONLY
single_parameter,MEASURE_ET_DC_RF_Vbin_gd,,INCONCLUSIVE,FLAT,STRONG,INCONCLUSIVE,EXISTING_ONLY
single_parameter,TOPSIN_ET_R_f_hr_3,,INCONCLUSIVE,FLAT,WEAK,INCONCLUSIVE,INCONCLUSIVE_BOTH
single_parameter,TOPSIN_ET_GC_Igs,,INCONCLUSIVE,FLAT,MODERATE,STRONG,EXISTING_ONLY
single_parameter,MEASURE_ET_DC_SEC_X_Ig_cut2_mAmm_neg,,INCONCLUSIVE,FLAT,INCONCLUSIVE,INCONCLUSIVE,INCONCLUSIVE_BOTH
single_parameter,MEASURE_ET_DC_RF_CF_S21_Ph_L1002,,INCONCLUSIVE,FLAT,INCONCLUSIVE,INCONCLUSIVE,INCONCLUSIVE_BOTH
single_parameter,MEASURE_ET_DC_SEC_X_Ig_cut3_mAmm_neg_SD3p5,,INCONCLUSIVE,FLAT,WEAK,INCONCLUSIVE,INCONCLUSIVE_BOTH
single_parameter,MEASURE_ET_DC_Stress_Ig_max_after,,INCONCLUSIVE,FLAT,STRONG,INCONCLUSIVE,EXISTING_ONLY
single_parameter,MEASURE_ET_DC_SEC_S_Vboff_Id_plus_Ig_FPSD3p2,,INCONCLUSIVE,FLAT,WEAK,MODERATE,EXISTING_ONLY
single_parameter,MEASURE_ET_DC_RF_CF_S12_Mag_L2180,,INCONCLUSIVE,FLAT,STRONG,WEAK,EXISTING_ONLY
single_parameter,MEASURE_ET_DC_SMALL_Vds_max_0p1,,INCONCLUSIVE,FLAT,STRONG,INCONCLUSIVE,EXISTING_ONLY
single_parameter,THIN_ET_R_4000_HOR,,INCONCLUSIVE,FLAT,STRONG,WEAK,EXISTING_ONLY
single_parameter,BRGM_ET_Rc_F_AB_2,,INCONCLUSIVE,FLAT,STRONG,STRONG,EXISTING_ONLY
single_parameter,MEASURE_ET_LT_SEC_ChipStatus,,INCONCLUSIVE,FLAT,STRONG,STRONG,EXISTING_ONLY
single_parameter,TOPSIN_ET_Gm_m2,,INCONCLUSIVE,FLAT,STRONG,WEAK,EXISTING_ONLY
single_parameter,MEASURE_ET_lkg_10,,INCONCLUSIVE,FLAT,STRONG,INCONCLUSIVE,EXISTING_ONLY
single_parameter,TOPSIN_ET_Load_Pull_Pin_Cut,,INCONCLUSIVE,FLAT,WEAK,WEAK,INCONCLUSIVE_BOTH
single_parameter,MEASURE_ET_DC_SEC_S_Ig_cut2_mAmm_neg_SD3p5,,INCONCLUSIVE,FLAT,MODERATE,WEAK,EXISTING_ONLY
single_parameter,FIC_ET_DC_RF_Vbgd_0p1,,INCONCLUSIVE,FLAT,MODERATE,WEAK,EXISTING_ONLY
single_parameter,MEASURE_ET_DC_PIV_Ids0_QP2,,INCONCLUSIVE,FLAT,WEAK,INCONCLUSIVE,INCONCLUSIVE_BOTH
single_parameter,VIA_GaN_Measure4GN_Final_GaN_thickness,,INCONCLUSIVE,FLAT,INCONCLUSIVE,MODERATE,EXISTING_ONLY
single_parameter,THIN_ET_Ran_con_1_OW_CR,,INCONCLUSIVE,FLAT,STRONG,INCONCLUSIVE,EXISTING_ONLY
single_parameter,MEASURE_ET_DC_RF_S22dB_10GHz,,INCONCLUSIVE,FLAT,STRONG,INCONCLUSIVE,EXISTING_ONLY
single_parameter,THIN_ET_R_400_VER,,INCONCLUSIVE,FLAT,STRONG,INCONCLUSIVE,EXISTING_ONLY
single_parameter,SIN_GATE_ET_Rc_OG142_GN,,INCONCLUSIVE,FLAT,STRONG,MODERATE,EXISTING_ONLY
single_parameter,FIC_ET_Vg_Vds_max,,INCONCLUSIVE,FLAT,STRONG,INCONCLUSIVE,EXISTING_ONLY
single_parameter,THIN_ET_Rc_f_hr_23,,INCONCLUSIVE,FLAT,STRONG,INCONCLUSIVE,EXISTING_ONLY
single_parameter,ANODE_ET_C_AN_2,,INCONCLUSIVE,FLAT,STRONG,INCONCLUSIVE,EXISTING_ONLY
single_parameter,FIC_ET_DC_RF_Id_gm_max,,INCONCLUSIVE,FLAT,STRONG,INCONCLUSIVE,EXISTING_ONLY
single_parameter,MEASURE_ET_DC_RF_Gm_max_W,,INCONCLUSIVE,FLAT,STRONG,WEAK,EXISTING_ONLY
single_parameter,THIN_ET_C20,,INCONCLUSIVE,FLAT,STRONG,INCONCLUSIVE,EXISTING_ONLY
single_parameter,MEASURE_ET_Rsh_an_ct2,,INCONCLUSIVE,FLAT,MODERATE,INCONCLUSIVE,EXISTING_ONLY
single_parameter,MEASURE_ET_OHMC,,INCONCLUSIVE,FLAT,INCONCLUSIVE,INCONCLUSIVE,INCONCLUSIVE_BOTH
single_parameter,MEASURE_ET_RF_Modeling_S11ang_10GHz,,INCONCLUSIVE,FLAT,STRONG,INCONCLUSIVE,EXISTING_ONLY
single_parameter,CATHODE_ET_Rcat_cn_1,,INCONCLUSIVE,FLAT,STRONG,MODERATE,EXISTING_ONLY
single_parameter,MEASURE_ET_Cap2pf,,INCONCLUSIVE,FLAT,WEAK,STRONG,EXISTING_ONLY
single_parameter,SIN_Thickness1_SiN_Thickness_1st,,INCONCLUSIVE,FLAT,INCONCLUSIVE,MODERATE,EXISTING_ONLY
single_parameter,MEASURE_ET_DC_SEC_X_Ids_max,,INCONCLUSIVE,FLAT,WEAK,STRONG,EXISTING_ONLY
single_parameter,TOPSIN_ET_C100CapUSV,,INCONCLUSIVE,FLAT,STRONG,STRONG,EXISTING_ONLY
single_parameter,THIN_ET_DC_RF_Vbgd_0p1,,INCONCLUSIVE,FLAT,MODERATE,INCONCLUSIVE,EXISTING_ONLY
single_parameter,THIN_ET_DC_RD_Vboff,,INCONCLUSIVE,FLAT,WEAK,STRONG,EXISTING_ONLY
single_parameter,BRGM_ET_TR_1F,,INCONCLUSIVE,FLAT,STRONG,STRONG,EXISTING_ONLY
single_parameter,MEASURE_ET_Load_Pull_Pout_W_mm_last,,INCONCLUSIVE,FLAT,STRONG,INCONCLUSIVE,EXISTING_ONLY
single_parameter,THIN_ET_i5021_3,,INCONCLUSIVE,FLAT,MODERATE,STRONG,EXISTING_ONLY
single_parameter,MEASURE_ET_DC_SEC_X_Ig_cut2_mAmm_neg_SD3p5,,INCONCLUSIVE,FLAT,STRONG,STRONG,EXISTING_ONLY
single_parameter,MEASURE_ET_DC_RF_Min_S21_Ph_L1002,,INCONCLUSIVE,FLAT,STRONG,INCONCLUSIVE,EXISTING_ONLY
single_parameter,MEASURE_ET_DC_SEC_S_Vg_at_I3_pos_SD3p5,,INCONCLUSIVE,FLAT,STRONG,INCONCLUSIVE,EXISTING_ONLY
single_parameter,MEASURE_ET_sh_GA142,,INCONCLUSIVE,FLAT,STRONG,INCONCLUSIVE,EXISTING_ONLY
single_parameter,MEASURE_ET_DC_RF2_MAG_35GHz,,INCONCLUSIVE,FLAT,STRONG,INCONCLUSIVE,EXISTING_ONLY
single_parameter,THIN_ET_R_f_tn_3,,INCONCLUSIVE,FLAT,INCONCLUSIVE,MODERATE,EXISTING_ONLY
single_parameter,MEASURE_ET_RF_Modeling_S12ang_10GHz,,INCONCLUSIVE,FLAT,INCONCLUSIVE,WEAK,INCONCLUSIVE_BOTH
single_parameter,SIN_GATE_ET_OHMC_GN,,INCONCLUSIVE,FLAT,MODERATE,WEAK,EXISTING_ONLY
single_parameter,MEASURE_ET_DC_Diode_S21_dB_rev,,INCONCLUSIVE,FLAT,STRONG,MODERATE,EXISTING_ONLY
single_parameter,THIN_ET_DC_RF_n_gs,,INCONCLUSIVE,FLAT,STRONG,STRONG,EXISTING_ONLY
single_parameter,TOPSIN_ET_DC_SMALL_Vg_max_Vd_0p1,,INCONCLUSIVE,FLAT,INCONCLUSIVE,WEAK,INCONCLUSIVE_BOTH
single_parameter,MEASURE_ET_DC_SEC_X_Ig_cut2_mAmm_pos_FPSD3p2,,INCONCLUSIVE,FLAT,INCONCLUSIVE,STRONG,EXISTING_ONLY
single_parameter,MEASURE_ET_DC_RF_Min_S21_Ph_L1018,,INCONCLUSIVE,FLAT,STRONG,INCONCLUSIVE,EXISTING_ONLY
single_parameter,MEASURE_ET_CapUSV,,INCONCLUSIVE,FLAT,WEAK,WEAK,INCONCLUSIVE_BOTH
single_parameter,MEASURE_ET_DC_SEC_X_Id_mA_mm_at_Vg3,,INCONCLUSIVE,FLAT,WEAK,MODERATE,EXISTING_ONLY
single_parameter,TOPSIN_ET_DC_SMALL_Id_gm_max,,INCONCLUSIVE,FLAT,STRONG,INCONCLUSIVE,EXISTING_ONLY
single_parameter,MEASURE_ET_RF_Modeling_Mag_i,,INCONCLUSIVE,FLAT,STRONG,INCONCLUSIVE,EXISTING_ONLY
single_parameter,MEASURE_ET_RF_Modeling_S21_25G_After,,INCONCLUSIVE,FLAT,WEAK,STRONG,EXISTING_ONLY
single_parameter,FMESA_ET_Vbkd,,INCONCLUSIVE,FLAT,STRONG,INCONCLUSIVE,EXISTING_ONLY
single_parameter,MEASURE_ET_DC_RF2_S11ang_26GHz,,INCONCLUSIVE,FLAT,MODERATE,WEAK,EXISTING_ONLY
single_parameter,TOPSIN_ET_RGAN3,,INCONCLUSIVE,FLAT,STRONG,INCONCLUSIVE,EXISTING_ONLY
single_parameter,MEASURE_ET_I_5,,INCONCLUSIVE,FLAT,STRONG,INCONCLUSIVE,EXISTING_ONLY
single_parameter,MEASURE_ET_DC_RF_Vbgs1,,INCONCLUSIVE,FLAT,WEAK,MODERATE,EXISTING_ONLY
single_parameter,MEASURE_ET_lkg_CapFICM1,,INCONCLUSIVE,FLAT,MODERATE,INCONCLUSIVE,EXISTING_ONLY
single_parameter,TOPSIN_ET_DC_RF_Vp_01,,INCONCLUSIVE,FLAT,STRONG,MODERATE,EXISTING_ONLY
single_parameter,MEASURE_ET_DC_SEC_S_Ids_max_norm,,INCONCLUSIVE,FLAT,MODERATE,WEAK,EXISTING_ONLY
single_parameter,MEASURE_ET_DC_SEC_X_Id_mA_mm_at_Vg2_FPSD3p2,,INCONCLUSIVE,FLAT,WEAK,INCONCLUSIVE,INCONCLUSIVE_BOTH
single_parameter,MEASURE_ET_DC_RD_Vboff,,INCONCLUSIVE,FLAT,WEAK,INCONCLUSIVE,INCONCLUSIVE_BOTH
single_parameter,MEASURE_ET_DC_SEC_X_Vboff_Id_plus_Ig,,INCONCLUSIVE,FLAT,MODERATE,INCONCLUSIVE,EXISTING_ONLY
single_parameter,TOPSIN_ET_C385pf_0,,INCONCLUSIVE,FLAT,WEAK,WEAK,INCONCLUSIVE_BOTH
single_parameter,TOPSIN_ET_Load_Pull_Pout_Last,,INCONCLUSIVE,FLAT,INCONCLUSIVE,MODERATE,EXISTING_ONLY
single_parameter,THIN_ET_Rsh_F_AB_2,,INCONCLUSIVE,FLAT,STRONG,INCONCLUSIVE,EXISTING_ONLY
single_parameter,TOPSIN_ET_lkg_C500pf,,INCONCLUSIVE,FLAT,STRONG,INCONCLUSIVE,EXISTING_ONLY
single_parameter,THIN_Measure1_Glue_thickness,,INCONCLUSIVE,FLAT,WEAK,INCONCLUSIVE,INCONCLUSIVE_BOTH
single_parameter,MEASURE_ET_C_AN_2_OW_CR,,INCONCLUSIVE,FLAT,MODERATE,INCONCLUSIVE,EXISTING_ONLY
single_parameter,FIC_ET_lkg_SY07_10,,INCONCLUSIVE,FLAT,STRONG,STRONG,EXISTING_ONLY
single_parameter,MEASURE_ET_DC_RF_Vg_Vbon_min,,INCONCLUSIVE,FLAT,INCONCLUSIVE,MODERATE,EXISTING_ONLY
single_parameter,SIN_CAPACITOR_ThicknessGN1_SiN_Thickness,,INCONCLUSIVE,FLAT,MODERATE,INCONCLUSIVE,EXISTING_ONLY
single_parameter,SIN_ET_DC_RF_Vbgs_0p01,,INCONCLUSIVE,FLAT,STRONG,MODERATE,EXISTING_ONLY
single_parameter,MEASURE_ET_Cap1pf_0,,INCONCLUSIVE,FLAT,STRONG,INCONCLUSIVE,EXISTING_ONLY
single_parameter,SIN_ET_TR_1F,,INCONCLUSIVE,FLAT,STRONG,MODERATE,EXISTING_ONLY
single_parameter,MEASURE_ET_DC_PIV_Ids1_QP1,,INCONCLUSIVE,FLAT,STRONG,INCONCLUSIVE,EXISTING_ONLY
single_parameter,MEASURE_ET_Rcat_cn_2,,INCONCLUSIVE,FLAT,STRONG,MODERATE,EXISTING_ONLY
single_parameter,MEASURE_ET_DC_RF_Vbon_max,,INCONCLUSIVE,FLAT,MODERATE,MODERATE,EXISTING_ONLY
single_parameter,TOPSIN_ET_C100Cap2pf,,INCONCLUSIVE,FLAT,STRONG,MODERATE,EXISTING_ONLY
single_parameter,SIN_GATE_ET_lkg_SY07_10,,INCONCLUSIVE,FLAT,STRONG,INCONCLUSIVE,EXISTING_ONLY
single_parameter,MEASURE_ET_lkg_C300FM1,,INCONCLUSIVE,FLAT,WEAK,INCONCLUSIVE,INCONCLUSIVE_BOTH
single_parameter,MEASURE_ET_Gm_m2,,INCONCLUSIVE,FLAT,MODERATE,INCONCLUSIVE,EXISTING_ONLY
single_parameter,MEASURE_ET_DC_SEC_S_Vg_at_I3_pos,,INCONCLUSIVE,FLAT,INCONCLUSIVE,MODERATE,EXISTING_ONLY
single_parameter,MEASURE_ET_DC_SEC_S_Ig_mAmm_at_Vg_cond_pos,,INCONCLUSIVE,FLAT,INCONCLUSIVE,WEAK,INCONCLUSIVE_BOTH
single_parameter,TOPSIN_ET_KLV_F_AB_4u_FEMSO,,INCONCLUSIVE,FLAT,INCONCLUSIVE,STRONG,EXISTING_ONLY
single_parameter,MEASURE_ET_DC_RF_S21ang_26GHz,,INCONCLUSIVE,FLAT,WEAK,INCONCLUSIVE,INCONCLUSIVE_BOTH
single_parameter,MEASURE_ET_DC_SEC_S_Ig_cut2_mAmm_neg_FPSD3p2,,INCONCLUSIVE,FLAT,STRONG,INCONCLUSIVE,EXISTING_ONLY
single_parameter,TOPSIN_ET_DC_RF_Vbgs_0p01,,INCONCLUSIVE,FLAT,MODERATE,MODERATE,EXISTING_ONLY
single_parameter,MEASURE_ET_Load_Pull_GL_meas,,INCONCLUSIVE,FLAT,WEAK,INCONCLUSIVE,INCONCLUSIVE_BOTH
single_parameter,MEASURE_ET_DC_RF_Gm_max,,INCONCLUSIVE,FLAT,STRONG,MODERATE,EXISTING_ONLY
single_parameter,MEASURE_ET_DC_SEC_X_Vg_at_I3_neg,,INCONCLUSIVE,FLAT,WEAK,MODERATE,EXISTING_ONLY
single_parameter,THIN_ET_lkg_PAD_10,,INCONCLUSIVE,FLAT,STRONG,INCONCLUSIVE,EXISTING_ONLY
single_parameter,THIN_ET_Rc_cat_ct2_OW_ST,,INCONCLUSIVE,FLAT,STRONG,WEAK,EXISTING_ONLY
single_parameter,MEASURE_ET_DC_Big_Vds_max_0p1mA,,INCONCLUSIVE,FLAT,WEAK,INCONCLUSIVE,INCONCLUSIVE_BOTH
single_parameter,SIN_ET_DC_RF_Vbgd1,,INCONCLUSIVE,FLAT,STRONG,WEAK,EXISTING_ONLY
single_parameter,MEASURE_ET_RF_Modeling_Gm_max_W,,INCONCLUSIVE,FLAT,MODERATE,INCONCLUSIVE,EXISTING_ONLY
single_parameter,MEASURE_ET_DC_SEC_X_Ig_cut2_mAmm_pos,,INCONCLUSIVE,FLAT,MODERATE,MODERATE,EXISTING_ONLY
single_parameter,MEASURE_ET_DC_SEC_Idss,,INCONCLUSIVE,FLAT,STRONG,INCONCLUSIVE,EXISTING_ONLY
single_parameter,MEASURE_ET_Rc_F_AB_2,,INCONCLUSIVE,FLAT,STRONG,INCONCLUSIVE,EXISTING_ONLY
single_parameter,TOPSIN_ET_DC_SMALL_Vt_gs,,INCONCLUSIVE,FLAT,STRONG,WEAK,EXISTING_ONLY
single_parameter,MEASURE_ET_DC_SEC_X_Ig_mAmm_at_Vg_cond_pos_FPSD3p2,,INCONCLUSIVE,FLAT,INCONCLUSIVE,WEAK,INCONCLUSIVE_BOTH
single_parameter,MEASURE_ET_LT_SEC_Vbgd1,,INCONCLUSIVE,FLAT,WEAK,INCONCLUSIVE,INCONCLUSIVE_BOTH
single_parameter,FIC_ET_DC_RF_Vbgd_0p01,,INCONCLUSIVE,FLAT,STRONG,INCONCLUSIVE,EXISTING_ONLY
single_parameter,MEASURE_ET_RF_Modeling_Rgd_err,,INCONCLUSIVE,FLAT,STRONG,MODERATE,EXISTING_ONLY
single_parameter,TOPSIN_ET_Cap3pf,,INCONCLUSIVE,FLAT,MODERATE,INCONCLUSIVE,EXISTING_ONLY
single_parameter,MEASURE_ET_DC_Big_K,,INCONCLUSIVE,FLAT,INCONCLUSIVE,INCONCLUSIVE,INCONCLUSIVE_BOTH
single_parameter,SIN_ET_DC_RF_Ids_m0p2,,INCONCLUSIVE,FLAT,STRONG,MODERATE,EXISTING_ONLY
single_parameter,THIN_ET_C200_0,,INCONCLUSIVE,FLAT,INCONCLUSIVE,INCONCLUSIVE,INCONCLUSIVE_BOTH
single_parameter,SIN_GATE_ET_I_5,,INCONCLUSIVE,FLAT,STRONG,MODERATE,EXISTING_ONLY
single_parameter,MEASURE_ET_LT_SEC_Vg_Id_min,,INCONCLUSIVE,FLAT,STRONG,STRONG,EXISTING_ONLY
single_parameter,FIC_ET_DC_PIV_Drain_Lag_1,,INCONCLUSIVE,FLAT,STRONG,INCONCLUSIVE,EXISTING_ONLY
single_parameter,TOPSIN_ET_DC_RF_Vbgd1,,INCONCLUSIVE,FLAT,MODERATE,MODERATE,EXISTING_ONLY
single_parameter,MaskSetSupplyChipsCount,,INCONCLUSIVE,FLAT,STRONG,INCONCLUSIVE,EXISTING_ONLY
single_parameter,MEASURE_ET_DC_RF_Min_S21_Mag_L1018,,INCONCLUSIVE,FLAT,WEAK,INCONCLUSIVE,INCONCLUSIVE_BOTH
single_parameter,TOPSIN_ET_Load_Pull_GL_set,,INCONCLUSIVE,FLAT,INCONCLUSIVE,INCONCLUSIVE,INCONCLUSIVE_BOTH
single_parameter,MEASURE_ET_R_f_tn_3,,INCONCLUSIVE,FLAT,MODERATE,INCONCLUSIVE,EXISTING_ONLY
single_parameter,MEASURE_ET_DC_Diode_S21_dB_forw,,INCONCLUSIVE,FLAT,WEAK,INCONCLUSIVE,INCONCLUSIVE_BOTH
single_parameter,MEASURE_ET_DC_Stress_Idss_before,,INCONCLUSIVE,FLAT,STRONG,INCONCLUSIVE,EXISTING_ONLY
single_parameter,MEASURE_ET_DC_RF_S21dB_26GHz,,INCONCLUSIVE,FLAT,STRONG,WEAK,EXISTING_ONLY
single_parameter,MEASURE_ET_DC_SEC_S_Vp_0p7_mA_mm,,INCONCLUSIVE,FLAT,MODERATE,INCONCLUSIVE,EXISTING_ONLY
single_parameter,THIN_ET_DC_RF_Vbgs1,,INCONCLUSIVE,FLAT,STRONG,WEAK,EXISTING_ONLY
single_parameter,MEASURE_ET_DC_RF_CF_S21_Ph_L1018,,INCONCLUSIVE,FLAT,WEAK,INCONCLUSIVE,INCONCLUSIVE_BOTH
single_parameter,MEASURE_ET_DC_RF_Gm_0,,INCONCLUSIVE,FLAT,STRONG,INCONCLUSIVE,EXISTING_ONLY
single_parameter,MEASURE_ET_DC_RD_Id_Vbon_min,,INCONCLUSIVE,FLAT,INCONCLUSIVE,MODERATE,EXISTING_ONLY
single_parameter,TOPSIN_ET_CapM1BRGM_0,,INCONCLUSIVE,FLAT,STRONG,INCONCLUSIVE,EXISTING_ONLY
single_parameter,MEASURE_ET_DC_SEC_X_Ig_cut1_mAmm_neg_FPSD3p2,,INCONCLUSIVE,FLAT,STRONG,WEAK,EXISTING_ONLY
single_parameter,MEASURE_ET_DC_RD_S21ang_18GHz,,INCONCLUSIVE,FLAT,INCONCLUSIVE,MODERATE,EXISTING_ONLY
single_parameter,MEASURE_ET_DC_RF_CF_S11_Ph_L2180,,INCONCLUSIVE,FLAT,WEAK,INCONCLUSIVE,INCONCLUSIVE_BOTH
single_parameter,THIN_ET_TF_AB_2,,INCONCLUSIVE,FLAT,MODERATE,INCONCLUSIVE,EXISTING_ONLY
single_parameter,MEASURE_ET_R514,,INCONCLUSIVE,FLAT,INCONCLUSIVE,MODERATE,EXISTING_ONLY
single_parameter,TOPSIN_ET_Cap1pf,,INCONCLUSIVE,FLAT,WEAK,WEAK,INCONCLUSIVE_BOTH
single_parameter,MEASURE_ET_lkg_C200,,INCONCLUSIVE,FLAT,STRONG,INCONCLUSIVE,EXISTING_ONLY
single_parameter,MEASURE_ET_DC_Stress_Id_max_Ig_before,,INCONCLUSIVE,FLAT,WEAK,STRONG,EXISTING_ONLY
single_parameter,MEASURE_ET_DC_SEC_Imax,,INCONCLUSIVE,FLAT,STRONG,STRONG,EXISTING_ONLY
single_parameter,MEASURE_ET_Rc_cat_ct2,,INCONCLUSIVE,FLAT,STRONG,INCONCLUSIVE,EXISTING_ONLY
single_parameter,MEASURE_ET_DC_RD_Id_Vbon_max,,INCONCLUSIVE,FLAT,INCONCLUSIVE,STRONG,EXISTING_ONLY
single_parameter,MEASURE_ET_R414,,INCONCLUSIVE,FLAT,STRONG,INCONCLUSIVE,EXISTING_ONLY
single_parameter,FIC_ET_DC_RF_Vds_max,,INCONCLUSIVE,FLAT,STRONG,INCONCLUSIVE,EXISTING_ONLY
single_parameter,MEASURE_ET_DC_Stress_Stress_time,,INCONCLUSIVE,FLAT,WEAK,MODERATE,EXISTING_ONLY
single_parameter,MEASURE_ET_RF_Modeling_Id_search,,INCONCLUSIVE,FLAT,STRONG,WEAK,EXISTING_ONLY
single_parameter,MEASURE_ET_DC_SEC_S_Ig_cut3_mAmm_pos_SD3p5,,INCONCLUSIVE,FLAT,STRONG,INCONCLUSIVE,EXISTING_ONLY
single_parameter,TOPSIN_ET_TR_1F,,INCONCLUSIVE,FLAT,STRONG,INCONCLUSIVE,EXISTING_ONLY
single_parameter,MEASURE_ET_Cap_C300FM1,,INCONCLUSIVE,FLAT,MODERATE,INCONCLUSIVE,EXISTING_ONLY
single_parameter,MEASURE_ET_DC_SEC_Vgs_0p5V,,INCONCLUSIVE,FLAT,INCONCLUSIVE,MODERATE,EXISTING_ONLY
single_parameter,MEASURE_ET_C300FM1_0,,INCONCLUSIVE,FLAT,STRONG,INCONCLUSIVE,EXISTING_ONLY
single_parameter,MEASURE_ET_DC_SEC_Vp_10mA,,INCONCLUSIVE,FLAT,INCONCLUSIVE,INCONCLUSIVE,INCONCLUSIVE_BOTH
single_parameter,MEASURE_ET_R_660_HOR,,INCONCLUSIVE,FLAT,STRONG,STRONG,EXISTING_ONLY
single_parameter,TOPSIN_ET_Vg_Vds_max,,INCONCLUSIVE,FLAT,WEAK,INCONCLUSIVE,INCONCLUSIVE_BOTH
single_parameter,MEASURE_ET_DC_SEC_S_Vp_1_mA_mm_first,,INCONCLUSIVE,FLAT,STRONG,INCONCLUSIVE,EXISTING_ONLY
single_parameter,FIC_ET_sh_GA142,,INCONCLUSIVE,FLAT,STRONG,INCONCLUSIVE,EXISTING_ONLY
single_parameter,MEASURE_ET_DC_RF_Vt_gs,,INCONCLUSIVE,FLAT,STRONG,WEAK,EXISTING_ONLY
single_parameter,THIN_ET_DC_RF_Vg_optt1,,INCONCLUSIVE,FLAT,STRONG,WEAK,EXISTING_ONLY
single_parameter,FIC_ET_R_f_hr_3,,INCONCLUSIVE,FLAT,STRONG,MODERATE,EXISTING_ONLY
single_parameter,MEASURE_ET_RF_Modeling_Ft_ext,,INCONCLUSIVE,FLAT,STRONG,INCONCLUSIVE,EXISTING_ONLY
single_parameter,TOPSIN_ET_lkg_C385pf,,INCONCLUSIVE,FLAT,WEAK,INCONCLUSIVE,INCONCLUSIVE_BOTH
single_parameter,TOPSIN_ET_sh_GA144,,INCONCLUSIVE,FLAT,STRONG,MODERATE,EXISTING_ONLY
single_parameter,MEASURE_ET_RF_Modeling_Delta_MAG_25G,,INCONCLUSIVE,FLAT,INCONCLUSIVE,INCONCLUSIVE,INCONCLUSIVE_BOTH
single_parameter,MEASURE_ET_Load_Pull_Id_SS,,INCONCLUSIVE,FLAT,INCONCLUSIVE,INCONCLUSIVE,INCONCLUSIVE_BOTH
single_parameter,MEASURE_ET_DC_RF_MAG_35GHz,,INCONCLUSIVE,FLAT,STRONG,INCONCLUSIVE,EXISTING_ONLY
single_parameter,TOPSIN_ET_DC_RF_Vdg_max_0p1,,INCONCLUSIVE,FLAT,WEAK,STRONG,EXISTING_ONLY
single_parameter,TOPSIN_ET_Probe_Number,,INCONCLUSIVE,FLAT,STRONG,WEAK,EXISTING_ONLY
single_parameter,FIC_ET_DC_RF_n_gs,,INCONCLUSIVE,FLAT,STRONG,INCONCLUSIVE,EXISTING_ONLY
single_parameter,MEASURE_ET_DC_SEC_X_Vg_at_I2_neg,,INCONCLUSIVE,FLAT,WEAK,INCONCLUSIVE,INCONCLUSIVE_BOTH
single_parameter,MEASURE_ET_DC_SEC_X_Vp_1_mA_mm,,INCONCLUSIVE,FLAT,STRONG,WEAK,EXISTING_ONLY
single_parameter,MEASURE_ET_DC_RF_S22ang_26GHz,,INCONCLUSIVE,FLAT,STRONG,INCONCLUSIVE,EXISTING_ONLY
single_parameter,FIN_Etch_Hard_Bias,,INCONCLUSIVE,FLAT,WEAK,INCONCLUSIVE,INCONCLUSIVE_BOTH
single_parameter,MEASURE_ET_i5021_3,,INCONCLUSIVE,FLAT,STRONG,INCONCLUSIVE,EXISTING_ONLY
single_parameter,MEASURE_ET_DC_RF_S22ang_10GHz,,INCONCLUSIVE,FLAT,MODERATE,WEAK,EXISTING_ONLY
single_parameter,THIN_ET_DC_RF_Vt_gs,,INCONCLUSIVE,FLAT,INCONCLUSIVE,INCONCLUSIVE,INCONCLUSIVE_BOTH
single_parameter,MEASURE_ET_DC_RF_Vbin_gs,,INCONCLUSIVE,FLAT,INCONCLUSIVE,INCONCLUSIVE,INCONCLUSIVE_BOTH
single_parameter,FIC_ET_DC_PIV_Gate_Lag_1,,INCONCLUSIVE,FLAT,STRONG,INCONCLUSIVE,EXISTING_ONLY
single_parameter,THIN_ET_C20_0,,INCONCLUSIVE,FLAT,MODERATE,INCONCLUSIVE,EXISTING_ONLY
single_parameter,FIC_ET_C200S1,,INCONCLUSIVE,FLAT,MODERATE,MODERATE,EXISTING_ONLY
single_parameter,MEASURE_ET_TF_AB_3,,INCONCLUSIVE,FLAT,STRONG,INCONCLUSIVE,EXISTING_ONLY
single_parameter,MEASURE_ET_Cap_C300,,INCONCLUSIVE,FLAT,STRONG,WEAK,EXISTING_ONLY
single_parameter,BFIC_Height_FIC_metal_thickness,,INCONCLUSIVE,FLAT,MODERATE,INCONCLUSIVE,EXISTING_ONLY
single_parameter,TOPSIN_ET_Cap3pf_0,,INCONCLUSIVE,FLAT,STRONG,WEAK,EXISTING_ONLY
single_parameter,THIN_ET_lkg_C200,,INCONCLUSIVE,FLAT,MODERATE,INCONCLUSIVE,EXISTING_ONLY
single_parameter,TOPSIN_ET_DC_SMALL_Vbgd1,,INCONCLUSIVE,FLAT,STRONG,INCONCLUSIVE,EXISTING_ONLY
single_parameter,MEASURE_ET_DC_Stress_Idss_after,,INCONCLUSIVE,FLAT,MODERATE,MODERATE,EXISTING_ONLY
single_parameter,MEASURE_ET_DC_RF_Min_S21_Mag_L2180,,INCONCLUSIVE,FLAT,STRONG,INCONCLUSIVE,EXISTING_ONLY
single_parameter,MEASURE_ET_RF_Modeling_L_Gd,,INCONCLUSIVE,FLAT,STRONG,MODERATE,EXISTING_ONLY
single_parameter,THIN_ET_Rcat_cn_2,,INCONCLUSIVE,FLAT,STRONG,INCONCLUSIVE,EXISTING_ONLY
single_parameter,BRGM_ET_C100,,INCONCLUSIVE,FLAT,STRONG,INCONCLUSIVE,EXISTING_ONLY
single_parameter,TOPSIN_ET_C300,,INCONCLUSIVE,FLAT,INCONCLUSIVE,INCONCLUSIVE,INCONCLUSIVE_BOTH
single_parameter,THIN_ET_DC_RF_Vbgd_0p01,,INCONCLUSIVE,FLAT,STRONG,INCONCLUSIVE,EXISTING_ONLY
single_parameter,MEASURE_ET_RF_Modeling_L_Gs,,INCONCLUSIVE,FLAT,STRONG,INCONCLUSIVE,EXISTING_ONLY
single_parameter,MEASURE_ET_RF_Modeling_Vth,,INCONCLUSIVE,FLAT,STRONG,STRONG,EXISTING_ONLY
single_parameter,FIC_ET_DC_RF_Vt_gs,,INCONCLUSIVE,FLAT,STRONG,INCONCLUSIVE,EXISTING_ONLY
single_parameter,MEASURE_ET_USV_Cappf_0,,INCONCLUSIVE,FLAT,STRONG,MODERATE,EXISTING_ONLY
single_parameter,SIN_ET_lkg_SY8_80,,INCONCLUSIVE,FLAT,STRONG,INCONCLUSIVE,EXISTING_ONLY
single_parameter,SIN_ET_DC_PIV_Idss_QP2,,INCONCLUSIVE,FLAT,STRONG,WEAK,EXISTING_ONLY
single_parameter,MEASURE_ET_lkg_100_at20V,,INCONCLUSIVE,FLAT,STRONG,INCONCLUSIVE,EXISTING_ONLY
single_parameter,THIN_ET_Rcat_cn_1_OW_ST,,INCONCLUSIVE,FLAT,STRONG,INCONCLUSIVE,EXISTING_ONLY
single_parameter,MEASURE_ET_DC_SMALL_Vbin_gs,,INCONCLUSIVE,FLAT,WEAK,WEAK,INCONCLUSIVE_BOTH
single_parameter,BRIDGE_METAL_CD_BRGM_Final_metal_CD,,INCONCLUSIVE,FLAT,INCONCLUSIVE,INCONCLUSIVE,INCONCLUSIVE_BOTH
single_parameter,THIN_Measure2GN_Thickness_after_grinding,,INCONCLUSIVE,FLAT,WEAK,WEAK,INCONCLUSIVE_BOTH
single_parameter,FIC_ET_Vdg_max,,INCONCLUSIVE,FLAT,STRONG,INCONCLUSIVE,EXISTING_ONLY
single_parameter,MEASURE_ET_DC_Big_S21dB_10GHz,,INCONCLUSIVE,FLAT,WEAK,INCONCLUSIVE,INCONCLUSIVE_BOTH
single_parameter,TOPSIN_ET_lkg_CapM1BRGM,,INCONCLUSIVE,FLAT,STRONG,WEAK,EXISTING_ONLY
single_parameter,THIN_ET_Rcat_cn_3_OW_ST,,INCONCLUSIVE,FLAT,STRONG,STRONG,EXISTING_ONLY
single_parameter,FIC_ET_G_per_6K,,INCONCLUSIVE,FLAT,STRONG,INCONCLUSIVE,EXISTING_ONLY
single_parameter,MEASURE_ET_DC_Big_Vdg_max,,INCONCLUSIVE,FLAT,STRONG,MODERATE,EXISTING_ONLY
single_parameter,MEASURE_ET_DC_SEC_X_Vg_at_I1_pos,,INCONCLUSIVE,FLAT,INCONCLUSIVE,MODERATE,EXISTING_ONLY
single_parameter,MEASURE_ET_RF_Modeling_Gm,,INCONCLUSIVE,FLAT,MODERATE,INCONCLUSIVE,EXISTING_ONLY
single_parameter,MEASURE_ET_LT_SEC_Vd_Id_min_Vd3,,INCONCLUSIVE,FLAT,INCONCLUSIVE,INCONCLUSIVE,INCONCLUSIVE_BOTH
single_parameter,BRGM_Height3_TOP_metal_thickness,,INCONCLUSIVE,FLAT,WEAK,INCONCLUSIVE,INCONCLUSIVE_BOTH
single_parameter,THIN_ET_Er,,INCONCLUSIVE,FLAT,WEAK,MODERATE,EXISTING_ONLY
single_parameter,MEASURE_ET_RF_Modeling_Idss_W,,INCONCLUSIVE,FLAT,STRONG,STRONG,EXISTING_ONLY
single_parameter,FIC_ET_DC_PIV_Gate_Lag_0,,INCONCLUSIVE,FLAT,STRONG,MODERATE,EXISTING_ONLY
single_parameter,MEASURE_ET_DC_RF_S21ang_10GHz,,INCONCLUSIVE,FLAT,STRONG,INCONCLUSIVE,EXISTING_ONLY
single_parameter,SIN_ET_DC_RF_Vdg_max_0p1,,INCONCLUSIVE,FLAT,STRONG,MODERATE,EXISTING_ONLY
single_parameter,THIN_ET_DC_RF_Vbgs_0p01,,INCONCLUSIVE,FLAT,STRONG,INCONCLUSIVE,EXISTING_ONLY
single_parameter,TOPSIN_ET_lkg_Cap1,,INCONCLUSIVE,FLAT,STRONG,INCONCLUSIVE,EXISTING_ONLY
single_parameter,MEASURE_ET_DC_Big_Vg_max_Vd,,INCONCLUSIVE,FLAT,STRONG,WEAK,EXISTING_ONLY
single_parameter,THIN_ET_lkg_50_at20V,,INCONCLUSIVE,FLAT,STRONG,WEAK,EXISTING_ONLY
single_parameter,MEASURE_ET_DC_RD_Ft,,INCONCLUSIVE,FLAT,STRONG,STRONG,EXISTING_ONLY
single_parameter,MEASURE_ET_DC_Big_Vg_optt2,,INCONCLUSIVE,FLAT,MODERATE,INCONCLUSIVE,EXISTING_ONLY
single_parameter,FIC_ET_DC_RF_Vg_optt,,INCONCLUSIVE,FLAT,MODERATE,MODERATE,EXISTING_ONLY
single_parameter,MEASURE_ET_DC_RF_S11dB_26GHz_W,,INCONCLUSIVE,FLAT,STRONG,INCONCLUSIVE,EXISTING_ONLY
single_parameter,OHMIC_ET_Ran_con_2,,INCONCLUSIVE,FLAT,STRONG,INCONCLUSIVE,EXISTING_ONLY
single_parameter,MEASURE_ET_RF_Modeling_Rs,,INCONCLUSIVE,FLAT,INCONCLUSIVE,INCONCLUSIVE,INCONCLUSIVE_BOTH
single_parameter,MEASURE_ET_RF_Modeling_Cds,,INCONCLUSIVE,FLAT,WEAK,STRONG,EXISTING_ONLY
single_parameter,TOPSIN_ET_lkg_CapFICBRGM,,INCONCLUSIVE,FLAT,MODERATE,STRONG,EXISTING_ONLY
single_parameter,MEASURE_ET_DC_SEC_X_Vg_at_I3_pos_FPSD3p2,,INCONCLUSIVE,FLAT,STRONG,INCONCLUSIVE,EXISTING_ONLY
single_parameter,FIC_ET_DC_RF_Vbin_gd,,INCONCLUSIVE,FLAT,WEAK,MODERATE,EXISTING_ONLY
single_parameter,THIN_ET_Rc_F_AB_2,,INCONCLUSIVE,FLAT,MODERATE,WEAK,EXISTING_ONLY
single_parameter,FP2_Height1_FP2_Height1,,INCONCLUSIVE,FLAT,WEAK,INCONCLUSIVE,INCONCLUSIVE_BOTH
single_parameter,MEASURE_ET_C100C500pf,,INCONCLUSIVE,FLAT,STRONG,MODERATE,EXISTING_ONLY
single_parameter,TOPSIN_ET_DC_RF_Vbin_gs,,INCONCLUSIVE,FLAT,STRONG,WEAK,EXISTING_ONLY
single_parameter,MEASURE_ET_DC_Stress_Vg_max_Ig_after,,INCONCLUSIVE,FLAT,MODERATE,MODERATE,EXISTING_ONLY
single_parameter,MEASURE_ET_DC_RF_CF_S12_Mag_L1018,,INCONCLUSIVE,FLAT,STRONG,INCONCLUSIVE,EXISTING_ONLY
single_parameter,MEASURE_ET_RF_Modeling_Delta_MAG_19G,,INCONCLUSIVE,FLAT,STRONG,MODERATE,EXISTING_ONLY
single_parameter,MEASURE_ET_RF_Modeling_Tau_err,,INCONCLUSIVE,FLAT,MODERATE,INCONCLUSIVE,EXISTING_ONLY
single_parameter,MEASURE_ET_DC_SEC_X_Id_mA_mm_at_Vg3_FPSD3p2,,INCONCLUSIVE,FLAT,MODERATE,INCONCLUSIVE,EXISTING_ONLY
single_parameter,MEASURE_ET_DC_SMALL_Gm_m0p2,,INCONCLUSIVE,FLAT,STRONG,WEAK,EXISTING_ONLY
single_parameter,SIN_ET_DC_RF_Vbgs1,,INCONCLUSIVE,FLAT,STRONG,WEAK,EXISTING_ONLY
single_parameter,THIN_ET_DC_RF_Imax,,INCONCLUSIVE,FLAT,STRONG,MODERATE,EXISTING_ONLY
single_parameter,MEASURE_ET_lkg_100,,INCONCLUSIVE,FLAT,STRONG,MODERATE,EXISTING_ONLY
single_parameter,MEASURE_ET_DC_PIV_Gate_Lag_Idss,,INCONCLUSIVE,FLAT,MODERATE,INCONCLUSIVE,EXISTING_ONLY
single_parameter,MEASURE_ET_DC_Big_Vdg_max_0p1mA,,INCONCLUSIVE,FLAT,INCONCLUSIVE,INCONCLUSIVE,INCONCLUSIVE_BOTH
single_parameter,MEASURE_ET_lkg_Cap2,,INCONCLUSIVE,FLAT,STRONG,WEAK,EXISTING_ONLY
single_parameter,MEASURE_ET_Rcat_cn_1_OW_ST,,INCONCLUSIVE,FLAT,STRONG,INCONCLUSIVE,EXISTING_ONLY
single_parameter,MEASURE_ET_DC_SEC_X_Ig_cut1_mAmm_pos_SD3p5,,INCONCLUSIVE,FLAT,STRONG,INCONCLUSIVE,EXISTING_ONLY
single_parameter,MEASURE_ET_DC_SEC_X_Vboff_Id,,INCONCLUSIVE,FLAT,WEAK,STRONG,EXISTING_ONLY
single_parameter,MEASURE_ET_DC_Big_Gm_m0p2,,INCONCLUSIVE,FLAT,STRONG,INCONCLUSIVE,EXISTING_ONLY
single_parameter,TOPSIN_ET_DC_SMALL_Vg_optt,,INCONCLUSIVE,FLAT,INCONCLUSIVE,MODERATE,EXISTING_ONLY
single_parameter,TOPSIN_ET_lkg_C175pf,,INCONCLUSIVE,FLAT,STRONG,MODERATE,EXISTING_ONLY
single_parameter,MEASURE_ET_Load_Pull_Pout_Last,,INCONCLUSIVE,FLAT,INCONCLUSIVE,MODERATE,EXISTING_ONLY
single_parameter,MEASURE_ET_DC_SEC_X_Ig_cut3_mAmm_pos_SD3p5,,INCONCLUSIVE,FLAT,STRONG,INCONCLUSIVE,EXISTING_ONLY
single_parameter,TOPSIN_ET_DC_SMALL_Idss,,INCONCLUSIVE,FLAT,STRONG,INCONCLUSIVE,EXISTING_ONLY
single_parameter,MEASURE_ET_DC_SEC_X_Bin_SD3p5,,INCONCLUSIVE,FLAT,INCONCLUSIVE,WEAK,INCONCLUSIVE_BOTH
single_parameter,MEASURE_ET_Vbkdn_CapBig,,INCONCLUSIVE,FLAT,STRONG,WEAK,EXISTING_ONLY
single_parameter,MEASURE_ET_DC_RF_S22ang_26GHz_W,,INCONCLUSIVE,FLAT,WEAK,MODERATE,EXISTING_ONLY
single_parameter,MEASURE_ET_RF_Modeling_ids_m0p2_W,,INCONCLUSIVE,FLAT,STRONG,WEAK,EXISTING_ONLY
single_parameter,TOPSIN_ET_KLV_F_M1_4u,,INCONCLUSIVE,FLAT,STRONG,MODERATE,EXISTING_ONLY
single_parameter,MEASURE_ET_DC_Big_S21ang_10GHz,,INCONCLUSIVE,FLAT,STRONG,WEAK,EXISTING_ONLY
single_parameter,MEASURE_ET_DC_RF_CF_S11_Mag_L1002,,INCONCLUSIVE,FLAT,WEAK,WEAK,INCONCLUSIVE_BOTH
single_parameter,SIN_ET_DC_RF_Vdg_max_0p1mA,,INCONCLUSIVE,FLAT,STRONG,MODERATE,EXISTING_ONLY
single_parameter,TOPSIN_ET_Load_Pull_Id_SS,,INCONCLUSIVE,FLAT,INCONCLUSIVE,MODERATE,EXISTING_ONLY
single_parameter,MEASURE_ET_DC_RF_MAG_26GHz,,INCONCLUSIVE,FLAT,MODERATE,INCONCLUSIVE,EXISTING_ONLY
single_parameter,TOPSIN_ET_DC_RF_Vt_gs,,INCONCLUSIVE,FLAT,INCONCLUSIVE,INCONCLUSIVE,INCONCLUSIVE_BOTH
single_parameter,MEASURE_ET_RF_Modeling_Rgs_err,,INCONCLUSIVE,FLAT,STRONG,MODERATE,EXISTING_ONLY
single_parameter,TOPSIN_ET_DC_RF_Id_gm_max,,INCONCLUSIVE,FLAT,STRONG,WEAK,EXISTING_ONLY
single_parameter,MEASURE_ET_Ran_con_2,,INCONCLUSIVE,FLAT,MODERATE,WEAK,EXISTING_ONLY
single_parameter,TOPSIN_ET_Vp_1,,INCONCLUSIVE,FLAT,STRONG,INCONCLUSIVE,EXISTING_ONLY
single_parameter,FIC_ET_Vp_1,,INCONCLUSIVE,FLAT,STRONG,INCONCLUSIVE,EXISTING_ONLY
single_parameter,MEASURE_ET_RF_Modeling_S22dB_10GHz,,INCONCLUSIVE,FLAT,STRONG,MODERATE,EXISTING_ONLY
single_parameter,TOPSIN_ET_Load_Pull_Pout_W_mm_last,,INCONCLUSIVE,FLAT,INCONCLUSIVE,INCONCLUSIVE,INCONCLUSIVE_BOTH
single_parameter,MEASURE_ET_DC_SEC_S_ChipStatus,,INCONCLUSIVE,FLAT,STRONG,INCONCLUSIVE,EXISTING_ONLY
single_parameter,MEASURE_ET_Cap_C300M1B,,INCONCLUSIVE,FLAT,STRONG,INCONCLUSIVE,EXISTING_ONLY
single_parameter,SIN_ET_DC_PIV_Imax_QP1,,INCONCLUSIVE,FLAT,STRONG,WEAK,EXISTING_ONLY
single_parameter,THIN_ET_DC_RF_Vg_optt2,,INCONCLUSIVE,FLAT,STRONG,STRONG,EXISTING_ONLY
single_parameter,TOPSIN_ET_CapPARCAP,,INCONCLUSIVE,FLAT,STRONG,INCONCLUSIVE,EXISTING_ONLY
single_parameter,MEASURE_ET_lkg_Cap3,,INCONCLUSIVE,FLAT,STRONG,WEAK,EXISTING_ONLY
single_parameter,THIN_ET_DC_RF_Vds_max,,INCONCLUSIVE,FLAT,STRONG,INCONCLUSIVE,EXISTING_ONLY
single_parameter,THIN_ET_DC_RF_Vbin_gs,,INCONCLUSIVE,FLAT,STRONG,INCONCLUSIVE,EXISTING_ONLY
single_parameter,FIC_ET_DC_RF_Vbgs_0p1,,INCONCLUSIVE,FLAT,STRONG,INCONCLUSIVE,EXISTING_ONLY
single_parameter,MEASURE_ET_DC_RF_Vp_1_W,,INCONCLUSIVE,FLAT,MODERATE,INCONCLUSIVE,EXISTING_ONLY
single_parameter,MEASURE_ET_LT_SEC_Vg_Id_min_Vd7,,INCONCLUSIVE,FLAT,INCONCLUSIVE,INCONCLUSIVE,INCONCLUSIVE_BOTH
single_parameter,THIN_ET_HIRS,,INCONCLUSIVE,FLAT,STRONG,MODERATE,EXISTING_ONLY
single_parameter,THIN_ET_OHMC,,INCONCLUSIVE,FLAT,STRONG,INCONCLUSIVE,EXISTING_ONLY
single_parameter,SIN_ET_lkg_SY07_10,,INCONCLUSIVE,FLAT,WEAK,WEAK,INCONCLUSIVE_BOTH
single_parameter,BRGM_Cd_Metal_BRGM_Final_metal_CD,,INCONCLUSIVE,FLAT,INCONCLUSIVE,MODERATE,EXISTING_ONLY
single_parameter,FIC_ET_DC_PIV_Ids1_QP1,,INCONCLUSIVE,FLAT,STRONG,MODERATE,EXISTING_ONLY
single_parameter,MEASURE_ET_R_f_hr_2,,INCONCLUSIVE,FLAT,STRONG,INCONCLUSIVE,EXISTING_ONLY
single_parameter,TOPSIN_ET_C175pf_0,,INCONCLUSIVE,FLAT,STRONG,WEAK,EXISTING_ONLY
single_parameter,BRGM_ET_KLV_F_AB_4u,,INCONCLUSIVE,FLAT,STRONG,MODERATE,EXISTING_ONLY
single_parameter,TOPSIN_ET_DC_RF_Vbin_gd,,INCONCLUSIVE,FLAT,MODERATE,INCONCLUSIVE,EXISTING_ONLY
single_parameter,TOPSIN_ET_DC_SMALL_Vds_max,,INCONCLUSIVE,FLAT,WEAK,WEAK,INCONCLUSIVE_BOTH
single_parameter,FIC_ET_Vd_at_Id_cut_cond,,INCONCLUSIVE,FLAT,STRONG,MODERATE,EXISTING_ONLY
single_parameter,MEASURE_ET_DC_RF_S21dB_26GHz_W,,INCONCLUSIVE,FLAT,WEAK,STRONG,EXISTING_ONLY
single_parameter,SIN_ET_DC_RF_Vg_optt,,INCONCLUSIVE,FLAT,STRONG,INCONCLUSIVE,EXISTING_ONLY
single_parameter,MEASURE_ET_TF_AB_1,,INCONCLUSIVE,FLAT,MODERATE,WEAK,EXISTING_ONLY
single_parameter,FIC_ET_C100S1,,INCONCLUSIVE,FLAT,MODERATE,WEAK,EXISTING_ONLY
single_parameter,TOPSIN_ET_C100C500pf,,INCONCLUSIVE,FLAT,STRONG,MODERATE,EXISTING_ONLY
single_parameter,TOPSIN_ET_lkg_CapFICM1,,INCONCLUSIVE,FLAT,STRONG,INCONCLUSIVE,EXISTING_ONLY
single_parameter,SIN_ThicknessGN2_RefractiveIndex,,INCONCLUSIVE,FLAT,INCONCLUSIVE,INCONCLUSIVE,INCONCLUSIVE_BOTH
single_parameter,THIN_ET_R314,,INCONCLUSIVE,FLAT,STRONG,INCONCLUSIVE,EXISTING_ONLY
single_parameter,TOPSIN_ET_DC_PIV_Ids0_QP2,,INCONCLUSIVE,FLAT,INCONCLUSIVE,INCONCLUSIVE,INCONCLUSIVE_BOTH
single_parameter,MEASURE_ET_DC_SEC_S_Vg_at_I2_pos_SD3p5,,INCONCLUSIVE,FLAT,INCONCLUSIVE,INCONCLUSIVE,INCONCLUSIVE_BOTH
single_parameter,THIN_ET_R_f_tn_2,,INCONCLUSIVE,FLAT,WEAK,MODERATE,EXISTING_ONLY
single_parameter,FIC_ET_Rc_OG142,,INCONCLUSIVE,FLAT,STRONG,INCONCLUSIVE,EXISTING_ONLY
single_parameter,TOPSIN_ET_Rc_f_hr_23,,INCONCLUSIVE,FLAT,STRONG,STRONG,EXISTING_ONLY
single_parameter,MEASURE_ET_DC_SEC_Vp_1mA,,INCONCLUSIVE,FLAT,INCONCLUSIVE,MODERATE,EXISTING_ONLY
single_parameter,MEASURE_ET_DC_PIV_Drain_Lag_Idss,,INCONCLUSIVE,FLAT,STRONG,INCONCLUSIVE,EXISTING_ONLY
single_parameter,FIC_ET_DC_RF_Vg_max_Vd,,INCONCLUSIVE,FLAT,WEAK,STRONG,EXISTING_ONLY
single_parameter,MEASURE_ET_C100C175pf,,INCONCLUSIVE,FLAT,STRONG,MODERATE,EXISTING_ONLY
single_parameter,MEASURE_ET_C300FB_0,,INCONCLUSIVE,FLAT,STRONG,WEAK,EXISTING_ONLY
single_parameter,TOPSIN_ET_CapFICM1_0,,INCONCLUSIVE,FLAT,STRONG,INCONCLUSIVE,EXISTING_ONLY
single_parameter,MEASURE_ET_USV_Cappf,,INCONCLUSIVE,FLAT,STRONG,INCONCLUSIVE,EXISTING_ONLY
single_parameter,MEASURE_ET_DC_SEC_S_Vg_at_I1_pos_SD3p5,,INCONCLUSIVE,FLAT,WEAK,STRONG,EXISTING_ONLY
single_parameter,GATE2_ET_Ids2_Gate_recess_current,,INCONCLUSIVE,FLAT,MODERATE,INCONCLUSIVE,EXISTING_ONLY
single_parameter,MEASURE_ET_DC_SEC_X_Vp_1_mA_mm_second_FPSD3p2,,INCONCLUSIVE,FLAT,INCONCLUSIVE,WEAK,INCONCLUSIVE_BOTH
single_parameter,THIN_ET_DC_RF_Vg_gm_max,,INCONCLUSIVE,FLAT,STRONG,WEAK,EXISTING_ONLY
single_parameter,MEASURE_ET_C100Cap2pf,,INCONCLUSIVE,FLAT,STRONG,WEAK,EXISTING_ONLY
single_parameter,TOPSIN_ET_Gm_max,,INCONCLUSIVE,FLAT,MODERATE,WEAK,EXISTING_ONLY
single_parameter,MEASURE_ET_DC_RF_MSG_18GHz,,INCONCLUSIVE,FLAT,STRONG,INCONCLUSIVE,EXISTING_ONLY
single_parameter,MEASURE_ET_R_400_HOR,,INCONCLUSIVE,FLAT,STRONG,WEAK,EXISTING_ONLY
single_parameter,MEASURE_ET_DC_SEC_X_Vboff_Id_FPSD3p2,,INCONCLUSIVE,FLAT,STRONG,INCONCLUSIVE,EXISTING_ONLY
single_parameter,MEASURE_ET_DC_Stress_Vd_stress,,INCONCLUSIVE,FLAT,STRONG,STRONG,EXISTING_ONLY
single_parameter,FIC_ET_Bad_Gates,,INCONCLUSIVE,FLAT,WEAK,MODERATE,EXISTING_ONLY
single_parameter,MEASURE_ET_Cap3pf_0,,INCONCLUSIVE,FLAT,MODERATE,INCONCLUSIVE,EXISTING_ONLY
single_parameter,OHMIC_ET_OHMIC_conc,,INCONCLUSIVE,FLAT,WEAK,WEAK,INCONCLUSIVE_BOTH
single_parameter,MEASURE_ET_DC_RD_MSG_35GHz,,INCONCLUSIVE,FLAT,INCONCLUSIVE,INCONCLUSIVE,INCONCLUSIVE_BOTH
single_parameter,TOPSIN_ET_Vdg_max,,INCONCLUSIVE,FLAT,STRONG,MODERATE,EXISTING_ONLY
single_parameter,MEASURE_ET_RGAN1,,INCONCLUSIVE,FLAT,STRONG,INCONCLUSIVE,EXISTING_ONLY
single_parameter,THIN_ET_R_f_hr_1,,INCONCLUSIVE,FLAT,STRONG,STRONG,EXISTING_ONLY
single_parameter,MEASURE_ET_Load_Pull_Gain_comp_Last,,INCONCLUSIVE,FLAT,STRONG,INCONCLUSIVE,EXISTING_ONLY
single_parameter,TOPSIN_ET_Load_Pull_Id_ini,,INCONCLUSIVE,FLAT,WEAK,INCONCLUSIVE,INCONCLUSIVE_BOTH
single_parameter,TOPSIN_ET_DC_RF_Vg_max_Vd_0p1,,INCONCLUSIVE,FLAT,WEAK,STRONG,EXISTING_ONLY
single_parameter,MEASURE_ET_DC_RF_Vds_max,,INCONCLUSIVE,FLAT,STRONG,STRONG,EXISTING_ONLY
single_parameter,MEASURE_ET_lkg_C175pf,,INCONCLUSIVE,FLAT,STRONG,INCONCLUSIVE,EXISTING_ONLY
single_parameter,TOPSIN_ET_Load_Pull_Pin_Last,,INCONCLUSIVE,FLAT,STRONG,INCONCLUSIVE,EXISTING_ONLY
single_parameter,FIC_ET_DC_RF_Vt_gd,,INCONCLUSIVE,FLAT,STRONG,STRONG,EXISTING_ONLY
single_parameter,MEASURE_ET_DC_SEC_X_Ids_max_norm,,INCONCLUSIVE,FLAT,STRONG,WEAK,EXISTING_ONLY
single_parameter,MEASURE_ET_RF_Modeling_L_Gg,,INCONCLUSIVE,FLAT,INCONCLUSIVE,INCONCLUSIVE,INCONCLUSIVE_BOTH
single_parameter,TFRP_ET_TF_AB_2,,INCONCLUSIVE,FLAT,STRONG,WEAK,EXISTING_ONLY
single_parameter,MEASURE_ET_Load_Pull_Gss,,INCONCLUSIVE,FLAT,STRONG,WEAK,EXISTING_ONLY
single_parameter,MEASURE_ET_Rc_OG144,,INCONCLUSIVE,FLAT,STRONG,INCONCLUSIVE,EXISTING_ONLY
single_parameter,MEASURE_ET_CapFICBRGM,,INCONCLUSIVE,FLAT,MODERATE,STRONG,EXISTING_ONLY
single_parameter,MEASURE_ET_R214,,INCONCLUSIVE,FLAT,STRONG,WEAK,EXISTING_ONLY
single_parameter,MEASURE_ET_lkg_C300pf,,INCONCLUSIVE,FLAT,STRONG,INCONCLUSIVE,EXISTING_ONLY
single_parameter,MEASURE_ET_DC_RF_Max_S11_Mag_L2180,,INCONCLUSIVE,FLAT,STRONG,STRONG,EXISTING_ONLY
single_parameter,MEASURE_ET_LT_SEC_Vbgd1_Vd8,,INCONCLUSIVE,FLAT,INCONCLUSIVE,INCONCLUSIVE,INCONCLUSIVE_BOTH
single_parameter,GATE2_CD_330nm_Gate_Leg_Length,,INCONCLUSIVE,FLAT,INCONCLUSIVE,WEAK,INCONCLUSIVE_BOTH
single_parameter,SIN_ET_DC_RF_Vg_optt3,,INCONCLUSIVE,FLAT,STRONG,INCONCLUSIVE,EXISTING_ONLY
single_parameter,MEASURE_ET_lkg_SY8_80,,INCONCLUSIVE,FLAT,MODERATE,INCONCLUSIVE,EXISTING_ONLY
single_parameter,MEASURE_ET_C300M1B_0,,INCONCLUSIVE,FLAT,STRONG,INCONCLUSIVE,EXISTING_ONLY
single_parameter,MEASURE_ET_RF_Modeling_MAG_25G_After,,INCONCLUSIVE,FLAT,INCONCLUSIVE,INCONCLUSIVE,INCONCLUSIVE_BOTH
single_parameter,THIN_ET_sh_f_hr_23,,INCONCLUSIVE,FLAT,STRONG,STRONG,EXISTING_ONLY
single_parameter,MEASURE_ET_DC_Big_Vds_max,,INCONCLUSIVE,FLAT,STRONG,STRONG,EXISTING_ONLY
single_parameter,TOPSIN_ET_Load_Pull_PhL_meas,,INCONCLUSIVE,FLAT,MODERATE,MODERATE,EXISTING_ONLY
single_parameter,TOPSIN_ET_G2_per_6K,,INCONCLUSIVE,FLAT,WEAK,INCONCLUSIVE,INCONCLUSIVE_BOTH
single_parameter,SIN_GATE_ET_R414,,INCONCLUSIVE,FLAT,WEAK,INCONCLUSIVE,INCONCLUSIVE_BOTH
single_parameter,TOPSIN_ET_sh_GA142_GN,,INCONCLUSIVE,FLAT,STRONG,INCONCLUSIVE,EXISTING_ONLY
single_parameter,MEASURE_ET_DC_RF_Max_S11_Freq_L1018,,INCONCLUSIVE,FLAT,WEAK,WEAK,INCONCLUSIVE_BOTH
single_parameter,MEASURE_ET_DC_SMALL_Vdg_max,,INCONCLUSIVE,FLAT,MODERATE,STRONG,EXISTING_ONLY
single_parameter,MEASURE_ET_lkg_USV_Cap,,INCONCLUSIVE,FLAT,STRONG,MODERATE,EXISTING_ONLY
single_parameter,MEASURE_ET_DC_SEC_S_Ig_cut1_mAmm_neg_FPSD3p2,,INCONCLUSIVE,FLAT,STRONG,STRONG,EXISTING_ONLY
single_parameter,SIN_GATE_ET_OHMIC_conc,,INCONCLUSIVE,FLAT,STRONG,MODERATE,EXISTING_ONLY
single_parameter,MEASURE_ET_DC_SEC_Vboff_Vds_min_ON,,INCONCLUSIVE,FLAT,MODERATE,INCONCLUSIVE,EXISTING_ONLY
single_parameter,SIN_ET_DC_PIV_Imax_QP2,,INCONCLUSIVE,FLAT,STRONG,MODERATE,EXISTING_ONLY
single_parameter,MEASURE_ET_DC_SEC_Vgs_1V,,INCONCLUSIVE,FLAT,INCONCLUSIVE,INCONCLUSIVE,INCONCLUSIVE_BOTH
single_parameter,ANODE_ET_Probe_Number,,INCONCLUSIVE,FLAT,STRONG,STRONG,EXISTING_ONLY
single_parameter,TOPSIN_ET_Load_Pull_Pout_W_last,,INCONCLUSIVE,FLAT,MODERATE,MODERATE,EXISTING_ONLY
single_parameter,FIC_ET_DC_RF_Vbin_gs,,INCONCLUSIVE,FLAT,INCONCLUSIVE,MODERATE,EXISTING_ONLY
single_parameter,MEASURE_ET_DC_RF_Freq_cut_L1018,,INCONCLUSIVE,FLAT,MODERATE,INCONCLUSIVE,EXISTING_ONLY
single_parameter,MEASURE_ET_DC_SEC_S_Vboff_Id_plus_Ig,,INCONCLUSIVE,FLAT,INCONCLUSIVE,MODERATE,EXISTING_ONLY
single_parameter,MEASURE_ET_C100,,INCONCLUSIVE,FLAT,STRONG,MODERATE,EXISTING_ONLY
single_parameter,MEASURE_ET_DC_SEC_S_Vp_1_mA_mm_second_FPSD3p2,,INCONCLUSIVE,FLAT,WEAK,WEAK,INCONCLUSIVE_BOTH
single_parameter,TOPSIN_ET_C100CapFICM1,,INCONCLUSIVE,FLAT,MODERATE,INCONCLUSIVE,EXISTING_ONLY
single_parameter,MEASURE_ET_DC_SEC_S_Id_mA_mm_at_Vg3_SD3p5,,INCONCLUSIVE,FLAT,STRONG,MODERATE,EXISTING_ONLY
single_parameter,TOPSIN_ET_DC_RF_Vg_max_Vd,,INCONCLUSIVE,FLAT,STRONG,STRONG,EXISTING_ONLY
single_parameter,FIC_ET_DC_RF_Vds_max_0p1,,INCONCLUSIVE,FLAT,STRONG,INCONCLUSIVE,EXISTING_ONLY
single_parameter,MEASURE_ET_LT_SEC_Vg_Id_min_Vd3,,INCONCLUSIVE,FLAT,STRONG,MODERATE,EXISTING_ONLY
single_parameter,MEASURE_ET_lkg_C300M1B,,INCONCLUSIVE,FLAT,STRONG,INCONCLUSIVE,EXISTING_ONLY
single_parameter,TOPSIN_ET_DC_RF_Idss,,INCONCLUSIVE,FLAT,STRONG,WEAK,EXISTING_ONLY
single_parameter,MEASURE_ET_DC_Big_S11dB_10GHz,,INCONCLUSIVE,FLAT,WEAK,WEAK,INCONCLUSIVE_BOTH
single_parameter,TOPSIN_ET_R514,,INCONCLUSIVE,FLAT,STRONG,STRONG,EXISTING_ONLY
single_parameter,OHMIC_Thickness_SiN_Thickness,,INCONCLUSIVE,FLAT,INCONCLUSIVE,WEAK,INCONCLUSIVE_BOTH
single_parameter,MEASURE_ET_DC_RD_S11dB_18GHz,,INCONCLUSIVE,FLAT,STRONG,MODERATE,EXISTING_ONLY
single_parameter,MEASURE_ET_Rsh_cat_c2,,INCONCLUSIVE,FLAT,STRONG,INCONCLUSIVE,EXISTING_ONLY
single_parameter,TOPSIN_ET_C300pf,,INCONCLUSIVE,FLAT,STRONG,MODERATE,EXISTING_ONLY
single_parameter,MEASURE_ET_Vbkdn_Cap100,,INCONCLUSIVE,FLAT,STRONG,MODERATE,EXISTING_ONLY
single_parameter,TOPSIN_ET_lkg_Cap3,,INCONCLUSIVE,FLAT,STRONG,WEAK,EXISTING_ONLY
single_parameter,TOPSIN_ET_DC_RF_n_gs,,INCONCLUSIVE,FLAT,WEAK,MODERATE,EXISTING_ONLY
single_parameter,OHMIC_ET_Rc_OG142,,INCONCLUSIVE,FLAT,MODERATE,WEAK,EXISTING_ONLY
single_parameter,BRGM_ET_KLV_F_M1_4u,,INCONCLUSIVE,FLAT,STRONG,MODERATE,EXISTING_ONLY
single_parameter,THIN_ET_lkg_70_at20V,,INCONCLUSIVE,FLAT,STRONG,INCONCLUSIVE,EXISTING_ONLY
single_parameter,THIN_ET_Rsh_TF_AB2,,INCONCLUSIVE,FLAT,INCONCLUSIVE,STRONG,EXISTING_ONLY
single_parameter,MEASURE_ET_DC_Stress_Id_gm_max_before,,INCONCLUSIVE,FLAT,STRONG,INCONCLUSIVE,EXISTING_ONLY
single_parameter,SIN_Thickness2_SiN_Thickness,,INCONCLUSIVE,FLAT,INCONCLUSIVE,INCONCLUSIVE,INCONCLUSIVE_BOTH
single_parameter,MEASURE_ET_C300FB,,INCONCLUSIVE,FLAT,WEAK,INCONCLUSIVE,INCONCLUSIVE_BOTH
single_parameter,MEASURE_ET_DC_RF_CF_S12_Ph_L2180,,INCONCLUSIVE,FLAT,MODERATE,INCONCLUSIVE,EXISTING_ONLY
single_parameter,MEASURE_ET_RF_Modeling_Gm_err,,INCONCLUSIVE,FLAT,STRONG,MODERATE,EXISTING_ONLY
single_parameter,MEASURE_ET_RF_Modeling_Vg_gm_max_W,,INCONCLUSIVE,FLAT,STRONG,MODERATE,EXISTING_ONLY
single_parameter,MEASURE_ET_DC_Stress_Vg_gm_max_before,,INCONCLUSIVE,FLAT,STRONG,STRONG,EXISTING_ONLY
single_parameter,MEASURE_ET_Load_Pull_Vg,,INCONCLUSIVE,FLAT,MODERATE,INCONCLUSIVE,EXISTING_ONLY
single_parameter,MEASURE_ET_DC_RD_MSG_18GHz,,INCONCLUSIVE,FLAT,INCONCLUSIVE,WEAK,INCONCLUSIVE_BOTH
single_parameter,MEASURE_ET_DC_RF_Max_S11_Freq_L2180,,INCONCLUSIVE,FLAT,MODERATE,WEAK,EXISTING_ONLY
single_parameter,MEASURE_ET_DC_SEC_S_Ig_cut2_mAmm_pos,,INCONCLUSIVE,FLAT,STRONG,MODERATE,EXISTING_ONLY
single_parameter,FIC_ET_R114,,INCONCLUSIVE,FLAT,STRONG,WEAK,EXISTING_ONLY
single_parameter,TOPSIN_ET_DC_RF_Vp_1,,INCONCLUSIVE,FLAT,WEAK,MODERATE,EXISTING_ONLY
single_parameter,THIN_ET_C300_0,,INCONCLUSIVE,FLAT,STRONG,WEAK,EXISTING_ONLY
single_parameter,THIN_ET_DC_RF_Vdg_max,,INCONCLUSIVE,FLAT,STRONG,MODERATE,EXISTING_ONLY
single_parameter,TOPSIN_ET_Load_Pull_GL_meas,,INCONCLUSIVE,FLAT,INCONCLUSIVE,MODERATE,EXISTING_ONLY
single_parameter,FIC_ET_OHMC,,INCONCLUSIVE,FLAT,WEAK,INCONCLUSIVE,INCONCLUSIVE_BOTH
single_parameter,THIN_ET_TF_AB_3,,INCONCLUSIVE,FLAT,STRONG,INCONCLUSIVE,EXISTING_ONLY
single_parameter,TOPSIN_ET_DC_SMALL_Vt_gd,,INCONCLUSIVE,FLAT,STRONG,MODERATE,EXISTING_ONLY
single_parameter,MEASURE_ET_DC_SMALL_Vbgs_0p01,,INCONCLUSIVE,FLAT,STRONG,INCONCLUSIVE,EXISTING_ONLY
single_parameter,SIN_GATE_ET_R314,,INCONCLUSIVE,FLAT,STRONG,MODERATE,EXISTING_ONLY
single_parameter,MEASURE_ET_Rcat_cn_2_OW_ST,,INCONCLUSIVE,FLAT,STRONG,WEAK,EXISTING_ONLY
single_parameter,ABVIA_CD_AB_VIA_litho,,INCONCLUSIVE,FLAT,WEAK,INCONCLUSIVE,INCONCLUSIVE_BOTH
single_parameter,TOPSIN_ET_Cap1pf_0,,INCONCLUSIVE,FLAT,INCONCLUSIVE,INCONCLUSIVE,INCONCLUSIVE_BOTH
single_parameter,MEASURE_ET_DC_RF_Ft,,INCONCLUSIVE,FLAT,WEAK,WEAK,INCONCLUSIVE_BOTH
single_parameter,TOPSIN_ET_Cap2pf,,INCONCLUSIVE,FLAT,STRONG,WEAK,EXISTING_ONLY
single_parameter,MEASURE_ET_DC_SEC_X_Ids_max_SD3p5,,INCONCLUSIVE,FLAT,STRONG,INCONCLUSIVE,EXISTING_ONLY
single_parameter,OHMIC_ET_R214,,INCONCLUSIVE,FLAT,INCONCLUSIVE,INCONCLUSIVE,INCONCLUSIVE_BOTH
single_parameter,MEASURE_ET_C100Cap3pf,,INCONCLUSIVE,FLAT,STRONG,INCONCLUSIVE,EXISTING_ONLY
single_parameter,MEASURE_ET_lkg_5,,INCONCLUSIVE,FLAT,STRONG,INCONCLUSIVE,EXISTING_ONLY
single_parameter,MEASURE_ET_DC_SEC_S_Vp_1_mA_mm_first_SD3p5,,INCONCLUSIVE,FLAT,STRONG,MODERATE,EXISTING_ONLY
single_parameter,FIC_ET_DC_PIV_Ids1_QP2,,INCONCLUSIVE,FLAT,INCONCLUSIVE,WEAK,INCONCLUSIVE_BOTH
single_parameter,MEASURE_ET_DC_SMALL_Imax,,INCONCLUSIVE,FLAT,STRONG,MODERATE,EXISTING_ONLY
single_parameter,THIN_ET_Vbpin_D60,,INCONCLUSIVE,FLAT,STRONG,INCONCLUSIVE,EXISTING_ONLY
single_parameter,TOPSIN_ET_DC_PIV_Ids0_QP3,,INCONCLUSIVE,FLAT,STRONG,INCONCLUSIVE,EXISTING_ONLY
single_parameter,THIN_ET_Rsh_an_ct2_OW_CR,,INCONCLUSIVE,FLAT,INCONCLUSIVE,INCONCLUSIVE,INCONCLUSIVE_BOTH
single_parameter,MEASURE_ET_DC_SEC_S_Ids_max_norm_FPSD3p2,,INCONCLUSIVE,FLAT,STRONG,MODERATE,EXISTING_ONLY
single_parameter,TOPSIN_ET_KLV_F_AB_4u,,INCONCLUSIVE,FLAT,INCONCLUSIVE,MODERATE,EXISTING_ONLY
single_parameter,FIC_ET_Gate_res,,INCONCLUSIVE,FLAT,MODERATE,INCONCLUSIVE,EXISTING_ONLY
single_parameter,TOPSIN_ET_Load_Pull_PhL_set,,INCONCLUSIVE,FLAT,WEAK,WEAK,INCONCLUSIVE_BOTH
single_parameter,SIN_GATE_ET_Rsh_an_ct2,,INCONCLUSIVE,FLAT,INCONCLUSIVE,STRONG,EXISTING_ONLY
single_parameter,MEASURE_ET_DC_RF_Gm_m0p2,,INCONCLUSIVE,FLAT,STRONG,WEAK,EXISTING_ONLY
single_parameter,MEASURE_ET_C175pf_0,,INCONCLUSIVE,FLAT,INCONCLUSIVE,MODERATE,EXISTING_ONLY
single_parameter,MEASURE_ET_DC_SEC_S_Vp_1_mA_mm_second_SD3p5,,INCONCLUSIVE,FLAT,INCONCLUSIVE,INCONCLUSIVE,INCONCLUSIVE_BOTH
single_parameter,FIC_ET_DC_PIV_Ids1_QP3,,INCONCLUSIVE,FLAT,STRONG,INCONCLUSIVE,EXISTING_ONLY
single_parameter,MEASURE_ET_Ran_con_3_OW_CR,,INCONCLUSIVE,FLAT,STRONG,INCONCLUSIVE,EXISTING_ONLY
single_parameter,MEASURE_ET_LT_SEC_Ig_Id_min_mA_mm_Vd3,,INCONCLUSIVE,FLAT,STRONG,INCONCLUSIVE,EXISTING_ONLY
single_parameter,MEASURE_ET_DC_SMALL_Vg_max_Vd,,INCONCLUSIVE,FLAT,STRONG,STRONG,EXISTING_ONLY
single_parameter,GATE2_CD_Gate_Leg_Length,,INCONCLUSIVE,FLAT,STRONG,MODERATE,EXISTING_ONLY
single_parameter,THIN_ET_Vk,,INCONCLUSIVE,FLAT,INCONCLUSIVE,INCONCLUSIVE,INCONCLUSIVE_BOTH
single_parameter,TOPSIN_ET_RGAN1,,INCONCLUSIVE,FLAT,STRONG,INCONCLUSIVE,EXISTING_ONLY
single_parameter,THIN_ET_Probe_Number,,INCONCLUSIVE,FLAT,STRONG,INCONCLUSIVE,EXISTING_ONLY
single_parameter,TOPSIN_ET_DC_RF_Imax,,INCONCLUSIVE,FLAT,STRONG,STRONG,EXISTING_ONLY
single_parameter,MEASURE_ET_DC_SEC_X_Vp_1_mA_mm_first_FPSD3p2,,INCONCLUSIVE,FLAT,MODERATE,INCONCLUSIVE,EXISTING_ONLY
single_parameter,THIN_ET_Rsh_cat_c2,,INCONCLUSIVE,FLAT,INCONCLUSIVE,MODERATE,EXISTING_ONLY
single_parameter,MEASURE_ET_DC_SEC_S_Vg_at_I1_pos,,INCONCLUSIVE,FLAT,INCONCLUSIVE,WEAK,INCONCLUSIVE_BOTH
single_parameter,SIN_Thickness_SiN_Thickness,,INCONCLUSIVE,FLAT,STRONG,INCONCLUSIVE,EXISTING_ONLY
single_parameter,SIN_ET_DC_PIV_Drain_Lag_Imax,,INCONCLUSIVE,FLAT,STRONG,WEAK,EXISTING_ONLY
single_parameter,MESA_ET_Vbkd,,INCONCLUSIVE,FLAT,STRONG,MODERATE,EXISTING_ONLY
single_parameter,MEASURE_ET_DC_SEC_S_Bin_SD3p5,,INCONCLUSIVE,FLAT,STRONG,STRONG,EXISTING_ONLY
single_parameter,TOPSIN_ET_DC_PIV_Gate_Lag_0,,INCONCLUSIVE,FLAT,STRONG,INCONCLUSIVE,EXISTING_ONLY
single_parameter,MEASURE_ET_DC_Stress_Id_max_Ig_after,,INCONCLUSIVE,FLAT,STRONG,MODERATE,EXISTING_ONLY
single_parameter,MEASURE_ET_RF_Modeling_R_Gg,,INCONCLUSIVE,FLAT,WEAK,WEAK,INCONCLUSIVE_BOTH
single_parameter,MEASURE_ET_RF_Modeling_Cds_err,,INCONCLUSIVE,FLAT,INCONCLUSIVE,WEAK,INCONCLUSIVE_BOTH
single_parameter,BRGM_ET_C200_0,,INCONCLUSIVE,FLAT,MODERATE,WEAK,EXISTING_ONLY
single_parameter,GATE2_Ali_Litho_Gate_to_recess_alignment,,INCONCLUSIVE,FLAT,MODERATE,INCONCLUSIVE,EXISTING_ONLY
single_parameter,MEASURE_ET_LT_SEC_Id_min_mA_mm_Vd7,,INCONCLUSIVE,FLAT,STRONG,INCONCLUSIVE,EXISTING_ONLY
single_parameter,TOPSIN_ET_C100C175pf,,INCONCLUSIVE,FLAT,MODERATE,INCONCLUSIVE,EXISTING_ONLY
single_parameter,MEASURE_ET_RF_Modeling_Lg,,INCONCLUSIVE,FLAT,STRONG,STRONG,EXISTING_ONLY
single_parameter,SIN_ET_DC_PIV_Gate_Lag_Idss,,INCONCLUSIVE,FLAT,STRONG,MODERATE,EXISTING_ONLY
single_parameter,MEASURE_ET_Load_Pull_Pout_W_last,,INCONCLUSIVE,FLAT,MODERATE,MODERATE,EXISTING_ONLY
single_parameter,MEASURE_ET_RF_Modeling_K,,INCONCLUSIVE,FLAT,INCONCLUSIVE,WEAK,INCONCLUSIVE_BOTH
single_parameter,MEASURE_ET_RF_Modeling_Cgd,,INCONCLUSIVE,FLAT,STRONG,MODERATE,EXISTING_ONLY
single_parameter,FIC_ET_DC_PIV_Drain_Lag_0,,INCONCLUSIVE,FLAT,WEAK,MODERATE,EXISTING_ONLY
single_parameter,MEASURE_ET_DC_SEC_S_Vg_at_I2_pos_FPSD3p2,,INCONCLUSIVE,FLAT,INCONCLUSIVE,WEAK,INCONCLUSIVE_BOTH
single_parameter,MEASURE_ET_C100CapUSV,,INCONCLUSIVE,FLAT,INCONCLUSIVE,WEAK,INCONCLUSIVE_BOTH
single_parameter,MEASURE_ET_RF_Modeling_Cgs,,INCONCLUSIVE,FLAT,MODERATE,STRONG,EXISTING_ONLY
single_parameter,THIN_ET_R_400_HOR,,INCONCLUSIVE,FLAT,STRONG,MODERATE,EXISTING_ONLY
single_parameter,MEASURE_ET_DC_PIV_Imax_QP3,,INCONCLUSIVE,FLAT,STRONG,STRONG,EXISTING_ONLY
single_parameter,MEASURE_ET_RF_Modeling_Mag_d,,INCONCLUSIVE,FLAT,STRONG,INCONCLUSIVE,EXISTING_ONLY
single_parameter,MEASURE_ET_DC_SEC_X_Id_mA_mm_at_Vg1,,INCONCLUSIVE,FLAT,STRONG,STRONG,EXISTING_ONLY
single_parameter,FIC_ET_lkg_5,,INCONCLUSIVE,FLAT,STRONG,INCONCLUSIVE,EXISTING_ONLY
single_parameter,THIN_ET_DC_RF_Vp_1,,INCONCLUSIVE,FLAT,STRONG,INCONCLUSIVE,EXISTING_ONLY
single_parameter,MEASURE_ET_lkg_Cap1,,INCONCLUSIVE,FLAT,STRONG,INCONCLUSIVE,EXISTING_ONLY
single_parameter,MEASURE_ET_RF_Modeling_Vp_1_W,,INCONCLUSIVE,FLAT,WEAK,INCONCLUSIVE,INCONCLUSIVE_BOTH
single_parameter,TOPSIN_ET_DC_SMALL_Vbgd_0p1,,INCONCLUSIVE,FLAT,MODERATE,WEAK,EXISTING_ONLY
single_parameter,MEASURE_ET_lkg_CapUSV,,INCONCLUSIVE,FLAT,WEAK,INCONCLUSIVE,INCONCLUSIVE_BOTH
single_parameter,MEASURE_ET_R_4000_VER,,INCONCLUSIVE,FLAT,INCONCLUSIVE,WEAK,INCONCLUSIVE_BOTH
single_parameter,BMETAL1_Height_Metal1_metal_thickness,,INCONCLUSIVE,FLAT,STRONG,INCONCLUSIVE,EXISTING_ONLY
single_parameter,MEASURE_ET_DC_SMALL_Vbgs_0p1,,INCONCLUSIVE,FLAT,MODERATE,INCONCLUSIVE,EXISTING_ONLY
single_parameter,MEASURE_ET_DC_SEC_Vgs_back_0p1V,,INCONCLUSIVE,FLAT,STRONG,MODERATE,EXISTING_ONLY
single_parameter,MEASURE_ET_sh_f_tn_23,,INCONCLUSIVE,FLAT,INCONCLUSIVE,INCONCLUSIVE,INCONCLUSIVE_BOTH
single_parameter,MEASURE_ET_RF_Modeling_Id_gm_max_W,,INCONCLUSIVE,FLAT,STRONG,MODERATE,EXISTING_ONLY
single_parameter,TOPSIN_ET_DC_RF_Vboff,,INCONCLUSIVE,FLAT,MODERATE,STRONG,EXISTING_ONLY
single_parameter,MEASURE_ET_LT_SEC_Ileak_m16p5V_mA_mm,,INCONCLUSIVE,FLAT,STRONG,MODERATE,EXISTING_ONLY
single_parameter,BRGM_ET_i5021_3,,INCONCLUSIVE,FLAT,MODERATE,WEAK,EXISTING_ONLY
single_parameter,THIN_Measure3GN_Thickness_after_etchback,,INCONCLUSIVE,FLAT,INCONCLUSIVE,MODERATE,EXISTING_ONLY
single_parameter,TOPSIN_ET_C100C300pf,,INCONCLUSIVE,FLAT,MODERATE,MODERATE,EXISTING_ONLY
single_parameter,MEASURE_ET_DC_SMALL_Vp_1,,INCONCLUSIVE,FLAT,STRONG,INCONCLUSIVE,EXISTING_ONLY
single_parameter,MEASURE_ET_C300pf_0,,INCONCLUSIVE,FLAT,MODERATE,INCONCLUSIVE,EXISTING_ONLY
single_parameter,TOPSIN_ET_C300_0,,INCONCLUSIVE,FLAT,WEAK,INCONCLUSIVE,INCONCLUSIVE_BOTH
single_parameter,ANODE_CD_Anode_CD_litho,,INCONCLUSIVE,FLAT,INCONCLUSIVE,INCONCLUSIVE,INCONCLUSIVE_BOTH
single_parameter,MEASURE_ET_HIRS,,INCONCLUSIVE,FLAT,STRONG,INCONCLUSIVE,EXISTING_ONLY
single_parameter,TOPSIN_ET_DC_SMALL_Gm_0,,INCONCLUSIVE,FLAT,STRONG,WEAK,EXISTING_ONLY
single_parameter,THIN_ET_Ran_con_2_OW_CR,,INCONCLUSIVE,FLAT,STRONG,MODERATE,EXISTING_ONLY
single_parameter,THIN_ET_DC_RF_Gm_max,,INCONCLUSIVE,FLAT,MODERATE,INCONCLUSIVE,EXISTING_ONLY
single_parameter,THIN_ET_TANR,,INCONCLUSIVE,FLAT,STRONG,MODERATE,EXISTING_ONLY
single_parameter,MEASURE_ET_DC_SEC_S_Id_mA_mm_at_Vg2,,INCONCLUSIVE,FLAT,INCONCLUSIVE,MODERATE,EXISTING_ONLY
single_parameter,SIN_ET_DC_RF_Imax,,INCONCLUSIVE,FLAT,STRONG,STRONG,EXISTING_ONLY
single_parameter,BRGM_ET_lkg_SY07_10,,INCONCLUSIVE,FLAT,STRONG,MODERATE,EXISTING_ONLY
single_parameter,SIN_GATE_ET_R114,,INCONCLUSIVE,FLAT,MODERATE,WEAK,EXISTING_ONLY
single_parameter,MEASURE_ET_DC_SEC_n_gs,,INCONCLUSIVE,FLAT,STRONG,WEAK,EXISTING_ONLY
single_parameter,SIN_ET_DC_RF_Vbin_gd,,INCONCLUSIVE,FLAT,STRONG,MODERATE,EXISTING_ONLY
single_parameter,TOPSIN_ET_C500pf_0,,INCONCLUSIVE,FLAT,STRONG,INCONCLUSIVE,EXISTING_ONLY
single_parameter,SIN_ET_DC_RF_Vds_max,,INCONCLUSIVE,FLAT,WEAK,INCONCLUSIVE,INCONCLUSIVE_BOTH
single_parameter,SIN_GATE_ET_Ran_con_3,,INCONCLUSIVE,FLAT,INCONCLUSIVE,MODERATE,EXISTING_ONLY
single_parameter,MEASURE_ET_DC_RF_Id_Vbon_max,,INCONCLUSIVE,FLAT,INCONCLUSIVE,MODERATE,EXISTING_ONLY
single_parameter,MEASURE_ET_DC_SEC_Gm_m0p2,,INCONCLUSIVE,FLAT,MODERATE,MODERATE,EXISTING_ONLY
single_parameter,TOPSIN_ET_C100Cap3pf,,INCONCLUSIVE,FLAT,INCONCLUSIVE,INCONCLUSIVE,INCONCLUSIVE_BOTH
single_parameter,MEASURE_ET_Ran_con_1_OW_CR,,INCONCLUSIVE,FLAT,MODERATE,MODERATE,EXISTING_ONLY
single_parameter,TOPSIN_ET_Cap2pf_0,,INCONCLUSIVE,FLAT,STRONG,INCONCLUSIVE,EXISTING_ONLY
single_parameter,MEASURE_ET_RF_Modeling_Fmax_ext,,INCONCLUSIVE,FLAT,STRONG,INCONCLUSIVE,EXISTING_ONLY
single_parameter,MEASURE_ET_RF_Modeling_Gm_m0p2_W,,INCONCLUSIVE,FLAT,STRONG,STRONG,EXISTING_ONLY
single_parameter,EBCR2_CD_Gate_Leg_Length,,INCONCLUSIVE,FLAT,STRONG,INCONCLUSIVE,EXISTING_ONLY
single_parameter,MEASURE_ET_DC_RF_CF_S22_Ph_L1002,,INCONCLUSIVE,FLAT,STRONG,INCONCLUSIVE,EXISTING_ONLY
single_parameter,MEASURE_ET_DC_SEC_S_Vg_at_I3_neg_SD3p5,,INCONCLUSIVE,FLAT,WEAK,MODERATE,EXISTING_ONLY
single_parameter,MEASURE_ET_DC_PIV_Gate_Lag_Imax,,INCONCLUSIVE,FLAT,STRONG,INCONCLUSIVE,EXISTING_ONLY
single_parameter,MEASURE_ET_Load_Pull_Freq,,INCONCLUSIVE,FLAT,STRONG,MODERATE,EXISTING_ONLY
single_parameter,MEASURE_ET_DC_SEC_Imax_7V,,INCONCLUSIVE,FLAT,MODERATE,INCONCLUSIVE,EXISTING_ONLY
single_parameter,MEASURE_ET_DC_Stress_Gm_max_before,,INCONCLUSIVE,FLAT,STRONG,MODERATE,EXISTING_ONLY
single_parameter,SIN_ET_DC_RF_Vbgd_0p01,,INCONCLUSIVE,FLAT,STRONG,INCONCLUSIVE,EXISTING_ONLY
single_parameter,SIN_ET_DC_RF_Vt_gs,,INCONCLUSIVE,FLAT,INCONCLUSIVE,MODERATE,EXISTING_ONLY
single_parameter,THIN_ET_Cap_C300,,INCONCLUSIVE,FLAT,STRONG,INCONCLUSIVE,EXISTING_ONLY
single_parameter,SIN_ThicknessGN2_SiN_Thickness,,INCONCLUSIVE,FLAT,INCONCLUSIVE,INCONCLUSIVE,INCONCLUSIVE_BOTH
single_parameter,THIN_ET_DC_RF_n_gd,,INCONCLUSIVE,FLAT,STRONG,STRONG,EXISTING_ONLY
single_parameter,MEASURE_ET_DC_Big_S12ang_10GHz,,INCONCLUSIVE,FLAT,WEAK,STRONG,EXISTING_ONLY
single_parameter,MEASURE_ET_DC_SEC_S_Vboff_Id_plus_Ig_SD3p5,,INCONCLUSIVE,FLAT,WEAK,MODERATE,EXISTING_ONLY
single_parameter,MEASURE_ET_DC_RF_Vbgd_0p01,,INCONCLUSIVE,FLAT,STRONG,INCONCLUSIVE,EXISTING_ONLY
single_parameter,MEASURE_ET_DC_PIV_Idss_QP2,,INCONCLUSIVE,FLAT,STRONG,MODERATE,EXISTING_ONLY
single_parameter,MEASURE_ET_DC_PIV_Imax_QP1,,INCONCLUSIVE,FLAT,STRONG,INCONCLUSIVE,EXISTING_ONLY
single_parameter,MEASURE_ET_lkg_C300,,INCONCLUSIVE,FLAT,STRONG,INCONCLUSIVE,EXISTING_ONLY
single_parameter,MEASURE_ET_DC_Diode_D_leak_65V,,INCONCLUSIVE,FLAT,STRONG,INCONCLUSIVE,EXISTING_ONLY
single_parameter,TOPSIN_ET_C100CapFICBRGM,,INCONCLUSIVE,FLAT,WEAK,INCONCLUSIVE,INCONCLUSIVE_BOTH
single_parameter,MEASURE_ET_DC_RF_CF_S22_Mag_L1018,,INCONCLUSIVE,FLAT,STRONG,INCONCLUSIVE,EXISTING_ONLY
single_parameter,THIN_ET_DC_RF_Vbgd1,,INCONCLUSIVE,FLAT,STRONG,INCONCLUSIVE,EXISTING_ONLY
single_parameter,MEASURE_ET_DC_SEC_S_Bin_FPSD3p2,,INCONCLUSIVE,FLAT,STRONG,MODERATE,EXISTING_ONLY
single_parameter,MEASURE_ET_Load_Pull_Id_ini,,INCONCLUSIVE,FLAT,INCONCLUSIVE,MODERATE,EXISTING_ONLY
single_parameter,GATE2_Ali_Litho2_Gate_to_ohmic_alignment,,INCONCLUSIVE,FLAT,STRONG,WEAK,EXISTING_ONLY
single_parameter,MEASURE_ET_DC_SEC_X_Id_at_Vboff_mA_mm,,INCONCLUSIVE,FLAT,STRONG,MODERATE,EXISTING_ONLY
single_parameter,MEASURE_ET_i5021_2,,INCONCLUSIVE,FLAT,INCONCLUSIVE,MODERATE,EXISTING_ONLY
single_parameter,TOPSIN_ET_lkg_C300,,INCONCLUSIVE,FLAT,STRONG,WEAK,EXISTING_ONLY
single_parameter,MEASURE_ET_DC_Diode_S21_dB_forw_9p5,,INCONCLUSIVE,FLAT,INCONCLUSIVE,INCONCLUSIVE,INCONCLUSIVE_BOTH
single_parameter,MEASURE_ET_DC_SEC_X_Vboff_Id_SD3p5,,INCONCLUSIVE,FLAT,STRONG,WEAK,EXISTING_ONLY
single_parameter,TOPSIN_ET_C450pf_0,,INCONCLUSIVE,FLAT,STRONG,STRONG,EXISTING_ONLY
single_parameter,MEASURE_ET_LT_SEC_Ig_Id_min_mA_mm,,INCONCLUSIVE,FLAT,INCONCLUSIVE,INCONCLUSIVE,INCONCLUSIVE_BOTH
single_parameter,THIN_ET_R_660_VER,,INCONCLUSIVE,FLAT,STRONG,INCONCLUSIVE,EXISTING_ONLY
single_parameter,FIC_ET_Ids_m2,,INCONCLUSIVE,FLAT,INCONCLUSIVE,MODERATE,EXISTING_ONLY
single_parameter,MEASURE_ET_DC_RD_S11ang_18GHz,,INCONCLUSIVE,FLAT,STRONG,MODERATE,EXISTING_ONLY
single_parameter,TOPSIN_ET_DC_SMALL_n_gd,,INCONCLUSIVE,FLAT,STRONG,INCONCLUSIVE,EXISTING_ONLY
single_parameter,MEASURE_ET_C500pf,,INCONCLUSIVE,FLAT,STRONG,INCONCLUSIVE,EXISTING_ONLY
single_parameter,MEASURE_ET_Cap_USV,,INCONCLUSIVE,FLAT,INCONCLUSIVE,INCONCLUSIVE,INCONCLUSIVE_BOTH
single_parameter,TOPSIN_ThicknessGN_SiN_Thickness,,INCONCLUSIVE,FLAT,INCONCLUSIVE,INCONCLUSIVE,INCONCLUSIVE_BOTH
single_parameter,TOPSIN_ET_DC_RF_Gm_0,,INCONCLUSIVE,FLAT,STRONG,INCONCLUSIVE,EXISTING_ONLY
single_parameter,MEASURE_ET_C_AN_2,,INCONCLUSIVE,FLAT,INCONCLUSIVE,INCONCLUSIVE,INCONCLUSIVE_BOTH
single_parameter,MEASURE_ET_DC_SEC_X_Ig_cut3_mAmm_neg,,INCONCLUSIVE,FLAT,WEAK,STRONG,EXISTING_ONLY
single_parameter,MEASURE_ET_DC_RF_Freq_cut_L2180,,INCONCLUSIVE,FLAT,STRONG,MODERATE,EXISTING_ONLY
single_parameter,SIN_ET_Probe_Number,,INCONCLUSIVE,FLAT,STRONG,STRONG,EXISTING_ONLY
single_parameter,MEASURE_ET_R114,,INCONCLUSIVE,FLAT,MODERATE,INCONCLUSIVE,EXISTING_ONLY
single_parameter,FIC_ET_DC_RF_Vg_gm_max,,INCONCLUSIVE,FLAT,WEAK,MODERATE,EXISTING_ONLY
single_parameter,TOPSIN_ET_Load_Pull_ID_comp_Last_mA,,INCONCLUSIVE,FLAT,WEAK,INCONCLUSIVE,INCONCLUSIVE_BOTH
single_parameter,MEASURE_ET_RF_Modeling_S22ang_10GHz,,INCONCLUSIVE,FLAT,STRONG,MODERATE,EXISTING_ONLY
single_parameter,MEASURE_ET_Ids_m2,,INCONCLUSIVE,FLAT,WEAK,INCONCLUSIVE,INCONCLUSIVE_BOTH
single_parameter,TOPSIN_ET_DC_SMALL_Vbin_gd,,INCONCLUSIVE,FLAT,STRONG,STRONG,EXISTING_ONLY
single_parameter,MEASURE_ET_C100C300pf,,INCONCLUSIVE,FLAT,INCONCLUSIVE,WEAK,INCONCLUSIVE_BOTH
single_parameter,MEASURE_ET_C300,,INCONCLUSIVE,FLAT,STRONG,INCONCLUSIVE,EXISTING_ONLY
single_parameter,METAL1_Height_Metal1_metal_thickness,,INCONCLUSIVE,FLAT,STRONG,INCONCLUSIVE,EXISTING_ONLY
single_parameter,MEASURE_ET_DC_RF_ids_m0p2_W,,INCONCLUSIVE,FLAT,WEAK,INCONCLUSIVE,INCONCLUSIVE_BOTH
single_parameter,MEASURE_ET_Load_Pull_GL_set,,INCONCLUSIVE,FLAT,MODERATE,INCONCLUSIVE,EXISTING_ONLY
single_parameter,TOPSIN_ET_Cap_C300,,INCONCLUSIVE,FLAT,STRONG,WEAK,EXISTING_ONLY
single_parameter,MEASURE_ET_DC_SEC_S_Id_at_Vboff_mA_mm_SD3p5,,INCONCLUSIVE,FLAT,STRONG,INCONCLUSIVE,EXISTING_ONLY
single_parameter,MEASURE_ET_DC_SEC_X_Vboff_Id_plus_Ig_FPSD3p2,,INCONCLUSIVE,FLAT,STRONG,STRONG,EXISTING_ONLY
single_parameter,TOPSIN_ET_DC_SMALL_Vbgs_0p01,,INCONCLUSIVE,FLAT,MODERATE,WEAK,EXISTING_ONLY
single_parameter,MEASURE_ET_LT_SEC_Ileak_m5V_mA_mm,,INCONCLUSIVE,FLAT,STRONG,INCONCLUSIVE,EXISTING_ONLY
single_parameter,CHRE_CD_Channel_recess_CD,,INCONCLUSIVE,FLAT,INCONCLUSIVE,INCONCLUSIVE,INCONCLUSIVE_BOTH
single_parameter,MEASURE_ET_DC_SEC_Gm_0,,INCONCLUSIVE,FLAT,WEAK,WEAK,INCONCLUSIVE_BOTH
single_parameter,MEASURE_ET_DC_PIV_Ids1_QP2,,INCONCLUSIVE,FLAT,STRONG,MODERATE,EXISTING_ONLY
single_parameter,TOPSIN_ET_C450pf,,INCONCLUSIVE,FLAT,INCONCLUSIVE,WEAK,INCONCLUSIVE_BOTH
single_parameter,THIN_ET_i5021_2,,INCONCLUSIVE,FLAT,INCONCLUSIVE,INCONCLUSIVE,INCONCLUSIVE_BOTH
single_parameter,MEASURE_ET_DC_Diode_S21_dB_rev_9p5,,INCONCLUSIVE,FLAT,INCONCLUSIVE,MODERATE,EXISTING_ONLY
single_parameter,FIC_ET_DC_RF_Vg_optt1,,INCONCLUSIVE,FLAT,STRONG,INCONCLUSIVE,EXISTING_ONLY
single_parameter,MEASURE_ET_RF_Modeling_Tau,,INCONCLUSIVE,FLAT,STRONG,STRONG,EXISTING_ONLY
single_parameter,FIC_ET_DC_RF_Imax,,INCONCLUSIVE,FLAT,STRONG,MODERATE,EXISTING_ONLY
single_parameter,TOPSIN_ET_R314,,INCONCLUSIVE,FLAT,STRONG,INCONCLUSIVE,EXISTING_ONLY
single_parameter,MEASURE_ET_DC_Big_Imax,,INCONCLUSIVE,FLAT,STRONG,STRONG,EXISTING_ONLY
single_parameter,FIC_ET_R214,,INCONCLUSIVE,FLAT,STRONG,STRONG,EXISTING_ONLY
single_parameter,TOPSIN_ET_DC_PIV_Ids1_QP3,,INCONCLUSIVE,FLAT,WEAK,WEAK,INCONCLUSIVE_BOTH
single_parameter,MEASURE_ET_DC_SEC_S_Ig_mAmm_at_Vg_cond_pos_SD3p5,,INCONCLUSIVE,FLAT,INCONCLUSIVE,INCONCLUSIVE,INCONCLUSIVE_BOTH
single_parameter,MEASURE_ET_LT_SEC_Id_min_mA_mm_Vd3,,INCONCLUSIVE,FLAT,INCONCLUSIVE,INCONCLUSIVE,INCONCLUSIVE_BOTH
single_parameter,MEASURE_ET_DC_RF_Id_gm_max_W,,INCONCLUSIVE,FLAT,STRONG,INCONCLUSIVE,EXISTING_ONLY
single_parameter,TOPSIN_ET_DC_SMALL_Vg_max_Vd,,INCONCLUSIVE,FLAT,INCONCLUSIVE,WEAK,INCONCLUSIVE_BOTH
single_parameter,FIC_ET_DC_RF_Vg_optt2,,INCONCLUSIVE,FLAT,INCONCLUSIVE,WEAK,INCONCLUSIVE_BOTH
single_parameter,MEASURE_ET_DC_RF_Idss_W,,INCONCLUSIVE,FLAT,STRONG,STRONG,EXISTING_ONLY
single_parameter,MEASURE_ET_C100Cap1pf,,INCONCLUSIVE,FLAT,STRONG,WEAK,EXISTING_ONLY
single_parameter,MEASURE_ET_DC_PIV_Drain_Lag_Imax,,INCONCLUSIVE,FLAT,STRONG,STRONG,EXISTING_ONLY
single_parameter,BRGM_ET_lkg_C300,,INCONCLUSIVE,FLAT,STRONG,WEAK,EXISTING_ONLY
single_parameter,MEASURE_ET_DC_SEC_S_Id_mA_mm_at_Vg1_SD3p5,,INCONCLUSIVE,FLAT,INCONCLUSIVE,WEAK,INCONCLUSIVE_BOTH
single_parameter,TOPSIN_ET_Vg_gm_max,,INCONCLUSIVE,FLAT,STRONG,MODERATE,EXISTING_ONLY
single_parameter,MEASURE_ET_DC_SEC_X_Vp_1_mA_mm_second,,INCONCLUSIVE,FLAT,MODERATE,INCONCLUSIVE,EXISTING_ONLY
single_parameter,TOPSIN_ET_lkg_Cap2,,INCONCLUSIVE,FLAT,STRONG,MODERATE,EXISTING_ONLY
single_parameter,MEASURE_ET_DC_PIV_Idss_QP1,,INCONCLUSIVE,FLAT,STRONG,INCONCLUSIVE,EXISTING_ONLY
single_parameter,MEASURE_ET_DC_SMALL_n_gd,,INCONCLUSIVE,FLAT,INCONCLUSIVE,STRONG,EXISTING_ONLY
single_parameter,MEASURE_ET_LT_SEC_Ileak_m7V_mA_mm,,INCONCLUSIVE,FLAT,INCONCLUSIVE,STRONG,EXISTING_ONLY
single_parameter,MEASURE_ET_DC_SEC_S_Ron,,INCONCLUSIVE,FLAT,STRONG,INCONCLUSIVE,EXISTING_ONLY
single_parameter,THIN_ET_lkg_C20,,INCONCLUSIVE,FLAT,STRONG,INCONCLUSIVE,EXISTING_ONLY
single_parameter,BRGM_ET_F_AB,,INCONCLUSIVE,FLAT,MODERATE,MODERATE,EXISTING_ONLY
single_parameter,MEASURE_ET_DC_SEC_X_Ig_cut1_mAmm_neg_SD3p5,,INCONCLUSIVE,FLAT,STRONG,INCONCLUSIVE,EXISTING_ONLY
single_parameter,SIN_ET_DC_RF_Gm_m0p2,,INCONCLUSIVE,FLAT,STRONG,INCONCLUSIVE,EXISTING_ONLY
single_parameter,THIN_ET_DC_RF_Vbin_gd,,INCONCLUSIVE,FLAT,MODERATE,WEAK,EXISTING_ONLY
single_parameter,SIN_ET_DC_RF_Vbgd_0p1,,INCONCLUSIVE,FLAT,STRONG,MODERATE,EXISTING_ONLY
single_parameter,THIN_ET_DC_RF_Id_gm_max,,INCONCLUSIVE,FLAT,STRONG,STRONG,EXISTING_ONLY
single_parameter,MEASURE_ET_DC_RF2_K,,INCONCLUSIVE,FLAT,STRONG,WEAK,EXISTING_ONLY
single_parameter,MEASURE_ET_DC_Big_MAG_18GHz,,INCONCLUSIVE,FLAT,WEAK,INCONCLUSIVE,INCONCLUSIVE_BOTH
single_parameter,BRGM_Height2_BRGM_Height2,,INCONCLUSIVE,FLAT,INCONCLUSIVE,INCONCLUSIVE,INCONCLUSIVE_BOTH
single_parameter,THIN_ET_sh_f_tn_23,,INCONCLUSIVE,FLAT,STRONG,INCONCLUSIVE,EXISTING_ONLY
single_parameter,MEASURE_ET_Cap20,,INCONCLUSIVE,FLAT,STRONG,INCONCLUSIVE,EXISTING_ONLY
single_parameter,MEASURE_ET_DC_RF_S22dB_26GHz_W,,INCONCLUSIVE,FLAT,MODERATE,STRONG,EXISTING_ONLY
single_parameter,MEASURE_ET_DC_SEC_X_Ig_cut3_mAmm_pos,,INCONCLUSIVE,FLAT,INCONCLUSIVE,MODERATE,EXISTING_ONLY
single_parameter,MEASURE_ET_C300pf,,INCONCLUSIVE,FLAT,INCONCLUSIVE,INCONCLUSIVE,INCONCLUSIVE_BOTH
single_parameter,FIC_ET_DC_RF_Vbgd1,,INCONCLUSIVE,FLAT,STRONG,MODERATE,EXISTING_ONLY
single_parameter,MEASURE_ET_RF_Modeling_Mag_m,,INCONCLUSIVE,FLAT,INCONCLUSIVE,INCONCLUSIVE,INCONCLUSIVE_BOTH
single_parameter,BRGM_Cd_Litho_BRGM_litho_CD,,INCONCLUSIVE,FLAT,INCONCLUSIVE,WEAK,INCONCLUSIVE_BOTH
single_parameter,MEASURE_ET_DC_SEC_Gm_max,,INCONCLUSIVE,FLAT,STRONG,MODERATE,EXISTING_ONLY
single_parameter,Version_V1_1,,INCONCLUSIVE,INCONCLUSIVE,not_tested,not_tested,INCONCLUSIVE_BOTH
single_parameter,TOPSIN_ET_CapFICBRGM,,INCONCLUSIVE,FLAT,MODERATE,MODERATE,EXISTING_ONLY
single_parameter,MEASURE_ET_RGAN3,,INCONCLUSIVE,FLAT,WEAK,MODERATE,EXISTING_ONLY
single_parameter,TOPSIN_ET_OHMC,,INCONCLUSIVE,FLAT,STRONG,INCONCLUSIVE,EXISTING_ONLY
single_parameter,THIN_ET_R_660_HOR,,INCONCLUSIVE,FLAT,INCONCLUSIVE,INCONCLUSIVE,INCONCLUSIVE_BOTH
single_parameter,WIN_CD_WIN_CD,,INCONCLUSIVE,FLAT,INCONCLUSIVE,MODERATE,EXISTING_ONLY
single_parameter,MEASURE_ET_DC_RF_S11ang_26GHz,,INCONCLUSIVE,FLAT,INCONCLUSIVE,WEAK,INCONCLUSIVE_BOTH
single_parameter,MEASURE_ET_C175pf,,INCONCLUSIVE,FLAT,WEAK,MODERATE,EXISTING_ONLY
single_parameter,BRGM_ET_C200,,INCONCLUSIVE,FLAT,STRONG,INCONCLUSIVE,EXISTING_ONLY
single_parameter,MEASURE_ET_DC_RF_Min_S21_Ph_L2180,,INCONCLUSIVE,FLAT,WEAK,MODERATE,EXISTING_ONLY
single_parameter,MEASURE_ET_DC_RF_Vg_gm_max_W,,INCONCLUSIVE,FLAT,WEAK,STRONG,EXISTING_ONLY
single_parameter,MEASURE_ET_DC_Stress_Gm_max_after,,INCONCLUSIVE,FLAT,STRONG,MODERATE,EXISTING_ONLY
single_parameter,MEASURE_ET_C_CAT_2,,INCONCLUSIVE,FLAT,STRONG,INCONCLUSIVE,EXISTING_ONLY
single_parameter,SIN_ET_DC_RF_Vbgs_0p1,,INCONCLUSIVE,FLAT,WEAK,MODERATE,EXISTING_ONLY
single_parameter,MEASURE_ET_DC_RF_Idss,,INCONCLUSIVE,FLAT,STRONG,WEAK,EXISTING_ONLY
single_parameter,MEASURE_ET_DC_RF_Vt_gd,,INCONCLUSIVE,FLAT,INCONCLUSIVE,STRONG,EXISTING_ONLY
single_parameter,TOPSIN_ET_CapFICBRGM_0,,INCONCLUSIVE,FLAT,STRONG,WEAK,EXISTING_ONLY
single_parameter,MEASURE_ET_DC_SEC_S_Ig_mAmm_at_Vg_cond_pos_FPSD3p2,,INCONCLUSIVE,FLAT,WEAK,STRONG,EXISTING_ONLY
single_parameter,MEASURE_ET_Rc_TF_AB_2,,INCONCLUSIVE,FLAT,STRONG,INCONCLUSIVE,EXISTING_ONLY
single_parameter,GATE2_CD_358nm_Gate_Win_Length,,INCONCLUSIVE,FLAT,INCONCLUSIVE,STRONG,EXISTING_ONLY
single_parameter,SIN_GATE_ET_TR_1F,,INCONCLUSIVE,FLAT,STRONG,INCONCLUSIVE,EXISTING_ONLY
single_parameter,MEASURE_ET_C100USV_Cappf,,INCONCLUSIVE,FLAT,INCONCLUSIVE,MODERATE,EXISTING_ONLY
single_parameter,MEASURE_ET_C200,,INCONCLUSIVE,FLAT,STRONG,WEAK,EXISTING_ONLY
single_parameter,MEASURE_ET_CapM1BRGM,,INCONCLUSIVE,FLAT,STRONG,STRONG,EXISTING_ONLY
single_parameter,MEASURE_ET_LT_SEC_Id_min_mA_mm_Vd8,,INCONCLUSIVE,FLAT,STRONG,INCONCLUSIVE,EXISTING_ONLY
single_parameter,MEASURE_ET_DC_SEC_X_Vp_1_mA_mm_first,,INCONCLUSIVE,FLAT,STRONG,STRONG,EXISTING_ONLY
single_parameter,MEASURE_ET_Rc_f_tn_23,,INCONCLUSIVE,FLAT,WEAK,WEAK,INCONCLUSIVE_BOTH
single_parameter,MEASURE_ET_DC_SEC_X_Id_mA_mm_at_Vg1_SD3p5,,INCONCLUSIVE,FLAT,INCONCLUSIVE,WEAK,INCONCLUSIVE_BOTH
single_parameter,SIN_ET_DC_RF_Gm_max,,INCONCLUSIVE,FLAT,MODERATE,INCONCLUSIVE,EXISTING_ONLY
single_parameter,STREETS_Height_Backside_metal_thickness,,INCONCLUSIVE,FLAT,MODERATE,INCONCLUSIVE,EXISTING_ONLY
single_parameter,TOPSIN_ET_DC_SMALL_Vg_gm_max,,INCONCLUSIVE,FLAT,STRONG,STRONG,EXISTING_ONLY
single_parameter,GATE1_Thickness1_Triple_E_beam_thickness,,INCONCLUSIVE,FLAT,not_tested,not_tested,INCONCLUSIVE_BOTH
single_parameter,TOPSIN_ET_DC_RF_Vdg_max,,INCONCLUSIVE,FLAT,INCONCLUSIVE,INCONCLUSIVE,INCONCLUSIVE_BOTH
single_parameter,MEASURE_ET_lkg_CapFICBRGM,,INCONCLUSIVE,FLAT,MODERATE,WEAK,EXISTING_ONLY
single_parameter,MEASURE_ET_DC_SEC_S_Ig_mAmm_at_Vg_cond_neg_SD3p5,,INCONCLUSIVE,FLAT,STRONG,INCONCLUSIVE,EXISTING_ONLY
single_parameter,THIN_ET_C300,,INCONCLUSIVE,FLAT,STRONG,INCONCLUSIVE,EXISTING_ONLY
single_parameter,MEASURE_ET_DC_Stress_Vp_delta,,INCONCLUSIVE,FLAT,MODERATE,INCONCLUSIVE,EXISTING_ONLY
single_parameter,MEASURE_ET_LT_SEC_Vbgd1_Vd7,,INCONCLUSIVE,FLAT,WEAK,WEAK,INCONCLUSIVE_BOTH
single_parameter,FIC_ET_G2_per_6K,,INCONCLUSIVE,FLAT,INCONCLUSIVE,WEAK,INCONCLUSIVE_BOTH
single_parameter,MEASURE_ET_DC_SEC_X_Vp_1_mA_mm_first_SD3p5,,INCONCLUSIVE,FLAT,STRONG,INCONCLUSIVE,EXISTING_ONLY
single_parameter,MEASURE_ET_Load_Pull_IG_comp_Last_uA,,INCONCLUSIVE,FLAT,STRONG,WEAK,EXISTING_ONLY
single_parameter,THIN_ET_DC_RF_Vdg_max_0p1mA,,INCONCLUSIVE,FLAT,STRONG,STRONG,EXISTING_ONLY
single_parameter,MEASURE_ET_DC_RF_Vg_max_Vd_0p1mA,,INCONCLUSIVE,FLAT,STRONG,INCONCLUSIVE,EXISTING_ONLY
single_parameter,MEASURE_ET_DC_Big_Idss,,INCONCLUSIVE,FLAT,STRONG,STRONG,EXISTING_ONLY
single_parameter,MEASURE_ET_DC_Big_Gm_max,,INCONCLUSIVE,FLAT,STRONG,INCONCLUSIVE,EXISTING_ONLY
single_parameter,TOPSIN_ET_Vds_max,,INCONCLUSIVE,FLAT,STRONG,MODERATE,EXISTING_ONLY
single_parameter,SIN_ET_DC_RF_Id_gm_max,,INCONCLUSIVE,FLAT,INCONCLUSIVE,MODERATE,EXISTING_ONLY
single_parameter,MEASURE_ET_Vbpin_D60,,INCONCLUSIVE,FLAT,STRONG,INCONCLUSIVE,EXISTING_ONLY
single_parameter,TOPSIN_ET_DC_RF_n_gd,,INCONCLUSIVE,FLAT,WEAK,WEAK,INCONCLUSIVE_BOTH
single_parameter,MEASURE_ET_lkg_70_at20V,,INCONCLUSIVE,FLAT,STRONG,MODERATE,EXISTING_ONLY
single_parameter,MEASURE_ET_lkg_CapPARCAP,,INCONCLUSIVE,FLAT,STRONG,MODERATE,EXISTING_ONLY
single_parameter,MEASURE_ET_DC_SEC_S_Bin,,INCONCLUSIVE,FLAT,INCONCLUSIVE,STRONG,EXISTING_ONLY
single_parameter,MEASURE_ET_C20,,INCONCLUSIVE,FLAT,MODERATE,INCONCLUSIVE,EXISTING_ONLY
single_parameter,SIN_ET_DC_RF_n_gd,,INCONCLUSIVE,FLAT,INCONCLUSIVE,MODERATE,EXISTING_ONLY
single_parameter,FIC_ET_Gm_m2,,INCONCLUSIVE,FLAT,STRONG,WEAK,EXISTING_ONLY
single_parameter,MEASURE_ET_DC_SEC_S_Vg_at_I3_neg,,INCONCLUSIVE,FLAT,MODERATE,INCONCLUSIVE,EXISTING_ONLY
single_parameter,MEASURE_ET_DC_SEC_S_Vg_at_I1_pos_FPSD3p2,,INCONCLUSIVE,FLAT,MODERATE,INCONCLUSIVE,EXISTING_ONLY
single_parameter,TOPSIN_ET_R_f_tn_2,,INCONCLUSIVE,FLAT,WEAK,INCONCLUSIVE,INCONCLUSIVE_BOTH
single_parameter,MEASURE_ET_DC_SEC_S_Vboff_Id_SD3p5,,INCONCLUSIVE,FLAT,INCONCLUSIVE,MODERATE,EXISTING_ONLY
single_parameter,MEASURE_ET_RF_Modeling_Stress_time,,INCONCLUSIVE,FLAT,STRONG,MODERATE,EXISTING_ONLY
single_parameter,MEASURE_ET_DC_SEC_X_Bin_FPSD3p2,,INCONCLUSIVE,FLAT,STRONG,INCONCLUSIVE,EXISTING_ONLY
single_parameter,MEASURE_ET_DC_SEC_Vg_max_ON,,INCONCLUSIVE,FLAT,STRONG,MODERATE,EXISTING_ONLY
single_parameter,FIC_ET_FC_lin_4,,INCONCLUSIVE,FLAT,MODERATE,INCONCLUSIVE,EXISTING_ONLY
single_parameter,MEASURE_ET_DC_SMALL_Vp_01,,INCONCLUSIVE,FLAT,WEAK,STRONG,EXISTING_ONLY
single_parameter,MEASURE_ET_DC_SEC_S_Ig_cut2_mAmm_pos_FPSD3p2,,INCONCLUSIVE,FLAT,WEAK,STRONG,EXISTING_ONLY
single_parameter,MEASURE_ET_DC_SMALL_Id_gm_max,,INCONCLUSIVE,FLAT,STRONG,WEAK,EXISTING_ONLY
single_parameter,FIC_Height_FIC_metal_thickness,,INCONCLUSIVE,FLAT,STRONG,STRONG,EXISTING_ONLY
single_parameter,MEASURE_ET_DC_SEC_Vbin_gs,,INCONCLUSIVE,FLAT,STRONG,INCONCLUSIVE,EXISTING_ONLY
single_parameter,MEASURE_ET_DC_Big_Ft,,INCONCLUSIVE,FLAT,INCONCLUSIVE,STRONG,EXISTING_ONLY
single_parameter,MEASURE_ET_DC_RF_n_gs,,INCONCLUSIVE,FLAT,STRONG,WEAK,EXISTING_ONLY
single_parameter,MEASURE_ET_DC_SEC_S_Vp_1_mA_mm_second,,INCONCLUSIVE,FLAT,STRONG,WEAK,EXISTING_ONLY
single_parameter,THIN_ET_DC_RF_Vg_max_Vd,,INCONCLUSIVE,FLAT,STRONG,MODERATE,EXISTING_ONLY
single_parameter,TFRP_M_Gauge_P_E_Resistors,,INCONCLUSIVE,FLAT,STRONG,WEAK,EXISTING_ONLY
single_parameter,MEASURE_ET_DC_RF_S12dB_26GHz_W,,INCONCLUSIVE,FLAT,INCONCLUSIVE,INCONCLUSIVE,INCONCLUSIVE_BOTH
single_parameter,MEASURE_ET_TR_1F,,INCONCLUSIVE,FLAT,MODERATE,MODERATE,EXISTING_ONLY
single_parameter,FIC_ET_DC_RF_Vg_optt3,,INCONCLUSIVE,FLAT,INCONCLUSIVE,WEAK,INCONCLUSIVE_BOTH
single_parameter,MEASURE_ET_RF_Modeling_R_Gd,,INCONCLUSIVE,FLAT,STRONG,INCONCLUSIVE,EXISTING_ONLY
single_parameter,MEASURE_ET_DC_RD_Vg_Vbon_max,,INCONCLUSIVE,FLAT,WEAK,INCONCLUSIVE,INCONCLUSIVE_BOTH
single_parameter,MEASURE_ET_Rsh_cat_c2_OW_ST,,INCONCLUSIVE,FLAT,INCONCLUSIVE,INCONCLUSIVE,INCONCLUSIVE_BOTH
single_parameter,THIN_ET_Rcat_cn_2_OW_ST,,INCONCLUSIVE,FLAT,STRONG,WEAK,EXISTING_ONLY
single_parameter,FIC_ET_DC_RF_Gm_max,,INCONCLUSIVE,FLAT,MODERATE,WEAK,EXISTING_ONLY
single_parameter,MEASURE_ET_TFR_AB,,INCONCLUSIVE,FLAT,STRONG,MODERATE,EXISTING_ONLY
single_parameter,MEASURE_ET_Vbkdn_C300pf,,INCONCLUSIVE,FLAT,STRONG,INCONCLUSIVE,EXISTING_ONLY
single_parameter,OHMIC_ET_Probe_Number,,INCONCLUSIVE,FLAT,WEAK,INCONCLUSIVE,INCONCLUSIVE_BOTH
single_parameter,MEASURE_ET_DC_RF2_S21dB_26GHz,,INCONCLUSIVE,FLAT,WEAK,INCONCLUSIVE,INCONCLUSIVE_BOTH
single_parameter,GATE2_CD_HPA_CB_Gate_Win_Length,,INCONCLUSIVE,FLAT,INCONCLUSIVE,INCONCLUSIVE,INCONCLUSIVE_BOTH
single_parameter,MEASURE_ET_C_CAT_2_OW_ST,,INCONCLUSIVE,FLAT,MODERATE,MODERATE,EXISTING_ONLY
single_parameter,MEASURE_ET_DC_SEC_Ids_max_ON,,INCONCLUSIVE,FLAT,MODERATE,INCONCLUSIVE,EXISTING_ONLY
single_parameter,MEASURE_ET_RF_Modeling_Delta_S21_25G,,INCONCLUSIVE,FLAT,MODERATE,INCONCLUSIVE,EXISTING_ONLY
single_parameter,VIA_Etch_Via_etch_end_point_time,,INCONCLUSIVE,FLAT,WEAK,INCONCLUSIVE,INCONCLUSIVE_BOTH
single_parameter,MEASURE_ET_DC_RF_Ft_W,,INCONCLUSIVE,FLAT,STRONG,INCONCLUSIVE,EXISTING_ONLY
single_parameter,MEASURE_ET_R314,,INCONCLUSIVE,FLAT,STRONG,MODERATE,EXISTING_ONLY
single_parameter,MEASURE_ET_RF_Modeling_Vp_01_W,,INCONCLUSIVE,FLAT,WEAK,INCONCLUSIVE,INCONCLUSIVE_BOTH
single_parameter,MEASURE_ET_DC_SEC_Vg_gm_max,,INCONCLUSIVE,FLAT,STRONG,MODERATE,EXISTING_ONLY
single_parameter,MEASURE_ET_RF_Modeling_Vg_Stress,,INCONCLUSIVE,FLAT,INCONCLUSIVE,MODERATE,EXISTING_ONLY
single_parameter,MEASURE_ET_DC_RF_CF_S21_Mag_L1002,,INCONCLUSIVE,FLAT,INCONCLUSIVE,INCONCLUSIVE,INCONCLUSIVE_BOTH
single_parameter,MEASURE_ET_DC_SEC_X_Vg_at_I1_neg_FPSD3p2,,INCONCLUSIVE,FLAT,INCONCLUSIVE,MODERATE,EXISTING_ONLY
single_parameter,MEASURE_ET_C385pf_0,,INCONCLUSIVE,FLAT,MODERATE,MODERATE,EXISTING_ONLY
single_parameter,MEASURE_ET_DC_SMALL_Vg_max_Vd_0p1,,INCONCLUSIVE,FLAT,INCONCLUSIVE,MODERATE,EXISTING_ONLY
single_parameter,MEASURE_ET_sh_f_hr_23,,INCONCLUSIVE,FLAT,INCONCLUSIVE,MODERATE,EXISTING_ONLY
single_parameter,FIC_ET_DC_PIV_Ids0_QP1,,INCONCLUSIVE,FLAT,INCONCLUSIVE,WEAK,INCONCLUSIVE_BOTH
single_parameter,TOPSIN_ET_Rc_f_tn_23,,INCONCLUSIVE,FLAT,STRONG,MODERATE,EXISTING_ONLY
single_parameter,MEASURE_ET_DC_SEC_X_Ig_mAmm_at_Vg_cond_pos,,INCONCLUSIVE,FLAT,INCONCLUSIVE,INCONCLUSIVE,INCONCLUSIVE_BOTH
single_parameter,MEASURE_ET_DC_SEC_S_Ig_cut2_mAmm_neg,,INCONCLUSIVE,FLAT,STRONG,INCONCLUSIVE,EXISTING_ONLY
single_parameter,MEASURE_ET_DC_SEC_X_Id_plus_Ig_at_Vboff_mA_mm,,INCONCLUSIVE,FLAT,STRONG,INCONCLUSIVE,EXISTING_ONLY
single_parameter,TOPSIN_ET_Cap_USV,,INCONCLUSIVE,FLAT,STRONG,MODERATE,EXISTING_ONLY
single_parameter,MEASURE_ET_DC_Stress_Id_gm_max_after,,INCONCLUSIVE,FLAT,STRONG,STRONG,EXISTING_ONLY
single_parameter,MEASURE_ET_DC_SEC_X_Vg_at_I2_pos_FPSD3p2,,INCONCLUSIVE,FLAT,STRONG,STRONG,EXISTING_ONLY
single_parameter,TOPSIN_ET_Rc_OG142_GN,,INCONCLUSIVE,FLAT,MODERATE,INCONCLUSIVE,EXISTING_ONLY
single_parameter,THIN_ET_DC_RF_Gm_0,,INCONCLUSIVE,FLAT,STRONG,WEAK,EXISTING_ONLY
single_parameter,MEASURE_ET_DC_Big_Gm_0,,INCONCLUSIVE,FLAT,STRONG,INCONCLUSIVE,EXISTING_ONLY
single_parameter,MEASURE_ET_Cap1pf,,INCONCLUSIVE,FLAT,INCONCLUSIVE,WEAK,INCONCLUSIVE_BOTH
single_parameter,TOPSIN_ET_TANR,,INCONCLUSIVE,FLAT,WEAK,WEAK,INCONCLUSIVE_BOTH
single_parameter,MEASURE_ET_DC_SEC_X_Id_plus_Ig_at_Vboff_mA_mm_SD3p5,,INCONCLUSIVE,FLAT,STRONG,WEAK,EXISTING_ONLY
single_parameter,MEASURE_ET_Gate_res,,INCONCLUSIVE,FLAT,STRONG,INCONCLUSIVE,EXISTING_ONLY
single_parameter,MEASURE_ET_DC_Stress_Vp_after,,INCONCLUSIVE,FLAT,STRONG,MODERATE,EXISTING_ONLY
single_parameter,MEASURE_ET_DC_SEC_S_Vg_at_I2_neg,,INCONCLUSIVE,FLAT,INCONCLUSIVE,INCONCLUSIVE,INCONCLUSIVE_BOTH
single_parameter,BRGM_ET_i5021_1,,INCONCLUSIVE,FLAT,MODERATE,INCONCLUSIVE,EXISTING_ONLY
single_parameter,THIN_ET_Rsh_cat_c2_OW_ST,,INCONCLUSIVE,FLAT,INCONCLUSIVE,INCONCLUSIVE,INCONCLUSIVE_BOTH
single_parameter,THIN_ET_Rc_an_ct2,,INCONCLUSIVE,FLAT,MODERATE,INCONCLUSIVE,EXISTING_ONLY
single_parameter,MEASURE_ET_DC_Diode_S11_dB_rev_9p5,,INCONCLUSIVE,FLAT,INCONCLUSIVE,INCONCLUSIVE,INCONCLUSIVE_BOTH
single_parameter,MEASURE_ET_DC_PIV_Ids1_QP3,,INCONCLUSIVE,FLAT,INCONCLUSIVE,WEAK,INCONCLUSIVE_BOTH
single_parameter,MEASURE_ET_DC_SMALL_Gm_0,,INCONCLUSIVE,FLAT,STRONG,MODERATE,EXISTING_ONLY
single_parameter,FIC_ET_DC_RF_Vds_max_0p1mA,,INCONCLUSIVE,FLAT,INCONCLUSIVE,WEAK,INCONCLUSIVE_BOTH
single_parameter,MEASURE_ET_DC_SEC_S_Vg_at_I2_neg_FPSD3p2,,INCONCLUSIVE,FLAT,STRONG,INCONCLUSIVE,EXISTING_ONLY
single_parameter,MEASURE_ET_Cap2pf_0,,INCONCLUSIVE,FLAT,STRONG,MODERATE,EXISTING_ONLY
single_parameter,SIN_Thickness2_RefractiveIndex,,INCONCLUSIVE,FLAT,WEAK,INCONCLUSIVE,INCONCLUSIVE_BOTH
single_parameter,TOPSIN_ET_DC_SMALL_Vp_01,,INCONCLUSIVE,FLAT,WEAK,WEAK,INCONCLUSIVE_BOTH
single_parameter,MEASURE_ET_Vbpin,,INCONCLUSIVE,FLAT,STRONG,MODERATE,EXISTING_ONLY
single_parameter,MEASURE_ET_lkg_CapM1BRGM,,INCONCLUSIVE,FLAT,STRONG,INCONCLUSIVE,EXISTING_ONLY
single_parameter,MEASURE_ET_DC_SEC_S_Id_plus_Ig_at_Vboff_mA_mm_SD3p5,,INCONCLUSIVE,FLAT,STRONG,STRONG,EXISTING_ONLY
single_parameter,OHMIC_ET_Ran_con_3,,INCONCLUSIVE,FLAT,STRONG,MODERATE,EXISTING_ONLY
single_parameter,BRGM_ET_C300,,INCONCLUSIVE,FLAT,STRONG,WEAK,EXISTING_ONLY
single_parameter,MEASURE_ET_DC_PIV_Imax_QP2,,INCONCLUSIVE,FLAT,STRONG,STRONG,EXISTING_ONLY
single_parameter,MEASURE_ET_DC_SEC_S_Ids_max_norm_SD3p5,,INCONCLUSIVE,FLAT,INCONCLUSIVE,MODERATE,EXISTING_ONLY
single_parameter,MEASURE_ET_DC_SEC_S_Ig_cut1_mAmm_pos_SD3p5,,INCONCLUSIVE,FLAT,INCONCLUSIVE,INCONCLUSIVE,INCONCLUSIVE_BOTH
single_parameter,MEASURE_ET_lkg_C385pf,,INCONCLUSIVE,FLAT,STRONG,MODERATE,EXISTING_ONLY
single_parameter,MEASURE_ET_DC_RF_Vbgd_0p1,,INCONCLUSIVE,FLAT,MODERATE,STRONG,EXISTING_ONLY
single_parameter,MEASURE_ET_Rsh_TF_AB2,,INCONCLUSIVE,FLAT,STRONG,INCONCLUSIVE,EXISTING_ONLY
single_parameter,MEASURE_ET_Rsh_an_ct2_OW_CR,,INCONCLUSIVE,FLAT,INCONCLUSIVE,STRONG,EXISTING_ONLY
single_parameter,FIC_ET_DC_RF_Idss,,INCONCLUSIVE,FLAT,STRONG,INCONCLUSIVE,EXISTING_ONLY
single_parameter,MEASURE_ET_DC_RF_CF_S12_Ph_L1018,,INCONCLUSIVE,FLAT,STRONG,INCONCLUSIVE,EXISTING_ONLY
single_parameter,MEASURE_ET_DC_SMALL_Vdg_max_0p1,,INCONCLUSIVE,FLAT,WEAK,STRONG,EXISTING_ONLY
single_parameter,SIN_Thickness1_RefractiveIndex,,INCONCLUSIVE,FLAT,WEAK,STRONG,EXISTING_ONLY
single_parameter,SIN_GATE_ET_Ran_con_2,,INCONCLUSIVE,FLAT,INCONCLUSIVE,MODERATE,EXISTING_ONLY
single_parameter,TOPSIN_ET_DC_RF_Vg_gm_max,,INCONCLUSIVE,FLAT,STRONG,INCONCLUSIVE,EXISTING_ONLY
single_parameter,MEASURE_ET_DC_Diode_S11_dB_forw,,INCONCLUSIVE,FLAT,INCONCLUSIVE,STRONG,EXISTING_ONLY
single_parameter,TOPSIN_ET_R214,,INCONCLUSIVE,FLAT,MODERATE,INCONCLUSIVE,EXISTING_ONLY
single_parameter,MEASURE_ET_DC_RF_MAG_26GHz_W,,INCONCLUSIVE,FLAT,INCONCLUSIVE,MODERATE,EXISTING_ONLY
single_parameter,MEASURE_ET_DC_RF_Max_S11_Freq_L1002,,INCONCLUSIVE,FLAT,STRONG,INCONCLUSIVE,EXISTING_ONLY
single_parameter,MEASURE_ET_lkg_C300FB,,INCONCLUSIVE,FLAT,STRONG,INCONCLUSIVE,EXISTING_ONLY
single_parameter,MEASURE_ET_DC_RF_Id_gm_max,,INCONCLUSIVE,FLAT,STRONG,STRONG,EXISTING_ONLY
single_parameter,MEASURE_ET_C500pf_0,,INCONCLUSIVE,FLAT,WEAK,INCONCLUSIVE,INCONCLUSIVE_BOTH
single_parameter,MEASURE_ET_DC_RF_Max_S11_Mag_L1002,,INCONCLUSIVE,FLAT,STRONG,INCONCLUSIVE,EXISTING_ONLY
single_parameter,SIN_ET_DC_RF_Vg_optt2,,INCONCLUSIVE,FLAT,STRONG,WEAK,EXISTING_ONLY
single_parameter,BRGM_ET_Cap_C300,,INCONCLUSIVE,FLAT,WEAK,INCONCLUSIVE,INCONCLUSIVE_BOTH
single_parameter,MEASURE_ET_DC_Big_Vg_gm_max,,INCONCLUSIVE,FLAT,WEAK,INCONCLUSIVE,INCONCLUSIVE_BOTH
single_parameter,TOPSIN_ET_DC_SMALL_Gm_max,,INCONCLUSIVE,FLAT,STRONG,STRONG,EXISTING_ONLY
single_parameter,EBCR2_CD_2_EBCR_cd_etch,,INCONCLUSIVE,FLAT,INCONCLUSIVE,INCONCLUSIVE,INCONCLUSIVE_BOTH
single_parameter,MEASURE_ET_DC_SMALL_Vg_gm_max,,INCONCLUSIVE,FLAT,WEAK,STRONG,EXISTING_ONLY
single_parameter,Version_V2_0,,INCONCLUSIVE,FLAT,not_tested,not_tested,INCONCLUSIVE_BOTH
single_parameter,SIN_ET_DC_PIV_Idss_QP1,,INCONCLUSIVE,FLAT,STRONG,INCONCLUSIVE,EXISTING_ONLY
single_parameter,MEASURE_ET_Load_Pull_Id_ord,,INCONCLUSIVE,FLAT,STRONG,INCONCLUSIVE,EXISTING_ONLY
single_parameter,THIN_ET_DC_RF_Gm_m0p2,,INCONCLUSIVE,FLAT,STRONG,WEAK,EXISTING_ONLY
single_parameter,MEASURE_ET_C200_0,,INCONCLUSIVE,FLAT,WEAK,STRONG,EXISTING_ONLY
single_parameter,TFRP_ET_TFRP,,INCONCLUSIVE,FLAT,STRONG,MODERATE,EXISTING_ONLY
single_parameter,FIC_ET_G_per_2p75K,,INCONCLUSIVE,FLAT,STRONG,INCONCLUSIVE,EXISTING_ONLY
single_parameter,MEASURE_ET_DC_Stress_Vp_before,,INCONCLUSIVE,FLAT,STRONG,INCONCLUSIVE,EXISTING_ONLY
single_parameter,TOPSIN_ET_DC_RF_Vg_optt,,INCONCLUSIVE,FLAT,STRONG,STRONG,EXISTING_ONLY
single_parameter,TOPSIN_ET_sh_f_hr_23,,INCONCLUSIVE,FLAT,INCONCLUSIVE,INCONCLUSIVE,INCONCLUSIVE_BOTH
single_parameter,MEASURE_ET_RF_Modeling_Cgs_err,,INCONCLUSIVE,FLAT,WEAK,MODERATE,EXISTING_ONLY
single_parameter,MEASURE_ET_DC_RF_Max_S11_Ph_L1018,,INCONCLUSIVE,FLAT,INCONCLUSIVE,WEAK,INCONCLUSIVE_BOTH
single_parameter,MEASURE_ET_C100CapM1BRGM,,INCONCLUSIVE,FLAT,STRONG,WEAK,EXISTING_ONLY
single_parameter,FIC_ET_R_f_tn_3,,INCONCLUSIVE,FLAT,MODERATE,INCONCLUSIVE,EXISTING_ONLY
single_parameter,SIN_ET_DC_RF_Vp_1,,INCONCLUSIVE,FLAT,STRONG,MODERATE,EXISTING_ONLY
single_parameter,MEASURE_ET_DC_SEC_Vg_min_ON,,INCONCLUSIVE,FLAT,STRONG,STRONG,EXISTING_ONLY
single_parameter,MEASURE_ET_DC_RD_Vbon_min,,INCONCLUSIVE,FLAT,STRONG,WEAK,EXISTING_ONLY
single_parameter,BRGM_ET_lkg_C200,,INCONCLUSIVE,FLAT,WEAK,WEAK,INCONCLUSIVE_BOTH
single_parameter,MEASURE_ET_DC_RD_Vboff_ON,,INCONCLUSIVE,FLAT,INCONCLUSIVE,WEAK,INCONCLUSIVE_BOTH
single_parameter,OHMIC_CD_Ohmic_CD_litho,,INCONCLUSIVE,FLAT,INCONCLUSIVE,INCONCLUSIVE,INCONCLUSIVE_BOTH
single_parameter,MEASURE_ET_C100CapFICBRGM,,INCONCLUSIVE,FLAT,STRONG,MODERATE,EXISTING_ONLY
single_parameter,MEASURE_ET_DC_RF_S21dB_10GHz,,INCONCLUSIVE,FLAT,STRONG,INCONCLUSIVE,EXISTING_ONLY
single_parameter,TOPSIN_ET_C100C450pf,,INCONCLUSIVE,FLAT,INCONCLUSIVE,WEAK,INCONCLUSIVE_BOTH
single_parameter,THIN_ET_DC_RF_Idss,,INCONCLUSIVE,FLAT,STRONG,STRONG,EXISTING_ONLY
single_parameter,CATHODE_ET_Rsh_cat_c2_OW_ST,,INCONCLUSIVE,FLAT,MODERATE,MODERATE,EXISTING_ONLY
single_parameter,FIC_ET_Id_mAmm_at_Vd_cond,,INCONCLUSIVE,FLAT,MODERATE,STRONG,EXISTING_ONLY
single_parameter,MEASURE_ET_Cap3pf,,INCONCLUSIVE,FLAT,WEAK,INCONCLUSIVE,INCONCLUSIVE_BOTH
single_parameter,ANODE_ET_C_AN_2_OW_CR,,INCONCLUSIVE,FLAT,INCONCLUSIVE,WEAK,INCONCLUSIVE_BOTH
single_parameter,TOPSIN_ET_DC_RF_Vds_max_0p1,,INCONCLUSIVE,FLAT,INCONCLUSIVE,INCONCLUSIVE,INCONCLUSIVE_BOTH
single_parameter,TOPSIN_ET_DC_PIV_Ids1_QP2,,INCONCLUSIVE,FLAT,INCONCLUSIVE,MODERATE,EXISTING_ONLY
single_parameter,SIN_ET_DC_RF_n_gs,,INCONCLUSIVE,FLAT,STRONG,INCONCLUSIVE,EXISTING_ONLY
single_parameter,MEASURE_ET_DC_SEC_X_ChipStatus,,INCONCLUSIVE,FLAT,INCONCLUSIVE,INCONCLUSIVE,INCONCLUSIVE_BOTH
single_parameter,OHMIC_ET_R114,,INCONCLUSIVE,FLAT,STRONG,STRONG,EXISTING_ONLY
single_parameter,MEASURE_ET_lkg_SY07_10,,INCONCLUSIVE,FLAT,STRONG,WEAK,EXISTING_ONLY
single_parameter,HIRS_M_Gauge_P_E_MoSi,,INCONCLUSIVE,FLAT,WEAK,INCONCLUSIVE,INCONCLUSIVE_BOTH
single_parameter,SIN_ET_DC_RF_Vg_gm_max,,INCONCLUSIVE,FLAT,STRONG,STRONG,EXISTING_ONLY
single_parameter,MEASURE_ET_C100CapFICM1,,INCONCLUSIVE,FLAT,INCONCLUSIVE,INCONCLUSIVE,INCONCLUSIVE_BOTH
single_parameter,THIN_ET_sh_GA142,,INCONCLUSIVE,FLAT,INCONCLUSIVE,INCONCLUSIVE,INCONCLUSIVE_BOTH
single_parameter,MEASURE_ET_DC_Big_Id_gm_max,,INCONCLUSIVE,FLAT,WEAK,INCONCLUSIVE,INCONCLUSIVE_BOTH
single_parameter,MEASURE_ET_DC_RF_CF_S21_Ph_L2180,,INCONCLUSIVE,FLAT,STRONG,INCONCLUSIVE,EXISTING_ONLY
single_parameter,MEASURE_ET_RF_Modeling_S21_19G_Before,,INCONCLUSIVE,FLAT,STRONG,WEAK,EXISTING_ONLY
single_parameter,MEASURE_ET_RF_Modeling_Fmax_int,,INCONCLUSIVE,FLAT,WEAK,STRONG,EXISTING_ONLY
single_parameter,TOPSIN_ET_C100CapM1BRGM,,INCONCLUSIVE,FLAT,STRONG,STRONG,EXISTING_ONLY
single_parameter,TOPSIN_ET_CapM1BRGM,,INCONCLUSIVE,FLAT,STRONG,INCONCLUSIVE,EXISTING_ONLY
single_parameter,MEASURE_ET_DC_SEC_S_Ids_max_SD3p5,,INCONCLUSIVE,FLAT,INCONCLUSIVE,WEAK,INCONCLUSIVE_BOTH
single_parameter,THIN_ET_lkg_5,,INCONCLUSIVE,FLAT,STRONG,MODERATE,EXISTING_ONLY
single_parameter,MESA_CD_Mesa_CD_Radius,,INCONCLUSIVE,FLAT,WEAK,WEAK,INCONCLUSIVE_BOTH
single_parameter,CATHODE_ET_Rsh_cat_c2,,INCONCLUSIVE,FLAT,STRONG,STRONG,EXISTING_ONLY
single_parameter,SIN_ET_DC_RF_Vp_01,,INCONCLUSIVE,FLAT,MODERATE,INCONCLUSIVE,EXISTING_ONLY
single_parameter,FIC_ET_DC_RF_Gm_m0p2,,INCONCLUSIVE,FLAT,STRONG,WEAK,EXISTING_ONLY
single_parameter,SIN_ET_DC_PIV_Imax_QP3,,INCONCLUSIVE,FLAT,WEAK,INCONCLUSIVE,INCONCLUSIVE_BOTH
single_parameter,MEASURE_ET_Gm_max,,INCONCLUSIVE,FLAT,WEAK,INCONCLUSIVE,INCONCLUSIVE_BOTH
single_parameter,MEASURE_ET_DC_SMALL_Gm_max,,INCONCLUSIVE,FLAT,STRONG,MODERATE,EXISTING_ONLY
single_parameter,MEASURE_ET_DC_SMALL_Vbin_gd,,INCONCLUSIVE,INCONCLUSIVE,MODERATE,INCONCLUSIVE,EXISTING_ONLY
single_parameter,MEASURE_ET_DC_SEC_S_Id_mA_mm_at_Vg2_FPSD3p2,,INCONCLUSIVE,FLAT,INCONCLUSIVE,STRONG,EXISTING_ONLY
single_parameter,MEASURE_ET_DC_RF_S22dB_26GHz,,INCONCLUSIVE,FLAT,MODERATE,WEAK,EXISTING_ONLY
single_parameter,MEASURE_ET_RF_Modeling_Fmax,,INCONCLUSIVE,FLAT,STRONG,WEAK,EXISTING_ONLY
single_parameter,MEASURE_ET_DC_RF_S12ang_26GHz_W,,INCONCLUSIVE,FLAT,STRONG,INCONCLUSIVE,EXISTING_ONLY
single_parameter,THIN_ET_R_4000_VER,,INCONCLUSIVE,FLAT,STRONG,INCONCLUSIVE,EXISTING_ONLY
single_parameter,MEASURE_ET_DC_RF_Vp_1,,INCONCLUSIVE,FLAT,MODERATE,INCONCLUSIVE,EXISTING_ONLY
single_parameter,MEASURE_ET_CapFICBRGM_0,,INCONCLUSIVE,FLAT,MODERATE,WEAK,EXISTING_ONLY
single_parameter,MEASURE_ET_DC_SEC_X_Ron_FPSD3p2,,INCONCLUSIVE,FLAT,INCONCLUSIVE,STRONG,EXISTING_ONLY
single_parameter,GATE2_CD_358nm_Gate_Leg_Length,,INCONCLUSIVE,FLAT,INCONCLUSIVE,INCONCLUSIVE,INCONCLUSIVE_BOTH
single_parameter,MEASURE_ET_DC_SEC_X_Vg_at_I1_pos_SD3p5,,INCONCLUSIVE,FLAT,STRONG,STRONG,EXISTING_ONLY
single_parameter,MEASURE_ET_DC_SMALL_Idss,,INCONCLUSIVE,FLAT,STRONG,STRONG,EXISTING_ONLY
single_parameter,BRGM_ET_Rsh_F_AB_2,,INCONCLUSIVE,FLAT,STRONG,MODERATE,EXISTING_ONLY
single_parameter,FIC_ET_TANR,,INCONCLUSIVE,FLAT,INCONCLUSIVE,INCONCLUSIVE,INCONCLUSIVE_BOTH
single_parameter,MEASURE_ET_DC_RD_Vg_Vbon_min,,INCONCLUSIVE,FLAT,INCONCLUSIVE,MODERATE,EXISTING_ONLY
single_parameter,MEASURE_ET_DC_RF_CF_S12_Ph_L1002,,INCONCLUSIVE,FLAT,WEAK,INCONCLUSIVE,INCONCLUSIVE_BOTH
single_parameter,THIN_Measure1GN_Thickness_after_bonding,,INCONCLUSIVE,FLAT,INCONCLUSIVE,WEAK,INCONCLUSIVE_BOTH
single_parameter,MEASURE_ET_TF_AB_2,,INCONCLUSIVE,FLAT,STRONG,MODERATE,EXISTING_ONLY
single_parameter,TOPSIN_ET_DC_SMALL_Vp_1,,INCONCLUSIVE,FLAT,INCONCLUSIVE,MODERATE,EXISTING_ONLY
single_parameter,TOPSIN_ET_sh_f_tn_23,,INCONCLUSIVE,FLAT,MODERATE,WEAK,EXISTING_ONLY
single_parameter,MEASURE_ET_DC_SEC_S_Ig_cut1_mAmm_neg,,INCONCLUSIVE,FLAT,STRONG,INCONCLUSIVE,EXISTING_ONLY
single_parameter,MEASURE_ET_RF_Modeling_S21ang_10GHz,,INCONCLUSIVE,FLAT,WEAK,WEAK,INCONCLUSIVE_BOTH
single_parameter,THIN_ET_DC_RF_Vg_max_Vd_0p1mA,,INCONCLUSIVE,FLAT,STRONG,STRONG,EXISTING_ONLY
single_parameter,MEASURE_ET_Vp_1,,INCONCLUSIVE,FLAT,STRONG,INCONCLUSIVE,EXISTING_ONLY
single_parameter,MEASURE_ET_RF_Modeling_Vd_set,,INCONCLUSIVE,FLAT,STRONG,INCONCLUSIVE,EXISTING_ONLY
single_parameter,THIN_Measure4_Wafer_thickness_final,,INCONCLUSIVE,INCONCLUSIVE,INCONCLUSIVE,MODERATE,EXISTING_ONLY
single_parameter,MEASURE_ET_DC_SEC_X_Id_mA_mm_at_Vg2,,INCONCLUSIVE,FLAT,INCONCLUSIVE,INCONCLUSIVE,INCONCLUSIVE_BOTH
single_parameter,THIN_ET_DC_RF_Vp_01,,INCONCLUSIVE,FLAT,WEAK,WEAK,INCONCLUSIVE_BOTH
single_parameter,ANODE_ET_Ran_con_1_OW_CR,,INCONCLUSIVE,FLAT,INCONCLUSIVE,MODERATE,EXISTING_ONLY
single_parameter,SIN_GATE_ET_R214,,INCONCLUSIVE,FLAT,STRONG,MODERATE,EXISTING_ONLY
single_parameter,MEASURE_ET_DC_SEC_S_Id_mA_mm_at_Vg1,,INCONCLUSIVE,FLAT,STRONG,STRONG,EXISTING_ONLY
single_parameter,MEASURE_ET_DC_RF_Imax_W,,INCONCLUSIVE,FLAT,STRONG,MODERATE,EXISTING_ONLY
single_parameter,FMESA_Height_Fmesa_Height,,INCONCLUSIVE,FLAT,STRONG,INCONCLUSIVE,EXISTING_ONLY
single_parameter,MEASURE_ET_DC_SMALL_Vt_gd,,INCONCLUSIVE,FLAT,STRONG,INCONCLUSIVE,EXISTING_ONLY
single_parameter,MEASURE_ET_DC_RF_Vg_gm_max,,INCONCLUSIVE,FLAT,STRONG,INCONCLUSIVE,EXISTING_ONLY
single_parameter,FIC_ET_TR_1F,,INCONCLUSIVE,FLAT,STRONG,INCONCLUSIVE,EXISTING_ONLY
single_parameter,TOPSIN_ET_OHMC_GN,,INCONCLUSIVE,FLAT,INCONCLUSIVE,MODERATE,EXISTING_ONLY
single_parameter,SIN_ET_DC_RF_Gm_0,,INCONCLUSIVE,FLAT,STRONG,INCONCLUSIVE,EXISTING_ONLY
single_parameter,MEASURE_ET_CapM1BRGM_0,,INCONCLUSIVE,FLAT,WEAK,INCONCLUSIVE,INCONCLUSIVE_BOTH
single_parameter,TOPSIN_ET_DC_RF_Gm_m0p2,,INCONCLUSIVE,FLAT,STRONG,STRONG,EXISTING_ONLY
single_parameter,THIN_ET_R_f_tn_1,,INCONCLUSIVE,FLAT,WEAK,INCONCLUSIVE,INCONCLUSIVE_BOTH
single_parameter,MEASURE_ET_RF_Modeling_Vd_stress,,INCONCLUSIVE,FLAT,STRONG,MODERATE,EXISTING_ONLY
single_parameter,MEASURE_ET_VIA_KLV_8p5,,INCONCLUSIVE,FLAT,MODERATE,WEAK,EXISTING_ONLY
single_parameter,WIN_WIN_Alignment_WIN_to_FIN_Alignment,,INCONCLUSIVE,FLAT,STRONG,INCONCLUSIVE,EXISTING_ONLY
single_parameter,FIN_CD1_CD_PL_FIN,,INCONCLUSIVE,FLAT,INCONCLUSIVE,WEAK,INCONCLUSIVE_BOTH
single_parameter,FIC_ET_Vg_gm_max,,INCONCLUSIVE,FLAT,WEAK,INCONCLUSIVE,INCONCLUSIVE_BOTH
single_parameter,MEASURE_ET_DC_SEC_S_Ids_max,,INCONCLUSIVE,FLAT,STRONG,INCONCLUSIVE,EXISTING_ONLY
single_parameter,MEASURE_ET_C100C385pf,,INCONCLUSIVE,FLAT,INCONCLUSIVE,MODERATE,EXISTING_ONLY
single_parameter,MEASURE_ET_DC_SEC_X_Vg_at_I3_neg_FPSD3p2,,INCONCLUSIVE,FLAT,INCONCLUSIVE,MODERATE,EXISTING_ONLY
single_parameter,MEASURE_ET_DC_SEC_S_Ig_cut1_mAmm_pos_FPSD3p2,,INCONCLUSIVE,FLAT,INCONCLUSIVE,MODERATE,EXISTING_ONLY
single_parameter,BPLATE_Height_BPLATE_metal_thickness,,INCONCLUSIVE,FLAT,WEAK,WEAK,INCONCLUSIVE_BOTH
single_parameter,SIN_Thickness_RefractiveIndex,,INCONCLUSIVE,FLAT,INCONCLUSIVE,WEAK,INCONCLUSIVE_BOTH
single_parameter,SIN_GATE_ET_sh_GA142_GN,,INCONCLUSIVE,FLAT,INCONCLUSIVE,INCONCLUSIVE,INCONCLUSIVE_BOTH
single_parameter,TOPSIN_ET_DC_SMALL_Vbin_gs,,INCONCLUSIVE,FLAT,INCONCLUSIVE,MODERATE,EXISTING_ONLY
single_parameter,TOPSIN_ET_DC_SMALL_Ids_m0p2,,INCONCLUSIVE,FLAT,MODERATE,MODERATE,EXISTING_ONLY
single_parameter,ANODE_ET_Ran_con_2,,INCONCLUSIVE,FLAT,INCONCLUSIVE,INCONCLUSIVE,INCONCLUSIVE_BOTH
single_parameter,MEASURE_ET_DC_SEC_S_Vp_1_mA_mm,,INCONCLUSIVE,FLAT,WEAK,MODERATE,EXISTING_ONLY
single_parameter,MEASURE_ET_RF_Modeling_Rgd,,INCONCLUSIVE,FLAT,INCONCLUSIVE,MODERATE,EXISTING_ONLY
single_parameter,MEASURE_ET_CapFICM1,,INCONCLUSIVE,FLAT,STRONG,INCONCLUSIVE,EXISTING_ONLY
single_parameter,MEASURE_ET_DC_Big_Vp_01,,INCONCLUSIVE,FLAT,INCONCLUSIVE,WEAK,INCONCLUSIVE_BOTH
single_parameter,MEASURE_ET_C300FM1,,INCONCLUSIVE,FLAT,STRONG,MODERATE,EXISTING_ONLY
single_parameter,MEASURE_ET_Vk,,INCONCLUSIVE,FLAT,STRONG,WEAK,EXISTING_ONLY
single_parameter,THIN_ET_R_f_hr_3,,INCONCLUSIVE,FLAT,STRONG,MODERATE,EXISTING_ONLY
single_parameter,GATE2_CD_310nm_Gate_Leg_Length,,INCONCLUSIVE,FLAT,INCONCLUSIVE,INCONCLUSIVE,INCONCLUSIVE_BOTH
single_parameter,MEASURE_ET_DC_Big_Vp_1,,INCONCLUSIVE,FLAT,WEAK,INCONCLUSIVE,INCONCLUSIVE_BOTH
single_parameter,TOPSIN_ET_R114,,INCONCLUSIVE,FLAT,STRONG,MODERATE,EXISTING_ONLY
single_parameter,CHRE_ET_Ids_Channel_recess_current,,INCONCLUSIVE,FLAT,INCONCLUSIVE,WEAK,INCONCLUSIVE_BOTH
single_parameter,MEASURE_ET_DC_RF_Gm_0_W,,INCONCLUSIVE,FLAT,STRONG,INCONCLUSIVE,EXISTING_ONLY
single_parameter,BRGM_ET_ABVIETCH,,INCONCLUSIVE,FLAT,STRONG,WEAK,EXISTING_ONLY
single_parameter,TFRP_ET_Probe_Number,,INCONCLUSIVE,FLAT,WEAK,INCONCLUSIVE,INCONCLUSIVE_BOTH
single_parameter,MEASURE_ET_DC_Big_S22dB_10GHz,,INCONCLUSIVE,FLAT,STRONG,INCONCLUSIVE,EXISTING_ONLY
single_parameter,TOPSIN_ET_ABVIETCH,,INCONCLUSIVE,FLAT,STRONG,MODERATE,EXISTING_ONLY
single_parameter,Technology_PHEMT_0_35um,,INCONCLUSIVE,FLAT,not_tested,not_tested,INCONCLUSIVE_BOTH
single_parameter,CHRE_CD_2_Channel_recess_CD_Etch,,INCONCLUSIVE,FLAT,INCONCLUSIVE,INCONCLUSIVE,INCONCLUSIVE_BOTH
single_parameter,TFRP_ET_TF_AB_1,,INCONCLUSIVE,FLAT,WEAK,MODERATE,EXISTING_ONLY
single_parameter,TOPSIN_ThicknessGN_RefractiveIndex,,INCONCLUSIVE,FLAT,INCONCLUSIVE,WEAK,INCONCLUSIVE_BOTH
single_parameter,MEASURE_ET_C300M1B,,INCONCLUSIVE,FLAT,MODERATE,INCONCLUSIVE,EXISTING_ONLY
single_parameter,FIC_ET_DC_RF_Vp_01,,INCONCLUSIVE,FLAT,INCONCLUSIVE,MODERATE,EXISTING_ONLY
single_parameter,GATE2_CD_Gate_Win_Length,,INCONCLUSIVE,FLAT,INCONCLUSIVE,WEAK,INCONCLUSIVE_BOTH
single_parameter,MEASURE_ET_DC_SEC_X_Vg_at_I3_pos_SD3p5,,INCONCLUSIVE,FLAT,WEAK,MODERATE,EXISTING_ONLY
single_parameter,SIN_ET_DC_RF_Vds_max_0p1,,INCONCLUSIVE,FLAT,MODERATE,WEAK,EXISTING_ONLY
single_parameter,MEASURE_ET_Vg_gm_max,,INCONCLUSIVE,FLAT,STRONG,WEAK,EXISTING_ONLY
single_parameter,MEASURE_ET_DC_SEC_X_Vg_at_I2_pos_SD3p5,,INCONCLUSIVE,FLAT,STRONG,INCONCLUSIVE,EXISTING_ONLY
single_parameter,TOPSIN_ET_DC_SMALL_Imax,,INCONCLUSIVE,FLAT,STRONG,MODERATE,EXISTING_ONLY
single_parameter,FIC_ET_Gm_max,,INCONCLUSIVE,INCONCLUSIVE,STRONG,MODERATE,EXISTING_ONLY
single_parameter,SIN_ET_DC_RF_Vboff,,INCONCLUSIVE,FLAT,STRONG,INCONCLUSIVE,EXISTING_ONLY
single_parameter,SIN_CAPACITOR_ThicknessGN1_RefractiveIndex,,INCONCLUSIVE,FLAT,INCONCLUSIVE,INCONCLUSIVE,INCONCLUSIVE_BOTH
single_parameter,TOPSIN_ET_C100C385pf,,INCONCLUSIVE,FLAT,INCONCLUSIVE,MODERATE,EXISTING_ONLY
single_parameter,BRGM_ET_lkg_SY8_80,,INCONCLUSIVE,FLAT,STRONG,MODERATE,EXISTING_ONLY
single_parameter,MEASURE_ET_DC_RF_CF_S22_Mag_L1002,,INCONCLUSIVE,FLAT,STRONG,MODERATE,EXISTING_ONLY
single_parameter,MEASURE_ET_DC_SEC_S_Ig_cut3_mAmm_neg_FPSD3p2,,INCONCLUSIVE,FLAT,WEAK,MODERATE,EXISTING_ONLY
single_parameter,MEASURE_ET_DC_Big_S22ang_10GHz,,INCONCLUSIVE,FLAT,MODERATE,MODERATE,EXISTING_ONLY
single_parameter,MEASURE_ET_RF_Modeling_Gm_0_W,,INCONCLUSIVE,FLAT,STRONG,WEAK,EXISTING_ONLY
single_parameter,GATE2_CD_330nm_Gate_Win_Length,,INCONCLUSIVE,FLAT,WEAK,INCONCLUSIVE,INCONCLUSIVE_BOTH
single_parameter,MEASURE_ET_DC_SEC_X_Vp_1_mA_mm_second_SD3p5,,INCONCLUSIVE,FLAT,MODERATE,INCONCLUSIVE,EXISTING_ONLY
single_parameter,BRGM_ET_i5021_2,,INCONCLUSIVE,FLAT,WEAK,INCONCLUSIVE,INCONCLUSIVE_BOTH
single_parameter,MEASURE_ET_DC_Stress_Ig_max_before,,INCONCLUSIVE,FLAT,INCONCLUSIVE,WEAK,INCONCLUSIVE_BOTH
single_parameter,ANODE_ET_Ran_con_3_OW_CR,,INCONCLUSIVE,FLAT,WEAK,INCONCLUSIVE,INCONCLUSIVE_BOTH
single_parameter,THIN_ET_R_f_hr_2,,INCONCLUSIVE,FLAT,WEAK,INCONCLUSIVE,INCONCLUSIVE_BOTH
single_parameter,TFRP_ET_TF_AB_3,,INCONCLUSIVE,FLAT,INCONCLUSIVE,MODERATE,EXISTING_ONLY
single_parameter,MEASURE_ET_DC_RD_Vbon_max,,INCONCLUSIVE,INCONCLUSIVE,MODERATE,INCONCLUSIVE,EXISTING_ONLY
single_parameter,THIN_ET_R214,,INCONCLUSIVE,FLAT,STRONG,WEAK,EXISTING_ONLY
2way,ANODE_ET_Rsh_an_ct2,SIN_CAPACITOR_ThicknessGN1_RefractiveIndex,INCONCLUSIVE,,,not_confirmed_in_v5,INCONCLUSIVE_BOTH
2way,MEASURE_ET_DC_SEC_X_Vp_1_mA_mm_second,SIN_Thickness_RefractiveIndex,INCONCLUSIVE,,,not_confirmed_in_v5,INCONCLUSIVE_BOTH
2way,FIC_ET_DC_PIV_Ids0_QP1,SIN_GATE_ET_Ran_con_2,INCONCLUSIVE,,,not_confirmed_in_v5,INCONCLUSIVE_BOTH
2way,MEASURE_ET_DC_SEC_S_Vg_at_I2_pos_SD3p5,TOPSIN_ET_CapFICBRGM,INCONCLUSIVE,,,not_confirmed_in_v5,INCONCLUSIVE_BOTH
2way,SIN_ET_DC_RF_Vg_max_Vd_0p1mA,TOPSIN_ThicknessGN_SiN_Thickness,INCONCLUSIVE,,,not_confirmed_in_v5,INCONCLUSIVE_BOTH
2way,SIN_ET_DC_RF_Vdg_max,THIN_ET_Ran_con_1,INCONCLUSIVE,,,not_confirmed_in_v5,INCONCLUSIVE_BOTH
2way,FIC_ET_Ig_mAmm_at_Vd_cond,MEASURE_ET_R_f_tn_2,INCONCLUSIVE,,,not_confirmed_in_v5,INCONCLUSIVE_BOTH
2way,TOPSIN_ET_Load_Pull_Id_SS,BRGM_Cd_Metal_BRGM_Final_metal_CD,INCONCLUSIVE,,,not_confirmed_in_v5,INCONCLUSIVE_BOTH
2way,FIC_ET_Ig_mAmm_at_Vd_cond,BMETAL1_Height_Metal1_metal_thickness,INCONCLUSIVE,,,not_confirmed_in_v5,INCONCLUSIVE_BOTH
2way,MEASURE_ET_Ran_con_3,MEASURE_ET_TR_1F,INCONCLUSIVE,,,not_confirmed_in_v5,INCONCLUSIVE_BOTH
2way,MEASURE_ET_DC_SEC_X_Vg_at_I2_neg_FPSD3p2,MEASURE_ET_RF_Modeling_Ld,INCONCLUSIVE,,,not_confirmed_in_v5,INCONCLUSIVE_BOTH
2way,MEASURE_ET_DC_SEC_S_Id_at_Vboff_mA_mm,MEASURE_ET_LT_SEC_Vg_Id_min_Vd3,INCONCLUSIVE,,,not_confirmed_in_v5,INCONCLUSIVE_BOTH
2way,FIC_ET_DC_RF_Vp_1,SIN_Thickness_RefractiveIndex,INCONCLUSIVE,,,not_confirmed_in_v5,INCONCLUSIVE_BOTH
2way,MEASURE_ET_DC_SEC_S_Vp_1_mA_mm_first_FPSD3p2,SIN_Thickness_RefractiveIndex,INCONCLUSIVE,,,not_confirmed_in_v5,INCONCLUSIVE_BOTH
2way,MEASURE_ET_C175pf_0,TOPSIN_ET_Load_Pull_GL_meas,INCONCLUSIVE,,,not_confirmed_in_v5,INCONCLUSIVE_BOTH
