raw_csv_parameter_name,shap_importance,gain_importance,permutation_importance,shap_rank,gain_rank,permutation_rank,shap_percentile,gain_percentile,permutation_percentile,percentile_spread,method_agreement
MEASURE_ET_lkg_50_at20V,0.2615197568609086,16336.802742958069,0.7440567600028656,1,1,1,100.0,100.0,100.0,0.0,high_agreement
MEASURE_ET_DC_Stress_Id_stress_before,0.1585621716690072,5088.21239510295,0.2910232402260632,2,4,2,99.9298245614035,99.78947368421053,99.9298245614035,0.14035087719297223,high_agreement
TOPSIN_ET_C100Cap1pf,0.1390522866148446,2976.0492626712658,0.1943713327176678,3,6,5,99.85964912280701,99.64912280701755,99.71929824561403,0.21052631578946546,high_agreement
THIN_ET_lkg_10,0.1345743044673854,10044.15697529912,0.2864239835065382,4,2,3,99.78947368421053,99.9298245614035,99.85964912280701,0.14035087719297223,high_agreement
TOPSIN_ET_DC_PIV_Drain_Lag_0,0.0999630234708172,994.4292937517166,0.1737315894614662,5,15,7,99.71929824561403,99.01754385964912,99.57894736842105,0.7017543859649038,high_agreement
MEASURE_ET_ABVIETCH,0.0974542682911811,2153.8434967808425,0.1313808375208693,6,8,8,99.64912280701755,99.50877192982456,99.50877192982456,0.14035087719298645,high_agreement
MEASURE_ET_LT_SEC_Ileak_m5p5V_mA_mm,0.0946471979831895,5437.752337677404,0.1802907854287458,7,3,6,99.57894736842105,99.85964912280701,99.64912280701755,0.2807017543859587,high_agreement
MEASURE_ET_DC_Big_S12dB_10GHz,0.0768284453008101,2213.5661956071854,0.122253215991886,8,7,9,99.50877192982456,99.57894736842105,99.43859649122807,0.14035087719298645,high_agreement
TOPSIN_ET_Rc_f_tn_23,0.0729809720484013,4515.182514190674,0.2114709691162854,9,5,4,99.43859649122807,99.71929824561403,99.78947368421053,0.3508771929824661,high_agreement
MEASURE_ET_DC_RF2_MAG_26GHz,0.0526877329719272,708.0588943908224,0.0440309702563574,10,22,16,99.36842105263159,98.52631578947368,98.94736842105263,0.8421052631579045,high_agreement
FIC_ET_DC_RF_Vbgs_0p01,0.0520211938235182,1014.5986879453994,0.067175130868786,11,13,11,99.29824561403508,99.1578947368421,99.29824561403508,0.14035087719298645,high_agreement
MEASURE_ET_DC_RF2_S22dB_26GHz,0.0469256020554259,1004.329426586628,0.0642859153294075,12,14,12,99.2280701754386,99.08771929824562,99.2280701754386,0.14035087719298645,high_agreement
ANODE_ET_Rc_an_ct2_OW_CR,0.044774010089927,956.129500414012,0.0740633294242345,13,17,10,99.1578947368421,98.87719298245614,99.36842105263159,0.49122807017545256,high_agreement
MEASURE_ET_DC_SMALL_Ids_m0p2,0.0434136205779195,938.9502329230309,0.0539573280617991,14,19,14,99.08771929824562,98.73684210526315,99.08771929824562,0.3508771929824661,high_agreement
OHMIC_ET_Rsh_an_ct2,0.0416941990627304,305.0406645173207,0.0390623563630009,15,52,18,99.01754385964912,96.42105263157895,98.80701754385966,2.596491228070178,high_agreement
MEASURE_ET_CapPARCAP_0,0.0401043061047139,951.8922111131252,0.0386978070349159,16,18,19,98.94736842105263,98.80701754385966,98.73684210526315,0.21052631578947967,high_agreement
MEASURE_ET_Rc_an_ct2_OW_CR,0.0379951414446535,1746.5578130427748,0.0518546026516508,17,10,15,98.87719298245614,99.36842105263159,99.01754385964912,0.49122807017545256,high_agreement
TOPSIN_ET_C100Cap2pf,0.0357591351477172,870.2120211571455,0.0336496232262775,18,20,24,98.80701754385966,98.66666666666667,98.3859649122807,0.42105263157895934,high_agreement
MEASURE_ET_C200_0,0.0346205883640293,1819.623069763184,0.0622206547701581,19,9,13,98.73684210526315,99.43859649122807,99.1578947368421,0.701754385964918,high_agreement
TOPSIN_ET_lkg_5,0.032482316801222,178.01288544619456,0.0343319413410057,20,91,22,98.66666666666667,93.6842105263158,98.52631578947368,4.982456140350877,high_agreement
MEASURE_ET_DC_RF_K_W,0.0323394855862418,423.9522243067622,0.0296780163110369,21,39,25,98.59649122807016,97.33333333333334,98.3157894736842,1.2631578947368212,high_agreement
SIN_ET_DC_RF_Vbin_gs,0.0310815301341377,652.4994018217549,0.0372174133243241,22,23,21,98.52631578947368,98.45614035087719,98.59649122807016,0.14035087719297223,high_agreement
MEASURE_ET_DC_RF_CF_S12_Mag_L1002,0.0301200053062158,438.148019248154,0.0209929318688444,23,35,31,98.45614035087719,97.6140350877193,97.89473684210527,0.8421052631578902,high_agreement
MEASURE_ET_LT_SEC_Ileak_m10p5V_mA_mm,0.0299435689211054,641.8707096576691,0.0381963200177022,24,24,20,98.3859649122807,98.3859649122807,98.66666666666667,0.2807017543859729,high_agreement
TOPSIN_ET_Cap3pf_0,0.0269594399492433,551.5279976876918,0.0224615770171833,25,29,30,98.3157894736842,98.03508771929825,97.96491228070175,0.3508771929824519,high_agreement
MEASURE_ET_DC_Big_Vg_optt2,0.0258978250514711,507.27167695760727,0.0284085902661707,26,32,26,98.24561403508771,97.82456140350877,98.24561403508771,0.4210526315789451,high_agreement
MEASURE_ET_DC_RF2_S21ang_26GHz,0.0255234005326018,514.112112481147,0.0240500420195967,27,31,29,98.17543859649123,97.89473684210527,98.03508771929825,0.2807017543859587,high_agreement
MEASURE_ET_VIA_KLV,0.0250029961310693,617.9740306586027,0.0254942166389214,28,27,28,98.10526315789474,98.17543859649123,98.10526315789474,0.07017543859649322,high_agreement
MEASURE_ET_DC_RF_Min_S21_Freq_L1018,0.0244263779425227,349.0839923109161,0.0163778520228642,29,43,35,98.03508771929825,97.05263157894737,97.6140350877193,0.9824561403508767,high_agreement
TOPSIN_ET_R_f_hr_3,0.0232568802767655,618.5068105692044,0.0338426361984425,30,26,23,97.96491228070175,98.24561403508771,98.45614035087719,0.49122807017543835,high_agreement
FIC_ET_G_per_25,0.0214815986907183,1107.0983757451177,0.0395879868310542,31,12,17,97.89473684210527,99.2280701754386,98.87719298245614,1.3333333333333286,high_agreement
TOPSIN_ET_Cap3pf,0.0208079285870868,589.1757863424718,0.0165213004388008,32,28,34,97.82456140350877,98.10526315789474,97.68421052631578,0.42105263157895934,high_agreement
CATHODE_ET_Rcat_cn_2,0.0207265616665401,344.9686164758168,0.0159761122234255,33,45,36,97.75438596491229,96.91228070175438,97.54385964912281,0.8421052631579045,high_agreement
THIN_ET_lkg_100_at20V,0.0202211984017789,428.1331046130508,0.0184088881039112,34,37,33,97.68421052631578,97.47368421052632,97.75438596491229,0.2807017543859729,high_agreement
MaskSetSupplyChipsCount,0.0194435454486644,974.577676013112,0.0264102231300453,35,16,27,97.6140350877193,98.94736842105263,98.17543859649123,1.3333333333333286,high_agreement
THIN_ET_Rcat_cn_1,0.0182539089434629,285.21732393768616,0.01324643217998,36,54,38,97.54385964912281,96.28070175438597,97.40350877192982,1.2631578947368354,high_agreement
THIN_ET_TF_AB_1,0.0175378584844694,425.55396750569344,0.0131541481628254,37,38,39,97.47368421052632,97.40350877192982,97.33333333333334,0.14035087719297223,high_agreement
ANODE_ET_Ran_con_1,0.0166763933052352,269.1309053786099,0.0086716008158253,38,57,54,97.40350877192982,96.0701754385965,96.28070175438597,1.3333333333333286,high_agreement
MEASURE_ET_DC_RF_Max_S11_Ph_L2180,0.0165114355613237,264.1783226286061,0.0119390558863376,39,60,41,97.33333333333334,95.85964912280703,97.19298245614036,1.473684210526315,high_agreement
MEASURE_ET_RF_Modeling_S21_25G_Before,0.0162132361498115,243.90799552435053,0.0121148016700455,40,66,40,97.26315789473684,95.43859649122807,97.26315789473684,1.824561403508767,high_agreement
MEASURE_ET_DC_Diode_S11_dB_forw,0.0155000554338503,90.30714475736022,0.0148258973666258,41,162,37,97.19298245614036,88.70175438596492,97.47368421052632,8.771929824561397,high_agreement
MEASURE_ET_DC_Diode_Rs_9p5,0.0150285126529885,166.34742149990052,0.0091478825218023,42,101,49,97.12280701754385,92.98245614035088,96.63157894736842,4.140350877192972,high_agreement
SIN_ET_lkg_SY07_10,0.0149183110763025,1394.6356340646744,0.0084597533081747,43,11,57,97.05263157894737,99.29824561403508,96.0701754385965,3.2280701754385888,high_agreement
FIC_ET_lkg_SY8_80,0.0145570792758533,334.49976912140846,0.0088771582246534,44,46,51,96.98245614035088,96.84210526315789,96.49122807017544,0.49122807017543835,high_agreement
FIC_ET_Gm_max,0.0142074244079882,742.3915553037077,0.0190181896070233,45,21,32,96.91228070175438,98.59649122807016,97.82456140350877,1.6842105263157805,high_agreement
MEASURE_ET_DC_SEC_X_Ig_cut1_mAmm_pos,0.0133696267667207,201.5787452985533,0.0118162509634944,46,78,42,96.84210526315789,94.59649122807018,97.12280701754385,2.5263157894736707,high_agreement
THIN_ET_Rc_OG142,0.0133629492993054,191.2584072947502,0.0100509645116726,47,81,45,96.7719298245614,94.38596491228071,96.91228070175438,2.5263157894736707,high_agreement
MEASURE_ET_DC_RF_Vbon_min,0.0133393833144553,53.48123121261597,0.0077841823155291,48,221,60,96.7017543859649,84.56140350877193,95.85964912280703,12.140350877192972,moderate_agreement
MEASURE_ET_DC_SEC_X_Vg_at_I1_pos_SD3p5,0.0131176574861694,328.8368298858404,0.0100466717719009,49,48,46,96.63157894736842,96.7017543859649,96.84210526315789,0.21052631578946546,high_agreement
FIC_ET_Probe_Number,0.0125449150211175,42.66515237092972,0.0090853640364256,50,243,50,96.56140350877193,83.01754385964912,96.56140350877193,13.543859649122808,moderate_agreement
MEASURE_ET_Cap3pf_0,0.0121435646655354,222.81459876243025,0.0086508903330677,51,74,56,96.49122807017544,94.87719298245614,96.14035087719299,1.6140350877193015,high_agreement
ANODE_ET_Rc_an_ct2,0.0121359614984151,228.89849553164092,0.0073989785678929,52,69,61,96.42105263157895,95.22807017543859,95.78947368421052,1.1929824561403564,high_agreement
MEASURE_ET_DC_RF_CF_S11_Ph_L2180,0.0118530813875386,122.95078317262232,0.0057477634766573,53,122,76,96.35087719298245,91.50877192982456,94.73684210526316,4.84210526315789,high_agreement
TOPSIN_ET_Load_Pull_P.A.E_Last,0.0116526815918841,132.3726260010153,0.0056440963804687,54,113,77,96.28070175438597,92.14035087719297,94.66666666666667,4.140350877193001,high_agreement
FIC_ET_Bad_Gates,0.011633851007155,93.74240660341457,0.0087984933846993,55,156,53,96.21052631578947,89.12280701754386,96.35087719298245,7.228070175438589,high_agreement
MEASURE_ET_RF_Modeling_Cgd_err,0.0113801765275704,190.82233841135167,0.0069176095344481,56,82,64,96.14035087719299,94.3157894736842,95.57894736842105,1.8245614035087812,high_agreement
FIC_ET_sh_f_tn_23,0.0113559911466402,80.7901158016175,0.0047388106961379,57,168,93,96.0701754385965,88.28070175438596,93.54385964912281,7.7894736842105345,high_agreement
SIN_GATE_ET_Ran_con_2,0.0113306880747793,235.0016587721766,0.0053939283451245,58,67,82,96.0,95.36842105263158,94.3157894736842,1.6842105263157947,high_agreement
TOPSIN_ET_DC_SMALL_Vbgd_0p1,0.011193125918716,255.40399932861328,0.0058708130424524,59,63,71,95.9298245614035,95.64912280701753,95.08771929824562,0.8421052631578902,high_agreement
MEASURE_ET_DC_SEC_X_Id_at_Vboff_mA_mm_SD3p5,0.0111549485830974,229.4307551998645,0.0088687632498142,60,68,52,95.85964912280703,95.29824561403508,96.42105263157895,1.1228070175438631,high_agreement
TOPSIN_ET_R414,0.011131271778698,432.0143377701752,0.0108300644622421,61,36,43,95.78947368421052,97.54385964912281,97.05263157894737,1.754385964912288,high_agreement
MEASURE_ET_C300,0.0106529756339458,534.5589382541366,0.0101377536573095,62,30,44,95.71929824561404,97.96491228070175,96.98245614035088,2.245614035087712,high_agreement
MEASURE_ET_HIRS,0.0105038949017759,102.56298437528312,0.0063625297047916,63,143,67,95.64912280701753,90.03508771929825,95.36842105263158,5.614035087719287,high_agreement
MEASURE_ET_RF_Modeling_S12ang_10GHz,0.0105028148413286,94.6165719749406,0.0073689140970528,64,153,62,95.57894736842105,89.33333333333333,95.71929824561404,6.385964912280713,high_agreement
MEASURE_ET_DC_Stress_Id_max_Ig_after,0.0103407141472777,346.1006689071655,0.0094578429695937,65,44,48,95.50877192982456,96.98245614035088,96.7017543859649,1.473684210526315,high_agreement
MEASURE_ET_DC_SEC_X_Ig_mAmm_at_Vg_cond_neg,0.0102859506584215,116.20303002675064,0.0050951035459068,66,127,88,95.43859649122807,91.15789473684211,93.89473684210526,4.280701754385959,high_agreement
MEASURE_ET_RF_Modeling_Gm,0.010086163840111,188.36399841308597,0.004705178030363,67,84,95,95.36842105263158,94.17543859649122,93.40350877192982,1.9649122807017534,high_agreement
TOPSIN_ET_DC_RF_Vds_max,0.0100591404895309,295.01334571652114,0.0052068833181209,68,53,84,95.29824561403508,96.35087719298245,94.17543859649122,2.175438596491233,high_agreement
MEASURE_ET_RGAN1,0.0100257337373423,260.84601982310414,0.0044427869295957,69,62,99,95.22807017543859,95.71929824561404,93.12280701754386,2.596491228070178,high_agreement
MEASURE_ET_RF_Modeling_Ft,0.009865885805636,96.52086838893592,0.0038371018556612,70,151,109,95.15789473684211,89.47368421052632,92.42105263157895,5.684210526315795,high_agreement
MEASURE_ET_USV_Cappf,0.0098420790142271,77.30516160838306,0.0057973261878486,71,173,72,95.08771929824562,87.9298245614035,95.01754385964912,7.15789473684211,high_agreement
MEASURE_ET_DC_SEC_X_Ig_cut1_mAmm_pos_FPSD3p2,0.0098279937609775,63.487754735630006,0.0048318259517208,72,197,92,95.01754385964912,86.24561403508773,93.61403508771929,8.771929824561397,high_agreement
TOPSIN_ET_sh_f_tn_23,0.0094747934655444,637.1021835147403,0.0100187992398507,73,25,47,94.94736842105263,98.3157894736842,96.7719298245614,3.368421052631575,high_agreement
FIC_ET_DC_RF_Vbgs1,0.0094514085115886,142.37326383590698,0.0055881052140394,74,110,79,94.87719298245614,92.35087719298245,94.52631578947368,2.526315789473685,high_agreement
MEASURE_ET_LT_SEC_Vbgd1_Vd7,0.0094316636112339,275.8045537327416,0.0073009207888248,75,56,63,94.80701754385964,96.14035087719299,95.64912280701753,1.3333333333333428,high_agreement
MEASURE_ET_DC_SEC_Ids_min_ON,0.0092703601187313,364.7627715638373,0.0066020283205307,76,41,65,94.73684210526316,97.19298245614036,95.50877192982456,2.4561403508771917,high_agreement
MEASURE_ET_DC_SEC_S_Id_mA_mm_at_Vg3_FPSD3p2,0.0092619627355763,329.21470832824707,0.0086638762443641,77,47,55,94.66666666666667,96.7719298245614,96.21052631578947,2.1052631578947256,high_agreement
MEASURE_ET_DC_SEC_X_Id_plus_Ig_at_Vboff_mA_mm_FPSD3p2,0.0091762574548363,327.7109655290842,0.0082152783989335,78,49,58,94.59649122807018,96.63157894736842,96.0,2.0350877192982466,high_agreement
MEASURE_ET_RF_Modeling_S21_19G_After,0.0091121052121076,149.25360114872456,0.0051596742764364,79,106,85,94.52631578947368,92.63157894736842,94.10526315789474,1.8947368421052602,high_agreement
MEASURE_ET_Load_Pull_Pout_W_mm_last,0.0088440966490419,103.27766103763132,0.0035973136730911,80,141,117,94.45614035087719,90.17543859649123,91.85964912280701,4.280701754385959,high_agreement
THIN_ET_i5021_2,0.0087272278531159,252.353830806911,0.0043811045885491,81,64,100,94.38596491228071,95.57894736842105,93.05263157894737,2.526315789473685,high_agreement
TOPSIN_ET_DC_SMALL_Vt_gs,0.0086150348098525,164.45527436491102,0.0020034688219129,82,102,185,94.3157894736842,92.91228070175438,87.08771929824562,7.228070175438589,high_agreement
SIN_GATE_ET_Rc_an_ct2,0.0085396407961979,64.01623335108161,0.0031304461766428,83,196,129,94.24561403508773,86.31578947368422,91.01754385964912,7.929824561403507,high_agreement
MEASURE_ET_C100CapPARCAP,0.0083127377303069,278.3622055053711,0.0077933495652576,84,55,59,94.17543859649122,96.21052631578947,95.9298245614035,2.0350877192982466,high_agreement
SIN_ET_DC_RF_Vp_1,0.0082447083596006,172.1808400824666,0.0047346829605917,85,94,94,94.10526315789474,93.47368421052632,93.47368421052632,0.6315789473684248,high_agreement
MEASURE_ET_RGAN2,0.0081713956588245,116.14221153408288,0.0051539617861412,86,128,86,94.03508771929825,91.08771929824562,94.03508771929825,2.94736842105263,high_agreement
MEASURE_ET_Vbkdn_Cap100,0.008133647338632,172.09374237060547,0.0054916459500988,87,95,81,93.96491228070175,93.40350877192982,94.38596491228071,0.9824561403508909,high_agreement
MEASURE_ET_lkg_CapFICBRGM,0.0081216098537335,77.03150177001953,0.0037861481708542,88,174,110,93.89473684210526,87.85964912280701,92.35087719298245,6.035087719298247,high_agreement
THIN_ET_C_AN_2,0.0080968515986901,151.87673091888428,0.0053264217529753,89,104,83,93.82456140350877,92.77192982456141,94.24561403508773,1.473684210526315,high_agreement
MEASURE_ET_Vbpin,0.0080253168161832,319.8988769166172,0.0059178594794731,90,50,70,93.75438596491227,96.56140350877193,95.15789473684211,2.807017543859658,high_agreement
MEASURE_ET_Load_Pull_GL_set,0.0079837630697995,155.51571716368198,0.0056239650739723,91,103,78,93.6842105263158,92.84210526315789,94.59649122807018,1.754385964912288,high_agreement
TOPSIN_ET_CapPARCAP_0,0.0079797586055369,168.14143539220095,0.0026475897865789,92,97,145,93.61403508771929,93.26315789473685,89.89473684210526,3.719298245614027,high_agreement
MEASURE_ET_DC_SEC_Vgs_0p5V,0.0079215675873372,183.80813727434725,0.0039213682658088,93,88,107,93.54385964912281,93.89473684210526,92.56140350877193,1.3333333333333286,high_agreement
ANODE_ET_Ran_con_3,0.0078847120895506,207.3318967819214,0.0025480143096524,94,76,148,93.47368421052632,94.73684210526316,89.6842105263158,5.05263157894737,high_agreement
MEASURE_ET_R_f_hr_3,0.0077870631570858,485.9765173497144,0.0038667159275428,95,33,108,93.40350877192982,97.75438596491229,92.49122807017544,5.26315789473685,high_agreement
MEASURE_ET_DC_RF_Vbgs_0p1,0.0076973539059016,261.43173167062923,0.003387089864844,96,61,123,93.33333333333333,95.78947368421052,91.43859649122807,4.350877192982452,high_agreement
MEASURE_ET_DC_SEC_X_Ig_cut2_mAmm_neg,0.007683419057677,223.909806933254,0.0050015911109172,97,72,89,93.26315789473685,95.01754385964912,93.82456140350877,1.7543859649122737,high_agreement
TOPSIN_ET_CapUSV_0,0.0075701105975392,308.43208738428075,0.0042748243566308,98,51,101,93.19298245614036,96.49122807017544,92.98245614035088,3.5087719298245617,high_agreement
MEASURE_ET_Rc_OG142_GN,0.0075193516736305,226.98169875028543,0.0032206754587751,99,70,126,93.12280701754386,95.15789473684211,91.22807017543859,3.929824561403521,high_agreement
MEASURE_ET_R414,0.007454832890332,142.38040660740808,0.0037587137326333,100,109,112,93.05263157894737,92.42105263157895,92.21052631578948,0.8421052631578902,high_agreement
MaskSetName_MS_D,0.0073635787438538,128.0351862832904,0.0044986965465476,101,115,98,92.98245614035088,92.0,93.19298245614036,1.1929824561403564,high_agreement
MEASURE_ET_DC_RD_Vg_Vbon_min,0.0072318891562856,93.53032550029457,0.00040955101597,102,158,416,92.91228070175438,88.98245614035088,70.87719298245614,22.035087719298247,moderate_agreement
MEASURE_ET_DC_SEC_Vgs_0p1V,0.0071221910595347,57.35815082490444,0.0034891391191852,103,213,118,92.84210526315789,85.12280701754385,91.78947368421053,7.719298245614041,high_agreement
FIC_ET_R_f_tn_2,0.0070118602382782,6.639212268404663,0.0045885834989338,104,432,97,92.77192982456141,69.75438596491227,93.26315789473685,23.508771929824576,moderate_agreement
FIC_ET_DC_PIV_Drain_Lag_1,0.0070087680615412,354.59881257265806,0.0033897708107292,105,42,122,92.7017543859649,97.12280701754385,91.50877192982456,5.614035087719287,high_agreement
MEASURE_ET_C385pf,0.0068821583501216,61.53560454619583,0.005137821550891,106,202,87,92.63157894736842,85.89473684210527,93.96491228070175,8.070175438596479,high_agreement
MEASURE_ET_Vbkdn_Cap100_Long,0.0068334956107475,442.9930114746094,0.0066004424236806,107,34,66,92.56140350877193,97.68421052631578,95.43859649122807,5.122807017543849,high_agreement
FIN_FIN_Alignment_FIN_to_ohmic_alignment,0.0067939812552528,167.01442044973373,0.0041982444049042,108,100,102,92.49122807017544,93.05263157894737,92.91228070175438,0.5614035087719316,high_agreement
MEASURE_ET_DC_PIV_Ids0_QP1,0.0067906412429938,248.72643120586872,0.0034036542592381,109,65,121,92.42105263157895,95.50877192982456,91.57894736842105,3.9298245614035068,high_agreement
MEASURE_ET_DC_SMALL_Vbgs_0p01,0.0067070093662806,109.26514999615029,0.0027849384163263,110,133,140,92.35087719298245,90.73684210526316,90.24561403508771,2.10526315789474,high_agreement
MEASURE_ET_DC_RF_CF_S11_Ph_L1002,0.006690475340724,178.4534130450338,0.0034349684890364,111,90,119,92.28070175438596,93.75438596491227,91.71929824561403,2.0350877192982466,high_agreement
MEASURE_ET_DC_RF_Vboff,0.0066349828902689,34.107175063341856,0.0029697157947952,112,273,132,92.21052631578948,80.91228070175438,90.80701754385964,11.298245614035096,moderate_agreement
MEASURE_ET_Load_Pull_Gss,0.0065562028411704,43.99688437953591,0.0022710935608011,113,240,163,92.14035087719297,83.22807017543859,88.63157894736841,8.912280701754383,high_agreement
MEASURE_ET_DC_SEC_X_Vg_at_I3_pos,0.0064929182417378,40.65684456750751,0.0027464436536749,114,250,142,92.0701754385965,82.52631578947368,90.10526315789474,9.543859649122808,high_agreement
MEASURE_ET_DC_RF_S11ang_26GHz,0.0064485951044395,200.02698104502636,0.0048475268287598,115,79,91,92.0,94.52631578947368,93.6842105263158,2.526315789473685,high_agreement
MEASURE_ET_C_CAT_2,0.0063488683341949,147.96955654025078,0.0028332477504973,116,107,138,91.9298245614035,92.56140350877193,90.3859649122807,2.175438596491233,high_agreement
MEASURE_ET_RF_Modeling_Mag_d,0.0063338836566501,190.68464923696592,0.0019589856382694,117,83,192,91.85964912280701,94.24561403508773,86.59649122807018,7.649122807017548,high_agreement
MEASURE_ET_DC_RF_Max_S11_Freq_L2180,0.0063251724874269,46.557403567712754,0.0025323673868577,118,234,149,91.78947368421053,83.64912280701755,89.6140350877193,8.140350877192986,high_agreement
ANODE_ET_Probe_Number,0.0061462629615926,267.8959200009704,0.0059432301448084,119,58,69,91.71929824561403,96.0,95.22807017543859,4.280701754385973,high_agreement
FIC_ET_DC_RF_Vg_max_Vd,0.0061101806586724,223.62944987043736,0.0057644823467246,120,73,75,91.64912280701755,94.94736842105263,94.80701754385964,3.298245614035082,high_agreement
MEASURE_ET_DC_RF_S11dB_10GHz,0.0060062306119002,111.71452020388097,0.0049005723932614,121,130,90,91.57894736842105,90.94736842105263,93.75438596491227,2.8070175438596436,high_agreement
MEASURE_ET_DC_RF_Max_S11_Ph_L1018,0.0059518358945297,219.45612689107656,0.0030341619328372,122,75,131,91.50877192982456,94.80701754385964,90.87719298245614,3.9298245614035068,high_agreement
SIN_GATE_ET_sh_GA144,0.0058653527597215,46.2522714138031,0.0024021072912525,123,235,156,91.43859649122807,83.57894736842105,89.12280701754386,7.8596491228070136,high_agreement
THIN_ET_R_4000_HOR,0.0058300824106114,79.40356721542776,0.0014685769702145,124,170,219,91.36842105263158,88.14035087719299,84.70175438596492,6.666666666666657,high_agreement
THIN_ET_Rc_an_ct2_OW_CR,0.0058083788222679,99.95578813552856,0.0031894867075724,125,146,128,91.2982456140351,89.82456140350877,91.08771929824562,1.4736842105263293,high_agreement
MEASURE_ET_LT_SEC_Id_min_mA_mm,0.0057029816935312,66.48139709234238,0.0028962387431842,126,192,137,91.22807017543859,86.59649122807018,90.45614035087719,4.631578947368411,high_agreement
THIN_ET_DC_RF_Vg_optt1,0.0056261236154726,117.2603281326592,0.0039227425903856,127,125,106,91.15789473684211,91.2982456140351,92.63157894736842,1.473684210526315,high_agreement
FIC_ET_DC_RF_Vbgs_0p1,0.0055699762267059,28.16743773315102,0.0039888145125283,128,293,104,91.08771929824562,79.50877192982456,92.77192982456141,13.26315789473685,moderate_agreement
MEASURE_ET_DC_RD_K,0.005511666110585,61.034447996877134,0.0039588786449676,129,204,105,91.01754385964912,85.75438596491229,92.7017543859649,6.947368421052616,high_agreement
TOPSIN_ET_DC_SMALL_Vbgs1,0.005456937018897,125.7080304576084,0.0030483579693424,130,118,130,90.94736842105263,91.78947368421053,90.94736842105263,0.8421052631579045,high_agreement
THIN_ET_sh_f_hr_23,0.0054301429923692,61.65493390709162,0.002078750002986,131,201,175,90.87719298245614,85.96491228070175,87.78947368421053,4.9122807017543835,high_agreement
MEASURE_ET_RF_Modeling_S22ang_10GHz,0.0053155944896995,57.65035831183195,0.0055186362618221,132,212,80,90.80701754385964,85.19298245614036,94.45614035087719,9.263157894736835,high_agreement
TOPSIN_ET_C175pf,0.0053133500369224,29.70002648304217,0.0014507823985892,133,284,221,90.73684210526316,80.14035087719297,84.56140350877193,10.596491228070192,moderate_agreement
SIN_GATE_ET_RGAN2,0.0052764940259206,111.36675732408185,0.0020136926909778,134,132,183,90.66666666666666,90.80701754385964,87.2280701754386,3.5789473684210407,high_agreement
MEASURE_ET_DC_SEC_S_Id_mA_mm_at_Vg3_SD3p5,0.0052526684626355,206.65284705162048,0.0061260820082511,135,77,68,90.59649122807018,94.66666666666667,95.29824561403508,4.701754385964904,high_agreement
MEASURE_ET_DC_SEC_Id_gm_max,0.0051736202039957,72.94150025770068,0.0025754670560589,136,181,147,90.52631578947368,87.36842105263159,89.75438596491227,3.1578947368420955,high_agreement
TOPSIN_ET_C100CapPARCAP,0.0051164452286166,44.087927386164665,0.0024777274058745,137,239,151,90.45614035087719,83.2982456140351,89.47368421052632,7.1578947368420955,high_agreement
MEASURE_ET_DC_RF_CF_S21_Mag_L1018,0.0051089599598972,127.2290654736571,0.002411599055375,138,117,155,90.3859649122807,91.85964912280701,89.19298245614034,2.6666666666666714,high_agreement
MEASURE_ET_RF_Modeling_Ls,0.0050788421212531,113.322381851729,0.0016661026634229,139,129,207,90.31578947368422,91.01754385964912,85.54385964912281,5.473684210526315,high_agreement
TFRP_ET_Rc_TF_AB_2,0.0050707471677456,37.5960841323249,0.0016659348589437,140,259,208,90.24561403508771,81.89473684210526,85.47368421052632,8.350877192982452,high_agreement
TOPSIN_ET_R_f_hr_2,0.0050532692694737,103.18766419915482,0.0029131265403039,141,142,136,90.17543859649123,90.10526315789474,90.52631578947368,0.4210526315789451,high_agreement
MEASURE_ET_DC_SEC_X_Vboff_Id,0.0049984939446573,27.90996626392007,0.0021686498027219,142,297,169,90.10526315789474,79.2280701754386,88.21052631578948,10.877192982456137,moderate_agreement
MEASURE_ET_DC_SEC_X_Ids_max_norm_FPSD3p2,0.0049233018012292,103.38551661372183,0.0026985983916048,143,140,144,90.03508771929825,90.24561403508771,89.96491228070175,0.2807017543859587,high_agreement
MEASURE_ET_R_f_tn_1,0.0049214036375118,17.722686886787415,0.0023816625428819,144,342,158,89.96491228070175,76.0701754385965,88.98245614035088,13.89473684210526,moderate_agreement
MEASURE_ET_DC_RF_Vg_Vbon_min,0.0049032742120825,58.72623959276825,0.0019164592884098,145,208,197,89.89473684210526,85.47368421052632,86.24561403508773,4.421052631578945,high_agreement
TOPSIN_ET_DC_RF_Vt_gd,0.0049024379149138,86.3651321453508,0.0014709281820677,146,165,218,89.82456140350877,88.49122807017544,84.77192982456141,5.052631578947356,high_agreement
MEASURE_ET_DC_RF2_S11dB_26GHz,0.0048797917706322,392.6519273389131,0.0029367990816396,147,40,134,89.75438596491227,97.26315789473684,90.66666666666666,7.508771929824562,high_agreement
MEASURE_ET_RF_Modeling_Fmax,0.0047982122361571,224.82319730520248,0.0046894569565826,148,71,96,89.6842105263158,95.08771929824562,93.33333333333333,5.403508771929822,high_agreement
MEASURE_ET_DC_RF_Vt_gd,0.0047597197966073,56.25648502539843,0.0023436855328174,149,214,160,89.6140350877193,85.05263157894737,88.8421052631579,4.561403508771932,high_agreement
MEASURE_ET_DC_SMALL_Vdg_max_0p1,0.0047521213946606,123.90794173441827,0.0029365415636696,150,120,135,89.54385964912281,91.64912280701755,90.59649122807018,2.10526315789474,high_agreement
THIN_ET_Rcat_cn_1_OW_ST,0.0047479856652902,94.3980594277382,0.0025068263551697,151,154,150,89.47368421052632,89.26315789473685,89.54385964912281,0.2807017543859587,high_agreement
MEASURE_ET_DC_SEC_S_Ig_mAmm_at_Vg_cond_pos_SD3p5,0.0047410171339999,267.51880916696973,0.0035983559965357,152,59,116,89.40350877192984,95.9298245614035,91.9298245614035,6.526315789473671,high_agreement
TOPSIN_ET_Cap1pf_0,0.0047319698504669,99.75820261868648,0.0014138973144024,153,147,227,89.33333333333333,89.75438596491227,84.14035087719299,5.614035087719287,high_agreement
THIN_ET_DC_RF_Vbgs_0p01,0.0047202870738836,194.84296138118955,0.0037708500655076,154,80,111,89.26315789473685,94.45614035087719,92.28070175438596,5.192982456140342,high_agreement
MEASURE_ET_DC_Stress_Vp_after,0.004719194855298,123.78836107254028,0.0036970479310497,155,121,113,89.19298245614034,91.57894736842105,92.14035087719297,2.94736842105263,high_agreement
MEASURE_ET_DC_RF_Vbgs1,0.0047104842121002,79.67987976898439,0.0010166339196727,156,169,268,89.12280701754386,88.21052631578948,81.26315789473684,7.859649122807028,high_agreement
MEASURE_ET_C20_0,0.004657785109572,172.43927812576294,0.0057899633808063,157,93,73,89.05263157894737,93.54385964912281,94.94736842105263,5.89473684210526,high_agreement
MEASURE_ET_DC_SEC_X_Id_mA_mm_at_Vg3_FPSD3p2,0.0046511737898646,111.65340169426054,0.0020920245168383,158,131,174,88.98245614035088,90.87719298245614,87.85964912280701,3.0175438596491233,high_agreement
OHMIC_Thickness_SiN_Thickness,0.0046077161592445,22.992514945100996,0.0010170739975725,159,313,267,88.91228070175438,78.10526315789474,81.33333333333333,10.807017543859644,moderate_agreement
MEASURE_ET_DC_RF_S11dB_26GHz,0.0046060974505249,167.86737349629402,0.0057891310851458,160,98,74,88.8421052631579,93.19298245614036,94.87719298245614,6.035087719298232,high_agreement
MEASURE_ET_DC_SEC_X_Ig_cut1_mAmm_pos_SD3p5,0.0045969380518078,83.53803370473906,0.0017122891799753,161,167,205,88.7719298245614,88.35087719298245,85.68421052631578,3.0877192982456165,high_agreement
MEASURE_ET_DC_Big_Vg_max_Vd,0.0045737660792528,64.30098585202359,0.002805851264352,162,195,139,88.70175438596492,86.3859649122807,90.31578947368422,3.929824561403521,high_agreement
MEASURE_ET_DC_RF_Gm_max_W,0.004566002046833,186.5189971923828,0.0008819904818502,163,85,284,88.63157894736841,94.10526315789474,80.14035087719297,13.964912280701768,moderate_agreement
TOPSIN_ET_Load_Pull_Gain_comp_Last,0.0045527745929683,91.28743053413928,0.001969452673988,164,161,190,88.56140350877193,88.7719298245614,86.73684210526315,2.0350877192982466,high_agreement
MEASURE_ET_C300_0,0.0045482378817083,32.49490199517459,0.0016200977318024,165,276,209,88.49122807017544,80.70175438596492,85.40350877192982,7.78947368421052,high_agreement
TOPSIN_ET_Vds_max,0.0045063266451634,13.36543970555067,0.001937502645382,166,368,194,88.42105263157895,74.24561403508771,86.45614035087719,14.175438596491233,moderate_agreement
MEASURE_ET_Rcat_cn_3,0.0044916610750312,53.046826243400574,0.0010287546872887,167,224,264,88.35087719298245,84.35087719298245,81.54385964912281,6.807017543859644,high_agreement
MEASURE_ET_DC_RF_S12dB_10GHz,0.0044620242088091,28.438566736876965,0.0020041793375345,168,291,184,88.28070175438596,79.64912280701755,87.1578947368421,8.63157894736841,high_agreement
MEASURE_ET_DC_Big_MAG_10GHz,0.0044507807018411,127.5462977560237,0.0014812904344486,169,116,217,88.21052631578948,91.9298245614035,84.84210526315789,7.0877192982456165,high_agreement
MEASURE_ET_RF_Modeling_R_Gs,0.0044368471712256,4.397428374039009,0.002426245433244,170,465,153,88.14035087719299,67.43859649122808,89.33333333333333,21.894736842105246,moderate_agreement
MEASURE_ET_LT_SEC_Vbgd1_Vd8,0.0044202616446337,132.80960634350777,0.0022756102345082,171,112,162,88.0701754385965,92.21052631578948,88.70175438596492,4.1403508771929864,high_agreement
MEASURE_ET_DC_RF_S22dB_26GHz_W,0.0044124206946373,37.15572257293388,0.0027763884596215,172,261,141,88.0,81.75438596491227,90.17543859649123,8.42105263157896,high_agreement
SIN_ET_DC_RF_Vg_optt2,0.004321757063253,107.85974232433364,0.0020147374833384,173,134,182,87.9298245614035,90.66666666666666,87.29824561403508,3.368421052631575,high_agreement
MEASURE_ET_DC_RD_S22ang_18GHz,0.0043133647132997,10.476716557517648,0.0021034272436422,174,394,173,87.85964912280701,72.42105263157895,87.9298245614035,15.508771929824562,moderate_agreement
MEASURE_ET_DC_RF_S11dB_26GHz_W,0.0042557859878523,71.84564100205898,0.0021144463840285,175,183,171,87.78947368421053,87.2280701754386,88.0701754385965,0.8421052631578902,high_agreement
MEASURE_ET_DC_SEC_Vboff_2_1,0.0042458880083054,83.86349046230316,0.003366111768765,176,166,124,87.71929824561404,88.42105263157895,91.36842105263158,3.649122807017534,high_agreement
TOPSIN_ET_DC_RF_Vg_max_Vd,0.0042427170080571,64.40503910928965,0.0012693871325182,177,194,237,87.64912280701755,86.45614035087719,83.43859649122807,4.21052631578948,high_agreement
MEASURE_ET_DC_RF2_Ft,0.004231595665784,3.2790385026019067,0.0014497017786572,178,484,222,87.57894736842105,66.10526315789474,84.49122807017544,21.473684210526315,moderate_agreement
TOPSIN_ET_C300_0,0.0042027284883048,97.98674388974904,0.0032320414549707,179,149,125,87.50877192982456,89.6140350877193,91.2982456140351,3.7894736842105345,high_agreement
THIN_ET_DC_RF_Vg_optt2,0.0041429446605462,104.25700378417967,0.0031996053490761,180,138,127,87.43859649122807,90.3859649122807,91.15789473684211,3.7192982456140413,high_agreement
TOPSIN_ET_Ids_m2,0.0041086521035668,101.13468461786395,0.0014613264832375,181,144,220,87.36842105263159,89.96491228070175,84.63157894736842,5.333333333333329,high_agreement
TFRP_ET_Rsh_TFR2,0.0040484111918712,94.331449277699,0.0029440765637728,182,155,133,87.29824561403508,89.19298245614034,90.73684210526316,3.4385964912280826,high_agreement
ANODE_ET_Ran_con_2_OW_CR,0.004032015603156,48.81615187448915,0.0020366533805607,183,231,180,87.2280701754386,83.85964912280701,87.43859649122807,3.578947368421055,high_agreement
MEASURE_ET_LT_SEC_Vd_Id_min,0.0039496018341886,13.343214688589796,0.0020576312054906,184,370,177,87.1578947368421,74.10526315789474,87.64912280701755,13.543859649122808,moderate_agreement
MEASURE_ET_DC_Big_S12ang_10GHz,0.0039125818065333,37.79442675411701,0.0017258589129136,185,258,203,87.08771929824562,81.96491228070175,85.82456140350877,5.122807017543863,high_agreement
MEASURE_ET_DC_RF_CF_S21_Mag_L1002,0.0038843933075921,116.8130329202395,0.0013440878572152,186,126,231,87.01754385964912,91.22807017543859,83.85964912280701,7.368421052631575,high_agreement
TOPSIN_ET_DC_RF_Idss,0.0038831210087988,168.91104181599803,0.0040337378788094,187,96,103,86.94736842105263,93.33333333333333,92.84210526315789,6.3859649122806985,high_agreement
MEASURE_ET_DC_SEC_X_Id_plus_Ig_at_Vboff_mA_mm,0.0038088883991448,71.73419337323867,0.0014399547504988,188,184,223,86.87719298245614,87.1578947368421,84.42105263157896,2.736842105263136,high_agreement
MEASURE_ET_C300FM1,0.0037980102618954,167.83274591714144,0.0034138376535476,189,99,120,86.80701754385964,93.12280701754386,91.64912280701755,6.3157894736842195,high_agreement
TOPSIN_ET_Cap_C300,0.0037435412905859,106.67714249715208,0.0020543738127262,190,136,178,86.73684210526315,90.52631578947368,87.57894736842105,3.7894736842105345,high_agreement
MEASURE_ET_DC_SEC_X_Ids_max_norm_SD3p5,0.0036949998121452,103.95494737150148,0.0013697914683949,191,139,230,86.66666666666667,90.31578947368422,83.9298245614035,6.385964912280713,high_agreement
TOPSIN_ET_DC_RF_Vbgs1,0.0036943131338789,141.8744749110192,0.001549021280868,192,111,212,86.59649122807018,92.28070175438596,85.19298245614036,7.087719298245602,high_agreement
MEASURE_ET_DC_SEC_X_Ig_cut1_mAmm_neg,0.003691422870603,61.51988788507879,0.0017274295548141,193,203,201,86.52631578947368,85.82456140350877,85.96491228070175,0.701754385964918,high_agreement
MEASURE_ET_DC_RF_CF_S22_Ph_L1018,0.0036120911639697,104.62621907703578,0.0022556073920909,194,137,164,86.45614035087719,90.45614035087719,88.56140350877193,4.0,high_agreement
MEASURE_ET_DC_Diode_S21_dB_forw_9p5,0.0036099715340928,69.92856316780671,0.0015371369846953,195,186,213,86.3859649122807,87.01754385964912,85.12280701754385,1.8947368421052744,high_agreement
MEASURE_ET_RF_Modeling_MAG_19G_Before,0.00350844111034,58.118487312458456,0.0009312708672207,196,210,280,86.31578947368422,85.33333333333333,80.42105263157895,5.894736842105274,high_agreement
FIC_ET_DC_PIV_Gate_Lag_1,0.0034867376756369,40.31609159708023,0.0022855399789742,197,251,161,86.24561403508773,82.45614035087719,88.7719298245614,6.315789473684205,high_agreement
MEASURE_ET_Rc_cat_ct2_OW_ST,0.0034677577868543,92.04537736997008,0.0010458286728719,198,159,259,86.17543859649123,88.91228070175438,81.89473684210526,7.017543859649123,high_agreement
SIN_ET_DC_RF_Vbgs1,0.0034615179337464,78.21792526729405,0.0023959262668574,199,172,157,86.10526315789474,88.0,89.05263157894737,2.94736842105263,high_agreement
THIN_ET_DC_RF_Vg_optt3,0.0034306443807042,70.04405402392149,0.0021824220838998,200,185,168,86.03508771929825,87.08771929824562,88.28070175438596,2.245614035087712,high_agreement
MEASURE_ET_RF_Modeling_Tau_err,0.0034276000628305,34.93418025970459,0.0008322786246969,201,268,296,85.96491228070175,81.26315789473684,79.2982456140351,6.666666666666657,high_agreement
MEASURE_ET_DC_SEC_S_Id_mA_mm_at_Vg1_FPSD3p2,0.0034100586684177,15.142806432209907,0.0022314350934828,202,351,167,85.89473684210527,75.43859649122807,88.35087719298245,12.912280701754383,moderate_agreement
MEASURE_ET_DC_Big_S11dB_10GHz,0.0033780728140354,146.1588436937891,0.0005032700078618,203,108,381,85.82456140350877,92.49122807017544,73.33333333333334,19.157894736842096,moderate_agreement
TOPSIN_ET_lkg_C450pf,0.0033779785500426,55.6112071312964,0.0009934491315196,204,215,273,85.75438596491229,84.98245614035088,80.91228070175438,4.8421052631579045,high_agreement
TOPSIN_ET_DC_SMALL_Vbgs_0p1,0.0033447139823524,74.80753661436029,0.0011754058845599,205,177,246,85.68421052631578,87.64912280701755,82.80701754385966,4.84210526315789,high_agreement
THIN_ET_C200_0,0.0033008405242927,129.22932735609356,0.00361714399761,206,114,115,85.6140350877193,92.0701754385965,92.0,6.456140350877192,high_agreement
MEASURE_ET_DC_RF_CF_S11_Mag_L2180,0.0032965925177431,150.9696418675594,0.0013044342030415,207,105,234,85.54385964912281,92.7017543859649,83.64912280701755,9.052631578947356,high_agreement
MEASURE_ET_lkg_C500pf,0.0032874272282311,46.76775580644608,0.0012338838945779,208,233,241,85.47368421052632,83.71929824561404,83.15789473684211,2.3157894736842053,high_agreement
FIC_ET_DC_RF_Vds_max_0p1,0.0032798935098929,54.57857411913574,0.0022446290001669,209,216,166,85.40350877192982,84.91228070175438,88.42105263157895,3.5087719298245617,high_agreement
MEASURE_ET_Rc_cat_ct2,0.0032417268994751,35.66166302096099,0.0019413238837699,210,265,193,85.33333333333333,81.47368421052632,86.52631578947368,5.05263157894737,high_agreement
MEASURE_ET_DC_RF2_S11ang_26GHz,0.0032415090254888,26.509358756244183,0.0015029683574568,211,304,214,85.26315789473684,78.73684210526316,85.05263157894737,6.526315789473671,high_agreement
TOPSIN_ET_C500pf_0,0.0032060167472842,40.81077057879884,0.0019906859942757,212,249,187,85.19298245614036,82.59649122807018,86.94736842105263,4.350877192982452,high_agreement
TOPSIN_ET_DC_RF_Gm_max,0.0031947964597449,60.39820386562496,0.000656993307417,213,205,336,85.12280701754385,85.68421052631578,76.49122807017544,9.192982456140342,high_agreement
MEASURE_ET_C100CapFICBRGM,0.0031779393355514,174.1888926681131,0.0024524044158843,214,92,152,85.05263157894737,93.61403508771929,89.40350877192984,8.561403508771917,high_agreement
TOPSIN_ET_Rc_OG144,0.0031645857399899,96.99340057373048,0.0012351596516659,215,150,240,84.98245614035088,89.54385964912281,83.22807017543859,6.3157894736842195,high_agreement
MEASURE_ET_DC_SEC_S_Ig_cut3_mAmm_neg_SD3p5,0.003160041315028,121.47244479041548,0.0011220882719836,216,123,251,84.91228070175438,91.43859649122807,82.45614035087719,8.982456140350877,high_agreement
MEASURE_ET_TF_AB_2,0.0031488012301306,93.65270233154295,0.0012700634363654,217,157,236,84.84210526315789,89.05263157894737,83.50877192982455,5.5438596491228225,high_agreement
SIN_ET_Probe_Number,0.003130457603297,179.94080163398758,0.0036216617269513,218,89,114,84.77192982456141,93.82456140350877,92.0701754385965,9.052631578947356,high_agreement
MEASURE_ET_RF_Modeling_Rd,0.0031212918681237,58.31305583124049,0.0008625483489643,219,209,286,84.70175438596492,85.40350877192982,80.0,5.403508771929822,high_agreement
MEASURE_ET_RF_Modeling_S11ang_10GHz,0.0031102860137617,53.810625665821135,0.0023715910375793,220,220,159,84.63157894736842,84.63157894736842,88.91228070175438,4.280701754385959,high_agreement
TOPSIN_ET_DC_SMALL_Vbin_gd,0.003093695261246,69.5150056690909,0.0012520295922228,221,188,238,84.56140350877193,86.87719298245614,83.36842105263158,3.5087719298245617,high_agreement
MEASURE_ET_DC_RF_Vg_Vbon_max,0.0030866624254657,1.0570328559260815,0.0003385933285926,222,566,437,84.49122807017544,60.35087719298245,69.40350877192982,24.140350877192986,moderate_agreement
FIC_ET_Gm_m2,0.0030839598025638,185.2607955932617,0.0024130817014189,223,86,154,84.42105263157896,94.03508771929825,89.26315789473685,9.614035087719287,high_agreement
TOPSIN_ET_DC_SMALL_Vds_max,0.003070502211258,54.12283197231591,0.0017260316255356,224,218,202,84.35087719298245,84.77192982456141,85.89473684210527,1.5438596491228225,high_agreement
MEASURE_ET_DC_RF_Vbgs_0p01,0.0030504473609397,18.80116963386536,0.0020455976042866,225,334,179,84.28070175438597,76.63157894736841,87.50877192982456,10.877192982456151,moderate_agreement
MEASURE_ET_DC_RF_S12dB_26GHz_W,0.0030485122664738,91.6538687152788,0.000588648866425,226,160,357,84.21052631578947,88.8421052631579,75.01754385964912,13.824561403508781,moderate_agreement
FIC_ET_DC_PIV_Ids1_QP3,0.0030261115623244,52.95814038102981,0.0022531229656502,227,225,165,84.14035087719299,84.28070175438597,88.49122807017544,4.350877192982452,high_agreement
MEASURE_ET_DC_Diode_S11_dB_rev,0.003005604703521,31.69168559089303,0.0014317075058208,228,278,226,84.0701754385965,80.56140350877193,84.21052631578947,3.649122807017534,high_agreement
MEASURE_ET_DC_RF_CF_S22_Ph_L1002,0.0030051974420655,100.21341924346052,0.0008089367751988,229,145,304,84.0,89.89473684210526,78.73684210526316,11.157894736842096,moderate_agreement
SIN_GATE_ET_lkg_5,0.0030003848104908,69.58851979998872,0.0001587489167302,230,187,534,83.9298245614035,86.94736842105263,62.596491228070185,24.350877192982445,moderate_agreement
TOPSIN_ET_Load_Pull_Pout_W_mm_last,0.0029991364174954,29.523803495336324,-2.0105370793371825e-05,231,286,1329,83.85964912280701,80.0,6.807017543859651,77.05263157894737,low_agreement
MEASURE_ET_DC_RF_Min_S21_Ph_L1002,0.0029876140563962,43.05697971675545,0.001020241353744,232,242,265,83.78947368421052,83.08771929824562,81.47368421052632,2.3157894736842053,high_agreement
THIN_ET_R_400_VER,0.002963918493076,42.52338193962351,0.0014042408442041,233,244,229,83.71929824561404,82.94736842105263,84.0,1.05263157894737,high_agreement
MaskSetName_MS_A,0.0029494802638535,19.374271124601364,0.0013236994895097,234,333,233,83.64912280701755,76.70175438596492,83.71929824561404,7.017543859649123,high_agreement
TOPSIN_ET_HIRS,0.0029129650197451,73.39602884138003,0.0019941086360229,235,178,186,83.57894736842105,87.57894736842105,87.01754385964912,4.0,high_agreement
TOPSIN_ET_DC_PIV_Ids1_QP3,0.0029071233970806,57.7134122797288,0.001552841879608,236,211,211,83.50877192982455,85.26315789473684,85.26315789473684,1.754385964912288,high_agreement
FIC_ET_lkg_5,0.0029011177829488,73.0325984954834,0.0011515081525245,237,179,247,83.43859649122807,87.50877192982456,82.73684210526315,4.771929824561411,high_agreement
MEASURE_ET_LT_SEC_Vd_Id_min_Vd7,0.0028763056002802,11.629836007021368,0.0017220647138404,238,385,204,83.36842105263158,73.05263157894737,85.75438596491229,12.701754385964918,moderate_agreement
MEASURE_ET_DC_SEC_S_Ron_SD3p5,0.0028223507083358,28.885320908389986,0.000507947196473,239,287,379,83.2982456140351,79.9298245614035,73.47368421052632,9.824561403508781,high_agreement
MEASURE_ET_DC_RF_S12ang_10GHz,0.0028105145331167,13.34905595332384,0.0020148854796776,240,369,181,83.22807017543859,74.17543859649123,87.36842105263159,13.192982456140356,moderate_agreement
THIN_ET_Rsh_TF_AB2,0.0027972034932307,43.60628576064482,0.000654083734259,241,241,338,83.15789473684211,83.15789473684211,76.35087719298245,6.807017543859658,high_agreement
MEASURE_ET_DC_RF_CF_S21_Ph_L1002,0.002780237498323,123.96219973033294,0.0027159128110986,242,119,143,83.08771929824562,91.71929824561403,90.03508771929825,8.63157894736841,high_agreement
EBCR2_CD_Gate_Leg_Length,0.0027646781500992,75.70090264081955,0.0003293703970473,243,175,440,83.01754385964912,87.78947368421053,69.19298245614036,18.596491228070178,moderate_agreement
MEASURE_ET_DC_RF_Max_S11_Ph_L1002,0.0027517193148989,12.65269758924842,0.0014353756008289,244,377,224,82.94736842105263,73.6140350877193,84.35087719298245,10.73684210526315,moderate_agreement
THIN_ET_Rc_f_hr_23,0.0027510895717368,78.64628086006269,0.0004579435259803,245,171,395,82.87719298245614,88.0701754385965,72.35087719298245,15.719298245614041,moderate_agreement
MEASURE_ET_DC_RD_S22dB_18GHz,0.002720104917966,32.0474157333374,0.0004845849309783,246,277,390,82.80701754385966,80.63157894736842,72.70175438596492,10.10526315789474,moderate_agreement
MEASURE_ET_DC_SEC_S_Ig_cut1_mAmm_neg_SD3p5,0.0027089315928879,24.17575739696622,0.0005891730625141,247,311,356,82.73684210526315,78.24561403508771,75.08771929824562,7.649122807017534,high_agreement
MEASURE_ET_DC_SMALL_Vds_max,0.0027051925634048,65.29907066887245,0.0007515669296733,248,193,318,82.66666666666667,86.52631578947368,77.75438596491229,8.771929824561397,high_agreement
FIC_ET_Rc_f_hr_23,0.0026922199182697,62.10655074147508,0.0005292846941038,249,200,371,82.59649122807018,86.03508771929825,74.03508771929825,12.0,moderate_agreement
MEASURE_ET_lkg_C300,0.002690683636004,89.44509887695312,0.000655271366393,250,164,337,82.52631578947368,88.56140350877193,76.42105263157895,12.140350877192986,moderate_agreement
MEASURE_ET_DC_SEC_S_Ig_cut1_mAmm_neg_FPSD3p2,0.0026862067768277,27.071145319379863,0.0011918558277749,251,300,245,82.45614035087719,79.01754385964912,82.87719298245614,3.8596491228070136,high_agreement
MEASURE_ET_Load_Pull_PhL_set,0.0026816974135377,38.04156925878488,0.0021204979172764,252,255,170,82.3859649122807,82.17543859649123,88.14035087719299,5.964912280701753,high_agreement
MEASURE_ET_R_f_hr_2,0.0026797336806991,59.42563066584989,0.000742049337399,253,207,321,82.3157894736842,85.54385964912281,77.54385964912281,8.0,high_agreement
MEASURE_ET_i5021_3,0.0026751622149096,90.08330051181838,0.0020722416103912,254,163,176,82.24561403508773,88.63157894736841,87.71929824561404,6.385964912280684,high_agreement
MEASURE_ET_DC_SEC_X_Vboff_Id_FPSD3p2,0.002665275448299,1.2009113314561546,0.00043814311644,255,556,402,82.17543859649123,61.05263157894737,71.85964912280703,21.122807017543863,moderate_agreement
MEASURE_ET_Cap2pf_0,0.0026540721881346,34.96916405297816,0.0007612652544236,256,267,316,82.10526315789474,81.33333333333333,77.89473684210526,4.21052631578948,high_agreement
MEASURE_ET_DC_SMALL_Vp_01,0.0026537306663767,41.85110092163086,0.0005300905748725,257,246,369,82.03508771929825,82.80701754385966,74.17543859649123,8.631578947368425,high_agreement
MEASURE_ET_DC_Diode_S21_dB_rev,0.0026340636439171,66.62365856510587,0.0019207494910284,258,191,196,81.96491228070175,86.66666666666667,86.31578947368422,4.701754385964918,high_agreement
SIN_ET_DC_RF_Gm_max,0.0026338004299716,27.86070377938449,0.0008220586876126,259,298,301,81.89473684210526,79.15789473684211,78.94736842105263,2.94736842105263,high_agreement
MEASURE_ET_C300M1B_0,0.0026279097216065,42.22823126614094,0.0006797588484926,260,245,330,81.82456140350878,82.87719298245614,76.91228070175438,5.964912280701753,high_agreement
MEASURE_ET_DC_SEC_S_Vboff_Id_plus_Ig_FPSD3p2,0.0025682122181682,51.33948003873229,0.0019744344135515,261,229,189,81.75438596491227,84.0,86.80701754385964,5.05263157894737,high_agreement
OHMIC_ET_OHMC,0.0025646175686274,5.142253085970879,0.0007859545218489,262,457,308,81.6842105263158,68.0,78.45614035087719,13.684210526315795,moderate_agreement
MEASURE_ET_C_AN_2_OW_CR,0.0025364162111364,20.1927071523387,0.0007843354062484,263,326,309,81.61403508771929,77.19298245614034,78.3859649122807,4.421052631578945,high_agreement
MEASURE_ET_DC_SEC_Vds_min_ON,0.0025342129678662,120.3034584899433,0.0019631435906821,264,124,191,81.54385964912281,91.36842105263158,86.66666666666667,9.824561403508767,high_agreement
FIC_ET_R_f_tn_1,0.0024919441969356,52.29104552604258,0.0010184736254426,265,227,266,81.47368421052632,84.14035087719299,81.40350877192982,2.7368421052631646,high_agreement
THIN_ET_C200,0.0024815698157755,20.76321118883789,0.0012203517064138,266,323,242,81.40350877192982,77.40350877192984,83.08771929824562,5.6842105263157805,high_agreement
THIN_ET_DC_RF_Vbgs_0p1,0.0024645992236419,62.57515680650249,0.0010414251228839,267,198,262,81.33333333333333,86.17543859649123,81.6842105263158,4.8421052631579045,high_agreement
EBCR2_ET_Ids_EBCR_recess_current,0.0024456288380653,1.0525444091763347,0.000742517147693,268,567,320,81.26315789473684,60.28070175438596,77.6140350877193,20.982456140350877,moderate_agreement
TOPSIN_ET_DC_RF_Vbin_gs,0.0024378691234862,22.370343048358336,0.0007701194713679,269,317,313,81.19298245614036,77.82456140350877,78.10526315789474,3.3684210526315894,high_agreement
MEASURE_ET_DC_RF_CF_S12_Mag_L2180,0.0024063006402754,38.83323111757636,0.0014352386817056,270,254,225,81.12280701754386,82.24561403508773,84.28070175438597,3.1578947368421098,high_agreement
THIN_ET_Cap20,0.0023997066695881,9.824720240198076,0.0013243811979922,271,401,232,81.05263157894737,71.9298245614035,83.78947368421052,11.859649122807014,moderate_agreement
TOPSIN_ET_C500pf,0.0023669802642,7.196151413023472,0.0008353273044121,272,424,294,80.98245614035088,70.3157894736842,79.43859649122807,10.666666666666671,moderate_agreement
MEASURE_ET_DC_SEC_Vp_10mA,0.0023611898242622,45.81574401259422,0.0010668194880734,273,237,257,80.91228070175438,83.43859649122807,82.03508771929825,2.526315789473685,high_agreement
MESA_Height_Mesa_Height,0.0023605963320256,46.22437516320497,0.0008360752229508,274,236,293,80.84210526315789,83.50877192982455,79.50877192982456,3.999999999999986,high_agreement
SIN_ET_DC_RF_Vbgs_0p01,0.0023566183448367,27.981633975170556,5.551666145794942e-06,275,295,912,80.77192982456141,79.36842105263158,36.07017543859649,44.70175438596492,low_agreement
MEASURE_ET_DC_SMALL_Vbgs_0p1,0.0023521732885557,28.528608759865165,0.001841269988328,276,289,199,80.70175438596492,79.78947368421052,86.10526315789474,6.3157894736842195,high_agreement
MEASURE_ET_RF_Modeling_Ld,0.0023517485991124,28.44112793565728,0.0005876421914241,277,290,358,80.63157894736842,79.71929824561403,74.94736842105263,5.684210526315795,high_agreement
THIN_ET_TF_AB_2,0.0023337533460278,34.850683230441064,0.0019773645791499,278,269,188,80.56140350877193,81.19298245614036,86.87719298245614,6.315789473684205,high_agreement
MEASURE_ET_DC_Big_S22ang_10GHz,0.0022721304222504,29.54790003155358,0.0009538198806611,279,285,277,80.49122807017544,80.0701754385965,80.63157894736842,0.5614035087719316,high_agreement
FIC_ET_Vds_max,0.0022640837515341,12.986833782983012,0.000554065488529,280,374,363,80.42105263157895,73.82456140350877,74.59649122807018,6.596491228070178,high_agreement
TOPSIN_ET_sh_GA144,0.0022635197947783,28.04854848980904,0.0007553240639235,281,294,317,80.35087719298247,79.43859649122807,77.82456140350877,2.526315789473699,high_agreement
MEASURE_ET_C300pf_0,0.0022448560999042,67.73956421017647,0.0018963490321938,282,190,198,80.28070175438596,86.73684210526315,86.17543859649123,6.456140350877192,high_agreement
MEASURE_ET_DC_RF_Idss_W,0.0022394493657313,52.50594534352422,0.0007767223010462,283,226,311,80.21052631578948,84.21052631578947,78.24561403508771,5.964912280701753,high_agreement
MESA_ET_Probe_Number,0.0022385324144757,30.44938069023192,0.0007691421111712,284,281,314,80.14035087719297,80.35087719298247,78.03508771929825,2.3157894736842195,high_agreement
TOPSIN_ET_CapFICM1,0.0022216194144549,9.015960877062753,0.0004714791363402,285,407,392,80.0701754385965,71.50877192982456,72.56140350877193,8.561403508771932,high_agreement
CATHODE_ET_Rcat_cn_3_OW_ST,0.0022141242601829,13.07452766597271,0.0004911177219466,286,372,386,80.0,73.96491228070175,72.98245614035088,7.017543859649123,high_agreement
FIC_ET_DC_PIV_Drain_Lag_0,0.0022046230665663,99.57719798735344,0.0011485186312116,287,148,248,79.9298245614035,89.6842105263158,82.66666666666667,9.754385964912288,high_agreement
MEASURE_ET_RF_Modeling_Rgs_err,0.002197282143737,0.3985234971041791,0.0003662025152738,288,651,429,79.85964912280701,54.385964912280706,69.96491228070175,25.473684210526308,low_agreement
MEASURE_ET_DC_RD_Ft,0.0021853599271637,30.167178374249488,0.0004856484246757,289,282,389,79.78947368421052,80.28070175438596,72.7719298245614,7.508771929824562,high_agreement
MEASURE_ET_LT_SEC_Ileak_m12p5V_mA_mm,0.0021771967968007,35.166910134255886,0.0006668935779124,290,266,333,79.71929824561403,81.40350877192982,76.70175438596492,4.701754385964904,high_agreement
MEASURE_ET_DC_SEC_S_Ids_max_norm,0.0021706654793462,27.653780341148376,0.000722181051966,291,299,322,79.64912280701755,79.08771929824562,77.47368421052632,2.175438596491233,high_agreement
THIN_ET_i5021_1,0.0021671999665384,7.068209290970117,0.0008044123107318,292,426,305,79.57894736842105,70.17543859649122,78.66666666666666,9.403508771929836,high_agreement
MEASURE_ET_DC_Big_Vg_max_Vd_0p1mA,0.0021664951345723,21.960641321726143,0.0008235892699361,293,318,299,79.50877192982456,77.75438596491229,79.08771929824562,1.7543859649122737,high_agreement
THIN_ET_KLV_F_AB_4u,0.002164040533776,107.07939477916808,0.0019290852481254,294,135,195,79.43859649122807,90.59649122807018,86.3859649122807,11.15789473684211,moderate_agreement
MEASURE_ET_DC_RF_Vdg_max,0.0021441963045035,53.95539999427274,0.0008481857191421,295,219,291,79.36842105263158,84.70175438596492,79.64912280701755,5.333333333333343,high_agreement
MEASURE_ET_RF_Modeling_S11dB_10GHz,0.0021345620286546,18.71985085075721,0.0008267272842542,296,336,297,79.2982456140351,76.49122807017544,79.2280701754386,2.807017543859658,high_agreement
TOPSIN_ET_TANR,0.0021216002837996,6.670516530750319,0.0014935622802571,297,431,215,79.2280701754386,69.82456140350877,84.98245614035088,15.15789473684211,moderate_agreement
TOPSIN_ET_Probe_Number,0.0021188334938382,28.67537775018718,0.0004919551868112,298,288,385,79.15789473684211,79.85964912280701,73.05263157894737,6.807017543859644,high_agreement
MEASURE_ET_LT_SEC_Vd_Id_min_Vd3,0.0021135346211566,2.724272995721549,0.0008501217412065,299,495,289,79.08771929824562,65.33333333333333,79.78947368421052,14.456140350877192,moderate_agreement
CHRE_Ali_Litho_Channel_to_Ohmic_Alignment,0.0021062676313999,28.3594159623608,0.0012509079021521,300,292,239,79.01754385964912,79.57894736842105,83.2982456140351,4.280701754385973,high_agreement
THIN_ET_Ran_con_3_OW_CR,0.0021057351288864,12.796857076347806,0.0004813878226983,301,375,391,78.94736842105263,73.75438596491229,72.63157894736842,6.315789473684205,high_agreement
MEASURE_ET_DC_RF_Max_S11_Mag_L1018,0.0020951881484222,185.11022272636183,0.0025999064761767,302,87,146,78.87719298245615,93.96491228070175,89.82456140350877,15.087719298245602,moderate_agreement
MEASURE_ET_DC_RF_Id_Vbon_min,0.0020825193901124,53.316295355092734,0.0016056963722842,303,223,210,78.80701754385964,84.42105263157896,85.33333333333333,6.526315789473685,high_agreement
FIC_ET_DC_RF_Vdg_max,0.0020802880599673,27.064238608581945,0.0002241163154956,304,301,495,78.73684210526316,78.94736842105263,65.33333333333333,13.614035087719301,moderate_agreement
MEASURE_ET_DC_Diode_S11_dB_forw_9p5,0.0020440688467,24.61315075075254,0.0005131604935843,305,308,377,78.66666666666666,78.45614035087719,73.6140350877193,5.052631578947356,high_agreement
TOPSIN_ET_DC_SMALL_n_gd,0.0020402684809757,0.3834606437012553,0.0003411786617109,306,657,436,78.59649122807018,53.964912280701746,69.47368421052632,24.631578947368432,moderate_agreement
SIN_ET_DC_RF_Vg_optt3,0.0020279650195562,59.46968066226691,0.0021047957643777,307,206,172,78.52631578947368,85.6140350877193,88.0,9.473684210526315,high_agreement
MEASURE_ET_Rcat_cn_2,0.0020271335286582,20.71686229109764,0.0008568230549085,308,324,288,78.45614035087719,77.33333333333333,79.85964912280701,2.526315789473685,high_agreement
MEASURE_ET_Rc_f_hr_23,0.0020236139756543,73.0091302394867,0.0006711209290189,309,180,332,78.3859649122807,87.43859649122807,76.7719298245614,10.666666666666671,moderate_agreement
MEASURE_ET_C100C300pf,0.0020137829537221,16.250282569322735,0.000627980041085,310,348,348,78.3157894736842,75.64912280701755,75.64912280701755,2.666666666666657,high_agreement
MEASURE_ET_DC_SMALL_Vbin_gs,0.0019989518342621,19.783679962158203,0.0004343630784853,311,328,403,78.24561403508771,77.05263157894737,71.78947368421052,6.456140350877192,high_agreement
MEASURE_ET_DC_RF_CF_S12_Ph_L1018,0.0019989500191205,21.45045654522255,0.0009666953602785,312,320,274,78.17543859649123,77.6140350877193,80.84210526315789,3.2280701754385888,high_agreement
TOPSIN_ET_lkg_C385pf,0.0019918193808387,36.17124800384045,0.0011965388469669,313,262,244,78.10526315789474,81.6842105263158,82.94736842105263,4.84210526315789,high_agreement
TOPSIN_ET_lkg_C300pf,0.0019822114498753,15.767444212455302,0.001138646496491,314,350,249,78.03508771929825,75.50877192982456,82.59649122807018,7.0877192982456165,high_agreement
MEASURE_ET_DC_SEC_S_Vg_at_I3_pos,0.0019729542978947,10.13999641709961,0.000513536655622,315,396,376,77.96491228070175,72.28070175438597,73.6842105263158,5.6842105263157805,high_agreement
TOPSIN_ET_DC_PIV_Ids0_QP3,0.0019485017728122,62.43709455197677,0.0010913124537734,316,199,253,77.89473684210526,86.10526315789474,82.3157894736842,8.21052631578948,high_agreement
MEASURE_ET_DC_Diode_Rs,0.0019385109275053,52.024999214103445,0.0002641431551532,317,228,474,77.82456140350877,84.0701754385965,66.80701754385964,17.26315789473685,moderate_agreement
TOPSIN_ET_C100Cap3pf,0.0019261079537139,16.862103313207626,0.0008660768562982,318,344,285,77.75438596491229,75.9298245614035,80.0701754385965,4.1403508771929864,high_agreement
MEASURE_ET_DC_RD_MSG_35GHz,0.0019254508580099,8.62628498324193,0.0004342671158527,319,409,404,77.6842105263158,71.36842105263158,71.71929824561403,6.3157894736842195,high_agreement
MEASURE_ET_Cap_C300,0.0019162950690466,21.065208859741688,0.0007988028928442,320,321,306,77.6140350877193,77.54385964912281,78.59649122807018,1.05263157894737,high_agreement
THIN_ET_DC_RF_Vds_max_0p1mA,0.0019149209960479,7.21712192427367,0.0006425625837541,321,423,344,77.54385964912281,70.38596491228071,75.9298245614035,7.1578947368420955,high_agreement
MEASURE_ET_C300FB_0,0.0019110641800567,27.952584594488144,0.0010023336382978,322,296,272,77.47368421052632,79.2982456140351,80.98245614035088,3.5087719298245617,high_agreement
MEASURE_ET_DC_SMALL_Vbgd1,0.0019037415268919,94.93053747119848,0.0004402060622567,323,152,401,77.40350877192984,89.40350877192984,71.9298245614035,17.47368421052633,moderate_agreement
MEASURE_ET_Cap1pf,0.0018844176666811,14.015219478402289,0.0004226607845697,324,360,410,77.33333333333333,74.80701754385966,71.29824561403508,6.035087719298247,high_agreement
MEASURE_ET_Rcat_cn_3_OW_ST,0.0018736844926308,39.6879997253418,0.0012702914960019,325,252,235,77.26315789473685,82.3859649122807,83.57894736842105,6.315789473684205,high_agreement
TOPSIN_ET_C100C500pf,0.0018617738239792,10.673458399251103,0.0010908883816638,326,392,254,77.19298245614034,72.56140350877193,82.24561403508773,9.684210526315795,high_agreement
TOPSIN_ET_TR_1F,0.0018526069659466,5.391832895576954,0.0003997156468,327,454,419,77.12280701754386,68.21052631578948,70.66666666666667,8.912280701754383,high_agreement
MEASURE_ET_Load_Pull_Pin_Last,0.0018476906214065,38.030799865722656,0.0010061526186451,328,256,271,77.05263157894737,82.10526315789474,81.05263157894737,5.05263157894737,high_agreement
MEASURE_ET_DC_SEC_S_Id_at_Vboff_mA_mm_FPSD3p2,0.0018347096521434,3.510777407791465,0.0008338189754187,329,479,295,76.98245614035088,66.45614035087719,79.36842105263158,12.912280701754383,moderate_agreement
MEASURE_ET_DC_SEC_X_Ig_cut3_mAmm_neg_FPSD3p2,0.0017616949050612,26.774419222027063,0.0003139717741341,330,303,450,76.91228070175438,78.80701754385964,68.49122807017544,10.315789473684205,moderate_agreement
MEASURE_ET_RF_Modeling_Tau,0.0017420169384352,37.86140686785802,0.0007096561336236,331,257,324,76.84210526315789,82.03508771929825,77.33333333333333,5.192982456140356,high_agreement
MEASURE_ET_DC_Stress_Gm_max_before,0.0017381608822862,45.74128160532564,0.0009062896511217,332,238,283,76.7719298245614,83.36842105263158,80.21052631578948,6.596491228070178,high_agreement
TOPSIN_ET_Load_Pull_PhL_meas,0.0017358408192694,12.517492440063506,0.0005736213365377,333,379,359,76.70175438596492,73.47368421052632,74.87719298245614,3.228070175438603,high_agreement
FIC_ET_DC_RF_Vg_optt,0.0017357281535882,14.404303872492164,0.0017671748070314,334,357,200,76.63157894736841,75.01754385964912,86.03508771929825,11.017543859649123,moderate_agreement
MEASURE_ET_DC_SEC_Vgs_back_0p5V,0.0017349658525895,24.967549516819417,0.0006152073161371,335,307,351,76.56140350877193,78.52631578947368,75.43859649122807,3.0877192982456165,high_agreement
MEASURE_ET_RF_Modeling_Cds,0.001727276528387,18.185666207689792,0.0006498033032919,336,340,341,76.49122807017544,76.21052631578948,76.14035087719299,0.3508771929824519,high_agreement
MEASURE_ET_CapUSV,0.0017231316181924,10.83269573817961,0.0006194044047764,337,390,350,76.42105263157895,72.70175438596492,75.50877192982456,3.719298245614027,high_agreement
MEASURE_ET_DC_SMALL_Gm_m0p2,0.0017055564269725,47.8910087547265,0.0014902046068474,338,232,216,76.35087719298245,83.78947368421052,84.91228070175438,8.561403508771932,high_agreement
MEASURE_ET_Load_Pull_ID_comp_Last_mA,0.0017005492768177,54.21161710470915,0.0010295651470089,339,217,263,76.28070175438597,84.84210526315789,81.61403508771929,8.561403508771917,high_agreement
THIN_ET_R_f_tn_1,0.0016981232877618,13.469939568080008,0.0001553662705516,340,366,536,76.21052631578948,74.3859649122807,62.456140350877185,13.754385964912295,moderate_agreement
TOPSIN_ET_Vdg_max,0.0016737227187372,0.4512998620048165,0.0006468013753549,341,637,343,76.14035087719299,55.368421052631575,76.0,20.77192982456141,moderate_agreement
MEASURE_ET_Rcat_cn_2_OW_ST,0.0016724459627607,12.689552064053714,0.0007652086510497,342,376,315,76.0701754385965,73.6842105263158,77.96491228070175,4.280701754385959,high_agreement
MEASURE_ET_DC_RF_Vbin_gd,0.0016610786392177,11.309684716165066,0.0008232842145163,343,388,300,76.0,72.84210526315789,79.01754385964912,6.175438596491233,high_agreement
MEASURE_ET_C300FM1_0,0.0016457008076979,35.91758320154622,0.0009525975218876,344,264,278,75.9298245614035,81.54385964912281,80.56140350877193,5.6140350877193015,high_agreement
MEASURE_ET_Cap1pf_0,0.001642997337034,16.3482573479414,0.0011011424769623,345,347,252,75.85964912280701,75.71929824561403,82.3859649122807,6.666666666666671,high_agreement
MEASURE_ET_RF_Modeling_Vth,0.001632927213782,12.412842365447432,0.0006048294356967,346,380,354,75.78947368421053,73.40350877192982,75.2280701754386,2.3859649122807127,high_agreement
MEASURE_ET_DC_RF_Max_S11_Freq_L1018,0.0016239739539923,19.757570266723636,0.0011221859994684,347,329,250,75.71929824561403,76.98245614035088,82.52631578947368,6.807017543859658,high_agreement
MEASURE_ET_DC_RF_S11ang_26GHz_W,0.0016226517608479,18.50842347147409,0.0010090887599924,348,337,270,75.64912280701755,76.42105263157895,81.12280701754386,5.473684210526315,high_agreement
CATHODE_ET_Rc_cat_ct2,0.0016027304100714,13.821388697018849,0.0001537616037044,349,363,539,75.57894736842105,74.59649122807018,62.245614035087726,13.333333333333329,moderate_agreement
FIC_ET_R114,0.0015881628921436,18.457199096679688,0.0003970398262577,350,338,421,75.50877192982456,76.35087719298245,70.52631578947368,5.824561403508767,high_agreement
MEASURE_ET_DC_SMALL_Vp_1,0.0015739367553032,13.4168775905855,0.0004512067720804,351,367,397,75.43859649122807,74.31578947368422,72.21052631578948,3.2280701754385888,high_agreement
THIN_ET_Probe_Number,0.0015718865470811,12.347970191389322,0.0008251161507642,352,381,298,75.36842105263158,73.33333333333334,79.15789473684211,5.824561403508767,high_agreement
THIN_ET_Rc_f_tn_23,0.0015700629874519,0.953009215183556,0.0003530163706435,353,576,434,75.29824561403508,59.64912280701755,69.6140350877193,15.649122807017534,moderate_agreement
GATE2_Ali_Litho_Gate_to_recess_alignment,0.0015668809509986,31.124500274658203,0.0006521340698603,354,279,340,75.2280701754386,80.49122807017544,76.21052631578948,5.263157894736835,high_agreement
MEASURE_ET_LT_SEC_Vg_Id_min,0.0015549532124749,51.02764161117375,0.0016933389472484,355,230,206,75.1578947368421,83.9298245614035,85.6140350877193,10.456140350877206,moderate_agreement
MEASURE_ET_DC_RF_Vt_gs,0.0015527046595753,24.259863767772917,0.0008191234643736,356,310,303,75.08771929824562,78.3157894736842,78.80701754385964,3.719298245614027,high_agreement
OHMIC_ET_R114,0.0015477284516889,13.03899526130408,0.0006296975935349,357,373,347,75.01754385964912,73.89473684210526,75.71929824561403,1.824561403508767,high_agreement
MEASURE_ET_DC_SEC_X_Id_mA_mm_at_Vg2_FPSD3p2,0.0015476156438318,10.035454778932037,0.0003657108804077,358,397,430,74.94736842105263,72.21052631578948,69.89473684210526,5.05263157894737,high_agreement
MEASURE_ET_DC_RF_Vbin_gs,0.0015456830790873,8.279942828696221,0.000958839895876,359,411,275,74.87719298245614,71.2280701754386,80.77192982456141,9.543859649122808,high_agreement
MEASURE_ET_R_4000_HOR,0.0015434520097654,14.239788516424596,0.0005452042166382,360,358,365,74.80701754385966,74.94736842105263,74.45614035087719,0.49122807017543835,high_agreement
FIC_ET_Gate_res,0.0015407257697789,20.529120936989784,0.0007514420535665,361,325,319,74.73684210526315,77.26315789473685,77.6842105263158,2.9473684210526443,high_agreement
MEASURE_ET_TF_AB_3,0.0015400286946148,0.4667041299398988,-8.304541210715777e-06,362,633,1244,74.66666666666666,55.64912280701755,12.7719298245614,61.89473684210526,low_agreement
MEASURE_ET_DC_SEC_S_Ig_cut2_mAmm_neg_SD3p5,0.0015398036454927,17.595300495624542,0.0014071302888509,363,343,228,74.59649122807018,76.0,84.0701754385965,9.473684210526315,high_agreement
MEASURE_ET_DC_RF_S11ang_10GHz,0.0015366582200657,33.76109552755952,0.0008495691747149,364,274,290,74.52631578947368,80.84210526315789,79.71929824561403,6.315789473684205,high_agreement
MEASURE_ET_DC_SEC_S_Vg_at_I1_neg_SD3p5,0.0015285067198745,12.57307573594153,0.0004892936675265,365,378,387,74.45614035087719,73.5438596491228,72.91228070175438,1.5438596491228083,high_agreement
MEASURE_ET_lkg_SY07_10,0.001517270901377,14.595199584960938,0.0003196580995477,366,356,444,74.3859649122807,75.08771929824562,68.9122807017544,6.175438596491219,high_agreement
MEASURE_ET_DC_SEC_X_Ig_cut3_mAmm_pos_FPSD3p2,0.0015132719701109,6.387459001969546,0.0010162098554968,367,436,269,74.31578947368422,69.47368421052632,81.19298245614036,11.719298245614041,moderate_agreement
THIN_ET_Vbpin_D60,0.0015083025572641,11.825274121016264,0.0009264899298411,368,382,282,74.24561403508771,73.26315789473684,80.28070175438596,7.017543859649123,high_agreement
MEASURE_ET_DC_Stress_Vd_stress,0.0015027889910526,17.85875380388461,0.0006941593621172,369,341,328,74.17543859649123,76.14035087719299,77.05263157894737,2.877192982456137,high_agreement
MEASURE_ET_DC_SEC_S_Vp_1_mA_mm_second_SD3p5,0.0015001110159996,40.89862905442715,0.0003985979212898,370,247,420,74.10526315789474,82.73684210526315,70.59649122807016,12.140350877192986,moderate_agreement
MEASURE_ET_DC_SEC_S_Vp_1_mA_mm_first_SD3p5,0.0014980372052586,14.80028996989131,0.0008213484453665,371,354,302,74.03508771929825,75.2280701754386,78.87719298245615,4.8421052631579045,high_agreement
TOPSIN_ET_DC_RF_Gm_m0p2,0.0014940420909414,37.302805641666055,0.000540505860353,372,260,367,73.96491228070175,81.82456140350878,74.31578947368422,7.859649122807028,high_agreement
TOPSIN_ET_DC_RF_Vdg_max_0p1,0.0014825175489092,7.370375579106621,0.0004699513682791,373,422,393,73.89473684210526,70.45614035087719,72.49122807017544,3.4385964912280684,high_agreement
MEASURE_ET_DC_SEC_X_Ids_max_FPSD3p2,0.0014724610825113,6.524164168164134,0.0005218647900968,374,434,372,73.82456140350877,69.6140350877193,73.96491228070175,4.350877192982452,high_agreement
MEASURE_ET_DC_RF_S22dB_10GHz,0.0014678649037492,10.442951619625092,0.0003283951165619,375,395,441,73.75438596491229,72.35087719298245,69.12280701754385,4.631578947368439,high_agreement
FIC_ET_DC_PIV_Gate_Lag_0,0.0014584490816361,5.478567004203796,-0.0001385320830136,376,451,1418,73.6842105263158,68.42105263157895,0.5614035087719293,73.12280701754386,low_agreement
MEASURE_ET_OHMC_GN,0.0014579512903511,1.6310120020061731,0.0008618484112699,377,533,287,73.6140350877193,62.66666666666667,79.9298245614035,17.263157894736835,moderate_agreement
CATHODE_ET_Rcat_cn_1,0.0014404747527385,32.526798248291016,0.0007020222917895,378,275,326,73.5438596491228,80.77192982456141,77.19298245614034,7.228070175438617,high_agreement
SIN_ET_DC_RF_n_gd,0.0014392485859952,13.837419275660068,0.0002905873094856,379,362,461,73.47368421052632,74.66666666666666,67.71929824561404,6.947368421052616,high_agreement
TOPSIN_ET_R_f_tn_1,0.0014254663247808,0.4994774826918728,0.0005546898979821,380,626,362,73.40350877192982,56.14035087719298,74.66666666666666,18.526315789473678,moderate_agreement
TOPSIN_ET_DC_SMALL_Vdg_max,0.0014231264834186,8.063755165785551,0.0010499549496025,381,414,258,73.33333333333334,71.01754385964912,81.96491228070175,10.94736842105263,moderate_agreement
MEASURE_ET_DC_SEC_X_Vg_at_I2_neg_FPSD3p2,0.0014038952330989,0.8571804198436439,0.0003578141166621,382,586,432,73.26315789473684,58.94736842105264,69.75438596491227,14.315789473684198,moderate_agreement
MEASURE_ET_sh_GA144,0.0013976307061734,26.77545121172443,0.0007747191968202,383,302,312,73.19298245614034,78.87719298245615,78.17543859649123,5.684210526315809,high_agreement
TOPSIN_ET_DC_PIV_Ids1_QP1,0.0013962814688502,18.784509897232056,0.0005104216654786,384,335,378,73.12280701754386,76.56140350877193,73.5438596491228,3.4385964912280684,high_agreement
MEASURE_ET_DC_Big_S21ang_10GHz,0.0013883742827026,6.330673318821937,0.0008414870122754,385,437,292,73.05263157894737,69.40350877192982,79.57894736842105,10.175438596491233,moderate_agreement
MEASURE_ET_lkg_C175pf,0.0013760208025682,68.62670135498047,0.0004469629634384,386,189,399,72.98245614035088,86.80701754385964,72.07017543859648,14.736842105263165,moderate_agreement
MEASURE_ET_DC_PIV_Drain_Lag_Idss,0.0013734023825499,35.991920948028564,0.0010420928241154,387,263,261,72.91228070175438,81.61403508771929,81.75438596491227,8.84210526315789,high_agreement
MEASURE_ET_DC_RF2_S21dB_26GHz,0.0013623685708529,34.84944786957931,0.000780098710525,388,270,310,72.84210526315789,81.12280701754386,78.3157894736842,8.280701754385973,high_agreement
MEASURE_ET_lkg_50,0.001354185442288,19.413568932563063,0.0004658879396066,389,332,394,72.7719298245614,76.7719298245614,72.42105263157895,4.350877192982452,high_agreement
TOPSIN_ET_DC_PIV_Ids0_QP1,0.0013509595222853,3.065183980856091,0.0003326369522791,390,487,439,72.70175438596492,65.89473684210526,69.26315789473685,6.807017543859658,high_agreement
SIN_GATE_ET_RGAN3,0.0013485481976141,0.4971535918302834,0.0001395278166587,391,627,548,72.63157894736842,56.07017543859649,61.6140350877193,16.56140350877193,moderate_agreement
FIC_ET_DC_RF_Vbin_gs,0.0013485066878875,39.33239783113822,0.0010735668899326,392,253,256,72.56140350877193,82.3157894736842,82.10526315789474,9.754385964912274,high_agreement
MEASURE_ET_DC_RF2_S12dB_26GHz,0.0013443363482773,72.79421609826386,0.0012034288834106,393,182,243,72.49122807017544,87.29824561403508,83.01754385964912,14.807017543859644,moderate_agreement
THIN_ET_DC_RF_Vbin_gd,0.0013393324342522,8.080978532321751,0.0002932805028555,394,413,460,72.42105263157895,71.08771929824562,67.78947368421053,4.631578947368411,high_agreement
TOPSIN_ET_Load_Pull_PhL_set,0.0013203859431037,3.2212369991466403,0.0003705086715484,395,485,428,72.35087719298245,66.03508771929825,70.03508771929825,6.315789473684205,high_agreement
MEASURE_ET_LT_SEC_Ig_Id_min_mA_mm_Vd7,0.001320016779092,1.0217509646899998,0.0006330942896097,396,570,346,72.28070175438597,60.07017543859649,75.78947368421053,15.719298245614041,moderate_agreement
MEASURE_ET_DC_SEC_n_gs,0.0012999658885821,18.269403079757467,0.0004882369103085,397,339,388,72.21052631578948,76.28070175438597,72.84210526315789,4.070175438596493,high_agreement
MEASURE_ET_DC_Stress_Id_gm_max_before,0.0012973019707802,53.47747748717666,0.0006836706604117,398,222,329,72.14035087719299,84.49122807017544,76.98245614035088,12.350877192982452,moderate_agreement
TOPSIN_ET_sh_GA142_GN,0.0012835740179499,29.78988005639985,6.288372083671223e-05,399,283,646,72.07017543859648,80.21052631578948,54.73684210526315,25.47368421052633,low_agreement
TOPSIN_ET_CapFICBRGM_0,0.0012739329735318,16.732564413454384,0.0002257669827242,400,345,492,72.0,75.85964912280701,65.54385964912281,10.315789473684205,moderate_agreement
THIN_ET_Ran_con_2,0.0012693781375733,7.032706916332245,0.0007946859776001,401,427,307,71.9298245614035,70.10526315789474,78.52631578947368,8.421052631578945,high_agreement
MEASURE_ET_Ran_con_1,0.0012466981733228,9.93832244258374,0.0005140141272917,402,399,375,71.85964912280703,72.07017543859648,73.75438596491229,1.8947368421052602,high_agreement
SIN_ET_DC_RF_Vg_optt,0.0012407626553795,0.2015147419879213,-0.0001018784498308,403,777,1412,71.78947368421052,45.54385964912281,0.9824561403508736,70.80701754385964,low_agreement
MEASURE_ET_DC_RF_CF_S22_Mag_L2180,0.001216499215936,5.550061185844243,0.0003783929563163,404,448,424,71.71929824561403,68.63157894736842,70.3157894736842,3.0877192982456023,high_agreement
BRGM_ET_i5021_2,0.0012124137199137,74.86427781544626,0.001078159109225,405,176,255,71.64912280701753,87.71929824561404,82.17543859649123,16.070175438596507,moderate_agreement
BRIDGE_METAL_Height_Final_TOP_metal_thickness,0.0012033584496017,30.635491855442524,0.0005210398062588,406,280,373,71.57894736842105,80.42105263157895,73.89473684210526,8.84210526315789,high_agreement
MEASURE_ET_DC_SEC_S_Ig_cut3_mAmm_pos_FPSD3p2,0.001202784434611,0.8083884045481682,0.0002396247645405,407,590,484,71.50877192982456,58.666666666666664,66.10526315789474,12.842105263157897,moderate_agreement
MEASURE_ET_C100Cap2pf,0.0012008575807473,34.304298400878906,0.0009557400143938,408,272,276,71.43859649122807,80.98245614035088,80.70175438596492,9.543859649122808,high_agreement
MEASURE_ET_DC_SEC_X_Vg_at_I1_pos_FPSD3p2,0.0011915567179962,22.38937643473037,0.001045216165638,409,316,260,71.36842105263158,77.89473684210526,81.82456140350878,10.456140350877206,moderate_agreement
FIC_ET_DC_PIV_Ids0_QP2,0.0011864772460027,19.53588353516534,0.0003361680614347,410,331,438,71.29824561403508,76.84210526315789,69.33333333333334,7.508771929824547,high_agreement
MEASURE_ET_DC_RF_Vg_max_Vd,0.0011729044285334,6.39568544505164,0.0006598005752171,411,435,335,71.2280701754386,69.54385964912281,76.56140350877193,7.017543859649123,high_agreement
MEASURE_ET_DC_RD_S21ang_18GHz,0.0011706673815367,22.459838340058923,0.0002466945662212,412,315,481,71.15789473684211,77.96491228070175,66.31578947368422,11.649122807017534,moderate_agreement
MEASURE_ET_DC_RF_K,0.0011665929892691,0.5171188042731956,0.0001188972697186,413,621,570,71.08771929824562,56.49122807017544,60.07017543859649,14.596491228070178,moderate_agreement
MEASURE_ET_RF_Modeling_Mag_m,0.0011573229986323,5.847037998493761,0.0001755856087809,414,441,525,71.01754385964912,69.12280701754385,63.22807017543859,7.7894736842105345,high_agreement
MEASURE_ET_DC_RF_S22ang_26GHz,0.0011396008320062,8.261173867620528,0.0003591745268238,415,412,431,70.94736842105263,71.15789473684211,69.82456140350877,1.3333333333333428,high_agreement
MEASURE_ET_DC_SEC_X_Id_mA_mm_at_Vg3_SD3p5,0.0011307100156404,11.727769119665028,0.0004173180360716,416,384,412,70.87719298245614,73.12280701754386,71.15789473684211,2.2456140350877263,high_agreement
MEASURE_ET_DC_SEC_S_Vg_at_I1_neg,0.0011241509339273,13.478672876721248,0.0002681635064031,417,365,468,70.80701754385966,74.45614035087719,67.22807017543859,7.228070175438603,high_agreement
BRGM_ET_Probe_Number,0.0011176005571048,11.33026940660784,0.0006469007222317,418,387,342,70.73684210526316,72.91228070175438,76.0701754385965,5.333333333333329,high_agreement
THIN_ET_DC_RF_Vbgs1,0.0011169543053884,25.555434327572584,7.457785198680677e-06,419,305,894,70.66666666666667,78.66666666666666,37.33333333333333,41.33333333333333,low_agreement
FIC_ET_HIRS,0.0011095105270802,2.312784595880657,0.0002958017323238,420,503,458,70.59649122807016,64.7719298245614,67.9298245614035,5.824561403508767,high_agreement
MEASURE_ET_RF_Modeling_Ft_int,0.0011077504945898,0.8122436471749097,0.0002363014665783,421,589,486,70.52631578947368,58.73684210526315,65.96491228070175,11.789473684210535,moderate_agreement
MEASURE_ET_DC_RF_S22dB_26GHz,0.0011075812390885,6.820779800415039,0.0002458345094093,422,429,482,70.45614035087719,69.96491228070175,66.24561403508771,4.21052631578948,high_agreement
MEASURE_ET_Rsh_an_ct2,0.0011015351538744,6.314749439479783,0.0003113111228336,423,438,453,70.38596491228071,69.33333333333334,68.28070175438596,2.105263157894754,high_agreement
THIN_ET_Rcat_cn_3,0.0010943262370165,5.448823928833008,0.000355529635933,424,452,433,70.3157894736842,68.35087719298245,69.6842105263158,1.9649122807017534,high_agreement
MEASURE_ET_DC_SEC_S_Ig_cut2_mAmm_neg_FPSD3p2,0.0010880636463466,9.883209973573685,-2.0597643176151203e-05,425,400,1334,70.24561403508771,72.0,6.4561403508771935,65.54385964912281,low_agreement
TOPSIN_ET_C300pf_0,0.0010829107307957,5.159953170455992,0.0002660818957738,426,455,472,70.17543859649122,68.14035087719299,66.94736842105263,3.2280701754385888,high_agreement
CATHODE_ET_Rcat_cn_2_OW_ST,0.0010719055406674,5.623676453717053,6.760613705934782e-05,427,445,641,70.10526315789474,68.84210526315789,55.08771929824561,15.01754385964913,moderate_agreement
MEASURE_ET_lkg_Cap_USV,0.0010658604313746,15.012499809265137,8.348979673921674e-05,428,353,606,70.03508771929825,75.29824561403508,57.54385964912281,17.754385964912274,moderate_agreement
THIN_Measure1_Glue_thickness,0.0010656770846307,1.0175039200112224,0.000566645670891,429,572,360,69.96491228070175,59.929824561403514,74.80701754385966,14.877192982456144,moderate_agreement
CATHODE_ET_Rc_cat_ct2_OW_ST,0.0010636745159254,5.39661979675293,0.0005415104530039,430,453,366,69.89473684210526,68.28070175438596,74.3859649122807,6.10526315789474,high_agreement
MEASURE_ET_CapFICM1_0,0.0010587551184697,4.106207265751436,0.000237694986129,431,469,485,69.82456140350877,67.15789473684211,66.03508771929825,3.7894736842105203,high_agreement
MEASURE_ET_DC_RF_CF_S11_Ph_L1018,0.0010489675584849,5.587121797725558,0.0002947139575836,432,447,459,69.75438596491227,68.7017543859649,67.85964912280701,1.8947368421052602,high_agreement
FIC_ET_GT_lin25,0.0010472954098924,0.9416071735322477,0.0003475337665979,433,579,435,69.6842105263158,59.43859649122807,69.54385964912281,10.245614035087726,moderate_agreement
MEASURE_ET_Rc_TF_AB_2,0.0010468788354643,2.12607599038165,0.0002054289084962,434,511,508,69.6140350877193,64.21052631578948,64.42105263157895,5.403508771929822,high_agreement
FIC_ET_DC_RF_n_gs,0.0010440644167429,4.139795143390074,0.0004501649399224,435,468,398,69.54385964912281,67.22807017543859,72.14035087719299,4.912280701754398,high_agreement
MEASURE_ET_R_f_tn_3,0.0010328965536589,0.902788792271167,0.0001283558719225,436,582,563,69.47368421052632,59.228070175438596,60.561403508771924,10.24561403508772,moderate_agreement
MEASURE_ET_DC_RD_S11dB_18GHz,0.001028461856213,20.967180252075195,0.0004981663949789,437,322,383,69.40350877192982,77.47368421052632,73.19298245614034,8.070175438596493,high_agreement
MEASURE_ET_DC_Big_Vg_optt1,0.0010246386754127,2.6685855437535797,0.0004239750348324,438,497,408,69.33333333333334,65.19298245614036,71.43859649122807,6.245614035087712,high_agreement
MEASURE_ET_OHMC,0.0010159373737024,9.175475042546168,0.000410862999281,439,404,414,69.26315789473685,71.71929824561403,71.01754385964912,2.4561403508771775,high_agreement
TOPSIN_ET_DC_RF_Vbgs_0p01,0.0010126020539722,24.48600006103516,0.0003817928587201,440,309,422,69.19298245614036,78.3859649122807,70.45614035087719,9.192982456140342,high_agreement
MEASURE_ET_DC_SEC_S_Ig_cut2_mAmm_pos_SD3p5,0.001011611115793,34.402750187553465,0.0006409727215949,441,271,345,69.12280701754385,81.05263157894737,75.85964912280701,11.929824561403521,moderate_agreement
FIC_ET_TR_1F,0.001001182953597,9.501694368198514,0.0004276177850524,442,402,406,69.05263157894737,71.85964912280703,71.57894736842105,2.807017543859658,high_agreement
MEASURE_ET_RF_Modeling_Delta_S21_19G,0.0009965399830844,1.602729023899883,0.000315621963747,443,535,449,68.98245614035088,62.526315789473685,68.56140350877193,6.456140350877192,high_agreement
MEASURE_ET_sh_f_hr_23,0.0009866226197696,16.14778748061508,0.0005300478766896,444,349,370,68.9122807017544,75.57894736842105,74.10526315789474,6.666666666666657,high_agreement
FIN_CD2_CD_etch_FIN,0.000980776513368,0.4950269032269716,2.560896070665508e-05,445,628,762,68.84210526315789,56.00000000000001,46.59649122807018,22.245614035087712,moderate_agreement
MEASURE_ET_DC_SEC_S_Vboff_Id_SD3p5,0.0009806310720735,2.94801165885292,0.0004102606895313,446,488,415,68.7719298245614,65.82456140350878,70.94736842105263,5.122807017543849,high_agreement
FIC_ET_R_f_hr_3,0.0009774089181833,0.258372210431844,5.610235911493456e-06,447,717,911,68.7017543859649,49.75438596491229,36.140350877192986,32.56140350877192,moderate_agreement
MEASURE_ET_DC_SEC_Vgs_1V,0.0009765033106261,7.920828062109649,0.0006630705400045,448,417,334,68.63157894736842,70.80701754385966,76.63157894736841,7.999999999999986,high_agreement
TOPSIN_ET_DC_SMALL_Vdg_max_0p1,0.0009719669107886,0.3805304714478552,0.0004188965254538,449,658,411,68.56140350877193,53.89473684210526,71.2280701754386,17.333333333333343,moderate_agreement
MEASURE_ET_DC_SEC_X_Vg_at_I2_neg,0.0009677707843907,2.065207314211875,0.0001518421904287,450,514,540,68.49122807017544,64.0,62.175438596491226,6.315789473684212,high_agreement
TOPSIN_ET_DC_SMALL_Vg_max_Vd,0.0009584644007613,9.020391719881443,7.302588158987766e-05,451,406,625,68.42105263157895,71.57894736842105,56.210526315789465,15.36842105263159,moderate_agreement
TOPSIN_ET_Load_Pull_Pin_Last,0.0009557943886917,5.692853027954698,-0.0001351568064242,452,443,1417,68.35087719298245,68.98245614035088,0.6315789473684164,68.35087719298247,low_agreement
MEASURE_ET_DC_SEC_Idss,0.0009557898397522,23.932954522781078,-0.0002104089002609,453,312,1424,68.28070175438596,78.17543859649123,0.1403508771929851,78.03508771929825,low_agreement
THIN_ET_C20_0,0.0009442505355026,3.8713912833482023,0.0003000851463601,454,475,456,68.21052631578948,66.73684210526316,68.0701754385965,1.473684210526315,high_agreement
MEASURE_ET_RF_Modeling_Vd_set,0.0009427433573557,4.370978713850491,-3.6691269895733344e-05,455,466,1375,68.14035087719299,67.36842105263158,3.578947368421048,64.56140350877193,low_agreement
MEASURE_ET_DC_SEC_X_Id_plus_Ig_at_Vboff_mA_mm_SD3p5,0.000942558071178,10.81788687221706,0.0004272699578631,456,391,407,68.0701754385965,72.63157894736842,71.50877192982456,4.561403508771932,high_agreement
ABVIA_CD_AB_VIA_litho,0.0009364221825016,0.2332128286361694,7.696388330118153e-05,457,742,617,68.0,48.0,56.771929824561404,20.0,moderate_agreement
BRGM_ET_F_AB,0.0009348419306349,13.909820079803469,0.0005585290981721,458,361,361,67.9298245614035,74.73684210526315,74.73684210526315,6.807017543859644,high_agreement
FIC_ET_DC_RF_Vg_max_Vd_0p1mA,0.0009341004637107,1.3891476709395647,0.0005506869408039,459,547,364,67.85964912280701,61.68421052631579,74.52631578947368,12.842105263157897,moderate_agreement
MEASURE_ET_lkg_SY8_80,0.0009306723150922,7.857834372669458,0.0006734501667077,460,418,331,67.78947368421053,70.73684210526316,76.84210526315789,9.052631578947356,high_agreement
THIN_ET_Vbpin,0.0009252473550617,3.5113731967285275,0.0006088342967193,461,478,353,67.71929824561404,66.52631578947367,75.29824561403508,8.771929824561411,high_agreement
SIN_ET_DC_RF_Vds_max_0p1,0.0009248217168899,5.7692450964823365,5.295360172375141e-05,462,442,666,67.64912280701753,69.05263157894737,53.333333333333336,15.719298245614034,moderate_agreement
MEASURE_ET_DC_SEC_S_Ig_cut1_mAmm_neg,0.0009211546670926,25.24650558293797,0.0007214490328169,463,306,323,67.57894736842105,78.59649122807018,77.40350877192984,11.017543859649123,moderate_agreement
MEASURE_ET_Cap_C300FB,0.000915757478872,14.023799896240234,0.0001373291238848,464,359,552,67.50877192982456,74.87719298245614,61.33333333333333,13.543859649122808,moderate_agreement
TOPSIN_ET_ABVIETCH,0.0009144889120563,0.6560807088389993,0.0002274775854732,465,603,490,67.43859649122808,57.75438596491228,65.6842105263158,9.684210526315802,high_agreement
MEASURE_ET_C385pf_0,0.000913404411583,21.9038596036844,0.0006959159678713,466,319,327,67.36842105263158,77.6842105263158,77.12280701754386,10.31578947368422,moderate_agreement
MEASURE_ET_DC_SEC_S_Ig_mAmm_at_Vg_cond_pos_FPSD3p2,0.0009127749977287,4.894689419306815,0.0002634084614938,467,460,476,67.2982456140351,67.78947368421053,66.66666666666667,1.1228070175438631,high_agreement
TOPSIN_ET_G2_per_6K,0.0009071986561349,9.220243884483352,0.0003745882999394,468,403,426,67.22807017543859,71.78947368421052,70.17543859649122,4.561403508771932,high_agreement
FIC_ET_R314,0.0009012049488913,11.764233238995075,0.0005163025071106,469,383,374,67.15789473684211,73.19298245614034,73.82456140350877,6.666666666666657,high_agreement
SIN_ET_DC_RF_Idss,0.0008995563330946,19.748697630595416,-0.0001160726884574,470,330,1414,67.08771929824562,76.91228070175438,0.8421052631578996,76.07017543859648,low_agreement
THIN_ET_Rsh_an_ct2,0.0008967042192337,1.784925740212202,0.0002698149243025,471,529,467,67.01754385964912,62.94736842105263,67.2982456140351,4.350877192982466,high_agreement
MEASURE_ET_DC_RF_MAG_26GHz,0.0008905683522479,10.004101614234967,3.939429941220152e-05,472,398,706,66.94736842105263,72.14035087719299,50.526315789473685,21.6140350877193,moderate_agreement
MEASURE_ET_DC_SEC_X_Vg_at_I3_neg_SD3p5,0.0008892583940768,0.2823376811575144,7.657142021506302e-05,473,705,618,66.87719298245614,50.59649122807017,56.70175438596492,16.280701754385966,moderate_agreement
SIN_GATE_ET_lkg_SY8_80,0.0008889638750077,16.70319938659668,2.5305383526749715e-05,474,346,766,66.80701754385964,75.78947368421053,46.31578947368421,29.473684210526322,moderate_agreement
MEASURE_ET_DC_RF_S12ang_26GHz_W,0.0008753490314142,13.33141160244122,0.0002253351307247,475,371,493,66.73684210526316,74.03508771929825,65.47368421052632,8.561403508771932,high_agreement
TOPSIN_ET_Load_Pull_IG_comp_Last_uA,0.0008674925829561,3.421256535570137,0.0002344048151841,476,481,487,66.66666666666667,66.31578947368422,65.89473684210526,0.7719298245614112,high_agreement
FIC_ET_sh_GA142,0.0008607492869356,22.987611260265112,0.000287105054725,477,314,463,66.59649122807018,78.03508771929825,67.57894736842105,11.438596491228068,moderate_agreement
SIN_ET_DC_RF_Vt_gs,0.0008571095675538,6.134617209900171,0.000603052927753,478,439,355,66.52631578947367,69.26315789473685,75.1578947368421,8.631578947368425,high_agreement
SIN_ET_DC_RF_Vg_optt1,0.0008474493243451,0.432753796572797,9.969071271784812e-05,479,642,584,66.45614035087719,55.01754385964912,59.08771929824561,11.438596491228068,moderate_agreement
MEASURE_ET_C500pf,0.0008439680551559,8.431105087511241,0.0004168503013801,480,410,413,66.3859649122807,71.29824561403508,71.08771929824562,4.9122807017543835,high_agreement
BRGM_Cd_Litho_BRGM_litho_CD,0.0008395729797633,0.3253129809163511,0.0001310297981562,481,681,559,66.31578947368422,52.28070175438597,60.8421052631579,14.035087719298247,moderate_agreement
MEASURE_ET_RF_Modeling_Lg,0.000827188889964,9.043401300907137,0.0001811611829265,482,405,520,66.24561403508771,71.64912280701753,63.57894736842105,8.070175438596486,high_agreement
THIN_ET_Rsh_F_AB_2,0.0008261799326831,3.145096469670534,0.0003178055772809,483,486,446,66.17543859649122,65.96491228070175,68.7719298245614,2.8070175438596436,high_agreement
MEASURE_ET_DC_RD_S11ang_18GHz,0.0008204767308612,7.741235070396215,0.0002816930194516,484,419,464,66.10526315789474,70.66666666666667,67.50877192982456,4.561403508771932,high_agreement
MEASURE_ET_C_CAT_2_OW_ST,0.0007972857604844,0.5032137411180884,-0.0002049988436538,485,624,1422,66.03508771929825,56.280701754385966,0.2807017543859702,65.75438596491227,low_agreement
TOPSIN_ET_DC_PIV_Gate_Lag_1,0.0007956663575394,6.816622603684664,0.0002097008193777,486,430,503,65.96491228070175,69.89473684210526,64.7719298245614,5.122807017543863,high_agreement
MEASURE_ET_DC_Stress_Ig_max_after,0.000794257370278,2.1147722869645804,0.0002630117904115,487,512,477,65.89473684210526,64.14035087719299,66.59649122807018,2.4561403508771917,high_agreement
MEASURE_ET_RF_Modeling_K,0.0007909021927387,2.7425685431808238,0.0002152048716691,488,494,501,65.82456140350878,65.40350877192982,64.91228070175438,0.9122807017543977,high_agreement
MEASURE_ET_DC_SEC_S_Id_mA_mm_at_Vg2_SD3p5,0.000786338663063,2.490997907705605,-7.81187548350437e-06,489,500,1238,65.75438596491227,64.98245614035088,13.192982456140356,52.56140350877192,low_agreement
MEASURE_ET_lkg_Cap2,0.0007774963003885,40.88330078125,0.0009445192207732,490,248,279,65.6842105263158,82.66666666666667,80.49122807017544,16.982456140350877,moderate_agreement
GATE2_CD_330nm_Gate_Win_Length,0.0007748142911795,0.4691839365987107,3.062386970483777e-05,491,632,734,65.6140350877193,55.719298245614034,48.561403508771924,17.052631578947377,moderate_agreement
SIN_ThicknessGN2_RefractiveIndex,0.0007665861619916,0.3007697402499616,1.0103213920242824e-05,492,689,863,65.54385964912281,51.719298245614034,39.50877192982456,26.035087719298247,moderate_agreement
MEASURE_ET_DC_RF_CF_S11_Mag_L1018,0.000764102503934,1.8085032512899488,0.0001062356902044,493,525,578,65.47368421052632,63.22807017543859,59.508771929824555,5.9649122807017605,high_agreement
THIN_ET_DC_RF_Vbgd_0p01,0.0007423079983858,4.012255372246727,5.478311628759336e-05,494,472,661,65.40350877192982,66.94736842105263,53.68421052631579,13.263157894736842,moderate_agreement
MEASURE_ET_C100USV_Cappf,0.0007303889497173,14.77336972206831,0.0005328862109073,495,355,368,65.33333333333333,75.1578947368421,74.24561403508771,9.824561403508767,high_agreement
TOPSIN_ET_OHMC,0.0007195440408542,8.747183337807655,0.0003750248131841,496,408,425,65.26315789473685,71.43859649122807,70.24561403508771,6.175438596491219,high_agreement
MEASURE_ET_DC_SEC_Vboff_Vds_min_ON,0.0007183462075312,5.672713187057525,0.0009307546792174,497,444,281,65.19298245614036,68.9122807017544,80.35087719298247,15.15789473684211,moderate_agreement
MEASURE_ET_Ran_con_3,0.0007182014831038,0.1462275991798378,0.0001702303000352,498,830,529,65.12280701754386,41.824561403508774,62.94736842105263,23.29824561403509,moderate_agreement
FIN_CD1_CD_PL_FIN,0.0007146428405276,0.2978666704148054,0.000158651556146,499,692,535,65.05263157894736,51.50877192982456,62.526315789473685,13.543859649122794,moderate_agreement
MEASURE_ET_R_4000_VER,0.0007134482534241,1.9521339684724808,0.0003125691192027,500,518,452,64.98245614035088,63.71929824561404,68.35087719298245,4.631578947368411,high_agreement
TOPSIN_ET_Load_Pull_Vg,0.000712550767203,0.2956524365581572,2.999997604140603e-05,501,695,738,64.91228070175438,51.29824561403509,48.280701754385966,16.631578947368418,moderate_agreement
MEASURE_ET_LT_SEC_Vd_Id_min_Vd8,0.000711412104258,7.923067955765873,0.0002208030541265,502,416,498,64.8421052631579,70.87719298245614,65.12280701754386,6.035087719298232,high_agreement
MEASURE_ET_DC_SEC_X_Vg_at_I1_neg_SD3p5,0.0007100728285611,5.008458767086268,0.0001791115087167,503,458,522,64.7719298245614,67.9298245614035,63.43859649122807,4.491228070175438,high_agreement
TOPSIN_ET_RGAN2,0.0007090381025663,2.0697490703314543,0.0003162683469579,504,513,448,64.7017543859649,64.0701754385965,68.63157894736842,4.561403508771932,high_agreement
MEASURE_ET_C300pf,0.0007008966320323,2.774068863131106,0.0003742132242269,505,493,427,64.63157894736841,65.47368421052632,70.10526315789474,5.473684210526329,high_agreement
FIC_ET_G_per_6K,0.0006924540467601,11.621643411461264,0.000707307323378,506,386,325,64.56140350877193,72.98245614035088,77.26315789473685,12.701754385964918,moderate_agreement
THIN_ET_Rc_cat_ct2,0.0006903027893123,5.5069594534579664,-7.663184899668329e-05,507,449,1399,64.49122807017544,68.56140350877193,1.8947368421052602,66.66666666666667,low_agreement
MEASURE_ET_CapPARCAP,0.0006895539265422,4.89169979095459,0.0001066615581942,508,461,577,64.42105263157895,67.71929824561404,59.578947368421055,8.140350877192986,high_agreement
MEASURE_ET_DC_RF2_S22ang_26GHz,0.0006872575624678,4.319153643911704,0.0001673225184624,509,467,531,64.35087719298245,67.2982456140351,62.807017543859644,4.491228070175453,high_agreement
MEASURE_ET_lkg_CapFICM1,0.0006867242421818,5.157956123352051,5.6252955213276223e-05,510,456,656,64.28070175438596,68.0701754385965,54.03508771929825,14.035087719298247,moderate_agreement
MEASURE_ET_DC_SEC_S_Ron_FPSD3p2,0.0006829426621283,4.805180801078677,0.0006524471918701,511,462,339,64.21052631578948,67.64912280701753,76.28070175438597,12.070175438596493,moderate_agreement
MEASURE_ET_DC_SMALL_Vg_gm_max,0.0006822405247039,15.03480057325214,0.000407666810688,512,352,417,64.14035087719299,75.36842105263158,70.80701754385966,11.228070175438589,moderate_agreement
FIC_ET_DC_RF_Vt_gd,0.0006813364984219,2.0497113741002977,7.374356644392066e-05,513,515,624,64.0701754385965,63.92982456140351,56.280701754385966,7.789473684210527,high_agreement
FIC_ET_Vp_1,0.0006804328194222,7.395890235900879,0.0006246577965461,514,421,349,64.0,70.52631578947368,75.57894736842105,11.578947368421055,moderate_agreement
MEASURE_ET_Load_Pull_Id_ini,0.0006781079088326,7.113913941080682,-0.000207404616401,515,425,1423,63.92982456140351,70.24561403508771,0.21052631578947212,70.03508771929825,low_agreement
TOPSIN_ET_C100CapUSV,0.0006767453707082,13.570184350013731,0.0004529636457608,516,364,396,63.859649122807014,74.52631578947368,72.28070175438597,10.666666666666671,moderate_agreement
MEASURE_ET_RF_Modeling_Fmax_ext,0.0006719133327127,8.009859949117526,0.000197302500244,517,415,511,63.78947368421053,70.94736842105263,64.21052631578948,7.157894736842103,high_agreement
OHMIC_ET_Ran_con_1,0.0006701475951253,0.2050984860397875,0.0002339103543476,518,774,488,63.71929824561404,45.75438596491228,65.82456140350878,20.0701754385965,moderate_agreement
MEASURE_ET_DC_RF_CF_S22_Ph_L2180,0.0006699896145753,2.3717325816396624,0.0003811772096474,519,501,423,63.64912280701754,64.91228070175438,70.38596491228071,6.736842105263172,high_agreement
GATE2_CD_310nm_Gate_Win_Length,0.0006561509386571,1.0769921042956412,0.000223151973477,520,563,497,63.57894736842105,60.561403508771924,65.19298245614036,4.631578947368432,high_agreement
ANODE_ET_Ran_con_1_OW_CR,0.0006559234704968,0.2192717096768319,2.7413614997909284e-05,521,754,752,63.50877192982456,47.15789473684211,47.29824561403508,16.350877192982452,moderate_agreement
THIN_ET_R_f_hr_1,0.0006558126867,0.6336130255367607,-1.2764666557391058e-05,522,605,1283,63.43859649122807,57.614035087719294,10.035087719298241,53.40350877192983,low_agreement
THIN_ET_lkg_C20,0.0006552366178197,5.595385959371924,0.0001800879700722,523,446,521,63.36842105263158,68.7719298245614,63.50877192982456,5.403508771929815,high_agreement
MEASURE_ET_DC_SEC_Vg_max_ON,0.0006531750409928,0.25939871952869,0.0002889013531512,524,716,462,63.29824561403509,49.824561403508774,67.64912280701753,17.82456140350876,moderate_agreement
MEASURE_ET_DC_RF_S22ang_10GHz,0.0006524120846362,4.903141750022769,0.0002074738044685,525,459,506,63.22807017543859,67.85964912280701,64.56140350877193,4.631578947368425,high_agreement
MESA_CD_Mesa_CD_Radius,0.0006490011020374,0.688761850411538,0.0002058001623726,526,598,507,63.1578947368421,58.10526315789474,64.49122807017544,6.3859649122806985,high_agreement
TOPSIN_ET_G_per_6K,0.0006461893794291,0.2465051824692636,1.9126876415578863e-05,527,724,803,63.08771929824562,49.26315789473684,43.719298245614034,19.368421052631582,moderate_agreement
MEASURE_ET_DC_RF_Freq_cut_L2180,0.0006439971130188,0.3757508739363402,0.0002160387746357,528,659,500,63.01754385964913,53.824561403508774,64.98245614035088,11.157894736842103,moderate_agreement
MEASURE_ET_DC_SMALL_Vboff,0.0006419974796556,1.4494143151678145,0.000138215962474,529,541,550,62.94736842105263,62.10526315789473,61.473684210526315,1.473684210526315,high_agreement
FMESA_ET_Probe_Number,0.000641881096694,2.5558053312124684,1.3991059370616066e-05,530,499,830,62.877192982456144,65.05263157894736,41.824561403508774,23.22807017543858,moderate_agreement
MEASURE_ET_lkg_70,0.0006413453034027,19.836553623899817,0.0005035074043467,531,327,380,62.807017543859644,77.12280701754386,73.40350877192982,14.31578947368422,moderate_agreement
MEASURE_ET_DC_SEC_X_Ig_cut2_mAmm_pos,0.0006348530812395,0.4202364725060761,6.768866070988588e-05,532,645,640,62.73684210526316,54.80701754385965,55.1578947368421,7.929824561403507,high_agreement
ANODE_ET_Ran_con_2,0.0006336204694657,0.1640888151014223,2.6787994556951022e-05,533,811,756,62.66666666666667,43.15789473684211,47.01754385964912,19.50877192982456,moderate_agreement
ANODE_ET_Rsh_an_ct2,0.0006250837110838,2.809798715636134,0.000185755672523,534,491,517,62.596491228070185,65.6140350877193,63.78947368421053,3.017543859649116,high_agreement
GATE2_CD_358nm_Gate_Leg_Length,0.0006245170037272,0.2383542382158339,-1.0058860870651445e-05,535,731,1265,62.526315789473685,48.7719298245614,11.298245614035086,51.2280701754386,low_agreement
MEASURE_ET_DC_SEC_S_Ids_max,0.0006221230445831,3.860033406643197,0.0002605807449034,536,476,478,62.456140350877185,66.66666666666667,66.52631578947367,4.210526315789487,high_agreement
THIN_ET_Ran_con_3,0.0006202089604952,0.3713719118386507,3.665769891763038e-05,537,661,711,62.3859649122807,53.68421052631579,50.175438596491226,12.210526315789473,moderate_agreement
MEASURE_ET_DC_RD_S12dB_18GHz,0.0006186064313809,2.127367720939219,-2.9166395706353708e-06,538,510,1187,62.31578947368421,64.28070175438596,16.771929824561404,47.508771929824555,low_agreement
THIN_ET_lkg_5,0.0006171754908789,1.807983073638752,0.0001882110980002,539,526,515,62.245614035087726,63.1578947368421,63.92982456140351,1.6842105263157805,high_agreement
MEASURE_ET_C100Cap1pf,0.0006146252802233,7.580038912594318,0.000404916556358,540,420,418,62.175438596491226,70.59649122807016,70.73684210526316,8.561403508771939,high_agreement
SIN_ET_DC_RF_Vds_max,0.0006141007846805,1.412126914365217,0.0002172722418004,541,544,499,62.10526315789473,61.89473684210527,65.05263157894736,3.1578947368420884,high_agreement
MEASURE_ET_DC_RF_S21dB_26GHz,0.0006138131712248,1.627750723622739,0.0001963961478328,542,534,512,62.03508771929825,62.596491228070185,64.14035087719299,2.10526315789474,high_agreement
THIN_ET_R214,0.0006099155881994,0.3441610701847821,0.0001335221257816,543,670,556,61.96491228070175,53.05263157894737,61.05263157894737,8.912280701754383,high_agreement
THIN_ET_R_f_hr_2,0.0006043690420509,1.8799603898078203,0.0004994136475618,544,522,382,61.89473684210527,63.43859649122807,73.26315789473684,11.368421052631568,moderate_agreement
MEASURE_ET_DC_RF_Gm_m0p2,0.0005972654918976,3.4660098664462566,0.0001253330807277,545,480,566,61.824561403508774,66.3859649122807,60.35087719298245,6.035087719298247,high_agreement
MEASURE_ET_DC_SEC_X_Id_at_Vboff_mA_mm_FPSD3p2,0.0005947815810501,0.2052861722186207,0.0002642629401318,546,773,473,61.754385964912274,45.82456140350877,66.87719298245614,21.05263157894737,moderate_agreement
FIC_ET_G_per_2p75K,0.0005910615398974,3.7951510306447744,0.0003255480656396,547,477,442,61.68421052631579,66.59649122807018,69.05263157894737,7.368421052631582,high_agreement
MEASURE_ET_DC_RF_S12ang_26GHz,0.0005869273285249,3.3236162771936506,0.000423460374774,548,482,409,61.6140350877193,66.24561403508771,71.36842105263158,9.754385964912274,high_agreement
MEASURE_ET_DC_RD_Vbon_max,0.0005867040556078,3.9961545020341873,0.0004936897981812,549,474,384,61.54385964912281,66.80701754385964,73.12280701754386,11.578947368421055,moderate_agreement
MEASURE_ET_RF_Modeling_S12dB_10GHz,0.0005794603386231,1.3020633906126022,9.071764732748731e-05,550,554,593,61.473684210526315,61.192982456140356,58.45614035087719,3.0175438596491233,high_agreement
SIN_ET_DC_RF_Vg_max_Vd_0p1,0.0005783880660172,0.7558528897352517,0.0002727129647068,551,595,466,61.40350877192983,58.31578947368421,67.36842105263158,9.052631578947363,high_agreement
FIC_ET_DC_PIV_Ids1_QP2,0.0005730515602271,2.1829317931551486,-8.937160227939222e-05,552,506,1408,61.33333333333333,64.56140350877193,1.2631578947368438,63.29824561403509,low_agreement
MEASURE_ET_DC_SEC_S_Ig_mAmm_at_Vg_cond_neg_FPSD3p2,0.0005657411859425,4.084617494605482,0.0001387544713648,553,470,549,61.26315789473684,67.08771929824562,61.54385964912281,5.824561403508774,high_agreement
MEASURE_ET_DC_SEC_X_Ig_cut3_mAmm_pos_SD3p5,0.000562681603266,1.7890210077166555,-7.7430182589866e-05,554,528,1402,61.192982456140356,63.01754385964913,1.684210526315788,61.33333333333334,low_agreement
MEASURE_ET_DC_SEC_S_Vboff_Id_FPSD3p2,0.0005569680698398,0.2370499807875603,6.753630785755193e-07,555,735,970,61.12280701754387,48.49122807017544,31.999999999999996,29.122807017543874,moderate_agreement
FMESA_ET_Vbkd,0.0005558645207282,2.6797241983003914,0.0003180367006646,556,496,445,61.05263157894737,65.26315789473685,68.84210526315789,7.78947368421052,high_agreement
TOPSIN_ET_Load_Pull_Id_ord,0.0005521687841411,1.9400415807031093,0.0002974157948364,557,520,457,60.98245614035087,63.57894736842105,68.0,7.01754385964913,high_agreement
SIN_GATE_ET_Rc_OG142_GN,0.0005486921796394,5.85806691669859,0.0001733128235079,558,440,526,60.91228070175438,69.19298245614036,63.1578947368421,8.280701754385973,high_agreement
SIN_ET_DC_RF_Vbgd1,0.0005439478792118,2.9379754515830427,2.139451496265543e-05,559,489,790,60.8421052631579,65.75438596491227,44.631578947368425,21.12280701754385,moderate_agreement
MEASURE_ET_DC_RF_Vg_max_Vd_0p1,0.0005431435030449,0.3942754259333014,0.0002663652754179,560,653,471,60.77192982456141,54.24561403508772,67.01754385964912,12.771929824561404,moderate_agreement
MEASURE_ET_DC_SEC_X_Vg_at_I2_neg_SD3p5,0.000542620232056,1.969532074406743,0.0002264128803198,561,516,491,60.70175438596491,63.859649122807014,65.6140350877193,4.912280701754391,high_agreement
FIC_ET_Vg_Vds_max,0.0005409858551773,11.252433071262203,0.0006116256701388,562,389,352,60.63157894736841,72.7719298245614,75.36842105263158,14.736842105263165,moderate_agreement
MEASURE_ET_DC_SEC_X_Bin_SD3p5,0.0005390610759427,0.5522010654676706,0.0001913595365201,563,617,514,60.561403508771924,56.771929824561404,64.0,7.228070175438596,high_agreement
MEASURE_ET_DC_Diode_Vbpin,0.0005371177701539,2.1291390787810087,-1.9313255732636425e-05,564,509,1327,60.49122807017544,64.35087719298245,6.947368421052635,57.403508771929815,low_agreement
TOPSIN_ET_DC_RF_Vds_max_0p1,0.0005360124829197,0.2028998903697356,-2.990578995291926e-05,565,776,1365,60.42105263157895,45.614035087719294,4.280701754385962,56.140350877192986,low_agreement
SIN_CAPACITOR_ThicknessGN1_RefractiveIndex,0.0005358323378389,0.1472658109851181,-2.8362092916392463e-05,566,828,1362,60.35087719298245,41.964912280701746,4.491228070175435,55.859649122807014,low_agreement
TOPSIN_ET_KLV_F_AB_4u_FEMSO,0.0005355779640289,0.0900008101598359,1.8983319669932385e-05,567,933,805,60.28070175438596,34.59649122807018,43.57894736842105,25.68421052631578,moderate_agreement
MEASURE_ET_DC_SEC_X_Id_at_Vboff_mA_mm,0.0005332969366816,0.4341366963926703,2.4834935490519738e-06,568,638,947,60.21052631578947,55.29824561403509,33.614035087719294,26.596491228070178,moderate_agreement
MEASURE_ET_I_5,0.0005327987256515,1.5525352521799505,0.0001372730192261,569,537,553,60.140350877192986,62.3859649122807,61.26315789473684,2.245614035087712,high_agreement
THIN_ET_R_f_tn_2,0.0005295822567862,2.625038116471842,0.0001483875920369,570,498,544,60.07017543859649,65.12280701754386,61.89473684210527,5.05263157894737,high_agreement
OHMIC_ET_sh_GA142,0.0005257563614456,0.5634441825095564,0.0001757842735428,571,615,524,60.0,56.91228070175438,63.29824561403509,6.385964912280706,high_agreement
MEASURE_ET_DC_SEC_X_Ig_cut3_mAmm_neg_SD3p5,0.0005248645681635,4.47793043917045,0.0001723142098146,572,463,527,59.929824561403514,67.57894736842105,63.08771929824562,7.649122807017541,high_agreement
FIC_ET_DC_RF_Vbgd_0p1,0.0005217026781824,10.579507817747071,5.60182456021352e-05,573,393,658,59.859649122807014,72.49122807017544,53.89473684210526,18.596491228070178,moderate_agreement
MEASURE_ET_DC_RF_Min_S21_Freq_L1002,0.0005153974528683,0.8982090782374144,6.7077959018641e-05,574,583,642,59.78947368421053,59.157894736842096,55.01754385964912,4.771929824561404,high_agreement
MEASURE_ET_Probe_Number,0.0005112538794659,0.6146472455002367,0.0001050793392609,575,608,580,59.71929824561404,57.40350877192982,59.36842105263158,2.3157894736842195,high_agreement
MEASURE_ET_Vbkdn_CapBig,0.0005058245051772,0.2889204137027263,5.051051023362285e-05,576,701,673,59.64912280701755,50.877192982456144,52.84210526315789,8.771929824561404,high_agreement
MEASURE_ET_RF_Modeling_Cgs,0.0005053555124953,0.2919408627785742,-9.661905156110596e-05,577,698,1410,59.578947368421055,51.08771929824562,1.1228070175438587,58.4561403508772,low_agreement
FIC_ET_DC_RF_Vbin_gd,0.0005037592831497,7.015064015518874,8.933072227374495e-05,578,428,595,59.508771929824555,70.03508771929825,58.31578947368421,11.719298245614034,moderate_agreement
GATE2_CD_330nm_Gate_Leg_Length,0.0005034461744485,0.0789472606265917,-6.689091015915082e-05,579,956,1396,59.43859649122807,32.98245614035088,2.1052631578947323,57.333333333333336,low_agreement
MEASURE_ET_R214,0.0005016348198752,0.7566499710083008,0.0001846883336995,580,594,518,59.36842105263158,58.3859649122807,63.71929824561404,5.333333333333343,high_agreement
MEASURE_ET_Er,0.0004973608047419,1.8615993037819865,0.0003099426643689,581,523,454,59.298245614035096,63.36842105263158,68.21052631578948,8.912280701754383,high_agreement
TOPSIN_ET_lkg_SY07_10,0.0004963962153198,1.120836801826954,0.0004337091236503,582,559,405,59.228070175438596,60.8421052631579,71.64912280701753,12.421052631578938,moderate_agreement
TOPSIN_ET_lkg_Cap_USV,0.0004958453277061,1.2195621747523546,0.0001458463492079,583,555,546,59.157894736842096,61.12280701754387,61.754385964912274,2.596491228070178,high_agreement
TOPSIN_ET_DC_SMALL_Vboff,0.0004931578160807,0.336755940457806,-9.248314297707338e-05,584,677,1409,59.08771929824561,52.56140350877193,1.1929824561403457,57.89473684210526,low_agreement
TOPSIN_ET_C100C300pf,0.0004919782120147,3.282052256166935,0.0002539997883607,585,483,479,59.01754385964912,66.17543859649122,66.45614035087719,7.438596491228068,high_agreement
SIN_ET_DC_PIV_Idss_QP2,0.0004897521983343,1.9631401454098525,0.0001217139398367,586,517,568,58.94736842105264,63.78947368421053,60.21052631578947,4.84210526315789,high_agreement
MEASURE_ET_DC_PIV_Gate_Lag_1,0.0004870364086542,1.084612657316029,3.2976950131954895e-05,587,562,722,58.87719298245614,60.63157894736841,49.40350877192983,11.228070175438582,high_agreement
THIN_ET_C300,0.0004857102852866,1.1008864312898368,1.769809303754921e-05,588,560,810,58.807017543859644,60.77192982456141,43.228070175438596,17.543859649122815,moderate_agreement
MEASURE_ET_DC_SEC_X_Id_mA_mm_at_Vg1_FPSD3p2,0.0004811860575746,0.1714163892902434,5.443920223464349e-05,589,804,663,58.73684210526315,43.64912280701755,53.54385964912281,15.087719298245602,moderate_agreement
MEASURE_ET_DC_RF_Vp_01,0.0004794590962665,6.588709831237793,-0.0001385433462927,590,433,1419,58.666666666666664,69.6842105263158,0.49122807017544234,69.19298245614036,low_agreement
MEASURE_ET_LT_SEC_Vbgd1_Vd3,0.0004718471602563,1.1808888874948025,0.0002235082906749,591,557,496,58.59649122807018,60.98245614035087,65.26315789473685,6.666666666666671,high_agreement
MEASURE_ET_Load_Pull_Gain_comp_Last,0.0004659168432788,0.5764635771047324,7.797135646662734e-05,592,613,613,58.526315789473685,57.05263157894736,57.05263157894736,1.4736842105263221,high_agreement
THIN_ET_DC_RF_Vt_gd,0.0004658660654632,0.3964484827592969,0.0001656034348763,593,652,532,58.45614035087719,54.315789473684205,62.73684210526316,8.421052631578952,high_agreement
THIN_ET_DC_RF_Vg_max_Vd,0.0004641658071661,2.173435304313898,0.000317276995812,594,507,447,58.3859649122807,64.49122807017544,68.7017543859649,10.315789473684205,moderate_agreement
TOPSIN_ET_KLV_F_AB_4u,0.0004638387350476,1.4575710643548518,0.000208743197352,595,540,504,58.31578947368421,62.175438596491226,64.7017543859649,6.385964912280691,high_agreement
MEASURE_ET_DC_SMALL_Vt_gs,0.0004580575150177,0.7774871210567653,8.369318698441264e-05,596,592,605,58.245614035087726,58.526315789473685,57.614035087719294,0.9122807017543906,high_agreement
MEASURE_ET_DC_SMALL_Gm_max,0.0004543407259993,1.6512818695046008,0.0002021130194927,597,532,510,58.17543859649123,62.73684210526316,64.28070175438596,6.105263157894726,high_agreement
MEASURE_ET_DC_RF_Vboff_ON,0.0004515780589284,0.5886082421056926,0.0003015025274726,598,609,455,58.10526315789474,57.33333333333333,68.14035087719299,10.807017543859658,moderate_agreement
MEASURE_ET_DC_SEC_X_Id_mA_mm_at_Vg2_SD3p5,0.0004502122251303,1.4242487917654216,0.0001550426175117,599,543,537,58.03508771929824,61.96491228070175,62.3859649122807,4.350877192982459,high_agreement
MEASURE_ET_Gate_res,0.0004491511023828,0.3744603788945824,-2.468382831934401e-05,600,660,1352,57.96491228070175,53.75438596491229,5.192982456140349,52.771929824561404,low_agreement
CHRE_ET_Ids_Channel_recess_current,0.0004482509087914,1.0228087513241917,-3.3447775805844906e-05,601,569,1370,57.89473684210527,60.140350877192986,3.9298245614035054,56.21052631578948,low_agreement
MEASURE_ET_DC_RF_MSG_18GHz,0.0004456834310252,2.189376223832369,0.0001395949912477,602,505,547,57.82456140350878,64.63157894736841,61.68421052631579,6.807017543859629,high_agreement
MEASURE_ET_DC_RF_S21dB_10GHz,0.0004447039092564,2.129317716928199,0.0001540744306287,603,508,538,57.75438596491228,64.42105263157895,62.31578947368421,6.666666666666664,high_agreement
MEASURE_ET_C100,0.0004440449305208,0.9160940051078796,0.0001176357322176,604,580,571,57.68421052631578,59.36842105263158,60.0,2.3157894736842195,high_agreement
MEASURE_ET_DC_PIV_Ids1_QP3,0.0004431257136277,0.1981449803570285,-3.313815360367345e-06,605,779,1191,57.614035087719294,45.40350877192982,16.491228070175435,41.12280701754386,low_agreement
MEASURE_ET_sh_GA142,0.0004361309302773,0.1242883796803653,0.0001002827455837,606,861,582,57.54385964912281,39.64912280701755,59.228070175438596,19.578947368421048,moderate_agreement
MEASURE_ET_RF_Modeling_MAG_19G_After,0.0004341241784525,1.5119947716593742,-5.086043322497513e-05,607,538,1387,57.47368421052632,62.31578947368421,2.7368421052631597,59.578947368421055,low_agreement
MEASURE_ET_DC_SEC_X_Ig_cut2_mAmm_pos_SD3p5,0.0004319916654653,1.367544538108632,0.000133979881756,608,548,555,57.40350877192982,61.6140350877193,61.12280701754387,4.21052631578948,high_agreement
MEASURE_ET_Rc_F_AB_2,0.0004285556813193,2.8374240677803755,2.793953713707553e-05,609,490,749,57.33333333333333,65.6842105263158,47.508771929824555,18.17543859649124,moderate_agreement
MEASURE_ET_DC_SEC_X_Bin,0.0004241794630962,1.8539729714393616,0.0003130645755127,610,524,451,57.263157894736835,63.29824561403509,68.42105263157895,11.15789473684211,moderate_agreement
THIN_ET_R314,0.0004239548426824,1.3971276222728193,6.477319053280195e-05,611,546,643,57.19298245614035,61.754385964912274,54.94736842105263,6.807017543859644,high_agreement
TOPSIN_ET_DC_RF_Vbgd_0p01,0.0004162388680779,1.325227292953059,3.761921408352298e-05,612,551,710,57.12280701754386,61.40350877192983,50.24561403508771,11.157894736842117,moderate_agreement
MEASURE_ET_LT_SEC_Ileak_m9V_mA_mm,0.0004150205149295,1.5021129371598363,3.119623810710903e-05,613,539,730,57.05263157894736,62.245614035087726,48.8421052631579,13.403508771929829,high_agreement
MEASURE_ET_DC_SEC_X_Ig_mAmm_at_Vg_cond_pos,0.0004130185213429,3.998900892212987,2.3779521455488677e-05,614,473,775,56.98245614035088,66.87719298245614,45.684210526315795,21.192982456140342,moderate_agreement
THIN_ET_C_CAT_2_OW_ST,0.0004086605211701,2.2624370879493654,5.612806359931999e-05,615,504,657,56.91228070175438,64.7017543859649,53.964912280701746,10.736842105263158,moderate_agreement
MEASURE_ET_DC_SEC_X_Ig_cut3_mAmm_neg,0.0004061961258401,4.017922857776284,0.0002636701300558,616,471,475,56.84210526315789,67.01754385964912,66.73684210526316,10.175438596491233,moderate_agreement
TOPSIN_ThicknessGN_RefractiveIndex,0.0003986415379764,0.2122693979181349,3.525331378840535e-05,617,766,717,56.771929824561404,46.31578947368421,49.75438596491229,10.456140350877192,high_agreement
MEASURE_ET_G_per_6K,0.0003974251752274,0.6986055329907686,9.449195462724604e-05,618,597,591,56.70175438596492,58.17543859649123,58.59649122807018,1.8947368421052602,high_agreement
MEASURE_ET_DC_SEC_X_Ron,0.0003972279996031,0.4663337601814419,0.0003238131478285,619,634,443,56.631578947368425,55.57894736842105,68.98245614035088,13.403508771929829,moderate_agreement
ANODE_ET_Rsh_an_ct2_OW_CR,0.000392907152832,0.2656212709844112,2.735481113300964e-05,620,712,755,56.561403508771924,50.10526315789474,47.08771929824561,9.473684210526315,high_agreement
MEASURE_ET_DC_SEC_S_Vg_at_I3_neg_FPSD3p2,0.0003874745209587,0.8717583417892456,-0.0001005766826345,621,584,1411,56.49122807017544,59.08771929824561,1.0526315789473717,58.03508771929824,low_agreement
MEASURE_ET_DC_RD_MSG_18GHz,0.0003873381327372,1.3209756100550294,0.0002672022542331,622,553,470,56.42105263157895,61.26315789473684,67.08771929824562,10.666666666666664,moderate_agreement
MEASURE_ET_DC_SEC_S_Bin,0.0003866965227226,0.1199093789327889,-1.0613406519222046e-05,623,872,1269,56.350877192982466,38.877192982456144,11.017543859649127,45.33333333333334,low_agreement
MEASURE_ET_Rsh_an_ct2_OW_CR,0.000382704793598,0.6229543215595186,8.645477650898737e-05,624,607,600,56.280701754385966,57.47368421052632,57.96491228070175,1.6842105263157876,high_agreement
MEASURE_ET_DC_RF_Max_S11_Mag_L1002,0.000382177540336,1.8018170343711968,1.973770257182872e-05,625,527,799,56.210526315789465,63.08771929824562,43.99999999999999,19.087719298245624,moderate_agreement
TOPSIN_ET_Load_Pull_GL_meas,0.0003815092432876,0.1972562368027866,9.526092326652414e-05,626,781,590,56.14035087719298,45.263157894736835,58.666666666666664,13.403508771929829,high_agreement
BRGM_Height3_TOP_metal_thickness,0.0003769521093422,0.4659818857908249,4.155373407958296e-05,627,635,700,56.07017543859649,55.50877192982456,50.94736842105263,5.122807017543863,high_agreement
FIC_ET_DC_RF_Vp_01,0.0003761167189142,0.9808080196380616,8.281659448740042e-05,628,573,607,56.00000000000001,59.859649122807014,57.47368421052632,3.8596491228070064,high_agreement
MEASURE_ET_C175pf,0.0003753306959808,0.0906672102864831,-0.0002361300041765,629,932,1425,55.92982456140351,34.66666666666667,0.070175438596487,55.85964912280702,low_agreement
MEASURE_ET_RF_Modeling_R_Gd,0.0003706615350655,0.131076180958189,-1.631644761380391e-05,630,851,1317,55.85964912280702,40.35087719298246,7.649122807017539,48.21052631578948,low_agreement
MEASURE_ET_G2_per_6K,0.0003692771365213,0.1389459811616689,6.075056644939125e-05,631,840,652,55.78947368421052,41.12280701754386,54.315789473684205,14.666666666666657,high_agreement
MEASURE_ET_DC_SMALL_Vbin_gd,0.0003684200225364,1.1481574077624828,0.0002678255217428,632,558,469,55.719298245614034,60.91228070175438,67.15789473684211,11.438596491228076,moderate_agreement
FIC_ET_DC_RF_Vbgd1,0.0003679679431483,0.9458703680429608,6.94843755226493e-05,633,577,636,55.64912280701755,59.578947368421055,55.43859649122807,4.1403508771929864,high_agreement
MEASURE_ET_DC_Diode_S11_dB_rev_9p5,0.0003661947230932,5.482529893517494,0.0002798380086896,634,450,465,55.57894736842105,68.49122807017544,67.43859649122808,12.91228070175439,moderate_agreement
THIN_ET_DC_RF_Ids_m0p2,0.0003653469264438,0.1158144994406029,9.99021892305718e-05,635,877,583,55.50877192982456,38.526315789473685,59.157894736842096,20.63157894736841,moderate_agreement
THIN_ET_Er,0.0003596665320904,0.1801661709323525,2.8779706526149697e-06,636,792,940,55.43859649122807,44.49122807017544,34.10526315789474,21.33333333333333,moderate_agreement
MEASURE_ET_DC_Stress_Id_max_Ig_before,0.0003551488034541,2.3502762282732874,-3.187110599348064e-06,637,502,1190,55.368421052631575,64.8421052631579,16.56140350877193,48.28070175438597,low_agreement
BRGM_Height2_BRGM_Height2,0.0003548680197015,0.3435545968823135,-0.0001070436219861,638,672,1413,55.29824561403509,52.91228070175439,0.9122807017543866,54.385964912280706,low_agreement
MEASURE_ET_Load_Pull_Pin_Cut,0.0003537636048075,0.2505717286840081,4.0869227367490434e-05,639,722,702,55.2280701754386,49.40350877192983,50.80701754385966,5.824561403508774,high_agreement
MEASURE_ET_VIA_KLV_8p5,0.0003535780947189,0.3582031221594661,0.000106836752951,640,667,576,55.1578947368421,53.263157894736835,59.64912280701755,6.385964912280713,high_agreement
SIN_ET_DC_RF_n_gs,0.0003530011710399,0.2960890936665237,0.000125508737318,641,693,565,55.08771929824561,51.438596491228076,60.42105263157895,8.982456140350877,high_agreement
TFRP_ET_Probe_Number,0.0003499996945886,0.2922155091073364,-6.191325734422881e-05,642,697,1394,55.01754385964912,51.15789473684211,2.2456140350877174,52.771929824561404,low_agreement
MEASURE_ET_Cap3pf,0.000348055043668,2.80611416650936,0.0001934421743942,643,492,513,54.94736842105263,65.54385964912281,64.0701754385965,10.596491228070178,moderate_agreement
FP2_Height1_FP2_Height1,0.0003478524301378,0.1231835734797641,2.853692607718561e-05,644,864,746,54.877192982456144,39.438596491228076,47.71929824561404,15.438596491228068,moderate_agreement
OHMIC_CD_Ohmic_CD_litho,0.0003458479248353,0.2824479667469859,2.5398377635463264e-05,645,704,763,54.80701754385965,50.66666666666666,46.526315789473685,8.280701754385966,high_agreement
MEASURE_ET_LT_SEC_Ileak_m9p5V_mA_mm,0.0003435018932314,1.4058200120925903,0.0001504767662951,646,545,542,54.73684210526315,61.824561403508774,62.03508771929825,7.298245614035096,high_agreement
TFRP_ET_TFRP,0.0003434084871769,0.5845402104314417,0.0001323828525053,647,610,558,54.666666666666664,57.263157894736835,60.91228070175438,6.245614035087719,high_agreement
BRGM_ET_C300,0.0003413543301536,1.7004395350813866,0.0001767554013069,648,530,523,54.59649122807018,62.877192982456144,63.36842105263158,8.771929824561404,high_agreement
MEASURE_ET_DC_Stress_Stress_time,0.0003393848226823,0.1598202413879335,0.0001081077938336,649,818,575,54.52631578947369,42.666666666666664,59.71929824561404,17.052631578947377,moderate_agreement
MEASURE_ET_DC_SMALL_Vg_max_Vd_0p1,0.0003368872986349,0.2236610446125269,-1.3729036016235652e-05,650,748,1291,54.45614035087719,47.578947368421055,9.473684210526311,44.98245614035088,low_agreement
TOPSIN_ET_DC_SMALL_n_gs,0.0003367281798478,0.6863708847668022,0.0001468605606791,651,599,545,54.385964912280706,58.03508771929824,61.824561403508774,7.438596491228068,high_agreement
TOPSIN_ET_R_f_tn_3,0.0003337966077142,0.316154686268419,9.830488368094135e-05,652,684,585,54.315789473684205,52.070175438596486,59.01754385964912,6.947368421052637,high_agreement
SIN_GATE_ET_R114,0.0003335087768623,0.2737915164325386,2.151700405039203e-05,653,710,789,54.24561403508772,50.24561403508771,44.70175438596491,9.543859649122808,high_agreement
MEASURE_ET_DC_SEC_S_Ig_cut3_mAmm_neg,0.0003331023365905,0.1195661891251802,3.789365527123168e-05,654,874,709,54.17543859649123,38.73684210526316,50.315789473684205,15.438596491228076,moderate_agreement
TOPSIN_ET_Load_Pull_Gss,0.0003321655227474,0.5485152988694608,0.0002086261270032,655,619,505,54.10526315789475,56.631578947368425,64.63157894736841,10.526315789473664,moderate_agreement
MEASURE_ET_DC_SMALL_n_gs,0.0003301306235242,0.9757477263920008,0.0002454290677331,656,574,483,54.03508771929825,59.78947368421053,66.17543859649122,12.140350877192972,moderate_agreement
MEASURE_ET_DC_SEC_S_Vg_at_I3_neg,0.0003299323668122,0.4012159593403339,7.06446773793723e-05,657,650,633,53.964912280701746,54.45614035087719,55.64912280701755,1.6842105263158018,high_agreement
MEASURE_ET_DC_SMALL_Vg_max_Vd,0.0003295607345132,0.5651489943265915,0.0001284896292857,658,614,562,53.89473684210526,56.98245614035088,60.63157894736841,6.73684210526315,high_agreement
FIC_ET_G_per_15,0.0003286282718188,0.2386463016737252,-2.3546805804991463e-05,659,730,1347,53.824561403508774,48.8421052631579,5.5438596491228065,48.280701754385966,low_agreement
THIN_ET_C20,0.0003282965943789,1.3280498094391078,-1.4960475263209315e-05,660,550,1299,53.75438596491229,61.473684210526315,8.912280701754383,52.56140350877193,low_agreement
MEASURE_ET_DC_RF_Vbgd_0p01,0.0003269332033187,0.2990469019860029,-1.3371177751059227e-05,661,691,1287,53.68421052631579,51.578947368421055,9.754385964912283,43.92982456140351,low_agreement
MEASURE_ET_DC_SEC_Ids_max_ON,0.0003255777729013,0.3308689892292022,0.0001376776559637,662,680,551,53.614035087719294,52.35087719298246,61.40350877192983,9.05263157894737,high_agreement
MEASURE_ET_R_f_hr_1,0.0003228747458671,0.1218385477550327,8.759313140025704e-05,663,868,597,53.54385964912281,39.1578947368421,58.17543859649123,19.01754385964913,moderate_agreement
TOPSIN_ET_Load_Pull_GL_set,0.0003228033785865,0.3557924262713641,-2.228370335022323e-06,664,668,1174,53.473684210526315,53.19298245614035,17.68421052631579,35.78947368421052,low_agreement
SIN_ET_DC_RF_Vdg_max_0p1,0.0003209832857435,0.6508844899944961,2.982489464159188e-05,665,604,739,53.40350877192983,57.68421052631578,48.21052631578947,9.473684210526308,high_agreement
MEASURE_ET_DC_SEC_X_Vg_at_I3_neg_FPSD3p2,0.0003203933308324,0.3437755950726568,6.906193338387934e-06,666,671,897,53.333333333333336,52.98245614035088,37.122807017543856,16.21052631578948,moderate_agreement
SIN_Thickness_SiN_Thickness,0.0003169071067129,0.3316248483024537,9.625258662258606e-05,667,679,588,53.263157894736835,52.421052631578945,58.807017543859644,6.3859649122806985,high_agreement
MEASURE_ET_DC_RF_Id_Vbon_max,0.0003164512188422,0.2194548887200653,7.217919536654515e-05,668,752,628,53.19298245614035,47.29824561403508,56.00000000000001,8.701754385964925,high_agreement
MEASURE_ET_DC_RF2_K,0.0003151642480518,0.1779800006188452,1.973366746199634e-06,669,795,952,53.12280701754386,44.280701754385966,33.263157894736835,19.859649122807028,moderate_agreement
THIN_Measure2GN_Thickness_after_grinding,0.0003136022031938,0.2376506105065345,3.2862530480867734e-05,670,732,723,53.05263157894737,48.70175438596491,49.33333333333333,4.350877192982459,high_agreement
MEASURE_ET_DC_SEC_S_Vp_1_mA_mm_second_FPSD3p2,0.0003125662814249,0.4746930003166199,0.0001510086075183,671,631,541,52.98245614035088,55.78947368421052,62.10526315789473,9.122807017543856,high_agreement
MEASURE_ET_LT_SEC_Ig_Id_min_mA_mm_Vd8,0.0003122512254432,0.1508200021926313,7.20053825488065e-05,672,822,630,52.91228070175439,42.385964912280706,55.85964912280702,13.473684210526315,high_agreement
MEASURE_ET_DC_SEC_X_Ig_cut3_mAmm_pos,0.0003121971595892,0.6784650087356567,3.909727750826819e-05,673,600,707,52.84210526315789,57.96491228070175,50.4561403508772,7.5087719298245545,high_agreement
MEASURE_ET_DC_SEC_S_Vg_at_I3_pos_FPSD3p2,0.0003047428166956,1.4348770482465625,0.0004407823232547,674,542,400,52.771929824561404,62.03508771929825,72.0,19.228070175438596,moderate_agreement
MEASURE_ET_DC_SEC_X_Ron_SD3p5,0.0003036173904981,0.971042646560818,-1.5175067980496837e-05,675,575,1302,52.70175438596492,59.71929824561404,8.701754385964911,51.01754385964913,low_agreement
MEASURE_ET_RF_Modeling_Rs,0.0003033628476539,0.433002500096336,5.181610699131478e-05,676,640,669,52.63157894736843,55.1578947368421,53.12280701754386,2.5263157894736707,high_agreement
MEASURE_ET_DC_RF_Vds_max,0.0003032811876163,0.2516418452141806,4.797611459556872e-05,677,721,681,52.56140350877193,49.473684210526315,52.28070175438597,3.0877192982456165,high_agreement
MEASURE_ET_DC_SEC_S_Vg_at_I2_pos_FPSD3p2,0.0003008302580426,0.1868628293741494,7.730719328827296e-05,678,786,616,52.49122807017543,44.91228070175438,56.84210526315789,11.929824561403507,high_agreement
MEASURE_ET_DC_SEC_S_Id_plus_Ig_at_Vboff_mA_mm,0.0003007054512866,0.1001256692688912,4.484032391116888e-05,679,914,686,52.421052631578945,35.929824561403514,51.929824561403514,16.49122807017543,moderate_agreement
MEASURE_ET_Cap20,0.0002999184501136,0.7892354312352836,4.3639223756997136e-05,680,591,693,52.35087719298246,58.59649122807018,51.438596491228076,7.157894736842103,high_agreement
MEASURE_ET_DC_SEC_S_Vg_at_I1_neg_FPSD3p2,0.000296896508193,0.6597283917944878,0.0001689337711782,681,601,530,52.28070175438597,57.89473684210527,62.877192982456144,10.596491228070171,moderate_agreement
MEASURE_ET_DC_RF_Vbgd_0p1,0.0002953560716279,1.6713370569050312,0.0001646093640838,682,531,533,52.21052631578947,62.807017543859644,62.66666666666667,10.596491228070171,moderate_agreement
THIN_ET_R_f_tn_3,0.0002952839320453,0.2092543905600905,-0.0001529200540546,683,769,1421,52.14035087719297,46.10526315789474,0.35087719298245723,51.78947368421051,low_agreement
MEASURE_ET_Ran_con_2,0.0002952672954697,0.1736889597959816,-7.905728398396872e-06,684,799,1240,52.070175438596486,43.99999999999999,13.052631578947372,39.017543859649116,low_agreement
THIN_ET_Ran_con_2_OW_CR,0.0002946334257562,0.2634455652441829,3.2390019527756e-05,685,713,726,52.0,50.03508771929825,49.122807017543856,2.877192982456144,high_agreement
THIN_ET_DC_RF_Vbgd_0p1,0.0002939990740232,0.4212264977395534,-0.0001187306704284,686,644,1415,51.929824561403514,54.877192982456144,0.7719298245614015,54.10526315789474,low_agreement
THIN_ET_DC_RF_Vg_gm_max,0.0002933772916024,0.2865209770388901,0.0001306275767896,687,702,560,51.859649122807014,50.80701754385966,60.77192982456141,9.964912280701753,high_agreement
SIN_GATE_ET_Probe_Number,0.000292359113573,0.3601267635822296,-2.0010356881461357e-05,688,664,1328,51.78947368421052,53.473684210526315,6.877192982456137,46.59649122807018,low_agreement
MEASURE_ET_DC_RF_ids_m0p2_W,0.0002920254442884,0.3036513780243695,-2.8022823031037532e-05,689,687,1359,51.719298245614034,51.859649122807014,4.701754385964907,47.15789473684211,low_agreement
GATE2_CD_358nm_Gate_Win_Length,0.0002917592615392,0.2143343514762818,-1.668938334264125e-05,690,763,1318,51.64912280701755,46.526315789473685,7.578947368421051,44.07017543859649,low_agreement
MEASURE_ET_C100CapUSV,0.0002902462909282,4.4596099853515625,0.0002317694016381,691,464,489,51.578947368421055,67.50877192982456,65.75438596491227,15.929824561403507,moderate_agreement
MEASURE_ET_DC_SEC_X_Vg_at_I1_pos,0.0002891556156264,1.0978771820664406,0.0001003187774028,692,561,581,51.50877192982456,60.70175438596491,59.298245614035096,9.19298245614035,high_agreement
THIN_ET_OHMC,0.0002881876349824,0.1945447167381644,5.5080839020599234e-05,693,783,660,51.438596491228076,45.12280701754386,53.75438596491229,8.631578947368425,high_agreement
SIN_ET_DC_RF_Gm_m0p2,0.0002862165500663,1.9453781098127363,-7.715910217185873e-05,694,519,1400,51.368421052631575,63.64912280701754,1.8245614035087732,61.82456140350877,low_agreement
FIC_ET_DC_RF_Vdg_max_0p1,0.0002859324269978,0.3099866462871432,7.271999573898457e-05,695,686,626,51.29824561403509,51.929824561403514,56.14035087719298,4.84210526315789,high_agreement
HIRS_M_Gauge_P_E_MoSi,0.0002812166482588,0.7714483747258782,7.419726410422823e-05,696,593,623,51.2280701754386,58.45614035087719,56.350877192982466,7.228070175438589,high_agreement
MEASURE_ET_LT_SEC_Vg_Id_min_Vd8,0.0002810602241361,0.4899111399427056,-2.457922128463741e-05,697,629,1351,51.15789473684211,55.92982456140351,5.263157894736848,50.66666666666666,low_agreement
MEASURE_ET_DC_RF_Ids_m0p2,0.0002800441167765,0.1960489724297076,5.637753315629323e-06,698,782,909,51.08771929824562,45.19298245614035,36.280701754385966,14.80701754385965,high_agreement
TFRP_ET_TF_AB_2,0.0002797449895078,0.0816690467763692,4.336780152495445e-05,699,951,695,51.017543859649116,33.333333333333336,51.29824561403509,17.964912280701753,moderate_agreement
TOPSIN_ET_lkg_C175pf,0.0002764193851405,0.3596700131893158,8.985584459849927e-05,700,665,594,50.94736842105263,53.40350877192983,58.3859649122807,7.438596491228068,high_agreement
MEASURE_ET_DC_RF_Ft_W,0.0002745368109997,0.0919755998766049,2.881531540448734e-05,701,928,742,50.877192982456144,34.94736842105263,48.0,15.929824561403514,moderate_agreement
MEASURE_ET_DC_PIV_Ids0_QP3,0.0002742814839719,0.2376004501711577,5.0409457017294713e-05,702,733,674,50.80701754385966,48.631578947368425,52.771929824561404,4.140350877192979,high_agreement
CHRE_CD_Channel_recess_CD,0.000272849751079,0.1031336733140051,2.5122758091702942e-05,703,904,767,50.73684210526316,36.631578947368425,46.245614035087726,14.105263157894733,high_agreement
MEASURE_ET_Cap_C300M1B,0.0002726777936756,0.2365970015525818,0.0001331822483592,704,737,557,50.66666666666666,48.35087719298245,60.98245614035087,12.631578947368418,high_agreement
SIN_ET_DC_RF_Vt_gd,0.000269048346088,1.0712606653105468,7.733432410121921e-05,705,564,615,50.59649122807017,60.49122807017544,56.91228070175438,9.894736842105267,high_agreement
MEASURE_ET_DC_RF_Max_S11_Mag_L2180,0.0002689422626288,0.3379674346651882,2.0891269638431686e-05,706,675,795,50.526315789473685,52.70175438596492,44.280701754385966,8.421052631578952,high_agreement
GATE2_CD_Gate_Win_Length,0.0002679749472761,0.1207078294828534,-1.2697130110880803e-05,707,871,1282,50.4561403508772,38.94736842105263,10.10526315789474,40.35087719298246,low_agreement
FIC_ET_Vd_at_Id_cut_cond,0.0002674768529447,0.1734936105785891,4.897661309205548e-07,708,800,972,50.3859649122807,43.92982456140351,31.85964912280702,18.526315789473678,moderate_agreement
MEASURE_ET_DC_SEC_X_Ig_cut1_mAmm_neg_FPSD3p2,0.0002650572079685,0.0627686362713575,-5.8864560218038765e-05,709,998,1392,50.315789473684205,30.035087719298247,2.3859649122807025,47.9298245614035,low_agreement
MEASURE_ET_DC_SEC_Vt_gs,0.0002642635328133,0.1339414098765701,1.6523080884969787e-05,710,846,816,50.24561403508771,40.70175438596492,42.80701754385965,9.543859649122794,high_agreement
SIN_GATE_ET_sh_GA142_GN,0.0002629602417594,0.2144644204527139,4.2821035015391806e-05,711,762,698,50.175438596491226,46.59649122807018,51.08771929824562,4.491228070175438,high_agreement
MEASURE_ET_DC_RF_n_gd,0.0002614938069549,0.6591161019168794,0.0001837151983739,712,602,519,50.10526315789474,57.82456140350878,63.64912280701754,13.543859649122801,moderate_agreement
TOPSIN_ET_DC_SMALL_Vbgs_0p01,0.0002594565804905,1.0215179466176778,-3.813816888156851e-06,713,571,1194,50.03508771929825,60.0,16.280701754385962,43.71929824561404,low_agreement
TOPSIN_ET_Vg_Vds_max,0.000256823585565,0.0889269700273871,7.909647850463109e-05,714,940,612,49.96491228070175,34.10526315789474,57.12280701754386,23.017543859649123,moderate_agreement
MEASURE_ET_DC_SEC_X_Ids_max_norm,0.0002564035390327,0.1752985683269798,4.591550698537505e-05,715,798,685,49.89473684210526,44.07017543859649,52.0,7.929824561403507,high_agreement
SIN_Thickness_RefractiveIndex,0.0002549475063007,0.0696671999758109,-8.84677149416646e-05,716,981,1407,49.824561403508774,31.228070175438592,1.3333333333333308,48.491228070175445,low_agreement
MEASURE_ET_DC_Stress_Id_stress_after,0.0002547367291904,0.1619561791885644,3.648473993594359e-05,717,814,713,49.75438596491229,42.94736842105264,50.03508771929825,7.087719298245609,high_agreement
FIC_ET_DC_PIV_Ids0_QP1,0.0002543520606963,0.1656717931618914,-5.913259014160844e-05,718,809,1393,49.68421052631579,43.29824561403509,2.3157894736842155,47.368421052631575,low_agreement
MEASURE_ET_R_660_VER,0.0002542617834559,0.6327755153179169,7.06991341006935e-05,719,606,632,49.6140350877193,57.54385964912281,55.719298245614034,7.929824561403507,high_agreement
FIC_ET_DC_RF_Vg_max_Vd_0p1,0.0002537299547021,0.145234499592334,1.3564059590273624e-05,720,832,833,49.543859649122815,41.68421052631579,41.6140350877193,7.929824561403514,high_agreement
THIN_ET_C_AN_2_OW_CR,0.0002532742562762,0.525558315217495,7.601608552373074e-05,721,620,620,49.473684210526315,56.561403508771924,56.561403508771924,7.087719298245609,high_agreement
MEASURE_ET_DC_SEC_X_Ids_max,0.0002528153021079,0.2448653050232678,0.0001241982420791,722,726,567,49.40350877192983,49.122807017543856,60.28070175438596,11.157894736842103,high_agreement
MEASURE_ET_DC_SEC_S_Ig_cut2_mAmm_neg,0.0002525778738228,0.2150048783514648,-2.408745903475784e-05,723,761,1350,49.33333333333333,46.666666666666664,5.333333333333334,43.99999999999999,low_agreement
MEASURE_ET_R314,0.0002523269258413,0.3024395715910941,8.02621819963767e-05,724,688,610,49.26315789473684,51.78947368421052,57.263157894736835,7.999999999999993,high_agreement
MEASURE_ET_lkg_C20,0.0002520231536682,0.2762849926948547,2.394051390793572e-05,725,709,774,49.192982456140356,50.315789473684205,45.75438596491228,4.5614035087719245,high_agreement
TOPSIN_ET_DC_RF_Vbin_gd,0.0002505511045598,1.0328311561606824,4.7085123906701055e-05,726,568,684,49.122807017543856,60.21052631578947,52.070175438596486,11.087719298245617,high_agreement
MEASURE_ET_RF_Modeling_S21_25G_After,0.0002503106529173,0.2959475051611662,0.0002101404227828,727,694,502,49.05263157894737,51.368421052631575,64.8421052631579,15.789473684210535,moderate_agreement
FIC_ET_DC_RF_n_gd,0.0002487738813807,0.1369351700413972,4.895225019376226e-05,728,842,677,48.98245614035087,40.98245614035088,52.56140350877193,11.578947368421055,high_agreement
SIN_ET_DC_PIV_Idss_QP3,0.0002481363612405,0.0737621998414397,4.802358679135976e-05,729,971,680,48.91228070175438,31.929824561403507,52.35087719298246,20.421052631578952,moderate_agreement
TOPSIN_ET_R_f_hr_1,0.0002481233317335,0.4163223090581596,-5.22089657790048e-05,730,646,1389,48.8421052631579,54.73684210526315,2.5964912280701746,52.14035087719297,low_agreement
MEASURE_ET_LT_SEC_Vg_Id_min_Vd7,0.0002480047185925,0.0749584189616143,5.476072025276113e-05,731,967,662,48.7719298245614,32.21052631578948,53.614035087719294,21.403508771929815,moderate_agreement
MEASURE_ET_DC_SEC_X_Ig_cut2_mAmm_neg_SD3p5,0.0002479792262924,0.3114872605074197,-9.77850767013566e-06,732,685,1259,48.70175438596491,52.0,11.719298245614041,40.28070175438596,low_agreement
SIN_ET_DC_RF_Vds_max_0p1mA,0.0002476532188434,0.2863161689601838,2.3347507954701865e-05,733,703,782,48.631578947368425,50.73684210526316,45.19298245614035,5.543859649122808,high_agreement
FIC_ET_DC_PIV_Ids1_QP1,0.0002468836310633,1.5841720895841718,-8.750463850282219e-06,734,536,1249,48.561403508771924,62.456140350877185,12.421052631578943,50.03508771929824,low_agreement
FIC_ET_C200_0S1,0.0002450343721709,0.8134538792073727,5.996632963353454e-05,735,588,653,48.49122807017544,58.807017543859644,54.24561403508772,10.315789473684205,high_agreement
MEASURE_ET_Load_Pull_GL_meas,0.0002449306244427,0.2375723113073036,6.149260290095881e-05,736,734,649,48.421052631578945,48.561403508771924,54.52631578947369,6.105263157894747,high_agreement
THIN_ET_sh_GA142,0.0002430695314223,0.9421989917755128,-2.4714129905720195e-05,737,578,1353,48.35087719298245,59.508771929824555,5.122807017543862,54.38596491228069,low_agreement
MEASURE_ET_DC_SEC_Gm_m0p2,0.0002425246433214,0.5004461074713618,8.390634110723438e-05,738,625,602,48.280701754385966,56.210526315789465,57.82456140350878,9.543859649122815,high_agreement
FIC_ET_DC_RF_Vbgd_0p01,0.0002425217457153,0.1626730165444314,7.20466351768284e-05,739,812,629,48.21052631578947,43.08771929824562,55.92982456140351,12.84210526315789,high_agreement
MEASURE_ET_DC_SEC_S_Vg_at_I1_pos,0.0002409375630035,0.2002413913141936,-0.0001226717718407,740,778,1416,48.140350877192986,45.47368421052631,0.7017543859649145,47.43859649122807,low_agreement
MEASURE_ET_DC_SEC_Vgs_back_0p1V,0.0002405709007904,0.1808505189837888,4.367774417030068e-06,741,791,923,48.07017543859649,44.56140350877193,35.29824561403508,12.771929824561411,high_agreement
FIC_ET_DC_PIV_Ids0_QP3,0.000239454055317,0.2625313522294163,-3.379911325431806e-05,742,714,1372,48.0,49.96491228070175,3.7894736842105314,46.17543859649122,low_agreement
WIN_CD_WIN_CD,0.0002369684032438,0.1334339916938915,-1.42967787834819e-05,743,848,1296,47.929824561403514,40.56140350877193,9.122807017543854,38.80701754385966,low_agreement
MEASURE_ET_i5021_1,0.0002357054894752,0.5061619859188795,0.0001710042110654,744,622,528,47.859649122807014,56.42105263157895,63.01754385964913,15.157894736842117,moderate_agreement
SIN_CAPACITOR_ThicknessGN1_SiN_Thickness,0.0002351058101069,0.0935259601101279,-3.463895373478631e-05,745,924,1373,47.78947368421053,35.228070175438596,3.7192982456140333,44.07017543859649,low_agreement
FIN_Etch_Soft_Bias,0.0002341162018431,0.0990820117294788,-7.775757981590415e-05,746,917,1403,47.71929824561404,35.71929824561404,1.614035087719301,46.10526315789474,low_agreement
TOPSIN_ET_CapPARCAP,0.0002331493937998,0.1619429215788841,8.009361960450989e-05,747,815,611,47.64912280701754,42.87719298245614,57.19298245614035,14.315789473684212,high_agreement
SIN_ThicknessGN2_SiN_Thickness,0.0002311271213249,0.073073050007224,-9.678217350733709e-06,748,973,1258,47.578947368421055,31.789473684210524,11.789473684210527,35.78947368421053,low_agreement
MEASURE_ET_DC_SMALL_Vt_gd,0.0002297134747936,0.1146137588657438,8.123856005725627e-05,749,882,608,47.508771929824555,38.175438596491226,57.40350877192982,19.228070175438596,moderate_agreement
MEASURE_ET_Load_Pull_Id_SS,0.0002293818042822,0.0581954403314739,2.1104324773799088e-05,750,1009,793,47.43859649122807,29.263157894736846,44.42105263157895,18.175438596491222,moderate_agreement
MEASURE_ET_DC_Big_Ft,0.0002282774777141,0.125001368811354,1.5021396806599862e-05,751,860,825,47.36842105263158,39.719298245614034,42.17543859649123,7.649122807017548,high_agreement
MEASURE_ET_DC_RD_Id_Vbon_min,0.0002265661905072,0.0892467289231717,1.6721686573725747e-05,752,938,815,47.29824561403508,34.245614035087726,42.87719298245614,13.052631578947356,high_agreement
THIN_ET_DC_RD_Vboff,0.0002255219308675,0.1077391393482685,-2.563430368219266e-05,753,896,1357,47.228070175438596,37.192982456140356,4.842105263157892,42.385964912280706,low_agreement
MEASURE_ET_DC_RD_Id_Vbon_max,0.0002248965466114,1.907488618453499,-9.858261333900442e-06,754,521,1261,47.15789473684211,63.50877192982456,11.578947368421055,51.92982456140351,low_agreement
BMETAL1_Height_Metal1_metal_thickness,0.0002248130265774,0.1920920014381408,4.287457298106645e-05,755,784,697,47.08771929824561,45.05263157894737,51.15789473684211,6.10526315789474,high_agreement
MEASURE_ET_DC_PIV_Ids1_QP2,0.0002227785881782,0.0620843993965536,0.0001494857559197,756,1000,543,47.01754385964912,29.894736842105264,61.96491228070175,32.07017543859649,moderate_agreement
TOPSIN_ET_DC_SMALL_Vbin_gs,0.0002220249687289,1.3215357065200806,0.0002249855495673,757,552,494,46.94736842105263,61.33333333333333,65.40350877192982,18.45614035087719,moderate_agreement
MEASURE_ET_DC_RF_Min_S21_Ph_L2180,0.0002211310141308,0.2897824915125966,0.0001289054433106,758,700,561,46.87719298245614,50.94736842105263,60.70175438596491,13.824561403508774,high_agreement
MEASURE_ET_Load_Pull_Pout_W_last,0.0002211273250668,0.0626563201658427,-7.798964242253515e-05,759,999,1404,46.80701754385965,29.96491228070175,1.543859649122803,45.26315789473685,low_agreement
MEASURE_ET_USV_Cappf_0,0.0002206563631396,0.2423171047121286,7.227945581408379e-05,760,727,627,46.73684210526316,49.05263157894737,56.07017543859649,9.333333333333336,high_agreement
TOPSIN_ET_DC_SMALL_Vg_optt,0.0002205547059153,0.0669784630881622,-2.051967906874508e-05,761,984,1332,46.666666666666664,31.017543859649123,6.596491228070178,40.070175438596486,low_agreement
MEASURE_ET_Rc_OG144,0.0002200620218336,0.2545524728484452,6.324402752713454e-05,762,719,645,46.59649122807018,49.6140350877193,54.80701754385965,8.210526315789473,high_agreement
SIN_ET_DC_RF_Ids_m0p2,0.0002198128572927,0.0553085092687979,0.0001131613161396,763,1017,572,46.526315789473685,28.701754385964918,59.929824561403514,31.228070175438596,moderate_agreement
TOPSIN_ET_lkg_CapFICM1,0.0002192414713571,1.0603300333023071,8.796628303847087e-05,764,565,596,46.45614035087719,60.42105263157895,58.245614035087726,13.96491228070176,high_agreement
MEASURE_ET_DC_SMALL_Vbgs1,0.0002189887973325,0.1770736677572131,0.0002035197157503,765,796,509,46.3859649122807,44.21052631578948,64.35087719298245,20.140350877192972,moderate_agreement
TOPSIN_ET_DC_SMALL_Idss,0.0002189731000723,0.2139333048835396,5.431043766906396e-05,766,764,664,46.31578947368421,46.45614035087719,53.473684210526315,7.157894736842103,high_agreement
MEASURE_ET_DC_SEC_X_Ron_FPSD3p2,0.0002183733758085,0.7194015830755234,6.791653268540255e-05,767,596,639,46.245614035087726,58.245614035087726,55.2280701754386,12.0,high_agreement
SIN_GATE_ET_R414,0.0002172968382511,0.0845243197400122,-8.315390334498462e-06,768,950,1245,46.175438596491226,33.40350877192982,12.701754385964914,33.473684210526315,moderate_agreement
BRIDGE_METAL_CD_BRGM_Final_metal_CD,0.0002171172157865,0.1423820406198501,1.4799353680303162e-05,769,837,828,46.10526315789474,41.333333333333336,41.964912280701746,4.771929824561404,high_agreement
FIC_ET_DC_RF_Gm_0,0.0002152448718941,0.2551923869177699,7.450630769054723e-05,770,718,622,46.035087719298254,49.68421052631579,56.42105263157895,10.385964912280699,high_agreement
MEASURE_ET_DC_SEC_X_Ig_cut2_mAmm_pos_FPSD3p2,0.0002145351970956,0.1011380082927644,1.0334577690077064e-05,771,911,862,45.96491228070175,36.140350877192986,39.578947368421055,9.824561403508767,high_agreement
THIN_ET_Rc_F_AB_2,0.0002143815567269,0.8267580270767212,7.059637418093401e-05,772,587,634,45.89473684210527,58.87719298245614,55.57894736842105,12.98245614035087,high_agreement
TOPSIN_ET_DC_PIV_Ids1_QP2,0.0002118362335398,0.5035748607479036,-0.000150804567894,773,623,1420,45.82456140350877,56.350877192982466,0.42105263157894424,55.92982456140352,low_agreement
MEASURE_ET_DC_SEC_S_Vg_at_I2_neg_SD3p5,0.0002104857093921,0.5814529806375504,6.964681043548637e-05,774,611,635,45.75438596491228,57.19298245614035,55.50877192982456,11.438596491228068,high_agreement
MEASURE_ET_LT_SEC_Ileak_m16p5V_mA_mm,0.0002078874469129,0.3418758227489888,4.461316012811522e-05,775,674,689,45.684210526315795,52.771929824561404,51.719298245614034,7.087719298245609,high_agreement
MEASURE_ET_C20,0.0002064843554636,0.2105893322732299,3.553209478639463e-05,776,767,716,45.614035087719294,46.245614035087726,49.824561403508774,4.21052631578948,high_agreement
TOPSIN_ET_KLV_F_M1_4u,0.0002061162378333,0.2207142086699605,8.388089248733133e-05,777,751,603,45.54385964912281,47.36842105263158,57.75438596491228,12.210526315789473,high_agreement
MEASURE_ET_DC_SEC_S_Id_mA_mm_at_Vg3,0.0002049517320131,0.3917666729539633,-6.77024136611637e-06,778,655,1232,45.47368421052631,54.10526315789475,13.614035087719301,40.491228070175445,low_agreement
TOPSIN_ET_DC_RF_Vg_optt,0.0002043657753586,0.1230934597551822,-1.8952604863059495e-05,779,865,1325,45.40350877192982,39.368421052631575,7.087719298245609,38.31578947368421,low_agreement
MEASURE_ET_DC_Stress_Vg_max_Ig_before,0.0002042747508735,0.2905583009123802,1.2723199762659786e-05,780,699,843,45.333333333333336,51.017543859649116,40.91228070175439,10.105263157894726,high_agreement
SIN_GATE_ET_OHMC,0.0002036831960364,0.1855899994261562,6.37193902935762e-05,781,788,644,45.263157894736835,44.771929824561404,54.877192982456144,10.10526315789474,high_agreement
SIN_ET_TR_1F,0.0002029477365669,0.2357609244063496,3.3503391309161466e-05,782,738,721,45.19298245614035,48.280701754385966,49.473684210526315,4.280701754385966,high_agreement
TANR_M_Gauge_P_E_TaN,0.0002017559424,0.0750900807324796,-4.73466858354199e-06,783,966,1208,45.12280701754386,32.280701754385966,15.298245614035089,29.824561403508774,moderate_agreement
MEASURE_ET_C100C175pf,0.0002012928473848,0.3615686222910881,4.751660815544845e-05,784,662,682,45.05263157894737,53.614035087719294,52.21052631578947,8.561403508771924,high_agreement
MEASURE_ET_DC_SEC_X_Vg_at_I3_neg,0.0002002570791921,0.2397416597232222,-1.499704436886684e-05,785,729,1301,44.98245614035088,48.91228070175438,8.771929824561408,40.14035087719297,low_agreement
MEASURE_ET_DC_SEC_Ids_m0p2,0.0002002368322489,0.1801042661536485,3.5655205737433746e-05,786,793,715,44.91228070175438,44.42105263157895,49.89473684210526,5.473684210526308,high_agreement
TOPSIN_ET_DC_RF_Vbgd_0p1,0.0001996185743148,0.5807352166157216,7.558113880702377e-05,787,612,621,44.8421052631579,57.12280701754386,56.49122807017544,12.280701754385966,high_agreement
SIN_Thickness2_RefractiveIndex,0.0001985691489572,0.1727309876587242,6.319630539772247e-06,788,801,900,44.771929824561404,43.85964912280702,36.91228070175438,7.859649122807021,high_agreement
MEASURE_ET_DC_RF_Id_gm_max_W,0.0001979369918646,0.9145666733384132,9.322121662355686e-06,789,581,869,44.70175438596491,59.298245614035096,39.08771929824562,20.21052631578948,moderate_agreement
MEASURE_ET_DC_SEC_Vbin_gs,0.0001975093697445,0.4897240102291107,0.0001277193734094,790,630,564,44.631578947368425,55.85964912280702,60.49122807017544,15.859649122807014,moderate_agreement
MEASURE_ET_RF_Modeling_L_Gd,0.00019573034999,0.4107802540529519,8.386121393356427e-05,791,647,604,44.56140350877193,54.666666666666664,57.68421052631578,13.122807017543849,high_agreement
MEASURE_ET_DC_RF_Vg_max_Vd_0p1mA,0.0001946565599136,0.8653476978652179,0.0002504726107342,792,585,480,44.49122807017544,59.01754385964912,66.3859649122807,21.89473684210526,moderate_agreement
MEASURE_ET_LT_SEC_Ig_Id_min_mA_mm_Vd3,0.0001943983757755,0.2353515434078872,5.27413655456721e-05,793,739,667,44.42105263157895,48.21052631578947,53.263157894736835,8.842105263157883,high_agreement
SIN_GATE_ET_OHMIC_conc,0.0001942823576695,0.1829626478720456,-2.2197423391770443e-05,794,789,1338,44.35087719298245,44.70175438596491,6.175438596491222,38.526315789473685,low_agreement
MEASURE_ET_DC_SEC_S_Ids_max_norm_FPSD3p2,0.000192268246809,0.2782270954921841,0.0001056682288105,795,707,579,44.280701754385966,50.4561403508772,59.43859649122807,15.157894736842103,moderate_agreement
MEASURE_ET_DC_SEC_X_Vg_at_I2_pos_SD3p5,0.0001919587114594,0.1311445308383554,1.1118200873319608e-05,796,850,854,44.21052631578948,40.421052631578945,40.140350877192986,4.070175438596493,high_agreement
TOPSIN_ET_DC_SMALL_Ids_m0p2,0.0001919143932865,0.1154718601610511,1.2950177445722466e-05,797,878,839,44.14035087719298,38.45614035087719,41.19298245614035,5.684210526315788,high_agreement
CHRE_CD_2_Channel_recess_CD_Etch,0.0001876162209396,0.4075413703685626,0.0001116382106656,798,649,573,44.07017543859649,54.52631578947369,59.859649122807014,15.78947368421052,moderate_agreement
MEASURE_ET_DC_SEC_X_Ig_cut1_mAmm_neg_SD3p5,0.0001872140778642,0.1793732969090342,2.9757690115875256e-05,799,794,740,43.99999999999999,44.35087719298245,48.140350877192986,4.1403508771929936,high_agreement
SIN_ET_DC_PIV_Idss_QP1,0.0001871266377596,0.1036019995808601,9.654744846059328e-05,800,902,587,43.92982456140351,36.7719298245614,58.87719298245614,22.10526315789474,moderate_agreement
MEASURE_ET_DC_RF_CF_S22_Mag_L1018,0.0001869833773261,0.044659798964858,-2.3238286577018098e-05,801,1050,1344,43.85964912280702,26.385964912280702,5.754385964912279,38.10526315789474,low_agreement
FIC_ET_FC_lin_4,0.000185933250229,0.1309258807450533,-2.915887917296356e-05,802,853,1363,43.78947368421052,40.21052631578947,4.421052631578948,39.368421052631575,low_agreement
MEASURE_ET_DC_Stress_Vg_max_Ig_after,0.0001845023818625,0.2454221164807677,-4.210786425614122e-05,803,725,1379,43.719298245614034,49.192982456140356,3.298245614035089,45.89473684210527,low_agreement
MEASURE_ET_DC_Stress_Gm_max_after,0.0001844931397387,0.1697521281894296,4.760916071833154e-06,804,806,920,43.64912280701755,43.50877192982456,35.508771929824555,8.140350877192994,high_agreement
THIN_ET_C300_0,0.000184420010645,0.461259079631418,8.519613013523442e-05,805,636,601,43.57894736842105,55.43859649122807,57.89473684210527,14.31578947368422,high_agreement
SIN_ET_DC_RF_Vg_max_Vd,0.0001844027369278,0.3369360633660108,0.0001858135465519,806,676,516,43.50877192982456,52.63157894736843,63.859649122807014,20.350877192982452,moderate_agreement
MEASURE_ET_DC_RF_CF_S21_Ph_L1018,0.0001841436015774,0.321161369793117,6.895011501852344e-05,807,682,637,43.43859649122807,52.21052631578947,55.368421052631575,11.929824561403507,high_agreement
THIN_ET_DC_RF_Gm_m0p2,0.0001840359726175,0.2544710040092468,4.3544332594766535e-05,808,720,694,43.368421052631575,49.543859649122815,51.368421052631575,8.0,high_agreement
FIC_Height_FIC_metal_thickness,0.0001814559258029,0.3922734342049807,2.34120535090504e-05,809,654,780,43.29824561403509,54.17543859649123,45.333333333333336,10.877192982456144,high_agreement
TOPSIN_ThicknessGN_SiN_Thickness,0.0001814377852042,0.2695836413186043,-1.842548344110073e-05,810,711,1323,43.228070175438596,50.175438596491226,7.228070175438594,42.94736842105263,low_agreement
SIN_GATE_ET_R314,0.0001803703943016,0.0555123295634985,-1.912467052017641e-05,811,1015,1326,43.15789473684211,28.84210526315789,7.017543859649122,36.140350877192986,low_agreement
MEASURE_ET_DC_RF_Vbon_max,0.0001801500931627,0.0528004497755318,5.12438040530222e-05,812,1021,670,43.08771929824562,28.421052631578945,53.05263157894737,24.631578947368425,moderate_agreement
MEASURE_ET_DC_SEC_S_Vboff_Id_plus_Ig,0.0001794854906752,0.3841760461218655,2.7431712718006817e-05,813,656,750,43.01754385964912,54.03508771929825,47.43859649122807,11.017543859649123,high_agreement
TOPSIN_ET_DC_RF_Vboff,0.000178522224983,0.0342650907114148,3.058451589289246e-05,814,1087,735,42.94736842105264,23.789473684210527,48.49122807017544,24.70175438596491,moderate_agreement
MEASURE_ET_DC_RF_Min_S21_Mag_L2180,0.0001778124347834,0.1023187293903902,-1.48798579139936e-05,815,908,1298,42.87719298245614,36.35087719298246,8.98245614035088,33.89473684210526,moderate_agreement
THIN_ET_i5021_3,0.0001772446483102,0.5584845661651343,1.6424166461667666e-05,816,616,817,42.80701754385965,56.84210526315789,42.736842105263165,14.105263157894726,high_agreement
FIC_ET_DC_RF_Vt_gs,0.0001766904170208,0.3432843489572406,2.7356742308382036e-05,817,673,754,42.736842105263165,52.84210526315789,47.15789473684211,10.105263157894726,high_agreement
MEASURE_ET_DC_SEC_S_Id_mA_mm_at_Vg2,0.0001765216225817,0.2174961799755692,4.0686375929263606e-05,818,758,703,42.666666666666664,46.87719298245614,50.73684210526316,8.070175438596493,high_agreement
MEASURE_ET_RF_Modeling_MAG_25G_After,0.00017625779309,0.433473156299442,2.857423073003573e-05,819,639,745,42.59649122807018,55.2280701754386,47.78947368421053,12.631578947368425,high_agreement
TOPSIN_ET_Gate_res,0.0001760665020245,1.3326091030612588,9.27219108694033e-05,820,549,592,42.52631578947368,61.54385964912281,58.526315789473685,19.01754385964913,moderate_agreement
MEASURE_ET_DC_RF_n_gs,0.0001760128574666,0.1645413001533597,-7.079899452726857e-05,821,810,1397,42.45614035087719,43.228070175438596,2.0350877192982453,41.19298245614035,low_agreement
MEASURE_ET_LT_SEC_ChipStatus,0.0001741861775299,0.1457050843164324,5.9695758701774905e-05,822,831,654,42.385964912280706,41.754385964912274,54.17543859649123,12.42105263157896,high_agreement
MEASURE_ET_DC_Big_Gm_m0p2,0.0001741664162589,0.432896988466382,8.720799930659329e-05,823,641,598,42.315789473684205,55.08771929824561,58.10526315789474,15.789473684210535,moderate_agreement
OHMIC_ET_Probe_Number,0.0001733361564207,0.111465960741043,-6.2370547496831685e-06,824,888,1224,42.24561403508772,37.75438596491229,14.17543859649123,28.07017543859649,moderate_agreement
CATHODE_ET_Probe_Number,0.0001731806337493,0.1094362318981438,-1.4547701517653166e-06,825,892,1158,42.17543859649123,37.473684210526315,18.80701754385965,23.368421052631582,moderate_agreement
THIN_ET_Ran_con_1,0.0001730822028388,0.1487037604674697,-2.367827168449077e-05,826,826,1348,42.10526315789473,42.10526315789473,5.4736842105263195,36.63157894736841,low_agreement
MEASURE_ET_Vk,0.0001729052006463,0.2334517017006874,1.1115851736981374e-05,827,741,855,42.03508771929825,48.07017543859649,40.070175438596486,8.000000000000007,high_agreement
MEASURE_ET_RGAN3,0.0001727473786605,0.2618164152372628,4.840526185375393e-05,828,715,679,41.964912280701746,49.89473684210526,52.421052631578945,10.456140350877199,high_agreement
THIN_ET_DC_RF_Vbin_gs,0.0001726061736655,0.1079164398834109,4.219985581045138e-05,829,895,699,41.89473684210526,37.26315789473684,51.017543859649116,13.754385964912274,high_agreement
MEASURE_ET_DC_SEC_X_Bin_FPSD3p2,0.0001720389772933,0.0914191300980746,-5.133373811448405e-05,830,930,1388,41.824561403508774,34.80701754385965,2.6666666666666616,39.15789473684211,low_agreement
MEASURE_ET_DC_Big_Vdg_max_0p1mA,0.0001715788227161,0.1255640792660415,8.043932149904842e-05,831,859,609,41.754385964912274,39.78947368421053,57.33333333333333,17.5438596491228,moderate_agreement
MEASURE_ET_DC_SEC_S_Vg_at_I1_pos_FPSD3p2,0.0001715097188004,0.1114764725789427,8.81904304989023e-06,832,887,872,41.68421052631579,37.824561403508774,38.877192982456144,3.8596491228070136,high_agreement
TFRP_M_Gauge_P_E_Resistors,0.0001708421846374,0.0663768604863435,4.7239443740709765e-05,833,986,683,41.6140350877193,30.877192982456137,52.14035087719297,21.263157894736835,moderate_agreement
MEASURE_ET_RF_Modeling_L_Gs,0.0001702760493687,0.2190438117831945,5.414980149467674e-05,834,755,665,41.54385964912281,47.08771929824561,53.40350877192983,11.85964912280702,high_agreement
GATE1_Thickness1_Triple_E-beam_thickness,0.0001701467067285,0.1532020496670156,4.384982104299606e-05,835,820,692,41.473684210526315,42.52631578947368,51.50877192982456,10.035087719298247,high_agreement
MEASURE_ET_DC_SEC_S_Vg_at_I2_pos_SD3p5,0.0001698431522248,0.4094038908369839,2.738356013142762e-05,836,648,753,41.40350877192982,54.59649122807018,47.228070175438596,13.192982456140356,high_agreement
TOPSIN_ET_DC_PIV_Drain_Lag_1,0.0001687785224757,0.1980728430207818,1.2220824165240508e-05,837,780,846,41.333333333333336,45.333333333333336,40.70175438596492,4.631578947368418,high_agreement
MEASURE_ET_sh_GA142_GN,0.0001664806427011,0.1017489894293248,-1.261749487163344e-05,838,909,1281,41.26315789473685,36.280701754385966,10.175438596491226,31.087719298245624,moderate_agreement
MEASURE_ET_RF_Modeling_Cgs_err,0.0001659152655065,0.1061826017685234,-7.722207904432011e-05,839,901,1401,41.19298245614035,36.8421052631579,1.7543859649122862,39.43859649122806,low_agreement
MEASURE_ET_DC_RF_Min_S21_Mag_L1002,0.0001650628932227,0.3586360067129135,-4.523819260930096e-05,840,666,1384,41.12280701754386,53.333333333333336,2.947368421052632,50.385964912280706,low_agreement
THIN_ET_Rcat_cn_2,0.000164660892854,0.2302307337522506,7.752277601894008e-06,841,743,887,41.05263157894738,47.929824561403514,37.824561403508774,10.10526315789474,high_agreement
MEASURE_ET_DC_RF_Vdg_max_0p1,0.0001619411781976,0.094736922183074,2.2898327909193217e-05,842,922,784,40.98245614035088,35.36842105263158,45.05263157894737,9.684210526315788,high_agreement
MEASURE_ET_Rsh_F_AB_2,0.000160290044955,0.0893526007421314,3.162934416180707e-05,843,936,728,40.91228070175439,34.3859649122807,48.98245614035087,14.596491228070171,high_agreement
MEASURE_ET_RF_Modeling_Gm_m0p2_W,0.0001588324129333,0.1507010012865066,2.4595346176845e-05,844,823,771,40.84210526315789,42.315789473684205,45.96491228070175,5.122807017543863,high_agreement
MEASURE_ET_DC_SMALL_n_gd,0.0001579041187717,0.2352111849468201,2.674287260336916e-05,845,740,757,40.771929824561404,48.140350877192986,46.94736842105263,7.368421052631582,high_agreement
MEASURE_ET_RF_Modeling_Gds_err,0.0001572226114085,0.2091922576073557,2.6599034065513672e-05,846,770,758,40.70175438596492,46.035087719298254,46.87719298245614,6.175438596491219,high_agreement
OHMIC_ET_R214,0.0001568932053955,0.0309837003005668,1.0347164070428904e-05,847,1096,861,40.63157894736842,23.15789473684211,39.64912280701755,17.473684210526308,moderate_agreement
TOPSIN_ET_C175pf_0,0.0001567543398711,0.3449387263972312,3.6043143513242447e-06,848,669,929,40.56140350877193,53.12280701754386,34.87719298245614,18.245614035087726,moderate_agreement
MEASURE_ET_DC_SMALL_Vbgd_0p01,0.000156269523432,0.222459003329277,2.2676130408005867e-05,849,749,785,40.49122807017543,47.508771929824555,44.98245614035088,7.017543859649123,high_agreement
MEASURE_ET_DC_SEC_Vboff_1,0.0001561864458963,0.089937130222097,-2.5418236967425516e-05,850,934,1356,40.421052631578945,34.526315789473685,4.912280701754391,35.508771929824555,low_agreement
BRIDGE_METAL_Height2_BRGM_Height2,0.0001557157970577,0.16054422641173,6.135492040223455e-05,851,817,650,40.35087719298246,42.736842105263165,54.45614035087719,14.105263157894733,high_agreement
MEASURE_ET_DC_SEC_X_Vg_at_I3_pos_SD3p5,0.0001543945282416,0.1002795523963868,-2.9325772389554582e-05,852,913,1364,40.28070175438596,36.0,4.350877192982461,35.9298245614035,low_agreement
MEASURE_ET_DC_RF2_S12ang_26GHz,0.0001541523157951,0.1891753710806369,4.472623015965016e-05,853,785,687,40.21052631578947,44.98245614035088,51.859649122807014,11.649122807017541,high_agreement
MEASURE_ET_Cap2pf,0.0001535095234333,0.3353900015354156,0.000134041742274,854,678,554,40.140350877192986,52.49122807017543,61.192982456140356,21.05263157894737,moderate_agreement
MEASURE_ET_DC_SEC_X_Ig_mAmm_at_Vg_cond_pos_FPSD3p2,0.0001533932156671,0.2996334710624069,-1.4532400171460292e-05,855,690,1297,40.070175438596486,51.64912280701755,9.052631578947368,42.59649122807018,low_agreement
MEASURE_ET_DC_SMALL_Vbgd_0p1,0.0001529864476517,0.0553598999977111,5.19082443535851e-05,856,1016,668,40.0,28.771929824561404,53.19298245614035,24.421052631578945,moderate_agreement
EBCR2_CD_2_EBCR_cd_etch,0.000152834242389,0.1105381099041551,-1.4498390787126558e-06,857,890,1157,39.92982456140351,37.6140350877193,18.877192982456137,21.05263157894737,moderate_agreement
MEASURE_ET_Vbkdn_C300pf,0.0001501180588422,0.1282680397853255,1.1888934479678536e-05,858,855,850,39.859649122807014,40.070175438596486,40.421052631578945,0.5614035087719316,high_agreement
TOPSIN_ET_DC_RF_n_gs,0.0001495147732721,0.5501631116494536,-2.3188247866928743e-05,859,618,1343,39.78947368421053,56.70175438596492,5.824561403508777,50.877192982456144,low_agreement
CATHODE_ET_Rsh_cat_c2_OW_ST,0.000149489327285,0.1004689987748861,7.188973704475021e-05,860,912,631,39.719298245614034,36.07017543859649,55.78947368421052,19.719298245614027,moderate_agreement
MEASURE_ET_DC_SMALL_Vdg_max,0.0001480046498103,0.1309512532316148,9.82795502054018e-05,861,852,586,39.64912280701755,40.28070175438596,58.94736842105264,19.29824561403509,moderate_agreement
MEASURE_ET_DC_SMALL_Vg_optt,0.0001473280381014,0.2788953562267124,8.719528486613725e-05,862,706,599,39.578947368421055,50.526315789473685,58.03508771929824,18.456140350877185,moderate_agreement
SIN_ET_DC_RF_Vbin_gd,0.0001469308276718,0.0599885992705822,2.118704307596808e-05,863,1005,792,39.50877192982456,29.543859649122805,44.49122807017544,14.947368421052634,high_agreement
TOPSIN_ET_C450pf_0,0.000146502873617,0.3163957884535193,-2.822897147728154e-05,864,683,1360,39.438596491228076,52.14035087719297,4.6315789473684195,47.508771929824555,low_agreement
MEASURE_ET_DC_SEC_X_Id_mA_mm_at_Vg2,0.0001464993932193,0.2284702998585999,5.065194877600654e-05,865,744,672,39.368421052631575,47.859649122807014,52.91228070175439,13.543859649122815,high_agreement
MEASURE_ET_DC_RF_MAG_35GHz_W,0.000146298611661,0.1390273817814886,3.63816193043015e-05,866,839,714,39.29824561403509,41.19298245614035,49.96491228070175,10.666666666666664,high_agreement
MEASURE_ET_DC_SEC_S_Ig_cut2_mAmm_pos_FPSD3p2,0.00014612092916,0.1084439996629953,-1.5337246634655745e-05,867,894,1303,39.2280701754386,37.33333333333333,8.631578947368423,30.596491228070178,moderate_agreement
MEASURE_ET_DC_SEC_S_Vboff_Id,0.000145962491573,0.1726514617912471,-3.936662691974291e-05,868,802,1377,39.1578947368421,43.78947368421052,3.438596491228074,40.350877192982445,low_agreement
MEASURE_ET_DC_SEC_S_Ig_cut3_mAmm_pos,0.0001457372532242,0.1691281443927437,-5.737386288127144e-05,869,807,1391,39.08771929824562,43.43859649122807,2.4561403508771895,40.98245614035088,low_agreement
THIN_ET_TFR_AB,0.0001456010907512,0.0926905779633671,-8.794396462061261e-06,870,926,1250,39.017543859649116,35.08771929824561,12.350877192982457,26.666666666666657,moderate_agreement
MEASURE_ET_RF_Modeling_S21_19G_Before,0.000145484723196,0.0169358800631016,2.5765505400404674e-05,871,1163,761,38.94736842105263,18.45614035087719,46.666666666666664,28.210526315789473,moderate_agreement
MEASURE_ET_DC_SEC_X_Ig_mAmm_at_Vg_cond_pos_SD3p5,0.0001450009023303,0.0859728513751179,-3.369924273793623e-05,872,947,1371,38.877192982456144,33.614035087719294,3.8596491228070184,35.01754385964912,low_agreement
SIN_Thickness1_RefractiveIndex,0.0001446241964772,0.0991822397336363,-4.2951999211363054e-05,873,916,1380,38.807017543859644,35.78947368421053,3.228070175438591,35.578947368421055,low_agreement
MEASURE_ET_DC_Stress_Id_gm_max_after,0.0001441164553616,0.1424089986830949,-4.533913502797748e-05,874,836,1385,38.73684210526316,41.40350877192982,2.877192982456145,38.52631578947368,low_agreement
MEASURE_ET_DC_Stress_Idss_after,0.0001439390468068,0.1489788051694631,-2.6562222749465515e-06,875,824,1182,38.66666666666667,42.24561403508772,17.122807017543863,25.122807017543856,moderate_agreement
MEASURE_ET_DC_RD_S21dB_18GHz,0.0001438468742441,0.1724983998574316,7.607368383874547e-05,876,803,619,38.59649122807017,43.719298245614034,56.631578947368425,18.035087719298254,moderate_agreement
MEASURE_ET_DC_SEC_S_Id_mA_mm_at_Vg1_SD3p5,0.0001436543498714,0.1227842103689909,-2.3474443004320445e-05,877,866,1346,38.526315789473685,39.29824561403509,5.6140350877192935,33.684210526315795,moderate_agreement
METAL1_Height_Metal1_metal_thickness,0.0001434657547745,0.0813261794392019,-5.407910964776997e-05,878,952,1390,38.45614035087719,33.263157894736835,2.5263157894736876,35.92982456140351,low_agreement
TOPSIN_ET_Load_Pull_ID_comp_Last_mA,0.0001427362835424,0.0783401716034859,-1.1193806938483707e-05,879,957,1271,38.3859649122807,32.91228070175438,10.87719298245614,27.508771929824558,moderate_agreement
MEASURE_ET_DC_RF_Ft,0.0001425922165122,0.1239751977846026,1.0791266082979532e-05,880,862,858,38.31578947368421,39.578947368421055,39.859649122807014,1.5438596491228012,high_agreement
MEASURE_ET_LT_SEC_Id_min_mA_mm_Vd8,0.0001422380998255,0.2243739962577819,3.9552012109625446e-05,881,746,705,38.24561403508772,47.71929824561404,50.59649122807017,12.350877192982452,high_agreement
THIN_ET_Cap_C300,0.0001414088162908,0.1071360986679792,1.4510346028784315e-06,882,898,959,38.175438596491226,37.05263157894737,32.77192982456141,5.403508771929815,high_agreement
MEASURE_ET_RF_Modeling_Delta_MAG_19G,0.0001408991430869,0.1076585985720157,1.3894930956043216e-05,883,897,832,38.10526315789474,37.122807017543856,41.68421052631579,4.561403508771932,high_agreement
SIN_Thickness2_SiN_Thickness,0.0001401037093906,0.0773538104258477,7.775001452201558e-05,884,958,614,38.03508771929825,32.8421052631579,56.98245614035088,24.14035087719298,moderate_agreement
MEASURE_ET_DC_SEC_X_Vboff_Id_plus_Ig_FPSD3p2,0.000139342681353,0.0755513000767678,5.077925631355451e-05,885,963,671,37.96491228070175,32.49122807017544,52.98245614035088,20.49122807017544,moderate_agreement
TFRP_ET_TF_AB_3,0.0001392615477926,0.2126659457571804,4.4687114578101375e-05,886,765,688,37.89473684210526,46.3859649122807,51.78947368421052,13.89473684210526,high_agreement
MEASURE_ET_TFR_AB,0.0001390802822105,0.1760868323035538,4.094496613219756e-05,887,797,701,37.824561403508774,44.14035087719298,50.877192982456144,13.05263157894737,high_agreement
VIA_GaN_Height_Ni_height,0.0001385821046296,0.1024618290830403,1.2537221593070249e-05,888,907,844,37.75438596491229,36.421052631578945,40.84210526315789,4.421052631578945,high_agreement
TOPSIN_ET_C385pf_0,0.0001381996652131,0.1115098195150494,-1.1690994637347795e-05,889,886,1274,37.68421052631579,37.89473684210526,10.666666666666668,27.228070175438592,moderate_agreement
MEASURE_ET_TF_AB_1,0.0001369200090137,0.0265314502175897,-2.582156661288804e-05,890,1112,1358,37.6140350877193,22.03508771929824,4.771929824561405,32.8421052631579,moderate_agreement
SIN_ET_DC_RF_Vboff,0.0001355348915395,0.2048829139675945,-7.856959355515559e-05,891,775,1405,37.5438596491228,45.684210526315795,1.473684210526316,44.21052631578948,low_agreement
THIN_ET_R_400_HOR,0.00013486357694,0.0950068095698952,2.489760456547696e-05,892,921,770,37.473684210526315,35.43859649122807,46.035087719298254,10.596491228070185,high_agreement
MEASURE_ET_DC_PIV_Gate_Lag_Idss,0.0001341365843671,0.0857713459990918,3.2095938199430685e-05,893,948,727,37.40350877192983,33.54385964912281,49.05263157894737,15.508771929824562,moderate_agreement
MEASURE_ET_DC_RF_Vds_max_0p1mA,0.0001325890867844,0.134699497371912,-2.515877115177312e-05,894,845,1355,37.33333333333333,40.771929824561404,4.982456140350877,35.78947368421053,low_agreement
THIN_ET_R_4000_VER,0.0001321416924808,0.0612906102323904,-2.332111087728905e-05,895,1001,1345,37.26315789473684,29.824561403508774,5.684210526315791,31.57894736842105,moderate_agreement
MEASURE_ET_Load_Pull_P.A.E_Last,0.0001321178683681,0.1681420148815959,-1.8600304511323663e-05,896,808,1324,37.192982456140356,43.368421052631575,7.157894736842108,36.210526315789465,low_agreement
VIA_Etch_Via_etch_end_point_time,0.000132066485075,0.0990701569244265,2.640800451966796e-06,897,918,946,37.122807017543856,35.64912280701754,33.684210526315795,3.4385964912280613,high_agreement
GATE2_ET_Ids2_Gate_recess_current,0.0001320490646282,0.2765826303511858,-1.591606527747147e-05,898,708,1309,37.05263157894737,50.3859649122807,8.21052631578948,42.17543859649122,low_agreement
MEASURE_ET_Load_Pull_Id_ord,0.0001315154212778,0.138600050471723,3.281382030368707e-05,899,841,724,36.98245614035087,41.05263157894738,49.26315789473684,12.280701754385973,high_agreement
MEASURE_ET_RF_Modeling_Rg,0.00013142112071,0.1470609728712588,1.907959940025683e-06,900,829,954,36.91228070175438,41.89473684210526,33.12280701754386,8.771929824561397,high_agreement
MEASURE_ET_DC_RF_CF_S21_Mag_L2180,0.0001307328034692,0.1824348818045109,0.0001088296806467,901,790,574,36.8421052631579,44.631578947368425,59.78947368421053,22.94736842105263,moderate_agreement
TOPSIN_ET_DC_RF_Vt_gs,0.0001302139325475,0.1196184663567692,-6.292851286151258e-05,902,873,1395,36.7719298245614,38.807017543859644,2.1754385964912304,36.63157894736841,low_agreement
OHMIC_ET_OHMIC_conc,0.000130140522113,0.0751629702281206,-1.557423384109524e-05,903,965,1306,36.70175438596491,32.35087719298245,8.421052631578952,28.28070175438596,moderate_agreement
FIC_ET_DC_RF_Vds_max_0p1mA,0.0001299247220664,0.1316890396410599,-3.319831735424938e-05,904,849,1369,36.631578947368425,40.49122807017543,4.0000000000000036,36.491228070175424,low_agreement
MEASURE_ET_DC_SEC_X_Ig_mAmm_at_Vg_cond_neg_SD3p5,0.0001297450599623,0.0891027408652007,3.076746891315096e-05,905,939,732,36.56140350877193,34.175438596491226,48.70175438596491,14.526315789473685,high_agreement
FIC_ET_Ig_mAmm_at_Vd_cond,0.000129676907246,0.3609801784623414,1.5627703179249554e-05,906,663,820,36.49122807017544,53.54385964912281,42.52631578947368,17.05263157894737,moderate_agreement
MEASURE_ET_lkg_C200,0.0001294929335622,0.236789156217128,0.0001189699034994,907,736,569,36.421052631578945,48.421052631578945,60.140350877192986,23.71929824561404,moderate_agreement
MEASURE_ET_Load_Pull_Freq,0.0001294876002131,0.2179616000503301,-3.1276572314886675e-05,908,757,1367,36.35087719298246,46.94736842105263,4.140350877192978,42.80701754385965,low_agreement
SIN_ET_DC_RF_Vg_max_Vd_0p1mA,0.0001293053299673,0.0561356601538136,-1.9409014190480133e-06,909,1012,1167,36.280701754385966,29.052631578947363,18.175438596491233,18.105263157894733,moderate_agreement
MEASURE_ET_Load_Pull_Pout_Last,0.0001287573946581,0.1487667683977633,-8.617686220822041e-05,910,825,1406,36.21052631578947,42.17543859649123,1.403508771929829,40.771929824561404,low_agreement
FIC_ET_DC_RF_Vboff,0.0001286330348043,0.1547897595446556,3.265009503650995e-05,911,819,725,36.140350877192986,42.59649122807018,49.192982456140356,13.05263157894737,high_agreement
MEASURE_ET_C175pf_0,0.0001281231105165,0.0354891894385218,-3.520086752859808e-05,912,1082,1374,36.07017543859649,24.140350877192983,3.6491228070175463,32.421052631578945,moderate_agreement
MEASURE_ET_DC_SEC_S_Ig_cut2_mAmm_pos,0.0001279139197206,0.1436054343357682,1.2902472604914284e-05,913,835,840,36.0,41.473684210526315,41.12280701754386,5.473684210526315,high_agreement
THIN_ET_DC_RF_n_gd,0.000127827265455,0.136481299996376,3.075557174258559e-05,914,843,733,35.929824561403514,40.91228070175439,48.631578947368425,12.701754385964911,high_agreement
MEASURE_ET_DC_SEC_S_Ids_max_norm_SD3p5,0.000127536392049,0.1033902594354003,2.8700559926156388e-05,915,903,744,35.859649122807014,36.70175438596491,47.859649122807014,12.0,high_agreement
MEASURE_ET_DC_PIV_Drain_Lag_1,0.0001266026019102,0.120915500447154,2.923655829558669e-05,916,869,741,35.78947368421053,39.08771929824562,48.07017543859649,12.280701754385966,high_agreement
MEASURE_ET_DC_RF_S21dB_26GHz_W,0.0001264701524485,0.114151700399816,-7.925465201150116e-06,917,883,1241,35.71929824561404,38.10526315789474,12.982456140350873,25.122807017543867,moderate_agreement
MEASURE_ET_DC_Big_K,0.0001253206653485,0.1151418983936309,-4.812825551958611e-06,918,879,1209,35.64912280701754,38.3859649122807,15.228070175438601,23.157894736842096,moderate_agreement
TOPSIN_ET_DC_RF_n_gd,0.0001246390095408,0.0746472508180886,2.0843172074727636e-05,919,969,796,35.578947368421055,32.07017543859649,44.21052631578948,12.140350877192986,high_agreement
MEASURE_ET_F_AB,0.0001238074555889,0.1030252599157393,2.374546670986244e-05,920,905,777,35.508771929824555,36.56140350877193,45.54385964912281,10.035087719298254,high_agreement
CATHODE_ET_C_CAT_2_OW_ST,0.0001236957236488,0.1438137013465166,1.78746538400526e-05,921,834,808,35.43859649122807,41.54385964912281,43.368421052631575,7.929824561403507,high_agreement
MEASURE_ET_DC_SEC_S_Bin_SD3p5,0.0001236692266099,0.0395169502589851,-9.945608524558614e-06,922,1066,1262,35.36842105263158,25.263157894736842,11.508771929824558,23.859649122807024,moderate_agreement
MEASURE_ET_DC_RD_S12ang_18GHz,0.0001235482116318,0.1265878984704613,1.555143313708984e-05,923,857,822,35.29824561403508,39.92982456140351,42.385964912280706,7.087719298245624,high_agreement
MEASURE_ET_DC_SEC_S_Ig_cut1_mAmm_pos_SD3p5,0.0001233876567925,0.1147553101181984,3.373976759230568e-05,924,881,720,35.228070175438596,38.24561403508772,49.543859649122815,14.31578947368422,high_agreement
MEASURE_ET_DC_SEC_S_Id_mA_mm_at_Vg1,0.0001230741184977,0.047724179807119,-5.895487959622914e-07,925,1041,1142,35.15789473684211,27.017543859649116,19.929824561403507,15.228070175438603,moderate_agreement
THIN_ET_R114,0.0001221686104969,0.0519849513657391,-5.684196710609157e-06,926,1023,1214,35.08771929824561,28.280701754385962,14.877192982456144,20.210526315789465,moderate_agreement
MEASURE_ET_Ran_con_2_OW_CR,0.0001217713914583,0.1307637938298285,9.534671273095652e-05,927,854,589,35.01754385964912,40.140350877192986,58.73684210526315,23.719298245614027,moderate_agreement
THIN_ET_DC_RF_Vdg_max,0.0001217356559235,0.0408318305853754,4.4350449100091785e-05,928,1063,691,34.94736842105263,25.473684210526315,51.578947368421055,26.10526315789474,moderate_agreement
FIC_ET_Vdg_max,0.0001209969549513,0.1282489001750946,8.534229300385943e-06,929,856,876,34.87719298245614,40.0,38.59649122807017,5.122807017543863,high_agreement
MEASURE_ET_lkg_C300M1B,0.0001209742818186,0.0555906016379594,-2.5672236603130338e-06,930,1014,1180,34.80701754385965,28.91228070175439,17.263157894736846,17.543859649122805,moderate_agreement
MEASURE_ET_DC_RF_Max_S11_Freq_L1002,0.0001208582217441,0.294445032835938,4.901474317668131e-05,931,696,676,34.73684210526316,51.2280701754386,52.63157894736843,17.894736842105274,moderate_agreement
TOPSIN_ET_DC_RF_Imax,0.0001201263401694,0.2398020029067993,-8.680435572602785e-06,932,728,1248,34.66666666666667,48.98245614035087,12.491228070175442,36.491228070175424,low_agreement
MEASURE_ET_DC_Big_Vds_max,0.0001197531552161,0.0869442704133689,6.175127251105695e-05,933,943,647,34.59649122807018,33.89473684210527,54.666666666666664,20.771929824561397,moderate_agreement
MEASURE_ET_DC_SEC_X_Ids_max_SD3p5,0.000119217856401,0.1208378565497696,-1.5999885153886172e-05,934,870,1311,34.526315789473685,39.017543859649116,8.070175438596493,30.947368421052623,moderate_agreement
THIN_ET_R_f_hr_3,0.0001171333637271,0.2100706668570637,6.872382373153407e-05,935,768,638,34.4561403508772,46.175438596491226,55.29824561403509,20.84210526315789,moderate_agreement
MEASURE_ET_DC_Big_Vg_optt3,0.0001165554610082,0.4307203053031117,2.1077289535928468e-05,936,643,794,34.3859649122807,54.94736842105263,44.35087719298245,20.56140350877193,moderate_agreement
MEASURE_ET_DC_SEC_S_Id_plus_Ig_at_Vboff_mA_mm_SD3p5,0.0001164000360536,0.078967839712277,2.8942313263502493e-07,937,955,977,34.31578947368421,33.05263157894737,31.508771929824565,2.807017543859647,high_agreement
MEASURE_ET_DC_RF_Freq_cut_L1018,0.0001163395526766,0.2237170073203742,3.374880559763871e-05,938,747,719,34.245614035087726,47.64912280701754,49.6140350877193,15.368421052631575,moderate_agreement
TFRP_ET_TF_AB_1,0.0001160325706354,0.0666428895201534,9.193120963918444e-06,939,985,870,34.175438596491226,30.947368421052634,39.017543859649116,8.070175438596483,high_agreement
MEASURE_ET_DC_Big_S22dB_10GHz,0.0001159748182087,0.2192898369394242,-7.360576880260927e-05,940,753,1398,34.10526315789474,47.228070175438596,1.9649122807017583,45.263157894736835,low_agreement
MEASURE_ET_RF_Modeling_Cds_err,0.0001151719493082,0.1257072887383401,8.707077369185523e-06,941,858,873,34.03508771929824,39.859649122807014,38.807017543859644,5.824561403508774,high_agreement
FIC_ET_DC_RF_Vp_1,0.0001149752861773,0.0958103430457413,-1.686745188071992e-05,942,919,1319,33.96491228070175,35.578947368421055,7.508771929824565,28.07017543859649,moderate_agreement
MEASURE_ET_DC_SEC_X_Vg_at_I2_pos_FPSD3p2,0.0001142933143498,0.0507426001131534,3.052961324431225e-05,943,1028,736,33.89473684210527,27.929824561403503,48.421052631578945,20.491228070175442,moderate_agreement
SIN_GATE_ET_OHMC_GN,0.0001141667595433,0.0919378987746313,2.265524558669463e-05,944,929,786,33.82456140350877,34.87719298245614,44.91228070175438,11.087719298245617,high_agreement
SIN_GATE_ET_Ran_con_1,0.0001141425853713,0.0663717305287718,1.6956410527446674e-05,945,987,812,33.75438596491228,30.80701754385965,43.08771929824562,12.280701754385966,high_agreement
THIN_ET_TANR,0.0001128109255279,0.1088317190296948,-1.5752954965636558e-05,946,893,1308,33.684210526315795,37.40350877192983,8.280701754385966,29.122807017543863,moderate_agreement
MEASURE_ET_DC_SEC_S_Id_plus_Ig_at_Vboff_mA_mm_FPSD3p2,0.0001120656580248,0.0877624196000397,6.854509798256969e-06,947,941,898,33.614035087719294,34.03508771929824,37.05263157894737,3.4385964912280755,high_agreement
MEASURE_ET_RF_Modeling_Vd_stress,0.0001108604618525,0.0661370921880006,-4.501317555178075e-05,948,990,1381,33.54385964912281,30.596491228070178,3.157894736842104,30.385964912280706,moderate_agreement
THIN_ET_R_660_VER,0.0001105565986156,0.0323313700500875,9.872502045157882e-06,949,1092,865,33.47368421052631,23.43859649122807,39.368421052631575,15.929824561403507,moderate_agreement
GATE2_CD_HPA_CB_Gate_Win_Length,0.0001102912359166,0.1451870920136571,-4.5133364904670346e-05,950,833,1383,33.40350877192982,41.6140350877193,3.017543859649119,38.596491228070185,low_agreement
MEASURE_ET_C300FB,0.0001100081619542,0.0511771512683481,9.35927725000396e-06,951,1025,868,33.333333333333336,28.140350877192986,39.1578947368421,11.017543859649116,high_agreement
THIN_ET_DC_RF_Gm_0,0.0001098392678197,0.0190398301929235,6.129423893802277e-05,952,1152,651,33.263157894736835,19.228070175438596,54.385964912280706,35.15789473684211,low_agreement
MEASURE_ET_DC_SEC_S_Bin_FPSD3p2,0.0001093483263646,0.0586557816714048,2.8382048803762823e-05,953,1008,748,33.19298245614035,29.333333333333332,47.578947368421055,18.245614035087723,moderate_agreement
MEASURE_ET_DC_SEC_S_Ig_cut1_mAmm_pos,0.0001092656208829,0.0602540289983153,-3.2230004474631536e-05,954,1003,1368,33.12280701754386,29.68421052631579,4.070175438596491,29.052631578947373,moderate_agreement
SIN_GATE_ET_TR_1F,0.0001082842589032,0.0709515091730281,2.4467287183235764e-05,955,974,772,33.05263157894737,31.719298245614034,45.89473684210527,14.175438596491233,high_agreement
TOPSIN_ET_DC_RF_Vg_max_Vd_0p1,0.0001079313583035,0.0372755215503275,-2.298332001787196e-05,956,1073,1341,32.98245614035088,24.7719298245614,5.964912280701751,27.017543859649127,moderate_agreement
THIN_Measure4_Wafer_thickness_final,0.0001079109890274,0.1011987517122179,1.558916970631763e-05,957,910,821,32.91228070175438,36.21052631578947,42.45614035087719,9.543859649122808,high_agreement
MEASURE_ET_DC_SEC_S_Ig_mAmm_at_Vg_cond_pos,0.00010618732658,0.0545173394493758,2.376729587661719e-05,958,1019,776,32.8421052631579,28.56140350877193,45.614035087719294,17.052631578947363,moderate_agreement
TOPSIN_ET_GC_Igs,0.0001054011917124,0.0587945794686675,3.649456644533311e-05,959,1007,712,32.77192982456141,29.403508771929822,50.10526315789474,20.701754385964918,moderate_agreement
MEASURE_ET_DC_SEC_S_ChipStatus,0.0001045329866779,0.0809528976678848,8.159645788294311e-06,960,953,881,32.70175438596491,33.19298245614035,38.24561403508772,5.543859649122808,high_agreement
MEASURE_ET_DC_RF_Min_S21_Ph_L1018,0.000104347335577,0.152590699493885,-4.197369496317105e-06,961,821,1202,32.631578947368425,42.45614035087719,15.719298245614032,26.736842105263158,moderate_agreement
SIN_GATE_ET_Ran_con_3,0.0001038938962088,0.0497459501493722,-3.7830259343665794e-05,962,1033,1376,32.561403508771924,27.578947368421048,3.508771929824561,29.052631578947363,moderate_agreement
MEASURE_ET_DC_Big_Vg_gm_max,0.0001038133017227,0.2491452991962433,6.150967912531836e-05,963,723,648,32.49122807017544,49.33333333333333,54.59649122807018,22.10526315789474,moderate_agreement
MEASURE_ET_DC_Big_S21dB_10GHz,0.0001035576483948,0.1139101930893957,1.0824456365854384e-06,964,884,966,32.42105263157895,38.03508771929825,32.280701754385966,5.754385964912281,high_agreement
MEASURE_ET_Load_Pull_IG_comp_Last_uA,0.0001030690660386,0.0505386004224419,1.3287770340800198e-05,965,1030,835,32.35087719298245,27.78947368421053,41.473684210526315,13.684210526315784,high_agreement
MEASURE_ET_DC_SEC_S_Vg_at_I3_pos_SD3p5,0.0001025656508395,0.0426882402971386,7.889884715076012e-06,966,1057,884,32.280701754385966,25.89473684210526,38.03508771929825,12.140350877192986,high_agreement
TOPSIN_ET_Gm_m2,0.0001025634470258,0.1168151032179594,-1.4727472771008943e-06,967,876,1160,32.21052631578948,38.59649122807017,18.666666666666664,19.929824561403507,moderate_agreement
TOPSIN_ET_DC_SMALL_Vg_max_Vd_0p1,0.000102343994698,0.0633345008827745,-2.495695156848887e-05,968,996,1354,32.14035087719298,30.175438596491233,5.052631578947365,27.087719298245617,moderate_agreement
SIN_GATE_ET_R214,0.000102210988098,0.0697702195029705,-4.904060906591179e-05,969,980,1386,32.07017543859649,31.298245614035093,2.8070175438596467,29.263157894736846,moderate_agreement
SIN_GATE_ET_RGAN1,0.0001021658540373,0.0634249006398022,3.4843317573696182e-06,970,995,930,31.999999999999996,30.24561403508772,34.80701754385965,4.561403508771932,high_agreement
SIN_GATE_ET_I_5,0.0001002412691325,0.1709242123179137,-4.530066206440142e-06,971,805,1205,31.929824561403507,43.57894736842105,15.508771929824562,28.070175438596486,moderate_agreement
THIN_ET_DC_RF_Imax,9.97866012447438e-05,0.073339182883501,-2.996599559152713e-05,972,972,1366,31.85964912280702,31.85964912280702,4.210526315789476,27.649122807017545,moderate_agreement
TOPSIN_ET_C100CapFICM1,9.90521559272882e-05,0.12205038103275,3.837534998867021e-05,973,867,708,31.789473684210524,39.2280701754386,50.3859649122807,18.596491228070175,moderate_agreement
SIN_ET_DC_RF_Vdg_max_0p1mA,9.903882895033456e-05,0.0691353294532746,2.444495314401496e-05,974,983,773,31.719298245614034,31.08771929824561,45.82456140350877,14.736842105263158,high_agreement
MEASURE_ET_DC_SEC_X_Ig_mAmm_at_Vg_cond_neg_FPSD3p2,9.89284906724466e-05,0.0466266404837369,2.9083381716282776e-06,975,1043,939,31.649122807017548,26.877192982456144,34.175438596491226,7.298245614035082,high_agreement
MEASURE_ET_Load_Pull_Vg,9.878369967060268e-05,0.0925464074825868,4.4368217717072336e-05,976,927,690,31.57894736842105,35.01754385964912,51.64912280701755,20.070175438596497,moderate_agreement
THIN_ET_R_660_HOR,9.659984585154544e-05,0.2184100002050399,1.872913649111352e-05,977,756,806,31.508771929824565,47.01754385964912,43.50877192982456,15.508771929824558,moderate_agreement
THIN_ET_DC_RF_Vp_01,9.65622305138233e-05,0.0237831501290202,-1.0681432108411435e-05,978,1129,1270,31.438596491228065,20.842105263157894,10.947368421052628,20.49122807017544,moderate_agreement
FIC_ET_DC_RF_Imax,9.634922610301196e-05,0.2160290032625198,5.0002385295058736e-05,979,760,675,31.36842105263158,46.73684210526316,52.70175438596492,21.33333333333334,moderate_agreement
OHMIC_ET_Ran_con_3,9.56839708070234e-05,0.0489912396296858,1.1871805731411557e-05,980,1036,851,31.298245614035093,27.368421052631575,40.35087719298246,12.982456140350884,high_agreement
FIC_ET_R_f_hr_2,9.542590769440144e-05,0.0764141301624476,2.6025475817254008e-05,981,960,760,31.228070175438592,32.70175438596491,46.73684210526316,15.508771929824565,moderate_agreement
SIN_ET_DC_RF_Vbgd_0p01,9.533583790169732e-05,0.2166414246894419,1.088485627123159e-05,982,759,856,31.157894736842106,46.80701754385965,40.0,15.649122807017545,moderate_agreement
THIN_ET_DC_RF_Vds_max,9.526612700511474e-05,0.0310941901989281,-1.687788594318951e-05,983,1095,1320,31.08771929824561,23.228070175438596,7.438596491228067,23.64912280701754,moderate_agreement
MEASURE_ET_DC_SEC_X_Vg_at_I1_neg,9.485881191779763e-05,0.0385273501742631,1.7923783764769995e-05,984,1069,807,31.017543859649123,25.05263157894737,43.43859649122807,18.3859649122807,moderate_agreement
THIN_ET_F_AB,9.476479843475584e-05,0.0311278896406292,1.728170035613652e-05,985,1094,811,30.947368421052634,23.298245614035086,43.15789473684211,19.859649122807024,moderate_agreement
THIN_Measure2_Thickness_after_grinding,9.47460970556044e-05,0.1067369002848863,-2.023120512180121e-05,986,900,1330,30.877192982456137,36.91228070175438,6.736842105263163,30.17543859649122,moderate_agreement
FIC_ET_DC_RF_Vds_max,9.467218015325208e-05,0.0492502581328153,2.5352870448794305e-05,987,1034,764,30.80701754385965,27.50877192982456,46.45614035087719,18.94736842105263,moderate_agreement
MEASURE_ET_DC_RD_Vg_Vbon_max,9.413307634083124e-05,0.0752044785767793,1.949611001543228e-05,988,964,801,30.73684210526316,32.42105263157895,43.85964912280702,13.12280701754386,high_agreement
TOPSIN_ET_C450pf,9.40860860438352e-05,0.0708020804449915,-2.0605544635565742e-06,989,975,1169,30.666666666666664,31.649122807017548,18.035087719298247,13.614035087719301,high_agreement
TOPSIN_ET_Load_Pull_Id_ini,9.295338898829374e-05,0.1402759999036789,3.501479670105223e-05,990,838,718,30.596491228070178,41.26315789473685,49.68421052631579,19.08771929824561,moderate_agreement
MEASURE_ET_Rsh_cat_c2_OW_ST,9.264174610137964e-05,0.1621313674841076,-4.51067543330963e-05,991,813,1382,30.526315789473678,43.01754385964912,3.087719298245617,39.92982456140351,low_agreement
MEASURE_ET_DC_SEC_S_Ids_max_SD3p5,9.2428316028621e-05,0.0807839191984385,3.130396554530401e-05,992,954,729,30.45614035087719,33.12280701754386,48.91228070175438,18.45614035087719,moderate_agreement
MEASURE_ET_LT_SEC_Id_min_mA_mm_Vd7,9.23427004904552e-05,0.0663712201640009,1.4816519213059488e-05,993,988,827,30.385964912280706,30.73684210526316,42.03508771929825,11.649122807017541,high_agreement
MEASURE_ET_TR_1F,9.193595422042944e-05,0.1609376082196831,4.015002536816304e-05,994,816,704,30.315789473684205,42.80701754385965,50.66666666666666,20.350877192982452,moderate_agreement
THIN_ET_TF_AB_3,9.18844741097642e-05,0.0434804391115903,1.1166423587727348e-06,995,1056,965,30.24561403508772,25.964912280701757,32.35087719298245,6.385964912280695,high_agreement
MEASURE_ET_RF_Modeling_Idss_W,9.122018985474892e-05,0.0892819175496697,-4.582819899456858e-07,996,937,1135,30.175438596491233,34.31578947368421,20.421052631578952,13.89473684210526,high_agreement
THIN_ET_lkg_C300,9.11430379234234e-05,0.1234219968318939,1.570458042179923e-05,997,863,819,30.105263157894736,39.50877192982456,42.59649122807018,12.491228070175442,high_agreement
FIC_ET_Ids_m2,9.081480742886544e-05,0.0950222194660455,2.850415899771364e-05,998,920,747,30.035087719298247,35.508771929824555,47.64912280701754,17.614035087719294,moderate_agreement
TOPSIN_ET_R_f_tn_2,9.044608261345584e-05,0.0448225904256105,-8.83714947498837e-06,999,1048,1252,29.96491228070175,26.526315789473685,12.210526315789473,17.754385964912277,moderate_agreement
MEASURE_ET_DC_SEC_S_Vg_at_I2_neg_FPSD3p2,9.042413132675194e-05,0.1068657082505524,-6.595091444383528e-06,1000,899,1228,29.894736842105264,36.98245614035087,13.89473684210526,23.08771929824561,moderate_agreement
THIN_ET_Ran_con_1_OW_CR,9.04108639032472e-05,0.0997780002653598,1.532534009924813e-05,1001,915,823,29.824561403508774,35.859649122807014,42.315789473684205,12.491228070175431,high_agreement
MEASURE_ET_DC_PIV_Ids1_QP1,9.012063212600653e-05,0.0571799795143306,-1.0047864650400416e-05,1002,1011,1264,29.754385964912277,29.122807017543863,11.368421052631582,18.385964912280695,moderate_agreement
THIN_ET_Vk,9.005915192429628e-05,0.0170674799010157,1.6341495477051327e-05,1003,1162,818,29.68421052631579,18.526315789473678,42.666666666666664,24.140350877192986,moderate_agreement
MEASURE_ET_DC_SEC_X_Id_mA_mm_at_Vg3,8.961072375878334e-05,0.1150040030479431,2.500991692774568e-05,1004,880,769,29.614035087719305,38.31578947368421,46.10526315789474,16.491228070175435,moderate_agreement
ANODE_ET_Ran_con_3_OW_CR,8.938917916832699e-05,0.0702111283317208,-1.058711964617709e-05,1005,977,1268,29.543859649122805,31.508771929824565,11.087719298245613,20.421052631578952,moderate_agreement
OHMIC_ET_Ran_con_2,8.852922604051521e-05,0.0597012005746364,7.635187119284237e-06,1006,1006,891,29.47368421052632,29.47368421052632,37.5438596491228,8.070175438596483,high_agreement
MEASURE_ET_DC_SEC_Vg_min_ON,8.847701350000159e-05,0.1095475677866488,1.7809085091374798e-05,1007,891,809,29.403508771929822,37.5438596491228,43.29824561403509,13.894736842105267,high_agreement
THIN_ET_C_CAT_2,8.816538444359476e-05,0.0468793294858187,-8.960365148771855e-06,1008,1042,1253,29.333333333333332,26.94736842105263,12.140350877192985,17.19298245614035,moderate_agreement
MEASURE_ET_DC_Diode_S21_dB_rev_9p5,8.802584964937652e-05,0.0862715989351272,7.236846157882004e-06,1009,945,895,29.263157894736846,33.75438596491228,37.26315789473684,7.9999999999999964,high_agreement
TOPSIN_ET_DC_RF_Ids_m0p2,8.729770144761569e-05,0.0704936487600207,-1.537730120838854e-05,1010,976,1304,29.19298245614035,31.57894736842105,8.561403508771924,23.017543859649127,moderate_agreement
MEASURE_ET_Ran_con_3_OW_CR,8.727075776175964e-05,0.0502770794555544,-4.128372031406147e-05,1011,1032,1378,29.122807017543863,27.649122807017545,3.368421052631576,25.754385964912288,moderate_agreement
FIC_ET_DC_RF_Id_gm_max,8.677068446764239e-05,0.0164730995893478,-1.612715671580056e-05,1012,1167,1315,29.052631578947363,18.175438596491233,7.789473684210524,21.26315789473684,moderate_agreement
ANODE_CD_Anode_CD_litho,8.676937044469502e-05,0.076131728477776,-2.261628137417704e-06,1013,962,1175,28.982456140350877,32.561403508771924,17.614035087719294,14.94736842105263,high_agreement
MEASURE_ET_DC_RF_Vg_gm_max,8.618075177364603e-05,0.0486089591868221,-4.034911722505808e-06,1014,1039,1200,28.91228070175439,27.157894736842103,15.859649122807017,13.052631578947373,high_agreement
MEASURE_ET_C100C385pf,8.51256695320026e-05,0.0521911010146141,2.3677403535316e-05,1015,1022,778,28.84210526315789,28.35087719298246,45.47368421052631,17.12280701754385,moderate_agreement
WIN_WIN_Alignment_WIN_to_FIN_Alignment,8.506689099355587e-05,0.0699293704237788,7.650349140808644e-06,1016,978,890,28.771929824561404,31.438596491228065,37.6140350877193,8.842105263157897,high_agreement
MEASURE_ET_Rcat_cn_1_OW_ST,8.503818309049575e-05,0.2064721956849098,-1.544934833371536e-05,1017,772,1305,28.701754385964918,45.89473684210527,8.491228070175438,37.40350877192983,low_agreement
MEASURE_ET_Ran_con_1_OW_CR,8.494132495345759e-05,0.030297119054012,1.2736002588109583e-05,1018,1099,842,28.631578947368418,22.947368421052627,40.98245614035088,18.03508771929825,moderate_agreement
FIC_ET_DC_RF_Vg_optt3,8.417640566754785e-05,0.0147501300089061,2.741778074903389e-05,1019,1172,751,28.56140350877193,17.824561403508778,47.36842105263158,29.543859649122805,moderate_agreement
MEASURE_ET_DC_RF_S21ang_10GHz,8.41526874813029e-05,0.2221474810503423,-7.836514624898205e-06,1020,750,1239,28.491228070175435,47.43859649122807,13.122807017543858,34.31578947368421,moderate_agreement
MEASURE_ET_DC_RF_Vp_1,8.291956204649512e-05,0.0928006023168563,-1.5937788877906643e-05,1021,925,1310,28.421052631578945,35.15789473684211,8.140350877192981,27.01754385964913,moderate_agreement
MEASURE_ET_DC_SEC_S_Ig_mAmm_at_Vg_cond_neg,8.239415016056702e-05,0.0644971700385212,1.6304118271748269e-06,1022,992,956,28.35087719298246,30.45614035087719,32.98245614035088,4.631578947368418,high_agreement
MEASURE_ET_Vbkdn_C385pf,8.228128116490919e-05,0.0656708488240838,2.337844290631885e-05,1023,991,781,28.280701754385962,30.526315789473678,45.263157894736835,16.982456140350873,moderate_agreement
MEASURE_ET_DC_SEC_X_Vp_1_mA_mm_second_SD3p5,8.170656633263334e-05,0.2276099920272827,2.125587017005048e-05,1024,745,791,28.210526315789476,47.78947368421053,44.56140350877193,19.57894736842105,moderate_agreement
MEASURE_ET_lkg_CapM1BRGM,8.119715577641377e-05,0.1026480011641979,-4.594044252773099e-06,1025,906,1206,28.140350877192986,36.49122807017544,15.438596491228074,21.052631578947363,moderate_agreement
FIC_ET_G2_per_6K,8.087286098784024e-05,0.091307179769501,-2.147148956344602e-05,1026,931,1336,28.07017543859649,34.73684210526316,6.315789473684208,28.42105263157895,moderate_agreement
BRGM_ET_lkg_SY07_10,8.047039729151492e-05,0.0748255029320716,1.0738305415267102e-05,1027,968,859,28.000000000000004,32.14035087719298,39.78947368421053,11.789473684210524,high_agreement
MEASURE_ET_DC_SEC_S_Ig_cut3_mAmm_pos_SD3p5,7.997524439642158e-05,0.0376920298440381,-6.652843882881676e-06,1028,1070,1230,27.929824561403503,24.982456140350873,13.754385964912286,14.175438596491217,high_agreement
MEASURE_ET_RF_Modeling_Fmax_int,7.985370487971832e-05,0.0864639091305434,-2.28956262113833e-06,1029,944,1177,27.859649122807017,33.82456140350877,17.47368421052632,16.35087719298245,moderate_agreement
THIN_Measure3GN_Thickness_after_etchback,7.882373439701793e-05,0.0508181992918252,-1.337814131200654e-05,1030,1027,1288,27.78947368421053,28.000000000000004,9.684210526315784,18.31578947368422,moderate_agreement
TOPSIN_ET_DC_SMALL_Vbgd_0p01,7.875124150985548e-05,0.0177273992449045,1.1446395806960495e-05,1031,1157,852,27.719298245614034,18.877192982456137,40.28070175438596,21.403508771929822,moderate_agreement
MEASURE_ET_DC_SEC_X_Vboff_Id_SD3p5,7.84009082712472e-05,0.0765928371110931,1.1127627716719934e-05,1032,959,853,27.649122807017545,32.77192982456141,40.21052631578947,12.561403508771928,high_agreement
FMESA_Height_Fmesa_Height,7.82483225409708e-05,0.0257711603771895,7.66516554893959e-06,1033,1115,889,27.578947368421048,21.824561403508767,37.68421052631579,15.85964912280702,moderate_agreement
OHMIC_ET_R314,7.815100151702668e-05,0.0936229488579556,-1.03839450307619e-05,1034,923,1266,27.50877192982456,35.29824561403508,11.228070175438598,24.070175438596486,moderate_agreement
FIC_ET_R214,7.801667092546806e-05,0.0487407511100173,-1.2375391459001905e-05,1035,1037,1280,27.438596491228072,27.29824561403509,10.245614035087725,17.19298245614035,moderate_agreement
MEASURE_ET_RF_Modeling_Ft_ext,7.760010404059282e-05,0.2079139947891235,5.594636840407785e-05,1036,771,659,27.368421052631575,45.96491228070175,53.824561403508774,26.4561403508772,moderate_agreement
MEASURE_ET_DC_SEC_S_Vg_at_I2_neg,7.724878300755727e-05,0.1114352673757821,-1.3999279632045949e-05,1037,889,1293,27.29824561403509,37.68421052631579,9.333333333333337,28.350877192982452,moderate_agreement
TOPSIN_ET_Load_Pull_Pin_Cut,7.721422709719528e-05,0.0694776992313563,-1.4086639007521165e-05,1038,982,1294,27.228070175438603,31.157894736842106,9.263157894736839,21.894736842105267,moderate_agreement
MEASURE_ET_DC_RF_Vbgd1,7.621517533954958e-05,0.1170379966497421,-8.129516090291111e-06,1039,875,1242,27.157894736842103,38.66666666666667,12.912280701754387,25.754385964912284,moderate_agreement
MEASURE_ET_DC_RF_Vds_max_0p1,7.584228142545504e-05,0.0573494988493621,-1.2049640608075009e-05,1040,1010,1275,27.087719298245617,29.19298245614035,10.596491228070171,18.596491228070178,moderate_agreement
TOPSIN_ET_sh_f_hr_23,7.561634826451224e-05,0.0873942717444151,8.146226192998206e-06,1041,942,882,27.017543859649116,33.96491228070175,38.175438596491226,11.15789473684211,high_agreement
MEASURE_ET_DC_SEC_S_Id_at_Vboff_mA_mm,7.546223108617735e-05,0.0483080793637782,2.505129203084211e-05,1042,1040,768,26.94736842105263,27.087719298245617,46.175438596491226,19.228070175438596,moderate_agreement
MEASURE_ET_RF_Modeling_Vp_01_W,7.545245650212035e-05,0.0739281997084617,-2.82813594098541e-05,1043,970,1361,26.877192982456144,31.999999999999996,4.561403508771933,27.43859649122806,moderate_agreement
MEASURE_ET_DC_RF2_MAG_35GHz,7.528893684866753e-05,0.0327623392222449,-2.0841446642799744e-06,1044,1090,1171,26.807017543859647,23.578947368421055,17.894736842105264,8.912280701754383,high_agreement
MEASURE_ET_DC_SMALL_Idss,7.403551472546007e-05,0.0550662497989833,-1.2070128430807792e-05,1045,1018,1277,26.736842105263158,28.631578947368418,10.456140350877197,18.17543859649122,moderate_agreement
CATHODE_ET_C_CAT_2,7.338464090274704e-05,0.1121099963784217,8.22200679465035e-06,1046,885,880,26.66666666666667,37.96491228070175,38.31578947368421,11.649122807017541,high_agreement
TOPSIN_ET_DC_SMALL_Vds_max_0p1,7.332819808101379e-05,0.0342229194939136,-4.015111129859749e-06,1047,1088,1199,26.596491228070175,23.71929824561404,15.929824561403505,10.66666666666667,high_agreement
MEASURE_ET_LT_SEC_Id_min_mA_mm_Vd3,7.321525798390823e-05,0.0861256369389593,1.9590448365278123e-05,1048,946,800,26.526315789473685,33.684210526315795,43.92982456140351,17.403508771929822,moderate_agreement
GATE2_CD_310nm_Gate_Leg_Length,7.280518106876142e-05,0.042578529799357,7.159552007449111e-06,1049,1058,896,26.456140350877188,25.824561403508774,37.192982456140356,11.368421052631582,high_agreement
TOPSIN_ET_C100C385pf,7.256503539093296e-05,0.0556119000539183,-1.056585359081319e-05,1050,1013,1267,26.385964912280702,28.982456140350877,11.157894736842099,17.824561403508778,moderate_agreement
TOPSIN_ET_Vg_gm_max,7.17699605023281e-05,0.0699232215993106,-1.8179484001726308e-05,1051,979,1322,26.315789473684216,31.36842105263158,7.298245614035093,24.070175438596486,moderate_agreement
MEASURE_ET_DC_RF_Gm_max,7.15758426943376e-05,0.0445543006062507,1.296037746629508e-05,1052,1053,838,26.245614035087716,26.17543859649123,41.26315789473685,15.08771929824562,moderate_agreement
MEASURE_ET_Ids_m2,7.074801307788378e-05,0.0630824994295835,8.25453941741272e-06,1053,997,878,26.17543859649123,30.105263157894736,38.45614035087719,12.280701754385962,high_agreement
TOPSIN_ET_OHMC_GN,6.997670564368102e-05,0.0504019085783511,5.507557910278127e-06,1054,1031,913,26.105263157894733,27.719298245614034,36.0,9.894736842105267,high_agreement
SIN_ET_DC_RF_Id_gm_max,6.922820322287441e-05,0.0248160392511636,3.892755440995655e-06,1055,1123,927,26.035087719298243,21.26315789473684,35.01754385964912,13.754385964912284,high_agreement
CATHODE_ET_Rcat_cn_3,6.845482102340638e-05,0.1866219937801361,3.11294220593783e-05,1056,787,731,25.964912280701757,44.8421052631579,48.7719298245614,22.80701754385964,moderate_agreement
TOPSIN_ET_DC_SMALL_Vt_gd,6.775130537756592e-05,0.0422086296603083,8.11479378582669e-06,1057,1060,883,25.89473684210526,25.684210526315788,38.10526315789474,12.421052631578952,high_agreement
MEASURE_ET_DC_RF_Id_gm_max,6.728929550781498e-05,0.0193847203627228,-6.711874257778194e-06,1058,1151,1231,25.824561403508774,19.298245614035093,13.684210526315788,12.140350877192986,high_agreement
MEASURE_ET_DC_SEC_Vds_max_ON,6.713776007877862e-05,0.0458964705467224,-2.3081210491734948e-05,1059,1045,1342,25.754385964912284,26.736842105263158,5.894736842105264,20.842105263157894,moderate_agreement
TOPSIN_ET_DC_RF_Vdg_max,6.690696729190345e-05,0.1350057341624051,4.3087346599976485e-05,1060,844,696,25.684210526315788,40.84210526315789,51.2280701754386,25.543859649122815,moderate_agreement
MEASURE_ET_DC_RF_Gm_m0p2_W,6.640007163877984e-05,0.0054325701203197,-2.914708285894907e-06,1061,1230,1186,25.6140350877193,13.754385964912286,16.84210526315789,11.859649122807015,high_agreement
MEASURE_ET_C100CapFICM1,6.594580935453624e-05,0.0456671994179487,-2.237694911540744e-05,1062,1046,1339,25.5438596491228,26.66666666666667,6.105263157894736,20.561403508771935,moderate_agreement
FIC_ET_DC_RF_Gm_m0p2,6.54930432978904e-05,0.0355075001716613,-5.737742114683697e-06,1063,1081,1215,25.473684210526315,24.210526315789473,14.807017543859647,10.666666666666668,high_agreement
SIN_ET_DC_RF_Vdg_max,6.50821407446036e-05,0.0446389098651707,9.418607213540486e-07,1064,1051,969,25.40350877192983,26.315789473684216,32.07017543859649,6.666666666666664,high_agreement
ANODE_ET_C_AN_2,6.491480190588667e-05,0.0639451080933213,2.6486575028242253e-05,1065,993,759,25.33333333333333,30.385964912280706,46.80701754385965,21.473684210526322,moderate_agreement
MEASURE_ET_DC_SEC_X_ChipStatus,6.472416498863435e-05,0.0600013993680477,-8.81621184092296e-06,1066,1004,1251,25.263157894736842,29.614035087719305,12.28070175438597,17.333333333333336,moderate_agreement
MEASURE_ET_DC_PIV_Ids0_QP2,6.469186621135497e-05,0.0355883792508393,-1.497882456363564e-05,1067,1080,1300,25.192982456140356,24.28070175438597,8.842105263157896,16.35087719298246,moderate_agreement
MEASURE_ET_RF_Modeling_Stress_time,6.453455672968244e-05,0.0197433804860338,1.6826742635472904e-05,1068,1149,814,25.122807017543856,19.438596491228065,42.94736842105264,23.508771929824572,moderate_agreement
MEASURE_ET_DC_SEC_X_Vboff_Id_plus_Ig,6.407324104807836e-05,0.032370701432228,9.649907968398152e-06,1069,1091,867,25.05263157894737,23.508771929824558,39.2280701754386,15.719298245614045,moderate_agreement
MEASURE_ET_DC_SEC_S_Ron,6.387528881840098e-05,0.0208980701863765,7.670427380718214e-06,1070,1140,888,24.982456140350873,20.070175438596493,37.75438596491229,17.684210526315795,moderate_agreement
TOPSIN_ET_Cap2pf,6.342354824730443e-05,0.0454883016645908,1.265766028707427e-06,1071,1047,961,24.912280701754387,26.596491228070175,32.631578947368425,7.719298245614038,high_agreement
BRGM_ET_C100,6.33101405992529e-05,0.0144926595967262,3.1275763746202445e-06,1072,1173,936,24.842105263157897,17.754385964912277,34.3859649122807,16.63157894736842,moderate_agreement
MEASURE_ET_VIA_KLV_2,6.298129668820441e-05,0.1337929964065551,5.836797554523709e-05,1073,847,655,24.7719298245614,40.63157894736842,54.10526315789475,29.333333333333346,moderate_agreement
MEASURE_ET_RF_Modeling_Vg_Stress,6.149817876370188e-05,0.0101098401937633,4.622047264615792e-06,1074,1199,921,24.701754385964914,15.929824561403505,35.43859649122807,19.50877192982456,moderate_agreement
MEASURE_ET_DC_Big_Ids_m0p2,6.146365067559614e-05,0.041280198842287,8.244363889781115e-06,1075,1061,879,24.631578947368425,25.6140350877193,38.3859649122807,13.754385964912274,high_agreement
MEASURE_ET_DC_SMALL_Vds_max_0p1,6.08280380283486e-05,0.0077656200155615,-6.549122650234551e-06,1076,1216,1226,24.561403508771928,14.73684210526316,14.035087719298245,10.526315789473683,high_agreement
FIC_ET_sh_f_hr_23,6.0637684407986274e-05,0.0536631892900913,-2.2930617098834705e-05,1077,1020,1340,24.491228070175442,28.491228070175435,6.035087719298248,22.456140350877185,moderate_agreement
ANODE_ET_C_AN_2_OW_CR,6.035519874190227e-05,0.0103310300037264,7.823238538570697e-06,1078,1198,886,24.421052631578945,16.000000000000004,37.89473684210526,21.894736842105257,moderate_agreement
MEASURE_ET_RF_Modeling_L_Gg,6.025631249515955e-05,0.0167277802247554,5.634816002356158e-06,1079,1165,910,24.350877192982455,18.31578947368421,36.21052631578947,17.894736842105264,moderate_agreement
MEASURE_ET_DC_Big_Vdg_max,5.993867203916363e-05,0.046218721428886,6.017431721414001e-06,1080,1044,905,24.28070175438597,26.807017543859647,36.56140350877193,12.280701754385962,high_agreement
THIN_ET_HIRS,5.932134997953049e-05,0.0607747989706695,2.87604007211395e-05,1081,1002,743,24.210526315789473,29.754385964912277,47.929824561403514,23.71929824561404,moderate_agreement
THIN_ET_Rc_an_ct2,5.930691727111586e-05,0.0410215402953326,-1.3590421557516109e-05,1082,1062,1289,24.140350877192983,25.5438596491228,9.614035087719298,15.929824561403503,moderate_agreement
MEASURE_ET_RF_Modeling_Mag_i,5.907702079495951e-05,0.0362639594823122,-1.3341209090103612e-05,1083,1078,1286,24.070175438596486,24.421052631578945,9.824561403508769,14.596491228070176,high_agreement
MEASURE_ET_DC_SEC_S_Ig_cut3_mAmm_neg_FPSD3p2,5.907664616916924e-05,0.0405319487908855,-8.467528785924272e-06,1084,1064,1247,24.0,25.40350877192983,12.561403508771928,12.842105263157901,high_agreement
MEASURE_ET_lkg_5,5.887254960051025e-05,0.0365795618854463,2.290844265769587e-05,1085,1076,783,23.929824561403514,24.561403508771928,45.12280701754386,21.19298245614035,moderate_agreement
MEASURE_ET_DC_SMALL_Id_gm_max,5.8666262140537146e-05,0.0274451696313917,3.08353453289667e-06,1086,1106,937,23.859649122807014,22.456140350877195,34.31578947368421,11.859649122807017,high_agreement
MEASURE_ET_DC_SEC_S_Vg_at_I2_pos,5.817522491100138e-05,0.0761534092016518,-1.5622081514016227e-05,1087,961,1307,23.789473684210527,32.631578947368425,8.350877192982454,24.280701754385973,moderate_agreement
MEASURE_ET_DC_RD_Vbon_min,5.806445181913414e-05,0.0389461102895438,-1.6964127281185458e-05,1088,1068,1321,23.71929824561404,25.122807017543856,7.36842105263158,17.754385964912277,moderate_agreement
MEASURE_ET_DC_SEC_X_Vp_0p7_mA_mm,5.717611554523991e-05,0.035131100565195,-1.8264127401024237e-06,1089,1084,1166,23.64912280701754,24.0,18.24561403508772,5.754385964912281,high_agreement
MEASURE_ET_DC_RF_Gm_0_W,5.664911454233753e-05,0.025107099674642,8.583216783278336e-06,1090,1119,875,23.578947368421055,21.54385964912281,38.66666666666667,17.122807017543863,moderate_agreement
MEASURE_ET_DC_PIV_Gate_Lag_Imax,5.626717489579473e-05,0.0350277982652187,-1.6121412421163383e-05,1091,1085,1314,23.508771929824558,23.929824561403514,7.859649122807022,16.070175438596493,moderate_agreement
MEASURE_ET_RF_Modeling_Rgd_err,5.61315344010182e-05,0.0284615100827068,5.749842234670233e-06,1092,1103,908,23.43859649122807,22.666666666666668,36.35087719298246,13.684210526315791,high_agreement
FIC_ET_R_f_tn_3,5.482686818052957e-05,0.0505871792556718,-1.3790147590672651e-05,1093,1029,1292,23.368421052631582,27.859649122807017,9.403508771929825,18.45614035087719,moderate_agreement
TOPSIN_ET_DC_PIV_Gate_Lag_0,5.4198961954577015e-05,0.0663411705754697,2.5337453854087923e-05,1094,989,765,23.298245614035086,30.666666666666664,46.3859649122807,23.087719298245613,moderate_agreement
MEASURE_ET_DC_RF_Min_S21_Mag_L1018,5.393376352572694e-05,0.0375184006989002,1.4509381910943198e-05,1095,1071,829,23.228070175438596,24.912280701754387,41.89473684210526,18.666666666666664,moderate_agreement
MEASURE_ET_DC_Stress_Vp_before,5.3688221797281765e-05,0.0269030993804335,3.460083313472362e-06,1096,1110,931,23.15789473684211,22.175438596491226,34.73684210526316,12.561403508771932,high_agreement
MEASURE_ET_DC_SEC_S_Vg_at_I3_neg_SD3p5,5.309633703559022e-05,0.0249541205121204,-1.3114956995066709e-05,1097,1122,1285,23.087719298245613,21.333333333333336,9.894736842105267,13.192982456140346,high_agreement
MEASURE_ET_Rc_OG142,5.29898518577073e-05,0.0294702399987727,-2.66793328615178e-06,1098,1100,1183,23.017543859649127,22.87719298245614,17.052631578947363,5.964912280701764,high_agreement
TOPSIN_ET_RGAN1,5.29500957440737e-05,0.0308151002973318,-1.4843424266719473e-06,1099,1097,1161,22.947368421052627,23.087719298245613,18.596491228070178,4.491228070175435,high_agreement
FIC_ET_C200S1,5.2547094570701744e-05,0.0150761201512068,1.532306642793857e-05,1100,1169,824,22.87719298245614,18.035087719298247,42.24561403508772,24.210526315789473,moderate_agreement
THIN_ET_DC_RF_Vp_1,5.234300872788444e-05,0.0851905685849487,-7.544557776528737e-06,1101,949,1237,22.807017543859654,33.47368421052631,13.263157894736842,20.210526315789465,moderate_agreement
MEASURE_ET_DC_RF_MAG_35GHz,5.212680378091357e-05,0.0138082397170364,-2.059690617575993e-05,1102,1178,1333,22.736842105263154,17.403508771929822,6.52631578947368,16.210526315789473,moderate_agreement
MEASURE_ET_RF_Modeling_Vp_1_W,5.198752356970349e-05,0.0172515008598566,3.323580832617634e-06,1103,1161,933,22.666666666666668,18.596491228070178,34.59649122807018,16.0,moderate_agreement
MEASURE_ET_DC_SEC_X_Vg_at_I2_pos,5.185285641089684e-05,0.148168995976448,1.3908646224208842e-05,1104,827,831,22.59649122807017,42.03508771929825,41.754385964912274,19.438596491228076,moderate_agreement
MEASURE_ET_lkg_Cap3,5.167075353822858e-05,0.0079261902719736,4.454913780294057e-06,1105,1214,922,22.526315789473685,14.877192982456144,35.36842105263158,20.49122807017544,moderate_agreement
MEASURE_ET_DC_RF_Vp_01_W,5.153170869982017e-05,0.0373912993818521,2.3677401263053065e-05,1106,1072,779,22.456140350877195,24.842105263157897,45.40350877192982,22.947368421052627,moderate_agreement
MEASURE_ET_DC_RF_MAG_26GHz_W,5.113638669605144e-05,0.0201264701317995,-1.7891031825201242e-06,1107,1147,1164,22.3859649122807,19.57894736842105,18.385964912280706,3.999999999999993,high_agreement
THIN_Measure1GN_Thickness_after_bonding,5.0610900479031975e-05,0.0173942702822387,7.603279948306674e-06,1108,1159,892,22.315789473684212,18.736842105263165,37.473684210526315,18.73684210526315,moderate_agreement
BRGM_Cd_Metal_BRGM_Final_metal_CD,5.049889991693357e-05,0.0149842395912855,1.3377491560292998e-05,1109,1171,834,22.245614035087723,17.894736842105264,41.54385964912281,23.649122807017545,moderate_agreement
THIN_ET_sh_f_tn_23,5.036782733215072e-05,0.0250265599461272,6.189161070999094e-06,1110,1121,902,22.175438596491226,21.403508771929825,36.7719298245614,15.368421052631572,moderate_agreement
TOPSIN_ET_Load_Pull_Pout_Last,5.013894896867374e-05,0.0186537203844636,1.416116255453792e-07,1111,1155,979,22.10526315789474,19.017543859649123,31.36842105263158,12.350877192982455,high_agreement
TOPSIN_ET_CapM1BRGM,4.891037331475043e-05,0.0218737493269145,-1.2303659199866536e-05,1112,1135,1278,22.03508771929824,20.421052631578952,10.385964912280699,11.649122807017541,high_agreement
THIN_ET_DC_RF_Vg_max_Vd_0p1mA,4.8852607673726096e-05,0.0894660020712763,-7.247401663801335e-08,1113,935,1129,21.964912280701753,34.4561403508772,20.842105263157894,13.614035087719305,high_agreement
MEASURE_ET_RF_Modeling_Delta_S21_25G,4.869756864266219e-05,0.0518522588536143,-2.034717056601243e-05,1114,1024,1331,21.894736842105267,28.210526315789476,6.666666666666665,21.543859649122812,moderate_agreement
THIN_ET_Rc_TF_AB_2,4.847355767704159e-05,0.0261144004762172,8.481697584053482e-06,1115,1114,877,21.824561403508767,21.894736842105267,38.526315789473685,16.701754385964918,moderate_agreement
MEASURE_ET_DC_RF_Vg_gm_max_W,4.841608188814302e-05,0.034689899533987,2.94224396890086e-06,1116,1086,938,21.75438596491228,23.859649122807014,34.245614035087726,12.491228070175445,high_agreement
THIN_ET_Rsh_an_ct2_OW_CR,4.732638374194082e-05,0.0141099798493087,5.472782740828519e-06,1117,1176,915,21.684210526315795,17.543859649122805,35.859649122807014,18.31578947368421,moderate_agreement
STREETS_Height_Backside_metal_thickness,4.699789097311912e-05,0.0250495695509016,-1.825337644034697e-07,1118,1120,1131,21.614035087719298,21.47368421052631,20.70175438596491,0.912280701754387,high_agreement
FIC_ET_R_f_hr_1,4.6922025994900686e-05,0.0264462297782301,-1.2326585086580578e-05,1119,1113,1279,21.54385964912281,21.964912280701753,10.315789473684212,11.649122807017541,high_agreement
MEASURE_ET_DC_SEC_Imax,4.6913965930735865e-05,0.0238103899173438,-1.1491403546920465e-06,1120,1128,1151,21.47368421052631,20.912280701754383,19.298245614035093,2.175438596491219,high_agreement
TOPSIN_ET_DC_SMALL_Gm_m0p2,4.681518280704592e-05,0.0323222987353801,3.009694938561625e-05,1121,1093,737,21.403508771929825,23.368421052631582,48.35087719298245,26.947368421052627,moderate_agreement
THIN_ET_DC_RF_n_gs,4.66686065604316e-05,0.0369538401719182,1.2169184441462864e-05,1122,1075,847,21.333333333333336,24.631578947368425,40.63157894736842,19.298245614035082,moderate_agreement
SIN_GATE_ET_R514,4.644415867596298e-05,0.0130760201718658,1.1314957738289832e-06,1123,1185,964,21.26315789473684,16.91228070175439,32.42105263157895,15.508771929824562,moderate_agreement
SIN_ET_DC_RF_Vbgd_0p1,4.579395845999019e-05,0.0215206602588295,5.1234677956174535e-06,1124,1136,918,21.192982456140353,20.350877192982452,35.64912280701754,15.298245614035089,moderate_agreement
FIC_ET_Id_mAmm_at_Vd_cond,4.440268898265499e-05,0.0142831001430749,2.725621918581167e-06,1125,1175,942,21.122807017543856,17.614035087719294,33.96491228070175,16.35087719298246,moderate_agreement
MEASURE_ET_sh_f_tn_23,4.426038995830177e-05,0.0490432090591639,-3.7102747919182112e-06,1126,1035,1193,21.052631578947366,27.438596491228072,16.35087719298246,11.087719298245613,high_agreement
MEASURE_ET_DC_RF_Idss,4.376735052658516e-05,0.050942838890478,-6.134168823701547e-06,1127,1026,1222,20.98245614035088,28.07017543859649,14.315789473684216,13.754385964912274,high_agreement
MEASURE_ET_Load_Pull_PhL_meas,4.3699152242489424e-05,0.0635991599410772,-2.958674831235464e-06,1128,994,1188,20.912280701754383,30.315789473684205,16.701754385964918,13.614035087719287,high_agreement
MEASURE_ET_LT_SEC_Ig_Id_min_mA_mm,4.359616399272552e-05,0.0308145503513515,-2.1861001124898195e-05,1129,1098,1337,20.842105263157894,23.017543859649127,6.245614035087721,16.771929824561404,moderate_agreement
MEASURE_ET_lkg_C385pf,4.356092844117698e-05,0.0206477395258843,1.688534791997598e-05,1130,1143,813,20.771929824561408,19.85964912280702,43.01754385964912,23.157894736842103,moderate_agreement
TOPSIN_ET_R214,4.2584036287169136e-05,0.0210600695572793,-2.387366741393449e-05,1131,1139,1349,20.70175438596491,20.14035087719298,5.403508771929822,15.298245614035089,moderate_agreement
THIN_ET_lkg_70_at20V,4.250941580441942e-05,0.0440419018268585,1.2796598789921454e-05,1132,1055,841,20.631578947368425,26.035087719298243,41.05263157894738,20.421052631578952,moderate_agreement
TOPSIN_ET_Cap1pf,4.232729496952884e-05,0.0274950894527137,-1.436414004915565e-06,1133,1105,1156,20.561403508771924,22.526315789473685,18.947368421052634,3.5789473684210513,high_agreement
FIN_Etch_Hard_Bias,4.2215470455956006e-05,0.0223779994994401,9.097046659933829e-06,1134,1132,871,20.49122807017544,20.631578947368425,38.94736842105263,18.45614035087719,moderate_agreement
MEASURE_ET_Rc_f_tn_23,4.188159823609644e-05,0.0363476597703993,-1.4282546349539404e-05,1135,1077,1295,20.421052631578952,24.491228070175442,9.192982456140353,15.298245614035089,moderate_agreement
MEASURE_ET_DC_SEC_X_Id_mA_mm_at_Vg1,4.095095348531978e-05,0.0132704004645347,1.0884520292706037e-05,1136,1183,857,20.350877192982452,17.052631578947363,39.92982456140351,22.877192982456144,moderate_agreement
VIA_GaN_Measure4GN_Final_GaN_thickness,4.087557734999759e-05,0.0252299796557053,1.6002192445324636e-06,1137,1118,958,20.280701754385966,21.614035087719298,32.8421052631579,12.561403508771932,high_agreement
MEASURE_ET_Rc_an_ct2,4.083859439363412e-05,0.0447323992848396,-7.4485752417308145e-06,1138,1049,1236,20.21052631578948,26.456140350877188,13.33333333333333,13.122807017543858,high_agreement
MEASURE_ET_C300M1B,4.072672025446072e-05,0.0142850996926426,-1.3599344631887167e-05,1139,1174,1290,20.14035087719298,17.68421052631579,9.54385964912281,10.59649122807017,high_agreement
FP2_Height2_FP2_Height2,4.015956282047876e-05,0.0179903397802263,3.4591744509371303e-06,1140,1156,932,20.070175438596493,18.947368421052634,34.66666666666667,15.719298245614038,moderate_agreement
MEASURE_ET_Cap_C300FM1,4.0064213867499815e-05,0.004074839875102,-2.881340760180207e-07,1141,1244,1133,19.999999999999996,12.7719298245614,20.561403508771924,7.789473684210524,high_agreement
TOPSIN_ET_C100C175pf,3.993389898360128e-05,0.0370292011648416,-1.6020498079433176e-05,1142,1074,1312,19.929824561403507,24.701754385964914,7.9999999999999964,16.701754385964918,moderate_agreement
MEASURE_ET_DC_SEC_S_Vg_at_I1_pos_SD3p5,3.977958310212048e-05,0.0206754999235272,-1.1374403206582116e-05,1143,1142,1273,19.85964912280702,19.929824561403507,10.736842105263156,9.192982456140351,high_agreement
MEASURE_ET_DC_RF_Vg_optt,3.97513858266004e-05,0.0360624697059392,6.392328025661698e-06,1144,1079,899,19.789473684210524,24.350877192982455,36.98245614035087,17.192982456140346,moderate_agreement
MEASURE_ET_RF_Modeling_Gds,3.944166325660523e-05,0.0285539799369871,-5.996573742275691e-06,1145,1102,1220,19.719298245614038,22.736842105263154,14.456140350877188,8.280701754385966,high_agreement
MEASURE_ET_DC_SEC_X_Vg_at_I1_neg_FPSD3p2,3.919676479621539e-05,0.0047895601019263,6.349865908666929e-07,1146,1236,971,19.649122807017537,13.33333333333333,31.929824561403507,18.596491228070178,moderate_agreement
GATE2_Thickness4_PMMA_PR_etch_thickness,3.896497408767123e-05,0.0245339800603687,-1.2846538972055566e-05,1147,1125,1284,19.57894736842105,21.122807017543856,9.964912280701753,11.157894736842103,high_agreement
TOPSIN_ET_Cap2pf_0,3.848559579254043e-05,0.0289731007069349,5.503407796417226e-06,1148,1101,914,19.508771929824565,22.807017543859654,35.929824561403514,16.42105263157895,moderate_agreement
TOPSIN_ET_DC_SMALL_Gm_max,3.813494748951202e-05,0.0218787204939872,2.007910138245583e-05,1149,1134,798,19.438596491228065,20.49122807017544,44.07017543859649,24.63157894736843,moderate_agreement
MEASURE_ET_C_AN_2,3.795569303401796e-05,0.0424162101699039,1.6499571613037833e-06,1150,1059,955,19.36842105263158,25.754385964912284,33.05263157894737,13.684210526315791,high_agreement
MEASURE_ET_RF_Modeling_Rgs,3.791560853101021e-05,0.017609310336411,3.755276425920773e-06,1151,1158,928,19.298245614035093,18.80701754385965,34.94736842105263,16.14035087719298,moderate_agreement
FIC_ET_TANR,3.786826960647409e-05,0.0248091695830225,3.2999668665684155e-06,1152,1124,934,19.228070175438596,21.192982456140353,34.526315789473685,15.298245614035089,moderate_agreement
MEASURE_ET_DC_Stress_Vp_delta,3.775512047213073e-05,0.0091454098001122,-3.84146993285539e-06,1153,1206,1196,19.157894736842106,15.438596491228074,16.140350877192976,3.7192982456140324,high_agreement
SIN_GATE_ET_Rsh_an_ct2,3.719108660077485e-05,0.0165460698772221,7.524115801393894e-06,1154,1166,893,19.08771929824561,18.24561403508772,37.40350877192983,19.15789473684211,moderate_agreement
BRGM_ET_i5021_3,3.69609450804622e-05,0.0167842395603656,-6.6524339136370125e-06,1155,1164,1229,19.017543859649123,18.385964912280706,13.824561403508772,5.192982456140351,high_agreement
TOPSIN_ET_DC_PIV_Ids0_QP2,3.648481777353458e-05,0.0083452702965587,-1.4060796260650932e-06,1156,1211,1155,18.947368421052634,15.087719298245617,19.017543859649123,3.9298245614035068,high_agreement
MEASURE_ET_DC_RF_CF_S12_Ph_L2180,3.641393675586788e-05,0.0123606696724891,1.9032397952314927e-05,1157,1189,804,18.877192982456137,16.631578947368418,43.64912280701755,27.01754385964913,moderate_agreement
MEASURE_ET_R114,3.615844112017921e-05,0.0223382799886167,-2.126432298453496e-05,1158,1133,1335,18.80701754385965,20.561403508771924,6.385964912280706,14.175438596491219,high_agreement
BPLATE_Height_BPLATE_metal_thickness,3.606328103111269e-05,0.0125388298183679,-6.1976922176132375e-06,1159,1188,1223,18.736842105263165,16.701754385964918,14.245614035087717,4.491228070175447,high_agreement
MEASURE_ET_R514,3.594149005475713e-05,0.0231400604825466,3.706382815937826e-07,1160,1130,973,18.666666666666664,20.771929824561408,31.789473684210524,13.12280701754386,high_agreement
TOPSIN_ET_DC_RF_Vbgd1,3.580135676815756e-05,0.0125836599618196,9.930695117149613e-06,1161,1187,864,18.596491228070178,16.771929824561404,39.438596491228076,22.66666666666667,moderate_agreement
MEASURE_ET_lkg_C300FB,3.529566281413817e-05,0.0390698006376624,1.4942216204921754e-05,1162,1067,826,18.526315789473678,25.192982456140356,42.10526315789473,23.578947368421055,moderate_agreement
MEASURE_ET_DC_PIV_Drain_Lag_Imax,3.5042001627772354e-05,0.0242146998643875,-1.3391045830785098e-06,1163,1126,1154,18.45614035087719,21.052631578947366,19.08771929824561,2.5964912280701746,high_agreement
MEASURE_ET_DC_Stress_Ig_max_before,3.4720213883144065e-05,0.0150460300501436,-4.658457600639765e-06,1164,1170,1207,18.385964912280706,17.96491228070175,15.368421052631575,3.0175438596491304,high_agreement
SIN_Thickness1_SiN_Thickness_1st,3.421673664103032e-05,0.0194658298278227,-1.3246196538529986e-06,1165,1150,1153,18.31578947368421,19.36842105263158,19.157894736842106,1.05263157894737,high_agreement
MEASURE_ET_DC_Diode_D_leak_65V,3.4189117506036166e-05,0.0163898495957255,-6.328508326519655e-06,1166,1168,1225,18.24561403508772,18.105263157894736,14.105263157894733,4.1403508771929864,high_agreement
TOPSIN_ET_CapM1BRGM_0,3.407542666963518e-05,0.0198866901919245,2.0252218860025702e-05,1167,1148,797,18.175438596491233,19.508771929824565,44.14035087719298,25.964912280701746,moderate_agreement
SIN_ET_DC_PIV_Gate_Lag_Idss,3.3875274948250416e-05,0.0205208007246255,-9.445689894721498e-06,1168,1145,1256,18.105263157894736,19.719298245614038,11.929824561403512,7.789473684210526,high_agreement
MEASURE_ET_DC_SEC_S_Ig_cut1_mAmm_pos_FPSD3p2,3.35371442954774e-05,0.0271974001079797,6.0080131837808585e-06,1169,1108,906,18.035087719298247,22.315789473684212,36.49122807017544,18.45614035087719,moderate_agreement
MESA_ET_Vbkd,3.348237599886308e-05,0.0339478999376297,1.6262531174621175e-06,1170,1089,957,17.96491228070175,23.64912280701754,32.91228070175438,14.947368421052634,high_agreement
MEASURE_ET_LT_SEC_Vg_Id_min_Vd3,3.336701970322374e-05,0.0445907199755311,-2.2764871174474345e-06,1171,1052,1176,17.894736842105264,26.245614035087716,17.543859649122805,8.701754385964911,high_agreement
MEASURE_ET_Rsh_TF_AB2,3.295986815458857e-05,0.0353085994720459,-8.363293827404195e-06,1172,1083,1246,17.824561403508778,24.070175438596486,12.631578947368416,11.43859649122807,high_agreement
MEASURE_ET_DC_RF_Freq_cut_L1002,3.277487478992758e-05,0.0190274007618427,2.358501521879108e-06,1173,1153,948,17.754385964912277,19.157894736842106,33.54385964912281,15.789473684210531,moderate_agreement
THIN_ET_DC_RF_Id_gm_max,3.273017318293609e-05,0.0443101003766059,4.878038972631615e-05,1174,1054,678,17.68421052631579,26.105263157894733,52.49122807017543,34.807017543859644,moderate_agreement
MEASURE_ET_DC_RD_Vboff,3.2719590534363315e-05,0.0132929397514089,-7.110038945329356e-06,1175,1182,1235,17.614035087719294,17.122807017543863,13.403508771929829,4.2105263157894655,high_agreement
MEASURE_ET_DC_RF_CF_S21_Ph_L2180,3.2374798770708775e-05,0.0487404009327292,-3.8146106016268e-06,1176,1038,1195,17.543859649122805,27.228070175438603,16.210526315789476,11.017543859649127,high_agreement
TOPSIN_ET_CapFICM1_0,3.232146606491763e-05,0.003768730093725,-6.00419598387747e-06,1177,1249,1221,17.47368421052632,12.421052631578943,14.385964912280702,5.052631578947375,high_agreement
MEASURE_ET_DC_SEC_Gm_0,3.198082648497585e-05,0.0095301100518554,-5.894281841242744e-06,1178,1203,1219,17.403508771929822,15.649122807017546,14.526315789473687,2.877192982456135,high_agreement
MEASURE_ET_KLV_F_AB_4u,3.188941086741152e-05,0.0211571999825537,6.203797293327651e-06,1179,1138,901,17.333333333333336,20.21052631578948,36.8421052631579,19.50877192982456,moderate_agreement
TOPSIN_ET_R314,3.1850456869979845e-05,0.0215087293181568,-9.830208280062204e-06,1180,1137,1260,17.263157894736846,20.280701754385966,11.649122807017543,8.631578947368423,high_agreement
THIN_ET_DC_RF_Vdg_max_0p1mA,3.1191140337615125e-05,0.0126672696787863,4.000141182147754e-06,1181,1186,926,17.19298245614035,16.84210526315789,35.08771929824561,18.24561403508772,moderate_agreement
MEASURE_ET_LT_SEC_Ileak_m7V_mA_mm,3.1182746244078034e-05,0.0270135609898716,-4.22685589412386e-06,1182,1109,1203,17.122807017543863,22.245614035087723,15.649122807017546,6.596491228070176,high_agreement
TOPSIN_ET_I_5,3.096720675906047e-05,0.01115508005023,-9.946544628666733e-06,1183,1193,1263,17.052631578947363,16.35087719298246,11.43859649122807,5.614035087719293,high_agreement
MEASURE_ET_lkg_10,3.077860863523669e-05,0.0256833201274275,-9.432514058238528e-06,1184,1116,1255,16.982456140350877,21.75438596491228,12.0,9.75438596491228,high_agreement
MEASURE_ET_R_400_HOR,2.9846958548268952e-05,0.0253345003584399,-2.342174592784296e-06,1185,1117,1178,16.91228070175439,21.684210526315795,17.403508771929822,4.771929824561404,high_agreement
TOPSIN_ET_Cap_USV,2.9787812963974688e-05,0.0024070199579,-2.800831038274332e-06,1186,1267,1185,16.84210526315789,11.157894736842099,16.91228070175439,5.7543859649122915,high_agreement
MEASURE_ET_Rsh_cat_c2,2.971219154063008e-05,0.0228247009217739,1.2051859801795462e-05,1187,1131,848,16.771929824561404,20.70175438596491,40.56140350877193,23.789473684210527,moderate_agreement
MEASURE_ET_DC_RF_MSG_10GHz,2.953454431380409e-05,0.0132142598740756,1.324099673340462e-05,1188,1184,836,16.701754385964918,16.982456140350877,41.40350877192982,24.701754385964904,moderate_agreement
MEASURE_ET_DC_Big_Id_gm_max,2.949985677799961e-05,0.0401404984295368,3.086527139206652e-07,1189,1065,976,16.631578947368418,25.33333333333333,31.57894736842105,14.947368421052634,high_agreement
MEASURE_ET_lkg_100,2.919333211733255e-05,0.0135203003883361,-5.600937051447597e-06,1190,1181,1213,16.56140350877193,17.19298245614035,14.947368421052632,2.2456140350877174,high_agreement
MEASURE_ET_RF_Modeling_Rgd,2.916935972589253e-05,0.0265849796123802,-9.353747285259506e-06,1191,1111,1254,16.491228070175435,22.10526315789474,12.070175438596486,10.035087719298254,high_agreement
MEASURE_ET_DC_SEC_S_Ids_max_FPSD3p2,2.88002396977244e-05,0.0282549108378589,-1.8267078802369774e-07,1192,1104,1132,16.42105263157895,22.59649122807017,20.631578947368425,6.175438596491222,high_agreement
MEASURE_ET_DC_RF_Min_S21_Freq_L2180,2.7568210213186628e-05,0.004215519875288,-1.283549038749721e-07,1193,1240,1130,16.35087719298246,13.052631578947372,20.771929824561408,7.719298245614036,high_agreement
MEASURE_ET_RF_Modeling_R_Gg,2.756516826331455e-05,0.0206287901382893,1.203969987854936e-05,1194,1144,849,16.280701754385962,19.789473684210524,40.49122807017543,24.21052631578947,moderate_agreement
TOPSIN_ET_R114,2.739104780980277e-05,0.0273566301912069,-4.86347876807458e-07,1195,1107,1137,16.210526315789476,22.3859649122807,20.280701754385966,6.175438596491222,high_agreement
MEASURE_ET_DC_SEC_X_Id_mA_mm_at_Vg1_SD3p5,2.7311154301902235e-05,0.0033267999533563,-3.5811962091042425e-06,1196,1253,1192,16.140350877192976,12.140350877192985,16.42105263157895,4.280701754385964,high_agreement
BFIC_Height_FIC_metal_thickness,2.5590923366373875e-05,0.002760519972071,9.855753952772716e-06,1197,1264,866,16.07017543859649,11.368421052631582,39.29824561403509,27.929824561403507,moderate_agreement
MEASURE_ET_R_400_VER,2.5479225982498005e-05,0.0088085699826478,2.2271431849130163e-05,1198,1208,787,16.000000000000004,15.298245614035089,44.8421052631579,29.54385964912281,moderate_agreement
MEASURE_ET_DC_SEC_X_Vp_1_mA_mm_first_SD3p5,2.547571178787299e-05,0.010581100359559,-2.699232596548029e-06,1199,1196,1184,15.929824561403505,16.140350877192976,16.982456140350877,1.0526315789473717,high_agreement
MEASURE_ET_DC_RF_Vdg_max_0p1mA,2.541356160770964e-05,0.0091354101896286,-5.790099743066546e-06,1200,1207,1216,15.859649122807017,15.368421052631575,14.73684210526316,1.1228070175438578,high_agreement
TOPSIN_ET_Rc_OG142_GN,2.485374649578845e-05,0.0040755900554358,7.87942678983633e-06,1201,1243,885,15.789473684210531,12.8421052631579,37.96491228070175,25.122807017543856,moderate_agreement
BRGM_ET_C300_0,2.47565642763986e-05,0.0103677501901984,-1.2062299043288929e-05,1202,1197,1276,15.719298245614032,16.07017543859649,10.526315789473683,5.5438596491228065,high_agreement
MEASURE_ET_DC_Big_Vp_1,2.4237204570957927e-05,0.0108556998893618,3.179560917609958e-07,1203,1194,975,15.649122807017546,16.280701754385962,31.649122807017548,16.0,moderate_agreement
FIC_ET_C100S1,2.411946955613476e-05,0.0040051601827144,-9.733030985614732e-07,1204,1246,1149,15.578947368421048,12.631578947368416,19.438596491228065,6.807017543859649,high_agreement
MEASURE_ET_DC_SEC_X_Ig_cut2_mAmm_neg_FPSD3p2,2.364380964783529e-05,0.0121952497866004,-1.1302270519283895e-05,1205,1190,1272,15.508771929824562,16.56140350877193,10.807017543859654,5.754385964912277,high_agreement
TOPSIN_ET_lkg_Cap2,2.357178015614524e-05,0.0105911099817603,-2.5869213284041017e-06,1206,1195,1181,15.438596491228074,16.210526315789476,17.19298245614035,1.7543859649122755,high_agreement
MEASURE_ET_RF_Modeling_MAG_18,2.313526260707372e-05,0.0239165702369064,-2.917653231626627e-07,1207,1127,1134,15.368421052631575,20.98245614035088,20.49122807017544,5.614035087719305,high_agreement
MEASURE_ET_RF_Modeling_Delta_MAG_25G,2.3069255306309407e-05,0.0041327401995658,-6.564633029018663e-06,1208,1242,1227,15.298245614035089,12.912280701754387,13.964912280701757,2.385964912280702,high_agreement
BRGM_ET_Rc_F_AB_2,2.228877508621998e-05,0.0190239008516073,1.238395510790302e-05,1209,1154,845,15.228070175438601,19.08771929824561,40.771929824561404,25.5438596491228,moderate_agreement
OHMIC_ET_lkg_5,2.2091314821403304e-05,0.0135617600753903,1.057005090508434e-05,1210,1180,860,15.157894736842103,17.263157894736846,39.719298245614034,24.56140350877193,moderate_agreement
MEASURE_ET_DC_SEC_X_Vp_1_mA_mm_first_FPSD3p2,2.202429784660736e-05,0.0023793498985469,-1.814953306453204e-06,1211,1269,1165,15.087719298245617,11.017543859649127,18.31578947368421,7.298245614035082,high_agreement
MEASURE_ET_DC_RF_CF_S22_Mag_L1002,2.158738081966355e-05,0.0100286800879985,2.68718805800372e-06,1212,1200,945,15.017543859649118,15.859649122807017,33.75438596491228,18.736842105263165,moderate_agreement
TOPSIN_ET_DC_RF_Vbgs_0p1,2.153644565786192e-05,0.0061838398687541,-9.64830367895242e-06,1213,1223,1257,14.947368421052632,14.245614035087717,11.859649122807014,3.0877192982456183,high_agreement
TOPSIN_ET_Load_Pull_Pout_W_last,2.108492980701236e-05,0.0051031098701059,-6.7765947268289e-06,1214,1233,1234,14.877192982456144,13.543859649122803,13.473684210526315,1.403508771929829,high_agreement
MEASURE_ET_DC_SEC_Vgs_back_1V,2.099036436045549e-05,0.0041752802208065,6.067726314837318e-06,1215,1241,904,14.807017543859647,12.982456140350873,36.631578947368425,23.64912280701755,moderate_agreement
MEASURE_ET_DC_PIV_Drain_Lag_0,2.042237439146109e-05,0.0208353996276855,-5.56708455378696e-06,1216,1141,1212,14.73684210526316,19.999999999999996,15.017543859649118,5.263157894736837,high_agreement
MEASURE_ET_DC_SEC_X_Vboff_Id_plus_Ig_SD3p5,2.0296481644414893e-05,0.0137066002935171,2.212667401971513e-05,1217,1179,788,14.66666666666666,17.333333333333336,44.771929824561404,30.105263157894743,moderate_agreement
MEASURE_ET_DC_RF_CF_S12_Mag_L1018,2.007603137726029e-05,0.0119311097078025,-6.7711615124199655e-06,1218,1192,1233,14.596491228070175,16.42105263157895,13.543859649122803,2.8771929824561457,high_agreement
THIN_ET_DC_RF_Vt_gs,2.005500497415462e-05,0.002300180029124,5.331313118323022e-06,1219,1270,917,14.526315789473687,10.947368421052628,35.71929824561404,24.77192982456141,moderate_agreement
MEASURE_ET_RF_Modeling_Cgd,1.997677880033712e-05,0.0070493500679731,3.219983813612659e-07,1220,1219,974,14.456140350877188,14.526315789473687,31.719298245614034,17.263157894736846,moderate_agreement
TOPSIN_ET_DC_SMALL_Id_gm_max,1.9775715741058215e-05,0.008616839768365,-1.6030604748898393e-05,1221,1209,1313,14.385964912280702,15.228070175438601,7.9298245614035086,7.298245614035093,high_agreement
MEASURE_ET_Vbpin_D60,1.919905674946506e-05,0.0085371201857924,1.3070535517464844e-05,1222,1210,837,14.315789473684216,15.157894736842103,41.333333333333336,27.01754385964912,moderate_agreement
TOPSIN_ET_DC_RF_Vp_01,1.889831155601206e-05,0.0032267300412058,-5.131540726427408e-07,1223,1255,1138,14.245614035087717,12.0,20.21052631578948,8.21052631578948,high_agreement
MEASURE_ET_DC_RD_Vboff_ON,1.8701723890654613e-05,0.0096135195344686,2.776137590479455e-06,1224,1202,941,14.17543859649123,15.719298245614032,34.03508771929824,19.85964912280701,moderate_agreement
TOPSIN_ET_C300pf,1.8217739959784285e-05,0.0121804000809788,2.7008100216413533e-06,1225,1191,943,14.105263157894733,16.491228070175435,33.89473684210527,19.789473684210535,moderate_agreement
TOPSIN_ET_C100CapM1BRGM,1.816068336705854e-05,0.0053984401747584,-4.5892022478011285e-07,1226,1231,1136,14.035087719298245,13.684210526315788,20.350877192982452,6.666666666666664,high_agreement
MEASURE_ET_C500pf_0,1.813204191908176e-05,0.0050666900351643,4.309883670600145e-06,1227,1234,924,13.964912280701757,13.473684210526315,35.228070175438596,21.75438596491228,moderate_agreement
MEASURE_ET_C100C500pf,1.806368547641215e-05,0.0022439500316977,5.382945026000119e-06,1228,1271,916,13.89473684210526,10.87719298245614,35.78947368421053,24.912280701754387,moderate_agreement
MEASURE_ET_RF_Modeling_S21dB_10GHz,1.7780493636350687e-05,0.0031255499925464,-1.1585330348867772e-06,1229,1257,1152,13.824561403508772,11.859649122807014,19.228070175438596,7.368421052631582,high_agreement
MEASURE_ET_lkg_100_at20V,1.7611808592641867e-05,0.0099166203290224,2.688038126710812e-06,1230,1201,944,13.754385964912286,15.789473684210531,33.82456140350877,20.07017543859648,moderate_agreement
THIN_ET_Rsh_cat_c2,1.64376839732908e-05,0.0078336098231375,-4.978957278795048e-06,1231,1215,1210,13.684210526315788,14.807017543859647,15.157894736842103,1.473684210526315,high_agreement
MEASURE_ET_CapFICM1,1.6362467170102374e-05,0.0020405598916113,6.141476111773403e-06,1232,1273,903,13.614035087719301,10.736842105263156,36.70175438596491,25.964912280701753,moderate_agreement
MEASURE_ET_DC_RF_CF_S12_Ph_L1002,1.5891102321930647e-05,0.020363699644804,1.930883504869807e-05,1233,1146,802,13.543859649122803,19.649122807017537,43.78947368421052,30.24561403508772,moderate_agreement
MEASURE_ET_DC_SEC_S_Vp_1_mA_mm,1.569057574334662e-05,0.0028351699002087,2.3486786822901617e-07,1234,1262,978,13.473684210526315,11.508771929824558,31.438596491228065,19.929824561403507,moderate_agreement
FIC_ET_DC_RF_Vg_optt1,1.5620062821922363e-05,0.0139704302418977,-2.123943552953533e-06,1235,1177,1172,13.403508771929829,17.47368421052632,17.824561403508778,4.421052631578949,high_agreement
FIC_ET_DC_RF_Vg_gm_max,1.5452691024123994e-05,0.0070822401903569,-5.2366234539802384e-06,1236,1218,1211,13.33333333333333,14.596491228070175,15.087719298245617,1.7543859649122862,high_agreement
MEASURE_ET_DC_Big_Vp_01,1.544739613924146e-05,0.0028568599373102,-1.561348437839616e-06,1237,1260,1163,13.263157894736842,11.649122807017543,18.45614035087719,6.807017543859649,high_agreement
TOPSIN_ET_Load_Pull_Id_SS,1.5334877058797844e-05,0.0173431001603603,2.090024515571942e-06,1238,1160,950,13.192982456140356,18.666666666666664,33.40350877192982,20.210526315789465,moderate_agreement
MEASURE_ET_DC_Big_Imax,1.5190287668551676e-05,0.0018090199446305,-5.869970010968784e-06,1239,1277,1218,13.122807017543858,10.456140350877197,14.596491228070175,4.140350877192978,high_agreement
MEASURE_ET_DC_Diode_S21_dB_forw,1.5097060625570385e-05,0.0091580497100949,-1.999007455677493e-06,1240,1205,1168,13.052631578947372,15.508771929824562,18.105263157894736,5.052631578947365,high_agreement
MEASURE_ET_DC_RF_S12dB_26GHz,1.498740649430226e-05,0.0063547901809215,-5.167266123901059e-07,1241,1222,1139,12.982456140350873,14.315789473684216,20.14035087719298,7.157894736842106,high_agreement
THIN_ET_C100,1.4978251809261732e-05,0.0031402900349348,-3.945974244359829e-06,1242,1256,1198,12.912280701754387,11.929824561403512,16.000000000000004,4.0701754385964914,high_agreement
MEASURE_ET_DC_PIV_Idss_QP2,1.476898808850456e-05,0.003812720067799,-6.670712542983237e-07,1243,1248,1144,12.8421052631579,12.491228070175442,19.789473684210524,7.298245614035082,high_agreement
SIN_ET_DC_PIV_Imax_QP1,1.4625614326836732e-05,0.0021388900931924,2.887151892283501e-08,1244,1272,980,12.7719298245614,10.807017543859654,31.298245614035093,20.49122807017544,moderate_agreement
TOPSIN_ET_RGAN3,1.4439339360809777e-05,0.008096819743514,-5.790692552071208e-06,1245,1213,1217,12.701754385964914,14.947368421052632,14.66666666666666,2.2456140350877174,high_agreement
BRGM_ET_Rsh_F_AB_2,1.4287407157538784e-05,0.0048511400818824,-6.083561210540323e-07,1246,1235,1143,12.631578947368416,13.403508771929829,19.85964912280702,7.228070175438605,high_agreement
MEASURE_ET_DC_SEC_S_Vp_1_mA_mm_first,1.360761900260089e-05,0.0055925701744854,-2.9970278847712974e-06,1247,1228,1189,12.561403508771928,13.89473684210526,16.631578947368418,4.07017543859649,high_agreement
FIC_ET_Rc_OG142,1.3535265891908736e-05,0.0055834897793829,-8.165014887490108e-06,1248,1229,1243,12.491228070175442,13.824561403508772,12.8421052631579,1.3333333333333304,high_agreement
TOPSIN_ET_Vp_1,1.3378717801843984e-05,0.0030572700779885,1.1506155116053352e-06,1249,1258,963,12.421052631578943,11.789473684210527,32.49122807017544,20.70175438596491,moderate_agreement
FIC_ET_lkg_SY07_10,1.3079339712668631e-05,0.0034912400878965,-7.217158030342619e-07,1250,1250,1147,12.350877192982457,12.350877192982457,19.57894736842105,7.228070175438594,high_agreement
MEASURE_ET_DC_SEC_Vp_1mA,1.2435842706379654e-05,0.0081326495856046,-2.1503410066819884e-06,1251,1212,1173,12.28070175438597,15.017543859649118,17.754385964912277,5.473684210526308,high_agreement
MEASURE_ET_DC_SEC_S_Ig_mAmm_at_Vg_cond_neg_SD3p5,1.241529612427319e-05,0.0028387699276208,2.028110905241686e-06,1252,1261,951,12.210526315789473,11.578947368421055,33.333333333333336,21.75438596491228,moderate_agreement
MEASURE_ET_i5021_2,1.2381855156758742e-05,0.0056782299652695,-4.510520017150799e-06,1253,1227,1204,12.140350877192985,13.964912280701757,15.578947368421048,3.438596491228063,high_agreement
MEASURE_ET_RF_Modeling_Id_gm_max_W,1.2365102977665294e-05,0.0034348699264228,1.02695091145355e-06,1254,1251,967,12.070175438596486,12.28070175438597,32.21052631578948,20.140350877192994,moderate_agreement
MEASURE_ET_lkg_CapUSV,1.2221239357294798e-05,0.0039544599130749,8.68178877048431e-06,1255,1247,874,12.0,12.561403508771928,38.73684210526316,26.736842105263158,moderate_agreement
SIN_ET_DC_RF_Vbgs_0p1,1.2029121904358564e-05,0.0061293398030102,-1.6179670624311138e-05,1256,1224,1316,11.929824561403512,14.17543859649123,7.719298245614037,6.456140350877193,high_agreement
TOPSIN_ET_DC_RF_Vg_gm_max,1.1710194951488216e-05,0.0016685599694028,-1.4578912157919843e-06,1257,1278,1159,11.859649122807014,10.385964912280699,18.736842105263165,8.350877192982466,high_agreement
CATHODE_ET_Rcat_cn_1_OW_ST,1.0833056138667458e-05,0.0060222498141229,-1.0486241674906304e-06,1258,1225,1150,11.789473684210527,14.105263157894733,19.36842105263158,7.578947368421051,high_agreement
CATHODE_ET_Rsh_cat_c2,1.081051410829772e-05,0.0072829700075089,1.2032209025375495e-06,1259,1217,962,11.719298245614041,14.66666666666666,32.561403508771924,20.842105263157883,moderate_agreement
THIN_ET_DC_RF_Idss,1.0771027097003436e-05,0.0047120400704443,-2.0750663339952345e-06,1260,1237,1170,11.649122807017543,13.263157894736842,17.96491228070175,6.315789473684207,high_agreement
MEASURE_ET_RF_Modeling_ids_m0p2_W,1.0724307696228596e-05,0.0068393999245017,5.024414155974099e-06,1261,1220,919,11.578947368421055,14.456140350877188,35.578947368421055,24.0,moderate_agreement
MEASURE_ET_RF_Modeling_MAG_25G_Before,1.0432267521793154e-05,0.0059738298878073,-2.562538971415118e-06,1262,1226,1179,11.508771929824558,14.035087719298245,17.333333333333336,5.824561403508778,high_agreement
TOPSIN_ET_lkg_SY8_80,1.0363304765012969e-05,0.0092563200742006,-3.926871229498197e-06,1263,1204,1197,11.43859649122807,15.578947368421048,16.07017543859649,4.6315789473684195,high_agreement
MEASURE_ET_Gm_m2,9.609506213868113e-06,0.0043635098263621,1.9462699031358443e-06,1264,1239,953,11.368421052631582,13.122807017543858,33.19298245614035,21.824561403508767,moderate_agreement
TOPSIN_ET_Load_Pull_Freq,9.508352054697038e-06,0.0019230300094932,2.4725870031994116e-08,1265,1275,981,11.298245614035086,10.596491228070171,31.228070175438592,20.63157894736842,moderate_agreement
TOPSIN_ET_DC_SMALL_Vbgd1,9.36718387035756e-06,0.0046436497941613,2.3468637846052464e-06,1266,1238,949,11.228070175438598,13.192982456140356,33.47368421052631,22.245614035087712,moderate_agreement
MEASURE_ET_DC_SEC_S_Id_at_Vboff_mA_mm_SD3p5,9.236884545330136e-06,0.0052097397856414,9.681265504213333e-07,1267,1232,968,11.157894736842099,13.614035087719301,32.14035087719298,20.98245614035088,moderate_agreement
TOPSIN_ET_DC_SMALL_Imax,9.204464242539929e-06,0.0027912999503314,-8.411807017827399e-07,1268,1263,1148,11.087719298245613,11.43859649122807,19.508771929824565,8.421052631578952,high_agreement
MEASURE_ET_DC_Big_S11ang_10GHz,9.005107115777942e-06,0.0033078698907047,-4.126871967424784e-06,1269,1254,1201,11.017543859649127,12.070175438596486,15.789473684210531,4.771929824561404,high_agreement
MEASURE_ET_C100CapM1BRGM,7.994998881309345e-06,0.0033544800244271,4.2009333288600684e-06,1270,1252,925,10.947368421052628,12.210526315789473,35.15789473684211,24.21052631578948,moderate_agreement
MEASURE_ET_TANR,7.912339460517165e-06,0.0023805799428373,-5.827261590152233e-07,1271,1268,1141,10.87719298245614,11.087719298245613,19.999999999999996,9.122807017543856,high_agreement
SIN_GATE_ET_lkg_SY07_10,7.565125171341867e-06,0.0027079600840806,-5.397310320509607e-07,1272,1265,1140,10.807017543859654,11.298245614035086,20.070175438596493,9.263157894736839,high_agreement
MEASURE_ET_DC_RF_CF_S11_Mag_L1002,7.488586834024689e-06,0.0065847299993038,-7.202511902310027e-07,1273,1221,1146,10.736842105263156,14.385964912280702,19.649122807017537,8.912280701754382,high_agreement
MEASURE_ET_DC_SEC_S_Vp_0p7_mA_mm,7.342336405407561e-06,0.0030362498946487,3.238840403699261e-06,1274,1259,935,10.666666666666668,11.719298245614041,34.4561403508772,23.78947368421053,moderate_agreement
EBCR2_Ali_Litho_Gate_to_ohmic_alignment,7.293467095939267e-06,0.0025576800107955,1.4274094123079006e-06,1275,1266,960,10.596491228070171,11.228070175438598,32.70175438596491,22.10526315789474,moderate_agreement
THIN_ET_Rsh_cat_c2_OW_ST,6.172633526221153e-06,0.0020393799059093,-6.905259853917656e-07,1276,1274,1145,10.526315789473683,10.666666666666668,19.719298245614038,9.192982456140355,high_agreement
MEASURE_ET_DC_Big_Vds_max_0p1mA,5.700934453630914e-06,0.004036390222609,-1.4922140894935151e-06,1277,1245,1162,10.456140350877197,12.701754385964914,18.526315789473678,8.07017543859648,high_agreement
MEASURE_ET_DC_Stress_Vg_gm_max_before,4.6881843728434525e-06,0.0018216499593108,5.766887424260569e-06,1278,1276,907,10.385964912280699,10.526315789473683,36.421052631578945,26.035087719298247,moderate_agreement
TOPSIN_ET_lkg_Cap1,0.0,0.0,0.0,1279,1279,982,10.315789473684212,10.315789473684212,31.157894736842106,20.842105263157894,moderate_agreement
TOPSIN_ET_lkg_Cap3,0.0,0.0,0.0,1279,1279,982,10.315789473684212,10.315789473684212,31.157894736842106,20.842105263157894,moderate_agreement
TOPSIN_ET_lkg_CapFICBRGM,0.0,0.0,0.0,1279,1279,982,10.315789473684212,10.315789473684212,31.157894736842106,20.842105263157894,moderate_agreement
TOPSIN_ET_lkg_CapM1BRGM,0.0,0.0,0.0,1279,1279,982,10.315789473684212,10.315789473684212,31.157894736842106,20.842105263157894,moderate_agreement
OHMIC_ET_Rc_OG142,0.0,0.0,0.0,1279,1279,982,10.315789473684212,10.315789473684212,31.157894736842106,20.842105263157894,moderate_agreement
OHMIC_ET_Rc_an_ct2,0.0,0.0,0.0,1279,1279,982,10.315789473684212,10.315789473684212,31.157894736842106,20.842105263157894,moderate_agreement
SIN_ET_DC_PIV_Drain_Lag_Idss,0.0,0.0,0.0,1279,1279,982,10.315789473684212,10.315789473684212,31.157894736842106,20.842105263157894,moderate_agreement
TOPSIN_ET_lkg_CapPARCAP,0.0,0.0,0.0,1279,1279,982,10.315789473684212,10.315789473684212,31.157894736842106,20.842105263157894,moderate_agreement
Sort_Yield_target[%]_90,0.0,0.0,0.0,1279,1279,982,10.315789473684212,10.315789473684212,31.157894736842106,20.842105263157894,moderate_agreement
MEASURE_ET_R_660_HOR,0.0,0.0,0.0,1279,1279,982,10.315789473684212,10.315789473684212,31.157894736842106,20.842105263157894,moderate_agreement
SIN_GATE_ET_Rc_OG144,0.0,0.0,0.0,1279,1279,982,10.315789473684212,10.315789473684212,31.157894736842106,20.842105263157894,moderate_agreement
MEASURE_ET_R_f_tn_2,0.0,0.0,0.0,1279,1279,982,10.315789473684212,10.315789473684212,31.157894736842106,20.842105263157894,moderate_agreement
TOPSIN_ET_C100C450pf,0.0,0.0,0.0,1279,1279,982,10.315789473684212,10.315789473684212,31.157894736842106,20.842105263157894,moderate_agreement
MEASURE_ET_RF_Modeling_Vg_gm_max_W,0.0,0.0,0.0,1279,1279,982,10.315789473684212,10.315789473684212,31.157894736842106,20.842105263157894,moderate_agreement
MEASURE_ET_RF_Modeling_S22dB_10GHz,0.0,0.0,0.0,1279,1279,982,10.315789473684212,10.315789473684212,31.157894736842106,20.842105263157894,moderate_agreement
TOPSIN_ET_C100CapFICBRGM,0.0,0.0,0.0,1279,1279,982,10.315789473684212,10.315789473684212,31.157894736842106,20.842105263157894,moderate_agreement
MEASURE_ET_DC_SEC_S_Vp_1_mA_mm_first_FPSD3p2,0.0,0.0,0.0,1279,1279,982,10.315789473684212,10.315789473684212,31.157894736842106,20.842105263157894,moderate_agreement
THIN_ET_Rcat_cn_3_OW_ST,0.0,0.0,0.0,1279,1279,982,10.315789473684212,10.315789473684212,31.157894736842106,20.842105263157894,moderate_agreement
MEASURE_ET_DC_RF_S22ang_26GHz_W,0.0,0.0,0.0,1279,1279,982,10.315789473684212,10.315789473684212,31.157894736842106,20.842105263157894,moderate_agreement
MEASURE_ET_DC_SEC_S_Id_mA_mm_at_Vg2_FPSD3p2,0.0,0.0,0.0,1279,1279,982,10.315789473684212,10.315789473684212,31.157894736842106,20.842105263157894,moderate_agreement
MEASURE_ET_DC_SEC_Imax_6V,0.0,0.0,0.0,1279,1279,982,10.315789473684212,10.315789473684212,31.157894736842106,20.842105263157894,moderate_agreement
MEASURE_ET_DC_SEC_Imax_7V,0.0,0.0,0.0,1279,1279,982,10.315789473684212,10.315789473684212,31.157894736842106,20.842105263157894,moderate_agreement
MEASURE_ET_DC_SEC_Vg_gm_max,0.0,0.0,0.0,1279,1279,982,10.315789473684212,10.315789473684212,31.157894736842106,20.842105263157894,moderate_agreement
MEASURE_ET_DC_SEC_S_Vp_1_mA_mm_second,0.0,0.0,0.0,1279,1279,982,10.315789473684212,10.315789473684212,31.157894736842106,20.842105263157894,moderate_agreement
MEASURE_ET_DC_RF_Vp_1_W,0.0,0.0,0.0,1279,1279,982,10.315789473684212,10.315789473684212,31.157894736842106,20.842105263157894,moderate_agreement
THIN_ET_Rcat_cn_2_OW_ST,0.0,0.0,0.0,1279,1279,982,10.315789473684212,10.315789473684212,31.157894736842106,20.842105263157894,moderate_agreement
MEASURE_ET_DC_SEC_S_Vboff_Id_plus_Ig_SD3p5,0.0,0.0,0.0,1279,1279,982,10.315789473684212,10.315789473684212,31.157894736842106,20.842105263157894,moderate_agreement
THIN_ET_Rc_cat_ct2_OW_ST,0.0,0.0,0.0,1279,1279,982,10.315789473684212,10.315789473684212,31.157894736842106,20.842105263157894,moderate_agreement
MEASURE_ET_DC_SEC_Gm_max,0.0,0.0,0.0,1279,1279,982,10.315789473684212,10.315789473684212,31.157894736842106,20.842105263157894,moderate_agreement
SIN_ET_DC_RF_Imax,0.0,0.0,0.0,1279,1279,982,10.315789473684212,10.315789473684212,31.157894736842106,20.842105263157894,moderate_agreement
MaskSetName_MS_B,0.0,0.0,0.0,1279,1279,982,10.315789473684212,10.315789473684212,31.157894736842106,20.842105263157894,moderate_agreement
MaskSetName_MS_C,0.0,0.0,0.0,1279,1279,982,10.315789473684212,10.315789473684212,31.157894736842106,20.842105263157894,moderate_agreement
TOPSIN_ET_Rc_f_hr_23,0.0,0.0,0.0,1279,1279,982,10.315789473684212,10.315789473684212,31.157894736842106,20.842105263157894,moderate_agreement
SIN_ET_DC_PIV_Drain_Lag_Imax,0.0,0.0,0.0,1279,1279,982,10.315789473684212,10.315789473684212,31.157894736842106,20.842105263157894,moderate_agreement
SIN_ET_DC_RF_Gm_0,0.0,0.0,0.0,1279,1279,982,10.315789473684212,10.315789473684212,31.157894736842106,20.842105263157894,moderate_agreement
BRGM_ET_C200,0.0,0.0,0.0,1279,1279,982,10.315789473684212,10.315789473684212,31.157894736842106,20.842105263157894,moderate_agreement
SIN_ET_DC_PIV_Imax_QP3,0.0,0.0,0.0,1279,1279,982,10.315789473684212,10.315789473684212,31.157894736842106,20.842105263157894,moderate_agreement
SIN_ET_DC_PIV_Imax_QP2,0.0,0.0,0.0,1279,1279,982,10.315789473684212,10.315789473684212,31.157894736842106,20.842105263157894,moderate_agreement
SIN_ET_DC_PIV_Gate_Lag_Imax,0.0,0.0,0.0,1279,1279,982,10.315789473684212,10.315789473684212,31.157894736842106,20.842105263157894,moderate_agreement
BRGM_ET_C200_0,0.0,0.0,0.0,1279,1279,982,10.315789473684212,10.315789473684212,31.157894736842106,20.842105263157894,moderate_agreement
MEASURE_ET_DC_PIV_Imax_QP2,0.0,0.0,0.0,1279,1279,982,10.315789473684212,10.315789473684212,31.157894736842106,20.842105263157894,moderate_agreement
MEASURE_ET_DC_PIV_Imax_QP3,0.0,0.0,0.0,1279,1279,982,10.315789473684212,10.315789473684212,31.157894736842106,20.842105263157894,moderate_agreement
MEASURE_ET_DC_Big_Idss,0.0,0.0,0.0,1279,1279,982,10.315789473684212,10.315789473684212,31.157894736842106,20.842105263157894,moderate_agreement
TOPSIN_ET_DC_RF_Vp_1,0.0,0.0,0.0,1279,1279,982,10.315789473684212,10.315789473684212,31.157894736842106,20.842105263157894,moderate_agreement
MEASURE_ET_DC_SEC_X_Vp_1_mA_mm_second_FPSD3p2,0.0,0.0,0.0,1279,1279,982,10.315789473684212,10.315789473684212,31.157894736842106,20.842105263157894,moderate_agreement
MEASURE_ET_RF_Modeling_Id_search,0.0,0.0,0.0,1279,1279,982,10.315789473684212,10.315789473684212,31.157894736842106,20.842105263157894,moderate_agreement
MEASURE_ET_RF_Modeling_Gm_max_W,0.0,0.0,0.0,1279,1279,982,10.315789473684212,10.315789473684212,31.157894736842106,20.842105263157894,moderate_agreement
MEASURE_ET_RF_Modeling_Gm_err,0.0,0.0,0.0,1279,1279,982,10.315789473684212,10.315789473684212,31.157894736842106,20.842105263157894,moderate_agreement
MEASURE_ET_DC_SMALL_Imax,0.0,0.0,0.0,1279,1279,982,10.315789473684212,10.315789473684212,31.157894736842106,20.842105263157894,moderate_agreement
MEASURE_ET_DC_SMALL_Gm_0,0.0,0.0,0.0,1279,1279,982,10.315789473684212,10.315789473684212,31.157894736842106,20.842105263157894,moderate_agreement
MEASURE_ET_DC_Stress_Idss_before,0.0,0.0,0.0,1279,1279,982,10.315789473684212,10.315789473684212,31.157894736842106,20.842105263157894,moderate_agreement
MEASURE_ET_DC_Stress_Vg_gm_max_after,0.0,0.0,0.0,1279,1279,982,10.315789473684212,10.315789473684212,31.157894736842106,20.842105263157894,moderate_agreement
TOPSIN_ET_C385pf,0.0,0.0,0.0,1279,1279,982,10.315789473684212,10.315789473684212,31.157894736842106,20.842105263157894,moderate_agreement
MEASURE_ET_DC_RF_Imax_W,0.0,0.0,0.0,1279,1279,982,10.315789473684212,10.315789473684212,31.157894736842106,20.842105263157894,moderate_agreement
MEASURE_ET_Rcat_cn_1,0.0,0.0,0.0,1279,1279,982,10.315789473684212,10.315789473684212,31.157894736842106,20.842105263157894,moderate_agreement
Sort_Yield_target[%]_88,0.0,0.0,0.0,1279,1279,982,10.315789473684212,10.315789473684212,31.157894736842106,20.842105263157894,moderate_agreement
MEASURE_ET_RF_Modeling_S21ang_10GHz,0.0,0.0,0.0,1279,1279,982,10.315789473684212,10.315789473684212,31.157894736842106,20.842105263157894,moderate_agreement
TOPSIN_ET_C300,0.0,0.0,0.0,1279,1279,982,10.315789473684212,10.315789473684212,31.157894736842106,20.842105263157894,moderate_agreement
MEASURE_ET_DC_RF_S21ang_26GHz,0.0,0.0,0.0,1279,1279,982,10.315789473684212,10.315789473684212,31.157894736842106,20.842105263157894,moderate_agreement
TOPSIN_ET_CapFICBRGM,0.0,0.0,0.0,1279,1279,982,10.315789473684212,10.315789473684212,31.157894736842106,20.842105263157894,moderate_agreement
THIN_ET_lkg_PAD_10,0.0,0.0,0.0,1279,1279,982,10.315789473684212,10.315789473684212,31.157894736842106,20.842105263157894,moderate_agreement
THIN_ET_lkg_C200,0.0,0.0,0.0,1279,1279,982,10.315789473684212,10.315789473684212,31.157894736842106,20.842105263157894,moderate_agreement
THIN_ET_lkg_50_at20V,0.0,0.0,0.0,1279,1279,982,10.315789473684212,10.315789473684212,31.157894736842106,20.842105263157894,moderate_agreement
MEASURE_ET_DC_RF_S21ang_26GHz_W,0.0,0.0,0.0,1279,1279,982,10.315789473684212,10.315789473684212,31.157894736842106,20.842105263157894,moderate_agreement
MEASURE_ET_DC_RF_Imax,0.0,0.0,0.0,1279,1279,982,10.315789473684212,10.315789473684212,31.157894736842106,20.842105263157894,moderate_agreement
MEASURE_ET_DC_SEC_X_Vp_1_mA_mm_second,0.0,0.0,0.0,1279,1279,982,10.315789473684212,10.315789473684212,31.157894736842106,20.842105263157894,moderate_agreement
MEASURE_ET_DC_SEC_X_Vp_1_mA_mm_first,0.0,0.0,0.0,1279,1279,982,10.315789473684212,10.315789473684212,31.157894736842106,20.842105263157894,moderate_agreement
MEASURE_ET_DC_SEC_X_Vg_at_I3_pos_FPSD3p2,0.0,0.0,0.0,1279,1279,982,10.315789473684212,10.315789473684212,31.157894736842106,20.842105263157894,moderate_agreement
MEASURE_ET_DC_SEC_X_Vp_1_mA_mm,0.0,0.0,0.0,1279,1279,982,10.315789473684212,10.315789473684212,31.157894736842106,20.842105263157894,moderate_agreement
MEASURE_ET_Vp_1,0.0,0.0,0.0,1279,1279,982,10.315789473684212,10.315789473684212,31.157894736842106,20.842105263157894,moderate_agreement
SIN_ET_lkg_SY8_80,0.0,0.0,0.0,1279,1279,982,10.315789473684212,10.315789473684212,31.157894736842106,20.842105263157894,moderate_agreement
MEASURE_ET_Vg_gm_max,0.0,0.0,0.0,1279,1279,982,10.315789473684212,10.315789473684212,31.157894736842106,20.842105263157894,moderate_agreement
MEASURE_ET_DC_RF_Gm_0,0.0,0.0,0.0,1279,1279,982,10.315789473684212,10.315789473684212,31.157894736842106,20.842105263157894,moderate_agreement
Version_V1.0,0.0,0.0,0.0,1279,1279,982,10.315789473684212,10.315789473684212,31.157894736842106,20.842105263157894,moderate_agreement
TOPSIN_ET_lkg_C500pf,0.0,0.0,0.0,1279,1279,982,10.315789473684212,10.315789473684212,31.157894736842106,20.842105263157894,moderate_agreement
BRGM_ET_KLV_F_M1_4u,0.0,0.0,0.0,1279,1279,982,10.315789473684212,10.315789473684212,31.157894736842106,20.842105263157894,moderate_agreement
GATE2_CD_Gate_Leg_Length,0.0,0.0,0.0,1279,1279,982,10.315789473684212,10.315789473684212,31.157894736842106,20.842105263157894,moderate_agreement
MEASURE_ET_DC_Big_Gm_max,0.0,0.0,0.0,1279,1279,982,10.315789473684212,10.315789473684212,31.157894736842106,20.842105263157894,moderate_agreement
Lot_type_ENG,0.0,0.0,0.0,1279,1279,982,10.315789473684212,10.315789473684212,31.157894736842106,20.842105263157894,moderate_agreement
Lot_type_PROD,0.0,0.0,0.0,1279,1279,982,10.315789473684212,10.315789473684212,31.157894736842106,20.842105263157894,moderate_agreement
MEASURE_ET_DC_Big_MAG_18GHz,0.0,0.0,0.0,1279,1279,982,10.315789473684212,10.315789473684212,31.157894736842106,20.842105263157894,moderate_agreement
MEASURE_ET_C100Cap3pf,0.0,0.0,0.0,1279,1279,982,10.315789473684212,10.315789473684212,31.157894736842106,20.842105263157894,moderate_agreement
MEASURE_ET_lkg_PAD_10,0.0,0.0,0.0,1279,1279,982,10.315789473684212,10.315789473684212,31.157894736842106,20.842105263157894,moderate_agreement
MEASURE_ET_LT_SEC_Vbgd1,0.0,0.0,0.0,1279,1279,982,10.315789473684212,10.315789473684212,31.157894736842106,20.842105263157894,moderate_agreement
THIN_ET_DC_RF_Gm_max,0.0,0.0,0.0,1279,1279,982,10.315789473684212,10.315789473684212,31.157894736842106,20.842105263157894,moderate_agreement
MEASURE_ET_LT_SEC_Ileak_m5V_mA_mm,0.0,0.0,0.0,1279,1279,982,10.315789473684212,10.315789473684212,31.157894736842106,20.842105263157894,moderate_agreement
MEASURE_ET_LT_SEC_Ileak_m10V_mA_mm,0.0,0.0,0.0,1279,1279,982,10.315789473684212,10.315789473684212,31.157894736842106,20.842105263157894,moderate_agreement
THIN_ET_DC_RF_Vbgd1,0.0,0.0,0.0,1279,1279,982,10.315789473684212,10.315789473684212,31.157894736842106,20.842105263157894,moderate_agreement
MEASURE_ET_RF_Modeling_Gm_0_W,0.0,0.0,0.0,1279,1279,982,10.315789473684212,10.315789473684212,31.157894736842106,20.842105263157894,moderate_agreement
MEASURE_ET_CapUSV_0,0.0,0.0,0.0,1279,1279,982,10.315789473684212,10.315789473684212,31.157894736842106,20.842105263157894,moderate_agreement
MEASURE_ET_Cap_USV,0.0,0.0,0.0,1279,1279,982,10.315789473684212,10.315789473684212,31.157894736842106,20.842105263157894,moderate_agreement
MEASURE_ET_DC_Big_Gm_0,0.0,0.0,0.0,1279,1279,982,10.315789473684212,10.315789473684212,31.157894736842106,20.842105263157894,moderate_agreement
MEASURE_ET_C200,0.0,0.0,0.0,1279,1279,982,10.315789473684212,10.315789473684212,31.157894736842106,20.842105263157894,moderate_agreement
TOPSIN_ET_DC_SMALL_Gm_0,0.0,0.0,0.0,1279,1279,982,10.315789473684212,10.315789473684212,31.157894736842106,20.842105263157894,moderate_agreement
MEASURE_ET_CapFICBRGM,0.0,0.0,0.0,1279,1279,982,10.315789473684212,10.315789473684212,31.157894736842106,20.842105263157894,moderate_agreement
MEASURE_ET_CapFICBRGM_0,0.0,0.0,0.0,1279,1279,982,10.315789473684212,10.315789473684212,31.157894736842106,20.842105263157894,moderate_agreement
TOPSIN_ET_DC_RF_Gm_0,0.0,0.0,0.0,1279,1279,982,10.315789473684212,10.315789473684212,31.157894736842106,20.842105263157894,moderate_agreement
TOPSIN_ET_DC_RF_Id_gm_max,0.0,0.0,0.0,1279,1279,982,10.315789473684212,10.315789473684212,31.157894736842106,20.842105263157894,moderate_agreement
MEASURE_ET_DC_PIV_Gate_Lag_0,0.0,0.0,0.0,1279,1279,982,10.315789473684212,10.315789473684212,31.157894736842106,20.842105263157894,moderate_agreement
MEASURE_ET_DC_PIV_Idss_QP1,0.0,0.0,0.0,1279,1279,982,10.315789473684212,10.315789473684212,31.157894736842106,20.842105263157894,moderate_agreement
MEASURE_ET_CapM1BRGM,0.0,0.0,0.0,1279,1279,982,10.315789473684212,10.315789473684212,31.157894736842106,20.842105263157894,moderate_agreement
MEASURE_ET_CapM1BRGM_0,0.0,0.0,0.0,1279,1279,982,10.315789473684212,10.315789473684212,31.157894736842106,20.842105263157894,moderate_agreement
MEASURE_ET_DC_PIV_Idss_QP3,0.0,0.0,0.0,1279,1279,982,10.315789473684212,10.315789473684212,31.157894736842106,20.842105263157894,moderate_agreement
MEASURE_ET_DC_PIV_Imax_QP1,0.0,0.0,0.0,1279,1279,982,10.315789473684212,10.315789473684212,31.157894736842106,20.842105263157894,moderate_agreement
FIC_ET_Vg_gm_max,0.0,0.0,0.0,1279,1279,982,10.315789473684212,10.315789473684212,31.157894736842106,20.842105263157894,moderate_agreement
FIC_ET_Rc_f_tn_23,0.0,0.0,0.0,1279,1279,982,10.315789473684212,10.315789473684212,31.157894736842106,20.842105263157894,moderate_agreement
TOPSIN_ET_DC_SMALL_Vg_gm_max,0.0,0.0,0.0,1279,1279,982,10.315789473684212,10.315789473684212,31.157894736842106,20.842105263157894,moderate_agreement
GATE2_Ali_Litho2_Gate_to_ohmic_alignment,0.0,0.0,0.0,1279,1279,982,10.315789473684212,10.315789473684212,31.157894736842106,20.842105263157894,moderate_agreement
TOPSIN_ET_DC_SMALL_Vp_01,0.0,0.0,0.0,1279,1279,982,10.315789473684212,10.315789473684212,31.157894736842106,20.842105263157894,moderate_agreement
FIC_ET_DC_RF_Ids_m0p2,0.0,0.0,0.0,1279,1279,982,10.315789473684212,10.315789473684212,31.157894736842106,20.842105263157894,moderate_agreement
FIC_ET_DC_RF_Gm_max,0.0,0.0,0.0,1279,1279,982,10.315789473684212,10.315789473684212,31.157894736842106,20.842105263157894,moderate_agreement
TOPSIN_ET_DC_SMALL_Vp_1,0.0,0.0,0.0,1279,1279,982,10.315789473684212,10.315789473684212,31.157894736842106,20.842105263157894,moderate_agreement
FIC_ET_DC_RF_Idss,0.0,0.0,0.0,1279,1279,982,10.315789473684212,10.315789473684212,31.157894736842106,20.842105263157894,moderate_agreement
SIN_ET_DC_RF_Vp_01,0.0,0.0,0.0,1279,1279,982,10.315789473684212,10.315789473684212,31.157894736842106,20.842105263157894,moderate_agreement
SIN_ET_DC_RF_Vg_gm_max,0.0,0.0,0.0,1279,1279,982,10.315789473684212,10.315789473684212,31.157894736842106,20.842105263157894,moderate_agreement
MEASURE_ET_lkg_CapPARCAP,0.0,0.0,0.0,1279,1279,982,10.315789473684212,10.315789473684212,31.157894736842106,20.842105263157894,moderate_agreement
MEASURE_ET_lkg_Cap1,0.0,0.0,0.0,1279,1279,982,10.315789473684212,10.315789473684212,31.157894736842106,20.842105263157894,moderate_agreement
MEASURE_ET_lkg_C300pf,0.0,0.0,0.0,1279,1279,982,10.315789473684212,10.315789473684212,31.157894736842106,20.842105263157894,moderate_agreement
MEASURE_ET_lkg_C300FM1,0.0,0.0,0.0,1279,1279,982,10.315789473684212,10.315789473684212,31.157894736842106,20.842105263157894,moderate_agreement
MEASURE_ET_lkg_70_at20V,0.0,0.0,0.0,1279,1279,982,10.315789473684212,10.315789473684212,31.157894736842106,20.842105263157894,moderate_agreement
TOPSIN_ET_R514,0.0,0.0,0.0,1279,1279,982,10.315789473684212,10.315789473684212,31.157894736842106,20.842105263157894,moderate_agreement
FIC_ET_DC_RF_Vdg_max_0p1mA,0.0,0.0,0.0,1279,1279,982,10.315789473684212,10.315789473684212,31.157894736842106,20.842105263157894,moderate_agreement
FIC_ET_OHMC,0.0,0.0,0.0,1279,1279,982,10.315789473684212,10.315789473684212,31.157894736842106,20.842105263157894,moderate_agreement
FIC_ET_DC_RF_Vg_optt2,0.0,0.0,0.0,1279,1279,982,10.315789473684212,10.315789473684212,31.157894736842106,20.842105263157894,moderate_agreement
TOPSIN_ET_Gm_max,0.0,0.0,0.0,1279,1279,982,10.315789473684212,10.315789473684212,31.157894736842106,20.842105263157894,moderate_agreement
Customer_Internal,0.0,0.0,0.0,1279,1279,982,10.315789473684212,10.315789473684212,31.157894736842106,20.842105263157894,moderate_agreement
MEASURE_ET_lkg_USV_Cap,0.0,0.0,0.0,1279,1279,982,10.315789473684212,10.315789473684212,31.157894736842106,20.842105263157894,moderate_agreement
BRGM_ET_lkg_SY8_80,0.0,0.0,0.0,1279,1279,982,10.315789473684212,10.315789473684212,31.157894736842106,20.842105263157894,moderate_agreement
BRGM_ET_TR_1F,0.0,0.0,0.0,1279,1279,982,10.315789473684212,10.315789473684212,31.157894736842106,20.842105263157894,moderate_agreement
TOPSIN_ET_lkg_C300,0.0,0.0,0.0,1279,1279,982,10.315789473684212,10.315789473684212,31.157894736842106,20.842105263157894,moderate_agreement
BRGM_ET_lkg_C200,0.0,0.0,0.0,1279,1279,982,10.315789473684212,10.315789473684212,31.157894736842106,20.842105263157894,moderate_agreement
BRGM_ET_i5021_1,0.0,0.0,0.0,1279,1279,982,10.315789473684212,10.315789473684212,31.157894736842106,20.842105263157894,moderate_agreement
BRGM_ET_lkg_C300,0.0,0.0,0.0,1279,1279,982,10.315789473684212,10.315789473684212,31.157894736842106,20.842105263157894,moderate_agreement
MEASURE_ET_Gm_max,0.0,0.0,0.0,1279,1279,982,10.315789473684212,10.315789473684212,31.157894736842106,20.842105263157894,moderate_agreement
Customer_Customer_A,0.0,0.0,0.0,1279,1279,982,10.315789473684212,10.315789473684212,31.157894736842106,20.842105263157894,moderate_agreement
Customer_Customer_B,0.0,0.0,0.0,1279,1279,982,10.315789473684212,10.315789473684212,31.157894736842106,20.842105263157894,moderate_agreement
VendorName_EPI_B,0.0,0.0,0.0,1279,1279,982,10.315789473684212,10.315789473684212,31.157894736842106,20.842105263157894,moderate_agreement
VendorName_EPI_C,0.0,0.0,0.0,1279,1279,982,10.315789473684212,10.315789473684212,31.157894736842106,20.842105263157894,moderate_agreement
VendorName_EPI_A,0.0,0.0,0.0,1279,1279,982,10.315789473684212,10.315789473684212,31.157894736842106,20.842105263157894,moderate_agreement
Technology_PHEMT_0.35um,0.0,0.0,0.0,1279,1279,982,10.315789473684212,10.315789473684212,31.157894736842106,20.842105263157894,moderate_agreement
Technology_PHEMT_0.15um,0.0,0.0,0.0,1279,1279,982,10.315789473684212,10.315789473684212,31.157894736842106,20.842105263157894,moderate_agreement
Technology_PHEMT_0.25um,0.0,0.0,0.0,1279,1279,982,10.315789473684212,10.315789473684212,31.157894736842106,20.842105263157894,moderate_agreement
BRGM_ET_ABVIETCH,0.0,0.0,0.0,1279,1279,982,10.315789473684212,10.315789473684212,31.157894736842106,20.842105263157894,moderate_agreement
Version_V1.1,0.0,0.0,0.0,1279,1279,982,10.315789473684212,10.315789473684212,31.157894736842106,20.842105263157894,moderate_agreement
BRGM_ET_KLV_F_AB_4u,0.0,0.0,0.0,1279,1279,982,10.315789473684212,10.315789473684212,31.157894736842106,20.842105263157894,moderate_agreement
Version_V2.0,0.0,0.0,0.0,1279,1279,982,10.315789473684212,10.315789473684212,31.157894736842106,20.842105263157894,moderate_agreement
BRGM_ET_Cap_C300,0.0,0.0,0.0,1279,1279,982,10.315789473684212,10.315789473684212,31.157894736842106,20.842105263157894,moderate_agreement
