parameter_A,parameter_B,parameter_C,contrast_3way,max_2way_contrast_in_cube,adds_beyond_lower_order,"high_yield_region_(A,B,C)_bins",high_yield_mean,"low_yield_region_(A,B,C)_bins",low_yield_mean,min_cell_count,fold_sign_reproducibility,evidence_label,reason
ANODE_ET_Rsh_an_ct2,FIC_ET_Bad_Gates,TOPSIN_ET_DC_PIV_Drain_Lag_1,0.0301,0.1356,False,"(0, 0, 0)",93.236,"(1, 0, 1)",90.331,112.0,5/5,MODERATE,
ANODE_ET_Rsh_an_ct2,MEASURE_ET_DC_SEC_X_Bin,TOPSIN_ET_DC_PIV_Drain_Lag_1,-0.0013,0.3907,False,"(0, 0, 0)",93.613,"(0, 1, 1)",90.3,106.0,4/5,MODERATE,
ANODE_ET_Rsh_an_ct2,MEASURE_ET_DC_SMALL_Ids_m0p2,TOPSIN_ET_DC_PIV_Drain_Lag_1,-0.0007,0.0491,False,"(0, 0, 0)",93.607,"(1, 1, 1)",90.326,119.0,2/5,WEAK,
ANODE_ET_Rsh_an_ct2,MEASURE_ET_Rc_OG142_GN,TOPSIN_ET_DC_PIV_Drain_Lag_1,-0.1049,0.2471,False,"(0, 0, 0)",93.257,"(1, 1, 1)",90.144,77.0,1/2,WEAK,
ANODE_ET_Rsh_an_ct2,THIN_ET_sh_f_hr_23,TOPSIN_ET_DC_PIV_Drain_Lag_1,0.2444,0.1425,True,"(0, 0, 0)",93.275,"(1, 0, 1)",90.364,110.0,5/5,STRONG,
ANODE_ET_Rsh_an_ct2,TOPSIN_ET_DC_PIV_Drain_Lag_1,TOPSIN_ET_DC_SMALL_Vdg_max,-0.0709,0.0172,True,"(0, 0, 0)",93.73,"(1, 1, 1)",90.359,77.0,3/4,MODERATE,
BMETAL1_Height_Metal1_metal_thickness,FIC_ET_Bad_Gates,TOPSIN_ET_DC_PIV_Drain_Lag_1,-0.3286,0.2674,True,"(0, 1, 0)",93.092,"(1, 1, 1)",90.705,116.0,2/4,WEAK,
BMETAL1_Height_Metal1_metal_thickness,MEASURE_ET_DC_SEC_X_Bin,TOPSIN_ET_DC_PIV_Drain_Lag_1,-0.1528,0.4478,False,"(0, 0, 0)",93.498,"(0, 1, 1)",90.156,98.0,4/4,MODERATE,
BMETAL1_Height_Metal1_metal_thickness,MEASURE_ET_DC_SMALL_Ids_m0p2,TOPSIN_ET_DC_PIV_Drain_Lag_1,0.1272,0.1089,True,"(0, 0, 0)",93.42,"(1, 1, 1)",90.944,113.0,3/5,MODERATE,
BMETAL1_Height_Metal1_metal_thickness,MEASURE_ET_Rc_OG142_GN,TOPSIN_ET_DC_PIV_Drain_Lag_1,0.1862,0.2535,False,"(0, 0, 0)",93.219,"(0, 1, 1)",90.092,94.0,3/5,MODERATE,
BMETAL1_Height_Metal1_metal_thickness,THIN_ET_sh_f_hr_23,TOPSIN_ET_DC_PIV_Drain_Lag_1,0.1385,0.1271,True,"(0, 0, 0)",93.076,"(1, 0, 1)",90.879,119.0,4/5,STRONG,
BMETAL1_Height_Metal1_metal_thickness,TOPSIN_ET_DC_PIV_Drain_Lag_1,TOPSIN_ET_DC_SMALL_Vdg_max,-0.1314,0.2238,False,"(0, 0, 0)",93.736,"(1, 1, 1)",90.953,96.0,3/3,MODERATE,
BRGM_ET_Probe_Number,FIC_ET_Bad_Gates,TOPSIN_ET_DC_PIV_Drain_Lag_1,-0.0117,0.3684,False,"(0, 0, 0)",92.893,"(0, 1, 1)",90.469,111.0,3/5,MODERATE,
BRGM_ET_Probe_Number,MEASURE_ET_DC_SEC_X_Bin,TOPSIN_ET_DC_PIV_Drain_Lag_1,0.4587,0.5374,False,"(0, 1, 0)",93.276,"(0, 1, 1)",88.782,116.0,5/5,MODERATE,
BRGM_ET_Probe_Number,MEASURE_ET_DC_SMALL_Ids_m0p2,TOPSIN_ET_DC_PIV_Drain_Lag_1,0.2984,0.2864,True,"(1, 0, 0)",93.216,"(0, 1, 1)",90.137,104.0,5/5,STRONG,
BRGM_ET_Probe_Number,MEASURE_ET_Rc_OG142_GN,TOPSIN_ET_DC_PIV_Drain_Lag_1,0.0766,0.3406,False,"(0, 0, 0)",93.245,"(0, 1, 1)",89.866,98.0,3/5,MODERATE,
BRGM_ET_Probe_Number,THIN_ET_sh_f_hr_23,TOPSIN_ET_DC_PIV_Drain_Lag_1,-0.0312,0.3599,False,"(0, 0, 0)",92.873,"(0, 1, 1)",90.64,128.0,2/5,WEAK,
BRGM_ET_Probe_Number,TOPSIN_ET_DC_PIV_Drain_Lag_1,TOPSIN_ET_DC_SMALL_Vdg_max,-0.1312,0.322,False,"(1, 0, 0)",92.931,"(0, 1, 0)",90.432,122.0,3/5,MODERATE,
BRIDGE_METAL_Height_Final_TOP_metal_thickness,FIC_ET_Bad_Gates,TOPSIN_ET_DC_PIV_Drain_Lag_1,0.0141,0.4903,False,"(1, 1, 0)",93.184,"(1, 0, 1)",90.437,115.0,2/3,WEAK,
BRIDGE_METAL_Height_Final_TOP_metal_thickness,MEASURE_ET_DC_SEC_X_Bin,TOPSIN_ET_DC_PIV_Drain_Lag_1,-0.0712,0.4841,False,"(1, 1, 0)",92.913,"(1, 1, 1)",90.128,91.0,3/5,MODERATE,
BRIDGE_METAL_Height_Final_TOP_metal_thickness,MEASURE_ET_DC_SMALL_Ids_m0p2,TOPSIN_ET_DC_PIV_Drain_Lag_1,-0.3871,0.0643,True,"(0, 0, 0)",93.669,"(1, 1, 1)",90.285,114.0,5/5,STRONG,
BRIDGE_METAL_Height_Final_TOP_metal_thickness,MEASURE_ET_Rc_OG142_GN,TOPSIN_ET_DC_PIV_Drain_Lag_1,-0.1085,0.371,False,"(1, 0, 0)",93.536,"(1, 1, 1)",90.072,91.0,3/5,MODERATE,
BRIDGE_METAL_Height_Final_TOP_metal_thickness,THIN_ET_sh_f_hr_23,TOPSIN_ET_DC_PIV_Drain_Lag_1,-0.2145,0.2014,True,"(1, 0, 0)",92.795,"(1, 1, 1)",90.71,107.0,4/5,STRONG,
BRIDGE_METAL_Height_Final_TOP_metal_thickness,TOPSIN_ET_DC_PIV_Drain_Lag_1,TOPSIN_ET_DC_SMALL_Vdg_max,-0.0657,0.1748,False,"(0, 0, 0)",93.202,"(0, 1, 1)",91.05,97.0,3/4,MODERATE,
CATHODE_ET_Rc_cat_ct2_OW_ST,EBCR2_Ali_Litho_Gate_to_ohmic_alignment,THIN_ET_lkg_100_at20V,-0.0538,0.5394,False,"(0, 1, 0)",93.447,"(1, 1, 1)",88.919,80.0,3/5,MODERATE,
CATHODE_ET_Rc_cat_ct2_OW_ST,MEASURE_ET_DC_RF2_S22dB_26GHz,THIN_ET_lkg_100_at20V,0.0733,0.1102,False,"(0, 0, 0)",93.419,"(1, 1, 1)",90.679,111.0,2/4,WEAK,
CATHODE_ET_Rc_cat_ct2_OW_ST,MEASURE_ET_Rc_OG142_GN,THIN_ET_lkg_100_at20V,-0.1723,0.1616,True,"(0, 0, 0)",93.416,"(1, 1, 1)",90.409,60.0,0/0,INCONCLUSIVE,
CATHODE_ET_Rc_cat_ct2_OW_ST,MEASURE_ET_Rcat_cn_2,THIN_ET_lkg_100_at20V,-0.0126,0.285,False,"(0, 1, 0)",93.476,"(1, 0, 1)",90.001,42.0,0/0,INCONCLUSIVE,
CATHODE_ET_Rc_cat_ct2_OW_ST,SIN_GATE_ET_Rc_an_ct2,THIN_ET_lkg_100_at20V,-0.1159,0.2686,False,"(0, 1, 0)",93.519,"(1, 1, 1)",90.217,64.0,0/0,INCONCLUSIVE,
CATHODE_ET_Rcat_cn_1,EBCR2_Ali_Litho_Gate_to_ohmic_alignment,TOPSIN_ET_lkg_C450pf,-0.3713,0.3459,True,"(0, 0, 0)",93.576,"(1, 1, 1)",89.286,89.0,4/4,STRONG,
CATHODE_ET_Rcat_cn_1,THIN_ET_Rcat_cn_3,TOPSIN_ET_lkg_C450pf,-0.3137,0.3053,True,"(0, 0, 0)",93.142,"(1, 1, 1)",90.026,59.0,1/1,WEAK,
CATHODE_ET_Rcat_cn_2,EBCR2_Ali_Litho_Gate_to_ohmic_alignment,TOPSIN_ET_lkg_C450pf,-0.0707,0.2963,False,"(0, 0, 0)",93.516,"(1, 1, 1)",90.08,79.0,4/4,MODERATE,
CATHODE_ET_Rcat_cn_2,FIC_ET_Bad_Gates,TOPSIN_ET_DC_PIV_Drain_Lag_1,-0.0591,0.0133,True,"(0, 1, 0)",93.169,"(1, 0, 1)",90.756,114.0,1/4,WEAK,
CATHODE_ET_Rcat_cn_2,MEASURE_ET_DC_SEC_X_Bin,TOPSIN_ET_DC_PIV_Drain_Lag_1,0.0948,0.4078,False,"(0, 0, 0)",93.454,"(0, 1, 1)",90.051,108.0,2/5,WEAK,
CATHODE_ET_Rcat_cn_2,MEASURE_ET_DC_SMALL_Ids_m0p2,TOPSIN_ET_DC_PIV_Drain_Lag_1,-0.0868,0.0282,True,"(0, 0, 0)",93.596,"(1, 1, 1)",90.384,127.0,4/5,STRONG,
CATHODE_ET_Rcat_cn_2,MEASURE_ET_Rc_OG142_GN,TOPSIN_ET_DC_PIV_Drain_Lag_1,-0.1951,0.2849,False,"(0, 0, 0)",93.249,"(1, 1, 1)",90.199,63.0,0/0,INCONCLUSIVE,
CATHODE_ET_Rcat_cn_2,THIN_ET_Rcat_cn_3,TOPSIN_ET_lkg_C450pf,0.0521,0.2328,False,"(0, 1, 0)",93.184,"(1, 1, 1)",90.251,66.0,0/0,INCONCLUSIVE,
CATHODE_ET_Rcat_cn_2,THIN_ET_sh_f_hr_23,TOPSIN_ET_DC_PIV_Drain_Lag_1,0.1036,0.0731,True,"(0, 0, 0)",93.199,"(1, 0, 1)",90.777,120.0,3/3,MODERATE,
CATHODE_ET_Rcat_cn_2,TOPSIN_ET_DC_PIV_Drain_Lag_1,TOPSIN_ET_DC_SMALL_Vdg_max,0.0879,0.0235,True,"(0, 0, 0)",93.199,"(1, 1, 1)",90.788,105.0,3/5,MODERATE,
CATHODE_ET_Rcat_cn_2_OW_ST,FIC_ET_Bad_Gates,TOPSIN_ET_DC_PIV_Drain_Lag_1,-0.1208,0.3894,False,"(0, 0, 0)",93.408,"(1, 0, 1)",90.283,126.0,2/5,WEAK,
CATHODE_ET_Rcat_cn_2_OW_ST,MEASURE_ET_DC_SEC_X_Bin,TOPSIN_ET_DC_PIV_Drain_Lag_1,0.0864,0.4416,False,"(0, 0, 0)",93.07,"(1, 1, 1)",90.05,124.0,2/5,WEAK,
CATHODE_ET_Rcat_cn_2_OW_ST,MEASURE_ET_DC_SMALL_Ids_m0p2,TOPSIN_ET_DC_PIV_Drain_Lag_1,-0.0446,0.1462,False,"(0, 0, 0)",93.316,"(1, 1, 1)",90.268,111.0,3/5,MODERATE,
CATHODE_ET_Rcat_cn_2_OW_ST,MEASURE_ET_Rc_OG142_GN,TOPSIN_ET_DC_PIV_Drain_Lag_1,-0.1181,0.4595,False,"(0, 1, 0)",93.288,"(1, 1, 1)",89.915,44.0,0/0,INCONCLUSIVE,
CATHODE_ET_Rcat_cn_2_OW_ST,THIN_ET_sh_f_hr_23,TOPSIN_ET_DC_PIV_Drain_Lag_1,0.0751,0.1435,False,"(0, 0, 0)",93.094,"(1, 0, 1)",90.496,116.0,1/3,WEAK,
CATHODE_ET_Rcat_cn_2_OW_ST,TOPSIN_ET_DC_PIV_Drain_Lag_1,TOPSIN_ET_DC_SMALL_Vdg_max,-0.1165,0.15,False,"(0, 0, 0)",93.695,"(1, 1, 1)",90.443,100.0,5/5,MODERATE,
CATHODE_ET_Rcat_cn_3,FIC_ET_Bad_Gates,TOPSIN_ET_DC_PIV_Drain_Lag_1,-0.0976,0.3827,False,"(0, 0, 0)",93.146,"(1, 0, 1)",90.117,119.0,3/3,MODERATE,
CATHODE_ET_Rcat_cn_3,MEASURE_ET_DC_SEC_X_Bin,TOPSIN_ET_DC_PIV_Drain_Lag_1,0.1912,0.3944,False,"(0, 1, 0)",92.819,"(1, 1, 1)",90.216,103.0,5/5,MODERATE,
CATHODE_ET_Rcat_cn_3,MEASURE_ET_DC_SMALL_Ids_m0p2,TOPSIN_ET_DC_PIV_Drain_Lag_1,-0.1656,0.3903,False,"(0, 0, 0)",93.288,"(1, 1, 1)",89.883,115.0,5/5,MODERATE,
CATHODE_ET_Rcat_cn_3,MEASURE_ET_Rc_OG142_GN,TOPSIN_ET_DC_PIV_Drain_Lag_1,-0.1369,0.5216,False,"(1, 0, 0)",93.9,"(1, 1, 1)",89.886,52.0,0/0,INCONCLUSIVE,
CATHODE_ET_Rcat_cn_3,THIN_ET_sh_f_hr_23,TOPSIN_ET_DC_PIV_Drain_Lag_1,0.2908,0.3509,False,"(0, 1, 0)",93.085,"(1, 0, 1)",90.065,100.0,2/3,WEAK,
CATHODE_ET_Rcat_cn_3,TOPSIN_ET_DC_PIV_Drain_Lag_1,TOPSIN_ET_DC_SMALL_Vdg_max,-0.228,0.3327,False,"(0, 0, 0)",93.437,"(1, 1, 1)",90.112,114.0,2/3,WEAK,
CATHODE_ET_Rcat_cn_3_OW_ST,EBCR2_Ali_Litho_Gate_to_ohmic_alignment,THIN_ET_lkg_100_at20V,-0.2302,0.6021,False,"(0, 1, 0)",93.183,"(1, 1, 1)",88.807,69.0,3/3,MODERATE,
CATHODE_ET_Rcat_cn_3_OW_ST,EBCR2_Ali_Litho_Gate_to_ohmic_alignment,TOPSIN_ET_lkg_C450pf,-0.1639,0.339,False,"(0, 0, 0)",93.361,"(1, 1, 1)",89.816,87.0,2/3,WEAK,
CATHODE_ET_Rcat_cn_3_OW_ST,FIC_ET_Bad_Gates,TOPSIN_ET_DC_PIV_Drain_Lag_1,-0.3019,0.3106,False,"(0, 0, 0)",93.373,"(1, 0, 1)",90.755,126.0,4/5,MODERATE,
CATHODE_ET_Rcat_cn_3_OW_ST,MEASURE_ET_DC_RF2_S22dB_26GHz,THIN_ET_lkg_100_at20V,0.2422,0.1219,True,"(0, 1, 0)",93.234,"(1, 0, 1)",90.749,98.0,5/5,STRONG,
CATHODE_ET_Rcat_cn_3_OW_ST,MEASURE_ET_DC_SEC_X_Bin,TOPSIN_ET_DC_PIV_Drain_Lag_1,-0.0014,0.4571,False,"(0, 0, 0)",92.895,"(1, 1, 1)",89.986,98.0,2/5,WEAK,
CATHODE_ET_Rcat_cn_3_OW_ST,MEASURE_ET_DC_SMALL_Ids_m0p2,TOPSIN_ET_DC_PIV_Drain_Lag_1,-0.3055,0.1561,True,"(0, 0, 0)",93.465,"(1, 1, 1)",90.219,110.0,4/4,STRONG,
CATHODE_ET_Rcat_cn_3_OW_ST,MEASURE_ET_Rc_OG142_GN,THIN_ET_lkg_100_at20V,-0.3133,0.589,False,"(1, 0, 0)",93.28,"(1, 1, 1)",90.365,59.0,0/0,INCONCLUSIVE,
CATHODE_ET_Rcat_cn_3_OW_ST,MEASURE_ET_Rc_OG142_GN,TOPSIN_ET_DC_PIV_Drain_Lag_1,-0.0934,0.6685,False,"(1, 0, 0)",94.201,"(1, 1, 1)",90.061,42.0,0/0,INCONCLUSIVE,
CATHODE_ET_Rcat_cn_3_OW_ST,MEASURE_ET_Rcat_cn_2,THIN_ET_lkg_100_at20V,-0.2172,0.5285,False,"(0, 1, 0)",93.519,"(1, 1, 1)",90.602,71.0,1/1,WEAK,
CATHODE_ET_Rcat_cn_3_OW_ST,SIN_GATE_ET_Rc_an_ct2,THIN_ET_lkg_100_at20V,0.1429,0.2899,False,"(0, 1, 0)",93.597,"(1, 1, 1)",90.504,75.0,1/1,WEAK,
CATHODE_ET_Rcat_cn_3_OW_ST,THIN_ET_Rcat_cn_3,TOPSIN_ET_lkg_C450pf,-0.1334,0.4331,False,"(0, 1, 0)",93.372,"(1, 1, 1)",90.126,59.0,0/0,INCONCLUSIVE,
CATHODE_ET_Rcat_cn_3_OW_ST,THIN_ET_sh_f_hr_23,TOPSIN_ET_DC_PIV_Drain_Lag_1,0.2463,0.1061,True,"(0, 1, 0)",93.155,"(1, 0, 1)",90.759,131.0,5/5,STRONG,
CATHODE_ET_Rcat_cn_3_OW_ST,TOPSIN_ET_DC_PIV_Drain_Lag_1,TOPSIN_ET_DC_SMALL_Vdg_max,-0.0361,0.161,False,"(0, 0, 0)",93.346,"(1, 1, 1)",90.787,106.0,4/5,MODERATE,
CATHODE_ET_Rsh_cat_c2,FIC_ET_Bad_Gates,TOPSIN_ET_DC_PIV_Drain_Lag_1,-0.1419,0.2456,False,"(1, 1, 0)",93.185,"(1, 0, 1)",90.635,128.0,2/4,WEAK,
CATHODE_ET_Rsh_cat_c2,MEASURE_ET_DC_SEC_X_Bin,TOPSIN_ET_DC_PIV_Drain_Lag_1,0.1152,0.4644,False,"(1, 1, 0)",92.855,"(1, 1, 1)",90.191,111.0,2/5,WEAK,
CATHODE_ET_Rsh_cat_c2,MEASURE_ET_DC_SMALL_Ids_m0p2,TOPSIN_ET_DC_PIV_Drain_Lag_1,-0.0918,0.2101,False,"(1, 0, 0)",93.132,"(1, 1, 1)",90.378,115.0,5/5,MODERATE,
CATHODE_ET_Rsh_cat_c2,MEASURE_ET_Rc_OG142_GN,TOPSIN_ET_DC_PIV_Drain_Lag_1,0.0687,0.3821,False,"(1, 0, 0)",93.97,"(1, 1, 1)",89.937,83.0,2/4,WEAK,
CATHODE_ET_Rsh_cat_c2,THIN_ET_sh_f_hr_23,TOPSIN_ET_DC_PIV_Drain_Lag_1,0.0551,0.225,False,"(1, 0, 0)",93.064,"(1, 1, 1)",90.595,120.0,2/5,WEAK,
CATHODE_ET_Rsh_cat_c2,TOPSIN_ET_DC_PIV_Drain_Lag_1,TOPSIN_ET_DC_SMALL_Vdg_max,-0.0587,0.2305,False,"(1, 0, 0)",92.881,"(1, 1, 1)",90.56,91.0,4/5,MODERATE,
EBCR2_Ali_Litho_Gate_to_ohmic_alignment,FIC_ET_DC_RF_Ids_m0p2,THIN_ET_lkg_100_at20V,0.4074,0.509,False,"(1, 0, 0)",92.998,"(1, 0, 1)",89.414,111.0,5/5,MODERATE,
EBCR2_Ali_Litho_Gate_to_ohmic_alignment,FIC_ET_Rc_f_hr_23,THIN_ET_lkg_100_at20V,-0.0879,0.5711,False,"(1, 0, 0)",93.059,"(1, 1, 1)",89.107,71.0,5/5,MODERATE,
EBCR2_Ali_Litho_Gate_to_ohmic_alignment,FIC_ET_Rc_f_hr_23,TOPSIN_ET_lkg_C450pf,-0.1697,0.3089,False,"(0, 0, 0)",93.536,"(1, 1, 1)",89.804,72.0,3/3,MODERATE,
EBCR2_Ali_Litho_Gate_to_ohmic_alignment,FIC_ET_Rc_f_tn_23,THIN_ET_lkg_100_at20V,-0.1096,0.5871,False,"(1, 0, 0)",93.05,"(1, 1, 1)",88.61,63.0,3/4,MODERATE,
EBCR2_Ali_Litho_Gate_to_ohmic_alignment,FIC_ET_Rc_f_tn_23,TOPSIN_ET_lkg_C450pf,-0.1468,0.3001,False,"(0, 0, 0)",93.518,"(1, 1, 1)",89.549,65.0,4/4,MODERATE,
EBCR2_Ali_Litho_Gate_to_ohmic_alignment,MEASURE_ET_C100CapPARCAP,THIN_ET_lkg_100_at20V,-0.3273,0.7255,False,"(1, 0, 0)",93.299,"(1, 1, 1)",87.663,61.0,1/1,WEAK,
EBCR2_Ali_Litho_Gate_to_ohmic_alignment,MEASURE_ET_C100CapPARCAP,TOPSIN_ET_lkg_C450pf,-0.2711,0.3803,False,"(0, 0, 0)",93.581,"(1, 1, 1)",89.036,81.0,2/2,WEAK,
EBCR2_Ali_Litho_Gate_to_ohmic_alignment,MEASURE_ET_C300M1B_0,THIN_ET_lkg_100_at20V,0.0133,0.5047,False,"(1, 0, 0)",93.231,"(1, 0, 1)",89.97,97.0,0/4,INCONCLUSIVE,
EBCR2_Ali_Litho_Gate_to_ohmic_alignment,MEASURE_ET_C300pf,THIN_ET_lkg_100_at20V,0.1504,0.5498,False,"(1, 0, 0)",93.421,"(1, 0, 1)",89.401,99.0,2/4,WEAK,
EBCR2_Ali_Litho_Gate_to_ohmic_alignment,MEASURE_ET_CapPARCAP,THIN_ET_lkg_100_at20V,-0.0076,0.5044,False,"(1, 0, 0)",93.244,"(1, 1, 1)",89.665,86.0,3/5,MODERATE,
EBCR2_Ali_Litho_Gate_to_ohmic_alignment,MEASURE_ET_CapPARCAP,TOPSIN_ET_lkg_C450pf,-0.0409,0.2623,False,"(0, 0, 0)",93.506,"(1, 1, 1)",90.197,75.0,4/4,MODERATE,
EBCR2_Ali_Litho_Gate_to_ohmic_alignment,MEASURE_ET_CapPARCAP_0,THIN_ET_lkg_100_at20V,-0.2017,0.5692,False,"(0, 0, 0)",92.966,"(1, 1, 1)",88.535,94.0,4/5,MODERATE,
EBCR2_Ali_Litho_Gate_to_ohmic_alignment,MEASURE_ET_CapUSV,THIN_ET_lkg_100_at20V,-0.0207,0.4403,False,"(1, 0, 0)",93.423,"(1, 1, 1)",89.973,80.0,4/4,MODERATE,
EBCR2_Ali_Litho_Gate_to_ohmic_alignment,MEASURE_ET_DC_Big_S11dB_10GHz,THIN_ET_lkg_100_at20V,0.0969,0.5038,False,"(1, 1, 0)",93.041,"(1, 0, 1)",89.883,118.0,5/5,MODERATE,
EBCR2_Ali_Litho_Gate_to_ohmic_alignment,MEASURE_ET_DC_RF2_S22ang_26GHz,THIN_ET_lkg_100_at20V,0.2761,0.4894,False,"(1, 1, 0)",93.095,"(1, 0, 1)",89.398,109.0,3/5,MODERATE,
EBCR2_Ali_Litho_Gate_to_ohmic_alignment,MEASURE_ET_DC_RF2_S22dB_26GHz,THIN_ET_lkg_100_at20V,0.1135,0.6023,False,"(1, 0, 0)",93.072,"(1, 0, 1)",89.291,85.0,3/3,MODERATE,
EBCR2_Ali_Litho_Gate_to_ohmic_alignment,MEASURE_ET_DC_RF2_S22dB_26GHz,TOPSIN_ET_lkg_C450pf,0.2506,0.4257,False,"(1, 0, 0)",93.171,"(1, 0, 1)",89.423,92.0,3/3,MODERATE,
EBCR2_Ali_Litho_Gate_to_ohmic_alignment,MEASURE_ET_DC_RF_Gm_m0p2,THIN_ET_lkg_100_at20V,-0.1071,0.5928,False,"(1, 0, 0)",93.116,"(1, 0, 1)",90.058,90.0,3/4,MODERATE,
EBCR2_Ali_Litho_Gate_to_ohmic_alignment,MEASURE_ET_DC_RF_Gm_m0p2,TOPSIN_ET_lkg_C450pf,-0.0545,0.453,False,"(1, 0, 0)",93.141,"(1, 0, 1)",90.057,91.0,3/4,MODERATE,
EBCR2_Ali_Litho_Gate_to_ohmic_alignment,MEASURE_ET_DC_RF_Gm_m0p2_W,THIN_ET_lkg_100_at20V,0.0456,0.5351,False,"(1, 0, 0)",93.245,"(1, 1, 1)",90.24,81.0,2/4,WEAK,
EBCR2_Ali_Litho_Gate_to_ohmic_alignment,MEASURE_ET_DC_RF_Id_Vbon_min,TOPSIN_ET_lkg_C450pf,-0.3138,0.3225,False,"(1, 1, 0)",93.117,"(1, 0, 1)",90.29,116.0,4/4,MODERATE,
EBCR2_Ali_Litho_Gate_to_ohmic_alignment,MEASURE_ET_DC_RF_S11ang_10GHz,THIN_ET_lkg_100_at20V,-0.0655,0.4658,False,"(1, 0, 0)",92.968,"(1, 1, 1)",89.827,96.0,4/4,MODERATE,
EBCR2_Ali_Litho_Gate_to_ohmic_alignment,MEASURE_ET_DC_RF_S11ang_10GHz,TOPSIN_ET_lkg_C450pf,-0.2069,0.2977,False,"(1, 1, 0)",92.861,"(1, 1, 1)",89.886,102.0,4/4,MODERATE,
EBCR2_Ali_Litho_Gate_to_ohmic_alignment,MEASURE_ET_DC_RF_S11ang_26GHz_W,THIN_ET_lkg_100_at20V,0.188,0.4889,False,"(1, 0, 0)",93.172,"(1, 0, 1)",89.811,93.0,4/4,MODERATE,
EBCR2_Ali_Litho_Gate_to_ohmic_alignment,MEASURE_ET_DC_SEC_Gm_0,THIN_ET_lkg_100_at20V,0.0016,0.5667,False,"(1, 0, 0)",93.041,"(1, 0, 1)",89.93,88.0,1/4,WEAK,
EBCR2_Ali_Litho_Gate_to_ohmic_alignment,MEASURE_ET_DC_SEC_Idss,THIN_ET_lkg_100_at20V,-0.2004,0.5671,False,"(1, 1, 0)",92.94,"(1, 1, 1)",90.23,81.0,4/4,MODERATE,
EBCR2_Ali_Litho_Gate_to_ohmic_alignment,MEASURE_ET_Ran_con_3,THIN_ET_lkg_100_at20V,-0.0649,0.5072,False,"(1, 0, 0)",93.034,"(1, 1, 1)",89.985,106.0,4/5,MODERATE,
EBCR2_Ali_Litho_Gate_to_ohmic_alignment,MEASURE_ET_Rc_F_AB_2,THIN_ET_lkg_100_at20V,0.1279,0.4721,False,"(1, 0, 0)",93.308,"(1, 0, 1)",90.234,75.0,2/2,WEAK,
EBCR2_Ali_Litho_Gate_to_ohmic_alignment,MEASURE_ET_Rc_OG142_GN,THIN_ET_lkg_100_at20V,-0.3086,0.6083,False,"(0, 0, 0)",93.373,"(1, 1, 1)",88.541,72.0,5/5,MODERATE,
EBCR2_Ali_Litho_Gate_to_ohmic_alignment,MEASURE_ET_Rc_OG142_GN,TOPSIN_ET_lkg_C450pf,-0.2456,0.34,False,"(0, 0, 0)",93.615,"(1, 1, 1)",89.474,81.0,4/4,MODERATE,
EBCR2_Ali_Litho_Gate_to_ohmic_alignment,MEASURE_ET_Rc_OG144,TOPSIN_ET_lkg_C450pf,-0.1206,0.3781,False,"(0, 0, 0)",93.252,"(1, 1, 1)",89.334,62.0,0/1,INCONCLUSIVE,
EBCR2_Ali_Litho_Gate_to_ohmic_alignment,MEASURE_ET_Rc_TF_AB_2,THIN_ET_lkg_100_at20V,-0.1617,0.5878,False,"(1, 1, 0)",92.918,"(1, 1, 1)",89.371,86.0,4/5,MODERATE,
EBCR2_Ali_Litho_Gate_to_ohmic_alignment,MEASURE_ET_Rc_TF_AB_2,TOPSIN_ET_lkg_C450pf,-0.2124,0.3597,False,"(0, 0, 0)",93.292,"(1, 1, 1)",89.837,83.0,4/4,MODERATE,
EBCR2_Ali_Litho_Gate_to_ohmic_alignment,MEASURE_ET_Rc_an_ct2,THIN_ET_lkg_100_at20V,-0.1207,0.5911,False,"(1, 0, 0)",93.245,"(1, 1, 1)",88.73,73.0,3/5,MODERATE,
EBCR2_Ali_Litho_Gate_to_ohmic_alignment,MEASURE_ET_Rc_cat_ct2,THIN_ET_lkg_100_at20V,-0.0607,0.6499,False,"(1, 0, 0)",92.948,"(1, 1, 1)",88.803,73.0,3/5,MODERATE,
EBCR2_Ali_Litho_Gate_to_ohmic_alignment,MEASURE_ET_Rc_cat_ct2,TOPSIN_ET_lkg_C450pf,-0.1347,0.3654,False,"(0, 0, 0)",92.984,"(1, 1, 1)",89.681,83.0,3/3,MODERATE,
EBCR2_Ali_Litho_Gate_to_ohmic_alignment,MEASURE_ET_Rc_cat_ct2_OW_ST,THIN_ET_lkg_100_at20V,-0.1468,0.5874,False,"(1, 0, 0)",93.246,"(1, 1, 1)",88.855,69.0,4/4,MODERATE,
EBCR2_Ali_Litho_Gate_to_ohmic_alignment,MEASURE_ET_Rc_cat_ct2_OW_ST,TOPSIN_ET_lkg_C450pf,-0.1315,0.3455,False,"(0, 0, 0)",93.37,"(1, 1, 1)",89.562,72.0,5/5,MODERATE,
EBCR2_Ali_Litho_Gate_to_ohmic_alignment,MEASURE_ET_Rcat_cn_1,TOPSIN_ET_lkg_C450pf,-0.3042,0.2934,True,"(0, 0, 0)",93.674,"(1, 1, 1)",89.44,66.0,2/2,WEAK,
EBCR2_Ali_Litho_Gate_to_ohmic_alignment,MEASURE_ET_Rcat_cn_2,THIN_ET_lkg_100_at20V,-0.0972,0.5104,False,"(0, 0, 0)",93.265,"(1, 1, 1)",89.825,65.0,2/2,WEAK,
EBCR2_Ali_Litho_Gate_to_ohmic_alignment,MEASURE_ET_Rcat_cn_2,TOPSIN_ET_lkg_C450pf,-0.2146,0.2645,False,"(0, 0, 0)",93.887,"(1, 1, 1)",90.462,75.0,2/2,WEAK,
EBCR2_Ali_Litho_Gate_to_ohmic_alignment,MEASURE_ET_Rcat_cn_2_OW_ST,THIN_ET_lkg_100_at20V,-0.0625,0.5883,False,"(1, 0, 0)",93.237,"(1, 1, 1)",89.281,57.0,2/3,WEAK,
EBCR2_Ali_Litho_Gate_to_ohmic_alignment,MEASURE_ET_Rcat_cn_3,THIN_ET_lkg_100_at20V,-0.0448,0.5858,False,"(1, 0, 0)",93.02,"(1, 1, 1)",89.23,82.0,5/5,MODERATE,
EBCR2_Ali_Litho_Gate_to_ohmic_alignment,MEASURE_ET_VIA_KLV_2,THIN_ET_lkg_100_at20V,-0.164,0.5421,False,"(1, 0, 0)",93.192,"(1, 1, 1)",90.053,104.0,4/4,MODERATE,
EBCR2_Ali_Litho_Gate_to_ohmic_alignment,MESA_ET_Probe_Number,THIN_ET_lkg_100_at20V,0.0288,0.5263,False,"(1, 1, 0)",93.024,"(1, 0, 1)",89.744,120.0,2/5,WEAK,
EBCR2_Ali_Litho_Gate_to_ohmic_alignment,MESA_ET_Probe_Number,TOPSIN_ET_lkg_C450pf,0.103,0.3276,False,"(0, 0, 0)",92.878,"(1, 0, 1)",90.179,125.0,3/5,MODERATE,
EBCR2_Ali_Litho_Gate_to_ohmic_alignment,MaskSetSupplyChipsCount,THIN_ET_lkg_100_at20V,-0.0385,0.4995,False,"(1, 0, 0)",92.931,"(1, 0, 1)",90.231,97.0,1/5,WEAK,
EBCR2_Ali_Litho_Gate_to_ohmic_alignment,OHMIC_ET_Rc_an_ct2,THIN_ET_lkg_100_at20V,-0.1733,0.6506,False,"(1, 0, 0)",93.22,"(1, 1, 1)",88.415,65.0,1/2,WEAK,
EBCR2_Ali_Litho_Gate_to_ohmic_alignment,SIN_ET_Probe_Number,THIN_ET_lkg_100_at20V,0.2904,0.5348,False,"(1, 1, 0)",92.995,"(1, 0, 1)",89.489,121.0,4/4,MODERATE,
EBCR2_Ali_Litho_Gate_to_ohmic_alignment,SIN_GATE_ET_Rc_OG142_GN,TOPSIN_ET_lkg_C450pf,-0.1119,0.3483,False,"(0, 0, 0)",93.306,"(1, 1, 1)",88.965,68.0,2/4,WEAK,
EBCR2_Ali_Litho_Gate_to_ohmic_alignment,SIN_GATE_ET_Rc_an_ct2,THIN_ET_lkg_100_at20V,-0.1123,0.5471,False,"(0, 0, 0)",93.138,"(1, 1, 1)",89.034,61.0,1/3,WEAK,
EBCR2_Ali_Litho_Gate_to_ohmic_alignment,SIN_GATE_ET_Rc_an_ct2,TOPSIN_ET_lkg_C450pf,-0.3086,0.3332,False,"(0, 0, 0)",93.819,"(1, 1, 1)",89.296,70.0,2/3,WEAK,
EBCR2_Ali_Litho_Gate_to_ohmic_alignment,TFRP_ET_Rc_TF_AB_2,THIN_ET_lkg_100_at20V,-0.1907,0.5294,False,"(1, 1, 0)",92.937,"(1, 1, 1)",89.597,99.0,5/5,MODERATE,
EBCR2_Ali_Litho_Gate_to_ohmic_alignment,TFRP_ET_Rc_TF_AB_2,TOPSIN_ET_lkg_C450pf,-0.2927,0.3104,False,"(0, 0, 0)",93.414,"(1, 1, 1)",90.043,90.0,5/5,MODERATE,
EBCR2_Ali_Litho_Gate_to_ohmic_alignment,THIN_ET_DC_RF_Gm_max,TOPSIN_ET_lkg_C450pf,0.162,0.4118,False,"(1, 0, 0)",93.055,"(1, 0, 1)",89.916,94.0,3/3,MODERATE,
EBCR2_Ali_Litho_Gate_to_ohmic_alignment,THIN_ET_DC_RF_Vds_max_0p1mA,THIN_ET_lkg_100_at20V,0.1987,0.4741,False,"(0, 1, 0)",92.952,"(1, 0, 1)",89.376,83.0,2/2,WEAK,
EBCR2_Ali_Litho_Gate_to_ohmic_alignment,THIN_ET_DC_RF_Vg_optt3,THIN_ET_lkg_100_at20V,-0.2825,0.5035,False,"(1, 1, 0)",93.081,"(1, 1, 1)",89.156,121.0,5/5,MODERATE,
EBCR2_Ali_Litho_Gate_to_ohmic_alignment,THIN_ET_DC_RF_Vg_optt3,TOPSIN_ET_lkg_C450pf,-0.3337,0.3734,False,"(1, 1, 0)",92.814,"(1, 1, 1)",89.085,116.0,5/5,MODERATE,
EBCR2_Ali_Litho_Gate_to_ohmic_alignment,THIN_ET_Rc_OG142,THIN_ET_lkg_100_at20V,-0.2419,0.5859,False,"(1, 0, 0)",93.465,"(1, 1, 1)",87.997,86.0,4/4,MODERATE,
EBCR2_Ali_Litho_Gate_to_ohmic_alignment,THIN_ET_Rc_OG142,TOPSIN_ET_lkg_C450pf,-0.333,0.3467,False,"(0, 0, 0)",93.437,"(1, 1, 1)",88.546,89.0,4/4,MODERATE,
EBCR2_Ali_Litho_Gate_to_ohmic_alignment,THIN_ET_Rc_TF_AB_2,THIN_ET_lkg_100_at20V,-0.049,0.5557,False,"(1, 0, 0)",93.222,"(1, 1, 1)",89.016,62.0,3/5,MODERATE,
EBCR2_Ali_Litho_Gate_to_ohmic_alignment,THIN_ET_Rc_cat_ct2,THIN_ET_lkg_100_at20V,-0.2611,0.5512,False,"(1, 1, 0)",93.094,"(1, 1, 1)",89.126,73.0,2/2,WEAK,
EBCR2_Ali_Litho_Gate_to_ohmic_alignment,THIN_ET_Rc_cat_ct2,TOPSIN_ET_lkg_C450pf,-0.3286,0.3194,True,"(0, 0, 0)",93.602,"(1, 1, 1)",89.434,58.0,1/1,WEAK,
EBCR2_Ali_Litho_Gate_to_ohmic_alignment,THIN_ET_Rc_f_hr_23,THIN_ET_lkg_100_at20V,-0.2713,0.6115,False,"(0, 0, 0)",92.991,"(1, 1, 1)",88.562,68.0,3/4,MODERATE,
EBCR2_Ali_Litho_Gate_to_ohmic_alignment,THIN_ET_Rc_f_hr_23,TOPSIN_ET_lkg_C450pf,-0.2727,0.341,False,"(0, 0, 0)",93.446,"(1, 1, 1)",89.475,67.0,3/3,MODERATE,
EBCR2_Ali_Litho_Gate_to_ohmic_alignment,THIN_ET_Rcat_cn_1,THIN_ET_lkg_100_at20V,-0.1947,0.5712,False,"(0, 0, 0)",93.017,"(1, 1, 1)",89.097,81.0,3/4,MODERATE,
EBCR2_Ali_Litho_Gate_to_ohmic_alignment,THIN_ET_Rcat_cn_1,TOPSIN_ET_lkg_C450pf,-0.308,0.3171,False,"(0, 0, 0)",93.69,"(1, 1, 1)",89.58,71.0,3/3,MODERATE,
EBCR2_Ali_Litho_Gate_to_ohmic_alignment,THIN_ET_Rcat_cn_2_OW_ST,THIN_ET_lkg_100_at20V,-0.2178,0.6336,False,"(1, 1, 0)",93.076,"(1, 1, 1)",88.949,71.0,1/2,WEAK,
EBCR2_Ali_Litho_Gate_to_ohmic_alignment,THIN_ET_Rcat_cn_3,THIN_ET_lkg_100_at20V,-0.1468,0.5689,False,"(1, 0, 0)",93.117,"(1, 1, 1)",88.674,75.0,3/4,MODERATE,
EBCR2_Ali_Litho_Gate_to_ohmic_alignment,THIN_ET_Rcat_cn_3,TOPSIN_ET_lkg_C450pf,-0.2629,0.3651,False,"(0, 0, 0)",93.315,"(1, 1, 1)",89.124,89.0,4/4,MODERATE,
EBCR2_Ali_Litho_Gate_to_ohmic_alignment,THIN_ET_lkg_100_at20V,TOPSIN_ET_CapFICM1,0.0847,0.5237,False,"(1, 0, 0)",93.478,"(1, 1, 1)",90.22,105.0,2/5,WEAK,
EBCR2_Ali_Litho_Gate_to_ohmic_alignment,THIN_ET_lkg_100_at20V,TOPSIN_ET_CapFICM1_0,0.0811,0.5079,False,"(1, 0, 0)",93.257,"(1, 1, 0)",89.749,101.0,1/4,WEAK,
EBCR2_Ali_Litho_Gate_to_ohmic_alignment,THIN_ET_lkg_100_at20V,TOPSIN_ET_DC_SMALL_Vdg_max,0.3176,0.5167,False,"(1, 0, 0)",93.282,"(1, 1, 0)",90.231,113.0,4/5,MODERATE,
EBCR2_Ali_Litho_Gate_to_ohmic_alignment,THIN_ET_lkg_100_at20V,TOPSIN_ET_Load_Pull_Gain_comp_Last,0.0266,0.5049,False,"(1, 0, 1)",93.339,"(1, 1, 0)",89.828,121.0,4/5,MODERATE,
EBCR2_Ali_Litho_Gate_to_ohmic_alignment,THIN_ET_lkg_100_at20V,TOPSIN_ET_Rc_OG144,-0.0877,0.5231,False,"(1, 0, 0)",93.115,"(1, 1, 1)",89.424,96.0,2/4,WEAK,
EBCR2_Ali_Litho_Gate_to_ohmic_alignment,THIN_ET_lkg_100_at20V,TOPSIN_ET_lkg_C450pf,0.0409,0.5968,False,"(1, 0, 0)",92.943,"(1, 1, 1)",90.257,26.0,0/0,INCONCLUSIVE,
EBCR2_Ali_Litho_Gate_to_ohmic_alignment,TOPSIN_ET_CapFICM1,TOPSIN_ET_lkg_C450pf,0.2215,0.3412,False,"(1, 0, 0)",93.512,"(1, 1, 1)",90.475,113.0,4/4,MODERATE,
EBCR2_Ali_Litho_Gate_to_ohmic_alignment,TOPSIN_ET_CapPARCAP_0,TOPSIN_ET_lkg_C450pf,-0.321,0.392,False,"(0, 0, 0)",93.569,"(1, 1, 1)",88.458,61.0,3/3,MODERATE,
EBCR2_Ali_Litho_Gate_to_ohmic_alignment,TOPSIN_ET_Gate_res,TOPSIN_ET_lkg_C450pf,0.1417,0.3917,False,"(1, 1, 0)",93.027,"(1, 0, 1)",89.25,92.0,3/4,MODERATE,
FIC_ET_Bad_Gates,FIC_ET_DC_RF_Vp_1,TOPSIN_ET_DC_PIV_Drain_Lag_1,0.1075,0.0803,True,"(0, 1, 0)",92.925,"(0, 1, 1)",91.027,126.0,4/5,STRONG,
FIC_ET_Bad_Gates,FIC_ET_Probe_Number,TOPSIN_ET_DC_PIV_Drain_Lag_1,-0.3098,0.3172,False,"(1, 1, 0)",93.249,"(0, 0, 1)",90.28,109.0,5/5,MODERATE,
FIC_ET_Bad_Gates,FIC_ET_Rc_OG142,TOPSIN_ET_DC_PIV_Drain_Lag_1,-0.26,0.3578,False,"(0, 0, 0)",93.335,"(0, 1, 1)",90.537,125.0,3/3,MODERATE,
FIC_ET_Bad_Gates,FIC_ET_Rc_f_tn_23,TOPSIN_ET_DC_PIV_Drain_Lag_1,0.0632,0.4615,False,"(0, 0, 0)",93.123,"(0, 1, 1)",89.575,123.0,2/5,WEAK,
FIC_ET_Bad_Gates,MEASURE_ET_C100C175pf,TOPSIN_ET_DC_PIV_Drain_Lag_1,0.0205,0.2449,False,"(1, 0, 0)",93.124,"(0, 0, 1)",90.65,119.0,1/5,WEAK,
FIC_ET_Bad_Gates,MEASURE_ET_C100CapPARCAP,TOPSIN_ET_DC_PIV_Drain_Lag_1,-0.1734,0.295,False,"(0, 0, 0)",93.502,"(0, 1, 1)",90.287,117.0,1/4,WEAK,
FIC_ET_Bad_Gates,MEASURE_ET_CapPARCAP,TOPSIN_ET_DC_PIV_Drain_Lag_1,-0.0698,0.4945,False,"(0, 0, 0)",93.27,"(0, 1, 1)",90.144,128.0,2/4,WEAK,
FIC_ET_Bad_Gates,MEASURE_ET_CapPARCAP_0,TOPSIN_ET_DC_PIV_Drain_Lag_1,-0.0766,0.5142,False,"(0, 0, 0)",93.1,"(0, 1, 1)",89.468,108.0,4/5,MODERATE,
FIC_ET_Bad_Gates,MEASURE_ET_DC_Big_S11ang_10GHz,TOPSIN_ET_DC_PIV_Drain_Lag_1,-0.0009,0.2335,False,"(0, 0, 0)",93.096,"(0, 1, 1)",90.899,127.0,2/4,WEAK,
FIC_ET_Bad_Gates,MEASURE_ET_DC_Diode_S11_dB_rev_9p5,TOPSIN_ET_DC_PIV_Drain_Lag_1,-0.0569,0.2468,False,"(1, 0, 0)",93.189,"(0, 0, 1)",90.972,136.0,3/5,MODERATE,
FIC_ET_Bad_Gates,MEASURE_ET_DC_RF2_S11ang_26GHz,TOPSIN_ET_DC_PIV_Drain_Lag_1,0.0424,0.279,False,"(1, 1, 0)",93.069,"(0, 1, 1)",90.887,105.0,2/5,WEAK,
FIC_ET_Bad_Gates,MEASURE_ET_DC_RF_Imax_W,TOPSIN_ET_DC_PIV_Drain_Lag_1,0.0484,0.1695,False,"(1, 0, 0)",93.107,"(1, 1, 1)",91.087,115.0,3/4,MODERATE,
FIC_ET_Bad_Gates,MEASURE_ET_DC_RF_S22dB_26GHz_W,TOPSIN_ET_DC_PIV_Drain_Lag_1,0.0913,0.2737,False,"(1, 0, 0)",93.597,"(0, 0, 1)",90.745,100.0,2/4,WEAK,
FIC_ET_Bad_Gates,MEASURE_ET_DC_SEC_S_Ig_cut1_mAmm_neg_SD3p5,TOPSIN_ET_DC_PIV_Drain_Lag_1,-0.0194,0.127,False,"(1, 1, 0)",93.132,"(0, 0, 1)",90.985,115.0,3/5,MODERATE,
FIC_ET_Bad_Gates,MEASURE_ET_DC_SEC_S_Vg_at_I1_neg_SD3p5,TOPSIN_ET_DC_PIV_Drain_Lag_1,-0.0578,0.1762,False,"(1, 0, 0)",92.988,"(0, 0, 1)",91.105,96.0,2/4,WEAK,
FIC_ET_Bad_Gates,MEASURE_ET_DC_SEC_S_Vp_1_mA_mm_first_SD3p5,TOPSIN_ET_DC_PIV_Drain_Lag_1,0.0991,0.2227,False,"(0, 1, 0)",93.03,"(0, 0, 1)",91.01,123.0,0/5,INCONCLUSIVE,
FIC_ET_Bad_Gates,MEASURE_ET_DC_SEC_Vgs_0p1V,TOPSIN_ET_DC_PIV_Drain_Lag_1,-0.1622,0.1066,True,"(0, 0, 0)",92.965,"(1, 1, 1)",90.861,130.0,5/5,STRONG,
FIC_ET_Bad_Gates,MEASURE_ET_DC_SEC_X_Bin,TOPSIN_ET_DC_PIV_Drain_Lag_1,0.0403,0.4771,False,"(1, 1, 0)",92.908,"(0, 1, 1)",90.137,125.0,3/5,MODERATE,
FIC_ET_Bad_Gates,MEASURE_ET_DC_SEC_X_Id_at_Vboff_mA_mm_SD3p5,TOPSIN_ET_DC_PIV_Drain_Lag_1,-0.0717,0.1867,False,"(1, 0, 0)",93.509,"(1, 1, 1)",90.813,102.0,1/5,WEAK,
FIC_ET_Bad_Gates,MEASURE_ET_DC_SEC_X_Vg_at_I2_pos,TOPSIN_ET_DC_PIV_Drain_Lag_1,0.0119,0.0667,False,"(0, 1, 0)",93.017,"(0, 0, 1)",90.989,111.0,2/4,WEAK,
FIC_ET_Bad_Gates,MEASURE_ET_DC_SMALL_Ids_m0p2,TOPSIN_ET_DC_PIV_Drain_Lag_1,0.092,0.2725,False,"(0, 0, 0)",93.172,"(0, 1, 1)",90.439,122.0,2/5,WEAK,
FIC_ET_Bad_Gates,MEASURE_ET_DC_SMALL_Vp_1,TOPSIN_ET_DC_PIV_Drain_Lag_1,-0.0819,0.1867,False,"(0, 1, 0)",92.966,"(0, 0, 1)",90.782,136.0,2/5,WEAK,
FIC_ET_Bad_Gates,MEASURE_ET_Load_Pull_Gss,TOPSIN_ET_DC_PIV_Drain_Lag_1,0.0981,0.1423,False,"(1, 1, 0)",92.997,"(0, 1, 1)",90.743,117.0,5/5,MODERATE,
FIC_ET_Bad_Gates,MEASURE_ET_RF_Modeling_Id_search,TOPSIN_ET_DC_PIV_Drain_Lag_1,-0.0388,0.4269,False,"(0, 0, 0)",93.381,"(0, 1, 1)",90.129,113.0,3/3,MODERATE,
FIC_ET_Bad_Gates,MEASURE_ET_RF_Modeling_S22dB_10GHz,TOPSIN_ET_DC_PIV_Drain_Lag_1,-0.1388,0.1709,False,"(0, 0, 0)",92.868,"(0, 0, 1)",90.866,98.0,4/5,MODERATE,
FIC_ET_Bad_Gates,MEASURE_ET_RF_Modeling_ids_m0p2_W,TOPSIN_ET_DC_PIV_Drain_Lag_1,-0.0279,0.1581,False,"(0, 0, 0)",92.995,"(0, 1, 1)",91.086,132.0,1/5,WEAK,
FIC_ET_Bad_Gates,MEASURE_ET_Rc_F_AB_2,TOPSIN_ET_DC_PIV_Drain_Lag_1,-0.3467,0.089,True,"(0, 0, 0)",93.302,"(0, 0, 1)",90.984,125.0,3/4,MODERATE,
FIC_ET_Bad_Gates,MEASURE_ET_Rc_OG142,TOPSIN_ET_DC_PIV_Drain_Lag_1,-0.2199,0.2046,True,"(1, 1, 0)",93.232,"(0, 1, 1)",90.936,126.0,3/5,MODERATE,
FIC_ET_Bad_Gates,MEASURE_ET_Rc_OG142_GN,TOPSIN_ET_DC_PIV_Drain_Lag_1,-0.2184,0.3396,False,"(0, 0, 0)",93.579,"(0, 1, 1)",90.331,97.0,3/5,MODERATE,
FIC_ET_Bad_Gates,MEASURE_ET_Rc_OG144,TOPSIN_ET_DC_PIV_Drain_Lag_1,-0.1143,0.5595,False,"(0, 0, 0)",93.282,"(0, 1, 1)",89.632,89.0,2/4,WEAK,
FIC_ET_Bad_Gates,MEASURE_ET_Rc_TF_AB_2,TOPSIN_ET_DC_PIV_Drain_Lag_1,-0.3248,0.1016,True,"(0, 0, 0)",93.13,"(1, 1, 1)",90.807,119.0,3/3,MODERATE,
FIC_ET_Bad_Gates,MEASURE_ET_Rc_an_ct2,TOPSIN_ET_DC_PIV_Drain_Lag_1,0.0102,0.4168,False,"(0, 0, 0)",93.325,"(0, 1, 1)",89.829,112.0,4/4,MODERATE,
FIC_ET_Bad_Gates,MEASURE_ET_Rc_cat_ct2_OW_ST,TOPSIN_ET_DC_PIV_Drain_Lag_1,-0.2933,0.2554,True,"(0, 0, 0)",93.514,"(0, 1, 1)",90.85,128.0,3/5,MODERATE,
FIC_ET_Bad_Gates,MEASURE_ET_Rcat_cn_1_OW_ST,TOPSIN_ET_DC_PIV_Drain_Lag_1,-0.1217,0.3606,False,"(0, 0, 0)",93.262,"(0, 1, 1)",90.526,105.0,2/4,WEAK,
FIC_ET_Bad_Gates,MEASURE_ET_Rcat_cn_2,TOPSIN_ET_DC_PIV_Drain_Lag_1,-0.2167,0.2059,True,"(1, 1, 0)",93.157,"(0, 1, 1)",90.86,127.0,5/5,STRONG,
FIC_ET_Bad_Gates,MEASURE_ET_Rsh_cat_c2,TOPSIN_ET_DC_PIV_Drain_Lag_1,-0.1477,0.3444,False,"(0, 0, 0)",93.552,"(0, 1, 1)",91.06,107.0,4/5,MODERATE,
FIC_ET_Bad_Gates,MESA_ET_Probe_Number,TOPSIN_ET_DC_PIV_Drain_Lag_1,-0.0175,0.3386,False,"(1, 0, 0)",93.483,"(0, 0, 1)",90.647,117.0,1/5,WEAK,
FIC_ET_Bad_Gates,OHMIC_ET_OHMC,TOPSIN_ET_DC_PIV_Drain_Lag_1,0.1585,0.3175,False,"(0, 0, 0)",93.376,"(0, 1, 1)",90.534,111.0,2/5,WEAK,
FIC_ET_Bad_Gates,OHMIC_ET_Rc_an_ct2,TOPSIN_ET_DC_PIV_Drain_Lag_1,-0.1747,0.3794,False,"(0, 0, 0)",93.303,"(0, 1, 1)",90.268,124.0,3/3,MODERATE,
FIC_ET_Bad_Gates,OHMIC_ET_Rsh_an_ct2,TOPSIN_ET_DC_PIV_Drain_Lag_1,0.0001,0.0667,False,"(1, 0, 0)",93.107,"(0, 1, 1)",90.586,117.0,2/3,WEAK,
FIC_ET_Bad_Gates,SIN_GATE_ET_Rc_OG142_GN,TOPSIN_ET_DC_PIV_Drain_Lag_1,-0.1406,0.3034,False,"(0, 0, 0)",93.401,"(0, 1, 1)",90.083,124.0,2/4,WEAK,
FIC_ET_Bad_Gates,SIN_GATE_ET_Rc_an_ct2,TOPSIN_ET_DC_PIV_Drain_Lag_1,0.061,0.284,False,"(0, 0, 0)",93.225,"(0, 1, 1)",90.201,135.0,1/3,WEAK,
FIC_ET_Bad_Gates,TFRP_ET_Rc_TF_AB_2,TOPSIN_ET_DC_PIV_Drain_Lag_1,-0.2086,0.327,False,"(0, 0, 0)",93.131,"(0, 1, 1)",90.695,102.0,3/3,MODERATE,
FIC_ET_Bad_Gates,THIN_ET_C_AN_2,TOPSIN_ET_DC_PIV_Drain_Lag_1,0.1989,0.2322,False,"(1, 1, 0)",92.811,"(0, 1, 1)",90.285,144.0,3/5,MODERATE,
FIC_ET_Bad_Gates,THIN_ET_R314,TOPSIN_ET_DC_PIV_Drain_Lag_1,0.2056,0.2667,False,"(1, 0, 0)",93.305,"(0, 0, 1)",90.505,109.0,5/5,MODERATE,
FIC_ET_Bad_Gates,THIN_ET_Rc_F_AB_2,TOPSIN_ET_DC_PIV_Drain_Lag_1,-0.1466,0.2265,False,"(0, 0, 0)",93.023,"(0, 1, 1)",90.458,82.0,2/2,WEAK,
FIC_ET_Bad_Gates,THIN_ET_Rc_OG142,TOPSIN_ET_DC_PIV_Drain_Lag_1,-0.0793,0.3112,False,"(0, 0, 0)",93.385,"(0, 1, 1)",89.736,121.0,1/5,WEAK,
FIC_ET_Bad_Gates,THIN_ET_Rc_TF_AB_2,TOPSIN_ET_DC_PIV_Drain_Lag_1,-0.1059,0.2901,False,"(0, 0, 0)",93.048,"(0, 1, 1)",90.327,116.0,4/5,MODERATE,
FIC_ET_Bad_Gates,THIN_ET_Rc_cat_ct2,TOPSIN_ET_DC_PIV_Drain_Lag_1,-0.0618,0.3007,False,"(1, 1, 0)",93.095,"(0, 1, 1)",90.591,132.0,4/5,MODERATE,
FIC_ET_Bad_Gates,THIN_ET_Rc_f_hr_23,TOPSIN_ET_DC_PIV_Drain_Lag_1,0.0278,0.5125,False,"(0, 0, 0)",93.184,"(0, 1, 1)",89.909,118.0,1/4,WEAK,
FIC_ET_Bad_Gates,THIN_ET_Rc_f_tn_23,TOPSIN_ET_DC_PIV_Drain_Lag_1,-0.1038,0.2676,False,"(0, 0, 0)",93.233,"(0, 1, 1)",90.407,144.0,3/5,MODERATE,
FIC_ET_Bad_Gates,THIN_ET_Rcat_cn_1_OW_ST,TOPSIN_ET_DC_PIV_Drain_Lag_1,-0.0499,0.1295,False,"(0, 0, 0)",93.08,"(0, 1, 1)",90.506,118.0,2/3,WEAK,
FIC_ET_Bad_Gates,THIN_ET_Rcat_cn_2_OW_ST,TOPSIN_ET_DC_PIV_Drain_Lag_1,-0.2322,0.2589,False,"(1, 1, 0)",93.227,"(0, 1, 1)",90.567,112.0,4/5,MODERATE,
FIC_ET_Bad_Gates,THIN_ET_Rsh_an_ct2,TOPSIN_ET_DC_PIV_Drain_Lag_1,0.0673,0.296,False,"(0, 0, 0)",92.817,"(0, 1, 1)",90.107,109.0,2/4,WEAK,
FIC_ET_Bad_Gates,THIN_ET_TF_AB_1,TOPSIN_ET_DC_PIV_Drain_Lag_1,-0.1389,0.2077,False,"(0, 0, 0)",93.116,"(0, 1, 1)",90.583,127.0,4/5,MODERATE,
FIC_ET_Bad_Gates,THIN_ET_sh_f_hr_23,TOPSIN_ET_DC_PIV_Drain_Lag_1,0.0957,0.3046,False,"(1, 1, 0)",93.059,"(0, 1, 1)",90.695,77.0,3/3,MODERATE,
FIC_ET_Bad_Gates,THIN_Measure2_Thickness_after_grinding,TOPSIN_ET_DC_PIV_Drain_Lag_1,0.4295,0.4104,True,"(1, 0, 0)",92.857,"(0, 1, 1)",89.576,113.0,5/5,STRONG,
FIC_ET_Bad_Gates,TOPSIN_ET_C100CapPARCAP,TOPSIN_ET_DC_PIV_Drain_Lag_1,-0.0331,0.2492,False,"(0, 0, 0)",93.209,"(0, 1, 1)",90.039,126.0,2/5,WEAK,
FIC_ET_Bad_Gates,TOPSIN_ET_DC_PIV_Drain_Lag_1,TOPSIN_ET_DC_RF_Vg_max_Vd,-0.2942,0.0725,True,"(1, 0, 1)",92.909,"(1, 1, 1)",90.875,126.0,5/5,STRONG,
FIC_ET_Bad_Gates,TOPSIN_ET_DC_PIV_Drain_Lag_1,TOPSIN_ET_DC_SMALL_Vdg_max,0.2358,0.0353,True,"(1, 0, 0)",93.213,"(0, 1, 1)",90.762,100.0,4/5,STRONG,
FIC_ET_Bad_Gates,TOPSIN_ET_DC_PIV_Drain_Lag_1,TOPSIN_ET_OHMC,-0.1693,0.0338,True,"(0, 0, 0)",92.909,"(0, 1, 0)",91.001,138.0,4/5,STRONG,
FIC_ET_Bad_Gates,TOPSIN_ET_DC_PIV_Drain_Lag_1,TOPSIN_ET_R_f_hr_2,-0.1144,0.2676,False,"(0, 0, 0)",92.915,"(1, 1, 1)",90.596,117.0,4/5,MODERATE,
FIC_ET_Bad_Gates,TOPSIN_ET_DC_PIV_Drain_Lag_1,TOPSIN_ET_Rc_OG142_GN,-0.1801,0.2078,False,"(0, 0, 0)",93.297,"(0, 1, 1)",90.966,130.0,3/4,MODERATE,
FIC_ET_Bad_Gates,TOPSIN_ET_DC_PIV_Drain_Lag_1,TOPSIN_ET_Rc_OG144,-0.1484,0.2024,False,"(0, 0, 0)",93.409,"(0, 1, 1)",90.703,125.0,2/5,WEAK,
FIC_ET_DC_RF_Ids_m0p2,MEASURE_ET_DC_RF2_S22dB_26GHz,THIN_ET_lkg_100_at20V,0.1001,0.1443,False,"(0, 0, 0)",92.938,"(0, 1, 1)",91.086,145.0,5/5,MODERATE,
FIC_ET_DC_RF_Ids_m0p2,MEASURE_ET_Rc_OG142_GN,THIN_ET_lkg_100_at20V,-0.2234,0.0881,True,"(0, 0, 0)",93.468,"(1, 1, 1)",90.595,127.0,5/5,STRONG,
FIC_ET_DC_RF_Ids_m0p2,MEASURE_ET_Rcat_cn_2,THIN_ET_lkg_100_at20V,-0.2587,0.244,True,"(0, 0, 0)",93.064,"(0, 0, 1)",90.773,114.0,4/4,STRONG,
FIC_ET_DC_RF_Ids_m0p2,SIN_GATE_ET_Rc_an_ct2,THIN_ET_lkg_100_at20V,-0.2258,0.2346,False,"(0, 0, 0)",93.052,"(1, 1, 1)",90.186,123.0,4/5,MODERATE,
FIC_ET_DC_RF_Vp_1,MEASURE_ET_DC_SEC_X_Bin,TOPSIN_ET_DC_PIV_Drain_Lag_1,-0.1058,0.5248,False,"(1, 0, 0)",93.003,"(1, 1, 1)",89.739,112.0,2/5,WEAK,
FIC_ET_DC_RF_Vp_1,MEASURE_ET_DC_SMALL_Ids_m0p2,TOPSIN_ET_DC_PIV_Drain_Lag_1,0.2255,0.1252,True,"(1, 0, 0)",93.369,"(0, 1, 1)",90.604,102.0,5/5,STRONG,
FIC_ET_DC_RF_Vp_1,MEASURE_ET_Rc_OG142_GN,TOPSIN_ET_DC_PIV_Drain_Lag_1,-0.228,0.3451,False,"(1, 0, 0)",93.113,"(1, 1, 1)",89.121,61.0,2/4,WEAK,
FIC_ET_DC_RF_Vp_1,THIN_ET_sh_f_hr_23,TOPSIN_ET_DC_PIV_Drain_Lag_1,-0.0731,0.0672,True,"(1, 0, 0)",92.873,"(1, 1, 1)",91.095,113.0,4/4,STRONG,
FIC_ET_DC_RF_Vp_1,TOPSIN_ET_DC_PIV_Drain_Lag_1,TOPSIN_ET_DC_SMALL_Vdg_max,0.0057,0.1676,False,"(1, 0, 0)",92.891,"(0, 1, 1)",90.906,113.0,4/5,MODERATE,
FIC_ET_Probe_Number,MEASURE_ET_DC_SEC_X_Bin,TOPSIN_ET_DC_PIV_Drain_Lag_1,0.126,0.4766,False,"(1, 0, 0)",93.246,"(0, 1, 1)",90.117,108.0,3/5,MODERATE,
FIC_ET_Probe_Number,MEASURE_ET_DC_SMALL_Ids_m0p2,TOPSIN_ET_DC_PIV_Drain_Lag_1,0.1981,0.0478,True,"(1, 0, 0)",93.666,"(0, 1, 1)",90.539,89.0,5/5,STRONG,
FIC_ET_Probe_Number,MEASURE_ET_Rc_OG142_GN,TOPSIN_ET_DC_PIV_Drain_Lag_1,0.19,0.245,False,"(1, 0, 0)",93.587,"(0, 1, 1)",89.797,93.0,4/5,MODERATE,
FIC_ET_Probe_Number,THIN_ET_sh_f_hr_23,TOPSIN_ET_DC_PIV_Drain_Lag_1,-0.0261,0.1148,False,"(1, 0, 0)",93.323,"(0, 0, 1)",90.945,109.0,3/5,MODERATE,
FIC_ET_Probe_Number,TOPSIN_ET_DC_PIV_Drain_Lag_1,TOPSIN_ET_DC_SMALL_Vdg_max,-0.2041,0.1625,True,"(1, 0, 1)",93.416,"(0, 1, 1)",90.915,107.0,4/5,STRONG,
FIC_ET_Rc_OG142,MEASURE_ET_DC_SEC_X_Bin,TOPSIN_ET_DC_PIV_Drain_Lag_1,0.0556,0.4471,False,"(0, 0, 0)",92.924,"(1, 1, 1)",90.156,125.0,1/5,WEAK,
FIC_ET_Rc_OG142,MEASURE_ET_DC_SMALL_Ids_m0p2,TOPSIN_ET_DC_PIV_Drain_Lag_1,-0.0952,0.1622,False,"(0, 0, 0)",93.418,"(1, 1, 1)",90.35,121.0,4/5,MODERATE,
FIC_ET_Rc_OG142,MEASURE_ET_Rc_OG142_GN,TOPSIN_ET_DC_PIV_Drain_Lag_1,0.0665,0.4017,False,"(1, 0, 0)",93.862,"(1, 1, 1)",90.269,36.0,0/0,INCONCLUSIVE,
FIC_ET_Rc_OG142,THIN_ET_sh_f_hr_23,TOPSIN_ET_DC_PIV_Drain_Lag_1,0.1351,0.1942,False,"(0, 1, 0)",92.95,"(1, 0, 1)",90.676,119.0,3/5,MODERATE,
FIC_ET_Rc_OG142,TOPSIN_ET_DC_PIV_Drain_Lag_1,TOPSIN_ET_DC_SMALL_Vdg_max,-0.2053,0.174,True,"(0, 0, 0)",93.456,"(1, 1, 1)",90.32,110.0,5/5,STRONG,
FIC_ET_Rc_f_hr_23,MEASURE_ET_DC_RF2_S22dB_26GHz,THIN_ET_lkg_100_at20V,0.3587,0.1149,True,"(0, 1, 0)",93.154,"(1, 0, 1)",90.384,115.0,5/5,STRONG,
FIC_ET_Rc_f_hr_23,MEASURE_ET_Rc_OG142_GN,THIN_ET_lkg_100_at20V,-0.2098,0.3777,False,"(1, 0, 0)",93.289,"(1, 1, 1)",90.255,69.0,0/0,INCONCLUSIVE,
FIC_ET_Rc_f_hr_23,MEASURE_ET_Rcat_cn_2,THIN_ET_lkg_100_at20V,-0.0988,0.3106,False,"(1, 0, 0)",93.127,"(1, 0, 1)",90.675,45.0,0/0,INCONCLUSIVE,
FIC_ET_Rc_f_hr_23,SIN_GATE_ET_Rc_an_ct2,THIN_ET_lkg_100_at20V,0.0191,0.189,False,"(1, 0, 0)",93.176,"(1, 1, 1)",90.276,43.0,0/0,INCONCLUSIVE,
FIC_ET_Rc_f_hr_23,THIN_ET_Rcat_cn_3,TOPSIN_ET_lkg_C450pf,0.0123,0.2757,False,"(0, 1, 0)",93.024,"(1, 1, 1)",90.433,66.0,0/1,INCONCLUSIVE,
FIC_ET_Rc_f_tn_23,MEASURE_ET_DC_RF2_S22dB_26GHz,THIN_ET_lkg_100_at20V,0.4267,0.2922,True,"(0, 1, 0)",93.303,"(1, 0, 1)",89.89,95.0,5/5,STRONG,
FIC_ET_Rc_f_tn_23,MEASURE_ET_DC_SEC_X_Bin,TOPSIN_ET_DC_PIV_Drain_Lag_1,-0.0426,0.4137,False,"(0, 0, 0)",93.017,"(1, 1, 1)",89.885,122.0,4/5,MODERATE,
FIC_ET_Rc_f_tn_23,MEASURE_ET_DC_SMALL_Ids_m0p2,TOPSIN_ET_DC_PIV_Drain_Lag_1,-0.1811,0.3449,False,"(0, 0, 0)",93.155,"(1, 1, 1)",89.537,129.0,5/5,MODERATE,
FIC_ET_Rc_f_tn_23,MEASURE_ET_Rc_OG142_GN,THIN_ET_lkg_100_at20V,-0.3599,0.5123,False,"(1, 0, 0)",93.325,"(1, 1, 1)",89.742,57.0,0/0,INCONCLUSIVE,
FIC_ET_Rc_f_tn_23,MEASURE_ET_Rc_OG142_GN,TOPSIN_ET_DC_PIV_Drain_Lag_1,-0.3039,0.5898,False,"(1, 0, 0)",93.571,"(1, 1, 1)",89.709,56.0,0/0,INCONCLUSIVE,
FIC_ET_Rc_f_tn_23,MEASURE_ET_Rcat_cn_2,THIN_ET_lkg_100_at20V,0.0355,0.5073,False,"(0, 1, 0)",93.758,"(1, 1, 1)",90.108,49.0,0/0,INCONCLUSIVE,
FIC_ET_Rc_f_tn_23,SIN_GATE_ET_Rc_an_ct2,THIN_ET_lkg_100_at20V,0.412,0.2724,True,"(0, 1, 0)",94.043,"(1, 1, 1)",90.203,46.0,0/0,INCONCLUSIVE,
FIC_ET_Rc_f_tn_23,THIN_ET_Rcat_cn_3,TOPSIN_ET_lkg_C450pf,-0.0498,0.5453,False,"(0, 1, 0)",93.557,"(1, 1, 1)",89.882,60.0,1/1,WEAK,
FIC_ET_Rc_f_tn_23,THIN_ET_sh_f_hr_23,TOPSIN_ET_DC_PIV_Drain_Lag_1,0.163,0.3384,False,"(0, 1, 0)",93.104,"(1, 1, 1)",90.344,118.0,3/5,MODERATE,
FIC_ET_Rc_f_tn_23,TOPSIN_ET_DC_PIV_Drain_Lag_1,TOPSIN_ET_DC_SMALL_Vdg_max,-0.0873,0.3095,False,"(0, 0, 0)",93.474,"(1, 1, 1)",90.344,82.0,3/3,MODERATE,
FIC_ET_lkg_SY8_80,SIN_GATE_ET_Rc_an_ct2,THIN_ET_lkg_100_at20V,-0.1622,0.2261,False,"(1, 0, 0)",93.342,"(1, 1, 1)",90.411,30.0,0/0,INCONCLUSIVE,
MEASURE_ET_C100C175pf,MEASURE_ET_DC_RF2_S22dB_26GHz,SIN_GATE_ET_lkg_SY8_80,-0.2079,0.2488,False,"(0, 0, 0)",93.219,"(0, 0, 1)",90.919,116.0,5/5,MODERATE,
MEASURE_ET_C100C175pf,MEASURE_ET_DC_SEC_X_Bin,TOPSIN_ET_DC_PIV_Drain_Lag_1,0.2117,0.4855,False,"(0, 1, 0)",93.081,"(0, 1, 1)",89.661,130.0,5/5,MODERATE,
MEASURE_ET_C100C175pf,MEASURE_ET_DC_SMALL_Ids_m0p2,TOPSIN_ET_DC_PIV_Drain_Lag_1,0.3471,0.3537,False,"(0, 0, 0)",93.247,"(0, 1, 1)",89.738,120.0,5/5,MODERATE,
MEASURE_ET_C100C175pf,MEASURE_ET_Rc_OG142_GN,TOPSIN_ET_DC_PIV_Drain_Lag_1,0.1794,0.4194,False,"(0, 0, 0)",93.38,"(0, 1, 1)",89.907,80.0,3/4,MODERATE,
MEASURE_ET_C100C175pf,THIN_ET_sh_f_hr_23,TOPSIN_ET_DC_PIV_Drain_Lag_1,-0.0476,0.2441,False,"(0, 0, 0)",93.011,"(0, 1, 1)",90.819,105.0,2/3,WEAK,
MEASURE_ET_C100C175pf,TOPSIN_ET_DC_PIV_Drain_Lag_1,TOPSIN_ET_DC_SMALL_Vdg_max,-0.2373,0.2455,False,"(0, 0, 0)",92.972,"(0, 1, 0)",90.701,102.0,3/5,MODERATE,
MEASURE_ET_C100CapPARCAP,MEASURE_ET_DC_RF2_S22dB_26GHz,THIN_ET_lkg_100_at20V,0.0404,0.0898,False,"(0, 0, 0)",93.311,"(1, 1, 1)",90.649,99.0,5/5,MODERATE,
MEASURE_ET_C100CapPARCAP,MEASURE_ET_DC_RF_S11ang_10GHz,SIN_GATE_ET_lkg_SY8_80,-0.2784,0.3483,False,"(0, 0, 0)",93.287,"(1, 1, 1)",89.85,124.0,5/5,MODERATE,
MEASURE_ET_C100CapPARCAP,MEASURE_ET_DC_SEC_X_Bin,TOPSIN_ET_DC_PIV_Drain_Lag_1,-0.1197,0.4302,False,"(0, 0, 0)",93.371,"(1, 1, 1)",90.005,107.0,4/5,MODERATE,
MEASURE_ET_C100CapPARCAP,MEASURE_ET_DC_SMALL_Ids_m0p2,TOPSIN_ET_DC_PIV_Drain_Lag_1,-0.1795,0.1258,True,"(0, 0, 0)",93.583,"(1, 1, 1)",89.882,121.0,4/5,STRONG,
MEASURE_ET_C100CapPARCAP,MEASURE_ET_Rc_OG142_GN,THIN_ET_lkg_100_at20V,-0.1135,0.2261,False,"(0, 0, 0)",93.351,"(1, 1, 1)",90.481,55.0,2/2,WEAK,
MEASURE_ET_C100CapPARCAP,MEASURE_ET_Rc_OG142_GN,TOPSIN_ET_DC_PIV_Drain_Lag_1,-0.066,0.3395,False,"(0, 1, 0)",93.343,"(1, 1, 1)",90.004,67.0,1/1,WEAK,
MEASURE_ET_C100CapPARCAP,MEASURE_ET_Rcat_cn_2,THIN_ET_lkg_100_at20V,-0.0934,0.2516,False,"(0, 1, 0)",93.272,"(1, 0, 1)",90.478,54.0,0/0,INCONCLUSIVE,
MEASURE_ET_C100CapPARCAP,SIN_GATE_ET_Rc_an_ct2,THIN_ET_lkg_100_at20V,-0.1389,0.3195,False,"(0, 1, 0)",93.373,"(1, 1, 1)",90.199,71.0,1/1,WEAK,
MEASURE_ET_C100CapPARCAP,SIN_GATE_ET_lkg_SY8_80,THIN_ET_Rcat_cn_3,-0.1087,0.266,False,"(0, 0, 1)",93.278,"(1, 1, 1)",90.358,69.0,0/0,INCONCLUSIVE,
MEASURE_ET_C100CapPARCAP,THIN_ET_Rcat_cn_3,TOPSIN_ET_lkg_C450pf,-0.0768,0.32,False,"(0, 1, 0)",93.368,"(1, 1, 1)",90.287,71.0,0/1,INCONCLUSIVE,
MEASURE_ET_C100CapPARCAP,THIN_ET_sh_f_hr_23,TOPSIN_ET_DC_PIV_Drain_Lag_1,0.0288,0.127,False,"(0, 1, 0)",93.183,"(1, 1, 1)",90.413,117.0,1/3,WEAK,
MEASURE_ET_C100CapPARCAP,TOPSIN_ET_DC_PIV_Drain_Lag_1,TOPSIN_ET_DC_SMALL_Vdg_max,-0.1453,0.1282,True,"(0, 0, 0)",93.7,"(1, 1, 1)",90.18,95.0,3/4,MODERATE,
MEASURE_ET_C300M1B_0,MEASURE_ET_DC_RF2_S22dB_26GHz,THIN_ET_lkg_100_at20V,-0.366,0.2835,True,"(0, 0, 0)",93.373,"(0, 0, 1)",90.354,114.0,5/5,STRONG,
MEASURE_ET_C300M1B_0,MEASURE_ET_Rc_OG142_GN,THIN_ET_lkg_100_at20V,0.4152,0.4254,False,"(0, 0, 0)",93.435,"(0, 1, 1)",89.95,89.0,4/4,MODERATE,
MEASURE_ET_C300M1B_0,MEASURE_ET_Rcat_cn_2,THIN_ET_lkg_100_at20V,0.3727,0.3302,True,"(0, 0, 0)",93.225,"(0, 1, 1)",90.226,107.0,5/5,STRONG,
MEASURE_ET_C300M1B_0,SIN_GATE_ET_Rc_an_ct2,THIN_ET_lkg_100_at20V,0.3578,0.2925,True,"(0, 0, 0)",93.267,"(0, 1, 1)",89.63,111.0,4/4,STRONG,
MEASURE_ET_C300pf,MEASURE_ET_DC_RF2_S22dB_26GHz,THIN_ET_lkg_100_at20V,-0.2674,0.428,False,"(0, 0, 0)",93.409,"(0, 0, 1)",90.465,106.0,5/5,MODERATE,
MEASURE_ET_C300pf,MEASURE_ET_Rc_OG142_GN,THIN_ET_lkg_100_at20V,0.3768,0.4073,False,"(0, 0, 0)",93.472,"(0, 1, 1)",89.925,101.0,3/3,MODERATE,
MEASURE_ET_C300pf,MEASURE_ET_Rcat_cn_2,THIN_ET_lkg_100_at20V,0.4607,0.4712,False,"(0, 0, 0)",93.207,"(0, 1, 1)",90.068,120.0,5/5,MODERATE,
MEASURE_ET_C300pf,SIN_GATE_ET_Rc_an_ct2,THIN_ET_lkg_100_at20V,0.4083,0.4217,False,"(0, 0, 0)",93.235,"(0, 1, 1)",89.68,116.0,5/5,MODERATE,
MEASURE_ET_CapPARCAP,MEASURE_ET_DC_RF2_S22dB_26GHz,THIN_ET_lkg_100_at20V,0.2218,0.1045,True,"(0, 1, 0)",93.39,"(1, 0, 1)",90.711,129.0,4/5,STRONG,
MEASURE_ET_CapPARCAP,MEASURE_ET_DC_SEC_X_Bin,TOPSIN_ET_DC_PIV_Drain_Lag_1,0.0475,0.4417,False,"(0, 1, 0)",92.903,"(1, 1, 1)",89.964,113.0,1/5,WEAK,
MEASURE_ET_CapPARCAP,MEASURE_ET_DC_SMALL_Ids_m0p2,TOPSIN_ET_DC_PIV_Drain_Lag_1,-0.205,0.2129,False,"(0, 0, 0)",93.316,"(1, 1, 1)",90.11,127.0,5/5,MODERATE,
MEASURE_ET_CapPARCAP,MEASURE_ET_Rc_OG142_GN,THIN_ET_lkg_100_at20V,-0.5009,0.517,False,"(0, 0, 0)",93.319,"(1, 1, 1)",90.252,52.0,0/0,INCONCLUSIVE,
MEASURE_ET_CapPARCAP,MEASURE_ET_Rc_OG142_GN,TOPSIN_ET_DC_PIV_Drain_Lag_1,-0.196,0.6307,False,"(1, 0, 0)",93.984,"(1, 1, 1)",89.96,38.0,0/0,INCONCLUSIVE,
MEASURE_ET_CapPARCAP,MEASURE_ET_Rcat_cn_2,THIN_ET_lkg_100_at20V,-0.1359,0.3812,False,"(0, 1, 0)",93.723,"(1, 1, 1)",90.651,33.0,0/0,INCONCLUSIVE,
MEASURE_ET_CapPARCAP,SIN_GATE_ET_Rc_an_ct2,THIN_ET_lkg_100_at20V,-0.0009,0.299,False,"(0, 1, 0)",93.548,"(1, 1, 1)",90.288,57.0,0/0,INCONCLUSIVE,
MEASURE_ET_CapPARCAP,THIN_ET_Rcat_cn_3,TOPSIN_ET_lkg_C450pf,-0.0892,0.4177,False,"(0, 1, 0)",93.451,"(1, 1, 1)",90.167,69.0,0/0,INCONCLUSIVE,
MEASURE_ET_CapPARCAP,THIN_ET_sh_f_hr_23,TOPSIN_ET_DC_PIV_Drain_Lag_1,0.0727,0.2125,False,"(0, 1, 0)",92.898,"(1, 0, 1)",90.697,124.0,3/5,MODERATE,
MEASURE_ET_CapPARCAP,TOPSIN_ET_DC_PIV_Drain_Lag_1,TOPSIN_ET_DC_SMALL_Vdg_max,-0.2005,0.1966,True,"(0, 0, 0)",93.414,"(1, 1, 1)",90.444,131.0,5/5,STRONG,
MEASURE_ET_CapPARCAP_0,MEASURE_ET_DC_RF2_S22dB_26GHz,THIN_ET_lkg_100_at20V,0.4331,0.4469,False,"(0, 1, 0)",93.115,"(1, 0, 1)",89.847,105.0,5/5,MODERATE,
MEASURE_ET_CapPARCAP_0,MEASURE_ET_DC_SEC_X_Bin,TOPSIN_ET_DC_PIV_Drain_Lag_1,-0.0975,0.457,False,"(0, 1, 0)",93.101,"(1, 1, 1)",88.957,120.0,4/5,MODERATE,
MEASURE_ET_CapPARCAP_0,MEASURE_ET_DC_SMALL_Ids_m0p2,TOPSIN_ET_DC_PIV_Drain_Lag_1,-0.0142,0.4978,False,"(0, 0, 0)",93.267,"(1, 1, 1)",89.668,117.0,3/5,MODERATE,
MEASURE_ET_CapPARCAP_0,MEASURE_ET_Rc_OG142_GN,THIN_ET_lkg_100_at20V,-0.2994,0.5614,False,"(0, 1, 1)",93.319,"(1, 1, 1)",89.871,69.0,1/1,WEAK,
MEASURE_ET_CapPARCAP_0,MEASURE_ET_Rc_OG142_GN,TOPSIN_ET_DC_PIV_Drain_Lag_1,-0.1378,0.5316,False,"(1, 0, 0)",93.122,"(1, 1, 1)",89.55,71.0,2/2,WEAK,
MEASURE_ET_CapPARCAP_0,MEASURE_ET_Rcat_cn_2,THIN_ET_lkg_100_at20V,0.056,0.6801,False,"(0, 1, 1)",93.388,"(1, 0, 1)",89.102,61.0,0/0,INCONCLUSIVE,
MEASURE_ET_CapPARCAP_0,SIN_GATE_ET_Rc_an_ct2,THIN_ET_lkg_100_at20V,0.1124,0.4488,False,"(1, 0, 0)",93.178,"(1, 1, 1)",90.002,70.0,0/0,INCONCLUSIVE,
MEASURE_ET_CapPARCAP_0,THIN_ET_sh_f_hr_23,TOPSIN_ET_DC_PIV_Drain_Lag_1,0.2026,0.4968,False,"(0, 1, 0)",93.073,"(1, 0, 1)",89.96,133.0,4/5,MODERATE,
MEASURE_ET_CapPARCAP_0,TOPSIN_ET_DC_PIV_Drain_Lag_1,TOPSIN_ET_DC_SMALL_Vdg_max,0.1488,0.4649,False,"(0, 0, 0)",93.116,"(1, 1, 0)",89.897,94.0,3/5,MODERATE,
MEASURE_ET_CapUSV,MEASURE_ET_DC_RF2_S22dB_26GHz,THIN_ET_lkg_100_at20V,-0.2393,0.1331,True,"(0, 0, 0)",93.418,"(1, 1, 1)",91.03,122.0,5/5,STRONG,
MEASURE_ET_CapUSV,MEASURE_ET_Rc_OG142_GN,THIN_ET_lkg_100_at20V,0.0667,0.0556,True,"(0, 0, 0)",93.406,"(1, 1, 1)",90.503,105.0,3/4,MODERATE,
MEASURE_ET_CapUSV,MEASURE_ET_Rcat_cn_2,THIN_ET_lkg_100_at20V,0.1266,0.0999,True,"(0, 0, 0)",93.204,"(1, 0, 1)",91.038,116.0,5/5,STRONG,
MEASURE_ET_CapUSV,SIN_GATE_ET_Rc_an_ct2,THIN_ET_lkg_100_at20V,0.1298,0.1843,False,"(0, 0, 0)",93.24,"(1, 1, 1)",90.478,128.0,4/5,MODERATE,
MEASURE_ET_DC_Big_S11ang_10GHz,MEASURE_ET_DC_SEC_X_Bin,TOPSIN_ET_DC_PIV_Drain_Lag_1,-0.2909,0.4799,False,"(0, 1, 0)",93.117,"(1, 1, 1)",89.319,131.0,4/5,MODERATE,
MEASURE_ET_DC_Big_S11ang_10GHz,MEASURE_ET_DC_SMALL_Ids_m0p2,TOPSIN_ET_DC_PIV_Drain_Lag_1,-0.145,0.4598,False,"(1, 0, 0)",93.214,"(1, 1, 1)",90.361,128.0,3/5,MODERATE,
MEASURE_ET_DC_Big_S11ang_10GHz,MEASURE_ET_Rc_OG142_GN,TOPSIN_ET_DC_PIV_Drain_Lag_1,-0.0165,0.3465,False,"(1, 0, 0)",93.172,"(1, 1, 1)",89.601,92.0,3/5,MODERATE,
MEASURE_ET_DC_Big_S11ang_10GHz,THIN_ET_sh_f_hr_23,TOPSIN_ET_DC_PIV_Drain_Lag_1,0.0358,0.2153,False,"(0, 1, 0)",93.109,"(1, 1, 1)",90.95,103.0,4/5,MODERATE,
MEASURE_ET_DC_Big_S11ang_10GHz,TOPSIN_ET_DC_PIV_Drain_Lag_1,TOPSIN_ET_DC_SMALL_Vdg_max,0.0483,0.3484,False,"(0, 0, 0)",93.469,"(0, 1, 1)",90.687,124.0,2/5,WEAK,
MEASURE_ET_DC_Big_S11dB_10GHz,MEASURE_ET_DC_RF2_S22dB_26GHz,THIN_ET_lkg_100_at20V,0.106,0.1733,False,"(1, 0, 0)",93.299,"(0, 0, 1)",90.794,118.0,3/5,MODERATE,
MEASURE_ET_DC_Big_S11dB_10GHz,MEASURE_ET_Rc_OG142_GN,THIN_ET_lkg_100_at20V,0.0033,0.0575,False,"(1, 0, 0)",93.524,"(0, 1, 1)",90.399,111.0,3/5,MODERATE,
MEASURE_ET_DC_Big_S11dB_10GHz,MEASURE_ET_Rcat_cn_2,THIN_ET_lkg_100_at20V,-0.1586,0.1432,True,"(1, 0, 0)",93.28,"(0, 0, 1)",90.619,109.0,4/5,STRONG,
MEASURE_ET_DC_Big_S11dB_10GHz,SIN_GATE_ET_Rc_an_ct2,THIN_ET_lkg_100_at20V,-0.3389,0.1518,True,"(1, 0, 0)",93.105,"(1, 1, 1)",90.343,94.0,4/5,STRONG,
MEASURE_ET_DC_Diode_S11_dB_rev_9p5,MEASURE_ET_DC_SEC_X_Bin,TOPSIN_ET_DC_PIV_Drain_Lag_1,-0.0153,0.4887,False,"(0, 0, 0)",93.169,"(0, 1, 1)",90.279,118.0,2/5,WEAK,
MEASURE_ET_DC_Diode_S11_dB_rev_9p5,MEASURE_ET_DC_SMALL_Ids_m0p2,TOPSIN_ET_DC_PIV_Drain_Lag_1,0.6132,0.4634,True,"(0, 0, 1)",93.37,"(0, 1, 1)",90.37,103.0,5/5,STRONG,
MEASURE_ET_DC_Diode_S11_dB_rev_9p5,MEASURE_ET_Rc_OG142_GN,TOPSIN_ET_DC_PIV_Drain_Lag_1,-0.029,0.216,False,"(0, 0, 0)",93.561,"(0, 1, 1)",90.387,107.0,2/5,WEAK,
MEASURE_ET_DC_Diode_S11_dB_rev_9p5,THIN_ET_sh_f_hr_23,TOPSIN_ET_DC_PIV_Drain_Lag_1,-0.2403,0.027,True,"(0, 0, 0)",93.132,"(1, 1, 1)",90.835,112.0,4/4,STRONG,
MEASURE_ET_DC_Diode_S11_dB_rev_9p5,TOPSIN_ET_DC_PIV_Drain_Lag_1,TOPSIN_ET_DC_SMALL_Vdg_max,0.1072,0.0503,True,"(0, 0, 1)",92.928,"(1, 1, 1)",91.035,113.0,2/5,WEAK,
MEASURE_ET_DC_RF2_S11ang_26GHz,MEASURE_ET_DC_SEC_X_Bin,TOPSIN_ET_DC_PIV_Drain_Lag_1,-0.0568,0.4872,False,"(1, 1, 0)",93.025,"(1, 1, 1)",89.979,124.0,2/5,WEAK,
MEASURE_ET_DC_RF2_S11ang_26GHz,MEASURE_ET_DC_SMALL_Ids_m0p2,TOPSIN_ET_DC_PIV_Drain_Lag_1,0.1785,0.2617,False,"(1, 0, 0)",93.272,"(1, 1, 1)",90.938,108.0,5/5,MODERATE,
MEASURE_ET_DC_RF2_S11ang_26GHz,MEASURE_ET_Rc_OG142_GN,TOPSIN_ET_DC_PIV_Drain_Lag_1,0.1076,0.3109,False,"(1, 0, 0)",93.47,"(1, 1, 1)",90.064,105.0,4/5,MODERATE,
MEASURE_ET_DC_RF2_S11ang_26GHz,OHMIC_ET_Rsh_an_ct2,TOPSIN_ET_DC_SMALL_Vdg_max,0.1105,0.3424,False,"(1, 0, 0)",93.001,"(1, 1, 1)",91.484,126.0,3/5,MODERATE,
MEASURE_ET_DC_RF2_S11ang_26GHz,TFRP_ET_Rc_TF_AB_2,TOPSIN_ET_DC_PIV_Drain_Lag_1,0.3039,0.265,True,"(1, 0, 0)",93.518,"(1, 0, 1)",90.971,126.0,5/5,STRONG,
MEASURE_ET_DC_RF2_S11ang_26GHz,THIN_ET_sh_f_hr_23,TOPSIN_ET_DC_PIV_Drain_Lag_1,-0.0027,0.2709,False,"(1, 0, 0)",93.067,"(1, 1, 1)",90.901,114.0,3/3,MODERATE,
MEASURE_ET_DC_RF2_S11ang_26GHz,TOPSIN_ET_DC_PIV_Drain_Lag_1,TOPSIN_ET_DC_SMALL_Vdg_max,-0.2246,0.2678,False,"(1, 0, 0)",92.983,"(1, 1, 1)",90.474,122.0,5/5,MODERATE,
MEASURE_ET_DC_RF2_S22ang_26GHz,MEASURE_ET_DC_RF2_S22dB_26GHz,THIN_ET_lkg_100_at20V,-0.1775,0.3883,False,"(1, 0, 0)",93.366,"(0, 0, 1)",89.767,130.0,3/5,MODERATE,
MEASURE_ET_DC_RF2_S22ang_26GHz,MEASURE_ET_Rc_OG142_GN,THIN_ET_lkg_100_at20V,0.1159,0.2382,False,"(1, 0, 0)",93.384,"(0, 1, 1)",89.646,115.0,4/5,MODERATE,
MEASURE_ET_DC_RF2_S22ang_26GHz,MEASURE_ET_Rcat_cn_2,THIN_ET_lkg_100_at20V,0.0283,0.2097,False,"(1, 0, 0)",93.35,"(0, 1, 1)",90.175,91.0,1/4,WEAK,
MEASURE_ET_DC_RF2_S22ang_26GHz,SIN_GATE_ET_Rc_an_ct2,THIN_ET_lkg_100_at20V,-0.1915,0.1596,True,"(1, 0, 0)",93.342,"(0, 1, 1)",90.16,83.0,4/5,STRONG,
MEASURE_ET_DC_RF2_S22dB_26GHz,MEASURE_ET_DC_RF_Gm_m0p2,THIN_ET_lkg_100_at20V,-0.1118,0.1439,False,"(0, 0, 0)",93.246,"(0, 0, 1)",91.037,127.0,4/5,MODERATE,
MEASURE_ET_DC_RF2_S22dB_26GHz,MEASURE_ET_DC_RF_Gm_m0p2_W,THIN_ET_lkg_100_at20V,0.1237,0.1685,False,"(0, 0, 0)",92.98,"(0, 1, 1)",90.506,122.0,5/5,MODERATE,
MEASURE_ET_DC_RF2_S22dB_26GHz,MEASURE_ET_DC_RF_S11ang_10GHz,THIN_ET_lkg_100_at20V,0.1935,0.3123,False,"(0, 0, 0)",92.945,"(0, 1, 1)",89.949,125.0,4/5,MODERATE,
MEASURE_ET_DC_RF2_S22dB_26GHz,MEASURE_ET_DC_RF_S11ang_26GHz_W,THIN_ET_lkg_100_at20V,-0.0926,0.291,False,"(1, 0, 0)",93.072,"(0, 0, 1)",90.301,107.0,3/5,MODERATE,
MEASURE_ET_DC_RF2_S22dB_26GHz,MEASURE_ET_DC_SEC_Gm_0,THIN_ET_lkg_100_at20V,-0.0205,0.1487,False,"(0, 0, 0)",93.082,"(0, 1, 1)",91.053,131.0,3/5,MODERATE,
MEASURE_ET_DC_RF2_S22dB_26GHz,MEASURE_ET_DC_SEC_Idss,THIN_ET_lkg_100_at20V,-0.0356,0.1761,False,"(0, 0, 0)",93.138,"(0, 1, 1)",90.736,110.0,3/5,MODERATE,
MEASURE_ET_DC_RF2_S22dB_26GHz,MEASURE_ET_Ran_con_3,THIN_ET_lkg_100_at20V,0.0359,0.2136,False,"(0, 0, 0)",93.13,"(0, 1, 1)",90.531,125.0,3/5,MODERATE,
MEASURE_ET_DC_RF2_S22dB_26GHz,MEASURE_ET_Rc_F_AB_2,THIN_ET_lkg_100_at20V,0.0494,0.2799,False,"(1, 0, 0)",93.361,"(0, 0, 1)",90.735,105.0,3/4,MODERATE,
MEASURE_ET_DC_RF2_S22dB_26GHz,MEASURE_ET_Rc_OG142_GN,THIN_ET_lkg_100_at20V,0.0533,0.1065,False,"(0, 0, 0)",93.304,"(1, 1, 1)",90.73,97.0,3/5,MODERATE,
MEASURE_ET_DC_RF2_S22dB_26GHz,MEASURE_ET_Rc_TF_AB_2,THIN_ET_lkg_100_at20V,-0.0004,0.3993,False,"(0, 1, 0)",93.16,"(0, 0, 1)",90.742,101.0,2/5,WEAK,
MEASURE_ET_DC_RF2_S22dB_26GHz,MEASURE_ET_Rc_an_ct2,THIN_ET_lkg_100_at20V,0.2762,0.0928,True,"(1, 0, 0)",93.34,"(0, 1, 1)",90.389,100.0,4/4,STRONG,
MEASURE_ET_DC_RF2_S22dB_26GHz,MEASURE_ET_Rc_cat_ct2,THIN_ET_lkg_100_at20V,0.5066,0.2495,True,"(0, 1, 0)",93.565,"(0, 1, 1)",90.405,100.0,5/5,STRONG,
MEASURE_ET_DC_RF2_S22dB_26GHz,MEASURE_ET_Rc_cat_ct2_OW_ST,THIN_ET_lkg_100_at20V,0.0113,0.243,False,"(0, 0, 0)",93.201,"(1, 1, 1)",90.778,117.0,4/4,MODERATE,
MEASURE_ET_DC_RF2_S22dB_26GHz,MEASURE_ET_Rcat_cn_2,THIN_ET_lkg_100_at20V,0.0988,0.2244,False,"(1, 0, 0)",93.163,"(0, 0, 1)",90.997,97.0,5/5,MODERATE,
MEASURE_ET_DC_RF2_S22dB_26GHz,MEASURE_ET_Rcat_cn_2_OW_ST,THIN_ET_lkg_100_at20V,0.0947,0.2232,False,"(1, 0, 0)",93.271,"(0, 0, 1)",90.826,111.0,3/5,MODERATE,
MEASURE_ET_DC_RF2_S22dB_26GHz,MEASURE_ET_Rcat_cn_3,THIN_ET_lkg_100_at20V,0.3426,0.1308,True,"(1, 0, 0)",93.211,"(0, 1, 1)",90.535,98.0,5/5,STRONG,
MEASURE_ET_DC_RF2_S22dB_26GHz,MEASURE_ET_VIA_KLV_2,THIN_ET_lkg_100_at20V,-0.0628,0.1366,False,"(0, 0, 0)",93.205,"(0, 0, 1)",91.06,141.0,4/5,MODERATE,
MEASURE_ET_DC_RF2_S22dB_26GHz,MESA_ET_Probe_Number,THIN_ET_lkg_100_at20V,-0.1317,0.1973,False,"(0, 0, 0)",93.343,"(0, 0, 1)",91.05,138.0,5/5,MODERATE,
MEASURE_ET_DC_RF2_S22dB_26GHz,MaskSetSupplyChipsCount,THIN_ET_lkg_100_at20V,-0.3691,0.4229,False,"(0, 0, 0)",92.936,"(0, 0, 1)",89.78,122.0,5/5,MODERATE,
MEASURE_ET_DC_RF2_S22dB_26GHz,OHMIC_ET_Rc_an_ct2,THIN_ET_lkg_100_at20V,0.3656,0.1138,True,"(1, 0, 0)",93.346,"(0, 1, 1)",90.488,108.0,5/5,STRONG,
MEASURE_ET_DC_RF2_S22dB_26GHz,SIN_ET_Probe_Number,THIN_ET_lkg_100_at20V,-0.1701,0.4823,False,"(0, 1, 0)",93.444,"(0, 0, 1)",89.998,122.0,3/3,MODERATE,
MEASURE_ET_DC_RF2_S22dB_26GHz,SIN_GATE_ET_Rc_an_ct2,THIN_ET_lkg_100_at20V,0.2449,0.1748,True,"(1, 0, 0)",93.179,"(0, 1, 1)",90.313,115.0,5/5,STRONG,
MEASURE_ET_DC_RF2_S22dB_26GHz,TFRP_ET_Rc_TF_AB_2,THIN_ET_lkg_100_at20V,0.2771,0.139,True,"(0, 1, 0)",93.181,"(0, 1, 1)",90.814,135.0,5/5,STRONG,
MEASURE_ET_DC_RF2_S22dB_26GHz,THIN_ET_DC_RF_Vds_max_0p1mA,THIN_ET_lkg_100_at20V,-0.1144,0.2969,False,"(0, 1, 0)",93.248,"(0, 0, 1)",89.903,127.0,3/5,MODERATE,
MEASURE_ET_DC_RF2_S22dB_26GHz,THIN_ET_DC_RF_Vg_optt3,THIN_ET_lkg_100_at20V,0.2272,0.356,False,"(0, 1, 0)",93.108,"(0, 1, 1)",90.213,127.0,5/5,MODERATE,
MEASURE_ET_DC_RF2_S22dB_26GHz,THIN_ET_Rc_OG142,THIN_ET_lkg_100_at20V,0.2614,0.2234,True,"(1, 0, 0)",93.404,"(0, 1, 1)",89.959,120.0,5/5,STRONG,
MEASURE_ET_DC_RF2_S22dB_26GHz,THIN_ET_Rc_TF_AB_2,THIN_ET_lkg_100_at20V,-0.0107,0.1864,False,"(0, 0, 0)",93.156,"(1, 1, 1)",90.243,83.0,2/4,WEAK,
MEASURE_ET_DC_RF2_S22dB_26GHz,THIN_ET_Rc_cat_ct2,THIN_ET_lkg_100_at20V,0.2101,0.269,False,"(0, 1, 0)",93.243,"(1, 1, 1)",90.735,121.0,5/5,MODERATE,
MEASURE_ET_DC_RF2_S22dB_26GHz,THIN_ET_Rc_f_hr_23,THIN_ET_lkg_100_at20V,0.3272,0.1574,True,"(1, 0, 0)",93.282,"(0, 1, 1)",90.581,97.0,4/5,STRONG,
MEASURE_ET_DC_RF2_S22dB_26GHz,THIN_ET_Rcat_cn_1,THIN_ET_lkg_100_at20V,0.1932,0.1301,True,"(1, 0, 0)",93.139,"(0, 1, 1)",90.85,134.0,5/5,STRONG,
MEASURE_ET_DC_RF2_S22dB_26GHz,THIN_ET_Rcat_cn_2_OW_ST,THIN_ET_lkg_100_at20V,0.2654,0.139,True,"(0, 1, 0)",93.292,"(0, 1, 1)",90.84,98.0,5/5,STRONG,
MEASURE_ET_DC_RF2_S22dB_26GHz,THIN_ET_Rcat_cn_3,THIN_ET_lkg_100_at20V,0.1144,0.2531,False,"(1, 0, 0)",93.104,"(1, 1, 1)",90.307,111.0,3/5,MODERATE,
MEASURE_ET_DC_RF2_S22dB_26GHz,THIN_ET_Rcat_cn_3,TOPSIN_ET_lkg_C450pf,0.0604,0.2259,False,"(0, 0, 0)",93.216,"(0, 1, 1)",90.43,113.0,3/5,MODERATE,
MEASURE_ET_DC_RF2_S22dB_26GHz,THIN_ET_lkg_100_at20V,TOPSIN_ET_CapFICM1,-0.3119,0.1336,True,"(0, 0, 0)",93.413,"(0, 1, 0)",90.912,125.0,5/5,STRONG,
MEASURE_ET_DC_RF2_S22dB_26GHz,THIN_ET_lkg_100_at20V,TOPSIN_ET_CapFICM1_0,-0.2959,0.3286,False,"(0, 0, 0)",93.39,"(0, 1, 0)",90.492,113.0,5/5,MODERATE,
MEASURE_ET_DC_RF2_S22dB_26GHz,THIN_ET_lkg_100_at20V,TOPSIN_ET_DC_SMALL_Vdg_max,-0.3847,0.2373,True,"(0, 0, 0)",93.092,"(1, 1, 1)",90.53,99.0,5/5,STRONG,
MEASURE_ET_DC_RF2_S22dB_26GHz,THIN_ET_lkg_100_at20V,TOPSIN_ET_Load_Pull_Gain_comp_Last,0.2329,0.1982,True,"(0, 0, 1)",93.742,"(0, 1, 0)",90.906,119.0,5/5,STRONG,
MEASURE_ET_DC_RF2_S22dB_26GHz,THIN_ET_lkg_100_at20V,TOPSIN_ET_Rc_OG144,0.2448,0.1518,True,"(0, 0, 0)",93.125,"(0, 1, 1)",90.394,131.0,5/5,STRONG,
MEASURE_ET_DC_RF2_S22dB_26GHz,THIN_ET_lkg_100_at20V,TOPSIN_ET_lkg_C450pf,-0.078,0.3661,False,"(0, 0, 0)",93.169,"(0, 1, 1)",90.912,23.0,0/0,INCONCLUSIVE,
MEASURE_ET_DC_RF_Gm_m0p2,MEASURE_ET_Rc_OG142_GN,THIN_ET_lkg_100_at20V,-0.0261,0.0911,False,"(0, 0, 0)",93.522,"(0, 1, 1)",90.741,98.0,4/5,MODERATE,
MEASURE_ET_DC_RF_Gm_m0p2,MEASURE_ET_Rcat_cn_2,THIN_ET_lkg_100_at20V,0.0335,0.4159,False,"(0, 0, 0)",93.694,"(0, 1, 1)",90.886,81.0,1/2,WEAK,
MEASURE_ET_DC_RF_Gm_m0p2,SIN_GATE_ET_Rc_an_ct2,THIN_ET_lkg_100_at20V,0.0397,0.3513,False,"(0, 0, 0)",93.781,"(0, 1, 1)",90.404,75.0,0/3,INCONCLUSIVE,
MEASURE_ET_DC_RF_Gm_m0p2,THIN_ET_Rcat_cn_3,TOPSIN_ET_lkg_C450pf,0.1948,0.2741,False,"(0, 0, 0)",93.5,"(0, 1, 1)",90.129,92.0,3/5,MODERATE,
MEASURE_ET_DC_RF_Gm_m0p2_W,MEASURE_ET_Rc_OG142_GN,THIN_ET_lkg_100_at20V,-0.2175,0.1922,True,"(0, 0, 0)",93.541,"(1, 1, 1)",90.0,83.0,5/5,STRONG,
MEASURE_ET_DC_RF_Gm_m0p2_W,MEASURE_ET_Rcat_cn_2,THIN_ET_lkg_100_at20V,-0.1875,0.3665,False,"(0, 0, 0)",93.705,"(1, 0, 1)",90.934,69.0,1/2,WEAK,
MEASURE_ET_DC_RF_Gm_m0p2_W,SIN_GATE_ET_Rc_an_ct2,THIN_ET_lkg_100_at20V,-0.1355,0.3411,False,"(0, 0, 0)",93.787,"(1, 1, 1)",90.203,84.0,3/4,MODERATE,
MEASURE_ET_DC_RF_Id_Vbon_min,MEASURE_ET_DC_SEC_Vgs_0p1V,TOPSIN_ET_DC_SMALL_Vdg_max,0.1209,0.2789,False,"(1, 1, 1)",92.562,"(0, 1, 1)",91.012,107.0,4/5,MODERATE,
MEASURE_ET_DC_RF_Id_Vbon_min,THIN_ET_Rcat_cn_3,TOPSIN_ET_lkg_C450pf,0.2648,0.3129,False,"(1, 0, 0)",93.139,"(0, 1, 1)",89.448,135.0,4/5,MODERATE,
MEASURE_ET_DC_RF_Id_Vbon_min,TOPSIN_ET_DC_SMALL_Vdg_max,TOPSIN_ET_Gate_res,0.0038,0.2991,False,"(0, 0, 1)",92.727,"(0, 1, 0)",91.141,128.0,2/5,WEAK,
MEASURE_ET_DC_RF_Imax_W,MEASURE_ET_DC_SEC_X_Bin,TOPSIN_ET_DC_PIV_Drain_Lag_1,-0.0923,0.512,False,"(0, 1, 0)",93.064,"(1, 1, 1)",89.629,106.0,1/4,WEAK,
MEASURE_ET_DC_RF_Imax_W,MEASURE_ET_DC_SMALL_Ids_m0p2,TOPSIN_ET_DC_PIV_Drain_Lag_1,0.3702,0.0343,True,"(1, 0, 0)",93.405,"(0, 1, 1)",90.798,95.0,4/4,STRONG,
MEASURE_ET_DC_RF_Imax_W,MEASURE_ET_Rc_OG142_GN,TOPSIN_ET_DC_PIV_Drain_Lag_1,-0.026,0.2795,False,"(0, 0, 0)",93.182,"(1, 1, 1)",89.941,71.0,2/4,WEAK,
MEASURE_ET_DC_RF_Imax_W,THIN_ET_sh_f_hr_23,TOPSIN_ET_DC_PIV_Drain_Lag_1,0.0246,0.0998,False,"(0, 1, 0)",92.987,"(1, 1, 1)",90.969,95.0,1/4,WEAK,
MEASURE_ET_DC_RF_Imax_W,TOPSIN_ET_DC_PIV_Drain_Lag_1,TOPSIN_ET_DC_SMALL_Vdg_max,-0.0413,0.1094,False,"(0, 0, 0)",93.208,"(1, 1, 1)",90.952,105.0,1/4,WEAK,
MEASURE_ET_DC_RF_S11ang_10GHz,MEASURE_ET_Rc_OG142_GN,THIN_ET_lkg_100_at20V,-0.2276,0.2579,False,"(0, 0, 0)",93.515,"(1, 1, 1)",89.88,99.0,3/5,MODERATE,
MEASURE_ET_DC_RF_S11ang_10GHz,MEASURE_ET_Rc_an_ct2,SIN_GATE_ET_lkg_SY8_80,-0.3683,0.3404,True,"(0, 0, 0)",93.261,"(1, 1, 1)",89.617,114.0,5/5,STRONG,
MEASURE_ET_DC_RF_S11ang_10GHz,MEASURE_ET_Rcat_cn_2,THIN_ET_lkg_100_at20V,-0.1644,0.2717,False,"(0, 0, 0)",93.362,"(1, 1, 1)",90.477,101.0,4/5,MODERATE,
MEASURE_ET_DC_RF_S11ang_10GHz,SIN_GATE_ET_Rc_an_ct2,SIN_GATE_ET_lkg_SY8_80,-0.2471,0.3147,False,"(0, 0, 0)",93.408,"(1, 1, 1)",90.153,117.0,5/5,MODERATE,
MEASURE_ET_DC_RF_S11ang_10GHz,SIN_GATE_ET_Rc_an_ct2,THIN_ET_lkg_100_at20V,-0.2419,0.2577,False,"(0, 0, 0)",93.521,"(1, 1, 1)",89.766,103.0,2/4,WEAK,
MEASURE_ET_DC_RF_S11ang_10GHz,SIN_GATE_ET_lkg_SY8_80,TFRP_ET_Rc_TF_AB_2,-0.1476,0.3361,False,"(0, 0, 0)",93.066,"(1, 1, 1)",90.551,118.0,3/5,MODERATE,
MEASURE_ET_DC_RF_S11ang_10GHz,SIN_GATE_ET_lkg_SY8_80,THIN_ET_Rc_cat_ct2,-0.1508,0.313,False,"(0, 0, 0)",92.857,"(1, 1, 1)",90.251,110.0,5/5,MODERATE,
MEASURE_ET_DC_RF_S11ang_10GHz,SIN_GATE_ET_lkg_SY8_80,THIN_ET_Rc_f_hr_23,-0.2888,0.3372,False,"(0, 0, 0)",93.221,"(1, 1, 1)",89.954,99.0,4/4,MODERATE,
MEASURE_ET_DC_RF_S11ang_10GHz,SIN_GATE_ET_lkg_SY8_80,THIN_ET_Rcat_cn_3,-0.2102,0.3147,False,"(0, 0, 0)",93.078,"(1, 1, 1)",89.902,125.0,3/4,MODERATE,
MEASURE_ET_DC_RF_S11ang_10GHz,SIN_GATE_ET_lkg_SY8_80,THIN_ET_lkg_100_at20V,,,,,,,,,,INCONCLUSIVE,insufficient cell size for main split
MEASURE_ET_DC_RF_S11ang_10GHz,SIN_GATE_ET_lkg_SY8_80,TOPSIN_ET_CapFICM1,0.1646,0.4011,False,"(0, 0, 0)",93.009,"(1, 1, 0)",89.921,112.0,4/5,MODERATE,
MEASURE_ET_DC_RF_S11ang_10GHz,SIN_GATE_ET_lkg_SY8_80,TOPSIN_ET_lkg_C450pf,-0.4159,0.2035,True,"(0, 0, 0)",92.831,"(1, 1, 1)",90.498,20.0,0/0,INCONCLUSIVE,
MEASURE_ET_DC_RF_S11ang_10GHz,THIN_ET_Rcat_cn_3,TOPSIN_ET_lkg_C450pf,-0.1542,0.3441,False,"(1, 0, 0)",93.081,"(1, 1, 1)",89.69,131.0,4/5,MODERATE,
MEASURE_ET_DC_RF_S11ang_26GHz_W,MEASURE_ET_DC_SEC_X_Bin,MEASURE_ET_DC_SMALL_Ids_m0p2,0.0167,0.258,False,"(0, 0, 0)",93.034,"(0, 1, 1)",90.32,76.0,2/2,WEAK,
MEASURE_ET_DC_RF_S11ang_26GHz_W,MEASURE_ET_Rc_OG142_GN,THIN_ET_lkg_100_at20V,0.4708,0.4502,True,"(0, 0, 0)",93.471,"(0, 1, 1)",89.399,122.0,5/5,STRONG,
MEASURE_ET_DC_RF_S11ang_26GHz_W,MEASURE_ET_Rcat_cn_2,THIN_ET_lkg_100_at20V,0.157,0.2807,False,"(0, 0, 0)",93.148,"(0, 1, 1)",90.771,121.0,2/5,WEAK,
MEASURE_ET_DC_RF_S11ang_26GHz_W,SIN_GATE_ET_Rc_an_ct2,THIN_ET_lkg_100_at20V,0.1086,0.3136,False,"(1, 0, 0)",93.05,"(0, 1, 1)",90.178,121.0,3/5,MODERATE,
MEASURE_ET_DC_RF_S22dB_26GHz_W,MEASURE_ET_DC_SEC_X_Bin,TOPSIN_ET_DC_PIV_Drain_Lag_1,-0.3188,0.5006,False,"(0, 0, 0)",93.046,"(1, 1, 1)",89.585,88.0,4/5,MODERATE,
MEASURE_ET_DC_RF_S22dB_26GHz_W,MEASURE_ET_DC_SMALL_Ids_m0p2,TOPSIN_ET_DC_PIV_Drain_Lag_1,-0.2994,0.2546,True,"(0, 0, 0)",93.357,"(1, 1, 1)",90.804,101.0,3/4,MODERATE,
MEASURE_ET_DC_RF_S22dB_26GHz_W,MEASURE_ET_Rc_OG142_GN,TOPSIN_ET_DC_PIV_Drain_Lag_1,-0.1771,0.2464,False,"(0, 0, 0)",93.596,"(0, 1, 1)",90.299,102.0,5/5,MODERATE,
MEASURE_ET_DC_RF_S22dB_26GHz_W,THIN_ET_sh_f_hr_23,TOPSIN_ET_DC_PIV_Drain_Lag_1,-0.3285,0.2641,True,"(0, 0, 0)",93.646,"(0, 0, 1)",90.855,105.0,3/3,MODERATE,
MEASURE_ET_DC_RF_S22dB_26GHz_W,TOPSIN_ET_DC_PIV_Drain_Lag_1,TOPSIN_ET_DC_SMALL_Vdg_max,-0.0475,0.2249,False,"(0, 0, 1)",92.996,"(0, 1, 0)",90.981,117.0,3/5,MODERATE,
MEASURE_ET_DC_SEC_Gm_0,MEASURE_ET_Rc_OG142_GN,THIN_ET_lkg_100_at20V,-0.0988,0.1464,False,"(0, 0, 0)",93.535,"(1, 1, 1)",90.614,87.0,3/5,MODERATE,
MEASURE_ET_DC_SEC_Gm_0,MEASURE_ET_Rcat_cn_2,THIN_ET_lkg_100_at20V,-0.0094,0.559,False,"(0, 0, 0)",93.83,"(1, 0, 1)",90.864,78.0,3/3,MODERATE,
MEASURE_ET_DC_SEC_Gm_0,SIN_GATE_ET_Rc_an_ct2,THIN_ET_lkg_100_at20V,0.0162,0.4837,False,"(0, 0, 0)",93.82,"(0, 1, 1)",90.35,82.0,1/3,WEAK,
MEASURE_ET_DC_SEC_Idss,MEASURE_ET_Rc_OG142_GN,THIN_ET_lkg_100_at20V,-0.2492,0.2184,True,"(0, 0, 0)",93.301,"(1, 1, 1)",89.951,120.0,5/5,STRONG,
MEASURE_ET_DC_SEC_Idss,MEASURE_ET_Rcat_cn_2,THIN_ET_lkg_100_at20V,-0.1468,0.1021,True,"(0, 0, 0)",93.239,"(1, 1, 1)",90.744,113.0,4/4,STRONG,
MEASURE_ET_DC_SEC_Idss,SIN_GATE_ET_Rc_an_ct2,THIN_ET_lkg_100_at20V,-0.0547,0.1895,False,"(0, 0, 0)",93.155,"(1, 1, 1)",90.175,110.0,3/4,MODERATE,
MEASURE_ET_DC_SEC_S_Ig_cut1_mAmm_neg_SD3p5,MEASURE_ET_DC_SEC_X_Bin,TOPSIN_ET_DC_PIV_Drain_Lag_1,-0.0783,0.4567,False,"(1, 1, 0)",93.226,"(1, 1, 1)",90.278,115.0,4/5,MODERATE,
MEASURE_ET_DC_SEC_S_Ig_cut1_mAmm_neg_SD3p5,MEASURE_ET_DC_SMALL_Ids_m0p2,TOPSIN_ET_DC_PIV_Drain_Lag_1,0.2911,0.1321,True,"(1, 0, 0)",93.704,"(0, 1, 1)",90.475,126.0,5/5,STRONG,
MEASURE_ET_DC_SEC_S_Ig_cut1_mAmm_neg_SD3p5,MEASURE_ET_RF_Modeling_ids_m0p2_W,MEASURE_ET_Ran_con_3,-0.0115,0.1731,False,"(1, 0, 0)",92.599,"(0, 0, 0)",91.693,117.0,2/5,WEAK,
MEASURE_ET_DC_SEC_S_Ig_cut1_mAmm_neg_SD3p5,MEASURE_ET_Rc_OG142_GN,TOPSIN_ET_DC_PIV_Drain_Lag_1,0.0754,0.2263,False,"(1, 0, 0)",93.402,"(0, 1, 1)",90.119,112.0,3/4,MODERATE,
MEASURE_ET_DC_SEC_S_Ig_cut1_mAmm_neg_SD3p5,THIN_ET_sh_f_hr_23,TOPSIN_ET_DC_PIV_Drain_Lag_1,0.1394,0.1976,False,"(1, 0, 0)",93.409,"(0, 1, 1)",91.092,109.0,3/3,MODERATE,
MEASURE_ET_DC_SEC_S_Ig_cut1_mAmm_neg_SD3p5,TOPSIN_ET_DC_PIV_Drain_Lag_1,TOPSIN_ET_DC_SMALL_Vdg_max,0.0644,0.1291,False,"(1, 0, 0)",93.26,"(0, 1, 1)",90.818,119.0,4/5,MODERATE,
MEASURE_ET_DC_SEC_S_Vg_at_I1_neg_SD3p5,MEASURE_ET_DC_SEC_X_Bin,TOPSIN_ET_DC_PIV_Drain_Lag_1,-0.1327,0.4809,False,"(0, 0, 0)",93.157,"(0, 1, 1)",90.279,134.0,5/5,MODERATE,
MEASURE_ET_DC_SEC_S_Vg_at_I1_neg_SD3p5,MEASURE_ET_DC_SMALL_Ids_m0p2,TOPSIN_ET_DC_PIV_Drain_Lag_1,0.2051,0.3995,False,"(0, 0, 0)",93.386,"(0, 1, 1)",90.464,96.0,3/5,MODERATE,
MEASURE_ET_DC_SEC_S_Vg_at_I1_neg_SD3p5,MEASURE_ET_Rc_OG142_GN,TOPSIN_ET_DC_PIV_Drain_Lag_1,0.0089,0.2938,False,"(0, 0, 0)",93.551,"(0, 1, 1)",90.001,121.0,2/5,WEAK,
MEASURE_ET_DC_SEC_S_Vg_at_I1_neg_SD3p5,THIN_ET_sh_f_hr_23,TOPSIN_ET_DC_PIV_Drain_Lag_1,-0.0574,0.1769,False,"(0, 0, 0)",93.038,"(0, 0, 1)",91.118,123.0,3/5,MODERATE,
MEASURE_ET_DC_SEC_S_Vg_at_I1_neg_SD3p5,TOPSIN_ET_DC_PIV_Drain_Lag_1,TOPSIN_ET_DC_SMALL_Vdg_max,0.1641,0.1785,False,"(0, 0, 0)",93.089,"(0, 1, 1)",90.658,128.0,4/5,MODERATE,
MEASURE_ET_DC_SEC_S_Vp_1_mA_mm_first_SD3p5,MEASURE_ET_DC_SEC_X_Bin,TOPSIN_ET_DC_PIV_Drain_Lag_1,-0.134,0.5016,False,"(1, 0, 0)",93.019,"(1, 1, 1)",89.723,130.0,3/5,MODERATE,
MEASURE_ET_DC_SEC_S_Vp_1_mA_mm_first_SD3p5,MEASURE_ET_DC_SMALL_Ids_m0p2,TOPSIN_ET_DC_PIV_Drain_Lag_1,0.1597,0.0815,True,"(1, 0, 0)",93.309,"(0, 1, 1)",90.72,120.0,5/5,STRONG,
MEASURE_ET_DC_SEC_S_Vp_1_mA_mm_first_SD3p5,MEASURE_ET_Rc_OG142_GN,TOPSIN_ET_DC_PIV_Drain_Lag_1,0.0163,0.3177,False,"(1, 0, 0)",93.194,"(1, 1, 1)",89.753,68.0,3/3,MODERATE,
MEASURE_ET_DC_SEC_S_Vp_1_mA_mm_first_SD3p5,THIN_ET_sh_f_hr_23,TOPSIN_ET_DC_PIV_Drain_Lag_1,-0.1899,0.0583,True,"(1, 1, 0)",92.941,"(1, 1, 1)",91.046,115.0,3/5,MODERATE,
MEASURE_ET_DC_SEC_S_Vp_1_mA_mm_first_SD3p5,TOPSIN_ET_DC_PIV_Drain_Lag_1,TOPSIN_ET_DC_SMALL_Vdg_max,0.1353,0.0646,True,"(1, 0, 0)",93.115,"(0, 1, 1)",90.849,120.0,4/5,STRONG,
MEASURE_ET_DC_SEC_Vgs_0p1V,MEASURE_ET_DC_SEC_X_Bin,TOPSIN_ET_DC_PIV_Drain_Lag_1,-0.2447,0.4577,False,"(0, 0, 0)",93.253,"(1, 1, 1)",90.032,129.0,3/5,MODERATE,
MEASURE_ET_DC_SEC_Vgs_0p1V,MEASURE_ET_DC_SMALL_Ids_m0p2,TOPSIN_ET_DC_PIV_Drain_Lag_1,-0.4169,0.1465,True,"(0, 0, 0)",93.577,"(1, 1, 1)",90.252,95.0,4/4,STRONG,
MEASURE_ET_DC_SEC_Vgs_0p1V,MEASURE_ET_Rc_OG142_GN,TOPSIN_ET_DC_PIV_Drain_Lag_1,-0.2056,0.2921,False,"(0, 0, 0)",93.055,"(1, 1, 1)",89.534,99.0,3/5,MODERATE,
MEASURE_ET_DC_SEC_Vgs_0p1V,THIN_ET_sh_f_hr_23,TOPSIN_ET_DC_PIV_Drain_Lag_1,0.0827,0.2166,False,"(0, 0, 0)",93.069,"(1, 0, 1)",90.484,100.0,4/4,MODERATE,
MEASURE_ET_DC_SEC_Vgs_0p1V,TOPSIN_ET_DC_PIV_Drain_Lag_1,TOPSIN_ET_DC_SMALL_Vdg_max,0.3541,0.1242,True,"(1, 0, 0)",93.01,"(1, 1, 0)",90.529,126.0,3/5,MODERATE,
MEASURE_ET_DC_SEC_X_Bin,MEASURE_ET_DC_SEC_X_Id_at_Vboff_mA_mm_SD3p5,TOPSIN_ET_DC_PIV_Drain_Lag_1,0.1341,0.4607,False,"(0, 0, 0)",93.347,"(1, 0, 1)",89.749,104.0,1/5,WEAK,
MEASURE_ET_DC_SEC_X_Bin,MEASURE_ET_DC_SEC_X_Vg_at_I2_pos,TOPSIN_ET_DC_PIV_Drain_Lag_1,-0.0887,0.4671,False,"(1, 1, 0)",93.082,"(1, 0, 1)",90.271,98.0,0/2,INCONCLUSIVE,
MEASURE_ET_DC_SEC_X_Bin,MEASURE_ET_DC_SMALL_Ids_m0p2,TOPSIN_ET_DC_PIV_Drain_Lag_1,0.1865,0.4631,False,"(1, 0, 0)",93.376,"(1, 1, 1)",90.198,114.0,5/5,MODERATE,
MEASURE_ET_DC_SEC_X_Bin,MEASURE_ET_DC_SMALL_Vp_1,TOPSIN_ET_DC_PIV_Drain_Lag_1,-0.125,0.5055,False,"(0, 1, 0)",93.13,"(1, 1, 1)",89.713,124.0,3/5,MODERATE,
MEASURE_ET_DC_SEC_X_Bin,MEASURE_ET_Load_Pull_Gss,TOPSIN_ET_DC_PIV_Drain_Lag_1,-0.0038,0.5154,False,"(0, 1, 0)",92.963,"(1, 1, 1)",89.824,102.0,2/5,WEAK,
MEASURE_ET_DC_SEC_X_Bin,MEASURE_ET_RF_Modeling_Id_search,TOPSIN_ET_DC_PIV_Drain_Lag_1,0.0121,0.4567,False,"(1, 0, 0)",92.971,"(1, 1, 1)",90.049,117.0,0/5,INCONCLUSIVE,
MEASURE_ET_DC_SEC_X_Bin,MEASURE_ET_RF_Modeling_S22dB_10GHz,TOPSIN_ET_DC_PIV_Drain_Lag_1,-0.0173,0.4687,False,"(0, 0, 0)",92.852,"(1, 0, 1)",90.121,126.0,3/5,MODERATE,
MEASURE_ET_DC_SEC_X_Bin,MEASURE_ET_RF_Modeling_ids_m0p2_W,TOPSIN_ET_DC_PIV_Drain_Lag_1,0.1068,0.549,False,"(1, 0, 0)",92.858,"(1, 0, 1)",89.417,96.0,4/5,MODERATE,
MEASURE_ET_DC_SEC_X_Bin,MEASURE_ET_Rc_F_AB_2,TOPSIN_ET_DC_PIV_Drain_Lag_1,0.1952,0.47,False,"(0, 0, 0)",92.984,"(1, 0, 1)",89.879,134.0,4/5,MODERATE,
MEASURE_ET_DC_SEC_X_Bin,MEASURE_ET_Rc_OG142,TOPSIN_ET_DC_PIV_Drain_Lag_1,0.298,0.4736,False,"(1, 1, 0)",92.935,"(1, 0, 1)",89.479,123.0,3/5,MODERATE,
MEASURE_ET_DC_SEC_X_Bin,MEASURE_ET_Rc_OG142_GN,TOPSIN_ET_DC_PIV_Drain_Lag_1,-0.065,0.4429,False,"(0, 0, 0)",93.128,"(1, 1, 1)",89.446,80.0,3/4,MODERATE,
MEASURE_ET_DC_SEC_X_Bin,MEASURE_ET_Rc_OG144,TOPSIN_ET_DC_PIV_Drain_Lag_1,0.0952,0.4308,False,"(1, 0, 0)",92.867,"(1, 1, 1)",89.833,102.0,4/5,MODERATE,
MEASURE_ET_DC_SEC_X_Bin,MEASURE_ET_Rc_TF_AB_2,TOPSIN_ET_DC_PIV_Drain_Lag_1,0.0606,0.4484,False,"(0, 0, 0)",93.056,"(1, 0, 1)",90.155,123.0,4/5,MODERATE,
MEASURE_ET_DC_SEC_X_Bin,MEASURE_ET_Rc_an_ct2,TOPSIN_ET_DC_PIV_Drain_Lag_1,-0.0347,0.3913,False,"(0, 0, 0)",93.404,"(1, 1, 1)",90.025,102.0,5/5,MODERATE,
MEASURE_ET_DC_SEC_X_Bin,MEASURE_ET_Rc_cat_ct2_OW_ST,TOPSIN_ET_DC_PIV_Drain_Lag_1,-0.0096,0.3865,False,"(0, 0, 0)",93.687,"(1, 0, 1)",90.258,84.0,5/5,MODERATE,
MEASURE_ET_DC_SEC_X_Bin,MEASURE_ET_Rcat_cn_1_OW_ST,TOPSIN_ET_DC_PIV_Drain_Lag_1,-0.0499,0.4567,False,"(0, 0, 0)",93.337,"(1, 0, 1)",90.031,114.0,3/5,MODERATE,
MEASURE_ET_DC_SEC_X_Bin,MEASURE_ET_Rcat_cn_2,TOPSIN_ET_DC_PIV_Drain_Lag_1,0.2598,0.4668,False,"(1, 0, 0)",92.87,"(1, 0, 1)",90.103,110.0,5/5,MODERATE,
MEASURE_ET_DC_SEC_X_Bin,MEASURE_ET_Rsh_cat_c2,TOPSIN_ET_DC_PIV_Drain_Lag_1,0.115,0.4399,False,"(1, 0, 0)",93.056,"(1, 0, 1)",89.961,82.0,2/4,WEAK,
MEASURE_ET_DC_SEC_X_Bin,MESA_ET_Probe_Number,TOPSIN_ET_DC_PIV_Drain_Lag_1,0.1518,0.4309,False,"(1, 0, 0)",93.265,"(1, 0, 1)",90.071,96.0,2/5,WEAK,
MEASURE_ET_DC_SEC_X_Bin,OHMIC_ET_OHMC,TOPSIN_ET_DC_PIV_Drain_Lag_1,-0.253,0.4717,False,"(0, 0, 0)",93.239,"(1, 1, 1)",89.788,102.0,5/5,MODERATE,
MEASURE_ET_DC_SEC_X_Bin,OHMIC_ET_Rc_an_ct2,TOPSIN_ET_DC_PIV_Drain_Lag_1,0.2137,0.4255,False,"(1, 0, 0)",92.875,"(1, 0, 1)",90.191,116.0,2/5,WEAK,
MEASURE_ET_DC_SEC_X_Bin,OHMIC_ET_Rsh_an_ct2,TOPSIN_ET_DC_PIV_Drain_Lag_1,0.1438,0.4563,False,"(1, 0, 0)",93.197,"(1, 1, 1)",89.949,88.0,1/4,WEAK,
MEASURE_ET_DC_SEC_X_Bin,SIN_GATE_ET_Rc_OG142_GN,TOPSIN_ET_DC_PIV_Drain_Lag_1,-0.0648,0.3844,False,"(0, 0, 0)",93.262,"(1, 1, 1)",89.556,93.0,5/5,MODERATE,
MEASURE_ET_DC_SEC_X_Bin,SIN_GATE_ET_Rc_an_ct2,TOPSIN_ET_DC_PIV_Drain_Lag_1,0.084,0.4224,False,"(0, 0, 0)",93.158,"(1, 1, 1)",90.285,114.0,3/5,MODERATE,
MEASURE_ET_DC_SEC_X_Bin,TFRP_ET_Rc_TF_AB_2,TOPSIN_ET_DC_PIV_Drain_Lag_1,-0.0754,0.4599,False,"(0, 0, 0)",93.169,"(1, 1, 1)",90.311,123.0,3/5,MODERATE,
MEASURE_ET_DC_SEC_X_Bin,THIN_ET_C_AN_2,TOPSIN_ET_DC_PIV_Drain_Lag_1,0.0296,0.4726,False,"(1, 0, 0)",93.075,"(1, 1, 1)",89.786,119.0,1/5,WEAK,
MEASURE_ET_DC_SEC_X_Bin,THIN_ET_R314,TOPSIN_ET_DC_PIV_Drain_Lag_1,0.2169,0.4773,False,"(1, 0, 0)",92.779,"(1, 0, 1)",89.571,120.0,4/5,MODERATE,
MEASURE_ET_DC_SEC_X_Bin,THIN_ET_Rc_F_AB_2,TOPSIN_ET_DC_PIV_Drain_Lag_1,0.1299,0.4455,False,"(1, 0, 0)",92.807,"(1, 1, 1)",90.275,116.0,3/5,MODERATE,
MEASURE_ET_DC_SEC_X_Bin,THIN_ET_Rc_OG142,TOPSIN_ET_DC_PIV_Drain_Lag_1,-0.1901,0.3479,False,"(0, 0, 0)",93.443,"(1, 1, 1)",89.461,104.0,4/5,MODERATE,
MEASURE_ET_DC_SEC_X_Bin,THIN_ET_Rc_TF_AB_2,TOPSIN_ET_DC_PIV_Drain_Lag_1,0.0647,0.4479,False,"(1, 0, 0)",93.021,"(1, 1, 1)",89.798,129.0,2/5,WEAK,
MEASURE_ET_DC_SEC_X_Bin,THIN_ET_Rc_cat_ct2,TOPSIN_ET_DC_PIV_Drain_Lag_1,0.1626,0.4505,False,"(0, 1, 0)",92.895,"(1, 1, 1)",90.162,110.0,4/5,MODERATE,
MEASURE_ET_DC_SEC_X_Bin,THIN_ET_Rc_f_hr_23,TOPSIN_ET_DC_PIV_Drain_Lag_1,0.0242,0.459,False,"(1, 0, 0)",92.873,"(1, 1, 1)",89.928,111.0,2/5,WEAK,
MEASURE_ET_DC_SEC_X_Bin,THIN_ET_Rc_f_tn_23,TOPSIN_ET_DC_PIV_Drain_Lag_1,0.2357,0.4347,False,"(1, 0, 0)",93.05,"(1, 1, 1)",90.212,104.0,3/5,MODERATE,
MEASURE_ET_DC_SEC_X_Bin,THIN_ET_Rcat_cn_1_OW_ST,TOPSIN_ET_DC_PIV_Drain_Lag_1,0.1404,0.4371,False,"(1, 0, 0)",93.072,"(1, 1, 1)",90.038,97.0,4/5,MODERATE,
MEASURE_ET_DC_SEC_X_Bin,THIN_ET_Rcat_cn_2_OW_ST,TOPSIN_ET_DC_PIV_Drain_Lag_1,0.0011,0.465,False,"(1, 1, 0)",92.953,"(1, 1, 1)",90.022,117.0,0/5,INCONCLUSIVE,
MEASURE_ET_DC_SEC_X_Bin,THIN_ET_Rsh_an_ct2,TOPSIN_ET_DC_PIV_Drain_Lag_1,0.0554,0.435,False,"(1, 0, 0)",92.826,"(1, 1, 1)",89.885,79.0,1/3,WEAK,
MEASURE_ET_DC_SEC_X_Bin,THIN_ET_TF_AB_1,TOPSIN_ET_DC_PIV_Drain_Lag_1,0.0402,0.4373,False,"(0, 0, 0)",92.965,"(1, 1, 1)",90.2,114.0,3/5,MODERATE,
MEASURE_ET_DC_SEC_X_Bin,THIN_ET_sh_f_hr_23,TOPSIN_ET_DC_PIV_Drain_Lag_1,0.401,0.5035,False,"(1, 0, 0)",93.035,"(1, 0, 1)",89.835,118.0,3/5,MODERATE,
MEASURE_ET_DC_SEC_X_Bin,THIN_Measure2_Thickness_after_grinding,TOPSIN_ET_DC_PIV_Drain_Lag_1,-0.2279,0.4459,False,"(0, 0, 0)",93.083,"(1, 1, 1)",89.864,103.0,5/5,MODERATE,
MEASURE_ET_DC_SEC_X_Bin,TOPSIN_ET_C100CapPARCAP,TOPSIN_ET_DC_PIV_Drain_Lag_1,-0.2077,0.4202,False,"(0, 0, 0)",93.41,"(1, 1, 1)",89.578,122.0,5/5,MODERATE,
MEASURE_ET_DC_SEC_X_Bin,TOPSIN_ET_DC_PIV_Drain_Lag_1,TOPSIN_ET_DC_RF_Vg_max_Vd,-0.0527,0.4787,False,"(1, 0, 0)",92.792,"(1, 1, 1)",90.259,110.0,3/5,MODERATE,
MEASURE_ET_DC_SEC_X_Bin,TOPSIN_ET_DC_PIV_Drain_Lag_1,TOPSIN_ET_DC_SMALL_Vdg_max,0.1082,0.4677,False,"(1, 0, 0)",92.933,"(1, 1, 0)",90.28,124.0,4/5,MODERATE,
MEASURE_ET_DC_SEC_X_Bin,TOPSIN_ET_DC_PIV_Drain_Lag_1,TOPSIN_ET_OHMC,-0.1436,0.4879,False,"(1, 0, 0)",92.908,"(1, 1, 1)",89.897,130.0,3/5,MODERATE,
MEASURE_ET_DC_SEC_X_Bin,TOPSIN_ET_DC_PIV_Drain_Lag_1,TOPSIN_ET_R_f_hr_2,-0.3772,0.4785,False,"(0, 0, 0)",93.045,"(1, 1, 1)",89.334,115.0,5/5,MODERATE,
MEASURE_ET_DC_SEC_X_Bin,TOPSIN_ET_DC_PIV_Drain_Lag_1,TOPSIN_ET_Rc_OG142_GN,-0.1019,0.4687,False,"(0, 0, 0)",93.272,"(1, 1, 1)",90.243,131.0,5/5,MODERATE,
MEASURE_ET_DC_SEC_X_Bin,TOPSIN_ET_DC_PIV_Drain_Lag_1,TOPSIN_ET_Rc_OG144,-0.0662,0.4065,False,"(0, 0, 0)",93.459,"(1, 1, 1)",90.038,104.0,4/4,MODERATE,
MEASURE_ET_DC_SEC_X_Id_at_Vboff_mA_mm_SD3p5,MEASURE_ET_DC_SMALL_Ids_m0p2,TOPSIN_ET_DC_PIV_Drain_Lag_1,0.0766,0.1155,False,"(0, 0, 0)",93.56,"(1, 1, 1)",90.876,91.0,2/2,WEAK,
MEASURE_ET_DC_SEC_X_Id_at_Vboff_mA_mm_SD3p5,MEASURE_ET_Rc_OG142_GN,TOPSIN_ET_DC_PIV_Drain_Lag_1,-0.389,0.2472,True,"(0, 0, 0)",93.899,"(1, 1, 1)",89.375,101.0,5/5,STRONG,
MEASURE_ET_DC_SEC_X_Id_at_Vboff_mA_mm_SD3p5,THIN_ET_sh_f_hr_23,TOPSIN_ET_CapFICM1,0.2397,0.2237,True,"(1, 0, 0)",92.602,"(1, 1, 0)",90.937,133.0,5/5,STRONG,
MEASURE_ET_DC_SEC_X_Id_at_Vboff_mA_mm_SD3p5,THIN_ET_sh_f_hr_23,TOPSIN_ET_DC_PIV_Drain_Lag_1,0.0413,0.0894,False,"(0, 0, 0)",93.308,"(1, 0, 1)",90.904,92.0,0/1,INCONCLUSIVE,
MEASURE_ET_DC_SEC_X_Id_at_Vboff_mA_mm_SD3p5,TOPSIN_ET_DC_PIV_Drain_Lag_1,TOPSIN_ET_DC_SMALL_Vdg_max,0.2783,0.0672,True,"(0, 0, 1)",93.217,"(1, 1, 0)",90.779,94.0,3/4,MODERATE,
MEASURE_ET_DC_SEC_X_Vg_at_I2_pos,MEASURE_ET_DC_SMALL_Ids_m0p2,TOPSIN_ET_DC_PIV_Drain_Lag_1,0.2086,0.0602,True,"(1, 0, 0)",93.51,"(0, 1, 1)",90.611,111.0,5/5,STRONG,
MEASURE_ET_DC_SEC_X_Vg_at_I2_pos,MEASURE_ET_Rc_OG142_GN,TOPSIN_ET_DC_PIV_Drain_Lag_1,-0.0778,0.2601,False,"(0, 0, 0)",93.007,"(1, 1, 1)",90.391,107.0,2/4,WEAK,
MEASURE_ET_DC_SEC_X_Vg_at_I2_pos,THIN_ET_sh_f_hr_23,TOPSIN_ET_DC_PIV_Drain_Lag_1,-0.0354,0.0851,False,"(1, 1, 0)",93.056,"(0, 1, 1)",91.1,93.0,0/2,INCONCLUSIVE,
MEASURE_ET_DC_SEC_X_Vg_at_I2_pos,TOPSIN_ET_DC_PIV_Drain_Lag_1,TOPSIN_ET_DC_SMALL_Vdg_max,0.0488,0.0786,False,"(1, 0, 0)",93.183,"(0, 1, 1)",90.885,106.0,3/5,MODERATE,
MEASURE_ET_DC_SMALL_Ids_m0p2,MEASURE_ET_DC_SMALL_Vp_1,TOPSIN_ET_DC_PIV_Drain_Lag_1,0.1361,0.0637,True,"(0, 1, 0)",93.538,"(1, 0, 1)",90.75,121.0,3/4,MODERATE,
MEASURE_ET_DC_SMALL_Ids_m0p2,MEASURE_ET_Load_Pull_Gss,TOPSIN_ET_DC_PIV_Drain_Lag_1,-0.0875,0.1519,False,"(0, 1, 0)",93.292,"(1, 1, 1)",90.682,115.0,4/4,MODERATE,
MEASURE_ET_DC_SMALL_Ids_m0p2,MEASURE_ET_RF_Modeling_Id_search,TOPSIN_ET_DC_PIV_Drain_Lag_1,-0.317,0.2518,True,"(0, 0, 0)",93.479,"(1, 1, 1)",89.769,127.0,5/5,STRONG,
MEASURE_ET_DC_SMALL_Ids_m0p2,MEASURE_ET_RF_Modeling_S22dB_10GHz,TOPSIN_ET_DC_PIV_Drain_Lag_1,0.2112,0.2284,False,"(0, 0, 0)",93.198,"(1, 0, 1)",90.5,97.0,4/5,MODERATE,
MEASURE_ET_DC_SMALL_Ids_m0p2,MEASURE_ET_RF_Modeling_ids_m0p2_W,TOPSIN_ET_DC_PIV_Drain_Lag_1,0.0013,0.2934,False,"(0, 1, 0)",93.208,"(1, 1, 1)",90.771,124.0,3/5,MODERATE,
MEASURE_ET_DC_SMALL_Ids_m0p2,MEASURE_ET_Rc_F_AB_2,TOPSIN_ET_DC_PIV_Drain_Lag_1,0.0785,0.0532,True,"(0, 0, 0)",93.243,"(1, 1, 1)",90.862,124.0,0/5,INCONCLUSIVE,
MEASURE_ET_DC_SMALL_Ids_m0p2,MEASURE_ET_Rc_OG142,TOPSIN_ET_DC_PIV_Drain_Lag_1,0.0281,0.1624,False,"(0, 0, 0)",93.16,"(1, 1, 1)",90.923,123.0,1/5,WEAK,
MEASURE_ET_DC_SMALL_Ids_m0p2,MEASURE_ET_Rc_OG142_GN,TOPSIN_ET_DC_PIV_Drain_Lag_1,-0.125,0.3044,False,"(0, 0, 0)",93.216,"(1, 1, 1)",89.504,115.0,5/5,MODERATE,
MEASURE_ET_DC_SMALL_Ids_m0p2,MEASURE_ET_Rc_OG144,TOPSIN_ET_DC_PIV_Drain_Lag_1,-0.2108,0.4107,False,"(0, 0, 0)",93.257,"(1, 1, 1)",89.593,98.0,4/4,MODERATE,
MEASURE_ET_DC_SMALL_Ids_m0p2,MEASURE_ET_Rc_TF_AB_2,TOPSIN_ET_DC_PIV_Drain_Lag_1,-0.0095,0.1795,False,"(0, 0, 0)",93.425,"(1, 1, 1)",90.722,126.0,5/5,MODERATE,
MEASURE_ET_DC_SMALL_Ids_m0p2,MEASURE_ET_Rc_an_ct2,TOPSIN_ET_DC_PIV_Drain_Lag_1,-0.2731,0.1799,True,"(0, 0, 0)",93.783,"(1, 1, 1)",89.861,128.0,5/5,STRONG,
MEASURE_ET_DC_SMALL_Ids_m0p2,MEASURE_ET_Rc_cat_ct2_OW_ST,TOPSIN_ET_DC_PIV_Drain_Lag_1,-0.2398,0.0581,True,"(0, 0, 0)",93.728,"(1, 1, 1)",90.276,115.0,5/5,STRONG,
MEASURE_ET_DC_SMALL_Ids_m0p2,MEASURE_ET_Rcat_cn_1_OW_ST,TOPSIN_ET_DC_PIV_Drain_Lag_1,-0.1837,0.1307,True,"(0, 0, 0)",93.743,"(1, 1, 1)",90.429,123.0,3/5,MODERATE,
MEASURE_ET_DC_SMALL_Ids_m0p2,MEASURE_ET_Rcat_cn_2,TOPSIN_ET_DC_PIV_Drain_Lag_1,0.087,0.2423,False,"(0, 0, 0)",93.326,"(1, 0, 1)",90.921,130.0,3/5,MODERATE,
MEASURE_ET_DC_SMALL_Ids_m0p2,MEASURE_ET_Rsh_cat_c2,TOPSIN_ET_DC_PIV_Drain_Lag_1,0.1322,0.1719,False,"(0, 0, 0)",93.405,"(1, 0, 1)",90.744,108.0,4/5,MODERATE,
MEASURE_ET_DC_SMALL_Ids_m0p2,MESA_ET_Probe_Number,TOPSIN_ET_DC_PIV_Drain_Lag_1,0.0336,0.3075,False,"(0, 0, 0)",93.363,"(1, 0, 1)",90.637,113.0,2/4,WEAK,
MEASURE_ET_DC_SMALL_Ids_m0p2,OHMIC_ET_OHMC,TOPSIN_ET_DC_PIV_Drain_Lag_1,-0.0638,0.2119,False,"(0, 0, 0)",93.485,"(1, 0, 1)",90.931,79.0,0/2,INCONCLUSIVE,
MEASURE_ET_DC_SMALL_Ids_m0p2,OHMIC_ET_Rc_an_ct2,TOPSIN_ET_DC_PIV_Drain_Lag_1,-0.0202,0.2003,False,"(0, 0, 0)",93.356,"(1, 1, 1)",90.389,128.0,5/5,MODERATE,
MEASURE_ET_DC_SMALL_Ids_m0p2,OHMIC_ET_Rsh_an_ct2,TOPSIN_ET_DC_PIV_Drain_Lag_1,-0.0312,0.0591,False,"(0, 0, 0)",93.588,"(1, 1, 1)",90.362,120.0,5/5,MODERATE,
MEASURE_ET_DC_SMALL_Ids_m0p2,SIN_GATE_ET_Rc_OG142_GN,TOPSIN_ET_DC_PIV_Drain_Lag_1,-0.4333,0.3201,True,"(0, 0, 0)",93.828,"(1, 1, 1)",89.294,122.0,5/5,STRONG,
MEASURE_ET_DC_SMALL_Ids_m0p2,SIN_GATE_ET_Rc_an_ct2,TOPSIN_ET_DC_PIV_Drain_Lag_1,-0.2339,0.102,True,"(0, 0, 0)",93.758,"(1, 1, 1)",90.124,126.0,5/5,STRONG,
MEASURE_ET_DC_SMALL_Ids_m0p2,SIN_GATE_ET_lkg_SY8_80,TOPSIN_ET_DC_PIV_Drain_Lag_1,0.2801,0.1867,True,"(0, 0, 0)",93.192,"(0, 1, 1)",90.896,45.0,1/1,WEAK,
MEASURE_ET_DC_SMALL_Ids_m0p2,TFRP_ET_Rc_TF_AB_2,TOPSIN_ET_DC_PIV_Drain_Lag_1,-0.2882,0.0654,True,"(0, 0, 0)",93.452,"(1, 1, 1)",90.425,120.0,5/5,STRONG,
MEASURE_ET_DC_SMALL_Ids_m0p2,THIN_ET_C_AN_2,TOPSIN_ET_DC_PIV_Drain_Lag_1,0.0052,0.1826,False,"(0, 1, 0)",93.373,"(1, 1, 1)",90.524,108.0,1/5,WEAK,
MEASURE_ET_DC_SMALL_Ids_m0p2,THIN_ET_R314,TOPSIN_ET_DC_PIV_Drain_Lag_1,-0.0803,0.2219,False,"(0, 0, 0)",93.273,"(1, 0, 1)",90.421,121.0,5/5,MODERATE,
MEASURE_ET_DC_SMALL_Ids_m0p2,THIN_ET_Rc_F_AB_2,TOPSIN_ET_DC_PIV_Drain_Lag_1,0.0217,0.1963,False,"(0, 1, 0)",93.16,"(1, 1, 1)",90.215,116.0,0/5,INCONCLUSIVE,
MEASURE_ET_DC_SMALL_Ids_m0p2,THIN_ET_Rc_OG142,TOPSIN_ET_DC_PIV_Drain_Lag_1,-0.1418,0.3396,False,"(0, 0, 0)",93.766,"(1, 1, 1)",89.634,113.0,5/5,MODERATE,
MEASURE_ET_DC_SMALL_Ids_m0p2,THIN_ET_Rc_TF_AB_2,TOPSIN_ET_DC_PIV_Drain_Lag_1,-0.0513,0.3003,False,"(0, 1, 0)",93.186,"(1, 1, 1)",89.803,121.0,4/5,MODERATE,
MEASURE_ET_DC_SMALL_Ids_m0p2,THIN_ET_Rc_cat_ct2,TOPSIN_ET_DC_PIV_Drain_Lag_1,-0.1589,0.2722,False,"(0, 1, 0)",93.145,"(1, 1, 1)",90.263,124.0,3/5,MODERATE,
MEASURE_ET_DC_SMALL_Ids_m0p2,THIN_ET_Rc_f_hr_23,TOPSIN_ET_DC_PIV_Drain_Lag_1,-0.3428,0.2402,True,"(0, 0, 0)",93.446,"(1, 1, 1)",90.038,112.0,5/5,STRONG,
MEASURE_ET_DC_SMALL_Ids_m0p2,THIN_ET_Rc_f_tn_23,TOPSIN_ET_DC_PIV_Drain_Lag_1,0.0553,0.1196,False,"(0, 0, 0)",93.217,"(1, 1, 1)",90.414,117.0,3/5,MODERATE,
MEASURE_ET_DC_SMALL_Ids_m0p2,THIN_ET_Rcat_cn_1_OW_ST,TOPSIN_ET_DC_PIV_Drain_Lag_1,-0.2189,0.1168,True,"(0, 0, 0)",93.733,"(1, 1, 1)",90.001,121.0,4/5,STRONG,
MEASURE_ET_DC_SMALL_Ids_m0p2,THIN_ET_Rcat_cn_2_OW_ST,TOPSIN_ET_DC_PIV_Drain_Lag_1,-0.1739,0.2687,False,"(0, 1, 0)",93.266,"(1, 1, 1)",89.977,113.0,5/5,MODERATE,
MEASURE_ET_DC_SMALL_Ids_m0p2,THIN_ET_Rsh_an_ct2,TOPSIN_ET_DC_PIV_Drain_Lag_1,-0.1095,0.3328,False,"(0, 1, 0)",93.23,"(1, 1, 1)",89.512,97.0,3/4,MODERATE,
MEASURE_ET_DC_SMALL_Ids_m0p2,THIN_ET_TF_AB_1,TOPSIN_ET_DC_PIV_Drain_Lag_1,-0.5507,0.1672,True,"(0, 0, 0)",93.897,"(1, 1, 1)",89.726,124.0,5/5,STRONG,
MEASURE_ET_DC_SMALL_Ids_m0p2,THIN_ET_sh_f_hr_23,TOPSIN_ET_DC_PIV_Drain_Lag_1,0.1795,0.0424,True,"(0, 1, 0)",93.235,"(1, 0, 1)",90.668,116.0,2/4,WEAK,
MEASURE_ET_DC_SMALL_Ids_m0p2,THIN_Measure2_Thickness_after_grinding,TOPSIN_ET_DC_PIV_Drain_Lag_1,0.1997,0.1889,True,"(0, 1, 0)",93.134,"(1, 1, 1)",90.716,120.0,4/5,STRONG,
MEASURE_ET_DC_SMALL_Ids_m0p2,TOPSIN_ET_C100CapPARCAP,TOPSIN_ET_DC_PIV_Drain_Lag_1,-0.1734,0.1834,False,"(0, 0, 0)",93.675,"(1, 1, 1)",89.758,116.0,5/5,MODERATE,
MEASURE_ET_DC_SMALL_Ids_m0p2,TOPSIN_ET_CapFICM1,TOPSIN_ET_DC_PIV_Drain_Lag_1,0.2612,0.2394,True,"(0, 0, 0)",93.543,"(1, 0, 1)",90.451,124.0,4/4,STRONG,
MEASURE_ET_DC_SMALL_Ids_m0p2,TOPSIN_ET_DC_PIV_Drain_Lag_1,TOPSIN_ET_DC_RF_Vg_max_Vd,-0.0607,0.261,False,"(0, 0, 0)",93.521,"(1, 1, 1)",90.95,117.0,4/5,MODERATE,
MEASURE_ET_DC_SMALL_Ids_m0p2,TOPSIN_ET_DC_PIV_Drain_Lag_1,TOPSIN_ET_DC_SMALL_Vdg_max,-0.0405,0.0443,False,"(0, 0, 0)",93.293,"(1, 1, 1)",90.699,117.0,3/5,MODERATE,
MEASURE_ET_DC_SMALL_Ids_m0p2,TOPSIN_ET_DC_PIV_Drain_Lag_1,TOPSIN_ET_OHMC,0.2296,0.1509,True,"(0, 0, 1)",93.342,"(1, 1, 0)",90.894,129.0,4/5,STRONG,
MEASURE_ET_DC_SMALL_Ids_m0p2,TOPSIN_ET_DC_PIV_Drain_Lag_1,TOPSIN_ET_R_f_hr_2,-0.2252,0.3044,False,"(0, 0, 0)",93.209,"(1, 1, 1)",89.875,106.0,5/5,MODERATE,
MEASURE_ET_DC_SMALL_Ids_m0p2,TOPSIN_ET_DC_PIV_Drain_Lag_1,TOPSIN_ET_Rc_OG142_GN,-0.3889,0.0948,True,"(0, 0, 0)",93.804,"(1, 1, 1)",90.46,132.0,5/5,STRONG,
MEASURE_ET_DC_SMALL_Ids_m0p2,TOPSIN_ET_DC_PIV_Drain_Lag_1,TOPSIN_ET_Rc_OG144,-0.0866,0.112,False,"(0, 0, 0)",93.705,"(1, 1, 1)",90.508,131.0,3/5,MODERATE,
MEASURE_ET_DC_SMALL_Vp_1,MEASURE_ET_Rc_OG142_GN,TOPSIN_ET_DC_PIV_Drain_Lag_1,-0.073,0.3105,False,"(1, 0, 0)",93.081,"(1, 1, 1)",89.907,56.0,2/2,WEAK,
MEASURE_ET_DC_SMALL_Vp_1,THIN_ET_sh_f_hr_23,TOPSIN_ET_DC_PIV_Drain_Lag_1,-0.0198,0.0881,False,"(1, 0, 0)",93.042,"(0, 0, 1)",91.121,127.0,5/5,MODERATE,
MEASURE_ET_DC_SMALL_Vp_1,TOPSIN_ET_DC_PIV_Drain_Lag_1,TOPSIN_ET_DC_SMALL_Vdg_max,0.0952,0.2176,False,"(1, 0, 0)",93.002,"(0, 1, 1)",90.65,120.0,4/5,MODERATE,
MEASURE_ET_Load_Pull_Gss,MEASURE_ET_Rc_OG142_GN,TOPSIN_ET_DC_PIV_Drain_Lag_1,-0.2333,0.2385,False,"(1, 0, 0)",93.149,"(1, 1, 1)",90.125,103.0,5/5,MODERATE,
MEASURE_ET_Load_Pull_Gss,THIN_ET_sh_f_hr_23,TOPSIN_ET_DC_PIV_Drain_Lag_1,0.0347,0.1316,False,"(1, 0, 0)",92.95,"(1, 0, 1)",91.161,103.0,2/4,WEAK,
MEASURE_ET_Load_Pull_Gss,TOPSIN_ET_DC_PIV_Drain_Lag_1,TOPSIN_ET_DC_SMALL_Vdg_max,-0.0992,0.332,False,"(1, 0, 0)",93.148,"(1, 1, 1)",90.49,81.0,3/4,MODERATE,
MEASURE_ET_RF_Modeling_Id_search,MEASURE_ET_Rc_OG142_GN,TOPSIN_ET_DC_PIV_Drain_Lag_1,-0.0611,0.3672,False,"(1, 0, 0)",93.337,"(1, 1, 1)",90.105,60.0,0/0,INCONCLUSIVE,
MEASURE_ET_RF_Modeling_Id_search,THIN_ET_sh_f_hr_23,TOPSIN_ET_DC_PIV_Drain_Lag_1,0.1061,0.0844,True,"(0, 1, 0)",93.124,"(1, 0, 1)",90.788,99.0,3/3,MODERATE,
MEASURE_ET_RF_Modeling_Id_search,TOPSIN_ET_DC_PIV_Drain_Lag_1,TOPSIN_ET_DC_SMALL_Vdg_max,-0.2172,0.14,True,"(0, 0, 0)",93.642,"(1, 1, 1)",90.28,80.0,2/3,WEAK,
MEASURE_ET_RF_Modeling_S22dB_10GHz,MEASURE_ET_Rc_OG142_GN,TOPSIN_ET_DC_PIV_Drain_Lag_1,0.2593,0.2597,False,"(0, 0, 0)",93.107,"(0, 1, 1)",89.654,117.0,5/5,MODERATE,
MEASURE_ET_RF_Modeling_S22dB_10GHz,THIN_ET_sh_f_hr_23,TOPSIN_ET_DC_PIV_Drain_Lag_1,0.0305,0.3275,False,"(0, 0, 0)",93.12,"(0, 1, 1)",90.655,125.0,4/5,MODERATE,
MEASURE_ET_RF_Modeling_S22dB_10GHz,TOPSIN_ET_DC_PIV_Drain_Lag_1,TOPSIN_ET_DC_SMALL_Vdg_max,-0.0629,0.1678,False,"(0, 0, 0)",93.044,"(0, 1, 1)",90.863,117.0,3/5,MODERATE,
MEASURE_ET_RF_Modeling_ids_m0p2_W,MEASURE_ET_Rc_OG142_GN,TOPSIN_ET_DC_PIV_Drain_Lag_1,0.0232,0.2159,False,"(1, 0, 0)",93.445,"(1, 1, 1)",90.334,54.0,0/3,INCONCLUSIVE,
MEASURE_ET_RF_Modeling_ids_m0p2_W,THIN_ET_sh_f_hr_23,TOPSIN_ET_DC_PIV_Drain_Lag_1,0.341,0.0938,True,"(0, 1, 0)",93.199,"(0, 1, 1)",90.965,108.0,3/4,MODERATE,
MEASURE_ET_RF_Modeling_ids_m0p2_W,TOPSIN_ET_DC_PIV_Drain_Lag_1,TOPSIN_ET_DC_SMALL_Vdg_max,0.1663,0.3575,False,"(0, 0, 0)",93.375,"(0, 1, 1)",90.483,92.0,3/4,MODERATE,
MEASURE_ET_Ran_con_3,MEASURE_ET_Rc_OG142_GN,THIN_ET_lkg_100_at20V,-0.1605,0.1629,False,"(0, 0, 0)",93.325,"(1, 1, 1)",90.152,93.0,4/5,MODERATE,
MEASURE_ET_Ran_con_3,MEASURE_ET_Rcat_cn_2,THIN_ET_lkg_100_at20V,-0.053,0.1557,False,"(0, 0, 0)",93.045,"(1, 1, 1)",90.698,118.0,4/5,MODERATE,
MEASURE_ET_Ran_con_3,SIN_GATE_ET_Rc_an_ct2,THIN_ET_lkg_100_at20V,-0.0006,0.1977,False,"(0, 0, 0)",93.103,"(1, 1, 1)",90.139,112.0,2/5,WEAK,
MEASURE_ET_Rc_F_AB_2,MEASURE_ET_Rc_OG142_GN,THIN_ET_lkg_100_at20V,-0.1449,0.3045,False,"(0, 0, 0)",93.366,"(0, 1, 1)",90.699,70.0,2/2,WEAK,
MEASURE_ET_Rc_F_AB_2,MEASURE_ET_Rc_OG142_GN,TOPSIN_ET_DC_PIV_Drain_Lag_1,-0.1586,0.2912,False,"(0, 0, 0)",93.047,"(1, 1, 1)",90.303,50.0,0/0,INCONCLUSIVE,
MEASURE_ET_Rc_F_AB_2,MEASURE_ET_Rcat_cn_2,THIN_ET_lkg_100_at20V,-0.3691,0.4638,False,"(0, 1, 0)",93.281,"(0, 0, 1)",90.946,47.0,1/1,WEAK,
MEASURE_ET_Rc_F_AB_2,SIN_GATE_ET_Rc_an_ct2,THIN_ET_lkg_100_at20V,-0.2432,0.4708,False,"(0, 1, 0)",93.406,"(1, 1, 1)",90.308,79.0,2/2,WEAK,
MEASURE_ET_Rc_F_AB_2,THIN_ET_sh_f_hr_23,TOPSIN_ET_DC_PIV_Drain_Lag_1,0.3674,0.0687,True,"(0, 1, 0)",93.336,"(1, 0, 1)",90.718,110.0,4/5,STRONG,
MEASURE_ET_Rc_F_AB_2,TOPSIN_ET_DC_PIV_Drain_Lag_1,TOPSIN_ET_DC_SMALL_Vdg_max,-0.2411,0.1589,True,"(0, 0, 0)",93.707,"(1, 1, 1)",90.868,107.0,4/5,STRONG,
MEASURE_ET_Rc_OG142,MEASURE_ET_Rc_OG142_GN,TOPSIN_ET_DC_PIV_Drain_Lag_1,0.2463,0.3407,False,"(1, 0, 0)",94.171,"(0, 1, 1)",90.37,62.0,0/1,INCONCLUSIVE,
MEASURE_ET_Rc_OG142,THIN_ET_sh_f_hr_23,TOPSIN_ET_DC_PIV_Drain_Lag_1,0.3939,0.1983,True,"(1, 0, 0)",92.996,"(1, 0, 1)",90.438,122.0,4/4,STRONG,
MEASURE_ET_Rc_OG142,TOPSIN_ET_DC_PIV_Drain_Lag_1,TOPSIN_ET_DC_SMALL_Vdg_max,-0.0602,0.1092,False,"(1, 0, 0)",92.89,"(1, 1, 1)",90.725,112.0,4/5,MODERATE,
MEASURE_ET_Rc_OG142_GN,MEASURE_ET_Rc_OG144,TOPSIN_ET_DC_PIV_Drain_Lag_1,-0.1868,0.5003,False,"(0, 1, 0)",93.674,"(1, 1, 1)",89.647,67.0,2/2,WEAK,
MEASURE_ET_Rc_OG142_GN,MEASURE_ET_Rc_TF_AB_2,THIN_ET_lkg_100_at20V,0.2414,0.0714,True,"(0, 1, 0)",93.597,"(1, 0, 1)",89.97,46.0,0/0,INCONCLUSIVE,
MEASURE_ET_Rc_OG142_GN,MEASURE_ET_Rc_TF_AB_2,TOPSIN_ET_DC_PIV_Drain_Lag_1,0.1445,0.2374,False,"(0, 1, 0)",93.216,"(1, 0, 1)",90.238,60.0,0/0,INCONCLUSIVE,
MEASURE_ET_Rc_OG142_GN,MEASURE_ET_Rc_an_ct2,THIN_ET_lkg_100_at20V,-0.3191,0.3922,False,"(0, 0, 0)",93.275,"(1, 1, 1)",90.088,62.0,0/0,INCONCLUSIVE,
MEASURE_ET_Rc_OG142_GN,MEASURE_ET_Rc_an_ct2,TOPSIN_ET_DC_PIV_Drain_Lag_1,-0.3698,0.3957,False,"(0, 0, 0)",93.083,"(1, 1, 1)",89.86,59.0,1/1,WEAK,
MEASURE_ET_Rc_OG142_GN,MEASURE_ET_Rc_cat_ct2,THIN_ET_lkg_100_at20V,-0.4629,0.3135,True,"(0, 1, 0)",93.193,"(1, 1, 1)",90.035,84.0,2/2,WEAK,
MEASURE_ET_Rc_OG142_GN,MEASURE_ET_Rc_cat_ct2_OW_ST,THIN_ET_lkg_100_at20V,0.1761,0.1602,True,"(1, 0, 0)",93.333,"(1, 1, 1)",90.752,48.0,0/0,INCONCLUSIVE,
MEASURE_ET_Rc_OG142_GN,MEASURE_ET_Rc_cat_ct2_OW_ST,TOPSIN_ET_DC_PIV_Drain_Lag_1,0.1816,0.3451,False,"(1, 0, 0)",93.171,"(1, 0, 1)",89.899,47.0,0/0,INCONCLUSIVE,
MEASURE_ET_Rc_OG142_GN,MEASURE_ET_Rcat_cn_1_OW_ST,TOPSIN_ET_DC_PIV_Drain_Lag_1,-0.2931,0.4978,False,"(0, 1, 0)",93.125,"(1, 1, 1)",89.915,67.0,0/0,INCONCLUSIVE,
MEASURE_ET_Rc_OG142_GN,MEASURE_ET_Rcat_cn_2,THIN_ET_lkg_100_at20V,-0.019,0.2174,False,"(0, 1, 0)",93.422,"(1, 1, 1)",90.754,67.0,0/0,INCONCLUSIVE,
MEASURE_ET_Rc_OG142_GN,MEASURE_ET_Rcat_cn_2,TOPSIN_ET_DC_PIV_Drain_Lag_1,0.0308,0.3098,False,"(0, 1, 0)",93.984,"(1, 1, 1)",90.297,47.0,0/0,INCONCLUSIVE,
MEASURE_ET_Rc_OG142_GN,MEASURE_ET_Rcat_cn_2_OW_ST,THIN_ET_lkg_100_at20V,0.048,0.3079,False,"(0, 0, 0)",93.272,"(1, 0, 1)",90.007,63.0,1/1,WEAK,
MEASURE_ET_Rc_OG142_GN,MEASURE_ET_Rcat_cn_3,THIN_ET_lkg_100_at20V,-0.3001,0.207,True,"(0, 0, 0)",93.293,"(1, 1, 1)",90.454,41.0,0/0,INCONCLUSIVE,
MEASURE_ET_Rc_OG142_GN,MEASURE_ET_Rsh_cat_c2,TOPSIN_ET_DC_PIV_Drain_Lag_1,0.2619,0.2892,False,"(1, 0, 0)",93.334,"(1, 0, 1)",90.012,75.0,2/2,WEAK,
MEASURE_ET_Rc_OG142_GN,MEASURE_ET_VIA_KLV_2,THIN_ET_lkg_100_at20V,0.1238,0.1106,True,"(0, 0, 0)",93.403,"(1, 0, 1)",90.661,122.0,4/5,STRONG,
MEASURE_ET_Rc_OG142_GN,MEASURE_ET_lkg_Cap_USV,THIN_ET_lkg_100_at20V,-0.1523,0.3563,False,"(0, 1, 0)",93.517,"(1, 1, 1)",90.61,18.0,0/0,INCONCLUSIVE,
MEASURE_ET_Rc_OG142_GN,MEASURE_ET_lkg_Cap_USV,TOPSIN_ET_DC_PIV_Drain_Lag_1,-0.3514,0.207,True,"(0, 0, 0)",93.423,"(1, 1, 1)",90.111,52.0,0/0,INCONCLUSIVE,
MEASURE_ET_Rc_OG142_GN,MESA_ET_Probe_Number,THIN_ET_lkg_100_at20V,0.1072,0.0828,True,"(0, 1, 0)",93.288,"(1, 0, 1)",90.57,120.0,3/5,MODERATE,
MEASURE_ET_Rc_OG142_GN,MESA_ET_Probe_Number,TOPSIN_ET_DC_PIV_Drain_Lag_1,-0.0158,0.3121,False,"(0, 0, 0)",93.367,"(1, 0, 1)",90.189,110.0,3/5,MODERATE,
MEASURE_ET_Rc_OG142_GN,MaskSetSupplyChipsCount,THIN_ET_lkg_100_at20V,0.448,0.2746,True,"(0, 1, 0)",93.34,"(1, 0, 1)",89.249,102.0,5/5,STRONG,
MEASURE_ET_Rc_OG142_GN,OHMIC_ET_OHMC,TOPSIN_ET_DC_PIV_Drain_Lag_1,0.0399,0.2947,False,"(1, 0, 0)",93.348,"(1, 1, 1)",89.949,83.0,1/4,WEAK,
MEASURE_ET_Rc_OG142_GN,OHMIC_ET_Rc_an_ct2,THIN_ET_lkg_100_at20V,-0.2642,0.339,False,"(0, 0, 0)",93.243,"(1, 1, 1)",90.431,52.0,0/0,INCONCLUSIVE,
MEASURE_ET_Rc_OG142_GN,OHMIC_ET_Rc_an_ct2,TOPSIN_ET_DC_PIV_Drain_Lag_1,0.0226,0.469,False,"(0, 1, 0)",94.173,"(1, 1, 1)",90.146,33.0,0/0,INCONCLUSIVE,
MEASURE_ET_Rc_OG142_GN,OHMIC_ET_Rsh_an_ct2,TOPSIN_ET_DC_PIV_Drain_Lag_1,-0.0265,0.2408,False,"(0, 0, 0)",93.251,"(1, 1, 1)",90.37,82.0,0/0,INCONCLUSIVE,
MEASURE_ET_Rc_OG142_GN,SIN_ET_Probe_Number,THIN_ET_lkg_100_at20V,0.091,0.4599,False,"(0, 0, 0)",93.481,"(1, 0, 1)",89.959,121.0,3/5,MODERATE,
MEASURE_ET_Rc_OG142_GN,SIN_GATE_ET_Rc_OG142_GN,TOPSIN_ET_DC_PIV_Drain_Lag_1,-0.2423,0.2686,False,"(0, 0, 0)",93.126,"(1, 1, 1)",89.828,54.0,0/0,INCONCLUSIVE,
MEASURE_ET_Rc_OG142_GN,SIN_GATE_ET_Rc_an_ct2,THIN_ET_lkg_100_at20V,-0.0018,0.3234,False,"(0, 1, 0)",93.55,"(1, 1, 1)",90.153,75.0,0/0,INCONCLUSIVE,
MEASURE_ET_Rc_OG142_GN,SIN_GATE_ET_Rc_an_ct2,TOPSIN_ET_DC_PIV_Drain_Lag_1,-0.0586,0.2256,False,"(1, 0, 0)",93.111,"(1, 1, 1)",90.148,63.0,0/0,INCONCLUSIVE,
MEASURE_ET_Rc_OG142_GN,TFRP_ET_Rc_TF_AB_2,THIN_ET_lkg_100_at20V,-0.0173,0.2907,False,"(0, 1, 0)",93.651,"(1, 1, 1)",90.567,74.0,0/2,INCONCLUSIVE,
MEASURE_ET_Rc_OG142_GN,TFRP_ET_Rc_TF_AB_2,TOPSIN_ET_DC_PIV_Drain_Lag_1,-0.1161,0.3495,False,"(0, 1, 0)",93.492,"(1, 1, 1)",90.121,62.0,1/2,WEAK,
MEASURE_ET_Rc_OG142_GN,THIN_ET_C_AN_2,TOPSIN_ET_DC_PIV_Drain_Lag_1,-0.198,0.5539,False,"(0, 1, 0)",93.425,"(1, 1, 1)",89.211,122.0,4/5,MODERATE,
MEASURE_ET_Rc_OG142_GN,THIN_ET_DC_RF_Vds_max_0p1mA,THIN_ET_lkg_100_at20V,-0.1095,0.3516,False,"(0, 0, 0)",93.525,"(1, 0, 1)",89.825,128.0,4/5,MODERATE,
MEASURE_ET_Rc_OG142_GN,THIN_ET_DC_RF_Vg_optt3,THIN_ET_lkg_100_at20V,-0.2242,0.3821,False,"(0, 1, 0)",93.243,"(1, 1, 1)",89.671,127.0,5/5,MODERATE,
MEASURE_ET_Rc_OG142_GN,THIN_ET_R314,TOPSIN_ET_DC_PIV_Drain_Lag_1,-0.0412,0.2247,False,"(0, 1, 0)",93.015,"(1, 0, 1)",90.157,115.0,4/5,MODERATE,
MEASURE_ET_Rc_OG142_GN,THIN_ET_Rc_F_AB_2,TOPSIN_ET_DC_PIV_Drain_Lag_1,-0.2021,0.1933,True,"(0, 1, 0)",93.004,"(1, 1, 1)",90.156,70.0,1/2,WEAK,
MEASURE_ET_Rc_OG142_GN,THIN_ET_Rc_OG142,THIN_ET_lkg_100_at20V,0.2574,0.2767,False,"(1, 0, 0)",93.69,"(1, 1, 1)",90.132,80.0,3/3,MODERATE,
MEASURE_ET_Rc_OG142_GN,THIN_ET_Rc_OG142,TOPSIN_ET_DC_PIV_Drain_Lag_1,-0.0162,0.2861,False,"(1, 0, 0)",93.422,"(1, 1, 1)",89.641,73.0,0/0,INCONCLUSIVE,
MEASURE_ET_Rc_OG142_GN,THIN_ET_Rc_TF_AB_2,THIN_ET_lkg_100_at20V,-0.4054,0.3679,True,"(0, 0, 0)",93.407,"(1, 1, 1)",90.353,44.0,0/0,INCONCLUSIVE,
MEASURE_ET_Rc_OG142_GN,THIN_ET_Rc_TF_AB_2,TOPSIN_ET_DC_PIV_Drain_Lag_1,-0.3163,0.4805,False,"(0, 1, 0)",93.293,"(1, 1, 1)",89.879,48.0,1/1,WEAK,
MEASURE_ET_Rc_OG142_GN,THIN_ET_Rc_cat_ct2,THIN_ET_lkg_100_at20V,-0.5232,0.3972,True,"(0, 0, 0)",93.234,"(1, 1, 1)",90.201,56.0,0/0,INCONCLUSIVE,
MEASURE_ET_Rc_OG142_GN,THIN_ET_Rc_cat_ct2,TOPSIN_ET_DC_PIV_Drain_Lag_1,-0.1692,0.5036,False,"(0, 1, 0)",94.15,"(1, 1, 1)",90.015,46.0,0/0,INCONCLUSIVE,
MEASURE_ET_Rc_OG142_GN,THIN_ET_Rc_f_hr_23,THIN_ET_lkg_100_at20V,-0.3939,0.6133,False,"(0, 1, 0)",93.453,"(1, 1, 1)",89.958,69.0,0/0,INCONCLUSIVE,
MEASURE_ET_Rc_OG142_GN,THIN_ET_Rc_f_hr_23,TOPSIN_ET_DC_PIV_Drain_Lag_1,-0.144,0.7127,False,"(0, 1, 0)",94.178,"(1, 1, 1)",89.676,59.0,1/1,WEAK,
MEASURE_ET_Rc_OG142_GN,THIN_ET_Rc_f_tn_23,TOPSIN_ET_DC_PIV_Drain_Lag_1,-0.1557,0.4992,False,"(0, 1, 0)",93.575,"(1, 1, 1)",89.515,44.0,0/0,INCONCLUSIVE,
MEASURE_ET_Rc_OG142_GN,THIN_ET_Rcat_cn_1,THIN_ET_lkg_100_at20V,0.2103,0.1585,True,"(0, 0, 0)",93.209,"(1, 0, 1)",90.102,53.0,1/1,WEAK,
MEASURE_ET_Rc_OG142_GN,THIN_ET_Rcat_cn_1_OW_ST,TOPSIN_ET_DC_PIV_Drain_Lag_1,-0.415,0.2225,True,"(0, 0, 0)",93.152,"(1, 1, 1)",90.087,40.0,0/0,INCONCLUSIVE,
MEASURE_ET_Rc_OG142_GN,THIN_ET_Rcat_cn_2_OW_ST,THIN_ET_lkg_100_at20V,-0.2006,0.1249,True,"(0, 1, 0)",93.355,"(1, 1, 1)",90.631,47.0,0/0,INCONCLUSIVE,
MEASURE_ET_Rc_OG142_GN,THIN_ET_Rcat_cn_2_OW_ST,TOPSIN_ET_DC_PIV_Drain_Lag_1,0.005,0.282,False,"(0, 1, 0)",93.956,"(1, 1, 1)",90.214,56.0,0/0,INCONCLUSIVE,
MEASURE_ET_Rc_OG142_GN,THIN_ET_Rcat_cn_3,THIN_ET_lkg_100_at20V,-0.0242,0.4335,False,"(0, 1, 0)",93.551,"(1, 1, 1)",90.094,67.0,0/1,INCONCLUSIVE,
MEASURE_ET_Rc_OG142_GN,THIN_ET_Rcat_cn_3,TOPSIN_ET_lkg_C450pf,-0.0569,0.5238,False,"(0, 1, 0)",93.541,"(1, 1, 1)",90.025,77.0,3/3,MODERATE,
MEASURE_ET_Rc_OG142_GN,THIN_ET_Rsh_an_ct2,TOPSIN_ET_DC_PIV_Drain_Lag_1,0.1777,0.2176,False,"(0, 1, 0)",93.414,"(1, 1, 1)",90.245,77.0,0/0,INCONCLUSIVE,
MEASURE_ET_Rc_OG142_GN,THIN_ET_TF_AB_1,TOPSIN_ET_DC_PIV_Drain_Lag_1,-0.008,0.2528,False,"(0, 1, 0)",93.17,"(1, 1, 1)",89.708,103.0,5/5,MODERATE,
MEASURE_ET_Rc_OG142_GN,THIN_ET_lkg_100_at20V,TOPSIN_ET_CapFICM1,0.3084,0.3352,False,"(0, 0, 0)",93.585,"(1, 1, 0)",90.38,92.0,5/5,MODERATE,
MEASURE_ET_Rc_OG142_GN,THIN_ET_lkg_100_at20V,TOPSIN_ET_CapFICM1_0,0.366,0.3281,True,"(0, 0, 0)",93.511,"(1, 1, 0)",89.938,109.0,5/5,STRONG,
MEASURE_ET_Rc_OG142_GN,THIN_ET_lkg_100_at20V,TOPSIN_ET_DC_PIV_Drain_Lag_1,-0.1497,0.2939,False,"(0, 0, 0)",93.377,"(1, 1, 1)",90.206,49.0,0/0,INCONCLUSIVE,
MEASURE_ET_Rc_OG142_GN,THIN_ET_lkg_100_at20V,TOPSIN_ET_DC_SMALL_Vdg_max,0.0317,0.172,False,"(0, 0, 0)",93.619,"(1, 1, 1)",90.658,83.0,1/4,WEAK,
MEASURE_ET_Rc_OG142_GN,THIN_ET_lkg_100_at20V,TOPSIN_ET_Load_Pull_Gain_comp_Last,-0.1974,0.0701,True,"(0, 0, 1)",93.395,"(1, 1, 1)",90.68,125.0,4/5,STRONG,
MEASURE_ET_Rc_OG142_GN,THIN_ET_lkg_100_at20V,TOPSIN_ET_Rc_OG144,-0.0571,0.3882,False,"(0, 0, 1)",93.586,"(1, 1, 1)",90.282,46.0,0/0,INCONCLUSIVE,
MEASURE_ET_Rc_OG142_GN,THIN_ET_lkg_100_at20V,TOPSIN_ET_lkg_C450pf,-0.0499,0.1858,False,"(0, 0, 0)",93.243,"(1, 1, 1)",90.57,37.0,0/0,INCONCLUSIVE,
MEASURE_ET_Rc_OG142_GN,THIN_ET_sh_f_hr_23,TOPSIN_ET_DC_PIV_Drain_Lag_1,0.2633,0.2241,True,"(0, 1, 0)",93.33,"(1, 0, 1)",90.227,99.0,4/4,STRONG,
MEASURE_ET_Rc_OG142_GN,THIN_Measure2_Thickness_after_grinding,TOPSIN_ET_DC_PIV_Drain_Lag_1,-0.188,0.2133,False,"(0, 0, 0)",93.248,"(1, 1, 1)",89.858,105.0,3/5,MODERATE,
MEASURE_ET_Rc_OG142_GN,TOPSIN_ET_C100CapPARCAP,TOPSIN_ET_DC_PIV_Drain_Lag_1,-0.1818,0.2115,False,"(0, 0, 0)",93.091,"(1, 1, 1)",89.792,52.0,0/0,INCONCLUSIVE,
MEASURE_ET_Rc_OG142_GN,TOPSIN_ET_DC_PIV_Drain_Lag_1,TOPSIN_ET_DC_RF_Vg_max_Vd,0.1894,0.2447,False,"(0, 0, 0)",93.032,"(1, 1, 0)",90.263,105.0,4/5,MODERATE,
MEASURE_ET_Rc_OG142_GN,TOPSIN_ET_DC_PIV_Drain_Lag_1,TOPSIN_ET_DC_SMALL_Vdg_max,-0.2446,0.2018,True,"(0, 0, 0)",93.865,"(1, 1, 1)",89.912,80.0,4/4,STRONG,
MEASURE_ET_Rc_OG142_GN,TOPSIN_ET_DC_PIV_Drain_Lag_1,TOPSIN_ET_OHMC,0.0995,0.2377,False,"(0, 0, 1)",93.251,"(1, 1, 1)",90.435,118.0,4/5,MODERATE,
MEASURE_ET_Rc_OG142_GN,TOPSIN_ET_DC_PIV_Drain_Lag_1,TOPSIN_ET_R_f_hr_2,0.1353,0.2174,False,"(0, 0, 1)",93.223,"(1, 1, 1)",90.135,96.0,3/5,MODERATE,
MEASURE_ET_Rc_OG142_GN,TOPSIN_ET_DC_PIV_Drain_Lag_1,TOPSIN_ET_Rc_OG142_GN,-0.1263,0.3959,False,"(1, 0, 0)",93.136,"(1, 1, 1)",90.119,76.0,3/3,MODERATE,
MEASURE_ET_Rc_OG142_GN,TOPSIN_ET_DC_PIV_Drain_Lag_1,TOPSIN_ET_Rc_OG144,-0.2613,0.2655,False,"(0, 0, 0)",93.14,"(1, 1, 1)",90.067,44.0,0/0,INCONCLUSIVE,
MEASURE_ET_Rc_OG142_GN,TOPSIN_ET_DC_PIV_Drain_Lag_1,TOPSIN_ET_lkg_C450pf,-0.3286,0.1956,True,"(0, 0, 0)",93.504,"(1, 1, 1)",89.852,69.0,2/2,WEAK,
MEASURE_ET_Rc_OG144,THIN_ET_Rcat_cn_3,TOPSIN_ET_lkg_C450pf,-0.2661,0.4204,False,"(0, 1, 0)",93.149,"(1, 1, 1)",89.823,51.0,0/0,INCONCLUSIVE,
MEASURE_ET_Rc_OG144,THIN_ET_sh_f_hr_23,TOPSIN_ET_DC_PIV_Drain_Lag_1,0.1392,0.3574,False,"(1, 0, 0)",92.857,"(1, 0, 1)",90.352,102.0,2/5,WEAK,
MEASURE_ET_Rc_OG144,TOPSIN_ET_DC_PIV_Drain_Lag_1,TOPSIN_ET_DC_SMALL_Vdg_max,-0.0546,0.3324,False,"(0, 0, 0)",93.223,"(1, 1, 1)",90.35,103.0,4/4,MODERATE,
MEASURE_ET_Rc_TF_AB_2,MEASURE_ET_Rcat_cn_2,THIN_ET_lkg_100_at20V,-0.236,0.3557,False,"(1, 0, 0)",93.302,"(1, 1, 1)",90.954,32.0,0/0,INCONCLUSIVE,
MEASURE_ET_Rc_TF_AB_2,SIN_GATE_ET_Rc_an_ct2,THIN_ET_lkg_100_at20V,-0.2472,0.3366,False,"(1, 0, 0)",93.159,"(1, 1, 1)",90.332,48.0,0/0,INCONCLUSIVE,
MEASURE_ET_Rc_TF_AB_2,THIN_ET_Rcat_cn_3,TOPSIN_ET_lkg_C450pf,0.2669,0.3666,False,"(0, 0, 0)",92.989,"(0, 1, 1)",89.017,47.0,0/0,INCONCLUSIVE,
MEASURE_ET_Rc_TF_AB_2,THIN_ET_sh_f_hr_23,TOPSIN_ET_DC_PIV_Drain_Lag_1,0.2456,0.2375,True,"(0, 0, 0)",92.909,"(1, 0, 1)",90.402,123.0,4/4,STRONG,
MEASURE_ET_Rc_TF_AB_2,TOPSIN_ET_DC_PIV_Drain_Lag_1,TOPSIN_ET_DC_SMALL_Vdg_max,-0.1652,0.1676,False,"(0, 0, 0)",93.056,"(1, 1, 1)",90.107,101.0,4/4,MODERATE,
MEASURE_ET_Rc_an_ct2,MEASURE_ET_Rcat_cn_2,THIN_ET_lkg_100_at20V,-0.0903,0.3117,False,"(0, 1, 0)",93.552,"(1, 1, 1)",90.53,45.0,0/0,INCONCLUSIVE,
MEASURE_ET_Rc_an_ct2,SIN_GATE_ET_Rc_an_ct2,THIN_ET_lkg_100_at20V,0.1832,0.2168,False,"(0, 1, 0)",93.631,"(1, 1, 1)",90.394,55.0,0/0,INCONCLUSIVE,
MEASURE_ET_Rc_an_ct2,SIN_GATE_ET_lkg_SY8_80,THIN_ET_Rcat_cn_3,-0.2612,0.3872,False,"(0, 0, 0)",93.104,"(1, 1, 1)",90.234,56.0,0/0,INCONCLUSIVE,
MEASURE_ET_Rc_an_ct2,THIN_ET_sh_f_hr_23,TOPSIN_ET_DC_PIV_Drain_Lag_1,0.0617,0.1926,False,"(0, 0, 0)",93.071,"(1, 0, 1)",90.464,115.0,3/5,MODERATE,
MEASURE_ET_Rc_an_ct2,TOPSIN_ET_DC_PIV_Drain_Lag_1,TOPSIN_ET_DC_SMALL_Vdg_max,-0.0183,0.2577,False,"(0, 0, 0)",93.567,"(1, 1, 0)",90.505,108.0,4/5,MODERATE,
MEASURE_ET_Rc_cat_ct2,MEASURE_ET_Rcat_cn_2,THIN_ET_lkg_100_at20V,-0.1594,0.545,False,"(1, 0, 0)",93.409,"(1, 0, 1)",90.376,47.0,0/0,INCONCLUSIVE,
MEASURE_ET_Rc_cat_ct2,SIN_GATE_ET_Rc_an_ct2,THIN_ET_lkg_100_at20V,-0.1074,0.2664,False,"(1, 0, 0)",93.583,"(1, 1, 1)",90.128,60.0,1/1,WEAK,
MEASURE_ET_Rc_cat_ct2,THIN_ET_Rcat_cn_3,TOPSIN_ET_lkg_C450pf,-0.0925,0.3165,False,"(1, 0, 0)",93.4,"(1, 1, 1)",90.112,69.0,0/1,INCONCLUSIVE,
MEASURE_ET_Rc_cat_ct2_OW_ST,MEASURE_ET_Rcat_cn_2,THIN_ET_lkg_100_at20V,-0.4211,0.2544,True,"(0, 0, 0)",93.247,"(1, 1, 1)",90.695,47.0,0/0,INCONCLUSIVE,
MEASURE_ET_Rc_cat_ct2_OW_ST,SIN_GATE_ET_Rc_an_ct2,THIN_ET_lkg_100_at20V,-0.2866,0.3421,False,"(0, 0, 0)",93.256,"(1, 1, 1)",90.395,55.0,0/0,INCONCLUSIVE,
MEASURE_ET_Rc_cat_ct2_OW_ST,THIN_ET_Rcat_cn_3,TOPSIN_ET_lkg_C450pf,0.0936,0.3132,False,"(0, 1, 0)",93.435,"(1, 1, 1)",90.433,68.0,0/0,INCONCLUSIVE,
MEASURE_ET_Rc_cat_ct2_OW_ST,THIN_ET_sh_f_hr_23,TOPSIN_ET_DC_PIV_Drain_Lag_1,0.1229,0.1047,True,"(0, 0, 0)",93.104,"(1, 0, 1)",90.742,123.0,2/5,WEAK,
MEASURE_ET_Rc_cat_ct2_OW_ST,TOPSIN_ET_DC_PIV_Drain_Lag_1,TOPSIN_ET_DC_SMALL_Vdg_max,-0.4552,0.1671,True,"(0, 0, 0)",93.707,"(1, 1, 1)",89.797,106.0,4/4,STRONG,
MEASURE_ET_Rcat_cn_1,THIN_ET_Rcat_cn_3,TOPSIN_ET_lkg_C450pf,-0.1047,0.4339,False,"(0, 1, 0)",93.642,"(1, 1, 1)",90.23,60.0,0/0,INCONCLUSIVE,
MEASURE_ET_Rcat_cn_1_OW_ST,THIN_ET_sh_f_hr_23,TOPSIN_ET_DC_PIV_Drain_Lag_1,0.2463,0.0556,True,"(0, 1, 0)",93.152,"(1, 0, 1)",90.743,116.0,4/5,STRONG,
MEASURE_ET_Rcat_cn_1_OW_ST,TOPSIN_ET_DC_PIV_Drain_Lag_1,TOPSIN_ET_DC_SMALL_Vdg_max,0.1278,0.1471,False,"(0, 0, 0)",93.173,"(1, 1, 0)",90.811,113.0,3/5,MODERATE,
MEASURE_ET_Rcat_cn_2,MEASURE_ET_Rcat_cn_2_OW_ST,THIN_ET_lkg_100_at20V,-0.1127,0.3516,False,"(1, 0, 0)",93.271,"(0, 0, 1)",91.002,50.0,2/2,WEAK,
MEASURE_ET_Rcat_cn_2,MEASURE_ET_Rcat_cn_3,THIN_ET_lkg_100_at20V,-0.1307,0.4571,False,"(1, 0, 1)",93.583,"(1, 1, 1)",90.662,51.0,0/0,INCONCLUSIVE,
MEASURE_ET_Rcat_cn_2,MEASURE_ET_VIA_KLV_2,THIN_ET_lkg_100_at20V,0.1434,0.2009,False,"(0, 0, 0)",93.372,"(1, 0, 1)",90.916,123.0,2/5,WEAK,
MEASURE_ET_Rcat_cn_2,MESA_ET_Probe_Number,THIN_ET_lkg_100_at20V,0.0036,0.1591,False,"(0, 1, 0)",93.141,"(0, 0, 1)",91.009,108.0,3/5,MODERATE,
MEASURE_ET_Rcat_cn_2,MaskSetSupplyChipsCount,THIN_ET_lkg_100_at20V,0.3707,0.2008,True,"(0, 1, 0)",93.312,"(1, 0, 1)",90.423,120.0,5/5,STRONG,
MEASURE_ET_Rcat_cn_2,OHMIC_ET_Rc_an_ct2,THIN_ET_lkg_100_at20V,-0.0542,0.3275,False,"(1, 0, 0)",93.673,"(0, 1, 1)",90.488,38.0,0/0,INCONCLUSIVE,
MEASURE_ET_Rcat_cn_2,SIN_ET_Probe_Number,THIN_ET_lkg_100_at20V,0.0721,0.2118,False,"(0, 0, 0)",93.061,"(1, 0, 1)",90.461,106.0,4/5,MODERATE,
MEASURE_ET_Rcat_cn_2,SIN_GATE_ET_Rc_an_ct2,THIN_ET_lkg_100_at20V,-0.0334,0.5355,False,"(1, 0, 0)",93.722,"(1, 1, 1)",90.374,29.0,0/0,INCONCLUSIVE,
MEASURE_ET_Rcat_cn_2,TFRP_ET_Rc_TF_AB_2,THIN_ET_lkg_100_at20V,0.1179,0.2025,False,"(0, 1, 0)",93.531,"(0, 1, 1)",90.889,48.0,0/0,INCONCLUSIVE,
MEASURE_ET_Rcat_cn_2,THIN_ET_DC_RF_Vds_max_0p1mA,THIN_ET_lkg_100_at20V,-0.1528,0.2732,False,"(0, 0, 0)",93.167,"(1, 0, 1)",90.519,128.0,4/5,MODERATE,
MEASURE_ET_Rcat_cn_2,THIN_ET_DC_RF_Vg_optt3,THIN_ET_lkg_100_at20V,-0.222,0.3526,False,"(0, 0, 0)",93.307,"(1, 1, 1)",90.418,124.0,5/5,MODERATE,
MEASURE_ET_Rcat_cn_2,THIN_ET_Rc_OG142,THIN_ET_lkg_100_at20V,0.1657,0.2781,False,"(1, 0, 0)",93.552,"(0, 1, 1)",89.338,64.0,0/0,INCONCLUSIVE,
MEASURE_ET_Rcat_cn_2,THIN_ET_Rc_TF_AB_2,THIN_ET_lkg_100_at20V,-0.1351,0.2517,False,"(1, 0, 0)",93.149,"(0, 1, 1)",90.604,60.0,0/0,INCONCLUSIVE,
MEASURE_ET_Rcat_cn_2,THIN_ET_Rc_cat_ct2,THIN_ET_lkg_100_at20V,-0.0224,0.3775,False,"(0, 1, 0)",93.65,"(0, 1, 1)",90.75,47.0,0/0,INCONCLUSIVE,
MEASURE_ET_Rcat_cn_2,THIN_ET_Rc_f_hr_23,THIN_ET_lkg_100_at20V,0.0384,0.2573,False,"(0, 1, 0)",93.303,"(0, 1, 1)",90.735,40.0,0/0,INCONCLUSIVE,
MEASURE_ET_Rcat_cn_2,THIN_ET_Rcat_cn_1,THIN_ET_lkg_100_at20V,-0.1741,0.3444,False,"(0, 1, 0)",93.1,"(1, 1, 1)",90.863,36.0,0/0,INCONCLUSIVE,
MEASURE_ET_Rcat_cn_2,THIN_ET_Rcat_cn_2_OW_ST,THIN_ET_lkg_100_at20V,-0.3945,0.2709,True,"(0, 1, 0)",93.033,"(1, 1, 1)",90.638,66.0,0/0,INCONCLUSIVE,
MEASURE_ET_Rcat_cn_2,THIN_ET_Rcat_cn_3,THIN_ET_lkg_100_at20V,0.162,0.4847,False,"(0, 0, 0)",93.065,"(0, 1, 1)",89.022,59.0,2/2,WEAK,
MEASURE_ET_Rcat_cn_2,THIN_ET_Rcat_cn_3,TOPSIN_ET_lkg_C450pf,0.0376,0.4349,False,"(0, 0, 0)",93.032,"(0, 1, 1)",89.662,59.0,0/0,INCONCLUSIVE,
MEASURE_ET_Rcat_cn_2,THIN_ET_lkg_100_at20V,TOPSIN_ET_CapFICM1,0.3793,0.3553,True,"(0, 0, 0)",93.363,"(1, 1, 0)",90.587,111.0,5/5,STRONG,
MEASURE_ET_Rcat_cn_2,THIN_ET_lkg_100_at20V,TOPSIN_ET_CapFICM1_0,0.3749,0.3691,True,"(0, 0, 0)",93.259,"(1, 1, 0)",90.313,113.0,5/5,STRONG,
MEASURE_ET_Rcat_cn_2,THIN_ET_lkg_100_at20V,TOPSIN_ET_DC_PIV_Drain_Lag_1,0.1001,0.2804,False,"(0, 0, 0)",93.035,"(1, 1, 1)",90.912,53.0,0/0,INCONCLUSIVE,
MEASURE_ET_Rcat_cn_2,THIN_ET_lkg_100_at20V,TOPSIN_ET_DC_SMALL_Vdg_max,0.1208,0.1268,False,"(0, 0, 0)",93.041,"(0, 1, 1)",90.726,111.0,2/5,WEAK,
MEASURE_ET_Rcat_cn_2,THIN_ET_lkg_100_at20V,TOPSIN_ET_Load_Pull_Gain_comp_Last,0.188,0.1549,True,"(0, 0, 1)",93.615,"(1, 1, 0)",90.791,119.0,3/5,MODERATE,
MEASURE_ET_Rcat_cn_2,THIN_ET_lkg_100_at20V,TOPSIN_ET_Rc_OG144,-0.1413,0.2416,False,"(0, 0, 0)",93.103,"(0, 1, 1)",90.586,42.0,0/0,INCONCLUSIVE,
MEASURE_ET_Rcat_cn_2,THIN_ET_lkg_100_at20V,TOPSIN_ET_lkg_C450pf,-0.0208,0.2143,False,"(0, 0, 0)",93.162,"(0, 1, 1)",91.092,32.0,0/0,INCONCLUSIVE,
MEASURE_ET_Rcat_cn_2,THIN_ET_sh_f_hr_23,TOPSIN_ET_DC_PIV_Drain_Lag_1,0.3053,0.2534,True,"(1, 0, 0)",92.811,"(1, 0, 1)",90.351,112.0,5/5,STRONG,
MEASURE_ET_Rcat_cn_2,TOPSIN_ET_DC_PIV_Drain_Lag_1,TOPSIN_ET_DC_SMALL_Vdg_max,-0.1828,0.0937,True,"(0, 0, 0)",93.258,"(1, 1, 1)",90.703,110.0,5/5,STRONG,
MEASURE_ET_Rcat_cn_2_OW_ST,SIN_GATE_ET_Rc_an_ct2,THIN_ET_lkg_100_at20V,-0.058,0.3797,False,"(0, 1, 0)",93.36,"(1, 1, 1)",90.497,51.0,1/2,WEAK,
MEASURE_ET_Rcat_cn_3,SIN_GATE_ET_Rc_an_ct2,THIN_ET_lkg_100_at20V,0.121,0.2447,False,"(1, 0, 0)",93.359,"(1, 1, 1)",90.327,70.0,0/0,INCONCLUSIVE,
MEASURE_ET_Rsh_cat_c2,THIN_ET_sh_f_hr_23,TOPSIN_ET_DC_PIV_Drain_Lag_1,0.0529,0.217,False,"(0, 0, 0)",93.032,"(0, 1, 1)",91.012,102.0,2/4,WEAK,
MEASURE_ET_Rsh_cat_c2,TOPSIN_ET_DC_PIV_Drain_Lag_1,TOPSIN_ET_DC_SMALL_Vdg_max,-0.1838,0.2482,False,"(0, 0, 0)",93.696,"(0, 1, 1)",90.934,102.0,3/4,MODERATE,
MEASURE_ET_VIA_KLV_2,SIN_GATE_ET_Rc_an_ct2,THIN_ET_lkg_100_at20V,0.1756,0.2343,False,"(0, 0, 0)",93.362,"(0, 1, 1)",90.217,125.0,4/5,MODERATE,
MEASURE_ET_lkg_CapFICM1,SIN_GATE_ET_Rc_an_ct2,THIN_ET_lkg_100_at20V,,,,,,,,,,INCONCLUSIVE,insufficient cell size for main split
MESA_ET_Probe_Number,SIN_GATE_ET_Rc_an_ct2,THIN_ET_lkg_100_at20V,-0.0256,0.198,False,"(1, 0, 0)",93.16,"(1, 1, 1)",90.535,111.0,2/5,WEAK,
MESA_ET_Probe_Number,THIN_ET_Rcat_cn_3,TOPSIN_ET_lkg_C450pf,0.1034,0.2396,False,"(0, 0, 0)",93.042,"(0, 1, 1)",90.098,122.0,4/5,MODERATE,
MESA_ET_Probe_Number,THIN_ET_sh_f_hr_23,TOPSIN_ET_DC_PIV_Drain_Lag_1,0.054,0.3023,False,"(0, 0, 0)",93.254,"(0, 1, 1)",90.648,103.0,3/5,MODERATE,
MESA_ET_Probe_Number,TOPSIN_ET_DC_PIV_Drain_Lag_1,TOPSIN_ET_DC_SMALL_Vdg_max,0.0859,0.3673,False,"(0, 0, 0)",93.329,"(0, 1, 1)",90.278,108.0,3/3,MODERATE,
MaskSetSupplyChipsCount,SIN_GATE_ET_Rc_an_ct2,THIN_ET_lkg_100_at20V,0.1407,0.1918,False,"(1, 0, 0)",93.311,"(0, 1, 1)",90.186,130.0,5/5,MODERATE,
OHMIC_ET_OHMC,THIN_ET_sh_f_hr_23,TOPSIN_ET_DC_PIV_Drain_Lag_1,-0.1863,0.2264,False,"(0, 0, 0)",93.486,"(1, 1, 1)",91.184,98.0,3/4,MODERATE,
OHMIC_ET_OHMC,TOPSIN_ET_DC_PIV_Drain_Lag_1,TOPSIN_ET_DC_SMALL_Vdg_max,-0.023,0.2624,False,"(0, 0, 0)",93.392,"(0, 1, 1)",90.943,122.0,3/5,MODERATE,
OHMIC_ET_Rc_an_ct2,SIN_GATE_ET_Rc_an_ct2,THIN_ET_lkg_100_at20V,0.2027,0.3073,False,"(0, 1, 0)",93.743,"(1, 1, 1)",90.54,38.0,0/0,INCONCLUSIVE,
OHMIC_ET_Rc_an_ct2,THIN_ET_sh_f_hr_23,TOPSIN_ET_DC_PIV_Drain_Lag_1,0.2228,0.2173,True,"(0, 1, 0)",92.948,"(1, 0, 1)",90.371,124.0,4/5,STRONG,
OHMIC_ET_Rc_an_ct2,TOPSIN_ET_DC_PIV_Drain_Lag_1,TOPSIN_ET_DC_SMALL_Vdg_max,-0.0773,0.1823,False,"(0, 0, 0)",93.396,"(1, 1, 1)",90.504,102.0,3/4,MODERATE,
OHMIC_ET_Rsh_an_ct2,THIN_ET_sh_f_hr_23,TOPSIN_ET_DC_PIV_Drain_Lag_1,0.3865,0.0953,True,"(0, 1, 0)",93.375,"(1, 0, 1)",89.995,86.0,4/4,STRONG,
OHMIC_ET_Rsh_an_ct2,TOPSIN_ET_DC_PIV_Drain_Lag_1,TOPSIN_ET_DC_SMALL_Vdg_max,-0.3594,0.0603,True,"(0, 0, 0)",93.817,"(1, 1, 1)",90.224,106.0,4/5,STRONG,
SIN_ET_Probe_Number,SIN_GATE_ET_Rc_an_ct2,THIN_ET_lkg_100_at20V,0.0169,0.2139,False,"(0, 0, 0)",93.132,"(0, 1, 1)",90.108,118.0,3/5,MODERATE,
SIN_GATE_ET_Rc_OG142_GN,THIN_ET_Rcat_cn_3,TOPSIN_ET_lkg_C450pf,-0.0709,0.2455,False,"(0, 1, 0)",93.359,"(1, 1, 1)",89.935,52.0,0/0,INCONCLUSIVE,
SIN_GATE_ET_Rc_OG142_GN,THIN_ET_sh_f_hr_23,TOPSIN_ET_DC_PIV_Drain_Lag_1,-0.1054,0.2906,False,"(0, 0, 0)",93.146,"(1, 1, 1)",90.018,113.0,3/5,MODERATE,
SIN_GATE_ET_Rc_OG142_GN,TOPSIN_ET_DC_PIV_Drain_Lag_1,TOPSIN_ET_DC_SMALL_Vdg_max,-0.0679,0.2759,False,"(0, 0, 0)",93.388,"(1, 1, 1)",90.126,122.0,5/5,MODERATE,
SIN_GATE_ET_Rc_an_ct2,SIN_GATE_ET_lkg_SY8_80,THIN_ET_Rcat_cn_3,0.0625,0.1663,False,"(0, 0, 0)",93.027,"(1, 1, 1)",90.458,74.0,0/0,INCONCLUSIVE,
SIN_GATE_ET_Rc_an_ct2,SIN_GATE_ET_lkg_SY8_80,THIN_ET_lkg_100_at20V,,,,,,,,,,INCONCLUSIVE,insufficient cell size for main split
SIN_GATE_ET_Rc_an_ct2,TFRP_ET_Rc_TF_AB_2,THIN_ET_lkg_100_at20V,0.0412,0.1728,False,"(0, 1, 0)",93.395,"(1, 1, 1)",90.481,53.0,0/0,INCONCLUSIVE,
SIN_GATE_ET_Rc_an_ct2,THIN_ET_DC_RF_Vds_max_0p1mA,THIN_ET_lkg_100_at20V,-0.3189,0.2162,True,"(0, 0, 0)",93.19,"(1, 0, 1)",90.32,121.0,5/5,STRONG,
SIN_GATE_ET_Rc_an_ct2,THIN_ET_DC_RF_Vg_optt3,THIN_ET_lkg_100_at20V,-0.2089,0.322,False,"(0, 0, 0)",93.459,"(1, 1, 1)",90.013,128.0,5/5,MODERATE,
SIN_GATE_ET_Rc_an_ct2,THIN_ET_Rc_OG142,THIN_ET_lkg_100_at20V,0.0658,0.211,False,"(1, 0, 0)",93.511,"(1, 1, 1)",89.995,58.0,0/0,INCONCLUSIVE,
SIN_GATE_ET_Rc_an_ct2,THIN_ET_Rc_TF_AB_2,THIN_ET_lkg_100_at20V,-0.23,0.2833,False,"(0, 0, 0)",93.154,"(1, 1, 1)",89.99,63.0,0/0,INCONCLUSIVE,
SIN_GATE_ET_Rc_an_ct2,THIN_ET_Rc_cat_ct2,THIN_ET_lkg_100_at20V,-0.0422,0.2712,False,"(0, 1, 0)",93.51,"(1, 1, 1)",90.263,58.0,0/0,INCONCLUSIVE,
SIN_GATE_ET_Rc_an_ct2,THIN_ET_Rc_f_hr_23,THIN_ET_lkg_100_at20V,0.1351,0.3302,False,"(0, 1, 0)",93.522,"(1, 1, 1)",90.211,51.0,0/0,INCONCLUSIVE,
SIN_GATE_ET_Rc_an_ct2,THIN_ET_Rcat_cn_1,THIN_ET_lkg_100_at20V,0.0458,0.2967,False,"(0, 1, 0)",93.155,"(1, 0, 1)",90.297,39.0,0/0,INCONCLUSIVE,
SIN_GATE_ET_Rc_an_ct2,THIN_ET_Rcat_cn_2_OW_ST,THIN_ET_lkg_100_at20V,-0.1853,0.1472,True,"(0, 1, 0)",93.111,"(1, 1, 1)",90.36,73.0,0/0,INCONCLUSIVE,
SIN_GATE_ET_Rc_an_ct2,THIN_ET_Rcat_cn_3,THIN_ET_lkg_100_at20V,-0.0504,0.2288,False,"(0, 0, 0)",93.06,"(1, 1, 1)",89.9,73.0,0/0,INCONCLUSIVE,
SIN_GATE_ET_Rc_an_ct2,THIN_ET_Rcat_cn_3,TOPSIN_ET_lkg_C450pf,-0.1163,0.2219,False,"(0, 0, 0)",93.033,"(1, 1, 1)",89.989,71.0,0/0,INCONCLUSIVE,
SIN_GATE_ET_Rc_an_ct2,THIN_ET_lkg_100_at20V,TOPSIN_ET_CapFICM1,0.2914,0.2616,True,"(0, 0, 0)",93.433,"(1, 1, 0)",90.032,101.0,4/4,STRONG,
SIN_GATE_ET_Rc_an_ct2,THIN_ET_lkg_100_at20V,TOPSIN_ET_CapFICM1_0,0.4072,0.3251,True,"(0, 0, 0)",93.299,"(1, 1, 0)",89.686,116.0,5/5,STRONG,
SIN_GATE_ET_Rc_an_ct2,THIN_ET_lkg_100_at20V,TOPSIN_ET_DC_PIV_Drain_Lag_1,0.1798,0.1916,False,"(0, 0, 0)",93.107,"(1, 1, 1)",90.397,57.0,0/0,INCONCLUSIVE,
SIN_GATE_ET_Rc_an_ct2,THIN_ET_lkg_100_at20V,TOPSIN_ET_DC_SMALL_Vdg_max,-0.1413,0.2117,False,"(0, 0, 0)",93.074,"(1, 1, 1)",89.742,97.0,5/5,MODERATE,
SIN_GATE_ET_Rc_an_ct2,THIN_ET_lkg_100_at20V,TOPSIN_ET_Load_Pull_Gain_comp_Last,0.0112,0.1769,False,"(0, 0, 1)",93.561,"(1, 1, 0)",90.499,122.0,2/5,WEAK,
SIN_GATE_ET_Rc_an_ct2,THIN_ET_lkg_100_at20V,TOPSIN_ET_Rc_OG144,-0.2593,0.2106,True,"(0, 0, 0)",93.147,"(1, 1, 1)",90.128,44.0,0/0,INCONCLUSIVE,
SIN_GATE_ET_Rc_an_ct2,THIN_ET_lkg_100_at20V,TOPSIN_ET_lkg_C450pf,-0.0882,0.1651,False,"(0, 0, 0)",93.162,"(1, 1, 1)",90.438,29.0,0/0,INCONCLUSIVE,
SIN_GATE_ET_Rc_an_ct2,THIN_ET_sh_f_hr_23,TOPSIN_ET_DC_PIV_Drain_Lag_1,0.122,0.1254,False,"(0, 0, 0)",93.108,"(1, 0, 1)",90.42,111.0,5/5,MODERATE,
SIN_GATE_ET_Rc_an_ct2,TOPSIN_ET_DC_PIV_Drain_Lag_1,TOPSIN_ET_DC_SMALL_Vdg_max,-0.238,0.0873,True,"(0, 0, 0)",93.623,"(1, 1, 1)",90.18,90.0,4/5,STRONG,
SIN_GATE_ET_lkg_SY8_80,TFRP_ET_Rc_TF_AB_2,THIN_ET_Rcat_cn_3,-0.0159,0.2648,False,"(0, 1, 0)",93.375,"(1, 0, 1)",90.39,53.0,0/0,INCONCLUSIVE,
SIN_GATE_ET_lkg_SY8_80,THIN_ET_Rc_cat_ct2,THIN_ET_Rcat_cn_3,0.0022,0.424,False,"(0, 1, 0)",93.602,"(1, 1, 1)",90.305,66.0,0/1,INCONCLUSIVE,
SIN_GATE_ET_lkg_SY8_80,THIN_ET_Rc_f_hr_23,THIN_ET_Rcat_cn_3,-0.1596,0.302,False,"(0, 0, 0)",93.016,"(1, 1, 1)",90.466,47.0,0/0,INCONCLUSIVE,
SIN_GATE_ET_lkg_SY8_80,THIN_ET_Rcat_cn_3,THIN_ET_lkg_100_at20V,-0.2358,0.4442,False,"(1, 1, 0)",93.247,"(1, 1, 1)",90.16,19.0,0/0,INCONCLUSIVE,
SIN_GATE_ET_lkg_SY8_80,THIN_ET_Rcat_cn_3,TOPSIN_ET_CapFICM1,0.2976,0.2978,False,"(0, 0, 0)",93.336,"(1, 1, 0)",90.041,129.0,5/5,MODERATE,
SIN_GATE_ET_lkg_SY8_80,THIN_ET_Rcat_cn_3,TOPSIN_ET_lkg_C450pf,-0.2918,0.2376,True,"(0, 0, 0)",93.16,"(1, 1, 1)",90.334,32.0,0/0,INCONCLUSIVE,
TFRP_ET_Rc_TF_AB_2,THIN_ET_Rcat_cn_3,TOPSIN_ET_lkg_C450pf,-0.1334,0.3068,False,"(1, 0, 0)",93.234,"(1, 1, 1)",90.436,59.0,0/0,INCONCLUSIVE,
TFRP_ET_Rc_TF_AB_2,THIN_ET_sh_f_hr_23,TOPSIN_ET_DC_PIV_Drain_Lag_1,0.1186,0.1017,True,"(0, 1, 0)",92.799,"(1, 0, 1)",90.917,122.0,1/3,WEAK,
TFRP_ET_Rc_TF_AB_2,TOPSIN_ET_DC_PIV_Drain_Lag_1,TOPSIN_ET_DC_SMALL_Vdg_max,0.0459,0.0839,False,"(0, 0, 0)",92.981,"(1, 1, 1)",90.876,110.0,2/5,WEAK,
THIN_ET_C_AN_2,THIN_ET_sh_f_hr_23,TOPSIN_ET_DC_PIV_Drain_Lag_1,0.0409,0.3231,False,"(1, 0, 0)",93.125,"(1, 1, 1)",90.63,115.0,2/4,WEAK,
THIN_ET_C_AN_2,TOPSIN_ET_DC_PIV_Drain_Lag_1,TOPSIN_ET_DC_SMALL_Vdg_max,-0.132,0.279,False,"(0, 0, 0)",93.399,"(1, 1, 1)",90.822,119.0,5/5,MODERATE,
THIN_ET_DC_RF_Gm_max,THIN_ET_Rcat_cn_3,TOPSIN_ET_lkg_C450pf,0.0968,0.2193,False,"(1, 0, 0)",92.988,"(0, 1, 1)",90.41,96.0,2/4,WEAK,
THIN_ET_DC_RF_Vg_optt3,THIN_ET_Rcat_cn_3,TOPSIN_ET_lkg_C450pf,-0.0112,0.3251,False,"(1, 0, 0)",93.127,"(1, 1, 1)",89.73,132.0,3/5,MODERATE,
THIN_ET_R314,THIN_ET_sh_f_hr_23,TOPSIN_ET_DC_PIV_Drain_Lag_1,-0.3265,0.2611,True,"(0, 0, 0)",92.882,"(0, 0, 1)",90.143,116.0,4/4,STRONG,
THIN_ET_R314,TOPSIN_ET_DC_PIV_Drain_Lag_1,TOPSIN_ET_DC_SMALL_Vdg_max,-0.0297,0.2568,False,"(1, 0, 0)",92.925,"(0, 1, 1)",90.51,84.0,3/4,MODERATE,
THIN_ET_Rc_F_AB_2,THIN_ET_sh_f_hr_23,TOPSIN_ET_DC_PIV_Drain_Lag_1,0.2797,0.1757,True,"(0, 1, 0)",93.039,"(1, 0, 1)",90.49,113.0,3/4,MODERATE,
THIN_ET_Rc_F_AB_2,TOPSIN_ET_DC_PIV_Drain_Lag_1,TOPSIN_ET_DC_SMALL_Vdg_max,-0.032,0.1768,False,"(0, 0, 0)",92.971,"(1, 1, 1)",90.424,90.0,4/5,MODERATE,
THIN_ET_Rc_OG142,THIN_ET_Rcat_cn_3,TOPSIN_ET_lkg_C450pf,0.2588,0.2092,True,"(0, 1, 0)",94.119,"(1, 1, 1)",90.111,56.0,0/0,INCONCLUSIVE,
THIN_ET_Rc_OG142,THIN_ET_sh_f_hr_23,TOPSIN_ET_DC_PIV_Drain_Lag_1,0.1512,0.327,False,"(0, 0, 0)",93.264,"(1, 0, 1)",89.91,115.0,2/3,WEAK,
THIN_ET_Rc_OG142,TOPSIN_ET_DC_PIV_Drain_Lag_1,TOPSIN_ET_DC_SMALL_Vdg_max,0.1158,0.5049,False,"(0, 0, 0)",94.056,"(1, 1, 0)",89.821,99.0,2/5,WEAK,
THIN_ET_Rc_TF_AB_2,THIN_ET_sh_f_hr_23,TOPSIN_ET_DC_PIV_Drain_Lag_1,0.1123,0.2851,False,"(0, 1, 0)",93.008,"(1, 1, 1)",90.439,132.0,3/5,MODERATE,
THIN_ET_Rc_TF_AB_2,TOPSIN_ET_DC_PIV_Drain_Lag_1,TOPSIN_ET_DC_SMALL_Vdg_max,-0.0454,0.2654,False,"(0, 0, 0)",93.497,"(1, 1, 0)",90.435,99.0,2/3,WEAK,
THIN_ET_Rc_cat_ct2,THIN_ET_Rcat_cn_3,TOPSIN_ET_lkg_C450pf,0.0295,0.4351,False,"(1, 0, 0)",93.63,"(1, 1, 1)",90.145,63.0,2/3,WEAK,
THIN_ET_Rc_cat_ct2,THIN_ET_sh_f_hr_23,TOPSIN_ET_DC_PIV_Drain_Lag_1,0.2581,0.2939,False,"(1, 0, 0)",93.177,"(1, 0, 1)",90.529,117.0,4/5,MODERATE,
THIN_ET_Rc_cat_ct2,TOPSIN_ET_DC_PIV_Drain_Lag_1,TOPSIN_ET_DC_SMALL_Vdg_max,-0.0554,0.267,False,"(0, 0, 0)",93.071,"(1, 1, 1)",90.702,108.0,5/5,MODERATE,
THIN_ET_Rc_f_hr_23,THIN_ET_Rcat_cn_3,TOPSIN_ET_lkg_C450pf,-0.1717,0.3234,False,"(1, 0, 0)",93.171,"(1, 1, 1)",90.254,43.0,0/0,INCONCLUSIVE,
THIN_ET_Rc_f_hr_23,THIN_ET_sh_f_hr_23,TOPSIN_ET_DC_PIV_Drain_Lag_1,0.126,0.2089,False,"(0, 1, 0)",93.017,"(1, 1, 1)",90.607,123.0,2/3,WEAK,
THIN_ET_Rc_f_hr_23,TOPSIN_ET_DC_PIV_Drain_Lag_1,TOPSIN_ET_DC_SMALL_Vdg_max,-0.0481,0.207,False,"(0, 0, 0)",93.111,"(1, 1, 1)",90.494,92.0,2/2,WEAK,
THIN_ET_Rc_f_tn_23,THIN_ET_sh_f_hr_23,TOPSIN_ET_DC_PIV_Drain_Lag_1,0.2218,0.1582,True,"(0, 1, 0)",93.286,"(1, 0, 1)",90.581,107.0,3/5,MODERATE,
THIN_ET_Rc_f_tn_23,TOPSIN_ET_DC_PIV_Drain_Lag_1,TOPSIN_ET_DC_SMALL_Vdg_max,-0.017,0.2119,False,"(0, 0, 0)",93.548,"(1, 1, 0)",90.64,91.0,4/5,MODERATE,
THIN_ET_Rcat_cn_1,THIN_ET_Rcat_cn_3,TOPSIN_ET_lkg_C450pf,0.0705,0.2909,False,"(0, 0, 0)",93.023,"(0, 1, 1)",90.392,55.0,0/0,INCONCLUSIVE,
THIN_ET_Rcat_cn_1_OW_ST,THIN_ET_sh_f_hr_23,TOPSIN_ET_DC_PIV_Drain_Lag_1,0.0416,0.1331,False,"(0, 0, 0)",93.033,"(1, 0, 1)",90.682,116.0,4/5,MODERATE,
THIN_ET_Rcat_cn_1_OW_ST,TOPSIN_ET_DC_PIV_Drain_Lag_1,TOPSIN_ET_DC_SMALL_Vdg_max,0.0125,0.146,False,"(0, 0, 0)",93.057,"(1, 1, 1)",90.366,113.0,2/5,WEAK,
THIN_ET_Rcat_cn_2_OW_ST,THIN_ET_sh_f_hr_23,TOPSIN_ET_DC_PIV_Drain_Lag_1,0.18,0.2318,False,"(1, 0, 0)",93.095,"(1, 0, 1)",90.73,93.0,2/3,WEAK,
THIN_ET_Rcat_cn_2_OW_ST,TOPSIN_ET_DC_PIV_Drain_Lag_1,TOPSIN_ET_DC_SMALL_Vdg_max,-0.2812,0.284,False,"(0, 0, 0)",93.786,"(1, 1, 1)",90.495,78.0,4/4,MODERATE,
THIN_ET_Rcat_cn_3,THIN_ET_lkg_100_at20V,TOPSIN_ET_lkg_C450pf,-0.234,0.1924,True,"(0, 0, 0)",93.196,"(1, 1, 1)",90.209,25.0,0/0,INCONCLUSIVE,
THIN_ET_Rcat_cn_3,TOPSIN_ET_CapFICM1,TOPSIN_ET_lkg_C450pf,0.2084,0.3484,False,"(0, 0, 0)",93.42,"(1, 0, 1)",89.989,128.0,5/5,MODERATE,
THIN_ET_Rcat_cn_3,TOPSIN_ET_CapPARCAP_0,TOPSIN_ET_lkg_C450pf,0.1234,0.3487,False,"(1, 0, 0)",94.064,"(1, 1, 1)",90.202,34.0,0/0,INCONCLUSIVE,
THIN_ET_Rcat_cn_3,TOPSIN_ET_Gate_res,TOPSIN_ET_lkg_C450pf,0.2378,0.2751,False,"(0, 1, 0)",93.359,"(1, 0, 1)",89.807,116.0,5/5,MODERATE,
THIN_ET_Rsh_an_ct2,THIN_ET_sh_f_hr_23,TOPSIN_ET_DC_PIV_Drain_Lag_1,0.2531,0.2858,False,"(0, 1, 0)",93.064,"(1, 0, 1)",90.452,114.0,4/5,MODERATE,
THIN_ET_Rsh_an_ct2,TOPSIN_ET_DC_PIV_Drain_Lag_1,TOPSIN_ET_DC_SMALL_Vdg_max,-0.2279,0.2801,False,"(0, 0, 0)",93.226,"(1, 1, 1)",89.851,77.0,2/2,WEAK,
THIN_ET_TF_AB_1,THIN_ET_sh_f_hr_23,TOPSIN_ET_DC_PIV_Drain_Lag_1,-0.2714,0.1835,True,"(0, 0, 0)",93.137,"(1, 1, 1)",90.428,120.0,4/5,STRONG,
THIN_ET_TF_AB_1,TOPSIN_ET_DC_PIV_Drain_Lag_1,TOPSIN_ET_DC_SMALL_Vdg_max,0.0691,0.1765,False,"(1, 0, 0)",92.921,"(1, 1, 1)",90.715,110.0,2/5,WEAK,
THIN_ET_lkg_100_at20V,TOPSIN_ET_DC_PIV_Drain_Lag_1,TOPSIN_ET_DC_SMALL_Vdg_max,0.0645,0.2175,False,"(1, 0, 0)",92.882,"(1, 1, 1)",90.509,48.0,0/0,INCONCLUSIVE,
THIN_ET_sh_f_hr_23,THIN_Measure2_Thickness_after_grinding,TOPSIN_ET_DC_PIV_Drain_Lag_1,-0.1208,0.1759,False,"(0, 0, 0)",92.903,"(1, 1, 1)",90.527,108.0,4/4,MODERATE,
THIN_ET_sh_f_hr_23,TOPSIN_ET_C100CapPARCAP,TOPSIN_ET_DC_PIV_Drain_Lag_1,-0.028,0.2392,False,"(0, 0, 0)",93.066,"(1, 1, 1)",90.218,126.0,2/5,WEAK,
THIN_ET_sh_f_hr_23,TOPSIN_ET_DC_PIV_Drain_Lag_1,TOPSIN_ET_DC_RF_Vg_max_Vd,0.4108,0.2466,True,"(1, 0, 0)",92.877,"(0, 1, 1)",90.508,117.0,4/4,STRONG,
THIN_ET_sh_f_hr_23,TOPSIN_ET_DC_PIV_Drain_Lag_1,TOPSIN_ET_DC_SMALL_Vdg_max,-0.3227,0.0508,True,"(0, 0, 0)",93.265,"(1, 1, 1)",90.765,109.0,5/5,STRONG,
THIN_ET_sh_f_hr_23,TOPSIN_ET_DC_PIV_Drain_Lag_1,TOPSIN_ET_OHMC,0.3073,0.2987,True,"(0, 0, 0)",92.818,"(0, 1, 1)",90.623,122.0,5/5,STRONG,
THIN_ET_sh_f_hr_23,TOPSIN_ET_DC_PIV_Drain_Lag_1,TOPSIN_ET_R_f_hr_2,-0.0644,0.254,False,"(0, 0, 0)",92.781,"(1, 1, 1)",90.441,116.0,5/5,MODERATE,
THIN_ET_sh_f_hr_23,TOPSIN_ET_DC_PIV_Drain_Lag_1,TOPSIN_ET_Rc_OG142_GN,-0.0067,0.0898,False,"(0, 0, 0)",93.09,"(1, 1, 1)",91.107,123.0,1/5,WEAK,
THIN_ET_sh_f_hr_23,TOPSIN_ET_DC_PIV_Drain_Lag_1,TOPSIN_ET_Rc_OG144,0.1519,0.1047,True,"(0, 0, 0)",93.144,"(0, 1, 1)",90.476,113.0,5/5,STRONG,
THIN_Measure2_Thickness_after_grinding,TOPSIN_ET_DC_PIV_Drain_Lag_1,TOPSIN_ET_DC_SMALL_Vdg_max,-0.0445,0.2218,False,"(1, 0, 0)",92.98,"(1, 1, 1)",90.263,92.0,2/3,WEAK,
TOPSIN_ET_C100CapPARCAP,TOPSIN_ET_DC_PIV_Drain_Lag_1,TOPSIN_ET_DC_SMALL_Vdg_max,0.017,0.2168,False,"(0, 0, 0)",93.474,"(1, 1, 0)",90.349,113.0,1/5,WEAK,
TOPSIN_ET_DC_PIV_Drain_Lag_1,TOPSIN_ET_DC_RF_Vg_max_Vd,TOPSIN_ET_DC_SMALL_Vdg_max,0.1276,0.0648,True,"(0, 0, 0)",92.89,"(1, 0, 1)",90.991,111.0,5/5,STRONG,
TOPSIN_ET_DC_PIV_Drain_Lag_1,TOPSIN_ET_DC_SMALL_Vdg_max,TOPSIN_ET_OHMC,-0.2699,0.1714,True,"(0, 0, 0)",93.44,"(1, 1, 1)",90.963,128.0,5/5,STRONG,
TOPSIN_ET_DC_PIV_Drain_Lag_1,TOPSIN_ET_DC_SMALL_Vdg_max,TOPSIN_ET_R_f_hr_2,0.1013,0.2954,False,"(0, 0, 0)",93.248,"(1, 0, 1)",90.379,101.0,2/5,WEAK,
TOPSIN_ET_DC_PIV_Drain_Lag_1,TOPSIN_ET_DC_SMALL_Vdg_max,TOPSIN_ET_Rc_OG142_GN,-0.0472,0.1653,False,"(0, 0, 0)",93.471,"(1, 1, 0)",91.052,122.0,4/5,MODERATE,
TOPSIN_ET_DC_PIV_Drain_Lag_1,TOPSIN_ET_DC_SMALL_Vdg_max,TOPSIN_ET_Rc_OG144,-0.0124,0.1008,False,"(0, 0, 0)",93.477,"(1, 1, 1)",90.685,121.0,4/5,MODERATE,
