raw_csv_parameter_name,shape,direction,effect_range_yield_pct,shape_fold_consistency,direction_fold_consistency,evidence_label,reason,observed_x_min,observed_x_max
MEASURE_ET_lkg_50,complex_nonmonotonic,n/a,3.6843,4/5,4/5,STRONG,"Shape consistent in 4/5 folds, direction in 4/5.",0.007264,0.555432
SIN_ET_DC_RF_Vbin_gs,complex_nonmonotonic,n/a,3.6701,5/5,5/5,STRONG,"Shape consistent in 5/5 folds, direction in 5/5.",18.952559,34.756312
MEASURE_ET_LT_SEC_Ileak_m7V_mA_mm,complex_nonmonotonic,n/a,3.4634,4/5,4/5,STRONG,"Shape consistent in 4/5 folds, direction in 4/5.",0.013781,0.485599
THIN_ET_DC_RF_Vbgs_0p1,threshold,n/a,3.0198,5/5,5/5,STRONG,"Shape consistent in 5/5 folds, direction in 5/5.",19.264303,36.988731
FIC_ET_lkg_SY07_10,complex_nonmonotonic,n/a,2.968,4/5,4/5,STRONG,"Shape consistent in 4/5 folds, direction in 4/5.",0.005372,0.414162
TOPSIN_ET_DC_RF_Vbgs_0p1,complex_nonmonotonic,n/a,2.8018,4/5,4/5,STRONG,"Shape consistent in 4/5 folds, direction in 4/5.",17.883046,40.458742
TOPSIN_ET_DC_RF_Imax,complex_nonmonotonic,n/a,2.7395,4/5,4/5,STRONG,"Shape consistent in 4/5 folds, direction in 4/5.",510.468366,839.484126
TOPSIN_ET_DC_PIV_Ids1_QP1,complex_nonmonotonic,n/a,2.6966,4/5,4/5,STRONG,"Shape consistent in 4/5 folds, direction in 4/5.",8.96494,20.253029
MEASURE_ET_DC_SEC_X_Ids_max_FPSD3p2,threshold,n/a,2.692,5/5,5/5,STRONG,"Shape consistent in 5/5 folds, direction in 5/5.",53.418479,66.495465
MEASURE_ET_DC_Big_Idss,complex_nonmonotonic,n/a,2.4943,4/5,4/5,STRONG,"Shape consistent in 4/5 folds, direction in 4/5.",239.178305,469.047762
MEASURE_ET_DC_Stress_Id_stress_before,complex_nonmonotonic,n/a,2.4577,5/5,5/5,STRONG,"Shape consistent in 5/5 folds, direction in 5/5.",-3.937764,5.859766
MEASURE_ET_DC_SEC_X_Vp_1_mA_mm_first,complex_nonmonotonic,n/a,2.4383,4/5,4/5,STRONG,"Shape consistent in 4/5 folds, direction in 4/5.",-1.507131,-0.757295
MEASURE_ET_DC_SEC_S_Id_at_Vboff_mA_mm_FPSD3p2,threshold,n/a,2.4018,4/5,4/5,STRONG,"Shape consistent in 4/5 folds, direction in 4/5.",85.657883,100.90224
MEASURE_ET_DC_SEC_S_Ig_cut2_mAmm_pos_FPSD3p2,threshold,n/a,2.3473,5/5,5/5,STRONG,"Shape consistent in 5/5 folds, direction in 5/5.",61.323938,74.875824
TOPSIN_ET_Rc_f_hr_23,complex_nonmonotonic,n/a,2.3395,4/5,4/5,STRONG,"Shape consistent in 4/5 folds, direction in 4/5.",0.082799,0.290432
MEASURE_ET_DC_RF_Vds_max,threshold,n/a,2.3107,5/5,5/5,STRONG,"Shape consistent in 5/5 folds, direction in 5/5.",57.927529,70.80219
MEASURE_ET_RF_Modeling_Tau,complex_nonmonotonic,n/a,2.2959,5/5,5/5,STRONG,"Shape consistent in 5/5 folds, direction in 5/5.",5.743541,15.931851
MEASURE_ET_DC_RF_Vg_max_Vd_0p1,monotonic,positive,2.2631,4/5,5/5,STRONG,"Shape consistent in 4/5 folds, direction in 5/5.",62.317231,78.877831
MEASURE_ET_DC_PIV_Drain_Lag_Imax,complex_nonmonotonic,n/a,2.2469,5/5,5/5,STRONG,"Shape consistent in 5/5 folds, direction in 5/5.",470.691709,852.535846
CATHODE_ET_Rc_cat_ct2,complex_nonmonotonic,n/a,2.2455,4/5,4/5,STRONG,"Shape consistent in 4/5 folds, direction in 4/5.",0.093243,0.322389
TOPSIN_ET_I_5,threshold,n/a,2.2354,4/5,4/5,STRONG,"Shape consistent in 4/5 folds, direction in 4/5.",29.688477,38.800814
TOPSIN_ET_Load_Pull_Gss,threshold,positive,2.2133,4/5,4/5,STRONG,"Shape consistent in 4/5 folds, direction in 4/5.",51.539349,66.05909
MEASURE_ET_DC_Stress_Vg_gm_max_before,complex_nonmonotonic,n/a,2.2083,4/5,4/5,STRONG,"Shape consistent in 4/5 folds, direction in 4/5.",389.437075,652.480487
SIN_ET_DC_RF_Imax,complex_nonmonotonic,n/a,2.1942,4/5,4/5,STRONG,"Shape consistent in 4/5 folds, direction in 4/5.",482.70867,829.915928
MEASURE_ET_CapM1BRGM,complex_nonmonotonic,n/a,2.1925,5/5,5/5,STRONG,"Shape consistent in 5/5 folds, direction in 5/5.",392.533868,675.573567
MEASURE_ET_DC_SEC_Imax,complex_nonmonotonic,n/a,2.1733,4/5,4/5,STRONG,"Shape consistent in 4/5 folds, direction in 4/5.",496.481106,839.932027
MEASURE_ET_DC_SEC_X_Ron_FPSD3p2,complex_nonmonotonic,n/a,2.1651,4/5,4/5,STRONG,"Shape consistent in 4/5 folds, direction in 4/5.",14.927277,27.771919
SIN_ET_DC_RF_Vg_max_Vd,threshold,n/a,2.1631,4/5,4/5,STRONG,"Shape consistent in 4/5 folds, direction in 4/5.",42.2635,55.118149
MEASURE_ET_DC_Stress_Id_gm_max_after,complex_nonmonotonic,n/a,2.1593,4/5,4/5,STRONG,"Shape consistent in 4/5 folds, direction in 4/5.",384.974519,658.167057
MEASURE_ET_DC_Big_Imax,complex_nonmonotonic,n/a,2.1184,4/5,4/5,STRONG,"Shape consistent in 4/5 folds, direction in 4/5.",500.864553,844.848828
TOPSIN_ET_DC_RF_Gm_m0p2,complex_nonmonotonic,n/a,2.1154,4/5,4/5,STRONG,"Shape consistent in 4/5 folds, direction in 4/5.",387.360143,661.241443
TOPSIN_ET_DC_RF_Vg_max_Vd_0p1,threshold,n/a,2.115,5/5,5/5,STRONG,"Shape consistent in 5/5 folds, direction in 5/5.",55.404276,69.795262
FIC_ET_G_per_15,threshold,n/a,2.1149,5/5,5/5,STRONG,"Shape consistent in 5/5 folds, direction in 5/5.",75.031751,91.605244
MEASURE_ET_RF_Modeling_Gm_m0p2_W,complex_nonmonotonic,n/a,2.0491,5/5,5/5,STRONG,"Shape consistent in 5/5 folds, direction in 5/5.",393.519831,663.318691
TOPSIN_ET_DC_SMALL_Vg_gm_max,complex_nonmonotonic,n/a,2.0344,4/5,4/5,STRONG,"Shape consistent in 4/5 folds, direction in 4/5.",365.582599,656.29105
MEASURE_ET_DC_SEC_S_Bin_SD3p5,threshold,n/a,2.0205,4/5,4/5,STRONG,"Shape consistent in 4/5 folds, direction in 4/5.",81.326599,95.82738
TOPSIN_ET_Load_Pull_IG_comp_Last_uA,monotonic,positive,2.0093,4/5,4/5,STRONG,"Shape consistent in 4/5 folds, direction in 4/5.",28.81012,41.547283
MEASURE_ET_DC_SEC_X_Ig_cut3_mAmm_neg_FPSD3p2,threshold,n/a,1.9705,4/5,4/5,STRONG,"Shape consistent in 4/5 folds, direction in 4/5.",37.225331,51.070052
MEASURE_ET_R_400_VER,threshold,positive,1.97,5/5,4/5,STRONG,"Shape consistent in 5/5 folds, direction in 4/5.",85.661423,103.36063
BRGM_ET_TR_1F,complex_nonmonotonic,n/a,1.9507,5/5,5/5,STRONG,"Shape consistent in 5/5 folds, direction in 5/5.",379.29326,634.541824
MEASURE_ET_DC_PIV_Imax_QP2,complex_nonmonotonic,n/a,1.9501,4/5,4/5,STRONG,"Shape consistent in 4/5 folds, direction in 4/5.",504.919996,841.310772
MEASURE_ET_C200_0,complex_nonmonotonic,n/a,1.9476,4/5,4/5,STRONG,"Shape consistent in 4/5 folds, direction in 4/5.",0.519131,1.143758
MEASURE_ET_DC_SMALL_Vg_max_Vd,complex_nonmonotonic,n/a,1.941,5/5,5/5,STRONG,"Shape consistent in 5/5 folds, direction in 5/5.",4.718989,15.494552
MEASURE_ET_Load_Pull_PhL_meas,threshold,positive,1.9398,5/5,5/5,STRONG,"Shape consistent in 5/5 folds, direction in 5/5.",53.873111,67.756046
TOPSIN_ET_R514,complex_nonmonotonic,n/a,1.9383,4/5,4/5,STRONG,"Shape consistent in 4/5 folds, direction in 4/5.",8.693137,20.179124
MEASURE_ET_DC_RF_CF_S11_Ph_L1018,complex_nonmonotonic,n/a,1.9292,4/5,4/5,STRONG,"Shape consistent in 4/5 folds, direction in 4/5.",-16.79551,-7.783287
THIN_ET_DC_RD_Vboff,threshold,n/a,1.8696,5/5,5/5,STRONG,"Shape consistent in 5/5 folds, direction in 5/5.",90.420424,106.194636
SIN_GATE_ET_Rc_OG144,complex_nonmonotonic,n/a,1.8638,4/5,4/5,STRONG,"Shape consistent in 4/5 folds, direction in 4/5.",0.117434,0.29914
TOPSIN_ET_DC_SMALL_Vbin_gd,monotonic,positive,1.8577,4/5,4/5,STRONG,"Shape consistent in 4/5 folds, direction in 4/5.",17.802403,38.396634
MEASURE_ET_DC_RF_Gm_m0p2_W,complex_nonmonotonic,n/a,1.8558,4/5,4/5,STRONG,"Shape consistent in 4/5 folds, direction in 4/5.",410.856641,652.780431
MEASURE_ET_DC_SEC_X_Ig_cut1_mAmm_neg,complex_nonmonotonic,n/a,1.8504,4/5,4/5,STRONG,"Shape consistent in 4/5 folds, direction in 4/5.",0.638246,12.900631
MEASURE_ET_DC_RF_S21dB_26GHz_W,threshold,n/a,1.8499,5/5,5/5,STRONG,"Shape consistent in 5/5 folds, direction in 5/5.",11.553803,17.680764
SIN_GATE_ET_Ran_con_1,threshold,positive,1.8383,4/5,4/5,STRONG,"Shape consistent in 4/5 folds, direction in 4/5.",63.395321,77.412084
MEASURE_ET_DC_RF_Vg_gm_max_W,complex_nonmonotonic,n/a,1.829,4/5,4/5,STRONG,"Shape consistent in 4/5 folds, direction in 4/5.",399.153851,663.390049
THIN_ET_DC_RF_Vg_optt2,threshold,n/a,1.8159,5/5,5/5,STRONG,"Shape consistent in 5/5 folds, direction in 5/5.",51.885117,65.120428
MEASURE_ET_DC_SMALL_Vg_gm_max,complex_nonmonotonic,n/a,1.8082,4/5,4/5,STRONG,"Shape consistent in 4/5 folds, direction in 4/5.",404.378799,651.019807
MEASURE_ET_DC_RD_Ft,threshold,positive,1.7934,4/5,4/5,STRONG,"Shape consistent in 4/5 folds, direction in 4/5.",21.40795,33.909006
MEASURE_ET_DC_RF_S11dB_10GHz,complex_nonmonotonic,n/a,1.7879,5/5,5/5,STRONG,"Shape consistent in 5/5 folds, direction in 5/5.",-17.093463,-5.735501
TOPSIN_ET_DC_RF_Vds_max,complex_nonmonotonic,n/a,1.7836,4/5,4/5,STRONG,"Shape consistent in 4/5 folds, direction in 4/5.",-1.70094,8.222246
MEASURE_ET_RF_Modeling_Cgs,threshold,positive,1.7545,4/5,4/5,STRONG,"Shape consistent in 4/5 folds, direction in 4/5.",89.226858,103.516155
MEASURE_ET_DC_RF2_S22ang_26GHz,complex_nonmonotonic,n/a,1.7498,4/5,4/5,STRONG,"Shape consistent in 4/5 folds, direction in 4/5.",-19.05657,-7.386026
TOPSIN_ET_DC_RF_Vg_optt,threshold,n/a,1.7477,4/5,4/5,STRONG,"Shape consistent in 4/5 folds, direction in 4/5.",63.762638,82.216803
TOPSIN_ET_DC_SMALL_Gm_max,threshold,n/a,1.7368,4/5,4/5,STRONG,"Shape consistent in 4/5 folds, direction in 4/5.",396.25266,650.929051
MEASURE_ET_RF_Modeling_Idss_W,threshold,n/a,1.7299,4/5,4/5,STRONG,"Shape consistent in 4/5 folds, direction in 4/5.",244.438384,473.725403
THIN_ET_DC_RF_n_gs,threshold,positive,1.7192,5/5,5/5,STRONG,"Shape consistent in 5/5 folds, direction in 5/5.",60.67272,74.818927
TOPSIN_ET_R_f_tn_1,threshold,n/a,1.703,4/5,4/5,STRONG,"Shape consistent in 4/5 folds, direction in 4/5.",78.535488,92.50291
MEASURE_ET_DC_Big_S12ang_10GHz,complex_nonmonotonic,n/a,1.6901,5/5,5/5,STRONG,"Shape consistent in 5/5 folds, direction in 5/5.",-32.637454,-19.340055
MEASURE_ET_DC_RF_Max_S11_Mag_L2180,threshold,n/a,1.6642,4/5,4/5,STRONG,"Shape consistent in 4/5 folds, direction in 4/5.",11.940089,17.487133
MEASURE_ET_LT_SEC_Vg_Id_min,complex_nonmonotonic,n/a,1.6608,4/5,4/5,STRONG,"Shape consistent in 4/5 folds, direction in 4/5.",2.168842,13.78221
MEASURE_ET_Load_Pull_ID_comp_Last_mA,complex_nonmonotonic,n/a,1.6599,4/5,4/5,STRONG,"Shape consistent in 4/5 folds, direction in 4/5.",1.961526,11.742944
MEASURE_ET_DC_SEC_S_Vg_at_I1_neg,threshold,n/a,1.6559,5/5,5/5,STRONG,"Shape consistent in 5/5 folds, direction in 5/5.",14.444401,27.457502
MEASURE_ET_DC_PIV_Imax_QP3,complex_nonmonotonic,n/a,1.6498,4/5,4/5,STRONG,"Shape consistent in 4/5 folds, direction in 4/5.",489.576228,832.471888
MEASURE_ET_DC_SEC_X_Vboff_Id,threshold,n/a,1.6417,5/5,5/5,STRONG,"Shape consistent in 5/5 folds, direction in 5/5.",88.849289,105.309608
MEASURE_ET_DC_SMALL_Idss,complex_nonmonotonic,n/a,1.6379,4/5,4/5,STRONG,"Shape consistent in 4/5 folds, direction in 4/5.",230.653189,475.933333
MEASURE_ET_DC_RF_Id_gm_max,complex_nonmonotonic,n/a,1.6277,4/5,4/5,STRONG,"Shape consistent in 4/5 folds, direction in 4/5.",386.121553,659.421202
MEASURE_ET_DC_SEC_X_Id_mA_mm_at_Vg1,complex_nonmonotonic,n/a,1.6175,5/5,5/5,STRONG,"Shape consistent in 5/5 folds, direction in 5/5.",48.937359,64.223821
TOPSIN_ET_DC_RF_Vg_max_Vd,complex_nonmonotonic,n/a,1.6138,4/5,4/5,STRONG,"Shape consistent in 4/5 folds, direction in 4/5.",1.893467,11.640307
THIN_ET_DC_RF_n_gd,threshold,n/a,1.5981,4/5,4/5,STRONG,"Shape consistent in 4/5 folds, direction in 4/5.",55.043118,69.719867
THIN_ET_DC_RF_Vg_optt3,complex_nonmonotonic,n/a,1.5967,4/5,4/5,STRONG,"Shape consistent in 4/5 folds, direction in 4/5.",1.743463,10.484837
TOPSIN_ET_C450pf_0,threshold,n/a,1.5958,4/5,4/5,STRONG,"Shape consistent in 4/5 folds, direction in 4/5.",85.644108,104.675134
MEASURE_ET_DC_RF_S12dB_26GHz,complex_nonmonotonic,n/a,1.5852,4/5,4/5,STRONG,"Shape consistent in 4/5 folds, direction in 4/5.",-30.544442,-18.10069
TOPSIN_ET_R414,threshold,n/a,1.5759,4/5,4/5,STRONG,"Shape consistent in 4/5 folds, direction in 4/5.",4.421545,16.164964
TOPSIN_ET_C100CapM1BRGM,complex_nonmonotonic,n/a,1.5754,4/5,4/5,STRONG,"Shape consistent in 4/5 folds, direction in 4/5.",393.693165,643.182055
MEASURE_ET_RF_Modeling_Fmax_int,threshold,positive,1.5635,4/5,4/5,STRONG,"Shape consistent in 4/5 folds, direction in 4/5.",65.634188,80.085333
FIC_Height_FIC_metal_thickness,threshold,n/a,1.5615,4/5,4/5,STRONG,"Shape consistent in 4/5 folds, direction in 4/5.",1.790497,2.503757
MEASURE_ET_DC_SEC_S_Id_plus_Ig_at_Vboff_mA_mm_SD3p5,threshold,positive,1.5564,4/5,4/5,STRONG,"Shape consistent in 4/5 folds, direction in 4/5.",81.402939,97.352212
MEASURE_ET_RF_Modeling_Vth,complex_nonmonotonic,n/a,1.5426,4/5,4/5,STRONG,"Shape consistent in 4/5 folds, direction in 4/5.",-0.470861,11.174255
TFRP_ET_Rc_TF_AB_2,threshold,n/a,1.5406,4/5,4/5,STRONG,"Shape consistent in 4/5 folds, direction in 4/5.",0.115152,0.309207
MEASURE_ET_DC_RF_CF_S21_Mag_L1018,threshold,n/a,1.5348,4/5,4/5,STRONG,"Shape consistent in 4/5 folds, direction in 4/5.",12.492788,17.410713
THIN_ET_DC_RF_Idss,complex_nonmonotonic,n/a,1.5323,4/5,4/5,STRONG,"Shape consistent in 4/5 folds, direction in 4/5.",245.772039,463.151194
FIC_ET_R214,threshold,positive,1.5257,4/5,4/5,STRONG,"Shape consistent in 4/5 folds, direction in 4/5.",47.165379,61.091354
SIN_ET_DC_RF_Vg_gm_max,complex_nonmonotonic,n/a,1.521,4/5,4/5,STRONG,"Shape consistent in 4/5 folds, direction in 4/5.",369.186737,661.866369
THIN_ET_Ran_con_2,complex_nonmonotonic,n/a,1.5021,4/5,4/5,STRONG,"Shape consistent in 4/5 folds, direction in 4/5.",22.265229,33.764305
MEASURE_ET_DC_SMALL_Vdg_max_0p1,complex_nonmonotonic,n/a,1.5006,4/5,4/5,STRONG,"Shape consistent in 4/5 folds, direction in 4/5.",31.180427,42.203986
THIN_ET_DC_RF_Id_gm_max,complex_nonmonotonic,n/a,1.489,4/5,4/5,STRONG,"Shape consistent in 4/5 folds, direction in 4/5.",382.398925,648.97248
THIN_ET_sh_f_hr_23,complex_nonmonotonic,n/a,1.4767,4/5,4/5,STRONG,"Shape consistent in 4/5 folds, direction in 4/5.",-1.788325,8.105798
MEASURE_ET_DC_SEC_S_Ig_cut3_mAmm_pos,threshold,positive,1.4531,4/5,4/5,STRONG,"Shape consistent in 4/5 folds, direction in 4/5.",88.397698,104.502821
MEASURE_ET_DC_SEC_S_Ig_cut1_mAmm_neg_FPSD3p2,complex_nonmonotonic,n/a,1.4406,4/5,4/5,STRONG,"Shape consistent in 4/5 folds, direction in 4/5.",4.476099,14.582807
MEASURE_ET_DC_RF_CF_S22_Ph_L1018,threshold,n/a,1.4337,4/5,4/5,STRONG,"Shape consistent in 4/5 folds, direction in 4/5.",-15.96019,-8.151792
MEASURE_ET_RF_Modeling_Cds,threshold,n/a,1.4175,5/5,5/5,STRONG,"Shape consistent in 5/5 folds, direction in 5/5.",14.145481,24.428625
FIC_ET_Id_mAmm_at_Vd_cond,threshold,n/a,1.4164,5/5,5/5,STRONG,"Shape consistent in 5/5 folds, direction in 5/5.",47.434584,58.83021
BRGM_ET_Rc_F_AB_2,complex_nonmonotonic,n/a,1.4101,5/5,5/5,STRONG,"Shape consistent in 5/5 folds, direction in 5/5.",384.178523,652.113066
MEASURE_ET_DC_RF_Idss_W,complex_nonmonotonic,n/a,1.4078,4/5,4/5,STRONG,"Shape consistent in 4/5 folds, direction in 4/5.",233.826381,474.926611
TOPSIN_ET_DC_RF_Vboff,threshold,positive,1.3945,5/5,4/5,STRONG,"Shape consistent in 5/5 folds, direction in 4/5.",83.868659,101.387209
TOPSIN_ET_C100CapUSV,complex_nonmonotonic,n/a,1.3944,4/5,4/5,STRONG,"Shape consistent in 4/5 folds, direction in 4/5.",0.523209,1.075322
MEASURE_ET_DC_RF2_S11dB_26GHz,complex_nonmonotonic,n/a,1.3931,5/5,5/5,STRONG,"Shape consistent in 5/5 folds, direction in 5/5.",-16.874186,-6.971069
MEASURE_ET_RF_Modeling_S21_25G_After,threshold,n/a,1.3853,4/5,4/5,STRONG,"Shape consistent in 4/5 folds, direction in 4/5.",11.532483,17.343755
FIC_ET_HIRS,threshold,positive,1.3843,5/5,5/5,STRONG,"Shape consistent in 5/5 folds, direction in 5/5.",52.327342,65.651998
MEASURE_ET_R_660_HOR,threshold,n/a,1.384,4/5,4/5,STRONG,"Shape consistent in 4/5 folds, direction in 4/5.",35.261204,47.59756
TOPSIN_ET_DC_RF_Vdg_max_0p1,threshold,n/a,1.3765,4/5,4/5,STRONG,"Shape consistent in 4/5 folds, direction in 4/5.",83.591243,98.604225
MEASURE_ET_DC_RF_S22dB_26GHz_W,complex_nonmonotonic,n/a,1.3673,4/5,4/5,STRONG,"Shape consistent in 4/5 folds, direction in 4/5.",-17.536433,-5.661435
SIN_ET_Probe_Number,complex_nonmonotonic,n/a,1.3621,4/5,4/5,STRONG,"Shape consistent in 4/5 folds, direction in 4/5.",0.964741,5.191503
THIN_ET_R_f_hr_1,threshold,positive,1.3602,4/5,4/5,STRONG,"Shape consistent in 4/5 folds, direction in 4/5.",91.263566,107.212975
MEASURE_ET_DC_RF_Vbgd_0p1,threshold,positive,1.3584,4/5,4/5,STRONG,"Shape consistent in 4/5 folds, direction in 4/5.",18.680641,37.911166
THIN_ET_DC_RF_Vg_max_Vd_0p1mA,threshold,n/a,1.3539,5/5,5/5,STRONG,"Shape consistent in 5/5 folds, direction in 5/5.",67.088475,80.293897
THIN_ET_Rcat_cn_3_OW_ST,complex_nonmonotonic,n/a,1.3534,4/5,4/5,STRONG,"Shape consistent in 4/5 folds, direction in 4/5.",0.122173,0.321104
MEASURE_ET_Rsh_F_AB_2,threshold,n/a,1.3431,4/5,4/5,STRONG,"Shape consistent in 4/5 folds, direction in 4/5.",102.361535,132.375085
MEASURE_ET_DC_SEC_X_Vg_at_I2_pos_FPSD3p2,complex_nonmonotonic,n/a,1.3314,4/5,4/5,STRONG,"Shape consistent in 4/5 folds, direction in 4/5.",52.368446,64.794053
MEASURE_ET_R_f_tn_1,complex_nonmonotonic,n/a,1.3217,4/5,4/5,STRONG,"Shape consistent in 4/5 folds, direction in 4/5.",3.34401,13.642599
MEASURE_ET_DC_SEC_X_Ig_mAmm_at_Vg_cond_neg_SD3p5,threshold,n/a,1.2976,4/5,4/5,STRONG,"Shape consistent in 4/5 folds, direction in 4/5.",91.172124,105.82071
OHMIC_ET_R114,threshold,n/a,1.2972,5/5,5/5,STRONG,"Shape consistent in 5/5 folds, direction in 5/5.",3.282238,12.866927
MEASURE_ET_Er,threshold,n/a,1.2964,4/5,4/5,STRONG,"Shape consistent in 4/5 folds, direction in 4/5.",52.67332,65.700118
ANODE_ET_Ran_con_1,complex_nonmonotonic,n/a,1.2957,4/5,4/5,STRONG,"Shape consistent in 4/5 folds, direction in 4/5.",-1.407911,8.524653
MEASURE_ET_DC_SEC_X_Ig_cut2_mAmm_pos_FPSD3p2,threshold,n/a,1.2957,5/5,5/5,STRONG,"Shape consistent in 5/5 folds, direction in 5/5.",70.200917,84.276101
MEASURE_ET_DC_Big_Vds_max,threshold,n/a,1.2799,4/5,4/5,STRONG,"Shape consistent in 4/5 folds, direction in 4/5.",65.103776,81.851694
THIN_ET_KLV_F_AB_4u,threshold,n/a,1.2797,4/5,4/5,STRONG,"Shape consistent in 4/5 folds, direction in 4/5.",23.863378,34.094727
MEASURE_ET_DC_RF_MAG_35GHz_W,threshold,n/a,1.2599,5/5,5/5,STRONG,"Shape consistent in 5/5 folds, direction in 5/5.",11.988348,18.010424
MEASURE_ET_DC_SEC_X_Ig_cut3_mAmm_neg,threshold,positive,1.258,4/5,4/5,STRONG,"Shape consistent in 4/5 folds, direction in 4/5.",19.106779,29.025914
MEASURE_ET_DC_Stress_Vd_stress,complex_nonmonotonic,n/a,1.2539,4/5,4/5,STRONG,"Shape consistent in 4/5 folds, direction in 4/5.",7.850696,18.743586
MEASURE_ET_DC_SEC_S_Vg_at_I1_pos_SD3p5,threshold,n/a,1.2528,5/5,5/5,STRONG,"Shape consistent in 5/5 folds, direction in 5/5.",53.596032,69.486801
TOPSIN_ET_lkg_CapFICBRGM,complex_nonmonotonic,n/a,1.2514,5/5,5/5,STRONG,"Shape consistent in 5/5 folds, direction in 5/5.",404.449974,665.157774
TOPSIN_ET_Load_Pull_Freq,threshold,n/a,1.2393,5/5,5/5,STRONG,"Shape consistent in 5/5 folds, direction in 5/5.",38.613357,52.409107
MEASURE_ET_DC_SEC_X_Ids_max,threshold,n/a,1.2334,4/5,4/5,STRONG,"Shape consistent in 4/5 folds, direction in 4/5.",52.647568,66.415594
MEASURE_ET_DC_SEC_Vg_min_ON,threshold,n/a,1.2291,4/5,4/5,STRONG,"Shape consistent in 4/5 folds, direction in 4/5.",87.056586,101.768326
FIC_ET_DC_RF_Vg_max_Vd,complex_nonmonotonic,n/a,1.2253,4/5,4/5,STRONG,"Shape consistent in 4/5 folds, direction in 4/5.",-3.324963,8.634272
MEASURE_ET_DC_Diode_S11_dB_forw,threshold,n/a,1.2158,4/5,4/5,STRONG,"Shape consistent in 4/5 folds, direction in 4/5.",-18.821481,-2.981461
CATHODE_ET_Rsh_cat_c2,threshold,n/a,1.2028,5/5,5/5,STRONG,"Shape consistent in 5/5 folds, direction in 5/5.",103.063422,132.889025
THIN_ET_DC_RF_Vdg_max_0p1mA,complex_nonmonotonic,n/a,1.1942,5/5,5/5,STRONG,"Shape consistent in 5/5 folds, direction in 5/5.",45.04144,57.625127
MEASURE_ET_DC_SMALL_Vdg_max,threshold,n/a,1.1924,4/5,4/5,STRONG,"Shape consistent in 4/5 folds, direction in 4/5.",28.968445,39.718526
MEASURE_ET_DC_Stress_Id_max_Ig_before,threshold,n/a,1.1898,4/5,4/5,STRONG,"Shape consistent in 4/5 folds, direction in 4/5.",45.610117,57.845089
MEASURE_ET_DC_SEC_X_Ig_cut2_mAmm_neg_SD3p5,threshold,n/a,1.1872,4/5,4/5,STRONG,"Shape consistent in 4/5 folds, direction in 4/5.",91.896539,106.700251
MEASURE_ET_DC_SEC_S_Id_mA_mm_at_Vg3,threshold,n/a,1.1846,4/5,4/5,STRONG,"Shape consistent in 4/5 folds, direction in 4/5.",87.470167,103.857219
MEASURE_ET_DC_SEC_S_Ron_SD3p5,threshold,n/a,1.1572,5/5,5/5,STRONG,"Shape consistent in 5/5 folds, direction in 5/5.",37.393396,48.729065
MEASURE_ET_CapFICBRGM,threshold,n/a,1.1545,4/5,4/5,STRONG,"Shape consistent in 4/5 folds, direction in 4/5.",387.221022,661.591852
MEASURE_ET_LT_SEC_ChipStatus,threshold,n/a,1.0801,4/5,4/5,STRONG,"Shape consistent in 4/5 folds, direction in 4/5.",28.347175,37.903163
EBCR2_Ali_Litho_Gate_to_ohmic_alignment,threshold,n/a,1.0783,5/5,5/5,STRONG,"Shape consistent in 5/5 folds, direction in 5/5.",-0.050258,0.063225
FIC_ET_DC_PIV_Ids0_QP3,threshold,n/a,1.0496,5/5,5/5,STRONG,"Shape consistent in 5/5 folds, direction in 5/5.",83.115018,97.409741
MEASURE_ET_DC_SEC_S_Ig_mAmm_at_Vg_cond_pos_FPSD3p2,threshold,n/a,1.048,4/5,4/5,STRONG,"Shape consistent in 4/5 folds, direction in 4/5.",29.613413,42.325136
MEASURE_ET_DC_SMALL_n_gd,threshold,positive,1.0443,4/5,4/5,STRONG,"Shape consistent in 4/5 folds, direction in 4/5.",59.373797,74.071823
MEASURE_ET_DC_RF_Ids_m0p2,threshold,n/a,1.0365,4/5,4/5,STRONG,"Shape consistent in 4/5 folds, direction in 4/5.",57.87474,70.65936
TOPSIN_ET_GC_Igs,threshold,n/a,1.0303,4/5,4/5,STRONG,"Shape consistent in 4/5 folds, direction in 4/5.",87.458807,102.071611
GATE2_CD_358nm_Gate_Win_Length,threshold,n/a,1.0215,4/5,4/5,STRONG,"Shape consistent in 4/5 folds, direction in 4/5.",0.5111,0.592996
MEASURE_ET_Probe_Number,threshold,n/a,1.0177,4/5,4/5,STRONG,"Shape consistent in 4/5 folds, direction in 4/5.",0.963042,5.135748
SIN_GATE_ET_Rsh_an_ct2,threshold,n/a,1.008,4/5,4/5,STRONG,"Shape consistent in 4/5 folds, direction in 4/5.",101.194438,136.170812
MEASURE_ET_RF_Modeling_Gds_err,threshold,n/a,1.0076,4/5,4/5,STRONG,"Shape consistent in 4/5 folds, direction in 4/5.",25.989363,41.674675
MEASURE_ET_DC_SEC_S_Bin,threshold,positive,1.0032,4/5,4/5,STRONG,"Shape consistent in 4/5 folds, direction in 4/5.",60.395523,72.609991
MEASURE_ET_DC_RF_Vt_gd,complex_nonmonotonic,n/a,0.9975,4/5,4/5,STRONG,"Shape consistent in 4/5 folds, direction in 4/5.",-0.174008,12.574366
MEASURE_ET_DC_Big_Ft,threshold,n/a,0.9952,5/5,5/5,STRONG,"Shape consistent in 5/5 folds, direction in 5/5.",62.300139,76.920463
FIC_ET_DC_RF_Vt_gd,threshold,n/a,0.9949,5/5,5/5,STRONG,"Shape consistent in 5/5 folds, direction in 5/5.",64.479452,77.542355
THIN_ET_Ran_con_1,threshold,n/a,0.975,4/5,4/5,STRONG,"Shape consistent in 4/5 folds, direction in 4/5.",40.245341,53.996553
MEASURE_ET_DC_RF_S12dB_10GHz,threshold,n/a,0.9737,4/5,4/5,STRONG,"Shape consistent in 4/5 folds, direction in 4/5.",-31.878038,-17.806179
MEASURE_ET_RF_Modeling_S12dB_10GHz,threshold,n/a,0.9715,4/5,4/5,STRONG,"Shape consistent in 4/5 folds, direction in 4/5.",-31.007019,-17.706295
MEASURE_ET_DC_SEC_X_Vboff_Id_plus_Ig_FPSD3p2,threshold,n/a,0.936,4/5,4/5,STRONG,"Shape consistent in 4/5 folds, direction in 4/5.",49.192918,62.295072
MEASURE_ET_DC_SMALL_Vp_01,complex_nonmonotonic,n/a,0.9313,4/5,4/5,STRONG,"Shape consistent in 4/5 folds, direction in 4/5.",-1.385722,-0.710568
ANODE_ET_Probe_Number,threshold,n/a,0.9217,4/5,4/5,STRONG,"Shape consistent in 4/5 folds, direction in 4/5.",0.969216,5.117753
MEASURE_ET_R_f_tn_2,threshold,n/a,0.9215,4/5,4/5,STRONG,"Shape consistent in 4/5 folds, direction in 4/5.",60.347553,75.651584
MEASURE_ET_RF_Modeling_Lg,threshold,n/a,0.9205,5/5,5/5,STRONG,"Shape consistent in 5/5 folds, direction in 5/5.",17.957871,30.285443
MEASURE_ET_DC_SEC_S_Id_mA_mm_at_Vg1,threshold,positive,0.9045,5/5,5/5,STRONG,"Shape consistent in 5/5 folds, direction in 5/5.",77.562239,91.459224
MEASURE_ET_DC_RD_Id_Vbon_max,threshold,n/a,0.9035,4/5,4/5,STRONG,"Shape consistent in 4/5 folds, direction in 4/5.",89.39034,105.683734
MEASURE_ET_Rsh_an_ct2_OW_CR,threshold,n/a,0.877,5/5,5/5,STRONG,"Shape consistent in 5/5 folds, direction in 5/5.",101.122231,137.282672
MEASURE_ET_DC_RF_Vg_Vbon_max,threshold,n/a,0.8688,4/5,4/5,STRONG,"Shape consistent in 4/5 folds, direction in 4/5.",81.043984,96.68478
MEASURE_ET_DC_SEC_X_Vg_at_I1_pos_SD3p5,threshold,n/a,0.8541,4/5,4/5,STRONG,"Shape consistent in 4/5 folds, direction in 4/5.",7.036524,18.068532
TOPSIN_ET_KLV_F_AB_4u_FEMSO,threshold,n/a,0.8368,4/5,4/5,STRONG,"Shape consistent in 4/5 folds, direction in 4/5.",54.965843,69.644967
MEASURE_ET_DC_SEC_Vgs_0p1V,threshold,n/a,0.8355,4/5,4/5,STRONG,"Shape consistent in 4/5 folds, direction in 4/5.",12.655762,23.363347
THIN_ET_Rsh_TF_AB2,threshold,n/a,0.7719,4/5,4/5,STRONG,"Shape consistent in 4/5 folds, direction in 4/5.",100.058259,136.849806
MEASURE_ET_DC_SEC_X_Ig_mAmm_at_Vg_cond_neg_FPSD3p2,threshold,n/a,0.7523,4/5,4/5,STRONG,"Shape consistent in 4/5 folds, direction in 4/5.",92.39529,107.444921
MEASURE_ET_DC_SEC_S_Id_mA_mm_at_Vg2_FPSD3p2,threshold,n/a,0.7333,4/5,4/5,STRONG,"Shape consistent in 4/5 folds, direction in 4/5.",68.324895,81.581768
SIN_Thickness1_RefractiveIndex,threshold,n/a,0.6709,4/5,4/5,STRONG,"Shape consistent in 4/5 folds, direction in 4/5.",1.854869,2.041466
MEASURE_ET_Cap2pf,threshold,n/a,0.6363,5/5,5/5,STRONG,"Shape consistent in 5/5 folds, direction in 5/5.",0.477896,1.074994
THIN_ET_i5021_3,threshold,n/a,0.5918,5/5,5/5,STRONG,"Shape consistent in 5/5 folds, direction in 5/5.",78.146896,94.249921
MEASURE_ET_LT_SEC_Ileak_m12p5V_mA_mm,complex_nonmonotonic,n/a,4.2421,3/5,3/5,MODERATE,"Shape consistent in 3/5 folds, direction in 3/5 -- majority but not unanimous.",0.008134,0.351538
SIN_GATE_ET_lkg_SY8_80,complex_nonmonotonic,n/a,4.0835,3/5,3/5,MODERATE,"Shape consistent in 3/5 folds, direction in 3/5 -- majority but not unanimous.",0.007935,0.474625
TOPSIN_ET_lkg_C175pf,inverted_U,n/a,4.0626,3/5,3/5,MODERATE,"Shape consistent in 3/5 folds, direction in 3/5 -- majority but not unanimous.",0.009205,0.331944
MEASURE_ET_lkg_Cap_USV,complex_nonmonotonic,n/a,3.9247,3/5,3/5,MODERATE,"Shape consistent in 3/5 folds, direction in 3/5 -- majority but not unanimous.",0.008205,0.331299
FIC_ET_lkg_SY8_80,complex_nonmonotonic,n/a,3.8658,3/5,3/5,MODERATE,"Shape consistent in 3/5 folds, direction in 3/5 -- majority but not unanimous.",0.012786,0.349422
THIN_ET_lkg_5,inverted_U,n/a,3.7402,3/5,3/5,MODERATE,"Shape consistent in 3/5 folds, direction in 3/5 -- majority but not unanimous.",0.010165,0.553786
MEASURE_ET_LT_SEC_Ileak_m9V_mA_mm,inverted_U,n/a,3.6485,3/5,3/5,MODERATE,"Shape consistent in 3/5 folds, direction in 3/5 -- majority but not unanimous.",0.007501,0.330495
TOPSIN_ET_lkg_Cap2,threshold,negative,3.6383,3/5,3/5,MODERATE,"Shape consistent in 3/5 folds, direction in 3/5 -- majority but not unanimous.",0.008814,0.451349
SIN_GATE_ET_lkg_5,complex_nonmonotonic,n/a,3.5393,3/5,3/5,MODERATE,"Shape consistent in 3/5 folds, direction in 3/5 -- majority but not unanimous.",0.012311,0.394211
TOPSIN_ET_lkg_Cap_USV,complex_nonmonotonic,n/a,3.4969,3/5,3/5,MODERATE,"Shape consistent in 3/5 folds, direction in 3/5 -- majority but not unanimous.",0.007605,0.559544
MEASURE_ET_lkg_70,complex_nonmonotonic,n/a,3.4722,3/5,3/5,MODERATE,"Shape consistent in 3/5 folds, direction in 3/5 -- majority but not unanimous.",0.007998,0.392597
TOPSIN_ET_lkg_C300pf,monotonic,negative,3.4459,1/5,5/5,MODERATE,"Shape consistent in 1/5 folds, direction in 5/5 -- majority but not unanimous.",0.005193,0.402989
OHMIC_ET_lkg_5,threshold,negative,3.3667,1/5,3/5,MODERATE,"Shape consistent in 1/5 folds, direction in 3/5 -- majority but not unanimous.",0.01257,0.379978
MEASURE_ET_LT_SEC_Ileak_m16p5V_mA_mm,monotonic,negative,3.3226,1/5,5/5,MODERATE,"Shape consistent in 1/5 folds, direction in 5/5 -- majority but not unanimous.",0.013416,0.465556
MEASURE_ET_lkg_C385pf,threshold,negative,3.278,3/5,5/5,MODERATE,"Shape consistent in 3/5 folds, direction in 5/5 -- majority but not unanimous.",0.011045,0.767281
MEASURE_ET_lkg_100,complex_nonmonotonic,n/a,3.1371,3/5,3/5,MODERATE,"Shape consistent in 3/5 folds, direction in 3/5 -- majority but not unanimous.",0.010662,0.351201
TOPSIN_ET_DC_SMALL_Vbgs_0p1,monotonic,positive,3.0604,0/5,3/5,MODERATE,"Shape consistent in 0/5 folds, direction in 3/5 -- majority but not unanimous.",19.725457,39.301844
SIN_ET_DC_RF_Vg_max_Vd_0p1,threshold,positive,2.9685,4/5,1/5,MODERATE,"Shape consistent in 4/5 folds, direction in 1/5 -- majority but not unanimous.",59.177348,76.382399
SIN_ET_DC_RF_Idss,complex_nonmonotonic,n/a,2.9532,3/5,3/5,MODERATE,"Shape consistent in 3/5 folds, direction in 3/5 -- majority but not unanimous.",256.92004,459.114907
MEASURE_ET_lkg_CapPARCAP,monotonic,negative,2.9511,1/5,3/5,MODERATE,"Shape consistent in 1/5 folds, direction in 3/5 -- majority but not unanimous.",0.01184,0.417623
MEASURE_ET_Rcat_cn_2,complex_nonmonotonic,n/a,2.9363,3/5,3/5,MODERATE,"Shape consistent in 3/5 folds, direction in 3/5 -- majority but not unanimous.",0.08765,0.304717
MEASURE_ET_lkg_C20,monotonic,negative,2.932,2/5,3/5,MODERATE,"Shape consistent in 2/5 folds, direction in 3/5 -- majority but not unanimous.",0.011797,0.340668
MEASURE_ET_lkg_70_at20V,monotonic,negative,2.8065,1/5,5/5,MODERATE,"Shape consistent in 1/5 folds, direction in 5/5 -- majority but not unanimous.",0.010513,0.420343
FIC_ET_DC_PIV_Drain_Lag_0,threshold,negative,2.7429,3/5,4/5,MODERATE,"Shape consistent in 3/5 folds, direction in 4/5 -- majority but not unanimous.",0.491858,12.388222
MEASURE_ET_DC_PIV_Drain_Lag_0,monotonic,negative,2.7365,1/5,5/5,MODERATE,"Shape consistent in 1/5 folds, direction in 5/5 -- majority but not unanimous.",0.491115,12.64175
MEASURE_ET_lkg_USV_Cap,monotonic,negative,2.7147,0/5,3/5,MODERATE,"Shape consistent in 0/5 folds, direction in 3/5 -- majority but not unanimous.",0.008469,0.372469
MEASURE_ET_LT_SEC_Vbgd1_Vd3,threshold,n/a,2.676,3/5,3/5,MODERATE,"Shape consistent in 3/5 folds, direction in 3/5 -- majority but not unanimous.",17.993868,37.238557
MEASURE_ET_DC_SEC_X_Ig_mAmm_at_Vg_cond_neg,monotonic,positive,2.6229,1/5,4/5,MODERATE,"Shape consistent in 1/5 folds, direction in 4/5 -- majority but not unanimous.",44.139275,55.787019
MEASURE_ET_Vbpin,complex_nonmonotonic,n/a,2.5845,3/5,3/5,MODERATE,"Shape consistent in 3/5 folds, direction in 3/5 -- majority but not unanimous.",21.836268,37.519182
THIN_ET_Rcat_cn_3,inverted_U,n/a,2.5743,3/5,3/5,MODERATE,"Shape consistent in 3/5 folds, direction in 3/5 -- majority but not unanimous.",0.086735,0.300026
BRGM_ET_KLV_F_M1_4u,complex_nonmonotonic,n/a,2.5735,3/5,3/5,MODERATE,"Shape consistent in 3/5 folds, direction in 3/5 -- majority but not unanimous.",377.802158,641.227249
MEASURE_ET_DC_SMALL_Vbgs1,threshold,positive,2.5724,3/5,3/5,MODERATE,"Shape consistent in 3/5 folds, direction in 3/5 -- majority but not unanimous.",17.068494,38.406961
THIN_ET_Rc_an_ct2_OW_CR,complex_nonmonotonic,n/a,2.5394,3/5,3/5,MODERATE,"Shape consistent in 3/5 folds, direction in 3/5 -- majority but not unanimous.",0.103437,0.297432
SIN_ET_DC_RF_Vbgs_0p01,complex_nonmonotonic,n/a,2.4859,3/5,3/5,MODERATE,"Shape consistent in 3/5 folds, direction in 3/5 -- majority but not unanimous.",20.908574,39.304845
FIC_ET_DC_PIV_Gate_Lag_0,monotonic,negative,2.4216,2/5,5/5,MODERATE,"Shape consistent in 2/5 folds, direction in 5/5 -- majority but not unanimous.",0.487842,9.028595
MEASURE_ET_DC_Stress_Id_max_Ig_after,complex_nonmonotonic,n/a,2.4174,3/5,3/5,MODERATE,"Shape consistent in 3/5 folds, direction in 3/5 -- majority but not unanimous.",-2.931567,7.376083
TOPSIN_ET_CapFICBRGM,complex_nonmonotonic,n/a,2.3729,3/5,3/5,MODERATE,"Shape consistent in 3/5 folds, direction in 3/5 -- majority but not unanimous.",394.491605,659.364435
MEASURE_ET_DC_SEC_X_Id_mA_mm_at_Vg3_SD3p5,complex_nonmonotonic,n/a,2.3142,3/5,3/5,MODERATE,"Shape consistent in 3/5 folds, direction in 3/5 -- majority but not unanimous.",14.129766,25.818761
SIN_GATE_ET_RGAN2,monotonic,positive,2.3085,1/5,5/5,MODERATE,"Shape consistent in 1/5 folds, direction in 5/5 -- majority but not unanimous.",89.600627,107.190262
OHMIC_ET_sh_GA142,monotonic,positive,2.3017,3/5,5/5,MODERATE,"Shape consistent in 3/5 folds, direction in 5/5 -- majority but not unanimous.",79.425985,95.689725
FIC_ET_G_per_25,monotonic,positive,2.2835,2/5,5/5,MODERATE,"Shape consistent in 2/5 folds, direction in 5/5 -- majority but not unanimous.",50.998517,63.853582
SIN_ET_DC_RF_Vbin_gd,complex_nonmonotonic,n/a,2.2823,3/5,3/5,MODERATE,"Shape consistent in 3/5 folds, direction in 3/5 -- majority but not unanimous.",18.392066,39.404163
SIN_ET_DC_RF_Ids_m0p2,threshold,n/a,2.2104,3/5,3/5,MODERATE,"Shape consistent in 3/5 folds, direction in 3/5 -- majority but not unanimous.",77.377765,92.905338
TOPSIN_ET_DC_RF_Vbgs_0p01,threshold,positive,2.1884,3/5,2/5,MODERATE,"Shape consistent in 3/5 folds, direction in 2/5 -- majority but not unanimous.",14.633323,38.918041
TOPSIN_ET_DC_SMALL_Vboff,monotonic,positive,2.1847,3/5,4/5,MODERATE,"Shape consistent in 3/5 folds, direction in 4/5 -- majority but not unanimous.",83.58793,96.404872
OHMIC_ET_Rsh_an_ct2,inverted_U,n/a,2.1758,3/5,3/5,MODERATE,"Shape consistent in 3/5 folds, direction in 3/5 -- majority but not unanimous.",97.306278,142.775838
TOPSIN_ET_DC_SMALL_Vdg_max_0p1,monotonic,positive,2.1746,2/5,4/5,MODERATE,"Shape consistent in 2/5 folds, direction in 4/5 -- majority but not unanimous.",76.101515,91.265805
OHMIC_ET_Ran_con_1,monotonic,positive,2.1651,3/5,5/5,MODERATE,"Shape consistent in 3/5 folds, direction in 5/5 -- majority but not unanimous.",89.618836,105.377415
CATHODE_ET_Rcat_cn_1,complex_nonmonotonic,n/a,2.1395,3/5,3/5,MODERATE,"Shape consistent in 3/5 folds, direction in 3/5 -- majority but not unanimous.",0.115327,0.31691
MEASURE_ET_sh_GA142_GN,monotonic,positive,2.1255,0/5,4/5,MODERATE,"Shape consistent in 0/5 folds, direction in 4/5 -- majority but not unanimous.",73.464791,90.086843
MEASURE_ET_DC_SEC_X_Vg_at_I2_neg_SD3p5,threshold,positive,2.1049,2/5,4/5,MODERATE,"Shape consistent in 2/5 folds, direction in 4/5 -- majority but not unanimous.",36.71901,49.22804
MEASURE_ET_DC_SEC_S_Id_mA_mm_at_Vg3_SD3p5,complex_nonmonotonic,n/a,2.0999,3/5,3/5,MODERATE,"Shape consistent in 3/5 folds, direction in 3/5 -- majority but not unanimous.",6.602633,16.533942
MEASURE_ET_DC_PIV_Idss_QP3,complex_nonmonotonic,n/a,2.0888,3/5,3/5,MODERATE,"Shape consistent in 3/5 folds, direction in 3/5 -- majority but not unanimous.",229.503054,481.706418
FIC_ET_DC_RF_Vbgd1,threshold,n/a,2.0486,3/5,3/5,MODERATE,"Shape consistent in 3/5 folds, direction in 3/5 -- majority but not unanimous.",20.136154,36.399374
FIC_ET_Vds_max,monotonic,positive,2.0417,3/5,4/5,MODERATE,"Shape consistent in 3/5 folds, direction in 4/5 -- majority but not unanimous.",59.407316,72.804495
MEASURE_ET_C100C500pf,complex_nonmonotonic,n/a,2.034,3/5,3/5,MODERATE,"Shape consistent in 3/5 folds, direction in 3/5 -- majority but not unanimous.",0.460329,1.126521
SIN_ET_DC_RF_Vt_gd,complex_nonmonotonic,n/a,2.0315,3/5,3/5,MODERATE,"Shape consistent in 3/5 folds, direction in 3/5 -- majority but not unanimous.",-0.179885,9.960147
TOPSIN_ET_C100Cap2pf,complex_nonmonotonic,n/a,2.0224,3/5,3/5,MODERATE,"Shape consistent in 3/5 folds, direction in 3/5 -- majority but not unanimous.",0.514262,1.203211
MEASURE_ET_DC_Stress_Idss_after,complex_nonmonotonic,n/a,2.0081,3/5,3/5,MODERATE,"Shape consistent in 3/5 folds, direction in 3/5 -- majority but not unanimous.",251.448463,462.668255
FIC_ET_DC_RF_Vbin_gd,complex_nonmonotonic,n/a,2.006,3/5,3/5,MODERATE,"Shape consistent in 3/5 folds, direction in 3/5 -- majority but not unanimous.",18.020412,37.922201
SIN_GATE_ET_Rc_OG142_GN,U_shape,n/a,1.999,3/5,3/5,MODERATE,"Shape consistent in 3/5 folds, direction in 3/5 -- majority but not unanimous.",0.097634,0.296971
MEASURE_ET_DC_RF_Vg_max_Vd,monotonic,positive,1.9896,3/5,5/5,MODERATE,"Shape consistent in 3/5 folds, direction in 5/5 -- majority but not unanimous.",57.183867,71.259228
MEASURE_ET_LT_SEC_Ig_Id_min_mA_mm_Vd7,monotonic,positive,1.9581,3/5,4/5,MODERATE,"Shape consistent in 3/5 folds, direction in 4/5 -- majority but not unanimous.",89.114823,103.623767
SIN_ET_DC_PIV_Gate_Lag_Idss,complex_nonmonotonic,n/a,1.9541,3/5,3/5,MODERATE,"Shape consistent in 3/5 folds, direction in 3/5 -- majority but not unanimous.",260.877763,478.202946
MEASURE_ET_DC_Big_Vg_optt1,monotonic,positive,1.948,2/5,3/5,MODERATE,"Shape consistent in 2/5 folds, direction in 3/5 -- majority but not unanimous.",56.527214,72.02143
MEASURE_ET_RF_Modeling_Rgs_err,complex_nonmonotonic,n/a,1.9426,3/5,3/5,MODERATE,"Shape consistent in 3/5 folds, direction in 3/5 -- majority but not unanimous.",54.591848,66.520038
MEASURE_ET_DC_SEC_S_Id_plus_Ig_at_Vboff_mA_mm_FPSD3p2,threshold,positive,1.9249,3/5,1/5,MODERATE,"Shape consistent in 3/5 folds, direction in 1/5 -- majority but not unanimous.",70.886743,87.309659
THIN_ET_DC_RF_Imax,complex_nonmonotonic,n/a,1.9237,3/5,3/5,MODERATE,"Shape consistent in 3/5 folds, direction in 3/5 -- majority but not unanimous.",486.061037,847.216932
MEASURE_ET_DC_SMALL_Imax,complex_nonmonotonic,n/a,1.9236,3/5,3/5,MODERATE,"Shape consistent in 3/5 folds, direction in 3/5 -- majority but not unanimous.",486.651451,870.499692
MEASURE_ET_DC_SEC_S_Id_mA_mm_at_Vg1_FPSD3p2,monotonic,positive,1.9216,2/5,4/5,MODERATE,"Shape consistent in 2/5 folds, direction in 4/5 -- majority but not unanimous.",54.70944,69.83331
MEASURE_ET_LT_SEC_Id_min_mA_mm,complex_nonmonotonic,n/a,1.9164,3/5,3/5,MODERATE,"Shape consistent in 3/5 folds, direction in 3/5 -- majority but not unanimous.",5.52156,15.968742
MEASURE_ET_DC_SEC_X_Ron,threshold,positive,1.9148,4/5,3/5,MODERATE,"Shape consistent in 4/5 folds, direction in 3/5 -- majority but not unanimous.",33.869089,47.271447
FIC_ET_C200_0S1,complex_nonmonotonic,n/a,1.9058,3/5,3/5,MODERATE,"Shape consistent in 3/5 folds, direction in 3/5 -- majority but not unanimous.",0.484656,1.180958
MEASURE_ET_DC_SEC_Gm_max,complex_nonmonotonic,n/a,1.8992,3/5,3/5,MODERATE,"Shape consistent in 3/5 folds, direction in 3/5 -- majority but not unanimous.",389.716541,658.470636
MEASURE_ET_RF_Modeling_Delta_S21_19G,monotonic,positive,1.8935,2/5,5/5,MODERATE,"Shape consistent in 2/5 folds, direction in 5/5 -- majority but not unanimous.",12.332104,17.574051
SIN_ET_DC_RF_Vt_gs,threshold,n/a,1.8895,3/5,3/5,MODERATE,"Shape consistent in 3/5 folds, direction in 3/5 -- majority but not unanimous.",89.973252,108.742615
TOPSIN_ET_Load_Pull_Vg,monotonic,positive,1.8894,3/5,5/5,MODERATE,"Shape consistent in 3/5 folds, direction in 5/5 -- majority but not unanimous.",83.655554,99.92383
FIC_ET_DC_RF_Vg_gm_max,complex_nonmonotonic,n/a,1.8366,3/5,3/5,MODERATE,"Shape consistent in 3/5 folds, direction in 3/5 -- majority but not unanimous.",366.409407,657.544071
BRGM_ET_F_AB,complex_nonmonotonic,n/a,1.8259,3/5,3/5,MODERATE,"Shape consistent in 3/5 folds, direction in 3/5 -- majority but not unanimous.",401.297229,648.941423
FIC_ET_R_f_tn_2,monotonic,positive,1.8252,0/5,3/5,MODERATE,"Shape consistent in 0/5 folds, direction in 3/5 -- majority but not unanimous.",79.408173,95.912661
EBCR2_ET_Ids_EBCR_recess_current,monotonic,positive,1.817,0/5,4/5,MODERATE,"Shape consistent in 0/5 folds, direction in 4/5 -- majority but not unanimous.",47.472825,59.394042
MEASURE_ET_ABVIETCH,monotonic,positive,1.816,2/5,5/5,MODERATE,"Shape consistent in 2/5 folds, direction in 5/5 -- majority but not unanimous.",19.637112,30.898663
MEASURE_ET_DC_RF_Min_S21_Ph_L2180,complex_nonmonotonic,n/a,1.8092,3/5,3/5,MODERATE,"Shape consistent in 3/5 folds, direction in 3/5 -- majority but not unanimous.",12.358942,17.69335
MEASURE_ET_DC_SEC_Vg_gm_max,complex_nonmonotonic,n/a,1.8049,3/5,3/5,MODERATE,"Shape consistent in 3/5 folds, direction in 3/5 -- majority but not unanimous.",383.317696,651.423872
THIN_ET_DC_RF_Vg_max_Vd,complex_nonmonotonic,n/a,1.7986,3/5,3/5,MODERATE,"Shape consistent in 3/5 folds, direction in 3/5 -- majority but not unanimous.",22.528974,34.790111
MEASURE_ET_RF_Modeling_Vg_gm_max_W,complex_nonmonotonic,n/a,1.7876,3/5,3/5,MODERATE,"Shape consistent in 3/5 folds, direction in 3/5 -- majority but not unanimous.",405.516644,668.828268
MEASURE_ET_DC_Stress_Vg_max_Ig_after,monotonic,positive,1.785,0/5,3/5,MODERATE,"Shape consistent in 0/5 folds, direction in 3/5 -- majority but not unanimous.",58.156682,70.056552
MEASURE_ET_DC_Stress_Gm_max_after,complex_nonmonotonic,n/a,1.7782,3/5,3/5,MODERATE,"Shape consistent in 3/5 folds, direction in 3/5 -- majority but not unanimous.",395.157925,653.736053
MEASURE_ET_DC_SMALL_Gm_0,complex_nonmonotonic,n/a,1.777,3/5,3/5,MODERATE,"Shape consistent in 3/5 folds, direction in 3/5 -- majority but not unanimous.",414.245487,669.788831
FIC_ET_Gm_max,complex_nonmonotonic,n/a,1.768,3/5,3/5,MODERATE,"Shape consistent in 3/5 folds, direction in 3/5 -- majority but not unanimous.",380.09455,666.026038
MEASURE_ET_DC_SMALL_n_gs,threshold,positive,1.7659,4/5,2/5,MODERATE,"Shape consistent in 4/5 folds, direction in 2/5 -- majority but not unanimous.",37.057899,49.896381
FIC_ET_Bad_Gates,complex_nonmonotonic,n/a,1.7512,3/5,3/5,MODERATE,"Shape consistent in 3/5 folds, direction in 3/5 -- majority but not unanimous.",10.545883,19.607375
MEASURE_ET_Load_Pull_Pout_W_last,threshold,positive,1.7488,4/5,3/5,MODERATE,"Shape consistent in 4/5 folds, direction in 3/5 -- majority but not unanimous.",27.130529,33.775091
MEASURE_ET_DC_RF_Vbgs1,monotonic,positive,1.7458,0/5,4/5,MODERATE,"Shape consistent in 0/5 folds, direction in 4/5 -- majority but not unanimous.",19.21975,34.983238
FIC_ET_DC_RF_Vg_optt,threshold,positive,1.7448,3/5,2/5,MODERATE,"Shape consistent in 3/5 folds, direction in 2/5 -- majority but not unanimous.",86.060716,104.033849
MEASURE_ET_DC_RF_Min_S21_Freq_L1018,threshold,positive,1.7333,4/5,2/5,MODERATE,"Shape consistent in 4/5 folds, direction in 2/5 -- majority but not unanimous.",11.978425,17.457704
MEASURE_ET_USV_Cappf_0,complex_nonmonotonic,n/a,1.7315,3/5,3/5,MODERATE,"Shape consistent in 3/5 folds, direction in 3/5 -- majority but not unanimous.",0.499208,1.161056
SIN_ET_DC_PIV_Imax_QP2,complex_nonmonotonic,n/a,1.731,3/5,3/5,MODERATE,"Shape consistent in 3/5 folds, direction in 3/5 -- majority but not unanimous.",527.249927,833.051256
FIC_ET_DC_RF_Vbin_gs,monotonic,positive,1.7278,1/5,4/5,MODERATE,"Shape consistent in 1/5 folds, direction in 4/5 -- majority but not unanimous.",19.028184,39.982557
MEASURE_ET_RF_Modeling_Rd,monotonic,positive,1.7277,0/5,4/5,MODERATE,"Shape consistent in 0/5 folds, direction in 4/5 -- majority but not unanimous.",69.756992,85.260208
OHMIC_ET_R314,threshold,n/a,1.724,3/5,3/5,MODERATE,"Shape consistent in 3/5 folds, direction in 3/5 -- majority but not unanimous.",27.603882,38.72437
MEASURE_ET_KLV_F_AB_4u,monotonic,positive,1.7176,0/5,3/5,MODERATE,"Shape consistent in 0/5 folds, direction in 3/5 -- majority but not unanimous.",56.815819,71.695967
MEASURE_ET_DC_PIV_Ids0_QP1,threshold,n/a,1.7165,3/5,3/5,MODERATE,"Shape consistent in 3/5 folds, direction in 3/5 -- majority but not unanimous.",-3.673685,5.340009
MEASURE_ET_DC_SEC_X_Vg_at_I2_neg_FPSD3p2,threshold,positive,1.7113,3/5,4/5,MODERATE,"Shape consistent in 3/5 folds, direction in 4/5 -- majority but not unanimous.",70.917633,83.518616
MEASURE_ET_DC_PIV_Ids1_QP2,monotonic,positive,1.7107,1/5,3/5,MODERATE,"Shape consistent in 1/5 folds, direction in 3/5 -- majority but not unanimous.",91.96423,108.449225
TOPSIN_ET_Vdg_max,monotonic,positive,1.7061,1/5,3/5,MODERATE,"Shape consistent in 1/5 folds, direction in 3/5 -- majority but not unanimous.",78.122581,92.574595
THIN_ET_R_f_tn_2,threshold,n/a,1.6921,3/5,3/5,MODERATE,"Shape consistent in 3/5 folds, direction in 3/5 -- majority but not unanimous.",46.460676,60.781484
FIC_ET_Vd_at_Id_cut_cond,threshold,n/a,1.6919,3/5,3/5,MODERATE,"Shape consistent in 3/5 folds, direction in 3/5 -- majority but not unanimous.",90.949408,107.809555
MEASURE_ET_DC_RD_S11dB_18GHz,complex_nonmonotonic,n/a,1.6911,3/5,3/5,MODERATE,"Shape consistent in 3/5 folds, direction in 3/5 -- majority but not unanimous.",-17.409754,-6.404959
TOPSIN_ET_DC_RF_Vp_01,complex_nonmonotonic,n/a,1.6874,3/5,3/5,MODERATE,"Shape consistent in 3/5 folds, direction in 3/5 -- majority but not unanimous.",-1.359822,-0.721499
MEASURE_ET_DC_SEC_S_Ig_cut3_mAmm_pos_FPSD3p2,threshold,n/a,1.6852,3/5,3/5,MODERATE,"Shape consistent in 3/5 folds, direction in 3/5 -- majority but not unanimous.",38.100859,50.232188
TOPSIN_ET_DC_SMALL_Vbin_gs,threshold,positive,1.6777,3/5,2/5,MODERATE,"Shape consistent in 3/5 folds, direction in 2/5 -- majority but not unanimous.",18.055696,36.528892
GATE2_CD_Gate_Leg_Length,complex_nonmonotonic,n/a,1.6734,3/5,3/5,MODERATE,"Shape consistent in 3/5 folds, direction in 3/5 -- majority but not unanimous.",0.143534,0.367447
MEASURE_ET_DC_RD_S11ang_18GHz,complex_nonmonotonic,n/a,1.6461,3/5,3/5,MODERATE,"Shape consistent in 3/5 folds, direction in 3/5 -- majority but not unanimous.",-17.427147,-6.191996
MEASURE_ET_DC_Stress_Stress_time,monotonic,positive,1.6427,0/5,3/5,MODERATE,"Shape consistent in 0/5 folds, direction in 3/5 -- majority but not unanimous.",47.672996,59.933961
TOPSIN_ET_C300pf,complex_nonmonotonic,n/a,1.6372,3/5,3/5,MODERATE,"Shape consistent in 3/5 folds, direction in 3/5 -- majority but not unanimous.",0.494345,1.051532
TOPSIN_ET_Rc_f_tn_23,complex_nonmonotonic,n/a,1.6359,3/5,3/5,MODERATE,"Shape consistent in 3/5 folds, direction in 3/5 -- majority but not unanimous.",0.096927,0.32527
MEASURE_ET_DC_SEC_Vgs_back_0p1V,threshold,positive,1.6354,4/5,2/5,MODERATE,"Shape consistent in 4/5 folds, direction in 2/5 -- majority but not unanimous.",73.944493,87.980398
MEASURE_ET_VIA_KLV,complex_nonmonotonic,n/a,1.6336,3/5,3/5,MODERATE,"Shape consistent in 3/5 folds, direction in 3/5 -- majority but not unanimous.",0.097225,12.618612
FIC_ET_DC_RF_Imax,complex_nonmonotonic,n/a,1.6298,3/5,3/5,MODERATE,"Shape consistent in 3/5 folds, direction in 3/5 -- majority but not unanimous.",475.030214,832.03295
MEASURE_ET_RF_Modeling_Rgd_err,monotonic,positive,1.6228,3/5,4/5,MODERATE,"Shape consistent in 3/5 folds, direction in 4/5 -- majority but not unanimous.",77.785952,91.595681
MEASURE_ET_DC_SEC_S_Vboff_Id_plus_Ig_FPSD3p2,complex_nonmonotonic,n/a,1.6164,3/5,3/5,MODERATE,"Shape consistent in 3/5 folds, direction in 3/5 -- majority but not unanimous.",7.883961,17.208135
MEASURE_ET_TANR,monotonic,positive,1.6157,3/5,4/5,MODERATE,"Shape consistent in 3/5 folds, direction in 4/5 -- majority but not unanimous.",81.9648,95.514196
SIN_ET_DC_RF_Vbgs_0p1,complex_nonmonotonic,n/a,1.6115,3/5,3/5,MODERATE,"Shape consistent in 3/5 folds, direction in 3/5 -- majority but not unanimous.",19.575611,36.760867
FIC_ET_DC_RF_Vg_max_Vd_0p1mA,complex_nonmonotonic,n/a,1.6106,3/5,3/5,MODERATE,"Shape consistent in 3/5 folds, direction in 3/5 -- majority but not unanimous.",10.494292,20.403574
MEASURE_ET_C385pf_0,monotonic,positive,1.6085,0/5,4/5,MODERATE,"Shape consistent in 0/5 folds, direction in 4/5 -- majority but not unanimous.",51.842421,66.842151
MEASURE_ET_Cap2pf_0,complex_nonmonotonic,n/a,1.5995,3/5,3/5,MODERATE,"Shape consistent in 3/5 folds, direction in 3/5 -- majority but not unanimous.",0.454381,1.125333
MEASURE_ET_R314,monotonic,positive,1.5974,1/5,3/5,MODERATE,"Shape consistent in 1/5 folds, direction in 3/5 -- majority but not unanimous.",91.673391,107.169271
MEASURE_ET_DC_SEC_X_Vboff_Id_plus_Ig_SD3p5,monotonic,positive,1.596,2/5,4/5,MODERATE,"Shape consistent in 2/5 folds, direction in 4/5 -- majority but not unanimous.",57.863101,71.692895
BRGM_ET_lkg_SY07_10,complex_nonmonotonic,n/a,1.5914,3/5,3/5,MODERATE,"Shape consistent in 3/5 folds, direction in 3/5 -- majority but not unanimous.",393.887508,669.265273
FIC_ET_GT_lin25,monotonic,positive,1.591,2/5,3/5,MODERATE,"Shape consistent in 2/5 folds, direction in 3/5 -- majority but not unanimous.",37.958345,49.811516
MEASURE_ET_DC_Stress_Vg_gm_max_after,complex_nonmonotonic,n/a,1.5886,3/5,3/5,MODERATE,"Shape consistent in 3/5 folds, direction in 3/5 -- majority but not unanimous.",367.786807,647.674698
MEASURE_ET_DC_Stress_Gm_max_before,complex_nonmonotonic,n/a,1.5876,3/5,3/5,MODERATE,"Shape consistent in 3/5 folds, direction in 3/5 -- majority but not unanimous.",399.94765,647.072899
MEASURE_ET_DC_SEC_Gm_m0p2,complex_nonmonotonic,n/a,1.5778,3/5,3/5,MODERATE,"Shape consistent in 3/5 folds, direction in 3/5 -- majority but not unanimous.",401.024121,647.167017
THIN_ET_HIRS,threshold,n/a,1.5776,3/5,3/5,MODERATE,"Shape consistent in 3/5 folds, direction in 3/5 -- majority but not unanimous.",45.876436,59.651625
SIN_ET_DC_RF_Vp_1,complex_nonmonotonic,n/a,1.5753,3/5,3/5,MODERATE,"Shape consistent in 3/5 folds, direction in 3/5 -- majority but not unanimous.",-1.435631,-0.754327
MEASURE_ET_DC_SEC_S_Ids_max_norm_FPSD3p2,monotonic,positive,1.5751,3/5,5/5,MODERATE,"Shape consistent in 3/5 folds, direction in 5/5 -- majority but not unanimous.",76.483233,91.70992
MEASURE_ET_DC_SEC_S_Ids_max_FPSD3p2,monotonic,positive,1.5743,0/5,4/5,MODERATE,"Shape consistent in 0/5 folds, direction in 4/5 -- majority but not unanimous.",25.651839,37.216602
MEASURE_ET_RF_Modeling_S22ang_10GHz,complex_nonmonotonic,n/a,1.572,3/5,3/5,MODERATE,"Shape consistent in 3/5 folds, direction in 3/5 -- majority but not unanimous.",-17.598413,-7.6267
THIN_ET_i5021_1,monotonic,positive,1.5682,1/5,3/5,MODERATE,"Shape consistent in 1/5 folds, direction in 3/5 -- majority but not unanimous.",57.924926,70.186635
THIN_ET_DC_RF_Vdg_max,threshold,n/a,1.5677,3/5,3/5,MODERATE,"Shape consistent in 3/5 folds, direction in 3/5 -- majority but not unanimous.",58.53651,71.430725
FIC_ET_C200S1,complex_nonmonotonic,n/a,1.5667,3/5,3/5,MODERATE,"Shape consistent in 3/5 folds, direction in 3/5 -- majority but not unanimous.",0.551083,1.060849
SIN_GATE_ET_Ran_con_2,threshold,positive,1.5607,3/5,3/5,MODERATE,"Shape consistent in 3/5 folds, direction in 3/5 -- majority but not unanimous.",88.343418,104.869341
THIN_ET_F_AB,monotonic,positive,1.5597,1/5,3/5,MODERATE,"Shape consistent in 1/5 folds, direction in 3/5 -- majority but not unanimous.",75.585055,91.433376
MEASURE_ET_RF_Modeling_Ft_int,threshold,positive,1.5576,3/5,2/5,MODERATE,"Shape consistent in 3/5 folds, direction in 2/5 -- majority but not unanimous.",90.618207,105.875049
TOPSIN_ET_Vds_max,complex_nonmonotonic,n/a,1.5576,3/5,3/5,MODERATE,"Shape consistent in 3/5 folds, direction in 3/5 -- majority but not unanimous.",21.571113,33.659356
MEASURE_ET_DC_RF_CF_S22_Mag_L1002,threshold,positive,1.5554,2/5,4/5,MODERATE,"Shape consistent in 2/5 folds, direction in 4/5 -- majority but not unanimous.",12.792705,18.058944
MEASURE_ET_DC_SEC_S_Ids_max_norm_SD3p5,threshold,n/a,1.5539,3/5,3/5,MODERATE,"Shape consistent in 3/5 folds, direction in 3/5 -- majority but not unanimous.",64.107888,77.030139
MEASURE_ET_DC_Big_Vdg_max,threshold,positive,1.5521,3/5,4/5,MODERATE,"Shape consistent in 3/5 folds, direction in 4/5 -- majority but not unanimous.",71.746917,85.494685
FIC_ET_sh_f_tn_23,threshold,n/a,1.5508,3/5,3/5,MODERATE,"Shape consistent in 3/5 folds, direction in 3/5 -- majority but not unanimous.",11.607081,23.706647
TOPSIN_ET_Vg_gm_max,complex_nonmonotonic,n/a,1.542,3/5,3/5,MODERATE,"Shape consistent in 3/5 folds, direction in 3/5 -- majority but not unanimous.",383.556568,688.033266
BRGM_ET_KLV_F_AB_4u,complex_nonmonotonic,n/a,1.5414,3/5,3/5,MODERATE,"Shape consistent in 3/5 folds, direction in 3/5 -- majority but not unanimous.",417.811915,659.399673
TOPSIN_ET_DC_SMALL_Imax,complex_nonmonotonic,n/a,1.5404,3/5,3/5,MODERATE,"Shape consistent in 3/5 folds, direction in 3/5 -- majority but not unanimous.",478.666305,834.236865
THIN_ET_Ran_con_3_OW_CR,threshold,positive,1.5375,3/5,4/5,MODERATE,"Shape consistent in 3/5 folds, direction in 4/5 -- majority but not unanimous.",42.601563,55.178457
MEASURE_ET_Rcat_cn_1,complex_nonmonotonic,n/a,1.535,3/5,3/5,MODERATE,"Shape consistent in 3/5 folds, direction in 3/5 -- majority but not unanimous.",0.094965,0.292935
MEASURE_ET_DC_RF_Vdg_max_0p1,threshold,positive,1.5344,4/5,2/5,MODERATE,"Shape consistent in 4/5 folds, direction in 2/5 -- majority but not unanimous.",54.598454,68.146851
MEASURE_ET_RF_Modeling_Delta_MAG_19G,monotonic,positive,1.525,0/5,3/5,MODERATE,"Shape consistent in 0/5 folds, direction in 3/5 -- majority but not unanimous.",12.603377,18.924953
MEASURE_ET_LT_SEC_Vg_Id_min_Vd3,monotonic,positive,1.5191,1/5,4/5,MODERATE,"Shape consistent in 1/5 folds, direction in 4/5 -- majority but not unanimous.",67.949443,81.881463
THIN_ET_TFR_AB,monotonic,positive,1.5134,1/5,3/5,MODERATE,"Shape consistent in 1/5 folds, direction in 3/5 -- majority but not unanimous.",80.70519,95.832333
MEASURE_ET_DC_SEC_S_Vg_at_I3_pos,monotonic,positive,1.5115,1/5,3/5,MODERATE,"Shape consistent in 1/5 folds, direction in 3/5 -- majority but not unanimous.",91.934138,109.933035
MEASURE_ET_C100C175pf,complex_nonmonotonic,n/a,1.5095,3/5,3/5,MODERATE,"Shape consistent in 3/5 folds, direction in 3/5 -- majority but not unanimous.",0.465132,1.102722
MEASURE_ET_DC_SEC_S_Ig_cut1_mAmm_pos_FPSD3p2,monotonic,positive,1.504,2/5,4/5,MODERATE,"Shape consistent in 2/5 folds, direction in 4/5 -- majority but not unanimous.",78.788841,95.782232
MEASURE_ET_RF_Modeling_Cgd,monotonic,positive,1.503,1/5,4/5,MODERATE,"Shape consistent in 1/5 folds, direction in 4/5 -- majority but not unanimous.",73.368656,89.011514
MEASURE_ET_C100CapFICBRGM,complex_nonmonotonic,n/a,1.5019,3/5,3/5,MODERATE,"Shape consistent in 3/5 folds, direction in 3/5 -- majority but not unanimous.",400.07691,668.787626
MEASURE_ET_DC_RF_CF_S12_Mag_L1002,monotonic,positive,1.5019,2/5,4/5,MODERATE,"Shape consistent in 2/5 folds, direction in 4/5 -- majority but not unanimous.",12.363424,17.711908
BRGM_ET_lkg_SY8_80,complex_nonmonotonic,n/a,1.5004,3/5,3/5,MODERATE,"Shape consistent in 3/5 folds, direction in 3/5 -- majority but not unanimous.",399.062045,691.355812
MEASURE_ET_DC_SEC_S_Ig_cut2_mAmm_pos,monotonic,positive,1.4979,1/5,5/5,MODERATE,"Shape consistent in 1/5 folds, direction in 5/5 -- majority but not unanimous.",81.141016,96.669216
MEASURE_ET_RF_Modeling_Gm_err,monotonic,positive,1.4976,0/5,3/5,MODERATE,"Shape consistent in 0/5 folds, direction in 3/5 -- majority but not unanimous.",379.676718,653.465293
THIN_ET_Ran_con_2_OW_CR,complex_nonmonotonic,n/a,1.4921,3/5,3/5,MODERATE,"Shape consistent in 3/5 folds, direction in 3/5 -- majority but not unanimous.",33.343129,47.995244
MEASURE_ET_RF_Modeling_S22dB_10GHz,complex_nonmonotonic,n/a,1.49,3/5,3/5,MODERATE,"Shape consistent in 3/5 folds, direction in 3/5 -- majority but not unanimous.",-18.858272,-7.552691
MEASURE_ET_DC_RF_Imax_W,complex_nonmonotonic,n/a,1.4881,3/5,3/5,MODERATE,"Shape consistent in 3/5 folds, direction in 3/5 -- majority but not unanimous.",486.560213,855.226751
MEASURE_ET_RF_Modeling_R_Gs,monotonic,positive,1.4879,0/5,3/5,MODERATE,"Shape consistent in 0/5 folds, direction in 3/5 -- majority but not unanimous.",10.610003,21.47016
MEASURE_ET_DC_RF_Vdg_max,monotonic,positive,1.4875,2/5,3/5,MODERATE,"Shape consistent in 2/5 folds, direction in 3/5 -- majority but not unanimous.",86.422084,100.283971
MEASURE_ET_DC_SMALL_Gm_max,complex_nonmonotonic,n/a,1.4826,3/5,3/5,MODERATE,"Shape consistent in 3/5 folds, direction in 3/5 -- majority but not unanimous.",394.833127,653.937598
SIN_ET_DC_RF_Vg_optt1,monotonic,positive,1.4807,1/5,4/5,MODERATE,"Shape consistent in 1/5 folds, direction in 4/5 -- majority but not unanimous.",63.061993,78.643296
MEASURE_ET_TF_AB_2,complex_nonmonotonic,n/a,1.4677,3/5,3/5,MODERATE,"Shape consistent in 3/5 folds, direction in 3/5 -- majority but not unanimous.",13.219111,24.415443
MEASURE_ET_DC_Big_S22ang_10GHz,complex_nonmonotonic,n/a,1.4631,3/5,3/5,MODERATE,"Shape consistent in 3/5 folds, direction in 3/5 -- majority but not unanimous.",-17.137012,-6.466809
TOPSIN_ET_DC_SMALL_Vg_optt,monotonic,positive,1.458,0/5,3/5,MODERATE,"Shape consistent in 0/5 folds, direction in 3/5 -- majority but not unanimous.",60.80812,75.541833
THIN_ET_DC_RF_Ids_m0p2,monotonic,positive,1.4546,0/5,4/5,MODERATE,"Shape consistent in 0/5 folds, direction in 4/5 -- majority but not unanimous.",66.36142,81.14681
MEASURE_ET_Load_Pull_Freq,threshold,n/a,1.4545,3/5,3/5,MODERATE,"Shape consistent in 3/5 folds, direction in 3/5 -- majority but not unanimous.",63.442807,76.493578
MEASURE_ET_DC_SEC_X_Id_at_Vboff_mA_mm_FPSD3p2,monotonic,positive,1.4497,0/5,3/5,MODERATE,"Shape consistent in 0/5 folds, direction in 3/5 -- majority but not unanimous.",83.935531,98.519014
MEASURE_ET_DC_SEC_Vg_max_ON,threshold,n/a,1.4494,3/5,3/5,MODERATE,"Shape consistent in 3/5 folds, direction in 3/5 -- majority but not unanimous.",75.05352,88.616122
OHMIC_ET_Ran_con_3,threshold,positive,1.4494,3/5,1/5,MODERATE,"Shape consistent in 3/5 folds, direction in 1/5 -- majority but not unanimous.",79.144908,92.737042
MEASURE_ET_DC_SEC_Vgs_0p5V,monotonic,positive,1.4476,1/5,4/5,MODERATE,"Shape consistent in 1/5 folds, direction in 4/5 -- majority but not unanimous.",83.243648,96.285054
THIN_ET_R_f_tn_3,monotonic,positive,1.4446,0/5,4/5,MODERATE,"Shape consistent in 0/5 folds, direction in 4/5 -- majority but not unanimous.",75.834578,90.307575
MEASURE_ET_DC_SEC_S_Id_at_Vboff_mA_mm,monotonic,positive,1.4434,1/5,3/5,MODERATE,"Shape consistent in 1/5 folds, direction in 3/5 -- majority but not unanimous.",76.81018,92.370525
TOPSIN_ET_R114,complex_nonmonotonic,n/a,1.4309,3/5,3/5,MODERATE,"Shape consistent in 3/5 folds, direction in 3/5 -- majority but not unanimous.",4.779362,17.218428
MEASURE_ET_G2_per_6K,threshold,positive,1.4264,2/5,5/5,MODERATE,"Shape consistent in 2/5 folds, direction in 5/5 -- majority but not unanimous.",78.519433,93.593246
MEASURE_ET_Load_Pull_Id_ini,threshold,positive,1.4211,5/5,2/5,MODERATE,"Shape consistent in 5/5 folds, direction in 2/5 -- majority but not unanimous.",56.084364,69.735271
MEASURE_ET_C175pf,monotonic,positive,1.4198,1/5,3/5,MODERATE,"Shape consistent in 1/5 folds, direction in 3/5 -- majority but not unanimous.",67.522556,80.825667
MEASURE_ET_DC_SEC_X_Vg_at_I3_neg,complex_nonmonotonic,n/a,1.415,3/5,3/5,MODERATE,"Shape consistent in 3/5 folds, direction in 3/5 -- majority but not unanimous.",32.842066,46.58253
MEASURE_ET_CapFICM1_0,complex_nonmonotonic,n/a,1.4135,3/5,3/5,MODERATE,"Shape consistent in 3/5 folds, direction in 3/5 -- majority but not unanimous.",0.501195,1.14853
TOPSIN_ET_DC_RF_n_gs,complex_nonmonotonic,n/a,1.4115,3/5,3/5,MODERATE,"Shape consistent in 3/5 folds, direction in 3/5 -- majority but not unanimous.",27.443716,37.276129
MEASURE_ET_DC_RF_S22ang_26GHz_W,threshold,n/a,1.4046,3/5,3/5,MODERATE,"Shape consistent in 3/5 folds, direction in 3/5 -- majority but not unanimous.",-16.380941,-6.48909
SIN_GATE_ET_I_5,threshold,positive,1.4017,3/5,0/5,MODERATE,"Shape consistent in 3/5 folds, direction in 0/5 -- majority but not unanimous.",73.930066,89.660715
MEASURE_ET_RF_Modeling_Cgs_err,threshold,positive,1.4005,3/5,3/5,MODERATE,"Shape consistent in 3/5 folds, direction in 3/5 -- majority but not unanimous.",92.370006,108.317277
MEASURE_ET_DC_RF_CF_S11_Mag_L1018,complex_nonmonotonic,n/a,1.3996,3/5,3/5,MODERATE,"Shape consistent in 3/5 folds, direction in 3/5 -- majority but not unanimous.",12.563271,17.889156
TOPSIN_ET_Load_Pull_GL_meas,threshold,n/a,1.3944,3/5,3/5,MODERATE,"Shape consistent in 3/5 folds, direction in 3/5 -- majority but not unanimous.",58.550541,73.383452
FIC_ET_R_f_hr_2,threshold,positive,1.3887,3/5,3/5,MODERATE,"Shape consistent in 3/5 folds, direction in 3/5 -- majority but not unanimous.",40.925804,53.407412
MEASURE_ET_DC_RF_CF_S22_Ph_L2180,threshold,n/a,1.3758,3/5,3/5,MODERATE,"Shape consistent in 3/5 folds, direction in 3/5 -- majority but not unanimous.",-17.435632,-6.873736
TOPSIN_ET_KLV_F_AB_4u,complex_nonmonotonic,n/a,1.3624,3/5,3/5,MODERATE,"Shape consistent in 3/5 folds, direction in 3/5 -- majority but not unanimous.",32.331985,43.237737
MEASURE_ET_TR_1F,monotonic,positive,1.3555,2/5,3/5,MODERATE,"Shape consistent in 2/5 folds, direction in 3/5 -- majority but not unanimous.",92.229579,107.107952
FIC_ET_DC_RF_Vdg_max_0p1mA,threshold,negative,1.3486,4/5,2/5,MODERATE,"Shape consistent in 4/5 folds, direction in 2/5 -- majority but not unanimous.",1.197663,12.21541
MEASURE_ET_C300FM1,threshold,negative,1.3391,3/5,2/5,MODERATE,"Shape consistent in 3/5 folds, direction in 2/5 -- majority but not unanimous.",0.560683,1.09905
MEASURE_ET_DC_SEC_S_Ig_cut3_mAmm_neg_FPSD3p2,complex_nonmonotonic,n/a,1.3382,3/5,3/5,MODERATE,"Shape consistent in 3/5 folds, direction in 3/5 -- majority but not unanimous.",18.931313,32.858115
THIN_ET_R_f_hr_3,threshold,positive,1.3258,3/5,3/5,MODERATE,"Shape consistent in 3/5 folds, direction in 3/5 -- majority but not unanimous.",87.558535,103.412378
TOPSIN_ET_DC_SMALL_Vt_gd,complex_nonmonotonic,n/a,1.3059,3/5,3/5,MODERATE,"Shape consistent in 3/5 folds, direction in 3/5 -- majority but not unanimous.",16.042294,27.42718
MEASURE_ET_DC_SEC_S_Vp_1_mA_mm_first_SD3p5,complex_nonmonotonic,n/a,1.2972,3/5,3/5,MODERATE,"Shape consistent in 3/5 folds, direction in 3/5 -- majority but not unanimous.",-1.385265,-0.726147
MEASURE_ET_DC_RF_Vg_Vbon_min,threshold,n/a,1.2964,3/5,3/5,MODERATE,"Shape consistent in 3/5 folds, direction in 3/5 -- majority but not unanimous.",36.169904,51.534935
BRGM_ET_Rsh_F_AB_2,complex_nonmonotonic,n/a,1.2961,3/5,3/5,MODERATE,"Shape consistent in 3/5 folds, direction in 3/5 -- majority but not unanimous.",396.624599,681.133401
MEASURE_ET_RF_Modeling_Id_gm_max_W,complex_nonmonotonic,n/a,1.2941,3/5,3/5,MODERATE,"Shape consistent in 3/5 folds, direction in 3/5 -- majority but not unanimous.",382.891341,663.131897
SIN_ET_DC_RF_Vdg_max_0p1,threshold,positive,1.2919,3/5,3/5,MODERATE,"Shape consistent in 3/5 folds, direction in 3/5 -- majority but not unanimous.",91.202494,106.83162
SIN_GATE_ET_R314,threshold,positive,1.2907,4/5,2/5,MODERATE,"Shape consistent in 4/5 folds, direction in 2/5 -- majority but not unanimous.",61.97722,76.626568
MEASURE_ET_C_CAT_2_OW_ST,threshold,positive,1.2904,3/5,3/5,MODERATE,"Shape consistent in 3/5 folds, direction in 3/5 -- majority but not unanimous.",88.057667,106.878874
MEASURE_ET_C175pf_0,threshold,n/a,1.2904,3/5,3/5,MODERATE,"Shape consistent in 3/5 folds, direction in 3/5 -- majority but not unanimous.",90.811793,108.516449
BRIDGE_METAL_Height_Final_TOP_metal_thickness,complex_nonmonotonic,n/a,1.2889,3/5,3/5,MODERATE,"Shape consistent in 3/5 folds, direction in 3/5 -- majority but not unanimous.",1.906202,2.526462
MEASURE_ET_C100USV_Cappf,complex_nonmonotonic,n/a,1.2786,3/5,3/5,MODERATE,"Shape consistent in 3/5 folds, direction in 3/5 -- majority but not unanimous.",0.521945,1.199089
MEASURE_ET_RF_Modeling_Rgs,threshold,positive,1.2693,4/5,2/5,MODERATE,"Shape consistent in 4/5 folds, direction in 2/5 -- majority but not unanimous.",61.523783,76.249107
THIN_ET_TANR,threshold,n/a,1.2669,3/5,3/5,MODERATE,"Shape consistent in 3/5 folds, direction in 3/5 -- majority but not unanimous.",77.388375,91.487615
TOPSIN_ET_C100C385pf,complex_nonmonotonic,n/a,1.2655,3/5,3/5,MODERATE,"Shape consistent in 3/5 folds, direction in 3/5 -- majority but not unanimous.",0.561336,1.152735
MEASURE_ET_DC_Stress_Id_stress_after,threshold,n/a,1.265,3/5,3/5,MODERATE,"Shape consistent in 3/5 folds, direction in 3/5 -- majority but not unanimous.",34.383792,47.055993
MEASURE_ET_DC_RF_MAG_26GHz_W,complex_nonmonotonic,n/a,1.2578,3/5,3/5,MODERATE,"Shape consistent in 3/5 folds, direction in 3/5 -- majority but not unanimous.",11.614629,17.711309
FIC_ET_R_f_tn_1,threshold,n/a,1.2539,3/5,3/5,MODERATE,"Shape consistent in 3/5 folds, direction in 3/5 -- majority but not unanimous.",26.942386,38.311508
MEASURE_ET_i5021_2,threshold,positive,1.2457,4/5,3/5,MODERATE,"Shape consistent in 4/5 folds, direction in 3/5 -- majority but not unanimous.",55.433787,69.904656
MEASURE_ET_DC_RF_Vds_max_0p1,complex_nonmonotonic,n/a,1.2437,3/5,3/5,MODERATE,"Shape consistent in 3/5 folds, direction in 3/5 -- majority but not unanimous.",33.367661,45.763468
MEASURE_ET_RF_Modeling_Rgd,threshold,positive,1.2436,4/5,3/5,MODERATE,"Shape consistent in 4/5 folds, direction in 3/5 -- majority but not unanimous.",25.322161,34.824788
SIN_GATE_ET_OHMIC_conc,threshold,positive,1.2345,3/5,3/5,MODERATE,"Shape consistent in 3/5 folds, direction in 3/5 -- majority but not unanimous.",90.834025,107.910799
MEASURE_ET_DC_RD_Id_Vbon_min,monotonic,positive,1.2241,1/5,4/5,MODERATE,"Shape consistent in 1/5 folds, direction in 4/5 -- majority but not unanimous.",46.31701,57.506901
MEASURE_ET_DC_SEC_X_Id_at_Vboff_mA_mm,threshold,positive,1.2237,3/5,4/5,MODERATE,"Shape consistent in 3/5 folds, direction in 4/5 -- majority but not unanimous.",63.669912,77.830932
MEASURE_ET_RF_Modeling_Vd_stress,monotonic,positive,1.2233,1/5,3/5,MODERATE,"Shape consistent in 1/5 folds, direction in 3/5 -- majority but not unanimous.",86.650972,103.120702
THIN_ET_R114,threshold,n/a,1.2233,3/5,3/5,MODERATE,"Shape consistent in 3/5 folds, direction in 3/5 -- majority but not unanimous.",29.858165,42.915703
MEASURE_ET_DC_PIV_Idss_QP2,threshold,positive,1.2175,3/5,2/5,MODERATE,"Shape consistent in 3/5 folds, direction in 2/5 -- majority but not unanimous.",241.446262,471.079967
MEASURE_ET_DC_SEC_Vp_1mA,complex_nonmonotonic,n/a,1.2151,3/5,3/5,MODERATE,"Shape consistent in 3/5 folds, direction in 3/5 -- majority but not unanimous.",-1.381324,-0.739031
MEASURE_ET_sh_f_hr_23,threshold,positive,1.2046,3/5,3/5,MODERATE,"Shape consistent in 3/5 folds, direction in 3/5 -- majority but not unanimous.",45.694006,61.143419
THIN_ET_R_400_HOR,threshold,positive,1.1994,3/5,1/5,MODERATE,"Shape consistent in 3/5 folds, direction in 1/5 -- majority but not unanimous.",30.355348,42.420537
MEASURE_ET_RF_Modeling_Vg_Stress,threshold,positive,1.1862,4/5,3/5,MODERATE,"Shape consistent in 4/5 folds, direction in 3/5 -- majority but not unanimous.",78.73999,92.839373
FIC_ET_DC_RF_Vp_1,threshold,positive,1.1813,3/5,2/5,MODERATE,"Shape consistent in 3/5 folds, direction in 2/5 -- majority but not unanimous.",-1.398617,-0.742986
MEASURE_ET_Ran_con_1_OW_CR,monotonic,positive,1.1786,1/5,4/5,MODERATE,"Shape consistent in 1/5 folds, direction in 4/5 -- majority but not unanimous.",67.494066,83.797543
MEASURE_ET_DC_SEC_S_Vboff_Id_plus_Ig_SD3p5,complex_nonmonotonic,n/a,1.1769,3/5,3/5,MODERATE,"Shape consistent in 3/5 folds, direction in 3/5 -- majority but not unanimous.",8.712494,22.339333
BRGM_ET_Probe_Number,monotonic,positive,1.172,0/5,3/5,MODERATE,"Shape consistent in 0/5 folds, direction in 3/5 -- majority but not unanimous.",0.967267,5.167651
MEASURE_ET_DC_SMALL_Vg_optt,threshold,n/a,1.1651,3/5,3/5,MODERATE,"Shape consistent in 3/5 folds, direction in 3/5 -- majority but not unanimous.",67.969731,81.98287
CATHODE_ET_Rsh_cat_c2_OW_ST,threshold,positive,1.1596,3/5,0/5,MODERATE,"Shape consistent in 3/5 folds, direction in 0/5 -- majority but not unanimous.",99.609948,139.084153
TOPSIN_ET_DC_RF_Vp_1,complex_nonmonotonic,n/a,1.1478,3/5,3/5,MODERATE,"Shape consistent in 3/5 folds, direction in 3/5 -- majority but not unanimous.",-1.46836,-0.731391
TOPSIN_ET_DC_RF_Vbgd1,threshold,positive,1.1347,3/5,1/5,MODERATE,"Shape consistent in 3/5 folds, direction in 1/5 -- majority but not unanimous.",19.849627,38.680309
SIN_ET_DC_RF_Vbgd_0p1,threshold,positive,1.1342,3/5,1/5,MODERATE,"Shape consistent in 3/5 folds, direction in 1/5 -- majority but not unanimous.",18.377792,35.336717
MEASURE_ET_DC_RF_S11ang_10GHz,threshold,n/a,1.1328,3/5,3/5,MODERATE,"Shape consistent in 3/5 folds, direction in 3/5 -- majority but not unanimous.",-16.836356,-5.641857
MEASURE_ET_DC_RF_Gm_max,complex_nonmonotonic,n/a,1.1325,3/5,3/5,MODERATE,"Shape consistent in 3/5 folds, direction in 3/5 -- majority but not unanimous.",386.460373,665.235375
TOPSIN_ET_Load_Pull_Id_ord,threshold,n/a,1.1221,3/5,3/5,MODERATE,"Shape consistent in 3/5 folds, direction in 3/5 -- majority but not unanimous.",13.15057,24.597024
MEASURE_ET_DC_RF_Vbon_min,threshold,n/a,1.1194,3/5,3/5,MODERATE,"Shape consistent in 3/5 folds, direction in 3/5 -- majority but not unanimous.",16.514626,26.441148
THIN_Measure3GN_Thickness_after_etchback,threshold,negative,1.1191,4/5,2/5,MODERATE,"Shape consistent in 4/5 folds, direction in 2/5 -- majority but not unanimous.",0.616639,0.73321
TOPSIN_ET_sh_GA144,threshold,negative,1.1139,5/5,1/5,MODERATE,"Shape consistent in 5/5 folds, direction in 1/5 -- majority but not unanimous.",3.662281,14.290995
TFRP_ET_TFRP,threshold,positive,1.1019,5/5,2/5,MODERATE,"Shape consistent in 5/5 folds, direction in 2/5 -- majority but not unanimous.",26.683655,39.041563
MEASURE_ET_DC_SEC_X_Vg_at_I3_neg_FPSD3p2,threshold,positive,1.0848,3/5,3/5,MODERATE,"Shape consistent in 3/5 folds, direction in 3/5 -- majority but not unanimous.",81.299241,96.144296
MEASURE_ET_DC_SEC_S_Vg_at_I3_neg_SD3p5,threshold,negative,1.084,4/5,1/5,MODERATE,"Shape consistent in 4/5 folds, direction in 1/5 -- majority but not unanimous.",49.781463,62.671684
TOPSIN_ET_OHMC_GN,threshold,positive,1.0832,3/5,3/5,MODERATE,"Shape consistent in 3/5 folds, direction in 3/5 -- majority but not unanimous.",83.159883,99.755248
FIC_ET_R_f_hr_3,monotonic,positive,1.0824,0/5,4/5,MODERATE,"Shape consistent in 0/5 folds, direction in 4/5 -- majority but not unanimous.",64.06283,76.79261
GATE2_CD_310nm_Gate_Win_Length,threshold,negative,1.0713,5/5,1/5,MODERATE,"Shape consistent in 5/5 folds, direction in 1/5 -- majority but not unanimous.",0.509219,0.590425
MEASURE_ET_DC_SEC_X_Ig_cut3_mAmm_pos,threshold,n/a,1.0705,3/5,3/5,MODERATE,"Shape consistent in 3/5 folds, direction in 3/5 -- majority but not unanimous.",-3.494795,8.701163
TOPSIN_ET_ABVIETCH,threshold,positive,1.0699,3/5,3/5,MODERATE,"Shape consistent in 3/5 folds, direction in 3/5 -- majority but not unanimous.",91.558656,106.928573
MEASURE_ET_RF_Modeling_L_Gd,monotonic,positive,1.062,0/5,4/5,MODERATE,"Shape consistent in 0/5 folds, direction in 4/5 -- majority but not unanimous.",54.306228,66.517326
TOPSIN_ET_DC_SMALL_Ids_m0p2,threshold,positive,1.0585,4/5,3/5,MODERATE,"Shape consistent in 4/5 folds, direction in 3/5 -- majority but not unanimous.",79.971633,95.611343
MEASURE_ET_RF_Modeling_Stress_time,threshold,positive,1.0569,3/5,2/5,MODERATE,"Shape consistent in 3/5 folds, direction in 2/5 -- majority but not unanimous.",81.621477,96.247602
SIN_GATE_ET_R214,threshold,n/a,1.0555,3/5,3/5,MODERATE,"Shape consistent in 3/5 folds, direction in 3/5 -- majority but not unanimous.",61.694808,74.83207
MEASURE_ET_DC_RD_S21ang_18GHz,threshold,positive,1.051,3/5,2/5,MODERATE,"Shape consistent in 3/5 folds, direction in 2/5 -- majority but not unanimous.",12.012888,17.57448
FIC_ET_DC_RF_Vp_01,complex_nonmonotonic,n/a,1.0481,3/5,3/5,MODERATE,"Shape consistent in 3/5 folds, direction in 3/5 -- majority but not unanimous.",-1.400828,-0.737125
TOPSIN_ET_DC_PIV_Ids1_QP2,threshold,n/a,1.0431,3/5,3/5,MODERATE,"Shape consistent in 3/5 folds, direction in 3/5 -- majority but not unanimous.",91.389761,104.82903
SIN_ET_DC_RF_Id_gm_max,complex_nonmonotonic,n/a,1.0389,3/5,3/5,MODERATE,"Shape consistent in 3/5 folds, direction in 3/5 -- majority but not unanimous.",375.730789,668.841052
MEASURE_ET_DC_SEC_X_Vg_at_I1_neg_FPSD3p2,threshold,positive,1.038,4/5,1/5,MODERATE,"Shape consistent in 4/5 folds, direction in 1/5 -- majority but not unanimous.",79.185995,96.058009
MEASURE_ET_DC_SEC_S_Vp_1_mA_mm,threshold,n/a,1.0351,3/5,3/5,MODERATE,"Shape consistent in 3/5 folds, direction in 3/5 -- majority but not unanimous.",-1.423844,-0.741149
FIC_ET_DC_PIV_Ids1_QP1,threshold,n/a,1.0349,3/5,3/5,MODERATE,"Shape consistent in 3/5 folds, direction in 3/5 -- majority but not unanimous.",70.627716,86.095227
TOPSIN_ET_Cap_USV,monotonic,negative,1.0299,1/5,3/5,MODERATE,"Shape consistent in 1/5 folds, direction in 3/5 -- majority but not unanimous.",0.557081,1.162968
MEASURE_ET_DC_Diode_S21_dB_rev_9p5,threshold,positive,1.0295,3/5,3/5,MODERATE,"Shape consistent in 3/5 folds, direction in 3/5 -- majority but not unanimous.",11.665742,17.108321
MEASURE_ET_Vbkdn_Cap100,threshold,n/a,1.0292,3/5,3/5,MODERATE,"Shape consistent in 3/5 folds, direction in 3/5 -- majority but not unanimous.",0.459511,1.091114
MEASURE_ET_DC_SEC_X_Vg_at_I1_pos,monotonic,positive,1.019,0/5,5/5,MODERATE,"Shape consistent in 0/5 folds, direction in 5/5 -- majority but not unanimous.",36.438519,48.665168
TFRP_ET_TF_AB_3,threshold,positive,0.9999,3/5,3/5,MODERATE,"Shape consistent in 3/5 folds, direction in 3/5 -- majority but not unanimous.",78.547225,93.525013
BRIDGE_METAL_Height2_BRGM_Height2,monotonic,positive,0.9977,0/5,3/5,MODERATE,"Shape consistent in 0/5 folds, direction in 3/5 -- majority but not unanimous.",33.886021,43.915377
MESA_ET_Vbkd,threshold,positive,0.9974,5/5,3/5,MODERATE,"Shape consistent in 5/5 folds, direction in 3/5 -- majority but not unanimous.",41.098529,54.848462
TFRP_ET_TF_AB_1,threshold,positive,0.996,3/5,2/5,MODERATE,"Shape consistent in 3/5 folds, direction in 2/5 -- majority but not unanimous.",69.227023,85.353787
MEASURE_ET_Load_Pull_Pout_Last,threshold,positive,0.9947,3/5,2/5,MODERATE,"Shape consistent in 3/5 folds, direction in 2/5 -- majority but not unanimous.",27.632595,33.890121
MEASURE_ET_RF_Modeling_Gds,threshold,negative,0.9904,2/5,3/5,MODERATE,"Shape consistent in 2/5 folds, direction in 3/5 -- majority but not unanimous.",54.445336,66.987207
MEASURE_ET_DC_Diode_S21_dB_rev,threshold,positive,0.9781,4/5,2/5,MODERATE,"Shape consistent in 4/5 folds, direction in 2/5 -- majority but not unanimous.",12.144163,18.052425
MEASURE_ET_DC_SEC_S_Vboff_Id_SD3p5,threshold,positive,0.977,4/5,2/5,MODERATE,"Shape consistent in 4/5 folds, direction in 2/5 -- majority but not unanimous.",75.331776,88.405743
VIA_GaN_Height_Ni_height,threshold,positive,0.9659,4/5,2/5,MODERATE,"Shape consistent in 4/5 folds, direction in 2/5 -- majority but not unanimous.",83.390791,105.28932
MEASURE_ET_LT_SEC_Vg_Id_min_Vd8,threshold,positive,0.9549,4/5,2/5,MODERATE,"Shape consistent in 4/5 folds, direction in 2/5 -- majority but not unanimous.",40.217291,54.084634
MEASURE_ET_C100,complex_nonmonotonic,n/a,0.9539,3/5,3/5,MODERATE,"Shape consistent in 3/5 folds, direction in 3/5 -- majority but not unanimous.",0.556078,1.137762
MEASURE_ET_DC_SEC_S_Id_mA_mm_at_Vg2,threshold,positive,0.9477,4/5,1/5,MODERATE,"Shape consistent in 4/5 folds, direction in 1/5 -- majority but not unanimous.",60.647999,74.609919
MEASURE_ET_TFR_AB,monotonic,positive,0.9421,0/5,3/5,MODERATE,"Shape consistent in 0/5 folds, direction in 3/5 -- majority but not unanimous.",41.874838,53.85274
MEASURE_ET_DC_RF_Freq_cut_L2180,threshold,positive,0.9228,4/5,1/5,MODERATE,"Shape consistent in 4/5 folds, direction in 1/5 -- majority but not unanimous.",68.213419,84.510739
SIN_ET_DC_RF_Vdg_max_0p1mA,threshold,positive,0.9186,3/5,1/5,MODERATE,"Shape consistent in 3/5 folds, direction in 1/5 -- majority but not unanimous.",70.728777,88.920962
TOPSIN_ET_C100C500pf,complex_nonmonotonic,n/a,0.9132,3/5,3/5,MODERATE,"Shape consistent in 3/5 folds, direction in 3/5 -- majority but not unanimous.",0.517098,1.153535
MEASURE_ET_DC_SEC_X_Ig_cut2_mAmm_neg_FPSD3p2,threshold,negative,0.9051,5/5,1/5,MODERATE,"Shape consistent in 5/5 folds, direction in 1/5 -- majority but not unanimous.",27.812019,41.505629
MEASURE_ET_DC_SEC_S_Bin_FPSD3p2,monotonic,positive,0.8979,0/5,3/5,MODERATE,"Shape consistent in 0/5 folds, direction in 3/5 -- majority but not unanimous.",84.283502,99.994173
TOPSIN_ET_KLV_F_M1_4u,threshold,n/a,0.8785,3/5,3/5,MODERATE,"Shape consistent in 3/5 folds, direction in 3/5 -- majority but not unanimous.",45.013632,57.2633
MEASURE_ET_C100C385pf,threshold,n/a,0.8752,3/5,3/5,MODERATE,"Shape consistent in 3/5 folds, direction in 3/5 -- majority but not unanimous.",0.509795,1.059747
FIC_ET_DC_RF_Ids_m0p2,complex_nonmonotonic,n/a,0.875,3/5,3/5,MODERATE,"Shape consistent in 3/5 folds, direction in 3/5 -- majority but not unanimous.",13.41314,25.484235
MEASURE_ET_DC_RD_Vg_Vbon_min,threshold,positive,0.8722,3/5,1/5,MODERATE,"Shape consistent in 3/5 folds, direction in 1/5 -- majority but not unanimous.",73.634548,87.453125
MEASURE_ET_DC_RF_Vbon_max,threshold,n/a,0.8716,3/5,3/5,MODERATE,"Shape consistent in 3/5 folds, direction in 3/5 -- majority but not unanimous.",79.724893,96.990231
FIC_ET_Ids_m2,threshold,positive,0.8625,3/5,2/5,MODERATE,"Shape consistent in 3/5 folds, direction in 2/5 -- majority but not unanimous.",60.40555,72.820135
MESA_Height_Mesa_Height,threshold,positive,0.8606,4/5,0/5,MODERATE,"Shape consistent in 4/5 folds, direction in 0/5 -- majority but not unanimous.",0.122613,0.170673
MEASURE_ET_DC_Stress_Vp_after,complex_nonmonotonic,n/a,0.8512,3/5,3/5,MODERATE,"Shape consistent in 3/5 folds, direction in 3/5 -- majority but not unanimous.",-1.426024,-0.764735
TOPSIN_ET_Load_Pull_PhL_meas,threshold,n/a,0.8496,3/5,3/5,MODERATE,"Shape consistent in 3/5 folds, direction in 3/5 -- majority but not unanimous.",48.951679,60.639906
MEASURE_ET_DC_SEC_X_Vg_at_I3_pos_SD3p5,threshold,positive,0.8163,4/5,2/5,MODERATE,"Shape consistent in 4/5 folds, direction in 2/5 -- majority but not unanimous.",52.468758,65.896347
TOPSIN_ET_DC_SMALL_Vp_1,threshold,positive,0.802,3/5,1/5,MODERATE,"Shape consistent in 3/5 folds, direction in 1/5 -- majority but not unanimous.",-1.405898,-0.76051
TOPSIN_ET_Load_Pull_Pout_Last,threshold,n/a,0.7894,3/5,3/5,MODERATE,"Shape consistent in 3/5 folds, direction in 3/5 -- majority but not unanimous.",28.134176,33.092826
THIN_ET_Rsh_cat_c2,threshold,negative,0.7891,3/5,0/5,MODERATE,"Shape consistent in 3/5 folds, direction in 0/5 -- majority but not unanimous.",98.819545,139.223568
SIN_GATE_ET_Ran_con_3,threshold,negative,0.7841,3/5,1/5,MODERATE,"Shape consistent in 3/5 folds, direction in 1/5 -- majority but not unanimous.",72.943059,87.187433
TOPSIN_ET_C385pf,threshold,positive,0.7798,4/5,2/5,MODERATE,"Shape consistent in 4/5 folds, direction in 2/5 -- majority but not unanimous.",65.358374,83.311864
SIN_ET_DC_RF_n_gd,threshold,positive,0.7749,4/5,3/5,MODERATE,"Shape consistent in 4/5 folds, direction in 3/5 -- majority but not unanimous.",53.160882,66.552013
SIN_ET_DC_RF_Vdg_max,threshold,negative,0.7724,4/5,2/5,MODERATE,"Shape consistent in 4/5 folds, direction in 2/5 -- majority but not unanimous.",79.740499,96.19584
ANODE_ET_Ran_con_1_OW_CR,threshold,positive,0.7605,4/5,3/5,MODERATE,"Shape consistent in 4/5 folds, direction in 3/5 -- majority but not unanimous.",78.781647,94.445304
MEASURE_ET_F_AB,threshold,positive,0.7483,3/5,2/5,MODERATE,"Shape consistent in 3/5 folds, direction in 2/5 -- majority but not unanimous.",62.720348,78.376554
MEASURE_ET_DC_SEC_X_Ig_cut2_mAmm_pos,threshold,negative,0.7397,4/5,1/5,MODERATE,"Shape consistent in 4/5 folds, direction in 1/5 -- majority but not unanimous.",75.326106,94.395297
VIA_GaN_Measure4GN_Final_GaN_thickness,threshold,positive,0.7372,4/5,3/5,MODERATE,"Shape consistent in 4/5 folds, direction in 3/5 -- majority but not unanimous.",0.974917,1.205923
BRGM_Cd_Metal_BRGM_Final_metal_CD,threshold,negative,0.7322,4/5,2/5,MODERATE,"Shape consistent in 4/5 folds, direction in 2/5 -- majority but not unanimous.",0.801763,0.918404
MEASURE_ET_DC_SEC_S_Vg_at_I3_neg_FPSD3p2,threshold,positive,0.7303,4/5,0/5,MODERATE,"Shape consistent in 4/5 folds, direction in 0/5 -- majority but not unanimous.",65.319759,79.791912
MEASURE_ET_G_per_6K,threshold,positive,0.7201,3/5,1/5,MODERATE,"Shape consistent in 3/5 folds, direction in 1/5 -- majority but not unanimous.",43.940535,55.235174
FIC_ET_Probe_Number,threshold,n/a,0.7196,3/5,3/5,MODERATE,"Shape consistent in 3/5 folds, direction in 3/5 -- majority but not unanimous.",0.968931,5.171874
SIN_Thickness1_SiN_Thickness_1st,threshold,n/a,0.7161,3/5,3/5,MODERATE,"Shape consistent in 3/5 folds, direction in 3/5 -- majority but not unanimous.",0.134923,0.165363
THIN_Measure4_Wafer_thickness_final,threshold,positive,0.7149,4/5,2/5,MODERATE,"Shape consistent in 4/5 folds, direction in 2/5 -- majority but not unanimous.",91.140501,109.32687
MEASURE_ET_RGAN3,threshold,positive,0.7056,4/5,3/5,MODERATE,"Shape consistent in 4/5 folds, direction in 3/5 -- majority but not unanimous.",47.882337,60.320609
THIN_ET_Er,threshold,n/a,0.7026,3/5,3/5,MODERATE,"Shape consistent in 3/5 folds, direction in 3/5 -- majority but not unanimous.",41.044935,54.623554
MEASURE_ET_DC_SMALL_Vg_max_Vd_0p1,threshold,positive,0.6999,4/5,2/5,MODERATE,"Shape consistent in 4/5 folds, direction in 2/5 -- majority but not unanimous.",62.688127,75.106261
MEASURE_ET_DC_RF_Id_Vbon_max,threshold,n/a,0.6993,3/5,3/5,MODERATE,"Shape consistent in 3/5 folds, direction in 3/5 -- majority but not unanimous.",65.080553,78.605195
TOPSIN_ET_C100C300pf,threshold,negative,0.6793,3/5,1/5,MODERATE,"Shape consistent in 3/5 folds, direction in 1/5 -- majority but not unanimous.",0.524873,1.138142
MEASURE_ET_DC_SEC_S_Id_mA_mm_at_Vg2_SD3p5,threshold,positive,0.6656,5/5,3/5,MODERATE,"Shape consistent in 5/5 folds, direction in 3/5 -- majority but not unanimous.",26.353011,38.915386
THIN_Measure2_Thickness_after_grinding,threshold,positive,0.6574,3/5,0/5,MODERATE,"Shape consistent in 3/5 folds, direction in 0/5 -- majority but not unanimous.",96.861848,121.650212
TOPSIN_ET_Load_Pull_Pout_W_last,threshold,positive,0.6115,4/5,0/5,MODERATE,"Shape consistent in 4/5 folds, direction in 0/5 -- majority but not unanimous.",27.94303,32.943555
THIN_ET_Ran_con_3,threshold,positive,0.6024,3/5,2/5,MODERATE,"Shape consistent in 3/5 folds, direction in 2/5 -- majority but not unanimous.",86.088266,99.775092
MEASURE_ET_DC_RF_CF_S21_Mag_L2180,threshold,positive,0.6009,3/5,1/5,MODERATE,"Shape consistent in 3/5 folds, direction in 1/5 -- majority but not unanimous.",12.249995,18.271178
TOPSIN_ET_Load_Pull_Id_SS,threshold,negative,0.5878,3/5,1/5,MODERATE,"Shape consistent in 3/5 folds, direction in 1/5 -- majority but not unanimous.",70.326612,85.008657
MEASURE_ET_DC_SEC_X_Id_mA_mm_at_Vg3,threshold,negative,0.5478,4/5,0/5,MODERATE,"Shape consistent in 4/5 folds, direction in 0/5 -- majority but not unanimous.",12.789103,23.831701
SIN_ET_TR_1F,threshold,positive,0.5342,3/5,1/5,MODERATE,"Shape consistent in 3/5 folds, direction in 1/5 -- majority but not unanimous.",44.254598,56.204842
WIN_CD_WIN_CD,threshold,positive,0.5275,4/5,1/5,MODERATE,"Shape consistent in 4/5 folds, direction in 1/5 -- majority but not unanimous.",0.934035,1.05295
MEASURE_ET_DC_SEC_S_Vboff_Id_plus_Ig,threshold,positive,0.5036,3/5,0/5,MODERATE,"Shape consistent in 3/5 folds, direction in 0/5 -- majority but not unanimous.",35.567527,46.83803
MEASURE_ET_R514,threshold,positive,0.4646,3/5,1/5,MODERATE,"Shape consistent in 3/5 folds, direction in 1/5 -- majority but not unanimous.",77.365519,93.098802
THIN_ET_lkg_10,complex_nonmonotonic,n/a,4.2453,2/5,2/5,WEAK,"Shape consistent in 2/5 folds, direction in 2/5 -- inconsistent.",0.012113,0.354436
TOPSIN_ET_DC_PIV_Drain_Lag_0,complex_nonmonotonic,n/a,4.1145,2/5,2/5,WEAK,"Shape consistent in 2/5 folds, direction in 2/5 -- inconsistent.",1.599223,11.312367
THIN_ET_lkg_50_at20V,complex_nonmonotonic,n/a,3.7189,2/5,2/5,WEAK,"Shape consistent in 2/5 folds, direction in 2/5 -- inconsistent.",0.014238,0.355134
SIN_ET_lkg_SY07_10,complex_nonmonotonic,n/a,3.584,2/5,2/5,WEAK,"Shape consistent in 2/5 folds, direction in 2/5 -- inconsistent.",0.013404,0.516823
MEASURE_ET_LT_SEC_Ileak_m10p5V_mA_mm,complex_nonmonotonic,n/a,3.5042,2/5,2/5,WEAK,"Shape consistent in 2/5 folds, direction in 2/5 -- inconsistent.",0.009139,0.367588
MEASURE_ET_lkg_Cap3,complex_nonmonotonic,n/a,3.3054,2/5,2/5,WEAK,"Shape consistent in 2/5 folds, direction in 2/5 -- inconsistent.",0.010658,0.350384
TOPSIN_ET_DC_PIV_Gate_Lag_1,complex_nonmonotonic,n/a,3.1598,2/5,2/5,WEAK,"Shape consistent in 2/5 folds, direction in 2/5 -- inconsistent.",0.489659,9.296448
MEASURE_ET_lkg_Cap2,complex_nonmonotonic,n/a,3.0842,2/5,2/5,WEAK,"Shape consistent in 2/5 folds, direction in 2/5 -- inconsistent.",0.006589,0.435444
TOPSIN_ET_lkg_Cap3,complex_nonmonotonic,n/a,2.9721,2/5,2/5,WEAK,"Shape consistent in 2/5 folds, direction in 2/5 -- inconsistent.",0.013063,0.518
TOPSIN_ET_lkg_C450pf,threshold,negative,2.9658,1/5,2/5,WEAK,"Shape consistent in 1/5 folds, direction in 2/5 -- inconsistent.",0.009303,0.427268
TOPSIN_ET_lkg_C300,complex_nonmonotonic,n/a,2.8955,2/5,2/5,WEAK,"Shape consistent in 2/5 folds, direction in 2/5 -- inconsistent.",0.00702,0.373981
MEASURE_ET_DC_SEC_X_Ig_cut1_mAmm_pos_FPSD3p2,complex_nonmonotonic,n/a,2.8815,2/5,2/5,WEAK,"Shape consistent in 2/5 folds, direction in 2/5 -- inconsistent.",19.884864,29.441999
MEASURE_ET_C385pf,threshold,positive,2.848,1/5,2/5,WEAK,"Shape consistent in 1/5 folds, direction in 2/5 -- inconsistent.",20.563619,33.042707
FIC_ET_Rc_f_hr_23,complex_nonmonotonic,n/a,2.8314,2/5,2/5,WEAK,"Shape consistent in 2/5 folds, direction in 2/5 -- inconsistent.",0.115748,0.297944
MEASURE_ET_DC_RF_Gm_max_W,complex_nonmonotonic,n/a,2.739,2/5,2/5,WEAK,"Shape consistent in 2/5 folds, direction in 2/5 -- inconsistent.",388.865395,649.850588
MEASURE_ET_C100CapPARCAP,complex_nonmonotonic,n/a,2.6519,2/5,2/5,WEAK,"Shape consistent in 2/5 folds, direction in 2/5 -- inconsistent.",0.115236,0.318968
BRGM_ET_ABVIETCH,complex_nonmonotonic,n/a,2.5854,2/5,2/5,WEAK,"Shape consistent in 2/5 folds, direction in 2/5 -- inconsistent.",390.401202,673.307003
TOPSIN_ET_DC_SMALL_Vbgd_0p01,complex_nonmonotonic,n/a,2.512,2/5,2/5,WEAK,"Shape consistent in 2/5 folds, direction in 2/5 -- inconsistent.",20.53062,38.173498
MEASURE_ET_LT_SEC_Vbgd1_Vd7,complex_nonmonotonic,n/a,2.5079,2/5,2/5,WEAK,"Shape consistent in 2/5 folds, direction in 2/5 -- inconsistent.",18.707781,35.799131
TOPSIN_ET_DC_RF_Vbin_gs,complex_nonmonotonic,n/a,2.5065,2/5,2/5,WEAK,"Shape consistent in 2/5 folds, direction in 2/5 -- inconsistent.",17.179096,37.572209
MEASURE_ET_DC_Diode_Vbpin,complex_nonmonotonic,n/a,2.502,2/5,2/5,WEAK,"Shape consistent in 2/5 folds, direction in 2/5 -- inconsistent.",17.325764,38.902861
CATHODE_ET_Rcat_cn_3_OW_ST,complex_nonmonotonic,n/a,2.5017,2/5,2/5,WEAK,"Shape consistent in 2/5 folds, direction in 2/5 -- inconsistent.",0.114294,0.320949
MEASURE_ET_DC_SMALL_Vbgd_0p1,complex_nonmonotonic,n/a,2.4749,2/5,2/5,WEAK,"Shape consistent in 2/5 folds, direction in 2/5 -- inconsistent.",16.481632,37.218185
BRGM_ET_C300,complex_nonmonotonic,n/a,2.4302,2/5,2/5,WEAK,"Shape consistent in 2/5 folds, direction in 2/5 -- inconsistent.",407.615309,641.504105
TFRP_ET_Rsh_TFR2,complex_nonmonotonic,n/a,2.4302,2/5,2/5,WEAK,"Shape consistent in 2/5 folds, direction in 2/5 -- inconsistent.",32.628668,62.801093
THIN_ET_C300_0,complex_nonmonotonic,n/a,2.4036,2/5,2/5,WEAK,"Shape consistent in 2/5 folds, direction in 2/5 -- inconsistent.",0.508376,1.073286
MEASURE_ET_lkg_SY07_10,complex_nonmonotonic,n/a,2.3942,2/5,2/5,WEAK,"Shape consistent in 2/5 folds, direction in 2/5 -- inconsistent.",0.013046,0.377415
TOPSIN_ET_Cap2pf,complex_nonmonotonic,n/a,2.3581,2/5,2/5,WEAK,"Shape consistent in 2/5 folds, direction in 2/5 -- inconsistent.",0.48913,1.119993
THIN_ET_Rc_cat_ct2_OW_ST,threshold,n/a,2.3228,2/5,2/5,WEAK,"Shape consistent in 2/5 folds, direction in 2/5 -- inconsistent.",0.113243,0.303629
MEASURE_ET_R_400_HOR,threshold,positive,2.3198,2/5,1/5,WEAK,"Shape consistent in 2/5 folds, direction in 1/5 -- inconsistent.",83.350847,99.125019
MEASURE_ET_RF_Modeling_Cgd_err,threshold,n/a,2.3197,2/5,2/5,WEAK,"Shape consistent in 2/5 folds, direction in 2/5 -- inconsistent.",90.317942,107.28561
MEASURE_ET_C100Cap2pf,complex_nonmonotonic,n/a,2.3176,2/5,2/5,WEAK,"Shape consistent in 2/5 folds, direction in 2/5 -- inconsistent.",0.481419,1.162581
MEASURE_ET_DC_PIV_Gate_Lag_0,complex_nonmonotonic,n/a,2.2693,2/5,2/5,WEAK,"Shape consistent in 2/5 folds, direction in 2/5 -- inconsistent.",0.491488,9.42294
FIC_ET_Gm_m2,complex_nonmonotonic,n/a,2.2495,2/5,2/5,WEAK,"Shape consistent in 2/5 folds, direction in 2/5 -- inconsistent.",392.966927,672.989216
MEASURE_ET_DC_RF_K_W,complex_nonmonotonic,n/a,2.2317,2/5,2/5,WEAK,"Shape consistent in 2/5 folds, direction in 2/5 -- inconsistent.",5.740719,15.550535
TOPSIN_ET_Cap3pf_0,complex_nonmonotonic,n/a,2.2299,2/5,2/5,WEAK,"Shape consistent in 2/5 folds, direction in 2/5 -- inconsistent.",0.470782,1.055281
MEASURE_ET_DC_RD_Vboff_ON,complex_nonmonotonic,n/a,2.218,2/5,2/5,WEAK,"Shape consistent in 2/5 folds, direction in 2/5 -- inconsistent.",11.305667,24.673795
TOPSIN_ET_Gm_max,complex_nonmonotonic,n/a,2.2062,2/5,2/5,WEAK,"Shape consistent in 2/5 folds, direction in 2/5 -- inconsistent.",363.473257,657.501389
MEASURE_ET_DC_SMALL_Vbin_gs,complex_nonmonotonic,n/a,2.1827,2/5,2/5,WEAK,"Shape consistent in 2/5 folds, direction in 2/5 -- inconsistent.",19.092346,38.343852
TOPSIN_ET_DC_RF_Gm_max,complex_nonmonotonic,n/a,2.1818,2/5,2/5,WEAK,"Shape consistent in 2/5 folds, direction in 2/5 -- inconsistent.",370.877327,664.709659
SIN_ET_DC_PIV_Gate_Lag_Imax,complex_nonmonotonic,n/a,2.169,2/5,2/5,WEAK,"Shape consistent in 2/5 folds, direction in 2/5 -- inconsistent.",495.166672,849.257646
TOPSIN_ET_DC_SMALL_Gm_0,complex_nonmonotonic,n/a,2.1622,2/5,2/5,WEAK,"Shape consistent in 2/5 folds, direction in 2/5 -- inconsistent.",379.696752,648.498139
TOPSIN_ET_DC_SMALL_Vbgd_0p1,complex_nonmonotonic,n/a,2.1543,2/5,2/5,WEAK,"Shape consistent in 2/5 folds, direction in 2/5 -- inconsistent.",20.168348,37.503587
TOPSIN_ET_DC_SMALL_Vbgs1,complex_nonmonotonic,n/a,2.1469,2/5,2/5,WEAK,"Shape consistent in 2/5 folds, direction in 2/5 -- inconsistent.",18.957743,37.805928
MEASURE_ET_DC_Big_S12dB_10GHz,inverted_U,n/a,2.1434,2/5,2/5,WEAK,"Shape consistent in 2/5 folds, direction in 2/5 -- inconsistent.",-33.823876,-18.683488
SIN_ET_DC_PIV_Idss_QP2,complex_nonmonotonic,n/a,2.1302,2/5,2/5,WEAK,"Shape consistent in 2/5 folds, direction in 2/5 -- inconsistent.",248.025565,466.321989
MEASURE_ET_R_660_VER,complex_nonmonotonic,n/a,2.1217,2/5,2/5,WEAK,"Shape consistent in 2/5 folds, direction in 2/5 -- inconsistent.",11.450231,21.275054
MEASURE_ET_DC_SMALL_Vt_gs,complex_nonmonotonic,n/a,2.1128,2/5,2/5,WEAK,"Shape consistent in 2/5 folds, direction in 2/5 -- inconsistent.",79.243417,95.441718
MEASURE_ET_DC_SEC_Id_gm_max,complex_nonmonotonic,n/a,2.0779,2/5,2/5,WEAK,"Shape consistent in 2/5 folds, direction in 2/5 -- inconsistent.",391.849844,647.458777
MEASURE_ET_DC_SEC_X_Vg_at_I1_neg_SD3p5,U_shape,n/a,2.0618,2/5,2/5,WEAK,"Shape consistent in 2/5 folds, direction in 2/5 -- inconsistent.",6.097922,16.211647
TOPSIN_ET_DC_SMALL_Vbgs_0p01,complex_nonmonotonic,n/a,2.0509,2/5,2/5,WEAK,"Shape consistent in 2/5 folds, direction in 2/5 -- inconsistent.",19.471569,39.627005
MEASURE_ET_DC_SEC_X_Vboff_Id_SD3p5,complex_nonmonotonic,n/a,2.0409,2/5,2/5,WEAK,"Shape consistent in 2/5 folds, direction in 2/5 -- inconsistent.",73.604904,92.124067
MEASURE_ET_RF_Modeling_Ls,monotonic,positive,2.0392,1/5,2/5,WEAK,"Shape consistent in 1/5 folds, direction in 2/5 -- inconsistent.",82.612807,97.529841
THIN_ET_DC_RF_Gm_0,complex_nonmonotonic,n/a,2.0381,2/5,2/5,WEAK,"Shape consistent in 2/5 folds, direction in 2/5 -- inconsistent.",398.232544,667.837466
MEASURE_ET_DC_RF_Idss,complex_nonmonotonic,n/a,2.037,2/5,2/5,WEAK,"Shape consistent in 2/5 folds, direction in 2/5 -- inconsistent.",248.161057,464.160588
THIN_ET_Rc_TF_AB_2,complex_nonmonotonic,n/a,2.0226,2/5,2/5,WEAK,"Shape consistent in 2/5 folds, direction in 2/5 -- inconsistent.",0.100317,0.291838
SIN_GATE_ET_Rc_an_ct2,complex_nonmonotonic,n/a,1.9924,2/5,2/5,WEAK,"Shape consistent in 2/5 folds, direction in 2/5 -- inconsistent.",0.109549,0.299132
MEASURE_ET_Rcat_cn_3_OW_ST,complex_nonmonotonic,n/a,1.9878,2/5,2/5,WEAK,"Shape consistent in 2/5 folds, direction in 2/5 -- inconsistent.",0.096148,0.297892
MEASURE_ET_DC_RF_Vds_max_0p1mA,complex_nonmonotonic,n/a,1.9784,2/5,2/5,WEAK,"Shape consistent in 2/5 folds, direction in 2/5 -- inconsistent.",32.397681,44.904163
MEASURE_ET_LT_SEC_Vd_Id_min,threshold,positive,1.9648,2/5,2/5,WEAK,"Shape consistent in 2/5 folds, direction in 2/5 -- inconsistent.",34.945413,47.637012
THIN_ET_DC_RF_Vg_optt1,complex_nonmonotonic,n/a,1.9624,2/5,2/5,WEAK,"Shape consistent in 2/5 folds, direction in 2/5 -- inconsistent.",4.698909,15.06259
THIN_ET_Rc_cat_ct2,complex_nonmonotonic,n/a,1.9621,2/5,2/5,WEAK,"Shape consistent in 2/5 folds, direction in 2/5 -- inconsistent.",0.131138,0.295555
TOPSIN_ET_CapFICBRGM_0,complex_nonmonotonic,n/a,1.9615,2/5,2/5,WEAK,"Shape consistent in 2/5 folds, direction in 2/5 -- inconsistent.",373.682042,659.265444
BRGM_ET_C200_0,complex_nonmonotonic,n/a,1.9583,2/5,2/5,WEAK,"Shape consistent in 2/5 folds, direction in 2/5 -- inconsistent.",412.120719,655.399277
MEASURE_ET_DC_RF2_S12dB_26GHz,complex_nonmonotonic,n/a,1.9572,2/5,2/5,WEAK,"Shape consistent in 2/5 folds, direction in 2/5 -- inconsistent.",-31.828043,-17.714887
SIN_ET_DC_RF_Vbgd1,threshold,positive,1.9557,2/5,2/5,WEAK,"Shape consistent in 2/5 folds, direction in 2/5 -- inconsistent.",17.900946,38.880343
MEASURE_ET_Rc_OG142,complex_nonmonotonic,n/a,1.9482,2/5,2/5,WEAK,"Shape consistent in 2/5 folds, direction in 2/5 -- inconsistent.",0.098043,0.295251
MEASURE_ET_DC_SMALL_Id_gm_max,complex_nonmonotonic,n/a,1.9396,2/5,2/5,WEAK,"Shape consistent in 2/5 folds, direction in 2/5 -- inconsistent.",387.46585,657.321153
FIC_ET_DC_RF_Gm_0,complex_nonmonotonic,n/a,1.9378,2/5,2/5,WEAK,"Shape consistent in 2/5 folds, direction in 2/5 -- inconsistent.",396.580335,653.741445
THIN_ET_DC_RF_Vds_max_0p1mA,complex_nonmonotonic,n/a,1.9068,2/5,2/5,WEAK,"Shape consistent in 2/5 folds, direction in 2/5 -- inconsistent.",11.316115,23.104959
MEASURE_ET_R214,complex_nonmonotonic,n/a,1.9061,2/5,2/5,WEAK,"Shape consistent in 2/5 folds, direction in 2/5 -- inconsistent.",3.860936,13.731783
TFRP_ET_TF_AB_2,threshold,n/a,1.8922,2/5,2/5,WEAK,"Shape consistent in 2/5 folds, direction in 2/5 -- inconsistent.",76.092343,90.915316
MEASURE_ET_C100CapM1BRGM,complex_nonmonotonic,n/a,1.8559,2/5,2/5,WEAK,"Shape consistent in 2/5 folds, direction in 2/5 -- inconsistent.",393.096431,666.271337
THIN_ET_Rc_F_AB_2,complex_nonmonotonic,n/a,1.8541,2/5,2/5,WEAK,"Shape consistent in 2/5 folds, direction in 2/5 -- inconsistent.",0.100648,0.304694
TOPSIN_ET_Cap_C300,complex_nonmonotonic,n/a,1.8448,2/5,2/5,WEAK,"Shape consistent in 2/5 folds, direction in 2/5 -- inconsistent.",0.47359,1.055136
MEASURE_ET_DC_SEC_X_Id_plus_Ig_at_Vboff_mA_mm_SD3p5,complex_nonmonotonic,n/a,1.8442,2/5,2/5,WEAK,"Shape consistent in 2/5 folds, direction in 2/5 -- inconsistent.",8.246333,21.353028
MEASURE_ET_DC_RF_Gm_m0p2,complex_nonmonotonic,n/a,1.8372,2/5,2/5,WEAK,"Shape consistent in 2/5 folds, direction in 2/5 -- inconsistent.",391.793845,661.058548
MEASURE_ET_DC_RF_Max_S11_Freq_L1018,complex_nonmonotonic,n/a,1.8336,2/5,2/5,WEAK,"Shape consistent in 2/5 folds, direction in 2/5 -- inconsistent.",-17.001599,-6.802253
FIC_ET_DC_RF_Vbgd_0p1,monotonic,positive,1.8335,0/5,2/5,WEAK,"Shape consistent in 0/5 folds, direction in 2/5 -- inconsistent.",17.958713,37.432235
TOPSIN_ET_C500pf,complex_nonmonotonic,n/a,1.8231,2/5,2/5,WEAK,"Shape consistent in 2/5 folds, direction in 2/5 -- inconsistent.",23.848403,34.613023
THIN_ET_Cap20,complex_nonmonotonic,n/a,1.8219,2/5,2/5,WEAK,"Shape consistent in 2/5 folds, direction in 2/5 -- inconsistent.",0.482417,1.155907
THIN_ET_DC_RF_Vbin_gd,U_shape,n/a,1.8208,2/5,2/5,WEAK,"Shape consistent in 2/5 folds, direction in 2/5 -- inconsistent.",18.406396,39.768007
OHMIC_Thickness_SiN_Thickness,complex_nonmonotonic,n/a,1.818,2/5,2/5,WEAK,"Shape consistent in 2/5 folds, direction in 2/5 -- inconsistent.",0.130967,0.174535
MEASURE_ET_sh_GA144,threshold,positive,1.8173,2/5,2/5,WEAK,"Shape consistent in 2/5 folds, direction in 2/5 -- inconsistent.",29.449426,42.171444
MEASURE_ET_DC_SMALL_Vbgd1,complex_nonmonotonic,n/a,1.8129,2/5,2/5,WEAK,"Shape consistent in 2/5 folds, direction in 2/5 -- inconsistent.",18.425366,35.753495
TOPSIN_ET_Rc_OG144,complex_nonmonotonic,n/a,1.8115,2/5,2/5,WEAK,"Shape consistent in 2/5 folds, direction in 2/5 -- inconsistent.",0.115952,0.322705
MEASURE_ET_DC_RF_S22dB_26GHz,complex_nonmonotonic,n/a,1.8066,2/5,2/5,WEAK,"Shape consistent in 2/5 folds, direction in 2/5 -- inconsistent.",-16.747377,-6.587944
TOPSIN_ET_DC_RF_Ids_m0p2,complex_nonmonotonic,n/a,1.8008,2/5,2/5,WEAK,"Shape consistent in 2/5 folds, direction in 2/5 -- inconsistent.",46.531064,61.137218
THIN_ET_DC_RF_Vg_gm_max,complex_nonmonotonic,n/a,1.7937,2/5,2/5,WEAK,"Shape consistent in 2/5 folds, direction in 2/5 -- inconsistent.",394.376135,669.868988
MEASURE_ET_RF_Modeling_Id_search,complex_nonmonotonic,n/a,1.786,2/5,2/5,WEAK,"Shape consistent in 2/5 folds, direction in 2/5 -- inconsistent.",0.107766,0.280949
MEASURE_ET_Cap_C300,complex_nonmonotonic,n/a,1.7776,2/5,2/5,WEAK,"Shape consistent in 2/5 folds, direction in 2/5 -- inconsistent.",0.468648,1.082007
FIC_ET_C100S1,complex_nonmonotonic,n/a,1.7733,2/5,2/5,WEAK,"Shape consistent in 2/5 folds, direction in 2/5 -- inconsistent.",0.472832,1.173612
TOPSIN_ET_C175pf_0,threshold,n/a,1.7719,2/5,2/5,WEAK,"Shape consistent in 2/5 folds, direction in 2/5 -- inconsistent.",76.621828,92.473612
MEASURE_ET_C200,complex_nonmonotonic,n/a,1.7684,2/5,2/5,WEAK,"Shape consistent in 2/5 folds, direction in 2/5 -- inconsistent.",0.480057,1.093585
MEASURE_ET_DC_SEC_Vgs_back_1V,threshold,n/a,1.762,2/5,2/5,WEAK,"Shape consistent in 2/5 folds, direction in 2/5 -- inconsistent.",62.783015,77.536697
SIN_GATE_ET_OHMC_GN,U_shape,n/a,1.7574,2/5,2/5,WEAK,"Shape consistent in 2/5 folds, direction in 2/5 -- inconsistent.",80.981658,98.231526
MEASURE_ET_DC_SMALL_Gm_m0p2,complex_nonmonotonic,n/a,1.7503,2/5,2/5,WEAK,"Shape consistent in 2/5 folds, direction in 2/5 -- inconsistent.",372.864946,648.228337
TOPSIN_ET_lkg_CapM1BRGM,complex_nonmonotonic,n/a,1.7465,2/5,2/5,WEAK,"Shape consistent in 2/5 folds, direction in 2/5 -- inconsistent.",377.490382,646.816445
MEASURE_ET_DC_SEC_S_Ig_cut2_mAmm_pos_SD3p5,complex_nonmonotonic,n/a,1.7287,2/5,2/5,WEAK,"Shape consistent in 2/5 folds, direction in 2/5 -- inconsistent.",18.87163,30.3505
MEASURE_ET_lkg_CapFICBRGM,complex_nonmonotonic,n/a,1.7198,2/5,2/5,WEAK,"Shape consistent in 2/5 folds, direction in 2/5 -- inconsistent.",402.622899,668.202554
FIC_ET_DC_RF_Gm_max,complex_nonmonotonic,n/a,1.7143,2/5,2/5,WEAK,"Shape consistent in 2/5 folds, direction in 2/5 -- inconsistent.",387.642982,649.823361
THIN_ET_DC_RF_Vbgs1,complex_nonmonotonic,n/a,1.7115,2/5,2/5,WEAK,"Shape consistent in 2/5 folds, direction in 2/5 -- inconsistent.",17.792544,39.708838
MEASURE_ET_DC_Big_Ids_m0p2,threshold,n/a,1.684,2/5,2/5,WEAK,"Shape consistent in 2/5 folds, direction in 2/5 -- inconsistent.",53.923718,68.330753
MEASURE_ET_DC_SMALL_Vboff,complex_nonmonotonic,n/a,1.6707,2/5,2/5,WEAK,"Shape consistent in 2/5 folds, direction in 2/5 -- inconsistent.",16.62188,26.643215
SIN_ET_DC_RF_Vbgs1,threshold,n/a,1.6625,2/5,2/5,WEAK,"Shape consistent in 2/5 folds, direction in 2/5 -- inconsistent.",17.018653,38.770054
SIN_ET_DC_PIV_Drain_Lag_Idss,complex_nonmonotonic,n/a,1.6576,2/5,2/5,WEAK,"Shape consistent in 2/5 folds, direction in 2/5 -- inconsistent.",246.426648,465.007309
MEASURE_ET_C100C300pf,complex_nonmonotonic,n/a,1.6552,2/5,2/5,WEAK,"Shape consistent in 2/5 folds, direction in 2/5 -- inconsistent.",0.479745,1.129103
MEASURE_ET_DC_SEC_X_Ids_max_norm,threshold,n/a,1.642,2/5,2/5,WEAK,"Shape consistent in 2/5 folds, direction in 2/5 -- inconsistent.",35.633907,46.466298
MEASURE_ET_DC_Big_S21ang_10GHz,complex_nonmonotonic,n/a,1.6217,2/5,2/5,WEAK,"Shape consistent in 2/5 folds, direction in 2/5 -- inconsistent.",12.594156,17.849632
SIN_ET_DC_RF_Vg_optt2,complex_nonmonotonic,n/a,1.6207,2/5,2/5,WEAK,"Shape consistent in 2/5 folds, direction in 2/5 -- inconsistent.",12.262188,22.891643
MEASURE_ET_Vg_gm_max,complex_nonmonotonic,n/a,1.6158,2/5,2/5,WEAK,"Shape consistent in 2/5 folds, direction in 2/5 -- inconsistent.",391.993509,670.510008
MEASURE_ET_DC_RF_S21dB_26GHz,complex_nonmonotonic,n/a,1.6144,2/5,2/5,WEAK,"Shape consistent in 2/5 folds, direction in 2/5 -- inconsistent.",11.86405,18.193627
MEASURE_ET_DC_SEC_Imax_6V,complex_nonmonotonic,n/a,1.6117,2/5,2/5,WEAK,"Shape consistent in 2/5 folds, direction in 2/5 -- inconsistent.",494.88255,863.741233
MEASURE_ET_DC_RF2_S11ang_26GHz,complex_nonmonotonic,n/a,1.6111,2/5,2/5,WEAK,"Shape consistent in 2/5 folds, direction in 2/5 -- inconsistent.",-16.947671,-7.16697
FIC_ET_DC_RF_Gm_m0p2,complex_nonmonotonic,n/a,1.6097,2/5,2/5,WEAK,"Shape consistent in 2/5 folds, direction in 2/5 -- inconsistent.",388.395174,687.315084
MEASURE_ET_DC_SEC_S_Vg_at_I1_pos,threshold,positive,1.5989,2/5,2/5,WEAK,"Shape consistent in 2/5 folds, direction in 2/5 -- inconsistent.",55.596437,67.939028
MEASURE_ET_DC_SEC_S_Vg_at_I2_neg_SD3p5,complex_nonmonotonic,n/a,1.5984,2/5,2/5,WEAK,"Shape consistent in 2/5 folds, direction in 2/5 -- inconsistent.",11.776078,21.767199
TOPSIN_ET_DC_RF_Id_gm_max,complex_nonmonotonic,n/a,1.5983,2/5,2/5,WEAK,"Shape consistent in 2/5 folds, direction in 2/5 -- inconsistent.",396.586471,656.272268
TOPSIN_ET_CapFICM1,inverted_U,n/a,1.592,2/5,2/5,WEAK,"Shape consistent in 2/5 folds, direction in 2/5 -- inconsistent.",0.492319,1.093585
MEASURE_ET_C300_0,threshold,n/a,1.5873,2/5,2/5,WEAK,"Shape consistent in 2/5 folds, direction in 2/5 -- inconsistent.",0.498553,1.189499
FIC_ET_R114,complex_nonmonotonic,n/a,1.5811,2/5,2/5,WEAK,"Shape consistent in 2/5 folds, direction in 2/5 -- inconsistent.",7.002154,18.031334
MEASURE_ET_DC_RF_Vp_01,complex_nonmonotonic,n/a,1.5753,2/5,2/5,WEAK,"Shape consistent in 2/5 folds, direction in 2/5 -- inconsistent.",-1.408571,-0.752343
MEASURE_ET_Vbkdn_Cap100_Long,complex_nonmonotonic,n/a,1.5721,2/5,2/5,WEAK,"Shape consistent in 2/5 folds, direction in 2/5 -- inconsistent.",0.527746,1.132071
MEASURE_ET_CapUSV,complex_nonmonotonic,n/a,1.5688,2/5,2/5,WEAK,"Shape consistent in 2/5 folds, direction in 2/5 -- inconsistent.",0.530994,1.114071
MEASURE_ET_DC_SEC_S_Vp_1_mA_mm_second_FPSD3p2,threshold,n/a,1.5681,2/5,2/5,WEAK,"Shape consistent in 2/5 folds, direction in 2/5 -- inconsistent.",-1.370193,-0.738557
BRGM_ET_i5021_3,complex_nonmonotonic,n/a,1.5579,2/5,2/5,WEAK,"Shape consistent in 2/5 folds, direction in 2/5 -- inconsistent.",388.126322,652.740484
MEASURE_ET_DC_SEC_Gm_0,complex_nonmonotonic,n/a,1.5571,2/5,2/5,WEAK,"Shape consistent in 2/5 folds, direction in 2/5 -- inconsistent.",409.766143,654.894562
MEASURE_ET_DC_SEC_X_Bin,complex_nonmonotonic,n/a,1.5553,2/5,2/5,WEAK,"Shape consistent in 2/5 folds, direction in 2/5 -- inconsistent.",-1.043926,7.365464
SIN_ET_DC_PIV_Drain_Lag_Imax,complex_nonmonotonic,n/a,1.5542,2/5,2/5,WEAK,"Shape consistent in 2/5 folds, direction in 2/5 -- inconsistent.",508.052641,831.309374
MEASURE_ET_DC_SEC_X_Vg_at_I3_neg_SD3p5,complex_nonmonotonic,n/a,1.5531,2/5,2/5,WEAK,"Shape consistent in 2/5 folds, direction in 2/5 -- inconsistent.",44.505975,56.876677
TOPSIN_ET_DC_SMALL_Vt_gs,inverted_U,n/a,1.5498,2/5,2/5,WEAK,"Shape consistent in 2/5 folds, direction in 2/5 -- inconsistent.",11.169442,22.71124
MEASURE_ET_DC_SEC_Ids_min_ON,threshold,n/a,1.546,2/5,2/5,WEAK,"Shape consistent in 2/5 folds, direction in 2/5 -- inconsistent.",35.327401,48.763431
MEASURE_ET_DC_SEC_X_Vp_1_mA_mm_second_FPSD3p2,complex_nonmonotonic,n/a,1.5426,2/5,2/5,WEAK,"Shape consistent in 2/5 folds, direction in 2/5 -- inconsistent.",-1.382961,-0.725547
FIC_ET_DC_RF_Vg_max_Vd_0p1,monotonic,positive,1.5289,1/5,2/5,WEAK,"Shape consistent in 1/5 folds, direction in 2/5 -- inconsistent.",60.834649,76.110225
TOPSIN_ET_Cap1pf,complex_nonmonotonic,n/a,1.5287,2/5,2/5,WEAK,"Shape consistent in 2/5 folds, direction in 2/5 -- inconsistent.",0.485053,1.135941
TOPSIN_ET_CapUSV_0,inverted_U,n/a,1.5213,2/5,2/5,WEAK,"Shape consistent in 2/5 folds, direction in 2/5 -- inconsistent.",0.461001,1.112765
MEASURE_ET_Rc_f_tn_23,complex_nonmonotonic,n/a,1.5175,2/5,2/5,WEAK,"Shape consistent in 2/5 folds, direction in 2/5 -- inconsistent.",0.117117,0.315092
MEASURE_ET_DC_SEC_X_Vp_0p7_mA_mm,complex_nonmonotonic,n/a,1.5043,2/5,2/5,WEAK,"Shape consistent in 2/5 folds, direction in 2/5 -- inconsistent.",-1.383622,-0.746876
OHMIC_ET_Rc_OG142,complex_nonmonotonic,n/a,1.5007,2/5,2/5,WEAK,"Shape consistent in 2/5 folds, direction in 2/5 -- inconsistent.",0.132624,0.287497
MEASURE_ET_C100CapUSV,complex_nonmonotonic,n/a,1.4969,2/5,2/5,WEAK,"Shape consistent in 2/5 folds, direction in 2/5 -- inconsistent.",0.490455,1.214718
MEASURE_ET_DC_Big_S11ang_10GHz,complex_nonmonotonic,n/a,1.4926,2/5,2/5,WEAK,"Shape consistent in 2/5 folds, direction in 2/5 -- inconsistent.",-16.841619,-6.902465
MEASURE_ET_Load_Pull_Gss,complex_nonmonotonic,n/a,1.4673,2/5,2/5,WEAK,"Shape consistent in 2/5 folds, direction in 2/5 -- inconsistent.",9.879276,19.227505
MEASURE_ET_DC_SEC_X_Ig_cut1_mAmm_pos,complex_nonmonotonic,n/a,1.4634,2/5,2/5,WEAK,"Shape consistent in 2/5 folds, direction in 2/5 -- inconsistent.",6.695955,15.002556
MEASURE_ET_DC_SEC_S_Vp_1_mA_mm_second,complex_nonmonotonic,n/a,1.4558,2/5,2/5,WEAK,"Shape consistent in 2/5 folds, direction in 2/5 -- inconsistent.",-1.408586,-0.733374
MEASURE_ET_DC_SEC_S_Ig_mAmm_at_Vg_cond_neg_FPSD3p2,U_shape,n/a,1.4477,2/5,2/5,WEAK,"Shape consistent in 2/5 folds, direction in 2/5 -- inconsistent.",15.647196,27.59359
MEASURE_ET_TF_AB_1,threshold,n/a,1.4421,2/5,2/5,WEAK,"Shape consistent in 2/5 folds, direction in 2/5 -- inconsistent.",83.514966,98.472988
TOPSIN_ET_Gm_m2,complex_nonmonotonic,n/a,1.4377,2/5,2/5,WEAK,"Shape consistent in 2/5 folds, direction in 2/5 -- inconsistent.",359.818392,644.440125
MEASURE_ET_RF_Modeling_S12ang_10GHz,complex_nonmonotonic,n/a,1.437,2/5,2/5,WEAK,"Shape consistent in 2/5 folds, direction in 2/5 -- inconsistent.",-30.20957,-18.771667
THIN_ET_DC_RF_Vt_gd,monotonic,positive,1.4201,0/5,2/5,WEAK,"Shape consistent in 0/5 folds, direction in 2/5 -- inconsistent.",68.326993,82.567553
MEASURE_ET_DC_RF_Min_S21_Freq_L2180,complex_nonmonotonic,n/a,1.4154,2/5,2/5,WEAK,"Shape consistent in 2/5 folds, direction in 2/5 -- inconsistent.",12.846744,17.93614
MEASURE_ET_DC_RF_Vt_gs,complex_nonmonotonic,n/a,1.4113,2/5,2/5,WEAK,"Shape consistent in 2/5 folds, direction in 2/5 -- inconsistent.",-1.529546,8.124768
SIN_ET_DC_PIV_Imax_QP1,complex_nonmonotonic,n/a,1.4093,2/5,2/5,WEAK,"Shape consistent in 2/5 folds, direction in 2/5 -- inconsistent.",494.683607,845.688935
MEASURE_ET_DC_RD_Vbon_min,complex_nonmonotonic,n/a,1.402,2/5,2/5,WEAK,"Shape consistent in 2/5 folds, direction in 2/5 -- inconsistent.",71.361235,90.779358
MEASURE_ET_DC_SEC_X_Ig_cut1_mAmm_neg_FPSD3p2,monotonic,positive,1.3981,0/5,2/5,WEAK,"Shape consistent in 0/5 folds, direction in 2/5 -- inconsistent.",80.851158,98.231767
MEASURE_ET_DC_SEC_S_Ig_cut2_mAmm_neg_SD3p5,complex_nonmonotonic,n/a,1.3962,2/5,2/5,WEAK,"Shape consistent in 2/5 folds, direction in 2/5 -- inconsistent.",3.970618,14.762523
THIN_ET_R_4000_HOR,threshold,n/a,1.3955,2/5,2/5,WEAK,"Shape consistent in 2/5 folds, direction in 2/5 -- inconsistent.",17.02033,27.939698
MEASURE_ET_DC_Diode_S11_dB_rev,complex_nonmonotonic,n/a,1.3902,2/5,2/5,WEAK,"Shape consistent in 2/5 folds, direction in 2/5 -- inconsistent.",-19.626612,-6.319556
MEASURE_ET_Rcat_cn_2_OW_ST,complex_nonmonotonic,n/a,1.3727,2/5,2/5,WEAK,"Shape consistent in 2/5 folds, direction in 2/5 -- inconsistent.",0.108196,0.287597
MEASURE_ET_RF_Modeling_Gm_0_W,complex_nonmonotonic,n/a,1.3711,2/5,2/5,WEAK,"Shape consistent in 2/5 folds, direction in 2/5 -- inconsistent.",399.930699,654.865364
MEASURE_ET_C300FB_0,complex_nonmonotonic,n/a,1.3646,2/5,2/5,WEAK,"Shape consistent in 2/5 folds, direction in 2/5 -- inconsistent.",0.501287,1.089285
SIN_ET_DC_PIV_Idss_QP3,complex_nonmonotonic,n/a,1.3589,2/5,2/5,WEAK,"Shape consistent in 2/5 folds, direction in 2/5 -- inconsistent.",247.566789,466.635475
THIN_ET_Rsh_an_ct2,complex_nonmonotonic,n/a,1.358,2/5,2/5,WEAK,"Shape consistent in 2/5 folds, direction in 2/5 -- inconsistent.",101.813751,134.600788
MEASURE_ET_DC_RF_CF_S11_Mag_L1002,threshold,positive,1.349,2/5,2/5,WEAK,"Shape consistent in 2/5 folds, direction in 2/5 -- inconsistent.",12.728621,18.032047
MEASURE_ET_C100Cap1pf,complex_nonmonotonic,n/a,1.3396,2/5,2/5,WEAK,"Shape consistent in 2/5 folds, direction in 2/5 -- inconsistent.",0.47071,1.135255
THIN_ET_Rcat_cn_2_OW_ST,complex_nonmonotonic,n/a,1.3375,2/5,2/5,WEAK,"Shape consistent in 2/5 folds, direction in 2/5 -- inconsistent.",0.087854,0.292776
SIN_GATE_ET_R114,threshold,n/a,1.3309,2/5,2/5,WEAK,"Shape consistent in 2/5 folds, direction in 2/5 -- inconsistent.",86.603938,101.76079
MEASURE_ET_DC_SEC_X_Ids_max_norm_SD3p5,complex_nonmonotonic,n/a,1.3277,2/5,2/5,WEAK,"Shape consistent in 2/5 folds, direction in 2/5 -- inconsistent.",5.807435,16.499554
BRGM_ET_lkg_C200,threshold,positive,1.3262,2/5,2/5,WEAK,"Shape consistent in 2/5 folds, direction in 2/5 -- inconsistent.",375.529299,664.372102
ANODE_ET_C_AN_2_OW_CR,threshold,positive,1.3182,2/5,0/5,WEAK,"Shape consistent in 2/5 folds, direction in 0/5 -- inconsistent.",68.070127,81.724907
MEASURE_ET_RF_Modeling_S21_19G_Before,complex_nonmonotonic,n/a,1.3161,2/5,2/5,WEAK,"Shape consistent in 2/5 folds, direction in 2/5 -- inconsistent.",12.346184,17.326971
MEASURE_ET_DC_SEC_S_Id_mA_mm_at_Vg1_SD3p5,monotonic,positive,1.3118,0/5,2/5,WEAK,"Shape consistent in 0/5 folds, direction in 2/5 -- inconsistent.",65.478847,81.3794
MEASURE_ET_R_4000_VER,complex_nonmonotonic,n/a,1.3064,2/5,2/5,WEAK,"Shape consistent in 2/5 folds, direction in 2/5 -- inconsistent.",14.911802,25.784181
MEASURE_ET_RF_Modeling_Fmax,complex_nonmonotonic,n/a,1.3024,2/5,2/5,WEAK,"Shape consistent in 2/5 folds, direction in 2/5 -- inconsistent.",2.670467,13.839554
MEASURE_ET_DC_SMALL_Vds_max,threshold,positive,1.2941,2/5,1/5,WEAK,"Shape consistent in 2/5 folds, direction in 1/5 -- inconsistent.",30.958072,42.296549
FIC_ET_DC_RF_Vds_max_0p1mA,monotonic,positive,1.2906,1/5,2/5,WEAK,"Shape consistent in 1/5 folds, direction in 2/5 -- inconsistent.",85.948468,103.792583
MEASURE_ET_Load_Pull_IG_comp_Last_uA,threshold,positive,1.2862,2/5,1/5,WEAK,"Shape consistent in 2/5 folds, direction in 1/5 -- inconsistent.",56.98528,72.701101
MEASURE_ET_DC_RF_CF_S12_Mag_L2180,complex_nonmonotonic,n/a,1.2805,2/5,2/5,WEAK,"Shape consistent in 2/5 folds, direction in 2/5 -- inconsistent.",12.17669,17.413445
MEASURE_ET_VIA_KLV_8p5,complex_nonmonotonic,n/a,1.2747,2/5,2/5,WEAK,"Shape consistent in 2/5 folds, direction in 2/5 -- inconsistent.",45.800614,59.987223
MEASURE_ET_Cap1pf,complex_nonmonotonic,n/a,1.2695,2/5,2/5,WEAK,"Shape consistent in 2/5 folds, direction in 2/5 -- inconsistent.",0.401881,1.162656
MEASURE_ET_Vbkdn_CapBig,complex_nonmonotonic,n/a,1.2682,2/5,2/5,WEAK,"Shape consistent in 2/5 folds, direction in 2/5 -- inconsistent.",0.522029,1.095665
MEASURE_ET_RF_Modeling_MAG_19G_Before,monotonic,positive,1.2646,0/5,2/5,WEAK,"Shape consistent in 0/5 folds, direction in 2/5 -- inconsistent.",12.470491,18.244083
MEASURE_ET_DC_SEC_X_Ig_mAmm_at_Vg_cond_pos_SD3p5,complex_nonmonotonic,n/a,1.256,2/5,2/5,WEAK,"Shape consistent in 2/5 folds, direction in 2/5 -- inconsistent.",73.865298,85.868595
FIN_FIN_Alignment_FIN_to_ohmic_alignment,threshold,negative,1.2511,2/5,0/5,WEAK,"Shape consistent in 2/5 folds, direction in 0/5 -- inconsistent.",-0.051686,0.060977
MEASURE_ET_RF_Modeling_S21_19G_After,monotonic,positive,1.2478,1/5,2/5,WEAK,"Shape consistent in 1/5 folds, direction in 2/5 -- inconsistent.",12.610607,18.149348
TOPSIN_ET_DC_RF_n_gd,complex_nonmonotonic,n/a,1.2469,2/5,2/5,WEAK,"Shape consistent in 2/5 folds, direction in 2/5 -- inconsistent.",40.121617,50.969883
GATE2_Thickness4_PMMA_PR_etch_thickness,monotonic,negative,1.243,1/5,2/5,WEAK,"Shape consistent in 1/5 folds, direction in 2/5 -- inconsistent.",0.691367,0.869747
MEASURE_ET_DC_SEC_X_Vp_1_mA_mm,complex_nonmonotonic,n/a,1.2339,2/5,2/5,WEAK,"Shape consistent in 2/5 folds, direction in 2/5 -- inconsistent.",-1.425649,-0.728042
MEASURE_ET_CapFICBRGM_0,complex_nonmonotonic,n/a,1.2281,2/5,2/5,WEAK,"Shape consistent in 2/5 folds, direction in 2/5 -- inconsistent.",379.133891,667.544747
MEASURE_ET_DC_SEC_X_Id_mA_mm_at_Vg1_SD3p5,threshold,n/a,1.2194,2/5,2/5,WEAK,"Shape consistent in 2/5 folds, direction in 2/5 -- inconsistent.",43.647687,56.304202
MEASURE_ET_DC_RF_CF_S11_Ph_L1002,complex_nonmonotonic,n/a,1.2191,2/5,2/5,WEAK,"Shape consistent in 2/5 folds, direction in 2/5 -- inconsistent.",-17.237796,-6.106231
MEASURE_ET_DC_RF2_K,complex_nonmonotonic,n/a,1.2134,2/5,2/5,WEAK,"Shape consistent in 2/5 folds, direction in 2/5 -- inconsistent.",52.808036,65.154524
MEASURE_ET_RF_Modeling_ids_m0p2_W,threshold,n/a,1.2107,2/5,2/5,WEAK,"Shape consistent in 2/5 folds, direction in 2/5 -- inconsistent.",40.110487,51.291853
MEASURE_ET_DC_RF_S11ang_26GHz,complex_nonmonotonic,n/a,1.201,2/5,2/5,WEAK,"Shape consistent in 2/5 folds, direction in 2/5 -- inconsistent.",-15.784106,-7.037802
TOPSIN_ET_Load_Pull_PhL_set,complex_nonmonotonic,n/a,1.1979,2/5,2/5,WEAK,"Shape consistent in 2/5 folds, direction in 2/5 -- inconsistent.",54.88656,69.290397
TOPSIN_ET_Load_Pull_Pin_Cut,threshold,positive,1.1978,2/5,2/5,WEAK,"Shape consistent in 2/5 folds, direction in 2/5 -- inconsistent.",48.213573,60.417562
MEASURE_ET_DC_RF_MSG_10GHz,complex_nonmonotonic,n/a,1.1944,2/5,2/5,WEAK,"Shape consistent in 2/5 folds, direction in 2/5 -- inconsistent.",29.446822,40.772069
TOPSIN_ET_C100C450pf,threshold,n/a,1.1909,2/5,2/5,WEAK,"Shape consistent in 2/5 folds, direction in 2/5 -- inconsistent.",0.523183,1.191265
FIC_ET_G2_per_6K,threshold,n/a,1.1876,2/5,2/5,WEAK,"Shape consistent in 2/5 folds, direction in 2/5 -- inconsistent.",75.384007,89.768868
TOPSIN_ET_DC_RF_Idss,complex_nonmonotonic,n/a,1.1782,2/5,2/5,WEAK,"Shape consistent in 2/5 folds, direction in 2/5 -- inconsistent.",253.853132,477.010351
THIN_ET_C_CAT_2_OW_ST,complex_nonmonotonic,n/a,1.1734,2/5,2/5,WEAK,"Shape consistent in 2/5 folds, direction in 2/5 -- inconsistent.",5.0106,17.568374
MEASURE_ET_DC_Big_S11dB_10GHz,complex_nonmonotonic,n/a,1.1527,2/5,2/5,WEAK,"Shape consistent in 2/5 folds, direction in 2/5 -- inconsistent.",-16.099738,-5.339563
MEASURE_ET_DC_RF_Max_S11_Freq_L2180,complex_nonmonotonic,n/a,1.1527,2/5,2/5,WEAK,"Shape consistent in 2/5 folds, direction in 2/5 -- inconsistent.",-17.905716,-6.038381
MEASURE_ET_VIA_KLV_2,complex_nonmonotonic,n/a,1.1507,2/5,2/5,WEAK,"Shape consistent in 2/5 folds, direction in 2/5 -- inconsistent.",37.076487,49.594698
TFRP_M_Gauge_P_E_Resistors,complex_nonmonotonic,n/a,1.141,2/5,2/5,WEAK,"Shape consistent in 2/5 folds, direction in 2/5 -- inconsistent.",73.530515,90.3498
MEASURE_ET_RF_Modeling_S21ang_10GHz,complex_nonmonotonic,n/a,1.1395,2/5,2/5,WEAK,"Shape consistent in 2/5 folds, direction in 2/5 -- inconsistent.",12.196277,17.49672
OHMIC_ET_OHMC,complex_nonmonotonic,n/a,1.127,2/5,2/5,WEAK,"Shape consistent in 2/5 folds, direction in 2/5 -- inconsistent.",8.192374,18.124412
MEASURE_ET_DC_SEC_S_Vp_1_mA_mm_first_FPSD3p2,monotonic,positive,1.1254,0/5,2/5,WEAK,"Shape consistent in 0/5 folds, direction in 2/5 -- inconsistent.",-1.423182,-0.765447
MEASURE_ET_DC_RF_K,complex_nonmonotonic,n/a,1.124,2/5,2/5,WEAK,"Shape consistent in 2/5 folds, direction in 2/5 -- inconsistent.",69.741229,84.085103
BRGM_ET_lkg_C300,complex_nonmonotonic,n/a,1.1197,2/5,2/5,WEAK,"Shape consistent in 2/5 folds, direction in 2/5 -- inconsistent.",376.34603,658.642828
MEASURE_ET_Ran_con_2,threshold,positive,1.1118,2/5,2/5,WEAK,"Shape consistent in 2/5 folds, direction in 2/5 -- inconsistent.",65.470786,83.364487
MEASURE_ET_RF_Modeling_R_Gg,monotonic,positive,1.1066,0/5,2/5,WEAK,"Shape consistent in 0/5 folds, direction in 2/5 -- inconsistent.",54.062023,66.602326
MEASURE_ET_DC_SEC_S_Ids_max_norm,threshold,n/a,1.1063,2/5,2/5,WEAK,"Shape consistent in 2/5 folds, direction in 2/5 -- inconsistent.",1.114313,12.017696
MEASURE_ET_DC_SEC_X_Ig_mAmm_at_Vg_cond_pos_FPSD3p2,monotonic,positive,1.1003,0/5,2/5,WEAK,"Shape consistent in 0/5 folds, direction in 2/5 -- inconsistent.",60.133236,72.548627
MEASURE_ET_DC_Big_Vg_max_Vd,complex_nonmonotonic,n/a,1.0912,2/5,2/5,WEAK,"Shape consistent in 2/5 folds, direction in 2/5 -- inconsistent.",31.574048,42.596484
SIN_ET_DC_RF_Vds_max_0p1,monotonic,positive,1.0879,0/5,2/5,WEAK,"Shape consistent in 0/5 folds, direction in 2/5 -- inconsistent.",18.537196,29.696498
TOPSIN_ET_DC_SMALL_Vds_max,complex_nonmonotonic,n/a,1.0847,2/5,2/5,WEAK,"Shape consistent in 2/5 folds, direction in 2/5 -- inconsistent.",36.383573,47.64906
FMESA_ET_Probe_Number,monotonic,negative,1.0733,0/5,2/5,WEAK,"Shape consistent in 0/5 folds, direction in 2/5 -- inconsistent.",0.970824,5.147289
THIN_ET_C_CAT_2,threshold,negative,1.0691,2/5,1/5,WEAK,"Shape consistent in 2/5 folds, direction in 1/5 -- inconsistent.",81.207998,97.388212
MEASURE_ET_Vk,complex_nonmonotonic,n/a,1.0524,2/5,2/5,WEAK,"Shape consistent in 2/5 folds, direction in 2/5 -- inconsistent.",60.345953,72.961023
MEASURE_ET_RF_Modeling_MAG_18,complex_nonmonotonic,n/a,1.0391,2/5,2/5,WEAK,"Shape consistent in 2/5 folds, direction in 2/5 -- inconsistent.",12.99111,17.399965
MEASURE_ET_i5021_1,complex_nonmonotonic,n/a,1.0296,2/5,2/5,WEAK,"Shape consistent in 2/5 folds, direction in 2/5 -- inconsistent.",12.94899,22.133608
MEASURE_ET_DC_SEC_S_Vg_at_I3_pos_FPSD3p2,threshold,negative,0.9942,2/5,1/5,WEAK,"Shape consistent in 2/5 folds, direction in 1/5 -- inconsistent.",10.96856,25.173329
TOPSIN_ET_C385pf_0,monotonic,positive,0.9935,0/5,2/5,WEAK,"Shape consistent in 0/5 folds, direction in 2/5 -- inconsistent.",80.224649,95.413302
SIN_Thickness_RefractiveIndex,threshold,n/a,0.9915,2/5,2/5,WEAK,"Shape consistent in 2/5 folds, direction in 2/5 -- inconsistent.",1.84896,2.040636
MEASURE_ET_DC_RF_S22ang_10GHz,threshold,n/a,0.991,2/5,2/5,WEAK,"Shape consistent in 2/5 folds, direction in 2/5 -- inconsistent.",-17.250047,-7.316197
MEASURE_ET_DC_SEC_S_Vg_at_I2_pos_FPSD3p2,complex_nonmonotonic,n/a,0.9883,2/5,2/5,WEAK,"Shape consistent in 2/5 folds, direction in 2/5 -- inconsistent.",56.021315,69.418386
FIC_ET_DC_RF_Vg_optt2,threshold,n/a,0.9856,2/5,2/5,WEAK,"Shape consistent in 2/5 folds, direction in 2/5 -- inconsistent.",27.924204,37.788103
MEASURE_ET_DC_Diode_Rs_9p5,complex_nonmonotonic,n/a,0.9768,2/5,2/5,WEAK,"Shape consistent in 2/5 folds, direction in 2/5 -- inconsistent.",11.043949,22.550418
MEASURE_ET_DC_RF_Max_S11_Ph_L1018,complex_nonmonotonic,n/a,0.9569,2/5,2/5,WEAK,"Shape consistent in 2/5 folds, direction in 2/5 -- inconsistent.",-16.387045,-7.744769
MEASURE_ET_DC_SEC_X_Id_mA_mm_at_Vg1_FPSD3p2,threshold,positive,0.951,2/5,2/5,WEAK,"Shape consistent in 2/5 folds, direction in 2/5 -- inconsistent.",53.363731,64.953834
OHMIC_ET_OHMIC_conc,complex_nonmonotonic,n/a,0.9491,2/5,2/5,WEAK,"Shape consistent in 2/5 folds, direction in 2/5 -- inconsistent.",44.867826,59.020461
TOPSIN_ET_DC_SMALL_Vp_01,complex_nonmonotonic,n/a,0.9463,2/5,2/5,WEAK,"Shape consistent in 2/5 folds, direction in 2/5 -- inconsistent.",-1.352721,-0.720279
BPLATE_Height_BPLATE_metal_thickness,threshold,n/a,0.9445,2/5,2/5,WEAK,"Shape consistent in 2/5 folds, direction in 2/5 -- inconsistent.",1.871438,2.443913
FIC_ET_DC_PIV_Ids1_QP2,threshold,n/a,0.9432,2/5,2/5,WEAK,"Shape consistent in 2/5 folds, direction in 2/5 -- inconsistent.",41.96077,55.704483
THIN_ET_DC_RF_Vp_01,complex_nonmonotonic,n/a,0.9382,2/5,2/5,WEAK,"Shape consistent in 2/5 folds, direction in 2/5 -- inconsistent.",-1.450446,-0.754605
MEASURE_ET_RF_Modeling_K,complex_nonmonotonic,n/a,0.9319,2/5,2/5,WEAK,"Shape consistent in 2/5 folds, direction in 2/5 -- inconsistent.",18.971093,30.504479
THIN_Measure2GN_Thickness_after_grinding,threshold,negative,0.9231,2/5,0/5,WEAK,"Shape consistent in 2/5 folds, direction in 0/5 -- inconsistent.",103.251439,122.93131
TOPSIN_ET_DC_SMALL_Vg_max_Vd,threshold,n/a,0.9121,2/5,2/5,WEAK,"Shape consistent in 2/5 folds, direction in 2/5 -- inconsistent.",39.037524,51.14901
MEASURE_ET_DC_RD_MSG_18GHz,complex_nonmonotonic,n/a,0.9051,2/5,2/5,WEAK,"Shape consistent in 2/5 folds, direction in 2/5 -- inconsistent.",10.306839,20.854723
MEASURE_ET_DC_RF_Ft,complex_nonmonotonic,n/a,0.8911,2/5,2/5,WEAK,"Shape consistent in 2/5 folds, direction in 2/5 -- inconsistent.",28.697191,40.103849
MEASURE_ET_DC_RF_n_gs,monotonic,positive,0.8724,1/5,2/5,WEAK,"Shape consistent in 1/5 folds, direction in 2/5 -- inconsistent.",44.982413,58.584401
MEASURE_ET_DC_SEC_n_gs,complex_nonmonotonic,n/a,0.8682,2/5,2/5,WEAK,"Shape consistent in 2/5 folds, direction in 2/5 -- inconsistent.",10.717547,20.657729
TOPSIN_ET_DC_SMALL_Vg_max_Vd_0p1,complex_nonmonotonic,n/a,0.8677,2/5,2/5,WEAK,"Shape consistent in 2/5 folds, direction in 2/5 -- inconsistent.",60.715445,75.796904
TOPSIN_ET_Probe_Number,complex_nonmonotonic,n/a,0.8633,2/5,2/5,WEAK,"Shape consistent in 2/5 folds, direction in 2/5 -- inconsistent.",0.96592,5.157775
MEASURE_ET_RF_Modeling_Cds_err,threshold,positive,0.8629,2/5,2/5,WEAK,"Shape consistent in 2/5 folds, direction in 2/5 -- inconsistent.",90.518282,107.499868
MEASURE_ET_DC_Big_Vp_01,complex_nonmonotonic,n/a,0.8575,2/5,2/5,WEAK,"Shape consistent in 2/5 folds, direction in 2/5 -- inconsistent.",-1.412677,-0.740391
TOPSIN_ET_sh_f_tn_23,complex_nonmonotonic,n/a,0.8544,2/5,2/5,WEAK,"Shape consistent in 2/5 folds, direction in 2/5 -- inconsistent.",1.442604,11.509726
THIN_Measure1GN_Thickness_after_bonding,threshold,negative,0.8485,2/5,2/5,WEAK,"Shape consistent in 2/5 folds, direction in 2/5 -- inconsistent.",1.355659,1.627947
THIN_ET_DC_RF_Gm_m0p2,complex_nonmonotonic,n/a,0.8105,2/5,2/5,WEAK,"Shape consistent in 2/5 folds, direction in 2/5 -- inconsistent.",397.974019,649.454808
THIN_ET_R214,threshold,n/a,0.8006,2/5,2/5,WEAK,"Shape consistent in 2/5 folds, direction in 2/5 -- inconsistent.",86.505588,102.766671
FIC_ET_DC_PIV_Ids0_QP1,monotonic,positive,0.7904,0/5,2/5,WEAK,"Shape consistent in 0/5 folds, direction in 2/5 -- inconsistent.",89.539235,104.760024
MEASURE_ET_DC_SEC_S_Ids_max_SD3p5,complex_nonmonotonic,n/a,0.766,2/5,2/5,WEAK,"Shape consistent in 2/5 folds, direction in 2/5 -- inconsistent.",53.186944,67.986951
MEASURE_ET_DC_SEC_Vt_gs,complex_nonmonotonic,n/a,0.7577,2/5,2/5,WEAK,"Shape consistent in 2/5 folds, direction in 2/5 -- inconsistent.",81.833018,95.974716
GATE2_Ali_Litho2_Gate_to_ohmic_alignment,complex_nonmonotonic,n/a,0.7512,2/5,2/5,WEAK,"Shape consistent in 2/5 folds, direction in 2/5 -- inconsistent.",-0.057178,0.054907
CHRE_ET_Ids_Channel_recess_current,threshold,positive,0.7509,2/5,0/5,WEAK,"Shape consistent in 2/5 folds, direction in 0/5 -- inconsistent.",87.171251,103.567601
MESA_CD_Mesa_CD_Radius,threshold,n/a,0.7438,2/5,2/5,WEAK,"Shape consistent in 2/5 folds, direction in 2/5 -- inconsistent.",0.911951,1.058115
MEASURE_ET_DC_Stress_Ig_max_before,threshold,positive,0.7407,2/5,2/5,WEAK,"Shape consistent in 2/5 folds, direction in 2/5 -- inconsistent.",78.800702,94.985021
TOPSIN_ET_DC_SMALL_Vdg_max,complex_nonmonotonic,n/a,0.7152,2/5,2/5,WEAK,"Shape consistent in 2/5 folds, direction in 2/5 -- inconsistent.",24.806268,36.350012
TOPSIN_ET_TANR,threshold,n/a,0.6973,2/5,2/5,WEAK,"Shape consistent in 2/5 folds, direction in 2/5 -- inconsistent.",38.40082,52.706412
MEASURE_ET_DC_PIV_Ids1_QP3,threshold,n/a,0.694,2/5,2/5,WEAK,"Shape consistent in 2/5 folds, direction in 2/5 -- inconsistent.",85.525762,100.817028
TOPSIN_ET_DC_PIV_Ids1_QP3,complex_nonmonotonic,n/a,0.6709,2/5,2/5,WEAK,"Shape consistent in 2/5 folds, direction in 2/5 -- inconsistent.",6.368229,18.363337
MEASURE_ET_R_f_hr_3,threshold,n/a,0.6678,2/5,2/5,WEAK,"Shape consistent in 2/5 folds, direction in 2/5 -- inconsistent.",44.410687,58.85319
TOPSIN_ThicknessGN_RefractiveIndex,threshold,negative,0.6668,2/5,2/5,WEAK,"Shape consistent in 2/5 folds, direction in 2/5 -- inconsistent.",1.868804,2.04356
MEASURE_ET_DC_Diode_Rs,threshold,negative,0.6424,2/5,0/5,WEAK,"Shape consistent in 2/5 folds, direction in 0/5 -- inconsistent.",69.147638,85.199237
FIC_ET_DC_RF_Vg_optt3,threshold,positive,0.6419,2/5,2/5,WEAK,"Shape consistent in 2/5 folds, direction in 2/5 -- inconsistent.",60.782681,73.318576
GATE2_CD_Gate_Win_Length,threshold,n/a,0.6412,2/5,2/5,WEAK,"Shape consistent in 2/5 folds, direction in 2/5 -- inconsistent.",0.516436,0.584557
GATE2_CD_330nm_Gate_Leg_Length,threshold,negative,0.599,2/5,1/5,WEAK,"Shape consistent in 2/5 folds, direction in 1/5 -- inconsistent.",0.306016,0.353995
MEASURE_ET_DC_SEC_X_Bin_SD3p5,threshold,positive,0.5988,2/5,0/5,WEAK,"Shape consistent in 2/5 folds, direction in 0/5 -- inconsistent.",57.569406,69.457222
BRGM_Cd_Litho_BRGM_litho_CD,threshold,n/a,0.5513,2/5,2/5,WEAK,"Shape consistent in 2/5 folds, direction in 2/5 -- inconsistent.",0.832751,0.94924
MEASURE_ET_DC_SEC_S_Ig_mAmm_at_Vg_cond_pos,threshold,negative,0.4759,2/5,1/5,WEAK,"Shape consistent in 2/5 folds, direction in 1/5 -- inconsistent.",66.150276,78.608138
TOPSIN_ET_C450pf,threshold,positive,0.4582,2/5,1/5,WEAK,"Shape consistent in 2/5 folds, direction in 1/5 -- inconsistent.",82.965268,99.581937
FIN_CD1_CD_PL_FIN,threshold,n/a,0.4331,2/5,2/5,WEAK,"Shape consistent in 2/5 folds, direction in 2/5 -- inconsistent.",0.948191,1.080857
TOPSIN_ET_lkg_CapPARCAP,complex_nonmonotonic,n/a,3.955,0/5,0/5,INCONCLUSIVE,Shape/direction agree in only 0/5 and 0/5 folds.,0.010778,0.369441
MEASURE_ET_LT_SEC_Ileak_m9p5V_mA_mm,inverted_U,n/a,3.8777,1/5,1/5,INCONCLUSIVE,Shape/direction agree in only 1/5 and 1/5 folds.,0.008218,0.341848
TOPSIN_ET_lkg_5,complex_nonmonotonic,n/a,3.8756,1/5,1/5,INCONCLUSIVE,Shape/direction agree in only 1/5 and 1/5 folds.,0.010221,0.39503
TOPSIN_ET_lkg_SY07_10,inverted_U,n/a,3.7848,1/5,1/5,INCONCLUSIVE,Shape/direction agree in only 1/5 and 1/5 folds.,0.005063,0.359352
MEASURE_ET_LT_SEC_Ileak_m5p5V_mA_mm,complex_nonmonotonic,n/a,3.772,1/5,1/5,INCONCLUSIVE,Shape/direction agree in only 1/5 and 1/5 folds.,0.010563,0.446547
THIN_ET_lkg_100_at20V,inverted_U,n/a,3.7466,1/5,1/5,INCONCLUSIVE,Shape/direction agree in only 1/5 and 1/5 folds.,0.004291,0.405773
MEASURE_ET_lkg_C200,complex_nonmonotonic,n/a,3.7364,1/5,1/5,INCONCLUSIVE,Shape/direction agree in only 1/5 and 1/5 folds.,0.005578,0.472573
THIN_ET_lkg_C200,complex_nonmonotonic,n/a,3.7084,0/5,0/5,INCONCLUSIVE,Shape/direction agree in only 0/5 and 0/5 folds.,0.011239,0.339401
TOPSIN_ET_lkg_CapFICM1,complex_nonmonotonic,n/a,3.6508,1/5,1/5,INCONCLUSIVE,Shape/direction agree in only 1/5 and 1/5 folds.,0.007834,0.328006
TOPSIN_ET_lkg_C385pf,complex_nonmonotonic,n/a,3.6309,0/5,0/5,INCONCLUSIVE,Shape/direction agree in only 0/5 and 0/5 folds.,0.008837,0.411976
MEASURE_ET_DC_Diode_D_leak_65V,complex_nonmonotonic,n/a,3.5538,1/5,1/5,INCONCLUSIVE,Shape/direction agree in only 1/5 and 1/5 folds.,0.015669,0.422726
MEASURE_ET_lkg_C175pf,complex_nonmonotonic,n/a,3.5362,1/5,1/5,INCONCLUSIVE,Shape/direction agree in only 1/5 and 1/5 folds.,0.014619,0.348414
MEASURE_ET_lkg_5,complex_nonmonotonic,n/a,3.535,0/5,0/5,INCONCLUSIVE,Shape/direction agree in only 0/5 and 0/5 folds.,0.010164,0.722805
MEASURE_ET_lkg_C300FM1,inverted_U,n/a,3.526,0/5,0/5,INCONCLUSIVE,Shape/direction agree in only 0/5 and 0/5 folds.,0.010471,0.444111
MEASURE_ET_lkg_PAD_10,complex_nonmonotonic,n/a,3.4667,1/5,1/5,INCONCLUSIVE,Shape/direction agree in only 1/5 and 1/5 folds.,0.005243,0.475347
MEASURE_ET_lkg_CapFICM1,inverted_U,n/a,3.4604,0/5,0/5,INCONCLUSIVE,Shape/direction agree in only 0/5 and 0/5 folds.,0.008735,0.580758
TOPSIN_ET_lkg_SY8_80,complex_nonmonotonic,n/a,3.4392,1/5,1/5,INCONCLUSIVE,Shape/direction agree in only 1/5 and 1/5 folds.,0.010035,0.386194
MEASURE_ET_lkg_50_at20V,complex_nonmonotonic,n/a,3.3863,0/5,0/5,INCONCLUSIVE,Shape/direction agree in only 0/5 and 0/5 folds.,0.010351,0.52022
MEASURE_ET_lkg_10,complex_nonmonotonic,n/a,3.318,0/5,0/5,INCONCLUSIVE,Shape/direction agree in only 0/5 and 0/5 folds.,0.010565,0.496318
TOPSIN_ET_lkg_Cap1,complex_nonmonotonic,n/a,3.308,0/5,0/5,INCONCLUSIVE,Shape/direction agree in only 0/5 and 0/5 folds.,0.010737,0.45432
TOPSIN_ET_lkg_C500pf,complex_nonmonotonic,n/a,3.3068,0/5,0/5,INCONCLUSIVE,Shape/direction agree in only 0/5 and 0/5 folds.,0.010015,0.344374
TOPSIN_ET_DC_PIV_Drain_Lag_1,inverted_U,n/a,3.2845,0/5,0/5,INCONCLUSIVE,Shape/direction agree in only 0/5 and 0/5 folds.,0.990191,11.371102
THIN_ET_lkg_PAD_10,complex_nonmonotonic,n/a,3.2814,0/5,0/5,INCONCLUSIVE,Shape/direction agree in only 0/5 and 0/5 folds.,0.01361,0.501036
THIN_ET_lkg_C20,complex_nonmonotonic,n/a,3.2479,0/5,0/5,INCONCLUSIVE,Shape/direction agree in only 0/5 and 0/5 folds.,0.011873,0.373335
FIC_ET_lkg_5,complex_nonmonotonic,n/a,3.2196,1/5,1/5,INCONCLUSIVE,Shape/direction agree in only 1/5 and 1/5 folds.,0.01176,0.429439
MEASURE_ET_lkg_Cap1,complex_nonmonotonic,n/a,3.1688,0/5,0/5,INCONCLUSIVE,Shape/direction agree in only 0/5 and 0/5 folds.,0.010306,0.401403
MEASURE_ET_lkg_CapUSV,complex_nonmonotonic,n/a,3.1533,0/5,0/5,INCONCLUSIVE,Shape/direction agree in only 0/5 and 0/5 folds.,0.007373,0.399809
CATHODE_ET_Rcat_cn_1_OW_ST,complex_nonmonotonic,n/a,3.1352,1/5,1/5,INCONCLUSIVE,Shape/direction agree in only 1/5 and 1/5 folds.,0.118927,0.319388
THIN_ET_lkg_70_at20V,complex_nonmonotonic,n/a,3.0886,0/5,0/5,INCONCLUSIVE,Shape/direction agree in only 0/5 and 0/5 folds.,0.007216,0.520864
SIN_ET_lkg_SY8_80,complex_nonmonotonic,n/a,3.0758,0/5,0/5,INCONCLUSIVE,Shape/direction agree in only 0/5 and 0/5 folds.,0.013884,0.393696
MEASURE_ET_lkg_C300FB,complex_nonmonotonic,n/a,3.0753,1/5,1/5,INCONCLUSIVE,Shape/direction agree in only 1/5 and 1/5 folds.,0.005356,0.45139
MEASURE_ET_lkg_100_at20V,complex_nonmonotonic,n/a,3.0703,0/5,0/5,INCONCLUSIVE,Shape/direction agree in only 0/5 and 0/5 folds.,0.009098,0.432177
MEASURE_ET_lkg_C500pf,complex_nonmonotonic,n/a,2.9849,0/5,0/5,INCONCLUSIVE,Shape/direction agree in only 0/5 and 0/5 folds.,0.013967,0.354202
MEASURE_ET_LT_SEC_Ileak_m5V_mA_mm,complex_nonmonotonic,n/a,2.9832,1/5,1/5,INCONCLUSIVE,Shape/direction agree in only 1/5 and 1/5 folds.,0.010514,0.356344
MEASURE_ET_Rc_an_ct2_OW_CR,inverted_U,n/a,2.9813,1/5,1/5,INCONCLUSIVE,Shape/direction agree in only 1/5 and 1/5 folds.,0.124617,0.29198
MEASURE_ET_LT_SEC_Ileak_m10V_mA_mm,complex_nonmonotonic,n/a,2.9553,0/5,0/5,INCONCLUSIVE,Shape/direction agree in only 0/5 and 0/5 folds.,0.00966,0.363046
MEASURE_ET_lkg_C300,complex_nonmonotonic,n/a,2.953,1/5,1/5,INCONCLUSIVE,Shape/direction agree in only 1/5 and 1/5 folds.,0.008701,0.387602
MEASURE_ET_lkg_C300pf,complex_nonmonotonic,n/a,2.946,1/5,1/5,INCONCLUSIVE,Shape/direction agree in only 1/5 and 1/5 folds.,0.013278,0.388993
MEASURE_ET_lkg_SY8_80,complex_nonmonotonic,n/a,2.8792,0/5,0/5,INCONCLUSIVE,Shape/direction agree in only 0/5 and 0/5 folds.,0.013263,0.438035
THIN_ET_lkg_C300,complex_nonmonotonic,n/a,2.8666,1/5,1/5,INCONCLUSIVE,Shape/direction agree in only 1/5 and 1/5 folds.,0.010941,0.55201
FIC_ET_DC_PIV_Drain_Lag_1,complex_nonmonotonic,n/a,2.7677,1/5,1/5,INCONCLUSIVE,Shape/direction agree in only 1/5 and 1/5 folds.,1.458705,11.935796
TOPSIN_ET_DC_RF_Vbin_gd,complex_nonmonotonic,n/a,2.767,1/5,1/5,INCONCLUSIVE,Shape/direction agree in only 1/5 and 1/5 folds.,19.141506,37.728467
MEASURE_ET_DC_PIV_Gate_Lag_1,complex_nonmonotonic,n/a,2.7405,1/5,1/5,INCONCLUSIVE,Shape/direction agree in only 1/5 and 1/5 folds.,0.623377,9.40672
MEASURE_ET_DC_RF_Vbgs_0p1,complex_nonmonotonic,n/a,2.7187,0/5,0/5,INCONCLUSIVE,Shape/direction agree in only 0/5 and 0/5 folds.,18.183641,34.757683
THIN_ET_DC_RF_Vbgd_0p01,complex_nonmonotonic,n/a,2.6796,0/5,0/5,INCONCLUSIVE,Shape/direction agree in only 0/5 and 0/5 folds.,19.827031,38.179818
MEASURE_ET_LT_SEC_Vbgd1,complex_nonmonotonic,n/a,2.6756,1/5,1/5,INCONCLUSIVE,Shape/direction agree in only 1/5 and 1/5 folds.,19.35757,37.688988
TOPSIN_ET_C100CapPARCAP,complex_nonmonotonic,n/a,2.6564,1/5,1/5,INCONCLUSIVE,Shape/direction agree in only 1/5 and 1/5 folds.,0.084031,0.300544
TOPSIN_ET_DC_RF_Vbgd_0p1,complex_nonmonotonic,n/a,2.6483,0/5,0/5,INCONCLUSIVE,Shape/direction agree in only 0/5 and 0/5 folds.,19.669372,39.807002
FIC_ET_DC_RF_Vbgs_0p01,complex_nonmonotonic,n/a,2.6263,1/5,1/5,INCONCLUSIVE,Shape/direction agree in only 1/5 and 1/5 folds.,17.95714,36.393752
MEASURE_ET_RF_Modeling_Ft,complex_nonmonotonic,n/a,2.6034,1/5,1/5,INCONCLUSIVE,Shape/direction agree in only 1/5 and 1/5 folds.,4.16634,15.699865
SIN_GATE_ET_lkg_SY07_10,complex_nonmonotonic,n/a,2.6021,0/5,0/5,INCONCLUSIVE,Shape/direction agree in only 0/5 and 0/5 folds.,0.007454,0.404125
MEASURE_ET_DC_PIV_Drain_Lag_1,complex_nonmonotonic,n/a,2.5909,0/5,0/5,INCONCLUSIVE,Shape/direction agree in only 0/5 and 0/5 folds.,0.643595,10.837908
ANODE_ET_Rc_an_ct2,inverted_U,n/a,2.588,1/5,1/5,INCONCLUSIVE,Shape/direction agree in only 1/5 and 1/5 folds.,0.10163,0.286963
MEASURE_ET_DC_SEC_X_Ig_cut3_mAmm_pos_FPSD3p2,complex_nonmonotonic,n/a,2.5808,0/5,0/5,INCONCLUSIVE,Shape/direction agree in only 0/5 and 0/5 folds.,23.219339,34.852099
MEASURE_ET_DC_SEC_X_Ids_max_norm_FPSD3p2,complex_nonmonotonic,n/a,2.5801,1/5,1/5,INCONCLUSIVE,Shape/direction agree in only 1/5 and 1/5 folds.,-2.591122,8.522902
MEASURE_ET_lkg_C300M1B,complex_nonmonotonic,n/a,2.5718,0/5,0/5,INCONCLUSIVE,Shape/direction agree in only 0/5 and 0/5 folds.,0.011729,0.40145
MEASURE_ET_DC_SEC_Idss,U_shape,n/a,2.5664,1/5,1/5,INCONCLUSIVE,Shape/direction agree in only 1/5 and 1/5 folds.,248.277456,468.150304
OHMIC_ET_Rc_an_ct2,inverted_U,n/a,2.559,1/5,1/5,INCONCLUSIVE,Shape/direction agree in only 1/5 and 1/5 folds.,0.106984,0.283056
TOPSIN_ET_CapPARCAP_0,complex_nonmonotonic,n/a,2.5197,0/5,0/5,INCONCLUSIVE,Shape/direction agree in only 0/5 and 0/5 folds.,0.130123,0.287422
TOPSIN_ET_RGAN2,complex_nonmonotonic,n/a,2.5029,1/5,1/5,INCONCLUSIVE,Shape/direction agree in only 1/5 and 1/5 folds.,9.64657,19.848929
MEASURE_ET_DC_Big_Gm_m0p2,complex_nonmonotonic,n/a,2.4723,1/5,1/5,INCONCLUSIVE,Shape/direction agree in only 1/5 and 1/5 folds.,380.647654,632.164037
MEASURE_ET_DC_PIV_Ids1_QP1,complex_nonmonotonic,n/a,2.4569,0/5,0/5,INCONCLUSIVE,Shape/direction agree in only 0/5 and 0/5 folds.,47.232223,60.245016
MEASURE_ET_DC_SMALL_Vbgs_0p01,complex_nonmonotonic,n/a,2.4166,1/5,1/5,INCONCLUSIVE,Shape/direction agree in only 1/5 and 1/5 folds.,15.115862,37.050288
TOPSIN_ET_Load_Pull_P.A.E_Last,U_shape,n/a,2.403,0/5,0/5,INCONCLUSIVE,Shape/direction agree in only 0/5 and 0/5 folds.,50.900724,64.657804
FIC_ET_DC_PIV_Gate_Lag_1,complex_nonmonotonic,n/a,2.3881,1/5,1/5,INCONCLUSIVE,Shape/direction agree in only 1/5 and 1/5 folds.,0.49541,9.318613
SIN_ET_DC_RF_Vbgd_0p01,complex_nonmonotonic,n/a,2.3789,1/5,1/5,INCONCLUSIVE,Shape/direction agree in only 1/5 and 1/5 folds.,18.452379,38.734668
MEASURE_ET_DC_RF_Vbgs_0p01,complex_nonmonotonic,n/a,2.3571,1/5,1/5,INCONCLUSIVE,Shape/direction agree in only 1/5 and 1/5 folds.,16.905534,41.625192
THIN_ET_Rc_f_tn_23,complex_nonmonotonic,n/a,2.3547,0/5,0/5,INCONCLUSIVE,Shape/direction agree in only 0/5 and 0/5 folds.,0.10699,0.308941
FIC_ET_DC_RF_Vbgs1,complex_nonmonotonic,n/a,2.3524,0/5,0/5,INCONCLUSIVE,Shape/direction agree in only 0/5 and 0/5 folds.,19.454607,36.401978
MEASURE_ET_DC_Big_Vg_gm_max,U_shape,n/a,2.3496,1/5,1/5,INCONCLUSIVE,Shape/direction agree in only 1/5 and 1/5 folds.,395.475465,652.407837
MEASURE_ET_DC_RF_Vbgd1,complex_nonmonotonic,n/a,2.3492,1/5,1/5,INCONCLUSIVE,Shape/direction agree in only 1/5 and 1/5 folds.,15.623659,36.772598
TOPSIN_ET_DC_PIV_Gate_Lag_0,complex_nonmonotonic,n/a,2.3244,0/5,0/5,INCONCLUSIVE,Shape/direction agree in only 0/5 and 0/5 folds.,0.672017,8.742279
MEASURE_ET_Rc_f_hr_23,complex_nonmonotonic,n/a,2.3235,0/5,0/5,INCONCLUSIVE,Shape/direction agree in only 0/5 and 0/5 folds.,0.085083,0.29822
MEASURE_ET_DC_SEC_S_Vg_at_I1_neg_FPSD3p2,threshold,positive,2.3063,1/5,1/5,INCONCLUSIVE,Shape/direction agree in only 1/5 and 1/5 folds.,33.337106,44.334723
MEASURE_ET_DC_RF_Max_S11_Ph_L2180,complex_nonmonotonic,n/a,2.303,0/5,0/5,INCONCLUSIVE,Shape/direction agree in only 0/5 and 0/5 folds.,-17.745188,-8.059217
FIC_ET_DC_RF_n_gd,inverted_U,n/a,2.2967,0/5,0/5,INCONCLUSIVE,Shape/direction agree in only 0/5 and 0/5 folds.,37.170816,48.010478
MEASURE_ET_CapPARCAP_0,complex_nonmonotonic,n/a,2.2891,0/5,0/5,INCONCLUSIVE,Shape/direction agree in only 0/5 and 0/5 folds.,0.128175,0.311159
MEASURE_ET_DC_PIV_Idss_QP1,complex_nonmonotonic,n/a,2.2694,1/5,1/5,INCONCLUSIVE,Shape/direction agree in only 1/5 and 1/5 folds.,262.924285,463.378175
CATHODE_ET_Rcat_cn_2,complex_nonmonotonic,n/a,2.2567,1/5,1/5,INCONCLUSIVE,Shape/direction agree in only 1/5 and 1/5 folds.,0.086346,0.280602
MEASURE_ET_DC_SEC_S_Vg_at_I2_pos,complex_nonmonotonic,n/a,2.2522,0/5,0/5,INCONCLUSIVE,Shape/direction agree in only 0/5 and 0/5 folds.,42.002019,55.072903
CATHODE_ET_Rcat_cn_3,complex_nonmonotonic,n/a,2.2498,0/5,0/5,INCONCLUSIVE,Shape/direction agree in only 0/5 and 0/5 folds.,0.083127,0.282216
THIN_ET_Rc_OG142,complex_nonmonotonic,n/a,2.2412,1/5,1/5,INCONCLUSIVE,Shape/direction agree in only 1/5 and 1/5 folds.,0.08216,0.304523
MEASURE_ET_DC_Big_S22dB_10GHz,complex_nonmonotonic,n/a,2.2252,1/5,1/5,INCONCLUSIVE,Shape/direction agree in only 1/5 and 1/5 folds.,-18.127726,-7.02525
THIN_ET_Vbpin,complex_nonmonotonic,n/a,2.2138,0/5,0/5,INCONCLUSIVE,Shape/direction agree in only 0/5 and 0/5 folds.,19.245597,37.567462
THIN_ET_R_400_VER,inverted_U,n/a,2.1849,0/5,0/5,INCONCLUSIVE,Shape/direction agree in only 0/5 and 0/5 folds.,53.228009,67.189054
THIN_ET_OHMC,U_shape,n/a,2.171,0/5,0/5,INCONCLUSIVE,Shape/direction agree in only 0/5 and 0/5 folds.,27.446131,40.787628
MEASURE_ET_DC_SEC_Vboff_2_1,complex_nonmonotonic,n/a,2.1683,0/5,0/5,INCONCLUSIVE,Shape/direction agree in only 0/5 and 0/5 folds.,8.600438,18.05811
TOPSIN_ET_C100Cap1pf,complex_nonmonotonic,n/a,2.1682,1/5,1/5,INCONCLUSIVE,Shape/direction agree in only 1/5 and 1/5 folds.,0.528879,1.065059
MEASURE_ET_DC_SMALL_Ids_m0p2,complex_nonmonotonic,n/a,2.1654,1/5,1/5,INCONCLUSIVE,Shape/direction agree in only 1/5 and 1/5 folds.,-2.311614,6.94867
MEASURE_ET_DC_SEC_X_Id_mA_mm_at_Vg3_FPSD3p2,complex_nonmonotonic,n/a,2.1552,1/5,1/5,INCONCLUSIVE,Shape/direction agree in only 1/5 and 1/5 folds.,29.108724,40.598117
TOPSIN_ET_DC_RF_Vbgs1,U_shape,n/a,2.1352,1/5,1/5,INCONCLUSIVE,Shape/direction agree in only 1/5 and 1/5 folds.,16.668132,37.311741
MEASURE_ET_DC_RF_S21ang_10GHz,complex_nonmonotonic,n/a,2.1252,0/5,0/5,INCONCLUSIVE,Shape/direction agree in only 0/5 and 0/5 folds.,12.4952,18.340512
MEASURE_ET_C300pf_0,complex_nonmonotonic,n/a,2.1226,1/5,1/5,INCONCLUSIVE,Shape/direction agree in only 1/5 and 1/5 folds.,0.530408,1.143003
ANODE_ET_Rc_an_ct2_OW_CR,complex_nonmonotonic,n/a,2.1045,1/5,1/5,INCONCLUSIVE,Shape/direction agree in only 1/5 and 1/5 folds.,0.109653,0.308476
MEASURE_ET_RF_Modeling_Fmax_ext,U_shape,n/a,2.0971,1/5,1/5,INCONCLUSIVE,Shape/direction agree in only 1/5 and 1/5 folds.,26.334183,38.037377
TOPSIN_ET_R_f_hr_3,complex_nonmonotonic,n/a,2.0963,0/5,0/5,INCONCLUSIVE,Shape/direction agree in only 0/5 and 0/5 folds.,2.17998,10.545022
MEASURE_ET_DC_SEC_S_Ig_mAmm_at_Vg_cond_neg,complex_nonmonotonic,n/a,2.0962,1/5,1/5,INCONCLUSIVE,Shape/direction agree in only 1/5 and 1/5 folds.,86.750387,104.346761
MEASURE_ET_HIRS,complex_nonmonotonic,n/a,2.0932,0/5,0/5,INCONCLUSIVE,Shape/direction agree in only 0/5 and 0/5 folds.,-1.24147,9.726421
TOPSIN_ET_sh_GA142_GN,complex_nonmonotonic,n/a,2.0928,0/5,0/5,INCONCLUSIVE,Shape/direction agree in only 0/5 and 0/5 folds.,27.538904,38.540706
MEASURE_ET_DC_SMALL_Vbgd_0p01,complex_nonmonotonic,n/a,2.0812,1/5,1/5,INCONCLUSIVE,Shape/direction agree in only 1/5 and 1/5 folds.,19.509683,38.453799
MEASURE_ET_LT_SEC_Vd_Id_min_Vd7,U_shape,n/a,2.0796,0/5,0/5,INCONCLUSIVE,Shape/direction agree in only 0/5 and 0/5 folds.,4.846022,14.643793
FIC_ET_DC_RF_Vbgs_0p1,complex_nonmonotonic,n/a,2.0768,1/5,1/5,INCONCLUSIVE,Shape/direction agree in only 1/5 and 1/5 folds.,19.822606,36.211053
THIN_ET_C100,complex_nonmonotonic,n/a,2.0735,0/5,0/5,INCONCLUSIVE,Shape/direction agree in only 0/5 and 0/5 folds.,0.484671,1.15914
MEASURE_ET_DC_RF_Min_S21_Freq_L1002,complex_nonmonotonic,n/a,2.0691,1/5,1/5,INCONCLUSIVE,Shape/direction agree in only 1/5 and 1/5 folds.,11.972689,17.940188
SIN_GATE_ET_Probe_Number,U_shape,n/a,2.0545,1/5,1/5,INCONCLUSIVE,Shape/direction agree in only 1/5 and 1/5 folds.,0.971127,5.138378
MEASURE_ET_sh_GA142,U_shape,n/a,2.0544,0/5,0/5,INCONCLUSIVE,Shape/direction agree in only 0/5 and 0/5 folds.,79.129082,95.022022
TOPSIN_ET_Gate_res,complex_nonmonotonic,n/a,2.0446,1/5,1/5,INCONCLUSIVE,Shape/direction agree in only 1/5 and 1/5 folds.,13.915578,25.183168
MEASURE_ET_DC_SEC_Vgs_back_0p5V,complex_nonmonotonic,n/a,2.0399,1/5,1/5,INCONCLUSIVE,Shape/direction agree in only 1/5 and 1/5 folds.,-1.360958,6.208898
MEASURE_ET_Rc_OG142_GN,inverted_U,n/a,2.0374,1/5,1/5,INCONCLUSIVE,Shape/direction agree in only 1/5 and 1/5 folds.,0.11179,0.304777
MEASURE_ET_Rc_cat_ct2,complex_nonmonotonic,n/a,2.0276,0/5,0/5,INCONCLUSIVE,Shape/direction agree in only 0/5 and 0/5 folds.,0.123931,0.311809
THIN_ET_Rcat_cn_1_OW_ST,complex_nonmonotonic,n/a,2.023,0/5,0/5,INCONCLUSIVE,Shape/direction agree in only 0/5 and 0/5 folds.,0.105765,0.30588
MEASURE_ET_C_CAT_2,complex_nonmonotonic,n/a,2.0165,0/5,0/5,INCONCLUSIVE,Shape/direction agree in only 0/5 and 0/5 folds.,-3.694972,6.012087
THIN_ET_Cap_C300,complex_nonmonotonic,n/a,2.0153,0/5,0/5,INCONCLUSIVE,Shape/direction agree in only 0/5 and 0/5 folds.,0.511671,1.07984
MEASURE_ET_DC_RF_Vbin_gs,complex_nonmonotonic,n/a,2.0152,1/5,1/5,INCONCLUSIVE,Shape/direction agree in only 1/5 and 1/5 folds.,17.63385,39.669348
TOPSIN_ET_DC_SMALL_Vds_max_0p1,complex_nonmonotonic,n/a,2.0151,0/5,0/5,INCONCLUSIVE,Shape/direction agree in only 0/5 and 0/5 folds.,44.22994,58.878323
MEASURE_ET_RF_Modeling_Ld,complex_nonmonotonic,n/a,2.0132,1/5,1/5,INCONCLUSIVE,Shape/direction agree in only 1/5 and 1/5 folds.,26.353941,38.235785
THIN_ET_Rcat_cn_1,complex_nonmonotonic,n/a,2.0126,0/5,0/5,INCONCLUSIVE,Shape/direction agree in only 0/5 and 0/5 folds.,0.113503,0.291486
TOPSIN_ET_Ids_m2,complex_nonmonotonic,n/a,2.0115,0/5,0/5,INCONCLUSIVE,Shape/direction agree in only 0/5 and 0/5 folds.,38.633823,51.107492
MEASURE_ET_DC_SEC_S_Ig_mAmm_at_Vg_cond_pos_SD3p5,complex_nonmonotonic,n/a,2.0085,0/5,0/5,INCONCLUSIVE,Shape/direction agree in only 0/5 and 0/5 folds.,3.858864,14.459413
FIC_ET_Vp_1,complex_nonmonotonic,n/a,2.004,1/5,1/5,INCONCLUSIVE,Shape/direction agree in only 1/5 and 1/5 folds.,-1.43017,-0.768237
MEASURE_ET_Rc_cat_ct2_OW_ST,inverted_U,n/a,1.9982,0/5,0/5,INCONCLUSIVE,Shape/direction agree in only 0/5 and 0/5 folds.,0.102535,0.307196
FIC_ET_Gate_res,complex_nonmonotonic,n/a,1.9973,1/5,1/5,INCONCLUSIVE,Shape/direction agree in only 1/5 and 1/5 folds.,-2.416888,8.300076
MEASURE_ET_DC_RF_S12ang_26GHz,complex_nonmonotonic,n/a,1.9832,1/5,1/5,INCONCLUSIVE,Shape/direction agree in only 1/5 and 1/5 folds.,-32.099692,-18.409871
MEASURE_ET_OHMC_GN,complex_nonmonotonic,n/a,1.9798,0/5,0/5,INCONCLUSIVE,Shape/direction agree in only 0/5 and 0/5 folds.,56.294216,68.272307
MEASURE_ET_DC_RF_S11dB_26GHz_W,complex_nonmonotonic,n/a,1.9715,0/5,0/5,INCONCLUSIVE,Shape/direction agree in only 0/5 and 0/5 folds.,-17.432054,-7.708111
MEASURE_ET_DC_SMALL_Vbgs_0p1,complex_nonmonotonic,n/a,1.9713,1/5,1/5,INCONCLUSIVE,Shape/direction agree in only 1/5 and 1/5 folds.,18.007968,37.531113
THIN_ET_Vbpin_D60,complex_nonmonotonic,n/a,1.9602,0/5,0/5,INCONCLUSIVE,Shape/direction agree in only 0/5 and 0/5 folds.,17.412581,37.825024
TOPSIN_ET_Load_Pull_Gain_comp_Last,complex_nonmonotonic,n/a,1.9542,1/5,1/5,INCONCLUSIVE,Shape/direction agree in only 1/5 and 1/5 folds.,12.163623,17.545535
MEASURE_ET_USV_Cappf,complex_nonmonotonic,n/a,1.9503,1/5,1/5,INCONCLUSIVE,Shape/direction agree in only 1/5 and 1/5 folds.,0.505066,1.114527
MEASURE_ET_DC_Big_Vg_optt2,complex_nonmonotonic,n/a,1.9498,1/5,1/5,INCONCLUSIVE,Shape/direction agree in only 1/5 and 1/5 folds.,3.086804,13.374761
MEASURE_ET_DC_Stress_Ig_max_after,U_shape,n/a,1.947,0/5,0/5,INCONCLUSIVE,Shape/direction agree in only 0/5 and 0/5 folds.,8.64294,18.031152
TOPSIN_ET_C300pf_0,inverted_U,n/a,1.9435,1/5,1/5,INCONCLUSIVE,Shape/direction agree in only 1/5 and 1/5 folds.,0.482951,1.107445
MEASURE_ET_C300pf,complex_nonmonotonic,n/a,1.9326,1/5,1/5,INCONCLUSIVE,Shape/direction agree in only 1/5 and 1/5 folds.,0.422306,1.182839
SIN_ET_DC_RF_Gm_max,complex_nonmonotonic,n/a,1.9277,1/5,1/5,INCONCLUSIVE,Shape/direction agree in only 1/5 and 1/5 folds.,386.249176,676.64591
MEASURE_ET_RGAN1,complex_nonmonotonic,n/a,1.9257,0/5,0/5,INCONCLUSIVE,Shape/direction agree in only 0/5 and 0/5 folds.,31.8114,46.37901
MEASURE_ET_DC_SEC_S_Ig_cut2_mAmm_neg_FPSD3p2,U_shape,n/a,1.9252,0/5,0/5,INCONCLUSIVE,Shape/direction agree in only 0/5 and 0/5 folds.,-0.648999,8.379234
FMESA_ET_Vbkd,complex_nonmonotonic,n/a,1.9218,0/5,0/5,INCONCLUSIVE,Shape/direction agree in only 0/5 and 0/5 folds.,23.681936,35.552464
MEASURE_ET_DC_Big_Gm_max,complex_nonmonotonic,n/a,1.9205,1/5,1/5,INCONCLUSIVE,Shape/direction agree in only 1/5 and 1/5 folds.,416.523047,667.80284
MEASURE_ET_DC_RF_Ft_W,complex_nonmonotonic,n/a,1.9175,1/5,1/5,INCONCLUSIVE,Shape/direction agree in only 1/5 and 1/5 folds.,76.271864,91.774295
CATHODE_ET_C_CAT_2,complex_nonmonotonic,n/a,1.9167,0/5,0/5,INCONCLUSIVE,Shape/direction agree in only 0/5 and 0/5 folds.,53.208317,67.500708
MEASURE_ET_CapPARCAP,complex_nonmonotonic,n/a,1.9165,1/5,1/5,INCONCLUSIVE,Shape/direction agree in only 1/5 and 1/5 folds.,0.114504,0.311116
FIC_ET_DC_PIV_Ids1_QP3,complex_nonmonotonic,n/a,1.913,1/5,1/5,INCONCLUSIVE,Shape/direction agree in only 1/5 and 1/5 folds.,13.2939,25.323112
ANODE_ET_C_AN_2,U_shape,n/a,1.9118,0/5,0/5,INCONCLUSIVE,Shape/direction agree in only 0/5 and 0/5 folds.,34.30027,45.893073
THIN_ET_Rc_f_hr_23,complex_nonmonotonic,n/a,1.9059,1/5,1/5,INCONCLUSIVE,Shape/direction agree in only 1/5 and 1/5 folds.,0.090099,0.28844
THIN_ET_TF_AB_1,complex_nonmonotonic,n/a,1.8983,0/5,0/5,INCONCLUSIVE,Shape/direction agree in only 0/5 and 0/5 folds.,-0.88935,10.8747
MEASURE_ET_DC_RF_S12ang_10GHz,complex_nonmonotonic,n/a,1.8963,1/5,1/5,INCONCLUSIVE,Shape/direction agree in only 1/5 and 1/5 folds.,-31.467649,-18.874145
MEASURE_ET_C300,complex_nonmonotonic,n/a,1.8961,1/5,1/5,INCONCLUSIVE,Shape/direction agree in only 1/5 and 1/5 folds.,0.52178,1.064227
MEASURE_ET_DC_RF_n_gd,inverted_U,n/a,1.8863,0/5,0/5,INCONCLUSIVE,Shape/direction agree in only 0/5 and 0/5 folds.,38.792028,51.187601
MEASURE_ET_DC_RF_Max_S11_Mag_L1018,complex_nonmonotonic,n/a,1.885,1/5,1/5,INCONCLUSIVE,Shape/direction agree in only 1/5 and 1/5 folds.,12.21698,17.579331
CATHODE_ET_Rcat_cn_2_OW_ST,complex_nonmonotonic,n/a,1.8822,0/5,0/5,INCONCLUSIVE,Shape/direction agree in only 0/5 and 0/5 folds.,0.112724,0.292477
MEASURE_ET_RGAN2,complex_nonmonotonic,n/a,1.8794,0/5,0/5,INCONCLUSIVE,Shape/direction agree in only 0/5 and 0/5 folds.,4.498861,13.841067
MEASURE_ET_Vbpin_D60,complex_nonmonotonic,n/a,1.8785,0/5,0/5,INCONCLUSIVE,Shape/direction agree in only 0/5 and 0/5 folds.,16.32675,37.720632
MEASURE_ET_DC_SMALL_Vbin_gd,complex_nonmonotonic,n/a,1.8782,1/5,1/5,INCONCLUSIVE,Shape/direction agree in only 1/5 and 1/5 folds.,18.006686,34.632869
MEASURE_ET_Rcat_cn_1_OW_ST,complex_nonmonotonic,n/a,1.8756,0/5,0/5,INCONCLUSIVE,Shape/direction agree in only 0/5 and 0/5 folds.,0.116501,0.29026
MEASURE_ET_DC_Big_Vg_max_Vd_0p1mA,complex_nonmonotonic,n/a,1.8625,0/5,0/5,INCONCLUSIVE,Shape/direction agree in only 0/5 and 0/5 folds.,1.158841,12.428475
SIN_ET_DC_RF_Gm_0,complex_nonmonotonic,n/a,1.859,1/5,1/5,INCONCLUSIVE,Shape/direction agree in only 1/5 and 1/5 folds.,397.278694,649.3992
MEASURE_ET_DC_Stress_Vp_before,complex_nonmonotonic,n/a,1.8411,1/5,1/5,INCONCLUSIVE,Shape/direction agree in only 1/5 and 1/5 folds.,-1.466015,-0.680344
MEASURE_ET_DC_SEC_S_Id_mA_mm_at_Vg3_FPSD3p2,complex_nonmonotonic,n/a,1.8402,1/5,1/5,INCONCLUSIVE,Shape/direction agree in only 1/5 and 1/5 folds.,12.439856,24.232328
MEASURE_ET_DC_SEC_S_Ig_mAmm_at_Vg_cond_neg_SD3p5,complex_nonmonotonic,n/a,1.8356,1/5,1/5,INCONCLUSIVE,Shape/direction agree in only 1/5 and 1/5 folds.,5.190078,16.674062
MEASURE_ET_DC_Stress_Idss_before,U_shape,n/a,1.825,0/5,0/5,INCONCLUSIVE,Shape/direction agree in only 0/5 and 0/5 folds.,244.467934,468.027765
MEASURE_ET_DC_RF_CF_S11_Mag_L2180,U_shape,n/a,1.8238,0/5,0/5,INCONCLUSIVE,Shape/direction agree in only 0/5 and 0/5 folds.,12.07102,17.835472
TOPSIN_ET_DC_SMALL_Id_gm_max,complex_nonmonotonic,n/a,1.8237,1/5,1/5,INCONCLUSIVE,Shape/direction agree in only 1/5 and 1/5 folds.,391.181793,667.898435
TOPSIN_ET_Cap2pf_0,complex_nonmonotonic,n/a,1.8214,0/5,0/5,INCONCLUSIVE,Shape/direction agree in only 0/5 and 0/5 folds.,0.520792,1.091223
MEASURE_ET_DC_SEC_X_Id_at_Vboff_mA_mm_SD3p5,complex_nonmonotonic,n/a,1.8208,0/5,0/5,INCONCLUSIVE,Shape/direction agree in only 0/5 and 0/5 folds.,6.931106,17.015341
THIN_ET_C_AN_2_OW_CR,complex_nonmonotonic,n/a,1.8194,0/5,0/5,INCONCLUSIVE,Shape/direction agree in only 0/5 and 0/5 folds.,6.892467,18.761821
MaskSetSupplyChipsCount,complex_nonmonotonic,n/a,1.817,1/5,1/5,INCONCLUSIVE,Shape/direction agree in only 1/5 and 1/5 folds.,1190.0,1646.0
MEASURE_ET_Gm_m2,complex_nonmonotonic,n/a,1.8107,0/5,0/5,INCONCLUSIVE,Shape/direction agree in only 0/5 and 0/5 folds.,378.984135,653.623507
TOPSIN_ET_Cap3pf,complex_nonmonotonic,n/a,1.8028,0/5,0/5,INCONCLUSIVE,Shape/direction agree in only 0/5 and 0/5 folds.,0.466266,1.193658
SIN_CAPACITOR_ThicknessGN1_SiN_Thickness,inverted_U,n/a,1.8006,0/5,0/5,INCONCLUSIVE,Shape/direction agree in only 0/5 and 0/5 folds.,0.133633,0.170407
MEASURE_ET_Load_Pull_GL_set,complex_nonmonotonic,n/a,1.7966,1/5,1/5,INCONCLUSIVE,Shape/direction agree in only 1/5 and 1/5 folds.,-2.366635,7.682309
TOPSIN_ET_R_f_hr_2,complex_nonmonotonic,n/a,1.7935,1/5,1/5,INCONCLUSIVE,Shape/direction agree in only 1/5 and 1/5 folds.,18.790995,30.866399
TOPSIN_ET_R314,inverted_U,n/a,1.7889,0/5,0/5,INCONCLUSIVE,Shape/direction agree in only 0/5 and 0/5 folds.,58.382246,71.825239
SIN_ET_DC_PIV_Imax_QP3,complex_nonmonotonic,n/a,1.7885,1/5,1/5,INCONCLUSIVE,Shape/direction agree in only 1/5 and 1/5 folds.,500.393072,850.801475
MEASURE_ET_DC_RF_Imax,complex_nonmonotonic,n/a,1.7819,1/5,1/5,INCONCLUSIVE,Shape/direction agree in only 1/5 and 1/5 folds.,505.447335,841.464817
MEASURE_ET_DC_SEC_X_Id_plus_Ig_at_Vboff_mA_mm_FPSD3p2,complex_nonmonotonic,n/a,1.7747,0/5,0/5,INCONCLUSIVE,Shape/direction agree in only 0/5 and 0/5 folds.,3.617154,14.283742
VIA_Etch_Via_etch_end_point_time,U_shape,n/a,1.7613,1/5,1/5,INCONCLUSIVE,Shape/direction agree in only 1/5 and 1/5 folds.,103.886147,145.338216
FIN_Etch_Hard_Bias,complex_nonmonotonic,n/a,1.7583,1/5,1/5,INCONCLUSIVE,Shape/direction agree in only 1/5 and 1/5 folds.,135.758368,184.991833
THIN_ET_R_f_tn_1,complex_nonmonotonic,n/a,1.7571,1/5,1/5,INCONCLUSIVE,Shape/direction agree in only 1/5 and 1/5 folds.,7.87276,19.192266
MEASURE_ET_RF_Modeling_MAG_19G_After,complex_nonmonotonic,n/a,1.7558,1/5,1/5,INCONCLUSIVE,Shape/direction agree in only 1/5 and 1/5 folds.,11.609016,17.399545
MEASURE_ET_DC_RF_Max_S11_Freq_L1002,complex_nonmonotonic,n/a,1.747,0/5,0/5,INCONCLUSIVE,Shape/direction agree in only 0/5 and 0/5 folds.,-18.165871,-7.060886
MEASURE_ET_DC_RD_K,complex_nonmonotonic,n/a,1.7345,1/5,1/5,INCONCLUSIVE,Shape/direction agree in only 1/5 and 1/5 folds.,16.821309,26.051885
MEASURE_ET_DC_SMALL_Vds_max_0p1,U_shape,n/a,1.7318,0/5,0/5,INCONCLUSIVE,Shape/direction agree in only 0/5 and 0/5 folds.,90.509388,106.450719
TOPSIN_ET_DC_SMALL_Vbgd1,U_shape,n/a,1.7313,0/5,0/5,INCONCLUSIVE,Shape/direction agree in only 0/5 and 0/5 folds.,18.304227,36.668845
THIN_ET_Rcat_cn_2,complex_nonmonotonic,n/a,1.7254,1/5,1/5,INCONCLUSIVE,Shape/direction agree in only 1/5 and 1/5 folds.,0.118315,0.290134
MEASURE_ET_RF_Modeling_S11dB_10GHz,complex_nonmonotonic,n/a,1.7212,1/5,1/5,INCONCLUSIVE,Shape/direction agree in only 1/5 and 1/5 folds.,-17.193396,-6.611574
MEASURE_ET_DC_RF_MAG_26GHz,complex_nonmonotonic,n/a,1.7185,1/5,1/5,INCONCLUSIVE,Shape/direction agree in only 1/5 and 1/5 folds.,12.557136,17.867411
MEASURE_ET_DC_Big_S21dB_10GHz,complex_nonmonotonic,n/a,1.7182,1/5,1/5,INCONCLUSIVE,Shape/direction agree in only 1/5 and 1/5 folds.,12.260911,17.891343
MEASURE_ET_DC_SEC_X_Vg_at_I3_pos_FPSD3p2,U_shape,n/a,1.7181,1/5,1/5,INCONCLUSIVE,Shape/direction agree in only 1/5 and 1/5 folds.,49.476406,61.580212
MEASURE_ET_DC_RF_Vbin_gd,complex_nonmonotonic,n/a,1.7095,0/5,0/5,INCONCLUSIVE,Shape/direction agree in only 0/5 and 0/5 folds.,19.08304,37.96561
MEASURE_ET_DC_SEC_X_Id_plus_Ig_at_Vboff_mA_mm,complex_nonmonotonic,n/a,1.7082,1/5,1/5,INCONCLUSIVE,Shape/direction agree in only 1/5 and 1/5 folds.,25.054431,35.690673
FP2_Height2_FP2_Height2,U_shape,n/a,1.7081,0/5,0/5,INCONCLUSIVE,Shape/direction agree in only 0/5 and 0/5 folds.,29.487145,38.400517
MEASURE_ET_RF_Modeling_Delta_S21_25G,complex_nonmonotonic,n/a,1.7038,1/5,1/5,INCONCLUSIVE,Shape/direction agree in only 1/5 and 1/5 folds.,12.49978,18.344908
TOPSIN_ET_Load_Pull_Id_ini,U_shape,n/a,1.7035,0/5,0/5,INCONCLUSIVE,Shape/direction agree in only 0/5 and 0/5 folds.,15.598711,28.281413
THIN_ET_C20,inverted_U,n/a,1.6872,1/5,1/5,INCONCLUSIVE,Shape/direction agree in only 1/5 and 1/5 folds.,43.103426,55.828228
CATHODE_ET_Rc_cat_ct2_OW_ST,complex_nonmonotonic,n/a,1.6871,1/5,1/5,INCONCLUSIVE,Shape/direction agree in only 1/5 and 1/5 folds.,0.117512,0.289939
MEASURE_ET_DC_SEC_S_Vp_1_mA_mm_first,complex_nonmonotonic,n/a,1.6853,0/5,0/5,INCONCLUSIVE,Shape/direction agree in only 0/5 and 0/5 folds.,-1.381757,-0.769195
MEASURE_ET_DC_RF_Max_S11_Ph_L1002,complex_nonmonotonic,n/a,1.6814,0/5,0/5,INCONCLUSIVE,Shape/direction agree in only 0/5 and 0/5 folds.,-17.310365,-6.694166
ANODE_ET_Rsh_an_ct2_OW_CR,inverted_U,n/a,1.6784,1/5,1/5,INCONCLUSIVE,Shape/direction agree in only 1/5 and 1/5 folds.,101.185933,135.723014
SIN_GATE_ET_RGAN1,complex_nonmonotonic,n/a,1.673,0/5,0/5,INCONCLUSIVE,Shape/direction agree in only 0/5 and 0/5 folds.,31.90162,42.330232
THIN_ET_TF_AB_3,complex_nonmonotonic,n/a,1.6727,1/5,1/5,INCONCLUSIVE,Shape/direction agree in only 1/5 and 1/5 folds.,60.940349,75.783527
MEASURE_ET_RF_Modeling_Gm_max_W,complex_nonmonotonic,n/a,1.6716,1/5,1/5,INCONCLUSIVE,Shape/direction agree in only 1/5 and 1/5 folds.,391.881332,658.29349
MEASURE_ET_DC_RF_Vbgd_0p01,inverted_U,n/a,1.6695,0/5,0/5,INCONCLUSIVE,Shape/direction agree in only 0/5 and 0/5 folds.,18.311412,37.70136
MEASURE_ET_DC_Big_Vp_1,complex_nonmonotonic,n/a,1.6652,0/5,0/5,INCONCLUSIVE,Shape/direction agree in only 0/5 and 0/5 folds.,-1.426689,-0.763812
MEASURE_ET_DC_PIV_Drain_Lag_Idss,U_shape,n/a,1.6583,0/5,0/5,INCONCLUSIVE,Shape/direction agree in only 0/5 and 0/5 folds.,244.351207,476.299955
MESA_ET_Probe_Number,U_shape,n/a,1.6552,1/5,1/5,INCONCLUSIVE,Shape/direction agree in only 1/5 and 1/5 folds.,0.968654,5.143565
MEASURE_ET_DC_RD_S22ang_18GHz,complex_nonmonotonic,n/a,1.6547,1/5,1/5,INCONCLUSIVE,Shape/direction agree in only 1/5 and 1/5 folds.,-16.969127,-7.417776
MEASURE_ET_LT_SEC_Id_min_mA_mm_Vd7,complex_nonmonotonic,n/a,1.6516,0/5,0/5,INCONCLUSIVE,Shape/direction agree in only 0/5 and 0/5 folds.,44.565393,58.985583
MEASURE_ET_C20_0,complex_nonmonotonic,n/a,1.651,1/5,1/5,INCONCLUSIVE,Shape/direction agree in only 1/5 and 1/5 folds.,-1.508585,10.457125
TOPSIN_ET_CapM1BRGM,complex_nonmonotonic,n/a,1.6509,0/5,0/5,INCONCLUSIVE,Shape/direction agree in only 0/5 and 0/5 folds.,377.528388,656.570097
MEASURE_ET_C300FM1_0,complex_nonmonotonic,n/a,1.6499,0/5,0/5,INCONCLUSIVE,Shape/direction agree in only 0/5 and 0/5 folds.,0.456531,1.147547
FIC_ET_Vg_Vds_max,complex_nonmonotonic,n/a,1.6475,0/5,0/5,INCONCLUSIVE,Shape/direction agree in only 0/5 and 0/5 folds.,54.943257,70.108588
THIN_ET_DC_RF_Vbgd_0p1,complex_nonmonotonic,n/a,1.6469,1/5,1/5,INCONCLUSIVE,Shape/direction agree in only 1/5 and 1/5 folds.,17.44385,38.815506
MEASURE_ET_DC_SEC_Vboff_Vds_min_ON,complex_nonmonotonic,n/a,1.6461,0/5,0/5,INCONCLUSIVE,Shape/direction agree in only 0/5 and 0/5 folds.,8.249421,16.799596
TOPSIN_ET_CapM1BRGM_0,complex_nonmonotonic,n/a,1.6431,1/5,1/5,INCONCLUSIVE,Shape/direction agree in only 1/5 and 1/5 folds.,389.500464,647.463239
TOPSIN_ET_DC_RF_Gm_0,complex_nonmonotonic,n/a,1.6408,0/5,0/5,INCONCLUSIVE,Shape/direction agree in only 0/5 and 0/5 folds.,389.989012,689.200544
MEASURE_ET_lkg_CapM1BRGM,complex_nonmonotonic,n/a,1.6406,0/5,0/5,INCONCLUSIVE,Shape/direction agree in only 0/5 and 0/5 folds.,366.46561,649.534105
MEASURE_ET_DC_SEC_X_Vboff_Id_plus_Ig,U_shape,n/a,1.6371,1/5,1/5,INCONCLUSIVE,Shape/direction agree in only 1/5 and 1/5 folds.,6.925985,18.238313
MEASURE_ET_RF_Modeling_S21dB_10GHz,complex_nonmonotonic,n/a,1.6359,0/5,0/5,INCONCLUSIVE,Shape/direction agree in only 0/5 and 0/5 folds.,12.173034,18.099879
MEASURE_ET_Rc_OG144,complex_nonmonotonic,n/a,1.6307,0/5,0/5,INCONCLUSIVE,Shape/direction agree in only 0/5 and 0/5 folds.,0.108242,0.293382
MEASURE_ET_DC_RF2_S21ang_26GHz,threshold,positive,1.6307,1/5,1/5,INCONCLUSIVE,Shape/direction agree in only 1/5 and 1/5 folds.,12.045895,17.676762
MEASURE_ET_DC_SEC_X_Vg_at_I3_pos,complex_nonmonotonic,n/a,1.6262,1/5,1/5,INCONCLUSIVE,Shape/direction agree in only 1/5 and 1/5 folds.,35.155904,47.465885
MEASURE_ET_RF_Modeling_L_Gs,threshold,n/a,1.6229,1/5,1/5,INCONCLUSIVE,Shape/direction agree in only 1/5 and 1/5 folds.,57.932334,72.353355
MEASURE_ET_DC_RF_Min_S21_Mag_L1018,complex_nonmonotonic,n/a,1.6222,1/5,1/5,INCONCLUSIVE,Shape/direction agree in only 1/5 and 1/5 folds.,12.20733,17.52349
MEASURE_ET_Load_Pull_P.A.E_Last,complex_nonmonotonic,n/a,1.6221,1/5,1/5,INCONCLUSIVE,Shape/direction agree in only 1/5 and 1/5 folds.,49.029059,65.844868
BRGM_ET_C200,complex_nonmonotonic,n/a,1.6184,0/5,0/5,INCONCLUSIVE,Shape/direction agree in only 0/5 and 0/5 folds.,393.75361,639.760387
CATHODE_ET_C_CAT_2_OW_ST,U_shape,n/a,1.6167,1/5,1/5,INCONCLUSIVE,Shape/direction agree in only 1/5 and 1/5 folds.,70.161482,84.533496
MEASURE_ET_DC_RF_Freq_cut_L1018,complex_nonmonotonic,n/a,1.6133,1/5,1/5,INCONCLUSIVE,Shape/direction agree in only 1/5 and 1/5 folds.,2.769075,13.791935
MEASURE_ET_DC_RF_MAG_35GHz,complex_nonmonotonic,n/a,1.6124,1/5,1/5,INCONCLUSIVE,Shape/direction agree in only 1/5 and 1/5 folds.,12.367644,18.550307
TOPSIN_ET_C100CapFICBRGM,complex_nonmonotonic,n/a,1.6112,0/5,0/5,INCONCLUSIVE,Shape/direction agree in only 0/5 and 0/5 folds.,383.842984,657.780667
FIC_ET_OHMC,complex_nonmonotonic,n/a,1.6098,1/5,1/5,INCONCLUSIVE,Shape/direction agree in only 1/5 and 1/5 folds.,4.787396,18.600938
OHMIC_ET_R214,inverted_U,n/a,1.6047,0/5,0/5,INCONCLUSIVE,Shape/direction agree in only 0/5 and 0/5 folds.,76.006346,91.235546
MEASURE_ET_DC_RF2_MAG_26GHz,U_shape,n/a,1.6032,1/5,1/5,INCONCLUSIVE,Shape/direction agree in only 1/5 and 1/5 folds.,12.257829,18.154603
THIN_ET_DC_RF_Vbgd1,complex_nonmonotonic,n/a,1.6006,1/5,1/5,INCONCLUSIVE,Shape/direction agree in only 1/5 and 1/5 folds.,19.294514,39.776311
MEASURE_ET_DC_RF_Id_Vbon_min,complex_nonmonotonic,n/a,1.5969,0/5,0/5,INCONCLUSIVE,Shape/direction agree in only 0/5 and 0/5 folds.,30.703711,42.154882
TOPSIN_ET_DC_RF_Vbgd_0p01,complex_nonmonotonic,n/a,1.5911,1/5,1/5,INCONCLUSIVE,Shape/direction agree in only 1/5 and 1/5 folds.,19.593484,37.647162
MEASURE_ET_C300M1B_0,complex_nonmonotonic,n/a,1.5892,1/5,1/5,INCONCLUSIVE,Shape/direction agree in only 1/5 and 1/5 folds.,0.476582,1.070219
THIN_ET_R314,complex_nonmonotonic,n/a,1.5843,0/5,0/5,INCONCLUSIVE,Shape/direction agree in only 0/5 and 0/5 folds.,26.533733,37.588611
MEASURE_ET_DC_RF_Vdg_max_0p1mA,complex_nonmonotonic,n/a,1.5838,1/5,1/5,INCONCLUSIVE,Shape/direction agree in only 1/5 and 1/5 folds.,12.63941,23.176106
THIN_ET_C_AN_2,inverted_U,n/a,1.5829,1/5,1/5,INCONCLUSIVE,Shape/direction agree in only 1/5 and 1/5 folds.,-1.844112,7.581851
MEASURE_ET_C100Cap3pf,inverted_U,n/a,1.5821,1/5,1/5,INCONCLUSIVE,Shape/direction agree in only 1/5 and 1/5 folds.,0.531876,1.1476
MEASURE_ET_DC_RF_S11dB_26GHz,complex_nonmonotonic,n/a,1.5809,1/5,1/5,INCONCLUSIVE,Shape/direction agree in only 1/5 and 1/5 folds.,-16.149141,-6.526241
TOPSIN_ET_C300_0,complex_nonmonotonic,n/a,1.5787,1/5,1/5,INCONCLUSIVE,Shape/direction agree in only 1/5 and 1/5 folds.,0.486859,1.079606
MEASURE_ET_DC_PIV_Imax_QP1,complex_nonmonotonic,n/a,1.5775,1/5,1/5,INCONCLUSIVE,Shape/direction agree in only 1/5 and 1/5 folds.,502.465321,841.439362
THIN_ET_DC_RF_Vbgs_0p01,complex_nonmonotonic,n/a,1.5773,1/5,1/5,INCONCLUSIVE,Shape/direction agree in only 1/5 and 1/5 folds.,19.685774,37.263892
THIN_ET_DC_RF_Gm_max,complex_nonmonotonic,n/a,1.5754,1/5,1/5,INCONCLUSIVE,Shape/direction agree in only 1/5 and 1/5 folds.,386.094739,650.8851
FIC_ET_Rc_f_tn_23,complex_nonmonotonic,n/a,1.5746,1/5,1/5,INCONCLUSIVE,Shape/direction agree in only 1/5 and 1/5 folds.,0.135449,0.303928
MEASURE_ET_DC_SEC_Vbin_gs,complex_nonmonotonic,n/a,1.5703,0/5,0/5,INCONCLUSIVE,Shape/direction agree in only 0/5 and 0/5 folds.,18.081861,35.925292
MEASURE_ET_DC_RF_Min_S21_Ph_L1018,threshold,n/a,1.57,0/5,0/5,INCONCLUSIVE,Shape/direction agree in only 0/5 and 0/5 folds.,12.908824,17.790184
MEASURE_ET_DC_RF_Vg_max_Vd_0p1mA,complex_nonmonotonic,n/a,1.5686,1/5,1/5,INCONCLUSIVE,Shape/direction agree in only 1/5 and 1/5 folds.,59.37828,70.826035
TOPSIN_ET_DC_SMALL_Idss,complex_nonmonotonic,n/a,1.5627,1/5,1/5,INCONCLUSIVE,Shape/direction agree in only 1/5 and 1/5 folds.,251.191355,451.190515
MEASURE_ET_DC_RF_S22dB_10GHz,complex_nonmonotonic,n/a,1.562,0/5,0/5,INCONCLUSIVE,Shape/direction agree in only 0/5 and 0/5 folds.,-17.113979,-6.890014
MEASURE_ET_C500pf_0,complex_nonmonotonic,n/a,1.5587,1/5,1/5,INCONCLUSIVE,Shape/direction agree in only 1/5 and 1/5 folds.,27.4662,41.242945
FIC_ET_DC_RF_Vt_gs,U_shape,n/a,1.558,0/5,0/5,INCONCLUSIVE,Shape/direction agree in only 0/5 and 0/5 folds.,82.507957,100.10994
FMESA_Height_Fmesa_Height,complex_nonmonotonic,n/a,1.554,0/5,0/5,INCONCLUSIVE,Shape/direction agree in only 0/5 and 0/5 folds.,0.125456,0.16158
MEASURE_ET_DC_SEC_S_Vboff_Id,complex_nonmonotonic,n/a,1.5513,0/5,0/5,INCONCLUSIVE,Shape/direction agree in only 0/5 and 0/5 folds.,32.668472,45.381409
MEASURE_ET_DC_RF_Vp_1_W,complex_nonmonotonic,n/a,1.5499,0/5,0/5,INCONCLUSIVE,Shape/direction agree in only 0/5 and 0/5 folds.,-1.468981,-0.749282
SIN_GATE_ET_sh_GA144,monotonic,positive,1.5472,0/5,1/5,INCONCLUSIVE,Shape/direction agree in only 0/5 and 1/5 folds.,15.842305,27.023035
CHRE_Ali_Litho_Channel_to_Ohmic_Alignment,complex_nonmonotonic,n/a,1.5447,0/5,0/5,INCONCLUSIVE,Shape/direction agree in only 0/5 and 0/5 folds.,-0.053833,0.061619
MEASURE_ET_DC_Big_MAG_18GHz,complex_nonmonotonic,n/a,1.543,1/5,1/5,INCONCLUSIVE,Shape/direction agree in only 1/5 and 1/5 folds.,12.470303,17.985595
MEASURE_ET_DC_RF_CF_S22_Mag_L1018,complex_nonmonotonic,n/a,1.5411,0/5,0/5,INCONCLUSIVE,Shape/direction agree in only 0/5 and 0/5 folds.,12.054482,18.401159
THIN_ET_DC_RF_Vbin_gs,complex_nonmonotonic,n/a,1.541,0/5,0/5,INCONCLUSIVE,Shape/direction agree in only 0/5 and 0/5 folds.,19.382432,37.271751
MEASURE_ET_DC_SEC_X_Ig_cut2_mAmm_pos_SD3p5,complex_nonmonotonic,n/a,1.5401,0/5,0/5,INCONCLUSIVE,Shape/direction agree in only 0/5 and 0/5 folds.,16.363394,27.915486
FIC_ET_DC_RF_Vbgd_0p01,complex_nonmonotonic,n/a,1.5393,1/5,1/5,INCONCLUSIVE,Shape/direction agree in only 1/5 and 1/5 folds.,19.269242,37.638564
MEASURE_ET_DC_RF2_S21dB_26GHz,complex_nonmonotonic,n/a,1.5385,0/5,0/5,INCONCLUSIVE,Shape/direction agree in only 0/5 and 0/5 folds.,11.350489,17.345412
FIC_ET_Vg_gm_max,complex_nonmonotonic,n/a,1.5369,1/5,1/5,INCONCLUSIVE,Shape/direction agree in only 1/5 and 1/5 folds.,403.42122,657.434944
MEASURE_ET_DC_RF_Vboff,complex_nonmonotonic,n/a,1.5365,1/5,1/5,INCONCLUSIVE,Shape/direction agree in only 1/5 and 1/5 folds.,4.151312,12.720885
TOPSIN_ET_Rc_OG142_GN,complex_nonmonotonic,n/a,1.5332,0/5,0/5,INCONCLUSIVE,Shape/direction agree in only 0/5 and 0/5 folds.,0.100943,0.299982
TOPSIN_ET_G2_per_6K,complex_nonmonotonic,n/a,1.5246,0/5,0/5,INCONCLUSIVE,Shape/direction agree in only 0/5 and 0/5 folds.,40.87975,55.073823
MEASURE_ET_DC_PIV_Gate_Lag_Idss,complex_nonmonotonic,n/a,1.5187,1/5,1/5,INCONCLUSIVE,Shape/direction agree in only 1/5 and 1/5 folds.,246.936532,476.956783
FIC_ET_TR_1F,U_shape,n/a,1.5177,0/5,0/5,INCONCLUSIVE,Shape/direction agree in only 0/5 and 0/5 folds.,50.264566,63.21611
FIC_ET_DC_RF_n_gs,U_shape,n/a,1.5162,1/5,1/5,INCONCLUSIVE,Shape/direction agree in only 1/5 and 1/5 folds.,63.115613,77.387554
MEASURE_ET_Rc_an_ct2,U_shape,n/a,1.5159,0/5,0/5,INCONCLUSIVE,Shape/direction agree in only 0/5 and 0/5 folds.,0.081697,0.296081
MEASURE_ET_DC_PIV_Ids0_QP2,U_shape,n/a,1.5135,0/5,0/5,INCONCLUSIVE,Shape/direction agree in only 0/5 and 0/5 folds.,76.827757,90.685351
MEASURE_ET_Gm_max,complex_nonmonotonic,n/a,1.5133,1/5,1/5,INCONCLUSIVE,Shape/direction agree in only 1/5 and 1/5 folds.,362.758274,679.716391
FIC_ET_DC_RF_Vboff,complex_nonmonotonic,n/a,1.5086,1/5,1/5,INCONCLUSIVE,Shape/direction agree in only 1/5 and 1/5 folds.,67.312225,80.629439
TOPSIN_ThicknessGN_SiN_Thickness,complex_nonmonotonic,n/a,1.5082,0/5,0/5,INCONCLUSIVE,Shape/direction agree in only 0/5 and 0/5 folds.,0.132212,0.167987
TOPSIN_ET_R_f_hr_1,U_shape,n/a,1.5039,1/5,1/5,INCONCLUSIVE,Shape/direction agree in only 1/5 and 1/5 folds.,63.441862,76.307068
MEASURE_ET_DC_SEC_S_ChipStatus,complex_nonmonotonic,n/a,1.5024,0/5,0/5,INCONCLUSIVE,Shape/direction agree in only 0/5 and 0/5 folds.,49.588579,65.727035
TOPSIN_ET_C100Cap3pf,complex_nonmonotonic,n/a,1.501,0/5,0/5,INCONCLUSIVE,Shape/direction agree in only 0/5 and 0/5 folds.,0.529702,1.153314
THIN_ET_sh_GA142,complex_nonmonotonic,n/a,1.5004,0/5,0/5,INCONCLUSIVE,Shape/direction agree in only 0/5 and 0/5 folds.,17.574019,30.40548
MEASURE_ET_DC_Diode_S11_dB_forw_9p5,inverted_U,n/a,1.4974,0/5,0/5,INCONCLUSIVE,Shape/direction agree in only 0/5 and 0/5 folds.,-17.278332,-6.503262
MEASURE_ET_DC_RF_Vp_01_W,U_shape,n/a,1.497,0/5,0/5,INCONCLUSIVE,Shape/direction agree in only 0/5 and 0/5 folds.,-1.396854,-0.748406
FIC_ET_Vdg_max,complex_nonmonotonic,n/a,1.4935,0/5,0/5,INCONCLUSIVE,Shape/direction agree in only 0/5 and 0/5 folds.,49.374885,63.292349
MEASURE_ET_LT_SEC_Ig_Id_min_mA_mm_Vd8,U_shape,n/a,1.4929,0/5,0/5,INCONCLUSIVE,Shape/direction agree in only 0/5 and 0/5 folds.,61.19348,74.866874
THIN_ET_Rc_an_ct2,complex_nonmonotonic,n/a,1.4929,1/5,1/5,INCONCLUSIVE,Shape/direction agree in only 1/5 and 1/5 folds.,0.095643,0.306999
FIC_ET_sh_GA142,complex_nonmonotonic,n/a,1.4921,0/5,0/5,INCONCLUSIVE,Shape/direction agree in only 0/5 and 0/5 folds.,42.756571,55.101845
MEASURE_ET_DC_SEC_X_Vp_1_mA_mm_first_FPSD3p2,complex_nonmonotonic,n/a,1.4903,1/5,1/5,INCONCLUSIVE,Shape/direction agree in only 1/5 and 1/5 folds.,-1.422292,-0.739313
MEASURE_ET_Rcat_cn_3,inverted_U,n/a,1.4866,1/5,1/5,INCONCLUSIVE,Shape/direction agree in only 1/5 and 1/5 folds.,0.095482,0.285709
MEASURE_ET_Cap_C300FM1,complex_nonmonotonic,n/a,1.4819,1/5,1/5,INCONCLUSIVE,Shape/direction agree in only 1/5 and 1/5 folds.,0.519968,1.116757
MEASURE_ET_DC_RF_Min_S21_Mag_L1002,complex_nonmonotonic,n/a,1.4803,0/5,0/5,INCONCLUSIVE,Shape/direction agree in only 0/5 and 0/5 folds.,12.114641,17.96267
MEASURE_ET_DC_Big_Id_gm_max,complex_nonmonotonic,n/a,1.48,0/5,0/5,INCONCLUSIVE,Shape/direction agree in only 0/5 and 0/5 folds.,383.41296,656.386756
ANODE_ET_Rsh_an_ct2,inverted_U,n/a,1.4736,0/5,0/5,INCONCLUSIVE,Shape/direction agree in only 0/5 and 0/5 folds.,98.629045,135.117411
MEASURE_ET_LT_SEC_Vbgd1_Vd8,U_shape,n/a,1.4736,0/5,0/5,INCONCLUSIVE,Shape/direction agree in only 0/5 and 0/5 folds.,19.242845,36.816568
MEASURE_ET_C100CapFICM1,inverted_U,n/a,1.4706,0/5,0/5,INCONCLUSIVE,Shape/direction agree in only 0/5 and 0/5 folds.,0.510597,1.096591
TOPSIN_ET_C500pf_0,complex_nonmonotonic,n/a,1.4659,1/5,1/5,INCONCLUSIVE,Shape/direction agree in only 1/5 and 1/5 folds.,18.797813,29.605254
SIN_ET_DC_RF_Vg_max_Vd_0p1mA,complex_nonmonotonic,n/a,1.4656,0/5,0/5,INCONCLUSIVE,Shape/direction agree in only 0/5 and 0/5 folds.,56.194554,70.453867
MEASURE_ET_DC_RF2_S22dB_26GHz,U_shape,n/a,1.4629,0/5,0/5,INCONCLUSIVE,Shape/direction agree in only 0/5 and 0/5 folds.,-18.290284,-6.077378
TOPSIN_ET_RGAN3,complex_nonmonotonic,n/a,1.4615,1/5,1/5,INCONCLUSIVE,Shape/direction agree in only 1/5 and 1/5 folds.,43.265875,55.804447
THIN_ET_DC_RF_Vds_max,complex_nonmonotonic,n/a,1.4609,1/5,1/5,INCONCLUSIVE,Shape/direction agree in only 1/5 and 1/5 folds.,68.247661,81.949788
MEASURE_ET_CapM1BRGM_0,U_shape,n/a,1.459,0/5,0/5,INCONCLUSIVE,Shape/direction agree in only 0/5 and 0/5 folds.,370.922989,660.577861
MEASURE_ET_DC_Diode_S21_dB_forw_9p5,complex_nonmonotonic,n/a,1.4587,1/5,1/5,INCONCLUSIVE,Shape/direction agree in only 1/5 and 1/5 folds.,12.718327,17.642838
MEASURE_ET_DC_SEC_Vds_min_ON,complex_nonmonotonic,n/a,1.4567,1/5,1/5,INCONCLUSIVE,Shape/direction agree in only 1/5 and 1/5 folds.,24.887894,37.414003
TOPSIN_ET_DC_RF_Vt_gs,complex_nonmonotonic,n/a,1.4557,0/5,0/5,INCONCLUSIVE,Shape/direction agree in only 0/5 and 0/5 folds.,78.24149,93.138254
MEASURE_ET_Vp_1,complex_nonmonotonic,n/a,1.4544,0/5,0/5,INCONCLUSIVE,Shape/direction agree in only 0/5 and 0/5 folds.,-1.470524,-0.734308
MEASURE_ET_DC_RF_CF_S22_Mag_L2180,complex_nonmonotonic,n/a,1.4544,1/5,1/5,INCONCLUSIVE,Shape/direction agree in only 1/5 and 1/5 folds.,12.167287,17.936827
MEASURE_ET_DC_SEC_X_Vboff_Id_FPSD3p2,inverted_U,n/a,1.4543,0/5,0/5,INCONCLUSIVE,Shape/direction agree in only 0/5 and 0/5 folds.,43.444552,58.705184
TOPSIN_ET_DC_SMALL_Gm_m0p2,complex_nonmonotonic,n/a,1.4472,1/5,1/5,INCONCLUSIVE,Shape/direction agree in only 1/5 and 1/5 folds.,399.359545,663.454545
MEASURE_ET_I_5,U_shape,n/a,1.447,0/5,0/5,INCONCLUSIVE,Shape/direction agree in only 0/5 and 0/5 folds.,44.052421,58.276394
MEASURE_ET_DC_SEC_X_Vg_at_I2_neg,complex_nonmonotonic,n/a,1.4456,1/5,1/5,INCONCLUSIVE,Shape/direction agree in only 1/5 and 1/5 folds.,16.44023,27.404305
MEASURE_ET_RF_Modeling_Tau_err,complex_nonmonotonic,n/a,1.4455,1/5,1/5,INCONCLUSIVE,Shape/direction agree in only 1/5 and 1/5 folds.,23.206635,33.503598
MEASURE_ET_Cap1pf_0,complex_nonmonotonic,n/a,1.4432,1/5,1/5,INCONCLUSIVE,Shape/direction agree in only 1/5 and 1/5 folds.,0.463134,1.048963
MEASURE_ET_DC_SEC_X_Ig_cut2_mAmm_neg,complex_nonmonotonic,n/a,1.4432,1/5,1/5,INCONCLUSIVE,Shape/direction agree in only 1/5 and 1/5 folds.,12.80256,26.097297
MEASURE_ET_Cap20,complex_nonmonotonic,n/a,1.4418,0/5,0/5,INCONCLUSIVE,Shape/direction agree in only 0/5 and 0/5 folds.,0.513281,1.102795
THIN_ET_C200,inverted_U,n/a,1.4403,0/5,0/5,INCONCLUSIVE,Shape/direction agree in only 0/5 and 0/5 folds.,0.530623,1.148045
TOPSIN_ET_Vp_1,complex_nonmonotonic,n/a,1.4402,1/5,1/5,INCONCLUSIVE,Shape/direction agree in only 1/5 and 1/5 folds.,-1.438631,-0.771366
SIN_ET_DC_RF_Vg_optt,complex_nonmonotonic,n/a,1.4399,1/5,1/5,INCONCLUSIVE,Shape/direction agree in only 1/5 and 1/5 folds.,66.553737,79.016508
MEASURE_ET_LT_SEC_Ig_Id_min_mA_mm,U_shape,n/a,1.4373,0/5,0/5,INCONCLUSIVE,Shape/direction agree in only 0/5 and 0/5 folds.,53.124363,66.99427
MEASURE_ET_DC_SEC_S_Vg_at_I2_neg_FPSD3p2,complex_nonmonotonic,n/a,1.433,1/5,1/5,INCONCLUSIVE,Shape/direction agree in only 1/5 and 1/5 folds.,50.555761,65.103298
MEASURE_ET_DC_PIV_Gate_Lag_Imax,U_shape,n/a,1.4315,0/5,0/5,INCONCLUSIVE,Shape/direction agree in only 0/5 and 0/5 folds.,474.290322,847.33431
TOPSIN_ET_RGAN1,U_shape,n/a,1.4303,1/5,1/5,INCONCLUSIVE,Shape/direction agree in only 1/5 and 1/5 folds.,29.796038,41.870067
THIN_Measure1_Glue_thickness,inverted_U,n/a,1.4261,1/5,1/5,INCONCLUSIVE,Shape/direction agree in only 1/5 and 1/5 folds.,1.570124,1.991303
SIN_ET_DC_RF_Gm_m0p2,complex_nonmonotonic,n/a,1.4239,1/5,1/5,INCONCLUSIVE,Shape/direction agree in only 1/5 and 1/5 folds.,392.451959,643.280618
MEASURE_ET_DC_SEC_X_Ron_SD3p5,complex_nonmonotonic,n/a,1.4205,1/5,1/5,INCONCLUSIVE,Shape/direction agree in only 1/5 and 1/5 folds.,34.005982,45.654795
MEASURE_ET_DC_RF_CF_S21_Ph_L2180,complex_nonmonotonic,n/a,1.4203,1/5,1/5,INCONCLUSIVE,Shape/direction agree in only 1/5 and 1/5 folds.,12.263563,17.555764
FIC_ET_DC_PIV_Ids0_QP2,complex_nonmonotonic,n/a,1.4202,0/5,0/5,INCONCLUSIVE,Shape/direction agree in only 0/5 and 0/5 folds.,32.223991,43.996061
MEASURE_ET_Rc_TF_AB_2,complex_nonmonotonic,n/a,1.417,0/5,0/5,INCONCLUSIVE,Shape/direction agree in only 0/5 and 0/5 folds.,0.124202,0.28639
MEASURE_ET_Vbkdn_C300pf,complex_nonmonotonic,n/a,1.4054,0/5,0/5,INCONCLUSIVE,Shape/direction agree in only 0/5 and 0/5 folds.,0.431325,1.115668
SIN_GATE_ET_R514,complex_nonmonotonic,n/a,1.4038,0/5,0/5,INCONCLUSIVE,Shape/direction agree in only 0/5 and 0/5 folds.,22.757076,34.396055
TOPSIN_ET_Cap1pf_0,complex_nonmonotonic,n/a,1.402,1/5,1/5,INCONCLUSIVE,Shape/direction agree in only 1/5 and 1/5 folds.,0.429845,1.211866
MEASURE_ET_DC_SEC_Ids_m0p2,complex_nonmonotonic,n/a,1.3962,0/5,0/5,INCONCLUSIVE,Shape/direction agree in only 0/5 and 0/5 folds.,71.475054,85.17232
MEASURE_ET_R_f_hr_2,complex_nonmonotonic,n/a,1.3934,0/5,0/5,INCONCLUSIVE,Shape/direction agree in only 0/5 and 0/5 folds.,21.077545,34.045215
MEASURE_ET_DC_RF_MSG_18GHz,complex_nonmonotonic,n/a,1.3931,0/5,0/5,INCONCLUSIVE,Shape/direction agree in only 0/5 and 0/5 folds.,35.742256,48.771694
MEASURE_ET_DC_RF_Vg_gm_max,complex_nonmonotonic,n/a,1.3916,1/5,1/5,INCONCLUSIVE,Shape/direction agree in only 1/5 and 1/5 folds.,398.902149,664.040057
FIC_ET_DC_RF_Id_gm_max,complex_nonmonotonic,n/a,1.3913,1/5,1/5,INCONCLUSIVE,Shape/direction agree in only 1/5 and 1/5 folds.,402.493049,654.687222
THIN_ET_TF_AB_2,inverted_U,n/a,1.3905,0/5,0/5,INCONCLUSIVE,Shape/direction agree in only 0/5 and 0/5 folds.,-1.332594,8.031516
MEASURE_ET_DC_RF_Min_S21_Ph_L1002,complex_nonmonotonic,n/a,1.3897,1/5,1/5,INCONCLUSIVE,Shape/direction agree in only 1/5 and 1/5 folds.,12.410184,17.787002
TOPSIN_ET_TR_1F,complex_nonmonotonic,n/a,1.3859,1/5,1/5,INCONCLUSIVE,Shape/direction agree in only 1/5 and 1/5 folds.,6.961229,16.955322
MEASURE_ET_RF_Modeling_L_Gg,U_shape,n/a,1.3857,0/5,0/5,INCONCLUSIVE,Shape/direction agree in only 0/5 and 0/5 folds.,37.097234,49.619015
THIN_ET_DC_RF_Vp_1,complex_nonmonotonic,n/a,1.3819,0/5,0/5,INCONCLUSIVE,Shape/direction agree in only 0/5 and 0/5 folds.,-1.383447,-0.716021
MEASURE_ET_DC_SEC_S_Ig_cut1_mAmm_pos,U_shape,n/a,1.378,0/5,0/5,INCONCLUSIVE,Shape/direction agree in only 0/5 and 0/5 folds.,18.709671,30.516344
MEASURE_ET_Rsh_an_ct2,U_shape,n/a,1.3734,0/5,0/5,INCONCLUSIVE,Shape/direction agree in only 0/5 and 0/5 folds.,101.669314,135.951977
SIN_GATE_ET_OHMC,monotonic,positive,1.3726,0/5,1/5,INCONCLUSIVE,Shape/direction agree in only 0/5 and 1/5 folds.,58.829443,72.255897
MEASURE_ET_RF_Modeling_Vd_set,complex_nonmonotonic,n/a,1.3705,1/5,1/5,INCONCLUSIVE,Shape/direction agree in only 1/5 and 1/5 folds.,53.497951,69.674108
MEASURE_ET_DC_SEC_X_Ig_cut3_mAmm_pos_SD3p5,complex_nonmonotonic,n/a,1.3622,1/5,1/5,INCONCLUSIVE,Shape/direction agree in only 1/5 and 1/5 folds.,45.510565,56.439819
TOPSIN_ET_C300,complex_nonmonotonic,n/a,1.3597,0/5,0/5,INCONCLUSIVE,Shape/direction agree in only 0/5 and 0/5 folds.,0.466587,1.114831
BRGM_Height2_BRGM_Height2,complex_nonmonotonic,n/a,1.3565,0/5,0/5,INCONCLUSIVE,Shape/direction agree in only 0/5 and 0/5 folds.,58.249263,83.383034
GATE2_ET_Ids2_Gate_recess_current,complex_nonmonotonic,n/a,1.3554,1/5,1/5,INCONCLUSIVE,Shape/direction agree in only 1/5 and 1/5 folds.,25.181584,35.969558
MEASURE_ET_DC_SMALL_Vp_1,complex_nonmonotonic,n/a,1.3549,0/5,0/5,INCONCLUSIVE,Shape/direction agree in only 0/5 and 0/5 folds.,-1.433942,-0.742926
MEASURE_ET_DC_RF_Gm_0_W,complex_nonmonotonic,n/a,1.3512,0/5,0/5,INCONCLUSIVE,Shape/direction agree in only 0/5 and 0/5 folds.,389.705814,640.527679
MEASURE_ET_DC_SEC_S_Ig_cut3_mAmm_pos_SD3p5,U_shape,n/a,1.3496,1/5,1/5,INCONCLUSIVE,Shape/direction agree in only 1/5 and 1/5 folds.,86.651141,102.923579
MEASURE_ET_DC_SEC_S_Ron,complex_nonmonotonic,n/a,1.3453,1/5,1/5,INCONCLUSIVE,Shape/direction agree in only 1/5 and 1/5 folds.,13.4445,24.512157
MEASURE_ET_Cap_C300FB,complex_nonmonotonic,n/a,1.3415,1/5,1/5,INCONCLUSIVE,Shape/direction agree in only 1/5 and 1/5 folds.,0.46999,1.070657
MEASURE_ET_DC_RF_S21ang_26GHz_W,U_shape,n/a,1.3409,1/5,1/5,INCONCLUSIVE,Shape/direction agree in only 1/5 and 1/5 folds.,12.142867,17.627484
SIN_ET_DC_RF_Vds_max,U_shape,n/a,1.3381,0/5,0/5,INCONCLUSIVE,Shape/direction agree in only 0/5 and 0/5 folds.,62.974783,74.352652
MEASURE_ET_DC_RF_CF_S12_Mag_L1018,complex_nonmonotonic,n/a,1.3331,1/5,1/5,INCONCLUSIVE,Shape/direction agree in only 1/5 and 1/5 folds.,12.601094,18.269943
MEASURE_ET_R_f_tn_3,inverted_U,n/a,1.333,0/5,0/5,INCONCLUSIVE,Shape/direction agree in only 0/5 and 0/5 folds.,51.61872,63.373545
FIC_ET_DC_RF_Vds_max,complex_nonmonotonic,n/a,1.3257,1/5,1/5,INCONCLUSIVE,Shape/direction agree in only 1/5 and 1/5 folds.,15.710026,26.524187
TOPSIN_ET_CapPARCAP,complex_nonmonotonic,n/a,1.3256,0/5,0/5,INCONCLUSIVE,Shape/direction agree in only 0/5 and 0/5 folds.,0.115299,0.287647
SIN_Thickness_SiN_Thickness,inverted_U,n/a,1.3249,1/5,1/5,INCONCLUSIVE,Shape/direction agree in only 1/5 and 1/5 folds.,0.132334,0.168183
TOPSIN_ET_DC_SMALL_n_gd,U_shape,n/a,1.3138,0/5,0/5,INCONCLUSIVE,Shape/direction agree in only 0/5 and 0/5 folds.,72.040176,85.836021
BRGM_ET_i5021_2,complex_nonmonotonic,n/a,1.3135,1/5,1/5,INCONCLUSIVE,Shape/direction agree in only 1/5 and 1/5 folds.,406.84416,645.94749
CATHODE_ET_Probe_Number,complex_nonmonotonic,n/a,1.3112,1/5,1/5,INCONCLUSIVE,Shape/direction agree in only 1/5 and 1/5 folds.,0.960149,5.154404
MEASURE_ET_CapFICM1,inverted_U,n/a,1.3078,0/5,0/5,INCONCLUSIVE,Shape/direction agree in only 0/5 and 0/5 folds.,0.500581,1.109786
MEASURE_ET_DC_Big_Vg_optt3,complex_nonmonotonic,n/a,1.3045,1/5,1/5,INCONCLUSIVE,Shape/direction agree in only 1/5 and 1/5 folds.,43.768721,55.509481
MEASURE_ET_DC_Stress_Vg_max_Ig_before,complex_nonmonotonic,n/a,1.3043,1/5,1/5,INCONCLUSIVE,Shape/direction agree in only 1/5 and 1/5 folds.,5.475996,17.312508
FIC_ET_DC_RF_Idss,complex_nonmonotonic,n/a,1.3026,1/5,1/5,INCONCLUSIVE,Shape/direction agree in only 1/5 and 1/5 folds.,236.740983,463.041785
MEASURE_ET_DC_Stress_Id_gm_max_before,complex_nonmonotonic,n/a,1.3025,1/5,1/5,INCONCLUSIVE,Shape/direction agree in only 1/5 and 1/5 folds.,380.095136,667.904072
MEASURE_ET_DC_RF_S22ang_26GHz,complex_nonmonotonic,n/a,1.3,1/5,1/5,INCONCLUSIVE,Shape/direction agree in only 1/5 and 1/5 folds.,-18.148087,-7.008725
FIC_ET_TANR,complex_nonmonotonic,n/a,1.2998,1/5,1/5,INCONCLUSIVE,Shape/direction agree in only 1/5 and 1/5 folds.,39.466557,52.079974
SIN_ET_DC_RF_Vp_01,complex_nonmonotonic,n/a,1.2975,1/5,1/5,INCONCLUSIVE,Shape/direction agree in only 1/5 and 1/5 folds.,-1.389608,-0.734505
MEASURE_ET_DC_Big_MAG_10GHz,complex_nonmonotonic,n/a,1.2942,0/5,0/5,INCONCLUSIVE,Shape/direction agree in only 0/5 and 0/5 folds.,12.430297,18.46697
THIN_ET_Rsh_F_AB_2,complex_nonmonotonic,n/a,1.2938,1/5,1/5,INCONCLUSIVE,Shape/direction agree in only 1/5 and 1/5 folds.,100.258015,137.433172
BRGM_Height3_TOP_metal_thickness,inverted_U,n/a,1.2924,1/5,1/5,INCONCLUSIVE,Shape/direction agree in only 1/5 and 1/5 folds.,1.888353,2.489219
MEASURE_ET_Rsh_TF_AB2,complex_nonmonotonic,n/a,1.2909,0/5,0/5,INCONCLUSIVE,Shape/direction agree in only 0/5 and 0/5 folds.,104.103692,135.00671
MEASURE_ET_RF_Modeling_Rg,complex_nonmonotonic,n/a,1.2894,1/5,1/5,INCONCLUSIVE,Shape/direction agree in only 1/5 and 1/5 folds.,55.807778,70.135187
MEASURE_ET_DC_RF_CF_S12_Ph_L1018,complex_nonmonotonic,n/a,1.2889,0/5,0/5,INCONCLUSIVE,Shape/direction agree in only 0/5 and 0/5 folds.,-31.247173,-19.63604
MEASURE_ET_C_AN_2_OW_CR,complex_nonmonotonic,n/a,1.2875,1/5,1/5,INCONCLUSIVE,Shape/direction agree in only 1/5 and 1/5 folds.,4.068959,13.777288
MEASURE_ET_LT_SEC_Ig_Id_min_mA_mm_Vd3,complex_nonmonotonic,n/a,1.2872,1/5,1/5,INCONCLUSIVE,Shape/direction agree in only 1/5 and 1/5 folds.,15.325737,28.503418
THIN_ET_sh_f_tn_23,complex_nonmonotonic,n/a,1.2864,0/5,0/5,INCONCLUSIVE,Shape/direction agree in only 0/5 and 0/5 folds.,33.835295,44.374988
MEASURE_ET_DC_Big_Gm_0,complex_nonmonotonic,n/a,1.2861,1/5,1/5,INCONCLUSIVE,Shape/direction agree in only 1/5 and 1/5 folds.,398.569385,663.164536
MEASURE_ET_DC_RF_S11ang_26GHz_W,complex_nonmonotonic,n/a,1.2861,1/5,1/5,INCONCLUSIVE,Shape/direction agree in only 1/5 and 1/5 folds.,-16.913538,-5.756034
MEASURE_ET_Rc_F_AB_2,complex_nonmonotonic,n/a,1.2804,1/5,1/5,INCONCLUSIVE,Shape/direction agree in only 1/5 and 1/5 folds.,0.09347,0.300037
TOPSIN_ET_DC_RF_Vg_gm_max,U_shape,n/a,1.2786,1/5,1/5,INCONCLUSIVE,Shape/direction agree in only 1/5 and 1/5 folds.,392.440574,665.816119
MEASURE_ET_DC_SEC_X_Ids_max_SD3p5,inverted_U,n/a,1.278,0/5,0/5,INCONCLUSIVE,Shape/direction agree in only 0/5 and 0/5 folds.,41.251692,53.559498
MEASURE_ET_CapUSV_0,complex_nonmonotonic,n/a,1.2775,0/5,0/5,INCONCLUSIVE,Shape/direction agree in only 0/5 and 0/5 folds.,0.484118,1.116385
MEASURE_ET_DC_RF_CF_S11_Ph_L2180,complex_nonmonotonic,n/a,1.2662,1/5,1/5,INCONCLUSIVE,Shape/direction agree in only 1/5 and 1/5 folds.,-17.473405,-6.182016
MEASURE_ET_LT_SEC_Id_min_mA_mm_Vd3,complex_nonmonotonic,n/a,1.2661,1/5,1/5,INCONCLUSIVE,Shape/direction agree in only 1/5 and 1/5 folds.,17.337804,28.590938
MEASURE_ET_DC_SEC_S_Ig_cut1_mAmm_neg,complex_nonmonotonic,n/a,1.2658,0/5,0/5,INCONCLUSIVE,Shape/direction agree in only 0/5 and 0/5 folds.,31.799874,45.01126
SIN_ET_DC_RF_Vg_optt3,complex_nonmonotonic,n/a,1.2654,1/5,1/5,INCONCLUSIVE,Shape/direction agree in only 1/5 and 1/5 folds.,1.537334,13.390401
MEASURE_ET_Gate_res,U_shape,n/a,1.2647,0/5,0/5,INCONCLUSIVE,Shape/direction agree in only 0/5 and 0/5 folds.,86.040029,100.808491
MEASURE_ET_DC_SEC_S_Ig_cut3_mAmm_neg_SD3p5,U_shape,n/a,1.2647,1/5,1/5,INCONCLUSIVE,Shape/direction agree in only 1/5 and 1/5 folds.,3.740756,13.80395
MEASURE_ET_DC_SEC_S_Vg_at_I1_neg_SD3p5,U_shape,n/a,1.2629,0/5,0/5,INCONCLUSIVE,Shape/direction agree in only 0/5 and 0/5 folds.,19.869127,30.687185
MEASURE_ET_DC_Big_Vdg_max_0p1mA,complex_nonmonotonic,n/a,1.2627,0/5,0/5,INCONCLUSIVE,Shape/direction agree in only 0/5 and 0/5 folds.,64.024056,80.916508
MEASURE_ET_DC_RF_S12ang_26GHz_W,complex_nonmonotonic,n/a,1.2598,0/5,0/5,INCONCLUSIVE,Shape/direction agree in only 0/5 and 0/5 folds.,-32.244707,-19.096591
MEASURE_ET_Load_Pull_Gain_comp_Last,complex_nonmonotonic,n/a,1.2591,1/5,1/5,INCONCLUSIVE,Shape/direction agree in only 1/5 and 1/5 folds.,12.159807,17.245096
MEASURE_ET_DC_RF2_S12ang_26GHz,complex_nonmonotonic,n/a,1.2585,0/5,0/5,INCONCLUSIVE,Shape/direction agree in only 0/5 and 0/5 folds.,-32.615419,-18.375345
MEASURE_ET_Ran_con_2_OW_CR,complex_nonmonotonic,n/a,1.2557,0/5,0/5,INCONCLUSIVE,Shape/direction agree in only 0/5 and 0/5 folds.,51.705902,67.813569
MEASURE_ET_DC_RF_S21ang_26GHz,complex_nonmonotonic,n/a,1.2522,0/5,0/5,INCONCLUSIVE,Shape/direction agree in only 0/5 and 0/5 folds.,12.333535,18.03861
TANR_M_Gauge_P_E_TaN,U_shape,n/a,1.2486,0/5,0/5,INCONCLUSIVE,Shape/direction agree in only 0/5 and 0/5 folds.,79.162829,103.75103
MEASURE_ET_DC_SEC_S_Vg_at_I2_neg,complex_nonmonotonic,n/a,1.2451,1/5,1/5,INCONCLUSIVE,Shape/direction agree in only 1/5 and 1/5 folds.,44.583709,58.879377
MEASURE_ET_DC_SEC_X_Vp_1_mA_mm_first_SD3p5,complex_nonmonotonic,n/a,1.2451,0/5,0/5,INCONCLUSIVE,Shape/direction agree in only 0/5 and 0/5 folds.,-1.41581,-0.761616
MEASURE_ET_R_f_hr_1,complex_nonmonotonic,n/a,1.2445,1/5,1/5,INCONCLUSIVE,Shape/direction agree in only 1/5 and 1/5 folds.,37.832487,50.853295
BRGM_ET_C100,complex_nonmonotonic,n/a,1.2441,1/5,1/5,INCONCLUSIVE,Shape/direction agree in only 1/5 and 1/5 folds.,379.906069,656.245302
MEASURE_ET_DC_SEC_Vp_10mA,complex_nonmonotonic,n/a,1.2415,1/5,1/5,INCONCLUSIVE,Shape/direction agree in only 1/5 and 1/5 folds.,-1.519945,-0.758661
MEASURE_ET_DC_Stress_Vp_delta,complex_nonmonotonic,n/a,1.2413,1/5,1/5,INCONCLUSIVE,Shape/direction agree in only 1/5 and 1/5 folds.,-1.390516,-0.747649
MEASURE_ET_DC_SEC_S_Ig_cut3_mAmm_neg,complex_nonmonotonic,n/a,1.2403,0/5,0/5,INCONCLUSIVE,Shape/direction agree in only 0/5 and 0/5 folds.,65.919535,78.983626
MEASURE_ET_DC_RF_CF_S22_Ph_L1002,U_shape,n/a,1.2401,0/5,0/5,INCONCLUSIVE,Shape/direction agree in only 0/5 and 0/5 folds.,-17.414661,-7.340946
GATE1_Thickness1_Triple_E-beam_thickness,complex_nonmonotonic,n/a,1.238,1/5,1/5,INCONCLUSIVE,Shape/direction agree in only 1/5 and 1/5 folds.,1.380848,1.660263
BMETAL1_Height_Metal1_metal_thickness,complex_nonmonotonic,n/a,1.2367,1/5,1/5,INCONCLUSIVE,Shape/direction agree in only 1/5 and 1/5 folds.,1.84054,2.468237
MEASURE_ET_DC_RD_S12ang_18GHz,complex_nonmonotonic,n/a,1.236,0/5,0/5,INCONCLUSIVE,Shape/direction agree in only 0/5 and 0/5 folds.,-32.150138,-18.822377
MEASURE_ET_Rsh_cat_c2,complex_nonmonotonic,n/a,1.2319,1/5,1/5,INCONCLUSIVE,Shape/direction agree in only 1/5 and 1/5 folds.,101.182158,133.132282
SIN_Thickness2_SiN_Thickness,monotonic,negative,1.2301,0/5,1/5,INCONCLUSIVE,Shape/direction agree in only 0/5 and 1/5 folds.,0.133654,0.166718
FIC_ET_R_f_tn_3,U_shape,n/a,1.2299,0/5,0/5,INCONCLUSIVE,Shape/direction agree in only 0/5 and 0/5 folds.,64.165384,77.969475
MEASURE_ET_C300FB,complex_nonmonotonic,n/a,1.2284,1/5,1/5,INCONCLUSIVE,Shape/direction agree in only 1/5 and 1/5 folds.,0.563566,1.10837
MEASURE_ET_DC_SEC_X_Id_mA_mm_at_Vg2_SD3p5,U_shape,n/a,1.2267,0/5,0/5,INCONCLUSIVE,Shape/direction agree in only 0/5 and 0/5 folds.,37.1491,48.006987
MEASURE_ET_RF_Modeling_S11ang_10GHz,complex_nonmonotonic,n/a,1.2262,1/5,1/5,INCONCLUSIVE,Shape/direction agree in only 1/5 and 1/5 folds.,-17.876942,-6.852489
MEASURE_ET_DC_SEC_S_Ids_max,complex_nonmonotonic,n/a,1.2255,1/5,1/5,INCONCLUSIVE,Shape/direction agree in only 1/5 and 1/5 folds.,46.993416,58.311414
MEASURE_ET_R414,complex_nonmonotonic,n/a,1.2252,1/5,1/5,INCONCLUSIVE,Shape/direction agree in only 1/5 and 1/5 folds.,3.787145,14.422731
MEASURE_ET_DC_RD_S12dB_18GHz,complex_nonmonotonic,n/a,1.2219,1/5,1/5,INCONCLUSIVE,Shape/direction agree in only 1/5 and 1/5 folds.,-31.824569,-17.612463
MEASURE_ET_DC_Diode_S11_dB_rev_9p5,complex_nonmonotonic,n/a,1.2217,1/5,1/5,INCONCLUSIVE,Shape/direction agree in only 1/5 and 1/5 folds.,-17.427885,-7.938081
THIN_ET_R_f_hr_2,complex_nonmonotonic,n/a,1.2187,0/5,0/5,INCONCLUSIVE,Shape/direction agree in only 0/5 and 0/5 folds.,38.384718,49.655568
MEASURE_ET_sh_f_tn_23,U_shape,n/a,1.2131,1/5,1/5,INCONCLUSIVE,Shape/direction agree in only 1/5 and 1/5 folds.,41.811933,54.062163
MEASURE_ET_DC_RF_Gm_0,complex_nonmonotonic,n/a,1.2095,1/5,1/5,INCONCLUSIVE,Shape/direction agree in only 1/5 and 1/5 folds.,400.107566,658.347378
MEASURE_ET_DC_SEC_S_Id_at_Vboff_mA_mm_SD3p5,complex_nonmonotonic,n/a,1.2095,1/5,1/5,INCONCLUSIVE,Shape/direction agree in only 1/5 and 1/5 folds.,23.955402,35.080208
MEASURE_ET_DC_SEC_X_Bin_FPSD3p2,U_shape,n/a,1.2094,0/5,0/5,INCONCLUSIVE,Shape/direction agree in only 0/5 and 0/5 folds.,48.51761,62.938244
TOPSIN_ET_HIRS,complex_nonmonotonic,n/a,1.2086,0/5,0/5,INCONCLUSIVE,Shape/direction agree in only 0/5 and 0/5 folds.,28.234786,39.415298
HIRS_M_Gauge_P_E_MoSi,inverted_U,n/a,1.2086,0/5,0/5,INCONCLUSIVE,Shape/direction agree in only 0/5 and 0/5 folds.,41.297984,53.630002
TOPSIN_ET_C100C175pf,complex_nonmonotonic,n/a,1.2061,1/5,1/5,INCONCLUSIVE,Shape/direction agree in only 1/5 and 1/5 folds.,0.511466,1.091096
STREETS_Height_Backside_metal_thickness,complex_nonmonotonic,n/a,1.2051,0/5,0/5,INCONCLUSIVE,Shape/direction agree in only 0/5 and 0/5 folds.,1.841211,2.476198
TOPSIN_ET_C100CapFICM1,inverted_U,n/a,1.2039,0/5,0/5,INCONCLUSIVE,Shape/direction agree in only 0/5 and 0/5 folds.,0.485777,1.157501
TOPSIN_ET_DC_PIV_Ids0_QP3,inverted_U,n/a,1.2017,0/5,0/5,INCONCLUSIVE,Shape/direction agree in only 0/5 and 0/5 folds.,-0.586508,9.501081
MEASURE_ET_DC_SEC_S_Ig_cut1_mAmm_neg_SD3p5,complex_nonmonotonic,n/a,1.201,1/5,1/5,INCONCLUSIVE,Shape/direction agree in only 1/5 and 1/5 folds.,30.78784,42.350584
MEASURE_ET_DC_SEC_S_Vg_at_I3_pos_SD3p5,complex_nonmonotonic,n/a,1.2001,0/5,0/5,INCONCLUSIVE,Shape/direction agree in only 0/5 and 0/5 folds.,55.890593,70.259115
TOPSIN_ET_C175pf,U_shape,n/a,1.1984,0/5,0/5,INCONCLUSIVE,Shape/direction agree in only 0/5 and 0/5 folds.,29.358753,42.286057
THIN_ET_C300,inverted_U,n/a,1.1971,0/5,0/5,INCONCLUSIVE,Shape/direction agree in only 0/5 and 0/5 folds.,0.484054,1.100159
MEASURE_ET_RF_Modeling_S21_25G_Before,monotonic,positive,1.197,0/5,1/5,INCONCLUSIVE,Shape/direction agree in only 0/5 and 1/5 folds.,12.670967,17.494705
MEASURE_ET_DC_SEC_S_Vg_at_I3_neg,monotonic,positive,1.1967,0/5,1/5,INCONCLUSIVE,Shape/direction agree in only 0/5 and 1/5 folds.,76.78754,93.478637
MEASURE_ET_DC_SEC_X_Ig_cut1_mAmm_pos_SD3p5,complex_nonmonotonic,n/a,1.1945,0/5,0/5,INCONCLUSIVE,Shape/direction agree in only 0/5 and 0/5 folds.,59.365552,71.887847
THIN_ET_R_660_HOR,complex_nonmonotonic,n/a,1.1926,1/5,1/5,INCONCLUSIVE,Shape/direction agree in only 1/5 and 1/5 folds.,20.230153,33.273673
MEASURE_ET_DC_SEC_Imax_7V,complex_nonmonotonic,n/a,1.1902,1/5,1/5,INCONCLUSIVE,Shape/direction agree in only 1/5 and 1/5 folds.,493.380797,843.635758
FIC_ET_G_per_6K,complex_nonmonotonic,n/a,1.1882,1/5,1/5,INCONCLUSIVE,Shape/direction agree in only 1/5 and 1/5 folds.,41.858721,54.50922
THIN_ET_Probe_Number,U_shape,n/a,1.1876,0/5,0/5,INCONCLUSIVE,Shape/direction agree in only 0/5 and 0/5 folds.,0.96751,5.235285
TOPSIN_ET_CapFICM1_0,complex_nonmonotonic,n/a,1.187,0/5,0/5,INCONCLUSIVE,Shape/direction agree in only 0/5 and 0/5 folds.,0.441178,1.071664
FIC_ET_R314,complex_nonmonotonic,n/a,1.1865,0/5,0/5,INCONCLUSIVE,Shape/direction agree in only 0/5 and 0/5 folds.,32.202094,46.189134
THIN_ET_C200_0,complex_nonmonotonic,n/a,1.1865,1/5,1/5,INCONCLUSIVE,Shape/direction agree in only 1/5 and 1/5 folds.,0.497713,1.186794
MEASURE_ET_Ran_con_1,U_shape,n/a,1.1821,0/5,0/5,INCONCLUSIVE,Shape/direction agree in only 0/5 and 0/5 folds.,17.010255,28.0015
TOPSIN_ET_Load_Pull_Pout_W_mm_last,complex_nonmonotonic,n/a,1.1815,0/5,0/5,INCONCLUSIVE,Shape/direction agree in only 0/5 and 0/5 folds.,0.687872,1.108045
MEASURE_ET_DC_SEC_X_Ig_cut1_mAmm_neg_SD3p5,U_shape,n/a,1.1758,0/5,0/5,INCONCLUSIVE,Shape/direction agree in only 0/5 and 0/5 folds.,36.290428,48.793584
MEASURE_ET_Ran_con_3_OW_CR,complex_nonmonotonic,n/a,1.1739,0/5,0/5,INCONCLUSIVE,Shape/direction agree in only 0/5 and 0/5 folds.,67.775942,87.190933
MEASURE_ET_C300M1B,complex_nonmonotonic,n/a,1.1695,1/5,1/5,INCONCLUSIVE,Shape/direction agree in only 1/5 and 1/5 folds.,0.544609,1.18466
MEASURE_ET_DC_SEC_X_Vg_at_I1_neg,threshold,n/a,1.1686,1/5,1/5,INCONCLUSIVE,Shape/direction agree in only 1/5 and 1/5 folds.,91.485212,108.487507
MEASURE_ET_LT_SEC_Vd_Id_min_Vd8,complex_nonmonotonic,n/a,1.1679,1/5,1/5,INCONCLUSIVE,Shape/direction agree in only 1/5 and 1/5 folds.,37.079285,49.023871
MEASURE_ET_DC_SEC_S_Ig_cut2_mAmm_neg,U_shape,n/a,1.1674,0/5,0/5,INCONCLUSIVE,Shape/direction agree in only 0/5 and 0/5 folds.,70.364279,84.174201
SIN_ThicknessGN2_RefractiveIndex,complex_nonmonotonic,n/a,1.1627,1/5,1/5,INCONCLUSIVE,Shape/direction agree in only 1/5 and 1/5 folds.,1.873114,2.030656
OHMIC_ET_Ran_con_2,complex_nonmonotonic,n/a,1.1568,1/5,1/5,INCONCLUSIVE,Shape/direction agree in only 1/5 and 1/5 folds.,45.444456,58.394285
MEASURE_ET_DC_RF_S12dB_26GHz_W,complex_nonmonotonic,n/a,1.1552,1/5,1/5,INCONCLUSIVE,Shape/direction agree in only 1/5 and 1/5 folds.,-32.930815,-17.289622
TOPSIN_ET_OHMC,inverted_U,n/a,1.1545,0/5,0/5,INCONCLUSIVE,Shape/direction agree in only 0/5 and 0/5 folds.,12.482964,24.47556
THIN_ET_R_4000_VER,complex_nonmonotonic,n/a,1.1539,1/5,1/5,INCONCLUSIVE,Shape/direction agree in only 1/5 and 1/5 folds.,55.046035,67.503729
MEASURE_ET_DC_SEC_X_Vg_at_I1_pos_FPSD3p2,threshold,n/a,1.1526,1/5,1/5,INCONCLUSIVE,Shape/direction agree in only 1/5 and 1/5 folds.,42.935561,54.830244
MEASURE_ET_DC_RF2_Ft,inverted_U,n/a,1.1509,0/5,0/5,INCONCLUSIVE,Shape/direction agree in only 0/5 and 0/5 folds.,90.213289,109.453397
ANODE_ET_Ran_con_3,threshold,positive,1.1492,1/5,1/5,INCONCLUSIVE,Shape/direction agree in only 1/5 and 1/5 folds.,64.790863,79.40106
MEASURE_ET_Load_Pull_Pout_W_mm_last,U_shape,n/a,1.1459,0/5,0/5,INCONCLUSIVE,Shape/direction agree in only 0/5 and 0/5 folds.,0.698414,1.151239
THIN_ET_C20_0,complex_nonmonotonic,n/a,1.1452,1/5,1/5,INCONCLUSIVE,Shape/direction agree in only 1/5 and 1/5 folds.,3.635871,14.971013
THIN_ET_Vk,flat,n/a,1.1408,1/5,1/5,INCONCLUSIVE,Main-split shape is 'flat' -- no stable evidence.,39.414095,53.366201
MEASURE_ET_DC_RF_Vboff_ON,complex_nonmonotonic,n/a,1.1392,0/5,0/5,INCONCLUSIVE,Shape/direction agree in only 0/5 and 0/5 folds.,45.023791,60.36786
MEASURE_ET_Cap3pf_0,complex_nonmonotonic,n/a,1.1371,1/5,1/5,INCONCLUSIVE,Shape/direction agree in only 1/5 and 1/5 folds.,0.522792,1.089022
MEASURE_ET_i5021_3,complex_nonmonotonic,n/a,1.1345,1/5,1/5,INCONCLUSIVE,Shape/direction agree in only 1/5 and 1/5 folds.,51.656529,66.247349
MEASURE_ET_DC_RF_ids_m0p2_W,complex_nonmonotonic,n/a,1.1337,0/5,0/5,INCONCLUSIVE,Shape/direction agree in only 0/5 and 0/5 folds.,63.499248,76.051145
MEASURE_ET_DC_SEC_S_Vp_0p7_mA_mm,complex_nonmonotonic,n/a,1.1307,1/5,1/5,INCONCLUSIVE,Shape/direction agree in only 1/5 and 1/5 folds.,-1.441496,-0.699384
MEASURE_ET_DC_Big_Vds_max_0p1mA,complex_nonmonotonic,n/a,1.1297,0/5,0/5,INCONCLUSIVE,Shape/direction agree in only 0/5 and 0/5 folds.,46.77016,60.575382
MEASURE_ET_DC_RF_Max_S11_Mag_L1002,complex_nonmonotonic,n/a,1.1286,0/5,0/5,INCONCLUSIVE,Shape/direction agree in only 0/5 and 0/5 folds.,12.201388,17.835026
MEASURE_ET_DC_RF_Id_gm_max_W,complex_nonmonotonic,n/a,1.1274,1/5,1/5,INCONCLUSIVE,Shape/direction agree in only 1/5 and 1/5 folds.,377.062872,665.723197
SIN_ET_DC_RF_Vds_max_0p1mA,complex_nonmonotonic,n/a,1.1243,1/5,1/5,INCONCLUSIVE,Shape/direction agree in only 1/5 and 1/5 folds.,25.203291,38.056111
MEASURE_ET_RF_Modeling_Mag_d,U_shape,n/a,1.1217,0/5,0/5,INCONCLUSIVE,Shape/direction agree in only 0/5 and 0/5 folds.,12.444916,17.741523
MEASURE_ET_RF_Modeling_Rs,inverted_U,n/a,1.1215,0/5,0/5,INCONCLUSIVE,Shape/direction agree in only 0/5 and 0/5 folds.,36.978866,49.068858
MEASURE_ET_Cap3pf,complex_nonmonotonic,n/a,1.1198,0/5,0/5,INCONCLUSIVE,Shape/direction agree in only 0/5 and 0/5 folds.,0.562189,1.035545
MEASURE_ET_DC_RD_MSG_35GHz,complex_nonmonotonic,n/a,1.1196,0/5,0/5,INCONCLUSIVE,Shape/direction agree in only 0/5 and 0/5 folds.,49.08564,62.181821
MEASURE_ET_DC_RF_CF_S21_Ph_L1002,complex_nonmonotonic,n/a,1.1194,1/5,1/5,INCONCLUSIVE,Shape/direction agree in only 1/5 and 1/5 folds.,12.043224,17.550569
MEASURE_ET_RF_Modeling_Vp_01_W,complex_nonmonotonic,n/a,1.1177,1/5,1/5,INCONCLUSIVE,Shape/direction agree in only 1/5 and 1/5 folds.,-1.464509,-0.762937
MEASURE_ET_DC_SEC_X_Vp_1_mA_mm_second_SD3p5,U_shape,n/a,1.1153,1/5,1/5,INCONCLUSIVE,Shape/direction agree in only 1/5 and 1/5 folds.,-1.375778,-0.734621
MEASURE_ET_R114,complex_nonmonotonic,n/a,1.1139,0/5,0/5,INCONCLUSIVE,Shape/direction agree in only 0/5 and 0/5 folds.,85.233567,102.848063
TOPSIN_ET_R_f_tn_2,complex_nonmonotonic,n/a,1.1113,0/5,0/5,INCONCLUSIVE,Shape/direction agree in only 0/5 and 0/5 folds.,78.320925,92.316901
MEASURE_ET_RF_Modeling_R_Gd,complex_nonmonotonic,n/a,1.1069,0/5,0/5,INCONCLUSIVE,Shape/direction agree in only 0/5 and 0/5 folds.,57.595214,70.974303
MEASURE_ET_C500pf,complex_nonmonotonic,n/a,1.1044,1/5,1/5,INCONCLUSIVE,Shape/direction agree in only 1/5 and 1/5 folds.,40.760575,54.922485
MEASURE_ET_RF_Modeling_Gm,complex_nonmonotonic,n/a,1.1029,0/5,0/5,INCONCLUSIVE,Shape/direction agree in only 0/5 and 0/5 folds.,398.79504,668.591357
FIC_ET_G_per_2p75K,complex_nonmonotonic,n/a,1.1016,1/5,1/5,INCONCLUSIVE,Shape/direction agree in only 1/5 and 1/5 folds.,4.578439,15.259673
FIC_ET_Rc_OG142,threshold,negative,1.0981,0/5,0/5,INCONCLUSIVE,Shape/direction agree in only 0/5 and 0/5 folds.,0.10556,0.299184
MEASURE_ET_DC_RD_Vg_Vbon_max,U_shape,n/a,1.0978,0/5,0/5,INCONCLUSIVE,Shape/direction agree in only 0/5 and 0/5 folds.,51.944169,65.644494
FIC_ET_FC_lin_4,complex_nonmonotonic,n/a,1.097,0/5,0/5,INCONCLUSIVE,Shape/direction agree in only 0/5 and 0/5 folds.,56.151704,69.858225
MEASURE_ET_DC_SEC_Ids_max_ON,complex_nonmonotonic,n/a,1.0963,0/5,0/5,INCONCLUSIVE,Shape/direction agree in only 0/5 and 0/5 folds.,13.802053,25.801474
MEASURE_ET_RF_Modeling_Mag_m,complex_nonmonotonic,n/a,1.0934,1/5,1/5,INCONCLUSIVE,Shape/direction agree in only 1/5 and 1/5 folds.,12.137277,17.611884
MEASURE_ET_DC_RF2_MAG_35GHz,complex_nonmonotonic,n/a,1.0926,1/5,1/5,INCONCLUSIVE,Shape/direction agree in only 1/5 and 1/5 folds.,12.70366,18.601181
FIC_ET_DC_RF_Vdg_max_0p1,U_shape,n/a,1.0907,0/5,0/5,INCONCLUSIVE,Shape/direction agree in only 0/5 and 0/5 folds.,44.994267,57.767352
MEASURE_ET_TF_AB_3,complex_nonmonotonic,n/a,1.0886,0/5,0/5,INCONCLUSIVE,Shape/direction agree in only 0/5 and 0/5 folds.,91.909305,108.859832
MEASURE_ET_DC_SEC_X_Vp_1_mA_mm_second,complex_nonmonotonic,n/a,1.0877,0/5,0/5,INCONCLUSIVE,Shape/direction agree in only 0/5 and 0/5 folds.,-1.369559,-0.720174
FIC_ET_R_f_hr_1,complex_nonmonotonic,n/a,1.0853,0/5,0/5,INCONCLUSIVE,Shape/direction agree in only 0/5 and 0/5 folds.,42.574325,57.008609
THIN_ET_DC_RF_Vt_gs,U_shape,n/a,1.0851,1/5,1/5,INCONCLUSIVE,Shape/direction agree in only 1/5 and 1/5 folds.,48.31174,59.805794
TOPSIN_ET_Vg_Vds_max,inverted_U,n/a,1.0837,0/5,0/5,INCONCLUSIVE,Shape/direction agree in only 0/5 and 0/5 folds.,46.281295,59.766149
MEASURE_ET_Ids_m2,complex_nonmonotonic,n/a,1.0829,0/5,0/5,INCONCLUSIVE,Shape/direction agree in only 0/5 and 0/5 folds.,55.221578,69.518541
MEASURE_ET_DC_RF_Freq_cut_L1002,inverted_U,n/a,1.0808,0/5,0/5,INCONCLUSIVE,Shape/direction agree in only 0/5 and 0/5 folds.,52.052043,65.686327
TOPSIN_ET_DC_RF_Vt_gd,monotonic,positive,1.0775,1/5,1/5,INCONCLUSIVE,Shape/direction agree in only 1/5 and 1/5 folds.,52.229108,65.238788
MEASURE_ET_Load_Pull_PhL_set,complex_nonmonotonic,n/a,1.0745,1/5,1/5,INCONCLUSIVE,Shape/direction agree in only 1/5 and 1/5 folds.,23.332003,34.838744
MEASURE_ET_DC_SEC_Vboff_1,complex_nonmonotonic,n/a,1.073,1/5,1/5,INCONCLUSIVE,Shape/direction agree in only 1/5 and 1/5 folds.,37.782048,50.457396
MEASURE_ET_Load_Pull_Pin_Cut,monotonic,positive,1.0635,1/5,1/5,INCONCLUSIVE,Shape/direction agree in only 1/5 and 1/5 folds.,44.125675,56.303587
SIN_ET_DC_RF_n_gs,complex_nonmonotonic,n/a,1.0582,1/5,1/5,INCONCLUSIVE,Shape/direction agree in only 1/5 and 1/5 folds.,15.291676,26.024259
SIN_ET_DC_PIV_Idss_QP1,complex_nonmonotonic,n/a,1.0536,1/5,1/5,INCONCLUSIVE,Shape/direction agree in only 1/5 and 1/5 folds.,256.7275,470.974188
BRGM_ET_i5021_1,complex_nonmonotonic,n/a,1.052,1/5,1/5,INCONCLUSIVE,Shape/direction agree in only 1/5 and 1/5 folds.,386.515883,662.305333
ANODE_ET_Ran_con_2,threshold,n/a,1.0488,1/5,1/5,INCONCLUSIVE,Shape/direction agree in only 1/5 and 1/5 folds.,73.276754,88.275943
FIC_ET_sh_f_hr_23,U_shape,n/a,1.0406,0/5,0/5,INCONCLUSIVE,Shape/direction agree in only 0/5 and 0/5 folds.,79.841125,94.69458
MEASURE_ET_LT_SEC_Id_min_mA_mm_Vd8,complex_nonmonotonic,n/a,1.0368,0/5,0/5,INCONCLUSIVE,Shape/direction agree in only 0/5 and 0/5 folds.,2.387645,11.840171
MEASURE_ET_Cap_USV,inverted_U,n/a,1.035,0/5,0/5,INCONCLUSIVE,Shape/direction agree in only 0/5 and 0/5 folds.,0.498459,1.106436
GATE2_CD_310nm_Gate_Leg_Length,inverted_U,n/a,1.0306,0/5,0/5,INCONCLUSIVE,Shape/direction agree in only 0/5 and 0/5 folds.,0.289225,0.333253
MEASURE_ET_DC_RD_S21dB_18GHz,complex_nonmonotonic,n/a,1.0215,0/5,0/5,INCONCLUSIVE,Shape/direction agree in only 0/5 and 0/5 folds.,11.863867,18.13415
MEASURE_ET_Load_Pull_GL_meas,complex_nonmonotonic,n/a,1.021,1/5,1/5,INCONCLUSIVE,Shape/direction agree in only 1/5 and 1/5 folds.,50.619398,65.442215
TOPSIN_ET_R_f_tn_3,complex_nonmonotonic,n/a,1.0194,0/5,0/5,INCONCLUSIVE,Shape/direction agree in only 0/5 and 0/5 folds.,6.061238,17.217705
MEASURE_ET_DC_Diode_S21_dB_forw,complex_nonmonotonic,n/a,1.0168,0/5,0/5,INCONCLUSIVE,Shape/direction agree in only 0/5 and 0/5 folds.,12.212585,17.747623
SIN_ET_DC_RF_Vboff,complex_nonmonotonic,n/a,1.0094,0/5,0/5,INCONCLUSIVE,Shape/direction agree in only 0/5 and 0/5 folds.,75.957587,89.98734
FIN_CD2_CD_etch_FIN,complex_nonmonotonic,n/a,1.0092,0/5,0/5,INCONCLUSIVE,Shape/direction agree in only 0/5 and 0/5 folds.,0.926714,1.064652
TOPSIN_ET_Load_Pull_GL_set,monotonic,positive,1.0081,1/5,1/5,INCONCLUSIVE,Shape/direction agree in only 1/5 and 1/5 folds.,48.005549,62.289877
ANODE_CD_Anode_CD_litho,complex_nonmonotonic,n/a,1.0076,0/5,0/5,INCONCLUSIVE,Shape/direction agree in only 0/5 and 0/5 folds.,0.852182,0.978225
MEASURE_ET_DC_RF_S21dB_10GHz,U_shape,n/a,1.0064,0/5,0/5,INCONCLUSIVE,Shape/direction agree in only 0/5 and 0/5 folds.,11.973335,18.270636
MEASURE_ET_RF_Modeling_MAG_25G_After,complex_nonmonotonic,n/a,1.0062,1/5,1/5,INCONCLUSIVE,Shape/direction agree in only 1/5 and 1/5 folds.,12.343799,17.861463
TOPSIN_ET_Load_Pull_ID_comp_Last_mA,U_shape,n/a,1.006,0/5,0/5,INCONCLUSIVE,Shape/direction agree in only 0/5 and 0/5 folds.,54.621032,67.981864
SIN_GATE_ET_TR_1F,complex_nonmonotonic,n/a,1.0037,0/5,0/5,INCONCLUSIVE,Shape/direction agree in only 0/5 and 0/5 folds.,71.785153,87.291199
MEASURE_ET_DC_SEC_S_Vp_1_mA_mm_second_SD3p5,complex_nonmonotonic,n/a,1.0034,0/5,0/5,INCONCLUSIVE,Shape/direction agree in only 0/5 and 0/5 folds.,-1.489095,-0.719058
MEASURE_ET_DC_RD_Vbon_max,complex_nonmonotonic,n/a,0.9966,0/5,0/5,INCONCLUSIVE,Shape/direction agree in only 0/5 and 0/5 folds.,42.091916,54.296149
FIN_Etch_Soft_Bias,complex_nonmonotonic,n/a,0.9946,0/5,0/5,INCONCLUSIVE,Shape/direction agree in only 0/5 and 0/5 folds.,61.511321,91.684166
FIC_ET_Ig_mAmm_at_Vd_cond,inverted_U,n/a,0.9909,0/5,0/5,INCONCLUSIVE,Shape/direction agree in only 0/5 and 0/5 folds.,75.367119,90.978156
MEASURE_ET_C20,U_shape,n/a,0.9906,0/5,0/5,INCONCLUSIVE,Shape/direction agree in only 0/5 and 0/5 folds.,79.226755,96.437766
CHRE_CD_2_Channel_recess_CD_Etch,complex_nonmonotonic,n/a,0.9889,0/5,0/5,INCONCLUSIVE,Shape/direction agree in only 0/5 and 0/5 folds.,0.883776,1.051009
OHMIC_ET_Probe_Number,inverted_U,n/a,0.9859,1/5,1/5,INCONCLUSIVE,Shape/direction agree in only 1/5 and 1/5 folds.,0.968605,5.174159
BRGM_ET_Cap_C300,complex_nonmonotonic,n/a,0.9817,0/5,0/5,INCONCLUSIVE,Shape/direction agree in only 0/5 and 0/5 folds.,388.395342,684.778212
MEASURE_ET_Load_Pull_Vg,complex_nonmonotonic,n/a,0.9816,0/5,0/5,INCONCLUSIVE,Shape/direction agree in only 0/5 and 0/5 folds.,14.708618,25.729684
MEASURE_ET_DC_SEC_S_Ron_FPSD3p2,complex_nonmonotonic,n/a,0.9769,1/5,1/5,INCONCLUSIVE,Shape/direction agree in only 1/5 and 1/5 folds.,1.368522,12.737569
MEASURE_ET_RF_Modeling_Mag_i,complex_nonmonotonic,n/a,0.9735,0/5,0/5,INCONCLUSIVE,Shape/direction agree in only 0/5 and 0/5 folds.,12.647607,17.235276
MEASURE_ET_DC_SEC_X_Vg_at_I2_pos,U_shape,n/a,0.9694,0/5,0/5,INCONCLUSIVE,Shape/direction agree in only 0/5 and 0/5 folds.,2.613715,13.016033
FIC_ET_DC_RF_Vg_optt1,complex_nonmonotonic,n/a,0.9678,0/5,0/5,INCONCLUSIVE,Shape/direction agree in only 0/5 and 0/5 folds.,20.706455,32.756159
MEASURE_ET_DC_SEC_Vds_max_ON,complex_nonmonotonic,n/a,0.9662,0/5,0/5,INCONCLUSIVE,Shape/direction agree in only 0/5 and 0/5 folds.,40.872123,53.532896
EBCR2_CD_Gate_Leg_Length,complex_nonmonotonic,n/a,0.9653,1/5,1/5,INCONCLUSIVE,Shape/direction agree in only 1/5 and 1/5 folds.,0.143216,0.366201
MEASURE_ET_DC_RF_Vg_optt,complex_nonmonotonic,n/a,0.9648,0/5,0/5,INCONCLUSIVE,Shape/direction agree in only 0/5 and 0/5 folds.,45.249881,57.384005
MEASURE_ET_Load_Pull_Id_ord,complex_nonmonotonic,n/a,0.9597,1/5,1/5,INCONCLUSIVE,Shape/direction agree in only 1/5 and 1/5 folds.,91.458522,106.510762
MEASURE_ET_DC_SEC_Vgs_1V,inverted_U,n/a,0.9589,0/5,0/5,INCONCLUSIVE,Shape/direction agree in only 0/5 and 0/5 folds.,14.397921,27.556968
MEASURE_ET_Rsh_cat_c2_OW_ST,complex_nonmonotonic,n/a,0.9582,1/5,1/5,INCONCLUSIVE,Shape/direction agree in only 1/5 and 1/5 folds.,98.051402,132.99068
TOPSIN_ET_DC_SMALL_n_gs,complex_nonmonotonic,n/a,0.956,1/5,1/5,INCONCLUSIVE,Shape/direction agree in only 1/5 and 1/5 folds.,33.436935,48.989332
TOPSIN_ET_DC_RF_Vds_max_0p1,flat,n/a,0.9495,2/5,2/5,INCONCLUSIVE,Main-split shape is 'flat' -- no stable evidence.,79.413439,94.782433
THIN_ET_i5021_2,complex_nonmonotonic,n/a,0.9473,1/5,1/5,INCONCLUSIVE,Shape/direction agree in only 1/5 and 1/5 folds.,15.26031,26.253485
THIN_ET_Ran_con_1_OW_CR,complex_nonmonotonic,n/a,0.9443,0/5,0/5,INCONCLUSIVE,Shape/direction agree in only 0/5 and 0/5 folds.,18.226268,29.320136
GATE2_Ali_Litho_Gate_to_recess_alignment,complex_nonmonotonic,n/a,0.9409,0/5,0/5,INCONCLUSIVE,Shape/direction agree in only 0/5 and 0/5 folds.,-0.049863,0.061271
MEASURE_ET_DC_PIV_Ids0_QP3,complex_nonmonotonic,n/a,0.9371,0/5,0/5,INCONCLUSIVE,Shape/direction agree in only 0/5 and 0/5 folds.,20.923581,31.80325
MEASURE_ET_DC_SEC_S_Ig_cut1_mAmm_pos_SD3p5,complex_nonmonotonic,n/a,0.9325,0/5,0/5,INCONCLUSIVE,Shape/direction agree in only 0/5 and 0/5 folds.,70.364545,87.210969
MEASURE_ET_R_4000_HOR,complex_nonmonotonic,n/a,0.9323,1/5,1/5,INCONCLUSIVE,Shape/direction agree in only 1/5 and 1/5 folds.,22.788037,36.102766
MEASURE_ET_RF_Modeling_Vp_1_W,complex_nonmonotonic,n/a,0.9291,1/5,1/5,INCONCLUSIVE,Shape/direction agree in only 1/5 and 1/5 folds.,-1.433717,-0.781753
TOPSIN_ET_sh_f_hr_23,complex_nonmonotonic,n/a,0.9274,0/5,0/5,INCONCLUSIVE,Shape/direction agree in only 0/5 and 0/5 folds.,51.598654,64.401921
MEASURE_ET_Load_Pull_Id_SS,monotonic,positive,0.9225,0/5,1/5,INCONCLUSIVE,Shape/direction agree in only 0/5 and 1/5 folds.,78.390375,92.584688
MEASURE_ET_Cap_C300M1B,complex_nonmonotonic,n/a,0.9213,0/5,0/5,INCONCLUSIVE,Shape/direction agree in only 0/5 and 0/5 folds.,0.533323,1.079862
TOPSIN_ET_R214,complex_nonmonotonic,n/a,0.9172,0/5,0/5,INCONCLUSIVE,Shape/direction agree in only 0/5 and 0/5 folds.,67.391969,80.555358
MEASURE_ET_DC_SEC_S_Vg_at_I1_pos_FPSD3p2,complex_nonmonotonic,n/a,0.9135,0/5,0/5,INCONCLUSIVE,Shape/direction agree in only 0/5 and 0/5 folds.,14.237087,24.387252
MEASURE_ET_DC_SMALL_Vt_gd,complex_nonmonotonic,n/a,0.9104,0/5,0/5,INCONCLUSIVE,Shape/direction agree in only 0/5 and 0/5 folds.,40.867835,54.241499
SIN_GATE_ET_R414,complex_nonmonotonic,n/a,0.9049,0/5,0/5,INCONCLUSIVE,Shape/direction agree in only 0/5 and 0/5 folds.,89.027012,105.891419
ANODE_ET_Ran_con_3_OW_CR,complex_nonmonotonic,n/a,0.9047,1/5,1/5,INCONCLUSIVE,Shape/direction agree in only 1/5 and 1/5 folds.,47.068027,59.939035
ABVIA_CD_AB_VIA_litho,complex_nonmonotonic,n/a,0.9007,1/5,1/5,INCONCLUSIVE,Shape/direction agree in only 1/5 and 1/5 folds.,0.858143,0.977435
BFIC_Height_FIC_metal_thickness,U_shape,n/a,0.8932,0/5,0/5,INCONCLUSIVE,Shape/direction agree in only 0/5 and 0/5 folds.,1.862967,2.547206
MEASURE_ET_RF_Modeling_Delta_MAG_25G,complex_nonmonotonic,n/a,0.8814,1/5,1/5,INCONCLUSIVE,Shape/direction agree in only 1/5 and 1/5 folds.,12.323312,17.720359
MEASURE_ET_DC_RF_CF_S12_Ph_L1002,complex_nonmonotonic,n/a,0.8793,0/5,0/5,INCONCLUSIVE,Shape/direction agree in only 0/5 and 0/5 folds.,-32.352571,-16.120531
MEASURE_ET_DC_RD_Vboff,complex_nonmonotonic,n/a,0.8684,0/5,0/5,INCONCLUSIVE,Shape/direction agree in only 0/5 and 0/5 folds.,35.633685,48.009119
FIC_ET_DC_RF_Vds_max_0p1,complex_nonmonotonic,n/a,0.8682,0/5,0/5,INCONCLUSIVE,Shape/direction agree in only 0/5 and 0/5 folds.,25.083178,37.871578
MEASURE_ET_RF_Modeling_Ft_ext,complex_nonmonotonic,n/a,0.8659,0/5,0/5,INCONCLUSIVE,Shape/direction agree in only 0/5 and 0/5 folds.,17.028254,29.987953
MEASURE_ET_RF_Modeling_MAG_25G_Before,complex_nonmonotonic,n/a,0.863,1/5,1/5,INCONCLUSIVE,Shape/direction agree in only 1/5 and 1/5 folds.,11.753773,17.511229
ANODE_ET_Ran_con_2_OW_CR,monotonic,positive,0.8624,0/5,1/5,INCONCLUSIVE,Shape/direction agree in only 0/5 and 1/5 folds.,26.033247,37.426864
GATE2_CD_330nm_Gate_Win_Length,complex_nonmonotonic,n/a,0.853,0/5,0/5,INCONCLUSIVE,Shape/direction agree in only 0/5 and 0/5 folds.,0.505498,0.590639
THIN_ET_Rsh_an_ct2_OW_CR,inverted_U,n/a,0.8524,0/5,0/5,INCONCLUSIVE,Shape/direction agree in only 0/5 and 0/5 folds.,100.966616,134.675243
METAL1_Height_Metal1_metal_thickness,complex_nonmonotonic,n/a,0.8512,1/5,1/5,INCONCLUSIVE,Shape/direction agree in only 1/5 and 1/5 folds.,1.788247,2.598166
MEASURE_ET_DC_RD_S22dB_18GHz,complex_nonmonotonic,n/a,0.8344,1/5,1/5,INCONCLUSIVE,Shape/direction agree in only 1/5 and 1/5 folds.,-17.548334,-5.697102
MEASURE_ET_DC_SEC_S_Vg_at_I2_pos_SD3p5,complex_nonmonotonic,n/a,0.8303,1/5,1/5,INCONCLUSIVE,Shape/direction agree in only 1/5 and 1/5 folds.,88.49325,104.376334
MEASURE_ET_DC_SEC_X_Ig_mAmm_at_Vg_cond_pos,complex_nonmonotonic,n/a,0.8275,0/5,0/5,INCONCLUSIVE,Shape/direction agree in only 0/5 and 0/5 folds.,44.909318,55.760263
WIN_WIN_Alignment_WIN_to_FIN_Alignment,complex_nonmonotonic,n/a,0.8253,1/5,1/5,INCONCLUSIVE,Shape/direction agree in only 1/5 and 1/5 folds.,-0.056868,0.055866
MEASURE_ET_DC_SEC_X_ChipStatus,flat,n/a,0.8187,2/5,2/5,INCONCLUSIVE,Main-split shape is 'flat' -- no stable evidence.,64.995343,80.84294
TOPSIN_ET_Load_Pull_Pin_Last,monotonic,positive,0.8186,0/5,1/5,INCONCLUSIVE,Shape/direction agree in only 0/5 and 1/5 folds.,22.315978,34.407524
MEASURE_ET_DC_RF_CF_S21_Ph_L1018,complex_nonmonotonic,n/a,0.8105,0/5,0/5,INCONCLUSIVE,Shape/direction agree in only 0/5 and 0/5 folds.,12.34911,17.751047
THIN_ET_R_660_VER,complex_nonmonotonic,n/a,0.7927,0/5,0/5,INCONCLUSIVE,Shape/direction agree in only 0/5 and 0/5 folds.,63.226139,76.694931
MEASURE_ET_DC_RF_Vp_1,complex_nonmonotonic,n/a,0.7921,1/5,1/5,INCONCLUSIVE,Shape/direction agree in only 1/5 and 1/5 folds.,-1.42731,-0.735704
MEASURE_ET_DC_RF_CF_S12_Ph_L2180,complex_nonmonotonic,n/a,0.7918,0/5,0/5,INCONCLUSIVE,Shape/direction agree in only 0/5 and 0/5 folds.,-31.94317,-16.351398
MEASURE_ET_DC_RF_CF_S21_Mag_L1002,complex_nonmonotonic,n/a,0.7913,1/5,1/5,INCONCLUSIVE,Shape/direction agree in only 1/5 and 1/5 folds.,12.649814,18.154811
MEASURE_ET_LT_SEC_Vg_Id_min_Vd7,flat,n/a,0.7828,1/5,1/5,INCONCLUSIVE,Main-split shape is 'flat' -- no stable evidence.,76.444424,91.564454
SIN_GATE_ET_sh_GA142_GN,flat,n/a,0.7653,1/5,1/5,INCONCLUSIVE,Main-split shape is 'flat' -- no stable evidence.,53.922815,66.688376
SIN_ThicknessGN2_SiN_Thickness,flat,n/a,0.7646,1/5,1/5,INCONCLUSIVE,Main-split shape is 'flat' -- no stable evidence.,0.129159,0.168732
TOPSIN_ET_DC_RF_Vdg_max,complex_nonmonotonic,n/a,0.7607,1/5,1/5,INCONCLUSIVE,Shape/direction agree in only 1/5 and 1/5 folds.,30.116673,41.757004
MEASURE_ET_DC_SEC_S_Id_plus_Ig_at_Vboff_mA_mm,complex_nonmonotonic,n/a,0.7602,1/5,1/5,INCONCLUSIVE,Shape/direction agree in only 1/5 and 1/5 folds.,48.789823,62.013161
BRIDGE_METAL_CD_BRGM_Final_metal_CD,complex_nonmonotonic,n/a,0.7601,0/5,0/5,INCONCLUSIVE,Shape/direction agree in only 0/5 and 0/5 folds.,0.795527,0.922839
TOPSIN_ET_DC_PIV_Ids0_QP2,complex_nonmonotonic,n/a,0.7348,0/5,0/5,INCONCLUSIVE,Shape/direction agree in only 0/5 and 0/5 folds.,43.950277,57.721457
CHRE_CD_Channel_recess_CD,complex_nonmonotonic,n/a,0.7176,1/5,1/5,INCONCLUSIVE,Shape/direction agree in only 1/5 and 1/5 folds.,0.918919,1.057335
SIN_Thickness2_RefractiveIndex,threshold,negative,0.704,1/5,1/5,INCONCLUSIVE,Shape/direction agree in only 1/5 and 1/5 folds.,1.861108,2.052519
MEASURE_ET_DC_RF_Min_S21_Mag_L2180,complex_nonmonotonic,n/a,0.6992,0/5,0/5,INCONCLUSIVE,Shape/direction agree in only 0/5 and 0/5 folds.,12.639356,18.450271
MEASURE_ET_DC_SEC_X_Vg_at_I2_pos_SD3p5,complex_nonmonotonic,n/a,0.6984,0/5,0/5,INCONCLUSIVE,Shape/direction agree in only 0/5 and 0/5 folds.,40.032602,51.391484
MEASURE_ET_DC_Big_K,complex_nonmonotonic,n/a,0.6881,1/5,1/5,INCONCLUSIVE,Shape/direction agree in only 1/5 and 1/5 folds.,68.376146,85.385772
MEASURE_ET_DC_SEC_X_Id_mA_mm_at_Vg2,inverted_U,n/a,0.6813,0/5,0/5,INCONCLUSIVE,Shape/direction agree in only 0/5 and 0/5 folds.,57.603274,68.329371
MEASURE_ET_DC_SEC_X_Ig_cut3_mAmm_neg_SD3p5,complex_nonmonotonic,n/a,0.6707,0/5,0/5,INCONCLUSIVE,Shape/direction agree in only 0/5 and 0/5 folds.,69.520499,85.111282
MEASURE_ET_Load_Pull_Pin_Last,complex_nonmonotonic,n/a,0.6048,1/5,1/5,INCONCLUSIVE,Shape/direction agree in only 1/5 and 1/5 folds.,56.432192,73.187082
TOPSIN_ET_DC_PIV_Ids0_QP1,complex_nonmonotonic,n/a,0.6014,0/5,0/5,INCONCLUSIVE,Shape/direction agree in only 0/5 and 0/5 folds.,80.580313,97.359763
FP2_Height1_FP2_Height1,complex_nonmonotonic,n/a,0.5946,1/5,1/5,INCONCLUSIVE,Shape/direction agree in only 1/5 and 1/5 folds.,72.392803,94.165292
THIN_ET_Rsh_cat_c2_OW_ST,complex_nonmonotonic,n/a,0.5803,0/5,0/5,INCONCLUSIVE,Shape/direction agree in only 0/5 and 0/5 folds.,103.608202,134.290725
MEASURE_ET_DC_SEC_X_Id_mA_mm_at_Vg2_FPSD3p2,threshold,n/a,0.5784,1/5,1/5,INCONCLUSIVE,Shape/direction agree in only 1/5 and 1/5 folds.,24.740876,34.397205
MEASURE_ET_OHMC,threshold,positive,0.5768,1/5,0/5,INCONCLUSIVE,Shape/direction agree in only 1/5 and 0/5 folds.,91.239711,107.871136
MEASURE_ET_LT_SEC_Vd_Id_min_Vd3,U_shape,n/a,0.5678,0/5,0/5,INCONCLUSIVE,Shape/direction agree in only 0/5 and 0/5 folds.,54.42099,67.559693
MEASURE_ET_Ran_con_3,flat,n/a,0.5677,2/5,2/5,INCONCLUSIVE,Main-split shape is 'flat' -- no stable evidence.,86.9192,103.780246
TOPSIN_ET_G_per_6K,flat,n/a,0.5611,2/5,2/5,INCONCLUSIVE,Main-split shape is 'flat' -- no stable evidence.,89.130438,103.124323
TFRP_ET_Probe_Number,threshold,n/a,0.5555,1/5,1/5,INCONCLUSIVE,Shape/direction agree in only 1/5 and 1/5 folds.,0.963254,5.164185
MEASURE_ET_Vbkdn_C385pf,complex_nonmonotonic,n/a,0.5515,1/5,1/5,INCONCLUSIVE,Shape/direction agree in only 1/5 and 1/5 folds.,54.147469,69.035043
MEASURE_ET_DC_SEC_S_Vboff_Id_FPSD3p2,flat,n/a,0.5287,1/5,1/5,INCONCLUSIVE,Main-split shape is 'flat' -- no stable evidence.,37.040573,48.241276
BRGM_ET_C300_0,complex_nonmonotonic,n/a,0.4706,1/5,1/5,INCONCLUSIVE,Shape/direction agree in only 1/5 and 1/5 folds.,379.928677,667.495295
FIC_ET_DC_RF_Vdg_max,flat,n/a,0.4445,2/5,2/5,INCONCLUSIVE,Main-split shape is 'flat' -- no stable evidence.,54.990319,67.943971
SIN_CAPACITOR_ThicknessGN1_RefractiveIndex,flat,n/a,0.4329,2/5,2/5,INCONCLUSIVE,Main-split shape is 'flat' -- no stable evidence.,1.865533,2.02664
SIN_GATE_ET_RGAN3,flat,n/a,0.4034,2/5,2/5,INCONCLUSIVE,Main-split shape is 'flat' -- no stable evidence.,78.937496,93.65187
GATE2_CD_358nm_Gate_Leg_Length,flat,n/a,0.3432,2/5,2/5,INCONCLUSIVE,Main-split shape is 'flat' -- no stable evidence.,0.333513,0.385375
GATE2_CD_HPA_CB_Gate_Win_Length,flat,n/a,0.3165,1/5,1/5,INCONCLUSIVE,Main-split shape is 'flat' -- no stable evidence.,0.516481,0.590913
OHMIC_CD_Ohmic_CD_litho,flat,n/a,0.3089,1/5,1/5,INCONCLUSIVE,Main-split shape is 'flat' -- no stable evidence.,0.923169,1.052396
MEASURE_ET_C_AN_2,flat,n/a,0.28,2/5,2/5,INCONCLUSIVE,Main-split shape is 'flat' -- no stable evidence.,80.116085,93.683863
EBCR2_CD_2_EBCR_cd_etch,flat,n/a,0.2707,3/5,3/5,INCONCLUSIVE,Main-split shape is 'flat' -- no stable evidence.,0.820804,0.959534
