parameter_A,parameter_B,channels,additive_cv_rmse,joint_cv_rmse,interaction_rmse_improvement_pct,additive_cv_r2,joint_cv_r2,interaction_incremental_r2,shap_interaction_strength,h_statistic_strength,fold_reproducibility,high_yield_region,low_yield_region,conditional_effect_description,evidence_label,reason
TOPSIN_ET_C100CapUSV,TOPSIN_ET_lkg_CapFICM1,A_top_score2_nonadditivity+E_weak_marginal_strong_conditional,2.0849,1.7181,17.594,0.1423,0.4133,0.271,2e-05,0.0081,5/5,"TOPSIN_ET_C100CapUSV in [-inf, 0.6985] AND TOPSIN_ET_lkg_CapFICM1 in [0.06414, 0.0964]","TOPSIN_ET_C100CapUSV in [-inf, 0.6985] AND TOPSIN_ET_lkg_CapFICM1 in [0.1347, +inf]","Effect of TOPSIN_ET_C100CapUSV (low->high) on Yield: when TOPSIN_ET_lkg_CapFICM1 is low = -0.261 pt, medium = -2.094 pt, high = +2.196 pt. The effect of TOPSIN_ET_C100CapUSV is largest when TOPSIN_ET_lkg_CapFICM1 is high (an increase of 2.196 pt) and smallest when TOPSIN_ET_lkg_CapFICM1 is low (0.261 pt).",STRONG,"Joint model beat additive in 5/5 folds (unanimous), incremental R^2=0.2710."
MEASURE_ET_C100USV_Cappf,TOPSIN_ET_lkg_CapFICM1,A_top_score2_nonadditivity+E_weak_marginal_strong_conditional,2.0674,1.7166,16.965,0.1575,0.4159,0.2584,0.0,0.0067,5/5,"MEASURE_ET_C100USV_Cappf in [-inf, 0.6984] AND TOPSIN_ET_lkg_CapFICM1 in [0.06414, 0.0964]","MEASURE_ET_C100USV_Cappf in [-inf, 0.6984] AND TOPSIN_ET_lkg_CapFICM1 in [0.1347, +inf]","Effect of MEASURE_ET_C100USV_Cappf (low->high) on Yield: when TOPSIN_ET_lkg_CapFICM1 is low = -0.539 pt, medium = -2.244 pt, high = +2.334 pt. The effect of MEASURE_ET_C100USV_Cappf is largest when TOPSIN_ET_lkg_CapFICM1 is high (an increase of 2.334 pt) and smallest when TOPSIN_ET_lkg_CapFICM1 is low (0.539 pt).",STRONG,"Joint model beat additive in 5/5 folds (unanimous), incremental R^2=0.2584."
MEASURE_ET_C300pf,TOPSIN_ET_lkg_CapFICM1,A_top_score2_nonadditivity+E_weak_marginal_strong_conditional,2.0669,1.721,16.734,0.155,0.4069,0.252,0.0,0.0,5/5,"MEASURE_ET_C300pf in [-inf, 0.7164] AND TOPSIN_ET_lkg_CapFICM1 in [0.06414, 0.0964]","MEASURE_ET_C300pf in [-inf, 0.7164] AND TOPSIN_ET_lkg_CapFICM1 in [0.1347, +inf]","Effect of MEASURE_ET_C300pf (low->high) on Yield: when TOPSIN_ET_lkg_CapFICM1 is low = -0.359 pt, medium = -2.284 pt, high = +2.878 pt. The effect of MEASURE_ET_C300pf is largest when TOPSIN_ET_lkg_CapFICM1 is high (an increase of 2.878 pt) and smallest when TOPSIN_ET_lkg_CapFICM1 is low (0.359 pt).",STRONG,"Joint model beat additive in 5/5 folds (unanimous), incremental R^2=0.2520."
TOPSIN_ET_CapFICM1,TOPSIN_ET_lkg_CapFICM1,A_top_score2_nonadditivity,2.0212,1.6811,16.826,0.1907,0.4335,0.2428,0.0,0.0,5/5,"TOPSIN_ET_CapFICM1 in [0.7636, 0.8287] AND TOPSIN_ET_lkg_CapFICM1 in [-inf, 0.04576]","TOPSIN_ET_CapFICM1 in [-inf, 0.702] AND TOPSIN_ET_lkg_CapFICM1 in [0.1347, +inf]","Effect of TOPSIN_ET_CapFICM1 (low->high) on Yield: when TOPSIN_ET_lkg_CapFICM1 is low = -0.035 pt, medium = -2.119 pt, high = +1.630 pt. The effect of TOPSIN_ET_CapFICM1 is largest when TOPSIN_ET_lkg_CapFICM1 is medium (a decrease of 2.119 pt) and smallest when TOPSIN_ET_lkg_CapFICM1 is low (0.035 pt).",STRONG,"Joint model beat additive in 5/5 folds (unanimous), incremental R^2=0.2428."
TOPSIN_ET_CapFICM1,TOPSIN_ET_Load_Pull_Id_ini,A_top_score2_nonadditivity,2.2163,1.9135,13.662,0.0235,0.2643,0.2408,0.0,0.0,5/5,"TOPSIN_ET_CapFICM1 in [0.7636, 0.8287] AND TOPSIN_ET_Load_Pull_Id_ini in [23.48, +inf]","TOPSIN_ET_CapFICM1 in [-inf, 0.702] AND TOPSIN_ET_Load_Pull_Id_ini in [-inf, 20.24]","Effect of TOPSIN_ET_CapFICM1 (low->high) on Yield: when TOPSIN_ET_Load_Pull_Id_ini is low = +1.625 pt, medium = +0.751 pt, high = -3.102 pt. The effect of TOPSIN_ET_CapFICM1 is largest when TOPSIN_ET_Load_Pull_Id_ini is high (a decrease of 3.102 pt) and smallest when TOPSIN_ET_Load_Pull_Id_ini is medium (0.751 pt).",STRONG,"Joint model beat additive in 5/5 folds (unanimous), incremental R^2=0.2408."
THIN_ET_TF_AB_2,THIN_ET_lkg_5,A_top_score2_nonadditivity,2.1098,1.8094,14.237,0.1147,0.3551,0.2404,0.00021,0.0214,5/5,"THIN_ET_TF_AB_2 in [4.837, +inf] AND THIN_ET_lkg_5 in [0.08601, 0.1182]","THIN_ET_TF_AB_2 in [4.837, +inf] AND THIN_ET_lkg_5 in [0.1182, +inf]","Effect of THIN_ET_TF_AB_2 (low->high) on Yield: when THIN_ET_lkg_5 is low = -1.229 pt, medium = +1.505 pt, high = -0.627 pt. The effect of THIN_ET_TF_AB_2 is largest when THIN_ET_lkg_5 is medium (an increase of 1.505 pt) and smallest when THIN_ET_lkg_5 is high (0.627 pt).",STRONG,"Joint model beat additive in 5/5 folds (unanimous), incremental R^2=0.2404."
MEASURE_ET_Cap2pf,MEASURE_ET_DC_RF_Max_S11_Ph_L2180,A_top_score2_nonadditivity,2.2319,1.9306,13.502,0.0161,0.2543,0.2383,0.0,0.0,5/5,"MEASURE_ET_Cap2pf in [-inf, 0.7052] AND MEASURE_ET_DC_RF_Max_S11_Ph_L2180 in [-13.28, -12.09]","MEASURE_ET_Cap2pf in [-inf, 0.7052] AND MEASURE_ET_DC_RF_Max_S11_Ph_L2180 in [-10.36, +inf]","Effect of MEASURE_ET_Cap2pf (low->high) on Yield: when MEASURE_ET_DC_RF_Max_S11_Ph_L2180 is low = -0.916 pt, medium = -0.469 pt, high = +2.334 pt. The effect of MEASURE_ET_Cap2pf is largest when MEASURE_ET_DC_RF_Max_S11_Ph_L2180 is high (an increase of 2.334 pt) and smallest when MEASURE_ET_DC_RF_Max_S11_Ph_L2180 is medium (0.469 pt).",STRONG,"Joint model beat additive in 5/5 folds (unanimous), incremental R^2=0.2383."
THIN_ET_TF_AB_2,MEASURE_ET_LT_SEC_Ileak_m7V_mA_mm,A_top_score2_nonadditivity+E_weak_marginal_strong_conditional,2.1109,1.8105,14.231,0.1166,0.3524,0.2358,0.0,0.0,5/5,"THIN_ET_TF_AB_2 in [3.421, 4.837] AND MEASURE_ET_LT_SEC_Ileak_m7V_mA_mm in [0.06096, 0.08692]","THIN_ET_TF_AB_2 in [4.837, +inf] AND MEASURE_ET_LT_SEC_Ileak_m7V_mA_mm in [0.138, +inf]","Effect of THIN_ET_TF_AB_2 (low->high) on Yield: when MEASURE_ET_LT_SEC_Ileak_m7V_mA_mm is low = -0.120 pt, medium = +1.219 pt, high = -1.158 pt. The effect of THIN_ET_TF_AB_2 is largest when MEASURE_ET_LT_SEC_Ileak_m7V_mA_mm is medium (an increase of 1.219 pt) and smallest when MEASURE_ET_LT_SEC_Ileak_m7V_mA_mm is low (0.120 pt).",STRONG,"Joint model beat additive in 5/5 folds (unanimous), incremental R^2=0.2358."
THIN_ET_lkg_100_at20V,TOPSIN_ET_lkg_Cap3,A_top_score2_nonadditivity+E_weak_marginal_strong_conditional,2.1154,1.8335,13.323,0.0942,0.3241,0.2299,5e-05,0.0085,5/5,"THIN_ET_lkg_100_at20V in [0.08743, 0.1194] AND TOPSIN_ET_lkg_Cap3 in [0.04768, 0.06504]","THIN_ET_lkg_100_at20V in [0.1194, +inf] AND TOPSIN_ET_lkg_Cap3 in [0.1266, +inf]","Effect of THIN_ET_lkg_100_at20V (low->high) on Yield: when TOPSIN_ET_lkg_Cap3 is low = +0.504 pt, medium = -0.619 pt, high = -2.353 pt. The effect of THIN_ET_lkg_100_at20V is largest when TOPSIN_ET_lkg_Cap3 is high (a decrease of 2.353 pt) and smallest when TOPSIN_ET_lkg_Cap3 is low (0.504 pt).",STRONG,"Joint model beat additive in 5/5 folds (unanimous), incremental R^2=0.2299."
THIN_ET_TF_AB_2,TOPSIN_ET_lkg_SY07_10,A_top_score2_nonadditivity,2.0206,1.7151,15.119,0.1811,0.4088,0.2277,0.0,0.0,5/5,"THIN_ET_TF_AB_2 in [1.653, 2.612] AND TOPSIN_ET_lkg_SY07_10 in [0.04465, 0.06229]","THIN_ET_TF_AB_2 in [4.837, +inf] AND TOPSIN_ET_lkg_SY07_10 in [0.1283, +inf]","Effect of THIN_ET_TF_AB_2 (low->high) on Yield: when TOPSIN_ET_lkg_SY07_10 is low = -0.901 pt, medium = +0.927 pt, high = -1.424 pt. The effect of THIN_ET_TF_AB_2 is largest when TOPSIN_ET_lkg_SY07_10 is high (a decrease of 1.424 pt) and smallest when TOPSIN_ET_lkg_SY07_10 is low (0.901 pt).",STRONG,"Joint model beat additive in 5/5 folds (unanimous), incremental R^2=0.2277."
TOPSIN_ET_lkg_Cap3,MEASURE_ET_C300FB_0,A_top_score2_nonadditivity+E_weak_marginal_strong_conditional,2.124,1.8231,14.167,0.1116,0.337,0.2254,5e-05,0.0168,5/5,"TOPSIN_ET_lkg_Cap3 in [-inf, 0.04768] AND MEASURE_ET_C300FB_0 in [0.7749, 0.8234]","TOPSIN_ET_lkg_Cap3 in [0.1266, +inf] AND MEASURE_ET_C300FB_0 in [-inf, 0.7124]","Effect of TOPSIN_ET_lkg_Cap3 (low->high) on Yield: when MEASURE_ET_C300FB_0 is low = -3.627 pt, medium = -1.643 pt, high = -0.967 pt. The effect of TOPSIN_ET_lkg_Cap3 is largest when MEASURE_ET_C300FB_0 is low (a decrease of 3.627 pt) and smallest when MEASURE_ET_C300FB_0 is high (0.967 pt).",STRONG,"Joint model beat additive in 5/5 folds (unanimous), incremental R^2=0.2254."
THIN_ET_lkg_100_at20V,TOPSIN_ET_lkg_SY8_80,A_top_score2_nonadditivity+E_weak_marginal_strong_conditional,2.1497,1.9003,11.602,0.0462,0.27,0.2238,4e-05,0.0026,5/5,"THIN_ET_lkg_100_at20V in [0.04549, 0.06038] AND TOPSIN_ET_lkg_SY8_80 in [0.08793, 0.1345]","THIN_ET_lkg_100_at20V in [0.1194, +inf] AND TOPSIN_ET_lkg_SY8_80 in [0.1345, +inf]","Effect of THIN_ET_lkg_100_at20V (low->high) on Yield: when TOPSIN_ET_lkg_SY8_80 is low = -1.414 pt, medium = -1.266 pt, high = -2.238 pt. The effect of THIN_ET_lkg_100_at20V is largest when TOPSIN_ET_lkg_SY8_80 is high (a decrease of 2.238 pt) and smallest when TOPSIN_ET_lkg_SY8_80 is medium (1.266 pt).",STRONG,"Joint model beat additive in 5/5 folds (unanimous), incremental R^2=0.2238."
THIN_ET_lkg_100_at20V,MEASURE_ET_LT_SEC_Ileak_m5p5V_mA_mm,A_top_score2_nonadditivity,2.1442,1.9065,11.088,0.0512,0.2686,0.2175,0.0,0.0,5/5,"THIN_ET_lkg_100_at20V in [0.06038, 0.08743] AND MEASURE_ET_LT_SEC_Ileak_m5p5V_mA_mm in [-inf, 0.04492]","THIN_ET_lkg_100_at20V in [0.1194, +inf] AND MEASURE_ET_LT_SEC_Ileak_m5p5V_mA_mm in [0.1347, +inf]","Effect of THIN_ET_lkg_100_at20V (low->high) on Yield: when MEASURE_ET_LT_SEC_Ileak_m5p5V_mA_mm is low = -1.117 pt, medium = -0.999 pt, high = -2.447 pt. The effect of THIN_ET_lkg_100_at20V is largest when MEASURE_ET_LT_SEC_Ileak_m5p5V_mA_mm is high (a decrease of 2.447 pt) and smallest when MEASURE_ET_LT_SEC_Ileak_m5p5V_mA_mm is medium (0.999 pt).",STRONG,"Joint model beat additive in 5/5 folds (unanimous), incremental R^2=0.2175."
TOPSIN_ET_CapFICM1_0,TOPSIN_ET_lkg_CapFICM1,A_top_score2_nonadditivity+E_weak_marginal_strong_conditional,2.0674,1.7778,14.009,0.1556,0.3712,0.2156,0.0,0.0,5/5,"TOPSIN_ET_CapFICM1_0 in [-inf, 0.6929] AND TOPSIN_ET_lkg_CapFICM1 in [0.06414, 0.0964]","TOPSIN_ET_CapFICM1_0 in [-inf, 0.6929] AND TOPSIN_ET_lkg_CapFICM1 in [0.1347, +inf]","Effect of TOPSIN_ET_CapFICM1_0 (low->high) on Yield: when TOPSIN_ET_lkg_CapFICM1 is low = -0.250 pt, medium = -2.167 pt, high = +1.557 pt. The effect of TOPSIN_ET_CapFICM1_0 is largest when TOPSIN_ET_lkg_CapFICM1 is medium (a decrease of 2.167 pt) and smallest when TOPSIN_ET_lkg_CapFICM1 is low (0.250 pt).",STRONG,"Joint model beat additive in 5/5 folds (unanimous), incremental R^2=0.2156."
SIN_CAPACITOR_ThicknessGN1_SiN_Thickness,TOPSIN_ET_Load_Pull_Id_ini,A_top_score2_nonadditivity+E_weak_marginal_strong_conditional,2.2523,1.9937,11.481,-0.0043,0.2033,0.2076,0.0,0.0004,5/5,"SIN_CAPACITOR_ThicknessGN1_SiN_Thickness in [-inf, 0.1443] AND TOPSIN_ET_Load_Pull_Id_ini in [22.29, 23.48]","SIN_CAPACITOR_ThicknessGN1_SiN_Thickness in [-inf, 0.1443] AND TOPSIN_ET_Load_Pull_Id_ini in [-inf, 20.24]","Effect of SIN_CAPACITOR_ThicknessGN1_SiN_Thickness (low->high) on Yield: when TOPSIN_ET_Load_Pull_Id_ini is low = +1.757 pt, medium = +0.193 pt, high = -3.060 pt. The effect of SIN_CAPACITOR_ThicknessGN1_SiN_Thickness is largest when TOPSIN_ET_Load_Pull_Id_ini is high (a decrease of 3.060 pt) and smallest when TOPSIN_ET_Load_Pull_Id_ini is medium (0.193 pt).",STRONG,"Joint model beat additive in 5/5 folds (unanimous), incremental R^2=0.2076."
TOPSIN_ET_C100CapFICM1,TOPSIN_ET_lkg_CapFICM1,A_top_score2_nonadditivity,2.0867,1.8281,12.391,0.1438,0.3446,0.2009,0.0,0.0,5/5,"TOPSIN_ET_C100CapFICM1 in [-inf, 0.7028] AND TOPSIN_ET_lkg_CapFICM1 in [0.06414, 0.0964]","TOPSIN_ET_C100CapFICM1 in [-inf, 0.7028] AND TOPSIN_ET_lkg_CapFICM1 in [0.1347, +inf]","Effect of TOPSIN_ET_C100CapFICM1 (low->high) on Yield: when TOPSIN_ET_lkg_CapFICM1 is low = +0.021 pt, medium = -2.248 pt, high = +2.790 pt. The effect of TOPSIN_ET_C100CapFICM1 is largest when TOPSIN_ET_lkg_CapFICM1 is high (an increase of 2.790 pt) and smallest when TOPSIN_ET_lkg_CapFICM1 is low (0.021 pt).",STRONG,"Joint model beat additive in 5/5 folds (unanimous), incremental R^2=0.2009."
TOPSIN_ET_Cap3pf,TOPSIN_ET_Load_Pull_Id_ini,A_top_score2_nonadditivity,2.2516,2.0083,10.807,-0.0028,0.1936,0.1964,3e-05,0.0067,5/5,"TOPSIN_ET_Cap3pf in [-inf, 0.7023] AND TOPSIN_ET_Load_Pull_Id_ini in [22.29, 23.48]","TOPSIN_ET_Cap3pf in [-inf, 0.7023] AND TOPSIN_ET_Load_Pull_Id_ini in [-inf, 20.24]","Effect of TOPSIN_ET_Cap3pf (low->high) on Yield: when TOPSIN_ET_Load_Pull_Id_ini is low = +1.319 pt, medium = -0.036 pt, high = -2.134 pt. The effect of TOPSIN_ET_Cap3pf is largest when TOPSIN_ET_Load_Pull_Id_ini is high (a decrease of 2.134 pt) and smallest when TOPSIN_ET_Load_Pull_Id_ini is medium (0.036 pt).",STRONG,"Joint model beat additive in 5/5 folds (unanimous), incremental R^2=0.1964."
THIN_ET_C200_0,TOPSIN_ET_lkg_CapFICM1,A_top_score2_nonadditivity,2.0979,1.843,12.15,0.1303,0.3264,0.1961,0.0,0.0,5/5,"THIN_ET_C200_0 in [0.8862, +inf] AND TOPSIN_ET_lkg_CapFICM1 in [-inf, 0.04576]","THIN_ET_C200_0 in [-inf, 0.7112] AND TOPSIN_ET_lkg_CapFICM1 in [0.1347, +inf]","Effect of THIN_ET_C200_0 (low->high) on Yield: when TOPSIN_ET_lkg_CapFICM1 is low = +0.241 pt, medium = -1.704 pt, high = +2.678 pt. The effect of THIN_ET_C200_0 is largest when TOPSIN_ET_lkg_CapFICM1 is high (an increase of 2.678 pt) and smallest when TOPSIN_ET_lkg_CapFICM1 is low (0.241 pt).",STRONG,"Joint model beat additive in 5/5 folds (unanimous), incremental R^2=0.1961."
TOPSIN_ET_lkg_CapFICM1,TOPSIN_ET_C300,A_top_score2_nonadditivity+E_weak_marginal_strong_conditional,2.0478,1.7903,12.573,0.1736,0.369,0.1954,0.0,0.0,5/5,"TOPSIN_ET_lkg_CapFICM1 in [0.06414, 0.0964] AND TOPSIN_ET_C300 in [-inf, 0.6969]","TOPSIN_ET_lkg_CapFICM1 in [0.1347, +inf] AND TOPSIN_ET_C300 in [-inf, 0.6969]","Effect of TOPSIN_ET_lkg_CapFICM1 (low->high) on Yield: when TOPSIN_ET_C300 is low = -2.497 pt, medium = -1.641 pt, high = -1.384 pt. The effect of TOPSIN_ET_lkg_CapFICM1 is largest when TOPSIN_ET_C300 is low (a decrease of 2.497 pt) and smallest when TOPSIN_ET_C300 is high (1.384 pt).",STRONG,"Joint model beat additive in 5/5 folds (unanimous), incremental R^2=0.1954."
MEASURE_ET_C100C300pf,TOPSIN_ET_lkg_CapFICM1,A_top_score2_nonadditivity,2.0798,1.8224,12.379,0.1472,0.3425,0.1953,0.0,0.0,5/5,"MEASURE_ET_C100C300pf in [-inf, 0.7083] AND TOPSIN_ET_lkg_CapFICM1 in [0.06414, 0.0964]","MEASURE_ET_C100C300pf in [-inf, 0.7083] AND TOPSIN_ET_lkg_CapFICM1 in [0.1347, +inf]","Effect of MEASURE_ET_C100C300pf (low->high) on Yield: when TOPSIN_ET_lkg_CapFICM1 is low = -0.002 pt, medium = -2.359 pt, high = +1.792 pt. The effect of MEASURE_ET_C100C300pf is largest when TOPSIN_ET_lkg_CapFICM1 is medium (a decrease of 2.359 pt) and smallest when TOPSIN_ET_lkg_CapFICM1 is low (0.002 pt).",STRONG,"Joint model beat additive in 5/5 folds (unanimous), incremental R^2=0.1953."
THIN_ET_lkg_100_at20V,MEASURE_ET_lkg_10,A_top_score2_nonadditivity+E_weak_marginal_strong_conditional,2.1324,1.9023,10.79,0.0758,0.2703,0.1945,0.0,0.0005,5/5,"THIN_ET_lkg_100_at20V in [-inf, 0.04549] AND MEASURE_ET_lkg_10 in [0.06252, 0.08519]","THIN_ET_lkg_100_at20V in [0.1194, +inf] AND MEASURE_ET_lkg_10 in [0.123, +inf]","Effect of THIN_ET_lkg_100_at20V (low->high) on Yield: when MEASURE_ET_lkg_10 is low = -1.535 pt, medium = -0.558 pt, high = -1.343 pt. The effect of THIN_ET_lkg_100_at20V is largest when MEASURE_ET_lkg_10 is low (a decrease of 1.535 pt) and smallest when MEASURE_ET_lkg_10 is medium (0.558 pt).",STRONG,"Joint model beat additive in 5/5 folds (unanimous), incremental R^2=0.1945."
THIN_ET_TF_AB_2,MEASURE_ET_lkg_C300pf,A_top_score2_nonadditivity+E_weak_marginal_strong_conditional,2.0858,1.8463,11.479,0.1378,0.3291,0.1913,0.0,0.0,5/5,"THIN_ET_TF_AB_2 in [-inf, 1.653] AND MEASURE_ET_lkg_C300pf in [-inf, 0.04653]","THIN_ET_TF_AB_2 in [4.837, +inf] AND MEASURE_ET_lkg_C300pf in [0.1309, +inf]","Effect of THIN_ET_TF_AB_2 (low->high) on Yield: when MEASURE_ET_lkg_C300pf is low = -0.410 pt, medium = +0.835 pt, high = -0.652 pt. The effect of THIN_ET_TF_AB_2 is largest when MEASURE_ET_lkg_C300pf is medium (an increase of 0.835 pt) and smallest when MEASURE_ET_lkg_C300pf is low (0.410 pt).",STRONG,"Joint model beat additive in 5/5 folds (unanimous), incremental R^2=0.1913."
THIN_ET_DC_RF_Vp_1,MEASURE_ET_DC_Stress_Vp_after,F_score_disagreement,2.3055,2.0822,9.683,-0.0568,0.1317,0.1885,0.0,0.0,5/5,"THIN_ET_DC_RF_Vp_1 in [-1.064, -0.9749] AND MEASURE_ET_DC_Stress_Vp_after in [-1.169, -1.061]","THIN_ET_DC_RF_Vp_1 in [-1.064, -0.9749] AND MEASURE_ET_DC_Stress_Vp_after in [-inf, -1.169]","Effect of THIN_ET_DC_RF_Vp_1 (low->high) on Yield: when MEASURE_ET_DC_Stress_Vp_after is low = -0.078 pt, medium = -0.265 pt, high = +0.424 pt. The effect of THIN_ET_DC_RF_Vp_1 is largest when MEASURE_ET_DC_Stress_Vp_after is high (an increase of 0.424 pt) and smallest when MEASURE_ET_DC_Stress_Vp_after is low (0.078 pt).",STRONG,"Joint model beat additive in 5/5 folds (unanimous), incremental R^2=0.1885."
MEASURE_ET_DC_RF_Vbin_gs,MEASURE_ET_DC_RF_Vt_gd,A_top_score2_nonadditivity,2.1975,1.9658,10.543,0.0449,0.2321,0.1872,0.00013,0.0246,5/5,"MEASURE_ET_DC_RF_Vbin_gs in [28.34, 30.03] AND MEASURE_ET_DC_RF_Vt_gd in [7.751, 8.637]","MEASURE_ET_DC_RF_Vbin_gs in [-inf, 24.87] AND MEASURE_ET_DC_RF_Vt_gd in [-inf, 5.244]","Effect of MEASURE_ET_DC_RF_Vbin_gs (low->high) on Yield: when MEASURE_ET_DC_RF_Vt_gd is low = +3.384 pt, medium = +1.012 pt, high = -0.798 pt. The effect of MEASURE_ET_DC_RF_Vbin_gs is largest when MEASURE_ET_DC_RF_Vt_gd is low (an increase of 3.384 pt) and smallest when MEASURE_ET_DC_RF_Vt_gd is high (0.798 pt).",STRONG,"Joint model beat additive in 5/5 folds (unanimous), incremental R^2=0.1872."
TOPSIN_ET_DC_PIV_Ids1_QP1,TOPSIN_ET_Gate_res,A_top_score2_nonadditivity,2.1247,1.8832,11.366,0.1019,0.2888,0.187,0.0,0.0,5/5,"TOPSIN_ET_DC_PIV_Ids1_QP1 in [17.03, +inf] AND TOPSIN_ET_Gate_res in [20.27, 21.32]","TOPSIN_ET_DC_PIV_Ids1_QP1 in [-inf, 13.04] AND TOPSIN_ET_Gate_res in [-inf, 17.88]","Effect of TOPSIN_ET_DC_PIV_Ids1_QP1 (low->high) on Yield: when TOPSIN_ET_Gate_res is low = +2.867 pt, medium = +0.337 pt, high = -1.299 pt. The effect of TOPSIN_ET_DC_PIV_Ids1_QP1 is largest when TOPSIN_ET_Gate_res is low (an increase of 2.867 pt) and smallest when TOPSIN_ET_Gate_res is medium (0.337 pt).",STRONG,"Joint model beat additive in 5/5 folds (unanimous), incremental R^2=0.1870."
THIN_ET_TF_AB_2,MEASURE_ET_lkg_50,A_top_score2_nonadditivity,2.0774,1.8473,11.075,0.1392,0.3239,0.1847,0.0,0.0,5/5,"THIN_ET_TF_AB_2 in [1.653, 2.612] AND MEASURE_ET_lkg_50 in [-inf, 0.04496]","THIN_ET_TF_AB_2 in [4.837, +inf] AND MEASURE_ET_lkg_50 in [0.1296, +inf]","Effect of THIN_ET_TF_AB_2 (low->high) on Yield: when MEASURE_ET_lkg_50 is low = -0.414 pt, medium = +0.812 pt, high = -0.517 pt. The effect of THIN_ET_TF_AB_2 is largest when MEASURE_ET_lkg_50 is medium (an increase of 0.812 pt) and smallest when MEASURE_ET_lkg_50 is low (0.414 pt).",STRONG,"Joint model beat additive in 5/5 folds (unanimous), incremental R^2=0.1847."
TOPSIN_ET_C100Cap1pf,ANODE_ET_Rc_an_ct2_OW_CR,B_existing_shap_interaction+D_tree_path_cooccurrence,2.1221,1.885,11.175,0.1119,0.2965,0.1846,0.00234,0.0439,5/5,"TOPSIN_ET_C100Cap1pf in [0.6956, 0.7786] AND ANODE_ET_Rc_an_ct2_OW_CR in [0.2048, 0.225]","TOPSIN_ET_C100Cap1pf in [0.8836, +inf] AND ANODE_ET_Rc_an_ct2_OW_CR in [-inf, 0.1869]","Effect of TOPSIN_ET_C100Cap1pf (low->high) on Yield: when ANODE_ET_Rc_an_ct2_OW_CR is low = -2.965 pt, medium = -1.927 pt, high = +1.037 pt. The effect of TOPSIN_ET_C100Cap1pf is largest when ANODE_ET_Rc_an_ct2_OW_CR is low (a decrease of 2.965 pt) and smallest when ANODE_ET_Rc_an_ct2_OW_CR is high (1.037 pt).",STRONG,"Joint model beat additive in 5/5 folds (unanimous), incremental R^2=0.1846."
TOPSIN_ET_lkg_C450pf,EBCR2_Ali_Litho_Gate_to_ohmic_alignment,B_existing_shap_interaction+C_existing_h_statistic,1.9928,1.7371,12.831,0.2077,0.3907,0.1831,0.00556,0.1999,5/5,"TOPSIN_ET_lkg_C450pf in [0.06232, 0.08421] AND EBCR2_Ali_Litho_Gate_to_ohmic_alignment in [-0.01467, -0.002942]","TOPSIN_ET_lkg_C450pf in [0.1248, +inf] AND EBCR2_Ali_Litho_Gate_to_ohmic_alignment in [0.01798, +inf]","Effect of TOPSIN_ET_lkg_C450pf (low->high) on Yield: when EBCR2_Ali_Litho_Gate_to_ohmic_alignment is low = -1.301 pt, medium = -1.645 pt, high = -4.234 pt. The effect of TOPSIN_ET_lkg_C450pf is largest when EBCR2_Ali_Litho_Gate_to_ohmic_alignment is high (a decrease of 4.234 pt) and smallest when EBCR2_Ali_Litho_Gate_to_ohmic_alignment is low (1.301 pt).",STRONG,"Joint model beat additive in 5/5 folds (unanimous), incremental R^2=0.1831."
THIN_ET_TF_AB_2,MEASURE_ET_lkg_C300,A_top_score2_nonadditivity,2.0644,1.8362,11.057,0.152,0.3341,0.182,0.0,0.0,5/5,"THIN_ET_TF_AB_2 in [1.653, 2.612] AND MEASURE_ET_lkg_C300 in [0.06371, 0.09118]","THIN_ET_TF_AB_2 in [4.837, +inf] AND MEASURE_ET_lkg_C300 in [0.1376, +inf]","Effect of THIN_ET_TF_AB_2 (low->high) on Yield: when MEASURE_ET_lkg_C300 is low = -0.220 pt, medium = +0.223 pt, high = -0.539 pt. The effect of THIN_ET_TF_AB_2 is largest when MEASURE_ET_lkg_C300 is high (a decrease of 0.539 pt) and smallest when MEASURE_ET_lkg_C300 is low (0.220 pt).",STRONG,"Joint model beat additive in 5/5 folds (unanimous), incremental R^2=0.1820."
MEASURE_ET_DC_SEC_Vp_1mA,THIN_ET_lkg_5,A_top_score2_nonadditivity+E_weak_marginal_strong_conditional,2.1163,1.8811,11.114,0.1104,0.2919,0.1815,0.0,0.001,5/5,"MEASURE_ET_DC_SEC_Vp_1mA in [-1.075, -0.9818] AND THIN_ET_lkg_5 in [0.04405, 0.06156]","MEASURE_ET_DC_SEC_Vp_1mA in [-0.9818, -0.8693] AND THIN_ET_lkg_5 in [0.1182, +inf]","Effect of MEASURE_ET_DC_SEC_Vp_1mA (low->high) on Yield: when THIN_ET_lkg_5 is low = -0.376 pt, medium = +1.381 pt, high = +0.556 pt. The effect of MEASURE_ET_DC_SEC_Vp_1mA is largest when THIN_ET_lkg_5 is medium (an increase of 1.381 pt) and smallest when THIN_ET_lkg_5 is low (0.376 pt).",STRONG,"Joint model beat additive in 5/5 folds (unanimous), incremental R^2=0.1815."
THIN_ET_DC_RF_Vg_optt3,TOPSIN_ET_lkg_C450pf,C_existing_h_statistic,2.0082,1.7583,12.443,0.1936,0.3698,0.1762,0.0008,0.0573,5/5,"THIN_ET_DC_RF_Vg_optt3 in [5.636, 6.574] AND TOPSIN_ET_lkg_C450pf in [-inf, 0.04826]","THIN_ET_DC_RF_Vg_optt3 in [7.823, +inf] AND TOPSIN_ET_lkg_C450pf in [0.1248, +inf]","Effect of THIN_ET_DC_RF_Vg_optt3 (low->high) on Yield: when TOPSIN_ET_lkg_C450pf is low = +0.505 pt, medium = +0.728 pt, high = -2.392 pt. The effect of THIN_ET_DC_RF_Vg_optt3 is largest when TOPSIN_ET_lkg_C450pf is high (a decrease of 2.392 pt) and smallest when TOPSIN_ET_lkg_C450pf is low (0.505 pt).",STRONG,"Joint model beat additive in 5/5 folds (unanimous), incremental R^2=0.1762."
TOPSIN_ET_Cap1pf,THIN_ET_Rc_TF_AB_2,A_top_score2_nonadditivity+E_weak_marginal_strong_conditional,2.1582,1.9288,10.63,0.0778,0.2527,0.175,3e-05,0.0159,5/5,"TOPSIN_ET_Cap1pf in [-inf, 0.7107] AND THIN_ET_Rc_TF_AB_2 in [-inf, 0.1821]","TOPSIN_ET_Cap1pf in [-inf, 0.7107] AND THIN_ET_Rc_TF_AB_2 in [0.2388, +inf]","Effect of TOPSIN_ET_Cap1pf (low->high) on Yield: when THIN_ET_Rc_TF_AB_2 is low = -1.907 pt, medium = -1.134 pt, high = +2.420 pt. The effect of TOPSIN_ET_Cap1pf is largest when THIN_ET_Rc_TF_AB_2 is high (an increase of 2.420 pt) and smallest when THIN_ET_Rc_TF_AB_2 is medium (1.134 pt).",STRONG,"Joint model beat additive in 5/5 folds (unanimous), incremental R^2=0.1750."
MEASURE_ET_LT_SEC_Ileak_m16p5V_mA_mm,MEASURE_ET_C300FB_0,A_top_score2_nonadditivity,2.0774,1.8452,11.18,0.1495,0.3245,0.175,0.0,0.0,5/5,"MEASURE_ET_LT_SEC_Ileak_m16p5V_mA_mm in [-inf, 0.04374] AND MEASURE_ET_C300FB_0 in [0.7749, 0.8234]","MEASURE_ET_LT_SEC_Ileak_m16p5V_mA_mm in [0.1249, +inf] AND MEASURE_ET_C300FB_0 in [-inf, 0.7124]","Effect of MEASURE_ET_LT_SEC_Ileak_m16p5V_mA_mm (low->high) on Yield: when MEASURE_ET_C300FB_0 is low = -4.002 pt, medium = -1.519 pt, high = -0.377 pt. The effect of MEASURE_ET_LT_SEC_Ileak_m16p5V_mA_mm is largest when MEASURE_ET_C300FB_0 is low (a decrease of 4.002 pt) and smallest when MEASURE_ET_C300FB_0 is high (0.377 pt).",STRONG,"Joint model beat additive in 5/5 folds (unanimous), incremental R^2=0.1750."
THIN_ET_DC_RF_Vg_optt3,TOPSIN_ET_DC_SMALL_Vbgd1,A_top_score2_nonadditivity+E_weak_marginal_strong_conditional,2.1458,1.9133,10.838,0.0895,0.2618,0.1722,4e-05,0.007,5/5,"THIN_ET_DC_RF_Vg_optt3 in [4.638, 5.636] AND TOPSIN_ET_DC_SMALL_Vbgd1 in [-inf, 24.37]","THIN_ET_DC_RF_Vg_optt3 in [7.823, +inf] AND TOPSIN_ET_DC_SMALL_Vbgd1 in [-inf, 24.37]","Effect of THIN_ET_DC_RF_Vg_optt3 (low->high) on Yield: when TOPSIN_ET_DC_SMALL_Vbgd1 is low = -1.895 pt, medium = +0.598 pt, high = +0.053 pt. The effect of THIN_ET_DC_RF_Vg_optt3 is largest when TOPSIN_ET_DC_SMALL_Vbgd1 is low (a decrease of 1.895 pt) and smallest when TOPSIN_ET_DC_SMALL_Vbgd1 is high (0.053 pt).",STRONG,"Joint model beat additive in 5/5 folds (unanimous), incremental R^2=0.1722."
THIN_ET_TF_AB_2,MEASURE_ET_lkg_USV_Cap,A_top_score2_nonadditivity+E_weak_marginal_strong_conditional,2.0997,1.8881,10.077,0.1267,0.2977,0.171,0.0,0.0,5/5,"THIN_ET_TF_AB_2 in [2.612, 3.421] AND MEASURE_ET_lkg_USV_Cap in [0.04587, 0.06677]","THIN_ET_TF_AB_2 in [4.837, +inf] AND MEASURE_ET_lkg_USV_Cap in [0.131, +inf]","Effect of THIN_ET_TF_AB_2 (low->high) on Yield: when MEASURE_ET_lkg_USV_Cap is low = -0.683 pt, medium = +1.626 pt, high = -1.562 pt. The effect of THIN_ET_TF_AB_2 is largest when MEASURE_ET_lkg_USV_Cap is medium (an increase of 1.626 pt) and smallest when MEASURE_ET_lkg_USV_Cap is low (0.683 pt).",STRONG,"Joint model beat additive in 5/5 folds (unanimous), incremental R^2=0.1710."
MEASURE_ET_RF_Modeling_Ft,MEASURE_ET_DC_SEC_S_Id_mA_mm_at_Vg3_FPSD3p2,A_top_score2_nonadditivity,2.1582,1.9425,9.995,0.0756,0.2458,0.1702,0.0,0.0,5/5,"MEASURE_ET_RF_Modeling_Ft in [8.518, 9.347] AND MEASURE_ET_DC_SEC_S_Id_mA_mm_at_Vg3_FPSD3p2 in [18.68, 19.98]","MEASURE_ET_RF_Modeling_Ft in [9.347, 10.53] AND MEASURE_ET_DC_SEC_S_Id_mA_mm_at_Vg3_FPSD3p2 in [19.98, +inf]","Effect of MEASURE_ET_RF_Modeling_Ft (low->high) on Yield: when MEASURE_ET_DC_SEC_S_Id_mA_mm_at_Vg3_FPSD3p2 is low = -0.842 pt, medium = -0.378 pt, high = -1.465 pt. The effect of MEASURE_ET_RF_Modeling_Ft is largest when MEASURE_ET_DC_SEC_S_Id_mA_mm_at_Vg3_FPSD3p2 is high (a decrease of 1.465 pt) and smallest when MEASURE_ET_DC_SEC_S_Id_mA_mm_at_Vg3_FPSD3p2 is medium (0.378 pt).",STRONG,"Joint model beat additive in 5/5 folds (unanimous), incremental R^2=0.1702."
TOPSIN_ET_CapFICM1_0,TOPSIN_ET_DC_PIV_Ids0_QP3,F_score_disagreement,2.2388,2.0324,9.222,0.012,0.1814,0.1695,1e-05,0.0012,5/5,"TOPSIN_ET_CapFICM1_0 in [-inf, 0.6929] AND TOPSIN_ET_DC_PIV_Ids0_QP3 in [5.512, +inf]","TOPSIN_ET_CapFICM1_0 in [-inf, 0.6929] AND TOPSIN_ET_DC_PIV_Ids0_QP3 in [-inf, 2.353]","Effect of TOPSIN_ET_CapFICM1_0 (low->high) on Yield: when TOPSIN_ET_DC_PIV_Ids0_QP3 is low = +2.217 pt, medium = -0.101 pt, high = -1.961 pt. The effect of TOPSIN_ET_CapFICM1_0 is largest when TOPSIN_ET_DC_PIV_Ids0_QP3 is low (an increase of 2.217 pt) and smallest when TOPSIN_ET_DC_PIV_Ids0_QP3 is medium (0.101 pt).",STRONG,"Joint model beat additive in 5/5 folds (unanimous), incremental R^2=0.1695."
MEASURE_ET_DC_SEC_Vp_1mA,THIN_ET_lkg_PAD_10,A_top_score2_nonadditivity+E_weak_marginal_strong_conditional,2.0958,1.8744,10.562,0.1303,0.2993,0.1691,0.0,0.0,5/5,"MEASURE_ET_DC_SEC_Vp_1mA in [-1.075, -0.9818] AND THIN_ET_lkg_PAD_10 in [0.06115, 0.08637]","MEASURE_ET_DC_SEC_Vp_1mA in [-1.075, -0.9818] AND THIN_ET_lkg_PAD_10 in [0.1296, +inf]","Effect of MEASURE_ET_DC_SEC_Vp_1mA (low->high) on Yield: when THIN_ET_lkg_PAD_10 is low = -0.233 pt, medium = +0.661 pt, high = +0.683 pt. The effect of MEASURE_ET_DC_SEC_Vp_1mA is largest when THIN_ET_lkg_PAD_10 is high (an increase of 0.683 pt) and smallest when THIN_ET_lkg_PAD_10 is low (0.233 pt).",STRONG,"Joint model beat additive in 5/5 folds (unanimous), incremental R^2=0.1691."
THIN_ET_TF_AB_2,MEASURE_ET_lkg_Cap_USV,A_top_score2_nonadditivity,2.0039,1.7877,10.788,0.2016,0.3676,0.1659,0.0,0.0,5/5,"THIN_ET_TF_AB_2 in [1.653, 2.612] AND MEASURE_ET_lkg_Cap_USV in [-inf, 0.04586]","THIN_ET_TF_AB_2 in [4.837, +inf] AND MEASURE_ET_lkg_Cap_USV in [0.1352, +inf]","Effect of THIN_ET_TF_AB_2 (low->high) on Yield: when MEASURE_ET_lkg_Cap_USV is low = +0.235 pt, medium = +0.764 pt, high = -2.187 pt. The effect of THIN_ET_TF_AB_2 is largest when MEASURE_ET_lkg_Cap_USV is high (a decrease of 2.187 pt) and smallest when MEASURE_ET_lkg_Cap_USV is low (0.235 pt).",STRONG,"Joint model beat additive in 5/5 folds (unanimous), incremental R^2=0.1659."
MEASURE_ET_lkg_PAD_10,MEASURE_ET_DC_SEC_Vp_1mA,A_top_score2_nonadditivity+E_weak_marginal_strong_conditional,2.0871,1.8619,10.79,0.1383,0.3035,0.1652,0.0,0.0002,5/5,"MEASURE_ET_lkg_PAD_10 in [-inf, 0.04514] AND MEASURE_ET_DC_SEC_Vp_1mA in [-1.075, -0.9818]","MEASURE_ET_lkg_PAD_10 in [0.1313, +inf] AND MEASURE_ET_DC_SEC_Vp_1mA in [-1.075, -0.9818]","Effect of MEASURE_ET_lkg_PAD_10 (low->high) on Yield: when MEASURE_ET_DC_SEC_Vp_1mA is low = -1.419 pt, medium = -3.463 pt, high = -0.721 pt. The effect of MEASURE_ET_lkg_PAD_10 is largest when MEASURE_ET_DC_SEC_Vp_1mA is medium (a decrease of 3.463 pt) and smallest when MEASURE_ET_DC_SEC_Vp_1mA is high (0.721 pt).",STRONG,"Joint model beat additive in 5/5 folds (unanimous), incremental R^2=0.1652."
MEASURE_ET_DC_SEC_Vbin_gs,THIN_ET_C20_0,A_top_score2_nonadditivity+E_weak_marginal_strong_conditional,2.2015,1.9904,9.589,0.0456,0.2082,0.1626,0.0,0.0,5/5,"MEASURE_ET_DC_SEC_Vbin_gs in [29.81, +inf] AND THIN_ET_C20_0 in [7.86, 9.137]","MEASURE_ET_DC_SEC_Vbin_gs in [-inf, 24.66] AND THIN_ET_C20_0 in [-inf, 7.86]","Effect of MEASURE_ET_DC_SEC_Vbin_gs (low->high) on Yield: when THIN_ET_C20_0 is low = +2.518 pt, medium = +0.652 pt, high = -0.149 pt. The effect of MEASURE_ET_DC_SEC_Vbin_gs is largest when THIN_ET_C20_0 is low (an increase of 2.518 pt) and smallest when THIN_ET_C20_0 is high (0.149 pt).",STRONG,"Joint model beat additive in 5/5 folds (unanimous), incremental R^2=0.1626."
MEASURE_ET_DC_RF_CF_S22_Ph_L1018,MEASURE_ET_DC_RF_Vt_gd,F_score_disagreement,2.2326,2.0397,8.641,0.0141,0.1714,0.1573,0.0,0.0,5/5,"MEASURE_ET_DC_RF_CF_S22_Ph_L1018 in [-inf, -14] AND MEASURE_ET_DC_RF_Vt_gd in [-inf, 5.244]","MEASURE_ET_DC_RF_CF_S22_Ph_L1018 in [-10.69, +inf] AND MEASURE_ET_DC_RF_Vt_gd in [-inf, 5.244]","Effect of MEASURE_ET_DC_RF_CF_S22_Ph_L1018 (low->high) on Yield: when MEASURE_ET_DC_RF_Vt_gd is low = -1.264 pt, medium = +0.525 pt, high = +0.778 pt. The effect of MEASURE_ET_DC_RF_CF_S22_Ph_L1018 is largest when MEASURE_ET_DC_RF_Vt_gd is low (a decrease of 1.264 pt) and smallest when MEASURE_ET_DC_RF_Vt_gd is medium (0.525 pt).",STRONG,"Joint model beat additive in 5/5 folds (unanimous), incremental R^2=0.1573."
THIN_ET_lkg_100_at20V,THIN_ET_DC_RF_Vg_optt3,B_existing_shap_interaction+C_existing_h_statistic,1.9516,1.7256,11.581,0.2375,0.3938,0.1562,0.00016,0.0169,5/5,"THIN_ET_lkg_100_at20V in [0.06038, 0.08743] AND THIN_ET_DC_RF_Vg_optt3 in [7.823, +inf]","THIN_ET_lkg_100_at20V in [0.1194, +inf] AND THIN_ET_DC_RF_Vg_optt3 in [7.823, +inf]","Effect of THIN_ET_lkg_100_at20V (low->high) on Yield: when THIN_ET_DC_RF_Vg_optt3 is low = -0.311 pt, medium = -3.308 pt, high = -3.440 pt. The effect of THIN_ET_lkg_100_at20V is largest when THIN_ET_DC_RF_Vg_optt3 is high (a decrease of 3.440 pt) and smallest when THIN_ET_DC_RF_Vg_optt3 is low (0.311 pt).",STRONG,"Joint model beat additive in 5/5 folds (unanimous), incremental R^2=0.1562."
MEASURE_ET_DC_SEC_Vp_1mA,MEASURE_ET_lkg_100,A_top_score2_nonadditivity+E_weak_marginal_strong_conditional,2.0626,1.8551,10.058,0.1566,0.3102,0.1536,0.0,0.0,5/5,"MEASURE_ET_DC_SEC_Vp_1mA in [-0.9818, -0.8693] AND MEASURE_ET_lkg_100 in [0.06512, 0.09071]","MEASURE_ET_DC_SEC_Vp_1mA in [-0.9818, -0.8693] AND MEASURE_ET_lkg_100 in [0.1309, +inf]","Effect of MEASURE_ET_DC_SEC_Vp_1mA (low->high) on Yield: when MEASURE_ET_lkg_100 is low = -0.018 pt, medium = +0.387 pt, high = +0.542 pt. The effect of MEASURE_ET_DC_SEC_Vp_1mA is largest when MEASURE_ET_lkg_100 is high (an increase of 0.542 pt) and smallest when MEASURE_ET_lkg_100 is low (0.018 pt).",STRONG,"Joint model beat additive in 5/5 folds (unanimous), incremental R^2=0.1536."
THIN_ET_Ran_con_2,MEASURE_ET_DC_SEC_X_Vp_1_mA_mm,A_top_score2_nonadditivity+E_weak_marginal_strong_conditional,2.2408,2.0634,7.917,0.0075,0.1612,0.1536,0.0,0.0,5/5,"THIN_ET_Ran_con_2 in [30.47, +inf] AND MEASURE_ET_DC_SEC_X_Vp_1_mA_mm in [-0.9566, -0.8875]","THIN_ET_Ran_con_2 in [-inf, 26.84] AND MEASURE_ET_DC_SEC_X_Vp_1_mA_mm in [-1.065, -0.9566]","Effect of THIN_ET_Ran_con_2 (low->high) on Yield: when MEASURE_ET_DC_SEC_X_Vp_1_mA_mm is low = -1.955 pt, medium = +1.154 pt, high = +0.659 pt. The effect of THIN_ET_Ran_con_2 is largest when MEASURE_ET_DC_SEC_X_Vp_1_mA_mm is low (a decrease of 1.955 pt) and smallest when MEASURE_ET_DC_SEC_X_Vp_1_mA_mm is high (0.659 pt).",STRONG,"Joint model beat additive in 5/5 folds (unanimous), incremental R^2=0.1536."
MEASURE_ET_DC_RF_CF_S22_Ph_L1018,TOPSIN_ET_Cap2pf,F_score_disagreement,2.1498,1.9549,9.063,0.0881,0.2382,0.1501,0.0,0.0,5/5,"MEASURE_ET_DC_RF_CF_S22_Ph_L1018 in [-13.16, -12.15] AND TOPSIN_ET_Cap2pf in [0.7082, 0.7679]","MEASURE_ET_DC_RF_CF_S22_Ph_L1018 in [-10.69, +inf] AND TOPSIN_ET_Cap2pf in [-inf, 0.7082]","Effect of MEASURE_ET_DC_RF_CF_S22_Ph_L1018 (low->high) on Yield: when TOPSIN_ET_Cap2pf is low = -1.920 pt, medium = +0.934 pt, high = +0.937 pt. The effect of MEASURE_ET_DC_RF_CF_S22_Ph_L1018 is largest when TOPSIN_ET_Cap2pf is low (a decrease of 1.920 pt) and smallest when TOPSIN_ET_Cap2pf is medium (0.934 pt).",STRONG,"Joint model beat additive in 5/5 folds (unanimous), incremental R^2=0.1501."
MEASURE_ET_DC_SEC_Vp_1mA,MEASURE_ET_lkg_100_at20V,A_top_score2_nonadditivity+E_weak_marginal_strong_conditional,2.1589,1.9663,8.921,0.0797,0.2295,0.1498,0.0,0.0,5/5,"MEASURE_ET_DC_SEC_Vp_1mA in [-1.075, -0.9818] AND MEASURE_ET_lkg_100_at20V in [0.04497, 0.06147]","MEASURE_ET_DC_SEC_Vp_1mA in [-0.9818, -0.8693] AND MEASURE_ET_lkg_100_at20V in [0.1296, +inf]","Effect of MEASURE_ET_DC_SEC_Vp_1mA (low->high) on Yield: when MEASURE_ET_lkg_100_at20V is low = -0.403 pt, medium = +1.173 pt, high = +0.630 pt. The effect of MEASURE_ET_DC_SEC_Vp_1mA is largest when MEASURE_ET_lkg_100_at20V is medium (an increase of 1.173 pt) and smallest when MEASURE_ET_lkg_100_at20V is low (0.403 pt).",STRONG,"Joint model beat additive in 5/5 folds (unanimous), incremental R^2=0.1498."
MEASURE_ET_DC_SEC_Vp_1mA,FIC_ET_lkg_SY07_10,A_top_score2_nonadditivity+E_weak_marginal_strong_conditional,2.0542,1.8494,9.968,0.1678,0.3169,0.1492,0.0,0.0,5/5,"MEASURE_ET_DC_SEC_Vp_1mA in [-1.075, -0.9818] AND FIC_ET_lkg_SY07_10 in [0.06011, 0.0875]","MEASURE_ET_DC_SEC_Vp_1mA in [-0.9818, -0.8693] AND FIC_ET_lkg_SY07_10 in [0.115, +inf]","Effect of MEASURE_ET_DC_SEC_Vp_1mA (low->high) on Yield: when FIC_ET_lkg_SY07_10 is low = +0.086 pt, medium = +0.615 pt, high = +0.658 pt. The effect of MEASURE_ET_DC_SEC_Vp_1mA is largest when FIC_ET_lkg_SY07_10 is high (an increase of 0.658 pt) and smallest when FIC_ET_lkg_SY07_10 is low (0.086 pt).",STRONG,"Joint model beat additive in 5/5 folds (unanimous), incremental R^2=0.1492."
MEASURE_ET_DC_SEC_Vp_1mA,TOPSIN_ET_lkg_Cap_USV,A_top_score2_nonadditivity+E_weak_marginal_strong_conditional,2.0859,1.8919,9.3,0.1364,0.2852,0.1488,0.0,0.0,5/5,"MEASURE_ET_DC_SEC_Vp_1mA in [-1.075, -0.9818] AND TOPSIN_ET_lkg_Cap_USV in [-inf, 0.04807]","MEASURE_ET_DC_SEC_Vp_1mA in [-1.075, -0.9818] AND TOPSIN_ET_lkg_Cap_USV in [0.1323, +inf]","Effect of MEASURE_ET_DC_SEC_Vp_1mA (low->high) on Yield: when TOPSIN_ET_lkg_Cap_USV is low = -0.107 pt, medium = +1.290 pt, high = +0.443 pt. The effect of MEASURE_ET_DC_SEC_Vp_1mA is largest when TOPSIN_ET_lkg_Cap_USV is medium (an increase of 1.290 pt) and smallest when TOPSIN_ET_lkg_Cap_USV is low (0.107 pt).",STRONG,"Joint model beat additive in 5/5 folds (unanimous), incremental R^2=0.1488."
SIN_ET_lkg_SY8_80,MEASURE_ET_lkg_70,A_top_score2_nonadditivity+E_weak_marginal_strong_conditional,2.1556,1.9845,7.936,0.068,0.2155,0.1475,0.0,0.0,5/5,"SIN_ET_lkg_SY8_80 in [0.04834, 0.06194] AND MEASURE_ET_lkg_70 in [-inf, 0.04228]","SIN_ET_lkg_SY8_80 in [0.1262, +inf] AND MEASURE_ET_lkg_70 in [0.1258, +inf]","Effect of SIN_ET_lkg_SY8_80 (low->high) on Yield: when MEASURE_ET_lkg_70 is low = -1.351 pt, medium = -0.178 pt, high = -1.090 pt. The effect of SIN_ET_lkg_SY8_80 is largest when MEASURE_ET_lkg_70 is low (a decrease of 1.351 pt) and smallest when MEASURE_ET_lkg_70 is medium (0.178 pt).",STRONG,"Joint model beat additive in 5/5 folds (unanimous), incremental R^2=0.1475."
THIN_ET_lkg_C200,MEASURE_ET_DC_SEC_Vp_1mA,A_top_score2_nonadditivity+E_weak_marginal_strong_conditional,2.0332,1.8273,10.129,0.1804,0.3276,0.1472,0.0,0.0,5/5,"THIN_ET_lkg_C200 in [0.06047, 0.09219] AND MEASURE_ET_DC_SEC_Vp_1mA in [-0.9818, -0.8693]","THIN_ET_lkg_C200 in [0.139, +inf] AND MEASURE_ET_DC_SEC_Vp_1mA in [-0.9818, -0.8693]","Effect of THIN_ET_lkg_C200 (low->high) on Yield: when MEASURE_ET_DC_SEC_Vp_1mA is low = -1.673 pt, medium = -3.678 pt, high = -0.873 pt. The effect of THIN_ET_lkg_C200 is largest when MEASURE_ET_DC_SEC_Vp_1mA is medium (a decrease of 3.678 pt) and smallest when MEASURE_ET_DC_SEC_Vp_1mA is high (0.873 pt).",STRONG,"Joint model beat additive in 5/5 folds (unanimous), incremental R^2=0.1472."
TOPSIN_ET_C300pf,TOPSIN_ET_R514,F_score_disagreement,2.1959,2.0224,7.902,0.0506,0.1963,0.1457,0.0,0.0017,5/5,"TOPSIN_ET_C300pf in [-inf, 0.7121] AND TOPSIN_ET_R514 in [-inf, 12.37]","TOPSIN_ET_C300pf in [0.7121, 0.7796] AND TOPSIN_ET_R514 in [-inf, 12.37]","Effect of TOPSIN_ET_C300pf (low->high) on Yield: when TOPSIN_ET_R514 is low = -0.399 pt, medium = +0.088 pt, high = +0.638 pt. The effect of TOPSIN_ET_C300pf is largest when TOPSIN_ET_R514 is high (an increase of 0.638 pt) and smallest when TOPSIN_ET_R514 is medium (0.088 pt).",STRONG,"Joint model beat additive in 5/5 folds (unanimous), incremental R^2=0.1457."
MEASURE_ET_DC_RF_CF_S22_Ph_L1018,TOPSIN_ET_Cap_C300,F_score_disagreement,2.2212,2.0408,8.125,0.0233,0.169,0.1456,0.0,0.0,5/5,"MEASURE_ET_DC_RF_CF_S22_Ph_L1018 in [-13.16, -12.15] AND TOPSIN_ET_Cap_C300 in [-inf, 0.7179]","MEASURE_ET_DC_RF_CF_S22_Ph_L1018 in [-10.69, +inf] AND TOPSIN_ET_Cap_C300 in [-inf, 0.7179]","Effect of MEASURE_ET_DC_RF_CF_S22_Ph_L1018 (low->high) on Yield: when TOPSIN_ET_Cap_C300 is low = -1.299 pt, medium = +0.384 pt, high = +0.804 pt. The effect of MEASURE_ET_DC_RF_CF_S22_Ph_L1018 is largest when TOPSIN_ET_Cap_C300 is low (a decrease of 1.299 pt) and smallest when TOPSIN_ET_Cap_C300 is medium (0.384 pt).",STRONG,"Joint model beat additive in 5/5 folds (unanimous), incremental R^2=0.1456."
TOPSIN_ET_lkg_C450pf,MEASURE_ET_Rc_OG142_GN,A_top_score1_nonadditivity,1.926,1.7315,10.096,0.2546,0.399,0.1443,0.0,0.0,5/5,"TOPSIN_ET_lkg_C450pf in [0.06232, 0.08421] AND MEASURE_ET_Rc_OG142_GN in [0.1859, 0.2046]","TOPSIN_ET_lkg_C450pf in [0.1248, +inf] AND MEASURE_ET_Rc_OG142_GN in [0.244, +inf]","Effect of TOPSIN_ET_lkg_C450pf (low->high) on Yield: when MEASURE_ET_Rc_OG142_GN is low = -2.570 pt, medium = -1.007 pt, high = -2.855 pt. The effect of TOPSIN_ET_lkg_C450pf is largest when MEASURE_ET_Rc_OG142_GN is high (a decrease of 2.855 pt) and smallest when MEASURE_ET_Rc_OG142_GN is medium (1.007 pt).",STRONG,"Joint model beat additive in 5/5 folds (unanimous), incremental R^2=0.1443."
MEASURE_ET_DC_SEC_Vp_1mA,MEASURE_ET_lkg_5,A_top_score2_nonadditivity+E_weak_marginal_strong_conditional,2.0814,1.8902,9.187,0.1404,0.2846,0.1442,0.0,0.0,5/5,"MEASURE_ET_DC_SEC_Vp_1mA in [-0.9818, -0.8693] AND MEASURE_ET_lkg_5 in [0.04742, 0.06103]","MEASURE_ET_DC_SEC_Vp_1mA in [-0.9818, -0.8693] AND MEASURE_ET_lkg_5 in [0.1196, +inf]","Effect of MEASURE_ET_DC_SEC_Vp_1mA (low->high) on Yield: when MEASURE_ET_lkg_5 is low = +0.230 pt, medium = -0.112 pt, high = +0.899 pt. The effect of MEASURE_ET_DC_SEC_Vp_1mA is largest when MEASURE_ET_lkg_5 is high (an increase of 0.899 pt) and smallest when MEASURE_ET_lkg_5 is medium (0.112 pt).",STRONG,"Joint model beat additive in 5/5 folds (unanimous), incremental R^2=0.1442."
MEASURE_ET_DC_SEC_X_Ig_cut1_mAmm_pos_FPSD3p2,TOPSIN_ET_lkg_5,B_existing_shap_interaction+C_existing_h_statistic,1.9674,1.759,10.594,0.2239,0.3672,0.1434,0.00372,0.0781,5/5,"MEASURE_ET_DC_SEC_X_Ig_cut1_mAmm_pos_FPSD3p2 in [26.8, +inf] AND TOPSIN_ET_lkg_5 in [0.04829, 0.06242]","MEASURE_ET_DC_SEC_X_Ig_cut1_mAmm_pos_FPSD3p2 in [-inf, 23.64] AND TOPSIN_ET_lkg_5 in [0.1255, +inf]","Effect of MEASURE_ET_DC_SEC_X_Ig_cut1_mAmm_pos_FPSD3p2 (low->high) on Yield: when TOPSIN_ET_lkg_5 is low = +0.129 pt, medium = +0.254 pt, high = +3.644 pt. The effect of MEASURE_ET_DC_SEC_X_Ig_cut1_mAmm_pos_FPSD3p2 is largest when TOPSIN_ET_lkg_5 is high (an increase of 3.644 pt) and smallest when TOPSIN_ET_lkg_5 is low (0.129 pt).",STRONG,"Joint model beat additive in 5/5 folds (unanimous), incremental R^2=0.1434."
THIN_ET_lkg_100_at20V,EBCR2_Ali_Litho_Gate_to_ohmic_alignment,A_top_score1_nonadditivity+B_existing_shap_interaction+C_existing_h_statistic,1.9428,1.7478,10.033,0.2463,0.3877,0.1414,0.00543,0.3917,5/5,"THIN_ET_lkg_100_at20V in [-inf, 0.04549] AND EBCR2_Ali_Litho_Gate_to_ohmic_alignment in [-0.002942, 0.006968]","THIN_ET_lkg_100_at20V in [0.1194, +inf] AND EBCR2_Ali_Litho_Gate_to_ohmic_alignment in [0.01798, +inf]","Effect of THIN_ET_lkg_100_at20V (low->high) on Yield: when EBCR2_Ali_Litho_Gate_to_ohmic_alignment is low = -1.012 pt, medium = -1.577 pt, high = -4.463 pt. The effect of THIN_ET_lkg_100_at20V is largest when EBCR2_Ali_Litho_Gate_to_ohmic_alignment is high (a decrease of 4.463 pt) and smallest when EBCR2_Ali_Litho_Gate_to_ohmic_alignment is low (1.012 pt).",STRONG,"Joint model beat additive in 5/5 folds (unanimous), incremental R^2=0.1414."
THIN_ET_TF_AB_2,MEASURE_ET_lkg_70_at20V,A_top_score2_nonadditivity,2.1345,1.9646,7.957,0.0984,0.2396,0.1412,0.0,0.0,5/5,"THIN_ET_TF_AB_2 in [1.653, 2.612] AND MEASURE_ET_lkg_70_at20V in [-inf, 0.04492]","THIN_ET_TF_AB_2 in [4.837, +inf] AND MEASURE_ET_lkg_70_at20V in [0.121, +inf]","Effect of THIN_ET_TF_AB_2 (low->high) on Yield: when MEASURE_ET_lkg_70_at20V is low = -0.517 pt, medium = +0.890 pt, high = -1.042 pt. The effect of THIN_ET_TF_AB_2 is largest when MEASURE_ET_lkg_70_at20V is high (a decrease of 1.042 pt) and smallest when MEASURE_ET_lkg_70_at20V is low (0.517 pt).",STRONG,"Joint model beat additive in 5/5 folds (unanimous), incremental R^2=0.1412."
SIN_GATE_ET_lkg_SY8_80,MEASURE_ET_DC_RF_S11ang_10GHz,B_existing_shap_interaction+C_existing_h_statistic,2.0285,1.8381,9.389,0.1749,0.3153,0.1404,0.00374,0.2817,5/5,"SIN_GATE_ET_lkg_SY8_80 in [0.04878, 0.06093] AND MEASURE_ET_DC_RF_S11ang_10GHz in [-12.75, -11.57]","SIN_GATE_ET_lkg_SY8_80 in [0.1323, +inf] AND MEASURE_ET_DC_RF_S11ang_10GHz in [-10.4, +inf]","Effect of SIN_GATE_ET_lkg_SY8_80 (low->high) on Yield: when MEASURE_ET_DC_RF_S11ang_10GHz is low = -0.963 pt, medium = -2.306 pt, high = -3.183 pt. The effect of SIN_GATE_ET_lkg_SY8_80 is largest when MEASURE_ET_DC_RF_S11ang_10GHz is high (a decrease of 3.183 pt) and smallest when MEASURE_ET_DC_RF_S11ang_10GHz is low (0.963 pt).",STRONG,"Joint model beat additive in 5/5 folds (unanimous), incremental R^2=0.1404."
THIN_ET_lkg_100_at20V,MEASURE_ET_C300pf,C_existing_h_statistic,1.98,1.7951,9.336,0.2178,0.3578,0.14,0.00139,0.3295,5/5,"THIN_ET_lkg_100_at20V in [0.04549, 0.06038] AND MEASURE_ET_C300pf in [-inf, 0.7164]","THIN_ET_lkg_100_at20V in [0.1194, +inf] AND MEASURE_ET_C300pf in [-inf, 0.7164]","Effect of THIN_ET_lkg_100_at20V (low->high) on Yield: when MEASURE_ET_C300pf is low = -3.816 pt, medium = -1.569 pt, high = -0.969 pt. The effect of THIN_ET_lkg_100_at20V is largest when MEASURE_ET_C300pf is low (a decrease of 3.816 pt) and smallest when MEASURE_ET_C300pf is high (0.969 pt).",STRONG,"Joint model beat additive in 5/5 folds (unanimous), incremental R^2=0.1400."
MEASURE_ET_Rc_OG142_GN,TOPSIN_ET_DC_PIV_Drain_Lag_1,A_top_score1_nonadditivity+B_existing_shap_interaction+C_existing_h_statistic,1.9191,1.7315,9.773,0.2695,0.4085,0.139,0.00026,0.0413,5/5,"MEASURE_ET_Rc_OG142_GN in [0.1859, 0.2046] AND TOPSIN_ET_DC_PIV_Drain_Lag_1 in [-inf, 5.168]","MEASURE_ET_Rc_OG142_GN in [0.244, +inf] AND TOPSIN_ET_DC_PIV_Drain_Lag_1 in [8.053, +inf]","Effect of MEASURE_ET_Rc_OG142_GN (low->high) on Yield: when TOPSIN_ET_DC_PIV_Drain_Lag_1 is low = -0.992 pt, medium = -0.136 pt, high = -2.497 pt. The effect of MEASURE_ET_Rc_OG142_GN is largest when TOPSIN_ET_DC_PIV_Drain_Lag_1 is high (a decrease of 2.497 pt) and smallest when TOPSIN_ET_DC_PIV_Drain_Lag_1 is medium (0.136 pt).",STRONG,"Joint model beat additive in 5/5 folds (unanimous), incremental R^2=0.1390."
MEASURE_ET_C300M1B_0,MEASURE_ET_DC_RF_Max_S11_Freq_L1018,F_score_disagreement,2.2132,2.0541,7.191,0.0348,0.1729,0.1381,0.0,0.0,5/5,"MEASURE_ET_C300M1B_0 in [-inf, 0.712] AND MEASURE_ET_DC_RF_Max_S11_Freq_L1018 in [-12.45, -11.48]","MEASURE_ET_C300M1B_0 in [-inf, 0.712] AND MEASURE_ET_DC_RF_Max_S11_Freq_L1018 in [-inf, -13.77]","Effect of MEASURE_ET_C300M1B_0 (low->high) on Yield: when MEASURE_ET_DC_RF_Max_S11_Freq_L1018 is low = +1.429 pt, medium = -0.806 pt, high = -0.546 pt. The effect of MEASURE_ET_C300M1B_0 is largest when MEASURE_ET_DC_RF_Max_S11_Freq_L1018 is low (an increase of 1.429 pt) and smallest when MEASURE_ET_DC_RF_Max_S11_Freq_L1018 is high (0.546 pt).",STRONG,"Joint model beat additive in 5/5 folds (unanimous), incremental R^2=0.1381."
MEASURE_ET_DC_RF_Max_S11_Freq_L1018,MEASURE_ET_Rc_f_tn_23,A_top_score2_nonadditivity+E_weak_marginal_strong_conditional,2.1922,2.0313,7.342,0.0524,0.1858,0.1334,0.0,0.0,5/5,"MEASURE_ET_DC_RF_Max_S11_Freq_L1018 in [-12.45, -11.48] AND MEASURE_ET_Rc_f_tn_23 in [0.2127, 0.2275]","MEASURE_ET_DC_RF_Max_S11_Freq_L1018 in [-13.77, -12.45] AND MEASURE_ET_Rc_f_tn_23 in [0.2457, +inf]","Effect of MEASURE_ET_DC_RF_Max_S11_Freq_L1018 (low->high) on Yield: when MEASURE_ET_Rc_f_tn_23 is low = -0.628 pt, medium = -1.651 pt, high = +1.420 pt. The effect of MEASURE_ET_DC_RF_Max_S11_Freq_L1018 is largest when MEASURE_ET_Rc_f_tn_23 is medium (a decrease of 1.651 pt) and smallest when MEASURE_ET_Rc_f_tn_23 is low (0.628 pt).",STRONG,"Joint model beat additive in 5/5 folds (unanimous), incremental R^2=0.1334."
TOPSIN_ET_C100CapFICM1,TOPSIN_ET_R514,F_score_disagreement,2.2291,2.0715,7.07,0.0241,0.1548,0.1308,0.00012,0.0262,5/5,"TOPSIN_ET_C100CapFICM1 in [-inf, 0.7028] AND TOPSIN_ET_R514 in [-inf, 12.37]","TOPSIN_ET_C100CapFICM1 in [0.905, +inf] AND TOPSIN_ET_R514 in [-inf, 12.37]","Effect of TOPSIN_ET_C100CapFICM1 (low->high) on Yield: when TOPSIN_ET_R514 is low = -1.169 pt, medium = +0.397 pt, high = +0.593 pt. The effect of TOPSIN_ET_C100CapFICM1 is largest when TOPSIN_ET_R514 is low (a decrease of 1.169 pt) and smallest when TOPSIN_ET_R514 is medium (0.397 pt).",STRONG,"Joint model beat additive in 5/5 folds (unanimous), incremental R^2=0.1308."
MEASURE_ET_DC_SEC_Vp_1mA,MEASURE_ET_lkg_CapFICM1,A_top_score2_nonadditivity,2.0639,1.8911,8.375,0.1534,0.2818,0.1283,0.0,0.0,5/5,"MEASURE_ET_DC_SEC_Vp_1mA in [-0.9818, -0.8693] AND MEASURE_ET_lkg_CapFICM1 in [0.06352, 0.09039]","MEASURE_ET_DC_SEC_Vp_1mA in [-0.9818, -0.8693] AND MEASURE_ET_lkg_CapFICM1 in [0.1338, +inf]","Effect of MEASURE_ET_DC_SEC_Vp_1mA (low->high) on Yield: when MEASURE_ET_lkg_CapFICM1 is low = -0.275 pt, medium = +1.095 pt, high = +0.646 pt. The effect of MEASURE_ET_DC_SEC_Vp_1mA is largest when MEASURE_ET_lkg_CapFICM1 is medium (an increase of 1.095 pt) and smallest when MEASURE_ET_lkg_CapFICM1 is low (0.275 pt).",STRONG,"Joint model beat additive in 5/5 folds (unanimous), incremental R^2=0.1283."
MEASURE_ET_DC_SEC_Vp_1mA,MEASURE_ET_lkg_Cap1,A_top_score2_nonadditivity+E_weak_marginal_strong_conditional,2.0994,1.9395,7.615,0.1223,0.2489,0.1266,0.0,0.0,5/5,"MEASURE_ET_DC_SEC_Vp_1mA in [-1.075, -0.9818] AND MEASURE_ET_lkg_Cap1 in [0.06334, 0.09179]","MEASURE_ET_DC_SEC_Vp_1mA in [-0.9818, -0.8693] AND MEASURE_ET_lkg_Cap1 in [0.1328, +inf]","Effect of MEASURE_ET_DC_SEC_Vp_1mA (low->high) on Yield: when MEASURE_ET_lkg_Cap1 is low = +0.097 pt, medium = +0.490 pt, high = +0.833 pt. The effect of MEASURE_ET_DC_SEC_Vp_1mA is largest when MEASURE_ET_lkg_Cap1 is high (an increase of 0.833 pt) and smallest when MEASURE_ET_lkg_Cap1 is low (0.097 pt).",STRONG,"Joint model beat additive in 5/5 folds (unanimous), incremental R^2=0.1266."
MEASURE_ET_DC_RF2_S11ang_26GHz,TOPSIN_ET_DC_PIV_Drain_Lag_1,C_existing_h_statistic,2.003,1.8332,8.477,0.2067,0.3333,0.1266,0.0,0.0,5/5,"MEASURE_ET_DC_RF2_S11ang_26GHz in [-11.2, -10.21] AND TOPSIN_ET_DC_PIV_Drain_Lag_1 in [-inf, 5.168]","MEASURE_ET_DC_RF2_S11ang_26GHz in [-11.2, -10.21] AND TOPSIN_ET_DC_PIV_Drain_Lag_1 in [8.053, +inf]","Effect of MEASURE_ET_DC_RF2_S11ang_26GHz (low->high) on Yield: when TOPSIN_ET_DC_PIV_Drain_Lag_1 is low = +0.362 pt, medium = -0.663 pt, high = -1.131 pt. The effect of MEASURE_ET_DC_RF2_S11ang_26GHz is largest when TOPSIN_ET_DC_PIV_Drain_Lag_1 is high (a decrease of 1.131 pt) and smallest when TOPSIN_ET_DC_PIV_Drain_Lag_1 is low (0.362 pt).",STRONG,"Joint model beat additive in 5/5 folds (unanimous), incremental R^2=0.1266."
MEASURE_ET_USV_Cappf,MEASURE_ET_RF_Modeling_K,F_score_disagreement,2.2368,2.0798,7.017,0.0124,0.1387,0.1263,0.0,0.0,5/5,"MEASURE_ET_USV_Cappf in [-inf, 0.702] AND MEASURE_ET_RF_Modeling_K in [23.18, 24.54]","MEASURE_ET_USV_Cappf in [-inf, 0.702] AND MEASURE_ET_RF_Modeling_K in [25.44, 26.6]","Effect of MEASURE_ET_USV_Cappf (low->high) on Yield: when MEASURE_ET_RF_Modeling_K is low = -1.921 pt, medium = +1.166 pt, high = +1.010 pt. The effect of MEASURE_ET_USV_Cappf is largest when MEASURE_ET_RF_Modeling_K is low (a decrease of 1.921 pt) and smallest when MEASURE_ET_RF_Modeling_K is high (1.010 pt).",STRONG,"Joint model beat additive in 5/5 folds (unanimous), incremental R^2=0.1263."
MEASURE_ET_DC_SEC_X_Bin,TOPSIN_ET_DC_PIV_Drain_Lag_1,B_existing_shap_interaction+C_existing_h_statistic,1.9869,1.8118,8.812,0.2209,0.3452,0.1242,0.0,0.0,5/5,"MEASURE_ET_DC_SEC_X_Bin in [-inf, 2.195] AND TOPSIN_ET_DC_PIV_Drain_Lag_1 in [6.137, 6.999]","MEASURE_ET_DC_SEC_X_Bin in [5.146, +inf] AND TOPSIN_ET_DC_PIV_Drain_Lag_1 in [8.053, +inf]","Effect of MEASURE_ET_DC_SEC_X_Bin (low->high) on Yield: when TOPSIN_ET_DC_PIV_Drain_Lag_1 is low = +0.094 pt, medium = -0.074 pt, high = -3.538 pt. The effect of MEASURE_ET_DC_SEC_X_Bin is largest when TOPSIN_ET_DC_PIV_Drain_Lag_1 is high (a decrease of 3.538 pt) and smallest when TOPSIN_ET_DC_PIV_Drain_Lag_1 is medium (0.074 pt).",STRONG,"Joint model beat additive in 5/5 folds (unanimous), incremental R^2=0.1242."
TOPSIN_ET_lkg_C450pf,THIN_ET_Rc_f_hr_23,A_top_score1_nonadditivity,2.0012,1.8409,8.011,0.1997,0.3236,0.1239,0.00069,0.0667,5/5,"TOPSIN_ET_lkg_C450pf in [-inf, 0.04826] AND THIN_ET_Rc_f_hr_23 in [0.2228, 0.2408]","TOPSIN_ET_lkg_C450pf in [0.1248, +inf] AND THIN_ET_Rc_f_hr_23 in [0.2228, 0.2408]","Effect of TOPSIN_ET_lkg_C450pf (low->high) on Yield: when THIN_ET_Rc_f_hr_23 is low = -2.664 pt, medium = -1.355 pt, high = -2.981 pt. The effect of TOPSIN_ET_lkg_C450pf is largest when THIN_ET_Rc_f_hr_23 is high (a decrease of 2.981 pt) and smallest when THIN_ET_Rc_f_hr_23 is medium (1.355 pt).",STRONG,"Joint model beat additive in 5/5 folds (unanimous), incremental R^2=0.1239."
THIN_ET_lkg_100_at20V,CATHODE_ET_Rcat_cn_3_OW_ST,A_top_score1_nonadditivity,1.9276,1.7704,8.158,0.2544,0.3766,0.1222,0.0,0.0,5/5,"THIN_ET_lkg_100_at20V in [-inf, 0.04549] AND CATHODE_ET_Rcat_cn_3_OW_ST in [-inf, 0.1782]","THIN_ET_lkg_100_at20V in [0.1194, +inf] AND CATHODE_ET_Rcat_cn_3_OW_ST in [0.2376, +inf]","Effect of THIN_ET_lkg_100_at20V (low->high) on Yield: when CATHODE_ET_Rcat_cn_3_OW_ST is low = -3.068 pt, medium = -0.786 pt, high = -2.559 pt. The effect of THIN_ET_lkg_100_at20V is largest when CATHODE_ET_Rcat_cn_3_OW_ST is low (a decrease of 3.068 pt) and smallest when CATHODE_ET_Rcat_cn_3_OW_ST is medium (0.786 pt).",STRONG,"Joint model beat additive in 5/5 folds (unanimous), incremental R^2=0.1222."
MEASURE_ET_DC_Stress_Id_stress_before,TOPSIN_ET_Rc_f_tn_23,D_tree_path_cooccurrence,2.2087,2.0632,6.588,0.0358,0.1575,0.1218,0.00435,0.012,5/5,"MEASURE_ET_DC_Stress_Id_stress_before in [2.75, +inf] AND TOPSIN_ET_Rc_f_tn_23 in [-inf, 0.1814]","MEASURE_ET_DC_Stress_Id_stress_before in [-0.3852, 0.9351] AND TOPSIN_ET_Rc_f_tn_23 in [0.2445, +inf]","Effect of MEASURE_ET_DC_Stress_Id_stress_before (low->high) on Yield: when TOPSIN_ET_Rc_f_tn_23 is low = +0.385 pt, medium = +1.883 pt, high = -0.492 pt. The effect of MEASURE_ET_DC_Stress_Id_stress_before is largest when TOPSIN_ET_Rc_f_tn_23 is medium (an increase of 1.883 pt) and smallest when TOPSIN_ET_Rc_f_tn_23 is low (0.385 pt).",STRONG,"Joint model beat additive in 5/5 folds (unanimous), incremental R^2=0.1218."
TOPSIN_ET_DC_PIV_Drain_Lag_0,TOPSIN_ET_R_f_hr_3,B_existing_shap_interaction+C_existing_h_statistic,2.0356,1.8806,7.615,0.1877,0.3094,0.1217,0.01488,0.341,5/5,"TOPSIN_ET_DC_PIV_Drain_Lag_0 in [-inf, 5.052] AND TOPSIN_ET_R_f_hr_3 in [5.751, 6.682]","TOPSIN_ET_DC_PIV_Drain_Lag_0 in [8.204, +inf] AND TOPSIN_ET_R_f_hr_3 in [6.682, 8.087]","Effect of TOPSIN_ET_DC_PIV_Drain_Lag_0 (low->high) on Yield: when TOPSIN_ET_R_f_hr_3 is low = -1.524 pt, medium = -1.352 pt, high = -2.578 pt. The effect of TOPSIN_ET_DC_PIV_Drain_Lag_0 is largest when TOPSIN_ET_R_f_hr_3 is high (a decrease of 2.578 pt) and smallest when TOPSIN_ET_R_f_hr_3 is medium (1.352 pt).",STRONG,"Joint model beat additive in 5/5 folds (unanimous), incremental R^2=0.1217."
MEASURE_ET_DC_SMALL_Ids_m0p2,TOPSIN_ET_DC_PIV_Drain_Lag_1,B_existing_shap_interaction+C_existing_h_statistic,1.9398,1.762,9.166,0.2577,0.379,0.1213,0.0,0.0,5/5,"MEASURE_ET_DC_SMALL_Ids_m0p2 in [-inf, 0.311] AND TOPSIN_ET_DC_PIV_Drain_Lag_1 in [-inf, 5.168]","MEASURE_ET_DC_SMALL_Ids_m0p2 in [2.026, 3.421] AND TOPSIN_ET_DC_PIV_Drain_Lag_1 in [8.053, +inf]","Effect of MEASURE_ET_DC_SMALL_Ids_m0p2 (low->high) on Yield: when TOPSIN_ET_DC_PIV_Drain_Lag_1 is low = -1.283 pt, medium = -1.745 pt, high = -0.328 pt. The effect of MEASURE_ET_DC_SMALL_Ids_m0p2 is largest when TOPSIN_ET_DC_PIV_Drain_Lag_1 is medium (a decrease of 1.745 pt) and smallest when TOPSIN_ET_DC_PIV_Drain_Lag_1 is high (0.328 pt).",STRONG,"Joint model beat additive in 5/5 folds (unanimous), incremental R^2=0.1213."
TOPSIN_ET_C100Cap1pf,MEASURE_ET_CapPARCAP_0,B_existing_shap_interaction,2.1115,1.9658,6.899,0.1198,0.2408,0.121,0.01254,0.1613,5/5,"TOPSIN_ET_C100Cap1pf in [-inf, 0.6956] AND MEASURE_ET_CapPARCAP_0 in [-inf, 0.1816]","TOPSIN_ET_C100Cap1pf in [0.6956, 0.7786] AND MEASURE_ET_CapPARCAP_0 in [0.2505, +inf]","Effect of TOPSIN_ET_C100Cap1pf (low->high) on Yield: when MEASURE_ET_CapPARCAP_0 is low = -2.402 pt, medium = -1.489 pt, high = +0.569 pt. The effect of TOPSIN_ET_C100Cap1pf is largest when MEASURE_ET_CapPARCAP_0 is low (a decrease of 2.402 pt) and smallest when MEASURE_ET_CapPARCAP_0 is high (0.569 pt).",STRONG,"Joint model beat additive in 5/5 folds (unanimous), incremental R^2=0.1210."
TOPSIN_ET_lkg_CapPARCAP,MEASURE_ET_DC_SEC_Vp_1mA,A_top_score2_nonadditivity+E_weak_marginal_strong_conditional,2.061,1.9034,7.65,0.1553,0.2734,0.1181,0.0,0.0,5/5,"TOPSIN_ET_lkg_CapPARCAP in [0.06349, 0.08789] AND MEASURE_ET_DC_SEC_Vp_1mA in [-0.9818, -0.8693]","TOPSIN_ET_lkg_CapPARCAP in [0.1163, +inf] AND MEASURE_ET_DC_SEC_Vp_1mA in [-0.9818, -0.8693]","Effect of TOPSIN_ET_lkg_CapPARCAP (low->high) on Yield: when MEASURE_ET_DC_SEC_Vp_1mA is low = -2.026 pt, medium = -2.818 pt, high = -1.229 pt. The effect of TOPSIN_ET_lkg_CapPARCAP is largest when MEASURE_ET_DC_SEC_Vp_1mA is medium (a decrease of 2.818 pt) and smallest when MEASURE_ET_DC_SEC_Vp_1mA is high (1.229 pt).",STRONG,"Joint model beat additive in 5/5 folds (unanimous), incremental R^2=0.1181."
MEASURE_ET_RF_Modeling_K,MEASURE_ET_DC_RF_Vt_gd,F_score_disagreement,2.2616,2.1183,6.335,-0.0131,0.1046,0.1177,1e-05,0.0019,5/5,"MEASURE_ET_RF_Modeling_K in [26.6, +inf] AND MEASURE_ET_DC_RF_Vt_gd in [-inf, 5.244]","MEASURE_ET_RF_Modeling_K in [24.54, 25.44] AND MEASURE_ET_DC_RF_Vt_gd in [-inf, 5.244]","Effect of MEASURE_ET_RF_Modeling_K (low->high) on Yield: when MEASURE_ET_DC_RF_Vt_gd is low = -0.519 pt, medium = +0.287 pt, high = -0.174 pt. The effect of MEASURE_ET_RF_Modeling_K is largest when MEASURE_ET_DC_RF_Vt_gd is low (a decrease of 0.519 pt) and smallest when MEASURE_ET_DC_RF_Vt_gd is high (0.174 pt).",STRONG,"Joint model beat additive in 5/5 folds (unanimous), incremental R^2=0.1177."
MEASURE_ET_ABVIETCH,MEASURE_ET_DC_Stress_Id_stress_before,B_existing_shap_interaction+C_existing_h_statistic,2.1778,2.0426,6.21,0.0606,0.1738,0.1132,0.0097,0.0781,5/5,"MEASURE_ET_ABVIETCH in [26.26, +inf] AND MEASURE_ET_DC_Stress_Id_stress_before in [2.75, +inf]","MEASURE_ET_ABVIETCH in [-inf, 22.84] AND MEASURE_ET_DC_Stress_Id_stress_before in [2.75, +inf]","Effect of MEASURE_ET_ABVIETCH (low->high) on Yield: when MEASURE_ET_DC_Stress_Id_stress_before is low = +0.672 pt, medium = +0.144 pt, high = +3.653 pt. The effect of MEASURE_ET_ABVIETCH is largest when MEASURE_ET_DC_Stress_Id_stress_before is high (an increase of 3.653 pt) and smallest when MEASURE_ET_DC_Stress_Id_stress_before is medium (0.144 pt).",STRONG,"Joint model beat additive in 5/5 folds (unanimous), incremental R^2=0.1132."
MEASURE_ET_DC_Big_S12dB_10GHz,MEASURE_ET_DC_SMALL_Ids_m0p2,B_existing_shap_interaction,2.1267,1.9906,6.401,0.11,0.2201,0.1102,0.00334,0.1176,5/5,"MEASURE_ET_DC_Big_S12dB_10GHz in [-27.53, -25.63] AND MEASURE_ET_DC_SMALL_Ids_m0p2 in [1.213, 2.026]","MEASURE_ET_DC_Big_S12dB_10GHz in [-22.73, +inf] AND MEASURE_ET_DC_SMALL_Ids_m0p2 in [2.026, 3.421]","Effect of MEASURE_ET_DC_Big_S12dB_10GHz (low->high) on Yield: when MEASURE_ET_DC_SMALL_Ids_m0p2 is low = -0.212 pt, medium = -1.888 pt, high = +0.257 pt. The effect of MEASURE_ET_DC_Big_S12dB_10GHz is largest when MEASURE_ET_DC_SMALL_Ids_m0p2 is medium (a decrease of 1.888 pt) and smallest when MEASURE_ET_DC_SMALL_Ids_m0p2 is low (0.212 pt).",STRONG,"Joint model beat additive in 5/5 folds (unanimous), incremental R^2=0.1102."
TOPSIN_ET_DC_PIV_Drain_Lag_1,THIN_ET_Rc_TF_AB_2,A_top_score1_nonadditivity,1.962,1.8126,7.615,0.2376,0.3471,0.1095,0.0,0.0,5/5,"TOPSIN_ET_DC_PIV_Drain_Lag_1 in [6.137, 6.999] AND THIN_ET_Rc_TF_AB_2 in [-inf, 0.1821]","TOPSIN_ET_DC_PIV_Drain_Lag_1 in [8.053, +inf] AND THIN_ET_Rc_TF_AB_2 in [0.2388, +inf]","Effect of TOPSIN_ET_DC_PIV_Drain_Lag_1 (low->high) on Yield: when THIN_ET_Rc_TF_AB_2 is low = -1.938 pt, medium = -1.870 pt, high = -3.406 pt. The effect of TOPSIN_ET_DC_PIV_Drain_Lag_1 is largest when THIN_ET_Rc_TF_AB_2 is high (a decrease of 3.406 pt) and smallest when THIN_ET_Rc_TF_AB_2 is medium (1.870 pt).",STRONG,"Joint model beat additive in 5/5 folds (unanimous), incremental R^2=0.1095."
THIN_ET_lkg_100_at20V,MEASURE_ET_Rc_OG142_GN,A_top_score1_nonadditivity+B_existing_shap_interaction+C_existing_h_statistic,1.8822,1.7381,7.658,0.2857,0.3945,0.1088,0.0,0.0,5/5,"THIN_ET_lkg_100_at20V in [0.04549, 0.06038] AND MEASURE_ET_Rc_OG142_GN in [0.1859, 0.2046]","THIN_ET_lkg_100_at20V in [0.1194, +inf] AND MEASURE_ET_Rc_OG142_GN in [0.244, +inf]","Effect of THIN_ET_lkg_100_at20V (low->high) on Yield: when MEASURE_ET_Rc_OG142_GN is low = -2.344 pt, medium = -1.387 pt, high = -2.671 pt. The effect of THIN_ET_lkg_100_at20V is largest when MEASURE_ET_Rc_OG142_GN is high (a decrease of 2.671 pt) and smallest when MEASURE_ET_Rc_OG142_GN is medium (1.387 pt).",STRONG,"Joint model beat additive in 5/5 folds (unanimous), incremental R^2=0.1088."
THIN_ET_lkg_100_at20V,TOPSIN_ET_CapPARCAP_0,A_top_score1_nonadditivity,1.9343,1.7997,6.963,0.2423,0.3471,0.1049,0.0,0.0,5/5,"THIN_ET_lkg_100_at20V in [-inf, 0.04549] AND TOPSIN_ET_CapPARCAP_0 in [0.1799, 0.2016]","THIN_ET_lkg_100_at20V in [0.1194, +inf] AND TOPSIN_ET_CapPARCAP_0 in [0.2398, +inf]","Effect of THIN_ET_lkg_100_at20V (low->high) on Yield: when TOPSIN_ET_CapPARCAP_0 is low = -2.054 pt, medium = -0.812 pt, high = -3.340 pt. The effect of THIN_ET_lkg_100_at20V is largest when TOPSIN_ET_CapPARCAP_0 is high (a decrease of 3.340 pt) and smallest when TOPSIN_ET_CapPARCAP_0 is medium (0.812 pt).",STRONG,"Joint model beat additive in 5/5 folds (unanimous), incremental R^2=0.1049."
TOPSIN_ET_C100Cap1pf,MEASURE_ET_lkg_50_at20V,B_existing_shap_interaction+D_tree_path_cooccurrence,2.0324,1.8951,6.758,0.1824,0.2856,0.1032,0.00673,0.0441,5/5,"TOPSIN_ET_C100Cap1pf in [0.6956, 0.7786] AND MEASURE_ET_lkg_50_at20V in [-inf, 0.04449]","TOPSIN_ET_C100Cap1pf in [-inf, 0.6956] AND MEASURE_ET_lkg_50_at20V in [0.1274, +inf]","Effect of TOPSIN_ET_C100Cap1pf (low->high) on Yield: when MEASURE_ET_lkg_50_at20V is low = -0.726 pt, medium = -2.598 pt, high = +0.746 pt. The effect of TOPSIN_ET_C100Cap1pf is largest when MEASURE_ET_lkg_50_at20V is medium (a decrease of 2.598 pt) and smallest when MEASURE_ET_lkg_50_at20V is low (0.726 pt).",STRONG,"Joint model beat additive in 5/5 folds (unanimous), incremental R^2=0.1032."
THIN_ET_Rc_OG142,TOPSIN_ET_DC_PIV_Drain_Lag_1,A_top_score1_nonadditivity,1.9352,1.7917,7.415,0.2527,0.3558,0.1031,0.0,0.0,5/5,"THIN_ET_Rc_OG142 in [-inf, 0.1805] AND TOPSIN_ET_DC_PIV_Drain_Lag_1 in [-inf, 5.168]","THIN_ET_Rc_OG142 in [0.2237, 0.2421] AND TOPSIN_ET_DC_PIV_Drain_Lag_1 in [8.053, +inf]","Effect of THIN_ET_Rc_OG142 (low->high) on Yield: when TOPSIN_ET_DC_PIV_Drain_Lag_1 is low = -1.159 pt, medium = -1.100 pt, high = -2.805 pt. The effect of THIN_ET_Rc_OG142 is largest when TOPSIN_ET_DC_PIV_Drain_Lag_1 is high (a decrease of 2.805 pt) and smallest when TOPSIN_ET_DC_PIV_Drain_Lag_1 is medium (1.100 pt).",STRONG,"Joint model beat additive in 5/5 folds (unanimous), incremental R^2=0.1031."
THIN_ET_lkg_100_at20V,SIN_GATE_ET_Rc_an_ct2,A_top_score1_nonadditivity+B_existing_shap_interaction+C_existing_h_statistic,1.9166,1.7862,6.803,0.2699,0.3718,0.1019,0.00079,0.0921,5/5,"THIN_ET_lkg_100_at20V in [0.04549, 0.06038] AND SIN_GATE_ET_Rc_an_ct2 in [0.2038, 0.2211]","THIN_ET_lkg_100_at20V in [0.1194, +inf] AND SIN_GATE_ET_Rc_an_ct2 in [0.2445, +inf]","Effect of THIN_ET_lkg_100_at20V (low->high) on Yield: when SIN_GATE_ET_Rc_an_ct2 is low = -1.482 pt, medium = -1.682 pt, high = -3.280 pt. The effect of THIN_ET_lkg_100_at20V is largest when SIN_GATE_ET_Rc_an_ct2 is high (a decrease of 3.280 pt) and smallest when SIN_GATE_ET_Rc_an_ct2 is low (1.482 pt).",STRONG,"Joint model beat additive in 5/5 folds (unanimous), incremental R^2=0.1019."
THIN_ET_lkg_100_at20V,FIC_ET_Rc_f_hr_23,A_top_score1_nonadditivity,1.9438,1.8102,6.873,0.2399,0.3417,0.1018,0.00055,0.0904,5/5,"THIN_ET_lkg_100_at20V in [0.06038, 0.08743] AND FIC_ET_Rc_f_hr_23 in [0.2025, 0.2205]","THIN_ET_lkg_100_at20V in [0.1194, +inf] AND FIC_ET_Rc_f_hr_23 in [0.2415, +inf]","Effect of THIN_ET_lkg_100_at20V (low->high) on Yield: when FIC_ET_Rc_f_hr_23 is low = -1.937 pt, medium = -1.484 pt, high = -3.165 pt. The effect of THIN_ET_lkg_100_at20V is largest when FIC_ET_Rc_f_hr_23 is high (a decrease of 3.165 pt) and smallest when FIC_ET_Rc_f_hr_23 is medium (1.484 pt).",STRONG,"Joint model beat additive in 5/5 folds (unanimous), incremental R^2=0.1018."
TOPSIN_ET_C100Cap1pf,MEASURE_ET_DC_SMALL_Ids_m0p2,D_tree_path_cooccurrence,2.1333,2.0108,5.742,0.1019,0.2029,0.1009,0.0025,0.0221,5/5,"TOPSIN_ET_C100Cap1pf in [0.6956, 0.7786] AND MEASURE_ET_DC_SMALL_Ids_m0p2 in [-inf, 0.311]","TOPSIN_ET_C100Cap1pf in [0.8836, +inf] AND MEASURE_ET_DC_SMALL_Ids_m0p2 in [0.311, 1.213]","Effect of TOPSIN_ET_C100Cap1pf (low->high) on Yield: when MEASURE_ET_DC_SMALL_Ids_m0p2 is low = -2.099 pt, medium = -1.492 pt, high = +0.287 pt. The effect of TOPSIN_ET_C100Cap1pf is largest when MEASURE_ET_DC_SMALL_Ids_m0p2 is low (a decrease of 2.099 pt) and smallest when MEASURE_ET_DC_SMALL_Ids_m0p2 is high (0.287 pt).",STRONG,"Joint model beat additive in 5/5 folds (unanimous), incremental R^2=0.1009."
THIN_ET_TF_AB_2,MEASURE_ET_Load_Pull_GL_set,F_score_disagreement,2.1811,2.0675,5.207,0.0619,0.1603,0.0985,0.0,0.0,5/5,"THIN_ET_TF_AB_2 in [1.653, 2.612] AND MEASURE_ET_Load_Pull_GL_set in [4.379, +inf]","THIN_ET_TF_AB_2 in [4.837, +inf] AND MEASURE_ET_Load_Pull_GL_set in [2.386, 3.352]","Effect of THIN_ET_TF_AB_2 (low->high) on Yield: when MEASURE_ET_Load_Pull_GL_set is low = -0.237 pt, medium = -0.946 pt, high = +1.009 pt. The effect of THIN_ET_TF_AB_2 is largest when MEASURE_ET_Load_Pull_GL_set is high (an increase of 1.009 pt) and smallest when MEASURE_ET_Load_Pull_GL_set is low (0.237 pt).",STRONG,"Joint model beat additive in 5/5 folds (unanimous), incremental R^2=0.0985."
THIN_ET_lkg_100_at20V,MEASURE_ET_Rcat_cn_2,A_top_score1_nonadditivity+B_existing_shap_interaction+C_existing_h_statistic,1.8338,1.6977,7.421,0.3306,0.4285,0.0979,1e-05,0.0006,5/5,"THIN_ET_lkg_100_at20V in [-inf, 0.04549] AND MEASURE_ET_Rcat_cn_2 in [0.2026, 0.2216]","THIN_ET_lkg_100_at20V in [0.1194, +inf] AND MEASURE_ET_Rcat_cn_2 in [0.2426, +inf]","Effect of THIN_ET_lkg_100_at20V (low->high) on Yield: when MEASURE_ET_Rcat_cn_2 is low = -2.783 pt, medium = -1.125 pt, high = -2.451 pt. The effect of THIN_ET_lkg_100_at20V is largest when MEASURE_ET_Rcat_cn_2 is low (a decrease of 2.783 pt) and smallest when MEASURE_ET_Rcat_cn_2 is medium (1.125 pt).",STRONG,"Joint model beat additive in 5/5 folds (unanimous), incremental R^2=0.0979."
THIN_ET_lkg_100_at20V,TFRP_ET_Rc_TF_AB_2,A_top_score1_nonadditivity,1.9529,1.8277,6.409,0.238,0.3355,0.0975,0.0,0.0,5/5,"THIN_ET_lkg_100_at20V in [-inf, 0.04549] AND TFRP_ET_Rc_TF_AB_2 in [0.1986, 0.2224]","THIN_ET_lkg_100_at20V in [0.1194, +inf] AND TFRP_ET_Rc_TF_AB_2 in [0.2465, +inf]","Effect of THIN_ET_lkg_100_at20V (low->high) on Yield: when TFRP_ET_Rc_TF_AB_2 is low = -2.187 pt, medium = -1.617 pt, high = -2.869 pt. The effect of THIN_ET_lkg_100_at20V is largest when TFRP_ET_Rc_TF_AB_2 is high (a decrease of 2.869 pt) and smallest when TFRP_ET_Rc_TF_AB_2 is medium (1.617 pt).",STRONG,"Joint model beat additive in 5/5 folds (unanimous), incremental R^2=0.0975."
MEASURE_ET_DC_Big_S12dB_10GHz,MEASURE_ET_ABVIETCH,B_existing_shap_interaction+C_existing_h_statistic,2.1425,2.025,5.484,0.0938,0.1903,0.0966,0.01223,0.2115,5/5,"MEASURE_ET_DC_Big_S12dB_10GHz in [-25.63, -24.27] AND MEASURE_ET_ABVIETCH in [25.13, 26.26]","MEASURE_ET_DC_Big_S12dB_10GHz in [-22.73, +inf] AND MEASURE_ET_ABVIETCH in [-inf, 22.84]","Effect of MEASURE_ET_DC_Big_S12dB_10GHz (low->high) on Yield: when MEASURE_ET_ABVIETCH is low = -1.955 pt, medium = -0.042 pt, high = +0.708 pt. The effect of MEASURE_ET_DC_Big_S12dB_10GHz is largest when MEASURE_ET_ABVIETCH is low (a decrease of 1.955 pt) and smallest when MEASURE_ET_ABVIETCH is medium (0.042 pt).",STRONG,"Joint model beat additive in 5/5 folds (unanimous), incremental R^2=0.0966."
TOPSIN_ET_lkg_C450pf,MEASURE_ET_Rc_an_ct2,A_top_score1_nonadditivity,1.9607,1.8318,6.577,0.2343,0.3303,0.096,0.0,0.0,5/5,"TOPSIN_ET_lkg_C450pf in [-inf, 0.04826] AND MEASURE_ET_Rc_an_ct2 in [0.1845, 0.2042]","TOPSIN_ET_lkg_C450pf in [0.1248, +inf] AND MEASURE_ET_Rc_an_ct2 in [0.2432, +inf]","Effect of TOPSIN_ET_lkg_C450pf (low->high) on Yield: when MEASURE_ET_Rc_an_ct2 is low = -2.700 pt, medium = -1.306 pt, high = -3.096 pt. The effect of TOPSIN_ET_lkg_C450pf is largest when MEASURE_ET_Rc_an_ct2 is high (a decrease of 3.096 pt) and smallest when MEASURE_ET_Rc_an_ct2 is medium (1.306 pt).",STRONG,"Joint model beat additive in 5/5 folds (unanimous), incremental R^2=0.0960."
MEASURE_ET_DC_RF_Max_S11_Freq_L1002,TOPSIN_ET_R514,F_score_disagreement,2.2213,2.1104,4.992,0.0266,0.1213,0.0946,0.0,0.0,5/5,"MEASURE_ET_DC_RF_Max_S11_Freq_L1002 in [-10.59, +inf] AND TOPSIN_ET_R514 in [-inf, 12.37]","MEASURE_ET_DC_RF_Max_S11_Freq_L1002 in [-inf, -14.01] AND TOPSIN_ET_R514 in [15.18, +inf]","Effect of MEASURE_ET_DC_RF_Max_S11_Freq_L1002 (low->high) on Yield: when TOPSIN_ET_R514 is low = +0.979 pt, medium = -0.863 pt, high = -0.106 pt. The effect of MEASURE_ET_DC_RF_Max_S11_Freq_L1002 is largest when TOPSIN_ET_R514 is low (an increase of 0.979 pt) and smallest when TOPSIN_ET_R514 is high (0.106 pt).",STRONG,"Joint model beat additive in 5/5 folds (unanimous), incremental R^2=0.0946."
MEASURE_ET_DC_Stress_Id_stress_before,MEASURE_ET_RF_Modeling_S21_25G_Before,D_tree_path_cooccurrence,2.2315,2.1168,5.141,0.0216,0.1159,0.0943,0.00489,0.09,5/5,"MEASURE_ET_DC_Stress_Id_stress_before in [-0.3852, 0.9351] AND MEASURE_ET_RF_Modeling_S21_25G_Before in [15.64, +inf]","MEASURE_ET_DC_Stress_Id_stress_before in [-0.3852, 0.9351] AND MEASURE_ET_RF_Modeling_S21_25G_Before in [14.56, 15.07]","Effect of MEASURE_ET_DC_Stress_Id_stress_before (low->high) on Yield: when MEASURE_ET_RF_Modeling_S21_25G_Before is low = +0.147 pt, medium = +1.091 pt, high = +0.380 pt. The effect of MEASURE_ET_DC_Stress_Id_stress_before is largest when MEASURE_ET_RF_Modeling_S21_25G_Before is medium (an increase of 1.091 pt) and smallest when MEASURE_ET_RF_Modeling_S21_25G_Before is low (0.147 pt).",STRONG,"Joint model beat additive in 5/5 folds (unanimous), incremental R^2=0.0943."
THIN_ET_Rc_cat_ct2,TOPSIN_ET_DC_PIV_Drain_Lag_1,A_top_score1_nonadditivity,1.9883,1.8659,6.157,0.2179,0.3116,0.0938,0.00029,0.1402,5/5,"THIN_ET_Rc_cat_ct2 in [-inf, 0.185] AND TOPSIN_ET_DC_PIV_Drain_Lag_1 in [-inf, 5.168]","THIN_ET_Rc_cat_ct2 in [0.2422, +inf] AND TOPSIN_ET_DC_PIV_Drain_Lag_1 in [8.053, +inf]","Effect of THIN_ET_Rc_cat_ct2 (low->high) on Yield: when TOPSIN_ET_DC_PIV_Drain_Lag_1 is low = -0.568 pt, medium = -0.350 pt, high = -2.273 pt. The effect of THIN_ET_Rc_cat_ct2 is largest when TOPSIN_ET_DC_PIV_Drain_Lag_1 is high (a decrease of 2.273 pt) and smallest when TOPSIN_ET_DC_PIV_Drain_Lag_1 is medium (0.350 pt).",STRONG,"Joint model beat additive in 5/5 folds (unanimous), incremental R^2=0.0938."
MEASURE_ET_Rc_cat_ct2_OW_ST,TOPSIN_ET_DC_PIV_Drain_Lag_1,A_top_score1_nonadditivity+B_existing_shap_interaction+C_existing_h_statistic,1.9681,1.8422,6.399,0.2356,0.3275,0.0919,0.0,0.0,5/5,"MEASURE_ET_Rc_cat_ct2_OW_ST in [-inf, 0.1856] AND TOPSIN_ET_DC_PIV_Drain_Lag_1 in [-inf, 5.168]","MEASURE_ET_Rc_cat_ct2_OW_ST in [0.2432, +inf] AND TOPSIN_ET_DC_PIV_Drain_Lag_1 in [8.053, +inf]","Effect of MEASURE_ET_Rc_cat_ct2_OW_ST (low->high) on Yield: when TOPSIN_ET_DC_PIV_Drain_Lag_1 is low = -1.082 pt, medium = -1.413 pt, high = -1.857 pt. The effect of MEASURE_ET_Rc_cat_ct2_OW_ST is largest when TOPSIN_ET_DC_PIV_Drain_Lag_1 is high (a decrease of 1.857 pt) and smallest when TOPSIN_ET_DC_PIV_Drain_Lag_1 is low (1.082 pt).",STRONG,"Joint model beat additive in 5/5 folds (unanimous), incremental R^2=0.0919."
THIN_ET_lkg_100_at20V,THIN_ET_Rcat_cn_3,A_top_score1_nonadditivity,1.919,1.8,6.198,0.2592,0.3511,0.0919,2e-05,0.0017,5/5,"THIN_ET_lkg_100_at20V in [0.04549, 0.06038] AND THIN_ET_Rcat_cn_3 in [-inf, 0.1836]","THIN_ET_lkg_100_at20V in [0.1194, +inf] AND THIN_ET_Rcat_cn_3 in [0.2449, +inf]","Effect of THIN_ET_lkg_100_at20V (low->high) on Yield: when THIN_ET_Rcat_cn_3 is low = -1.765 pt, medium = -2.187 pt, high = -2.612 pt. The effect of THIN_ET_lkg_100_at20V is largest when THIN_ET_Rcat_cn_3 is high (a decrease of 2.612 pt) and smallest when THIN_ET_Rcat_cn_3 is low (1.765 pt).",STRONG,"Joint model beat additive in 5/5 folds (unanimous), incremental R^2=0.0919."
MEASURE_ET_DC_SMALL_Vg_gm_max,TOPSIN_ET_CapFICBRGM,F_score_disagreement,2.1626,2.0493,5.243,0.0789,0.1689,0.09,2e-05,0.0014,5/5,"MEASURE_ET_DC_SMALL_Vg_gm_max in [-inf, 476.5] AND TOPSIN_ET_CapFICBRGM in [500.6, 539.3]","MEASURE_ET_DC_SMALL_Vg_gm_max in [529.3, 569.8] AND TOPSIN_ET_CapFICBRGM in [-inf, 479]","Effect of MEASURE_ET_DC_SMALL_Vg_gm_max (low->high) on Yield: when TOPSIN_ET_CapFICBRGM is low = -3.219 pt, medium = -0.339 pt, high = +0.381 pt. The effect of MEASURE_ET_DC_SMALL_Vg_gm_max is largest when TOPSIN_ET_CapFICBRGM is low (a decrease of 3.219 pt) and smallest when TOPSIN_ET_CapFICBRGM is medium (0.339 pt).",STRONG,"Joint model beat additive in 5/5 folds (unanimous), incremental R^2=0.0900."
THIN_ET_lkg_100_at20V,MEASURE_ET_C100CapPARCAP,A_top_score1_nonadditivity,1.8756,1.7481,6.799,0.3014,0.3907,0.0893,0.0,0.0016,5/5,"THIN_ET_lkg_100_at20V in [-inf, 0.04549] AND MEASURE_ET_C100CapPARCAP in [0.1811, 0.2073]","THIN_ET_lkg_100_at20V in [0.1194, +inf] AND MEASURE_ET_C100CapPARCAP in [0.2466, +inf]","Effect of THIN_ET_lkg_100_at20V (low->high) on Yield: when MEASURE_ET_C100CapPARCAP is low = -2.406 pt, medium = -1.847 pt, high = -1.995 pt. The effect of THIN_ET_lkg_100_at20V is largest when MEASURE_ET_C100CapPARCAP is low (a decrease of 2.406 pt) and smallest when MEASURE_ET_C100CapPARCAP is medium (1.847 pt).",STRONG,"Joint model beat additive in 5/5 folds (unanimous), incremental R^2=0.0893."
MEASURE_ET_ABVIETCH,FIC_ET_DC_RF_Vbgs_0p01,B_existing_shap_interaction,2.105,2.0051,4.745,0.118,0.2028,0.0847,0.00384,0.1004,5/5,"MEASURE_ET_ABVIETCH in [25.13, 26.26] AND FIC_ET_DC_RF_Vbgs_0p01 in [26.75, 28.15]","MEASURE_ET_ABVIETCH in [-inf, 22.84] AND FIC_ET_DC_RF_Vbgs_0p01 in [-inf, 24.05]","Effect of MEASURE_ET_ABVIETCH (low->high) on Yield: when FIC_ET_DC_RF_Vbgs_0p01 is low = +0.491 pt, medium = +2.246 pt, high = -0.012 pt. The effect of MEASURE_ET_ABVIETCH is largest when FIC_ET_DC_RF_Vbgs_0p01 is medium (an increase of 2.246 pt) and smallest when FIC_ET_DC_RF_Vbgs_0p01 is high (0.012 pt).",STRONG,"Joint model beat additive in 5/5 folds (unanimous), incremental R^2=0.0847."
THIN_ET_lkg_100_at20V,TOPSIN_ET_CapFICM1,A_top_score1_nonadditivity+B_existing_shap_interaction+C_existing_h_statistic,1.9268,1.8104,6.038,0.2587,0.3433,0.0846,0.0,0.0,5/5,"THIN_ET_lkg_100_at20V in [0.04549, 0.06038] AND TOPSIN_ET_CapFICM1 in [-inf, 0.702]","THIN_ET_lkg_100_at20V in [0.1194, +inf] AND TOPSIN_ET_CapFICM1 in [-inf, 0.702]","Effect of THIN_ET_lkg_100_at20V (low->high) on Yield: when TOPSIN_ET_CapFICM1 is low = -2.607 pt, medium = -1.500 pt, high = -2.502 pt. The effect of THIN_ET_lkg_100_at20V is largest when TOPSIN_ET_CapFICM1 is low (a decrease of 2.607 pt) and smallest when TOPSIN_ET_CapFICM1 is medium (1.500 pt).",STRONG,"Joint model beat additive in 5/5 folds (unanimous), incremental R^2=0.0846."
SIN_GATE_ET_Rc_an_ct2,TOPSIN_ET_DC_PIV_Drain_Lag_1,A_top_score1_nonadditivity+C_existing_h_statistic,1.9568,1.8483,5.544,0.2472,0.3309,0.0837,0.00044,0.0531,5/5,"SIN_GATE_ET_Rc_an_ct2 in [0.2038, 0.2211] AND TOPSIN_ET_DC_PIV_Drain_Lag_1 in [-inf, 5.168]","SIN_GATE_ET_Rc_an_ct2 in [0.2445, +inf] AND TOPSIN_ET_DC_PIV_Drain_Lag_1 in [8.053, +inf]","Effect of SIN_GATE_ET_Rc_an_ct2 (low->high) on Yield: when TOPSIN_ET_DC_PIV_Drain_Lag_1 is low = -0.520 pt, medium = -1.789 pt, high = -2.113 pt. The effect of SIN_GATE_ET_Rc_an_ct2 is largest when TOPSIN_ET_DC_PIV_Drain_Lag_1 is high (a decrease of 2.113 pt) and smallest when TOPSIN_ET_DC_PIV_Drain_Lag_1 is low (0.520 pt).",STRONG,"Joint model beat additive in 5/5 folds (unanimous), incremental R^2=0.0837."
SIN_GATE_ET_Rc_OG142_GN,TOPSIN_ET_lkg_C450pf,A_top_score1_nonadditivity,1.9573,1.8493,5.515,0.2329,0.3156,0.0827,0.00023,0.0114,5/5,"SIN_GATE_ET_Rc_OG142_GN in [0.1797, 0.2039] AND TOPSIN_ET_lkg_C450pf in [0.04826, 0.06232]","SIN_GATE_ET_Rc_OG142_GN in [0.247, +inf] AND TOPSIN_ET_lkg_C450pf in [0.1248, +inf]","Effect of SIN_GATE_ET_Rc_OG142_GN (low->high) on Yield: when TOPSIN_ET_lkg_C450pf is low = -0.450 pt, medium = -1.241 pt, high = -1.969 pt. The effect of SIN_GATE_ET_Rc_OG142_GN is largest when TOPSIN_ET_lkg_C450pf is high (a decrease of 1.969 pt) and smallest when TOPSIN_ET_lkg_C450pf is low (0.450 pt).",STRONG,"Joint model beat additive in 5/5 folds (unanimous), incremental R^2=0.0827."
TOPSIN_ET_lkg_C450pf,MEASURE_ET_Rc_OG144,C_existing_h_statistic,2.0072,1.8961,5.536,0.197,0.2796,0.0826,1e-05,0.0003,5/5,"TOPSIN_ET_lkg_C450pf in [0.04826, 0.06232] AND MEASURE_ET_Rc_OG144 in [0.1853, 0.2008]","TOPSIN_ET_lkg_C450pf in [0.1248, +inf] AND MEASURE_ET_Rc_OG144 in [0.221, 0.2425]","Effect of TOPSIN_ET_lkg_C450pf (low->high) on Yield: when MEASURE_ET_Rc_OG144 is low = -2.652 pt, medium = -1.700 pt, high = -2.423 pt. The effect of TOPSIN_ET_lkg_C450pf is largest when MEASURE_ET_Rc_OG144 is low (a decrease of 2.652 pt) and smallest when MEASURE_ET_Rc_OG144 is medium (1.700 pt).",STRONG,"Joint model beat additive in 5/5 folds (unanimous), incremental R^2=0.0826."
TOPSIN_ET_lkg_C450pf,THIN_ET_Rc_cat_ct2,A_top_score1_nonadditivity,1.9879,1.8798,5.436,0.2096,0.2915,0.0819,0.00043,0.0253,5/5,"TOPSIN_ET_lkg_C450pf in [-inf, 0.04826] AND THIN_ET_Rc_cat_ct2 in [0.2047, 0.2213]","TOPSIN_ET_lkg_C450pf in [0.1248, +inf] AND THIN_ET_Rc_cat_ct2 in [0.2422, +inf]","Effect of TOPSIN_ET_lkg_C450pf (low->high) on Yield: when THIN_ET_Rc_cat_ct2 is low = -1.902 pt, medium = -1.904 pt, high = -3.120 pt. The effect of TOPSIN_ET_lkg_C450pf is largest when THIN_ET_Rc_cat_ct2 is high (a decrease of 3.120 pt) and smallest when THIN_ET_Rc_cat_ct2 is low (1.902 pt).",STRONG,"Joint model beat additive in 5/5 folds (unanimous), incremental R^2=0.0819."
TOPSIN_ET_C100Cap1pf,THIN_ET_TF_AB_1,D_tree_path_cooccurrence,2.1348,2.0336,4.739,0.1038,0.1846,0.0809,0.01418,0.1846,5/5,"TOPSIN_ET_C100Cap1pf in [0.6956, 0.7786] AND THIN_ET_TF_AB_1 in [-inf, 2.008]","TOPSIN_ET_C100Cap1pf in [0.8836, +inf] AND THIN_ET_TF_AB_1 in [2.008, 3.218]","Effect of TOPSIN_ET_C100Cap1pf (low->high) on Yield: when THIN_ET_TF_AB_1 is low = +0.052 pt, medium = -1.324 pt, high = -2.218 pt. The effect of TOPSIN_ET_C100Cap1pf is largest when THIN_ET_TF_AB_1 is high (a decrease of 2.218 pt) and smallest when THIN_ET_TF_AB_1 is low (0.052 pt).",STRONG,"Joint model beat additive in 5/5 folds (unanimous), incremental R^2=0.0809."
MEASURE_ET_DC_Stress_Id_stress_before,MEASURE_ET_DC_RF2_MAG_26GHz,B_existing_shap_interaction+D_tree_path_cooccurrence,2.1866,2.0909,4.377,0.0592,0.1393,0.0801,0.00577,0.0751,5/5,"MEASURE_ET_DC_Stress_Id_stress_before in [-inf, -0.3852] AND MEASURE_ET_DC_RF2_MAG_26GHz in [15.66, +inf]","MEASURE_ET_DC_Stress_Id_stress_before in [0.9351, 1.901] AND MEASURE_ET_DC_RF2_MAG_26GHz in [14.06, 14.62]","Effect of MEASURE_ET_DC_Stress_Id_stress_before (low->high) on Yield: when MEASURE_ET_DC_RF2_MAG_26GHz is low = +0.640 pt, medium = +1.016 pt, high = -0.422 pt. The effect of MEASURE_ET_DC_Stress_Id_stress_before is largest when MEASURE_ET_DC_RF2_MAG_26GHz is medium (an increase of 1.016 pt) and smallest when MEASURE_ET_DC_RF2_MAG_26GHz is high (0.422 pt).",STRONG,"Joint model beat additive in 5/5 folds (unanimous), incremental R^2=0.0801."
MEASURE_ET_DC_RF2_S21ang_26GHz,MEASURE_ET_DC_RF2_MAG_26GHz,D_tree_path_cooccurrence,2.1632,2.0682,4.392,0.0752,0.1548,0.0797,0.00014,0.0044,5/5,"MEASURE_ET_DC_RF2_S21ang_26GHz in [15.97, +inf] AND MEASURE_ET_DC_RF2_MAG_26GHz in [15.66, +inf]","MEASURE_ET_DC_RF2_S21ang_26GHz in [-inf, 14.14] AND MEASURE_ET_DC_RF2_MAG_26GHz in [14.06, 14.62]","Effect of MEASURE_ET_DC_RF2_S21ang_26GHz (low->high) on Yield: when MEASURE_ET_DC_RF2_MAG_26GHz is low = +0.570 pt, medium = +1.014 pt, high = +0.287 pt. The effect of MEASURE_ET_DC_RF2_S21ang_26GHz is largest when MEASURE_ET_DC_RF2_MAG_26GHz is medium (an increase of 1.014 pt) and smallest when MEASURE_ET_DC_RF2_MAG_26GHz is high (0.287 pt).",STRONG,"Joint model beat additive in 5/5 folds (unanimous), incremental R^2=0.0797."
THIN_ET_lkg_100_at20V,MEASURE_ET_Rc_an_ct2,A_top_score1_nonadditivity,1.9408,1.8307,5.673,0.2473,0.3269,0.0796,0.0,0.0,5/5,"THIN_ET_lkg_100_at20V in [0.04549, 0.06038] AND MEASURE_ET_Rc_an_ct2 in [-inf, 0.1845]","THIN_ET_lkg_100_at20V in [0.1194, +inf] AND MEASURE_ET_Rc_an_ct2 in [0.22, 0.2432]","Effect of THIN_ET_lkg_100_at20V (low->high) on Yield: when MEASURE_ET_Rc_an_ct2 is low = -2.716 pt, medium = -0.487 pt, high = -3.375 pt. The effect of THIN_ET_lkg_100_at20V is largest when MEASURE_ET_Rc_an_ct2 is high (a decrease of 3.375 pt) and smallest when MEASURE_ET_Rc_an_ct2 is medium (0.487 pt).",STRONG,"Joint model beat additive in 5/5 folds (unanimous), incremental R^2=0.0796."
TOPSIN_ET_DC_PIV_Drain_Lag_0,MEASURE_ET_RF_Modeling_S12ang_10GHz,B_existing_shap_interaction+C_existing_h_statistic+D_tree_path_cooccurrence,2.0392,1.9361,5.06,0.1815,0.2603,0.0788,0.0109,0.2562,5/5,"TOPSIN_ET_DC_PIV_Drain_Lag_0 in [-inf, 5.052] AND MEASURE_ET_RF_Modeling_S12ang_10GHz in [-22.83, +inf]","TOPSIN_ET_DC_PIV_Drain_Lag_0 in [8.204, +inf] AND MEASURE_ET_RF_Modeling_S12ang_10GHz in [-22.83, +inf]","Effect of TOPSIN_ET_DC_PIV_Drain_Lag_0 (low->high) on Yield: when MEASURE_ET_RF_Modeling_S12ang_10GHz is low = -1.124 pt, medium = -2.331 pt, high = -2.102 pt. The effect of TOPSIN_ET_DC_PIV_Drain_Lag_0 is largest when MEASURE_ET_RF_Modeling_S12ang_10GHz is medium (a decrease of 2.331 pt) and smallest when MEASURE_ET_RF_Modeling_S12ang_10GHz is low (1.124 pt).",STRONG,"Joint model beat additive in 5/5 folds (unanimous), incremental R^2=0.0788."
TOPSIN_ET_lkg_C450pf,CATHODE_ET_Rcat_cn_3_OW_ST,A_top_score1_nonadditivity,1.9657,1.8715,4.791,0.2263,0.3041,0.0779,0.0,0.0,5/5,"TOPSIN_ET_lkg_C450pf in [0.06232, 0.08421] AND CATHODE_ET_Rcat_cn_3_OW_ST in [0.1782, 0.2051]","TOPSIN_ET_lkg_C450pf in [0.1248, +inf] AND CATHODE_ET_Rcat_cn_3_OW_ST in [0.2376, +inf]","Effect of TOPSIN_ET_lkg_C450pf (low->high) on Yield: when CATHODE_ET_Rcat_cn_3_OW_ST is low = -2.681 pt, medium = -1.143 pt, high = -2.660 pt. The effect of TOPSIN_ET_lkg_C450pf is largest when CATHODE_ET_Rcat_cn_3_OW_ST is low (a decrease of 2.681 pt) and smallest when CATHODE_ET_Rcat_cn_3_OW_ST is medium (1.143 pt).",STRONG,"Joint model beat additive in 5/5 folds (unanimous), incremental R^2=0.0779."
TOPSIN_ET_lkg_C450pf,TOPSIN_ET_CapPARCAP_0,A_top_score1_nonadditivity,1.9459,1.8495,4.95,0.2371,0.3149,0.0778,0.0,0.0,5/5,"TOPSIN_ET_lkg_C450pf in [0.04826, 0.06232] AND TOPSIN_ET_CapPARCAP_0 in [0.1799, 0.2016]","TOPSIN_ET_lkg_C450pf in [0.1248, +inf] AND TOPSIN_ET_CapPARCAP_0 in [0.2231, 0.2398]","Effect of TOPSIN_ET_lkg_C450pf (low->high) on Yield: when TOPSIN_ET_CapPARCAP_0 is low = -2.445 pt, medium = -1.025 pt, high = -3.089 pt. The effect of TOPSIN_ET_lkg_C450pf is largest when TOPSIN_ET_CapPARCAP_0 is high (a decrease of 3.089 pt) and smallest when TOPSIN_ET_CapPARCAP_0 is medium (1.025 pt).",STRONG,"Joint model beat additive in 5/5 folds (unanimous), incremental R^2=0.0778."
TOPSIN_ET_lkg_C450pf,THIN_ET_Rc_OG142,A_top_score1_nonadditivity,1.9243,1.8201,5.417,0.2541,0.3314,0.0773,0.00044,0.0048,5/5,"TOPSIN_ET_lkg_C450pf in [-inf, 0.04826] AND THIN_ET_Rc_OG142 in [0.2048, 0.2237]","TOPSIN_ET_lkg_C450pf in [0.1248, +inf] AND THIN_ET_Rc_OG142 in [0.2421, +inf]","Effect of TOPSIN_ET_lkg_C450pf (low->high) on Yield: when THIN_ET_Rc_OG142 is low = -1.492 pt, medium = -2.164 pt, high = -2.858 pt. The effect of TOPSIN_ET_lkg_C450pf is largest when THIN_ET_Rc_OG142 is high (a decrease of 2.858 pt) and smallest when THIN_ET_Rc_OG142 is low (1.492 pt).",STRONG,"Joint model beat additive in 5/5 folds (unanimous), incremental R^2=0.0773."
THIN_ET_lkg_100_at20V,THIN_ET_Rc_TF_AB_2,A_top_score1_nonadditivity,1.9545,1.8528,5.204,0.2281,0.3043,0.0762,0.0,0.0,5/5,"THIN_ET_lkg_100_at20V in [0.04549, 0.06038] AND THIN_ET_Rc_TF_AB_2 in [-inf, 0.1821]","THIN_ET_lkg_100_at20V in [0.1194, +inf] AND THIN_ET_Rc_TF_AB_2 in [0.2388, +inf]","Effect of THIN_ET_lkg_100_at20V (low->high) on Yield: when THIN_ET_Rc_TF_AB_2 is low = -2.347 pt, medium = -1.066 pt, high = -2.810 pt. The effect of THIN_ET_lkg_100_at20V is largest when THIN_ET_Rc_TF_AB_2 is high (a decrease of 2.810 pt) and smallest when THIN_ET_Rc_TF_AB_2 is medium (1.066 pt).",STRONG,"Joint model beat additive in 5/5 folds (unanimous), incremental R^2=0.0762."
TOPSIN_ET_lkg_C450pf,FIC_ET_Rc_f_tn_23,A_top_score1_nonadditivity,1.9896,1.8967,4.671,0.2107,0.2867,0.0759,0.0,0.0,5/5,"TOPSIN_ET_lkg_C450pf in [-inf, 0.04826] AND FIC_ET_Rc_f_tn_23 in [0.226, 0.2411]","TOPSIN_ET_lkg_C450pf in [0.1248, +inf] AND FIC_ET_Rc_f_tn_23 in [0.2411, +inf]","Effect of TOPSIN_ET_lkg_C450pf (low->high) on Yield: when FIC_ET_Rc_f_tn_23 is low = -2.207 pt, medium = -2.095 pt, high = -2.574 pt. The effect of TOPSIN_ET_lkg_C450pf is largest when FIC_ET_Rc_f_tn_23 is high (a decrease of 2.574 pt) and smallest when FIC_ET_Rc_f_tn_23 is medium (2.095 pt).",STRONG,"Joint model beat additive in 5/5 folds (unanimous), incremental R^2=0.0759."
SIN_GATE_ET_lkg_SY8_80,THIN_ET_Rcat_cn_3,B_existing_shap_interaction,1.9712,1.8771,4.776,0.2204,0.2958,0.0754,0.0,0.0,5/5,"SIN_GATE_ET_lkg_SY8_80 in [0.04878, 0.06093] AND THIN_ET_Rcat_cn_3 in [-inf, 0.1836]","SIN_GATE_ET_lkg_SY8_80 in [0.1323, +inf] AND THIN_ET_Rcat_cn_3 in [0.2449, +inf]","Effect of SIN_GATE_ET_lkg_SY8_80 (low->high) on Yield: when THIN_ET_Rcat_cn_3 is low = -2.197 pt, medium = -2.137 pt, high = -2.402 pt. The effect of SIN_GATE_ET_lkg_SY8_80 is largest when THIN_ET_Rcat_cn_3 is high (a decrease of 2.402 pt) and smallest when THIN_ET_Rcat_cn_3 is medium (2.137 pt).",STRONG,"Joint model beat additive in 5/5 folds (unanimous), incremental R^2=0.0754."
TOPSIN_ET_C100Cap1pf,TOPSIN_ET_DC_SMALL_Vbgd_0p1,D_tree_path_cooccurrence,2.1369,2.0402,4.523,0.0982,0.1723,0.0741,0.00419,0.0658,5/5,"TOPSIN_ET_C100Cap1pf in [0.7786, 0.8364] AND TOPSIN_ET_DC_SMALL_Vbgd_0p1 in [30.59, +inf]","TOPSIN_ET_C100Cap1pf in [-inf, 0.6956] AND TOPSIN_ET_DC_SMALL_Vbgd_0p1 in [-inf, 24.12]","Effect of TOPSIN_ET_C100Cap1pf (low->high) on Yield: when TOPSIN_ET_DC_SMALL_Vbgd_0p1 is low = -0.643 pt, medium = -0.829 pt, high = -1.011 pt. The effect of TOPSIN_ET_C100Cap1pf is largest when TOPSIN_ET_DC_SMALL_Vbgd_0p1 is high (a decrease of 1.011 pt) and smallest when TOPSIN_ET_DC_SMALL_Vbgd_0p1 is low (0.643 pt).",STRONG,"Joint model beat additive in 5/5 folds (unanimous), incremental R^2=0.0741."
MaskSetSupplyChipsCount,MEASURE_ET_DC_RF_K_W,B_existing_shap_interaction+C_existing_h_statistic,2.1541,2.0705,3.88,0.0848,0.1576,0.0728,0.00134,0.0542,5/5,"MaskSetSupplyChipsCount in [-inf, 1362] AND MEASURE_ET_DC_RF_K_W in [12.13, +inf]","MaskSetSupplyChipsCount in [1362, 1436] AND MEASURE_ET_DC_RF_K_W in [-inf, 8.783]","Effect of MaskSetSupplyChipsCount (low->high) on Yield: when MEASURE_ET_DC_RF_K_W is low = +1.405 pt, medium = +0.505 pt, high = -0.385 pt. The effect of MaskSetSupplyChipsCount is largest when MEASURE_ET_DC_RF_K_W is low (an increase of 1.405 pt) and smallest when MEASURE_ET_DC_RF_K_W is high (0.385 pt).",STRONG,"Joint model beat additive in 5/5 folds (unanimous), incremental R^2=0.0728."
MEASURE_ET_C100CapPARCAP,TOPSIN_ET_DC_PIV_Drain_Lag_1,A_top_score1_nonadditivity,1.9221,1.8277,4.908,0.2726,0.345,0.0724,1e-05,0.0064,5/5,"MEASURE_ET_C100CapPARCAP in [0.1811, 0.2073] AND TOPSIN_ET_DC_PIV_Drain_Lag_1 in [6.137, 6.999]","MEASURE_ET_C100CapPARCAP in [0.2466, +inf] AND TOPSIN_ET_DC_PIV_Drain_Lag_1 in [8.053, +inf]","Effect of MEASURE_ET_C100CapPARCAP (low->high) on Yield: when TOPSIN_ET_DC_PIV_Drain_Lag_1 is low = -0.350 pt, medium = -0.684 pt, high = -1.653 pt. The effect of MEASURE_ET_C100CapPARCAP is largest when TOPSIN_ET_DC_PIV_Drain_Lag_1 is high (a decrease of 1.653 pt) and smallest when TOPSIN_ET_DC_PIV_Drain_Lag_1 is low (0.350 pt).",STRONG,"Joint model beat additive in 5/5 folds (unanimous), incremental R^2=0.0724."
MEASURE_ET_lkg_50_at20V,MEASURE_ET_DC_Big_S12dB_10GHz,D_tree_path_cooccurrence,2.0188,1.9286,4.472,0.1961,0.2669,0.0709,0.00401,0.0285,5/5,"MEASURE_ET_lkg_50_at20V in [-inf, 0.04449] AND MEASURE_ET_DC_Big_S12dB_10GHz in [-27.53, -25.63]","MEASURE_ET_lkg_50_at20V in [0.1274, +inf] AND MEASURE_ET_DC_Big_S12dB_10GHz in [-22.73, +inf]","Effect of MEASURE_ET_lkg_50_at20V (low->high) on Yield: when MEASURE_ET_DC_Big_S12dB_10GHz is low = -1.939 pt, medium = -1.146 pt, high = -2.512 pt. The effect of MEASURE_ET_lkg_50_at20V is largest when MEASURE_ET_DC_Big_S12dB_10GHz is high (a decrease of 2.512 pt) and smallest when MEASURE_ET_DC_Big_S12dB_10GHz is medium (1.146 pt).",STRONG,"Joint model beat additive in 5/5 folds (unanimous), incremental R^2=0.0709."
MEASURE_ET_lkg_50_at20V,MEASURE_ET_DC_SMALL_Ids_m0p2,D_tree_path_cooccurrence,2.0439,1.9565,4.274,0.1678,0.2384,0.0706,0.00282,0.0253,5/5,"MEASURE_ET_lkg_50_at20V in [-inf, 0.04449] AND MEASURE_ET_DC_SMALL_Ids_m0p2 in [-inf, 0.311]","MEASURE_ET_lkg_50_at20V in [0.1274, +inf] AND MEASURE_ET_DC_SMALL_Ids_m0p2 in [-inf, 0.311]","Effect of MEASURE_ET_lkg_50_at20V (low->high) on Yield: when MEASURE_ET_DC_SMALL_Ids_m0p2 is low = -2.139 pt, medium = -1.330 pt, high = -1.541 pt. The effect of MEASURE_ET_lkg_50_at20V is largest when MEASURE_ET_DC_SMALL_Ids_m0p2 is low (a decrease of 2.139 pt) and smallest when MEASURE_ET_DC_SMALL_Ids_m0p2 is medium (1.330 pt).",STRONG,"Joint model beat additive in 5/5 folds (unanimous), incremental R^2=0.0706."
TOPSIN_ET_C100Cap1pf,MEASURE_ET_DC_Stress_Id_stress_before,B_existing_shap_interaction+D_tree_path_cooccurrence,2.2012,2.1179,3.783,0.0467,0.1167,0.0701,0.00626,0.0529,5/5,"TOPSIN_ET_C100Cap1pf in [0.6956, 0.7786] AND MEASURE_ET_DC_Stress_Id_stress_before in [0.9351, 1.901]","TOPSIN_ET_C100Cap1pf in [0.8836, +inf] AND MEASURE_ET_DC_Stress_Id_stress_before in [0.9351, 1.901]","Effect of TOPSIN_ET_C100Cap1pf (low->high) on Yield: when MEASURE_ET_DC_Stress_Id_stress_before is low = -0.669 pt, medium = -2.349 pt, high = -0.230 pt. The effect of TOPSIN_ET_C100Cap1pf is largest when MEASURE_ET_DC_Stress_Id_stress_before is medium (a decrease of 2.349 pt) and smallest when MEASURE_ET_DC_Stress_Id_stress_before is high (0.230 pt).",STRONG,"Joint model beat additive in 5/5 folds (unanimous), incremental R^2=0.0701."
TOPSIN_ET_C100Cap1pf,MEASURE_ET_DC_RF2_MAG_26GHz,B_existing_shap_interaction,2.1264,2.0406,4.035,0.111,0.181,0.07,0.00524,0.061,5/5,"TOPSIN_ET_C100Cap1pf in [-inf, 0.6956] AND MEASURE_ET_DC_RF2_MAG_26GHz in [15.66, +inf]","TOPSIN_ET_C100Cap1pf in [0.8836, +inf] AND MEASURE_ET_DC_RF2_MAG_26GHz in [14.06, 14.62]","Effect of TOPSIN_ET_C100Cap1pf (low->high) on Yield: when MEASURE_ET_DC_RF2_MAG_26GHz is low = -1.051 pt, medium = -1.009 pt, high = -0.808 pt. The effect of TOPSIN_ET_C100Cap1pf is largest when MEASURE_ET_DC_RF2_MAG_26GHz is low (a decrease of 1.051 pt) and smallest when MEASURE_ET_DC_RF2_MAG_26GHz is high (0.808 pt).",STRONG,"Joint model beat additive in 5/5 folds (unanimous), incremental R^2=0.0700."
TOPSIN_ET_C100Cap1pf,MEASURE_ET_ABVIETCH,B_existing_shap_interaction+C_existing_h_statistic+D_tree_path_cooccurrence,2.1133,2.0244,4.21,0.1163,0.1858,0.0695,0.01319,0.1602,5/5,"TOPSIN_ET_C100Cap1pf in [0.6956, 0.7786] AND MEASURE_ET_ABVIETCH in [25.13, 26.26]","TOPSIN_ET_C100Cap1pf in [-inf, 0.6956] AND MEASURE_ET_ABVIETCH in [-inf, 22.84]","Effect of TOPSIN_ET_C100Cap1pf (low->high) on Yield: when MEASURE_ET_ABVIETCH is low = +0.608 pt, medium = -1.645 pt, high = -2.039 pt. The effect of TOPSIN_ET_C100Cap1pf is largest when MEASURE_ET_ABVIETCH is high (a decrease of 2.039 pt) and smallest when MEASURE_ET_ABVIETCH is low (0.608 pt).",STRONG,"Joint model beat additive in 5/5 folds (unanimous), incremental R^2=0.0695."
THIN_ET_sh_f_hr_23,TOPSIN_ET_DC_PIV_Drain_Lag_1,B_existing_shap_interaction+C_existing_h_statistic,1.9787,1.8875,4.61,0.2288,0.2968,0.068,0.0,0.0,5/5,"THIN_ET_sh_f_hr_23 in [0.977, 2.437] AND TOPSIN_ET_DC_PIV_Drain_Lag_1 in [-inf, 5.168]","THIN_ET_sh_f_hr_23 in [4.562, +inf] AND TOPSIN_ET_DC_PIV_Drain_Lag_1 in [8.053, +inf]","Effect of THIN_ET_sh_f_hr_23 (low->high) on Yield: when TOPSIN_ET_DC_PIV_Drain_Lag_1 is low = -0.403 pt, medium = +0.360 pt, high = -1.427 pt. The effect of THIN_ET_sh_f_hr_23 is largest when TOPSIN_ET_DC_PIV_Drain_Lag_1 is high (a decrease of 1.427 pt) and smallest when TOPSIN_ET_DC_PIV_Drain_Lag_1 is medium (0.360 pt).",STRONG,"Joint model beat additive in 5/5 folds (unanimous), incremental R^2=0.0680."
TOPSIN_ET_lkg_C450pf,MEASURE_ET_Rcat_cn_2,C_existing_h_statistic,1.909,1.8196,4.68,0.2738,0.3416,0.0678,0.00025,0.009,5/5,"TOPSIN_ET_lkg_C450pf in [-inf, 0.04826] AND MEASURE_ET_Rcat_cn_2 in [0.2026, 0.2216]","TOPSIN_ET_lkg_C450pf in [0.1248, +inf] AND MEASURE_ET_Rcat_cn_2 in [0.2426, +inf]","Effect of TOPSIN_ET_lkg_C450pf (low->high) on Yield: when MEASURE_ET_Rcat_cn_2 is low = -2.936 pt, medium = -1.358 pt, high = -2.187 pt. The effect of TOPSIN_ET_lkg_C450pf is largest when MEASURE_ET_Rcat_cn_2 is low (a decrease of 2.936 pt) and smallest when MEASURE_ET_Rcat_cn_2 is medium (1.358 pt).",STRONG,"Joint model beat additive in 5/5 folds (unanimous), incremental R^2=0.0678."
MEASURE_ET_lkg_50_at20V,MEASURE_ET_VIA_KLV,B_existing_shap_interaction,2.0741,1.9926,3.932,0.1505,0.2179,0.0674,0.00786,0.0657,5/5,"MEASURE_ET_lkg_50_at20V in [-inf, 0.04449] AND MEASURE_ET_VIA_KLV in [5.962, 6.951]","MEASURE_ET_lkg_50_at20V in [0.1274, +inf] AND MEASURE_ET_VIA_KLV in [6.951, 7.749]","Effect of MEASURE_ET_lkg_50_at20V (low->high) on Yield: when MEASURE_ET_VIA_KLV is low = -1.275 pt, medium = -3.263 pt, high = -1.039 pt. The effect of MEASURE_ET_lkg_50_at20V is largest when MEASURE_ET_VIA_KLV is medium (a decrease of 3.263 pt) and smallest when MEASURE_ET_VIA_KLV is high (1.039 pt).",STRONG,"Joint model beat additive in 5/5 folds (unanimous), incremental R^2=0.0674."
TOPSIN_ET_lkg_C450pf,SIN_GATE_ET_Rc_an_ct2,A_top_score1_nonadditivity,1.966,1.8836,4.189,0.2315,0.2984,0.0669,0.00017,0.0095,5/5,"TOPSIN_ET_lkg_C450pf in [0.04826, 0.06232] AND SIN_GATE_ET_Rc_an_ct2 in [0.2038, 0.2211]","TOPSIN_ET_lkg_C450pf in [0.1248, +inf] AND SIN_GATE_ET_Rc_an_ct2 in [0.2445, +inf]","Effect of TOPSIN_ET_lkg_C450pf (low->high) on Yield: when SIN_GATE_ET_Rc_an_ct2 is low = -1.631 pt, medium = -2.111 pt, high = -2.811 pt. The effect of TOPSIN_ET_lkg_C450pf is largest when SIN_GATE_ET_Rc_an_ct2 is high (a decrease of 2.811 pt) and smallest when SIN_GATE_ET_Rc_an_ct2 is low (1.631 pt).",STRONG,"Joint model beat additive in 5/5 folds (unanimous), incremental R^2=0.0669."
THIN_ET_lkg_100_at20V,THIN_ET_Rc_cat_ct2,A_top_score1_nonadditivity,1.9646,1.8816,4.223,0.2252,0.2908,0.0657,0.0,0.0,5/5,"THIN_ET_lkg_100_at20V in [0.04549, 0.06038] AND THIN_ET_Rc_cat_ct2 in [0.2047, 0.2213]","THIN_ET_lkg_100_at20V in [0.1194, +inf] AND THIN_ET_Rc_cat_ct2 in [0.2422, +inf]","Effect of THIN_ET_lkg_100_at20V (low->high) on Yield: when THIN_ET_Rc_cat_ct2 is low = -1.641 pt, medium = -1.786 pt, high = -3.296 pt. The effect of THIN_ET_lkg_100_at20V is largest when THIN_ET_Rc_cat_ct2 is high (a decrease of 3.296 pt) and smallest when THIN_ET_Rc_cat_ct2 is low (1.641 pt).",STRONG,"Joint model beat additive in 5/5 folds (unanimous), incremental R^2=0.0657."
SIN_GATE_ET_Rc_OG142_GN,TOPSIN_ET_DC_PIV_Drain_Lag_1,C_existing_h_statistic,1.9845,1.9007,4.223,0.2193,0.283,0.0638,0.0,0.0,5/5,"SIN_GATE_ET_Rc_OG142_GN in [0.1797, 0.2039] AND TOPSIN_ET_DC_PIV_Drain_Lag_1 in [-inf, 5.168]","SIN_GATE_ET_Rc_OG142_GN in [0.2282, 0.247] AND TOPSIN_ET_DC_PIV_Drain_Lag_1 in [8.053, +inf]","Effect of SIN_GATE_ET_Rc_OG142_GN (low->high) on Yield: when TOPSIN_ET_DC_PIV_Drain_Lag_1 is low = -0.477 pt, medium = -0.943 pt, high = -2.116 pt. The effect of SIN_GATE_ET_Rc_OG142_GN is largest when TOPSIN_ET_DC_PIV_Drain_Lag_1 is high (a decrease of 2.116 pt) and smallest when TOPSIN_ET_DC_PIV_Drain_Lag_1 is low (0.477 pt).",STRONG,"Joint model beat additive in 5/5 folds (unanimous), incremental R^2=0.0638."
MEASURE_ET_ABVIETCH,MEASURE_ET_DC_RF2_S22dB_26GHz,B_existing_shap_interaction+C_existing_h_statistic,2.1274,2.053,3.498,0.1079,0.1707,0.0628,0.02111,0.3508,5/5,"MEASURE_ET_ABVIETCH in [26.26, +inf] AND MEASURE_ET_DC_RF2_S22dB_26GHz in [-inf, -13.82]","MEASURE_ET_ABVIETCH in [-inf, 22.84] AND MEASURE_ET_DC_RF2_S22dB_26GHz in [-12.7, -11.83]","Effect of MEASURE_ET_ABVIETCH (low->high) on Yield: when MEASURE_ET_DC_RF2_S22dB_26GHz is low = +0.603 pt, medium = +2.198 pt, high = +2.167 pt. The effect of MEASURE_ET_ABVIETCH is largest when MEASURE_ET_DC_RF2_S22dB_26GHz is medium (an increase of 2.198 pt) and smallest when MEASURE_ET_DC_RF2_S22dB_26GHz is low (0.603 pt).",STRONG,"Joint model beat additive in 5/5 folds (unanimous), incremental R^2=0.0628."
TOPSIN_ET_lkg_C450pf,MEASURE_ET_DC_RF_Id_Vbon_min,C_existing_h_statistic,1.9931,1.9136,3.992,0.2107,0.2731,0.0624,1e-05,0.0008,5/5,"TOPSIN_ET_lkg_C450pf in [0.04826, 0.06232] AND MEASURE_ET_DC_RF_Id_Vbon_min in [38.08, +inf]","TOPSIN_ET_lkg_C450pf in [0.1248, +inf] AND MEASURE_ET_DC_RF_Id_Vbon_min in [36.75, 38.08]","Effect of TOPSIN_ET_lkg_C450pf (low->high) on Yield: when MEASURE_ET_DC_RF_Id_Vbon_min is low = -2.791 pt, medium = -2.546 pt, high = -1.193 pt. The effect of TOPSIN_ET_lkg_C450pf is largest when MEASURE_ET_DC_RF_Id_Vbon_min is low (a decrease of 2.791 pt) and smallest when MEASURE_ET_DC_RF_Id_Vbon_min is high (1.193 pt).",STRONG,"Joint model beat additive in 5/5 folds (unanimous), incremental R^2=0.0624."
TOPSIN_ET_lkg_C450pf,FIC_ET_Rc_f_hr_23,A_top_score1_nonadditivity,1.9678,1.8816,4.38,0.2232,0.2843,0.0612,0.0,0.0,5/5,"TOPSIN_ET_lkg_C450pf in [-inf, 0.04826] AND FIC_ET_Rc_f_hr_23 in [0.2025, 0.2205]","TOPSIN_ET_lkg_C450pf in [0.1248, +inf] AND FIC_ET_Rc_f_hr_23 in [0.2415, +inf]","Effect of TOPSIN_ET_lkg_C450pf (low->high) on Yield: when FIC_ET_Rc_f_hr_23 is low = -2.083 pt, medium = -1.854 pt, high = -2.811 pt. The effect of TOPSIN_ET_lkg_C450pf is largest when FIC_ET_Rc_f_hr_23 is high (a decrease of 2.811 pt) and smallest when FIC_ET_Rc_f_hr_23 is medium (1.854 pt).",STRONG,"Joint model beat additive in 5/5 folds (unanimous), incremental R^2=0.0612."
TOPSIN_ET_CapPARCAP_0,TOPSIN_ET_DC_PIV_Drain_Lag_1,A_top_score1_nonadditivity,1.9583,1.8783,4.085,0.2389,0.2998,0.0609,0.0,0.0,5/5,"TOPSIN_ET_CapPARCAP_0 in [0.2016, 0.2231] AND TOPSIN_ET_DC_PIV_Drain_Lag_1 in [-inf, 5.168]","TOPSIN_ET_CapPARCAP_0 in [0.2398, +inf] AND TOPSIN_ET_DC_PIV_Drain_Lag_1 in [8.053, +inf]","Effect of TOPSIN_ET_CapPARCAP_0 (low->high) on Yield: when TOPSIN_ET_DC_PIV_Drain_Lag_1 is low = -0.784 pt, medium = -1.149 pt, high = -1.953 pt. The effect of TOPSIN_ET_CapPARCAP_0 is largest when TOPSIN_ET_DC_PIV_Drain_Lag_1 is high (a decrease of 1.953 pt) and smallest when TOPSIN_ET_DC_PIV_Drain_Lag_1 is low (0.784 pt).",STRONG,"Joint model beat additive in 5/5 folds (unanimous), incremental R^2=0.0609."
OHMIC_ET_OHMC,TOPSIN_ET_DC_PIV_Drain_Lag_1,A_top_score1_nonadditivity,2.0284,1.9507,3.83,0.1891,0.2499,0.0608,0.0,0.0,5/5,"OHMIC_ET_OHMC in [-inf, 11.94] AND TOPSIN_ET_DC_PIV_Drain_Lag_1 in [-inf, 5.168]","OHMIC_ET_OHMC in [14.22, 15.59] AND TOPSIN_ET_DC_PIV_Drain_Lag_1 in [8.053, +inf]","Effect of OHMIC_ET_OHMC (low->high) on Yield: when TOPSIN_ET_DC_PIV_Drain_Lag_1 is low = -1.692 pt, medium = -0.330 pt, high = -0.228 pt. The effect of OHMIC_ET_OHMC is largest when TOPSIN_ET_DC_PIV_Drain_Lag_1 is low (a decrease of 1.692 pt) and smallest when TOPSIN_ET_DC_PIV_Drain_Lag_1 is high (0.228 pt).",STRONG,"Joint model beat additive in 5/5 folds (unanimous), incremental R^2=0.0608."
MEASURE_ET_DC_Big_S12dB_10GHz,MEASURE_ET_DC_Stress_Id_stress_before,D_tree_path_cooccurrence,2.1863,2.1113,3.43,0.0615,0.1216,0.0601,0.00117,0.0131,5/5,"MEASURE_ET_DC_Big_S12dB_10GHz in [-24.27, -22.73] AND MEASURE_ET_DC_Stress_Id_stress_before in [2.75, +inf]","MEASURE_ET_DC_Big_S12dB_10GHz in [-22.73, +inf] AND MEASURE_ET_DC_Stress_Id_stress_before in [-0.3852, 0.9351]","Effect of MEASURE_ET_DC_Big_S12dB_10GHz (low->high) on Yield: when MEASURE_ET_DC_Stress_Id_stress_before is low = -0.556 pt, medium = -0.187 pt, high = -1.634 pt. The effect of MEASURE_ET_DC_Big_S12dB_10GHz is largest when MEASURE_ET_DC_Stress_Id_stress_before is high (a decrease of 1.634 pt) and smallest when MEASURE_ET_DC_Stress_Id_stress_before is medium (0.187 pt).",STRONG,"Joint model beat additive in 5/5 folds (unanimous), incremental R^2=0.0601."
THIN_ET_lkg_100_at20V,TOPSIN_ET_DC_SMALL_Vdg_max,C_existing_h_statistic,1.9582,1.8813,3.929,0.235,0.2948,0.0599,2e-05,0.0024,5/5,"THIN_ET_lkg_100_at20V in [-inf, 0.04549] AND TOPSIN_ET_DC_SMALL_Vdg_max in [-inf, 28.59]","THIN_ET_lkg_100_at20V in [0.1194, +inf] AND TOPSIN_ET_DC_SMALL_Vdg_max in [28.59, 29.79]","Effect of THIN_ET_lkg_100_at20V (low->high) on Yield: when TOPSIN_ET_DC_SMALL_Vdg_max is low = -1.621 pt, medium = -2.203 pt, high = -2.742 pt. The effect of THIN_ET_lkg_100_at20V is largest when TOPSIN_ET_DC_SMALL_Vdg_max is high (a decrease of 2.742 pt) and smallest when TOPSIN_ET_DC_SMALL_Vdg_max is low (1.621 pt).",STRONG,"Joint model beat additive in 5/5 folds (unanimous), incremental R^2=0.0599."
THIN_ET_Rc_f_hr_23,TOPSIN_ET_DC_PIV_Drain_Lag_1,A_top_score1_nonadditivity,2.0015,1.9204,4.052,0.2083,0.2681,0.0598,0.0,0.0,5/5,"THIN_ET_Rc_f_hr_23 in [0.1857, 0.2073] AND TOPSIN_ET_DC_PIV_Drain_Lag_1 in [-inf, 5.168]","THIN_ET_Rc_f_hr_23 in [0.2228, 0.2408] AND TOPSIN_ET_DC_PIV_Drain_Lag_1 in [8.053, +inf]","Effect of THIN_ET_Rc_f_hr_23 (low->high) on Yield: when TOPSIN_ET_DC_PIV_Drain_Lag_1 is low = -0.601 pt, medium = -0.528 pt, high = -1.408 pt. The effect of THIN_ET_Rc_f_hr_23 is largest when TOPSIN_ET_DC_PIV_Drain_Lag_1 is high (a decrease of 1.408 pt) and smallest when TOPSIN_ET_DC_PIV_Drain_Lag_1 is medium (0.528 pt).",STRONG,"Joint model beat additive in 5/5 folds (unanimous), incremental R^2=0.0598."
MEASURE_ET_DC_RF_Min_S21_Freq_L1018,MEASURE_ET_DC_Big_S12dB_10GHz,B_existing_shap_interaction,2.1658,2.0967,3.192,0.0785,0.1371,0.0585,0.00106,0.021,5/5,"MEASURE_ET_DC_RF_Min_S21_Freq_L1018 in [14.65, 15.33] AND MEASURE_ET_DC_Big_S12dB_10GHz in [-25.63, -24.27]","MEASURE_ET_DC_RF_Min_S21_Freq_L1018 in [-inf, 14.07] AND MEASURE_ET_DC_Big_S12dB_10GHz in [-22.73, +inf]","Effect of MEASURE_ET_DC_RF_Min_S21_Freq_L1018 (low->high) on Yield: when MEASURE_ET_DC_Big_S12dB_10GHz is low = +0.552 pt, medium = +0.972 pt, high = +0.759 pt. The effect of MEASURE_ET_DC_RF_Min_S21_Freq_L1018 is largest when MEASURE_ET_DC_Big_S12dB_10GHz is medium (an increase of 0.972 pt) and smallest when MEASURE_ET_DC_Big_S12dB_10GHz is low (0.552 pt).",STRONG,"Joint model beat additive in 5/5 folds (unanimous), incremental R^2=0.0585."
TOPSIN_ET_C100Cap1pf,THIN_ET_R_4000_HOR,D_tree_path_cooccurrence,2.1635,2.0907,3.365,0.0785,0.1362,0.0576,0.00196,0.0276,5/5,"TOPSIN_ET_C100Cap1pf in [-inf, 0.6956] AND THIN_ET_R_4000_HOR in [20.97, 22.32]","TOPSIN_ET_C100Cap1pf in [-inf, 0.6956] AND THIN_ET_R_4000_HOR in [23.71, +inf]","Effect of TOPSIN_ET_C100Cap1pf (low->high) on Yield: when THIN_ET_R_4000_HOR is low = -1.246 pt, medium = -1.489 pt, high = -0.472 pt. The effect of TOPSIN_ET_C100Cap1pf is largest when THIN_ET_R_4000_HOR is medium (a decrease of 1.489 pt) and smallest when THIN_ET_R_4000_HOR is high (0.472 pt).",STRONG,"Joint model beat additive in 5/5 folds (unanimous), incremental R^2=0.0576."
MEASURE_ET_lkg_50_at20V,MEASURE_ET_DC_Stress_Id_stress_before,D_tree_path_cooccurrence,2.0976,2.028,3.321,0.1285,0.1853,0.0568,0.00652,0.0704,5/5,"MEASURE_ET_lkg_50_at20V in [0.04449, 0.06443] AND MEASURE_ET_DC_Stress_Id_stress_before in [2.75, +inf]","MEASURE_ET_lkg_50_at20V in [0.1274, +inf] AND MEASURE_ET_DC_Stress_Id_stress_before in [-inf, -0.3852]","Effect of MEASURE_ET_lkg_50_at20V (low->high) on Yield: when MEASURE_ET_DC_Stress_Id_stress_before is low = -1.263 pt, medium = -1.385 pt, high = -2.968 pt. The effect of MEASURE_ET_lkg_50_at20V is largest when MEASURE_ET_DC_Stress_Id_stress_before is high (a decrease of 2.968 pt) and smallest when MEASURE_ET_DC_Stress_Id_stress_before is low (1.263 pt).",STRONG,"Joint model beat additive in 5/5 folds (unanimous), incremental R^2=0.0568."
TOPSIN_ET_lkg_C450pf,CATHODE_ET_Rcat_cn_2,C_existing_h_statistic,1.948,1.8719,3.907,0.2455,0.3016,0.0561,0.00021,0.0055,5/5,"TOPSIN_ET_lkg_C450pf in [-inf, 0.04826] AND CATHODE_ET_Rcat_cn_2 in [0.1765, 0.2035]","TOPSIN_ET_lkg_C450pf in [0.1248, +inf] AND CATHODE_ET_Rcat_cn_2 in [0.2447, +inf]","Effect of TOPSIN_ET_lkg_C450pf (low->high) on Yield: when CATHODE_ET_Rcat_cn_2 is low = -2.321 pt, medium = -1.488 pt, high = -2.716 pt. The effect of TOPSIN_ET_lkg_C450pf is largest when CATHODE_ET_Rcat_cn_2 is high (a decrease of 2.716 pt) and smallest when CATHODE_ET_Rcat_cn_2 is medium (1.488 pt).",STRONG,"Joint model beat additive in 5/5 folds (unanimous), incremental R^2=0.0561."
MEASURE_ET_Rc_cat_ct2_OW_ST,TOPSIN_ET_lkg_C450pf,A_top_score1_nonadditivity+C_existing_h_statistic,1.9684,1.8947,3.744,0.226,0.2819,0.0559,0.00076,0.0391,5/5,"MEASURE_ET_Rc_cat_ct2_OW_ST in [0.1856, 0.2039] AND TOPSIN_ET_lkg_C450pf in [-inf, 0.04826]","MEASURE_ET_Rc_cat_ct2_OW_ST in [0.2432, +inf] AND TOPSIN_ET_lkg_C450pf in [0.1248, +inf]","Effect of MEASURE_ET_Rc_cat_ct2_OW_ST (low->high) on Yield: when TOPSIN_ET_lkg_C450pf is low = -0.601 pt, medium = -1.535 pt, high = -0.967 pt. The effect of MEASURE_ET_Rc_cat_ct2_OW_ST is largest when TOPSIN_ET_lkg_C450pf is medium (a decrease of 1.535 pt) and smallest when TOPSIN_ET_lkg_C450pf is low (0.601 pt).",STRONG,"Joint model beat additive in 5/5 folds (unanimous), incremental R^2=0.0559."
TOPSIN_ET_Rc_OG144,TOPSIN_ET_DC_PIV_Drain_Lag_1,A_top_score1_nonadditivity,1.9574,1.8821,3.848,0.2417,0.297,0.0553,0.0,0.0,5/5,"TOPSIN_ET_Rc_OG144 in [0.2011, 0.2193] AND TOPSIN_ET_DC_PIV_Drain_Lag_1 in [-inf, 5.168]","TOPSIN_ET_Rc_OG144 in [0.2193, 0.2421] AND TOPSIN_ET_DC_PIV_Drain_Lag_1 in [8.053, +inf]","Effect of TOPSIN_ET_Rc_OG144 (low->high) on Yield: when TOPSIN_ET_DC_PIV_Drain_Lag_1 is low = -0.828 pt, medium = -0.695 pt, high = -2.358 pt. The effect of TOPSIN_ET_Rc_OG144 is largest when TOPSIN_ET_DC_PIV_Drain_Lag_1 is high (a decrease of 2.358 pt) and smallest when TOPSIN_ET_DC_PIV_Drain_Lag_1 is medium (0.695 pt).",STRONG,"Joint model beat additive in 5/5 folds (unanimous), incremental R^2=0.0553."
SIN_GATE_ET_lkg_SY8_80,THIN_ET_Rc_cat_ct2,A_top_score1_nonadditivity,2.0013,1.933,3.413,0.1954,0.2501,0.0547,2e-05,0.0013,5/5,"SIN_GATE_ET_lkg_SY8_80 in [0.04878, 0.06093] AND THIN_ET_Rc_cat_ct2 in [0.2047, 0.2213]","SIN_GATE_ET_lkg_SY8_80 in [0.1323, +inf] AND THIN_ET_Rc_cat_ct2 in [0.2422, +inf]","Effect of SIN_GATE_ET_lkg_SY8_80 (low->high) on Yield: when THIN_ET_Rc_cat_ct2 is low = -1.957 pt, medium = -1.973 pt, high = -3.071 pt. The effect of SIN_GATE_ET_lkg_SY8_80 is largest when THIN_ET_Rc_cat_ct2 is high (a decrease of 3.071 pt) and smallest when THIN_ET_Rc_cat_ct2 is low (1.957 pt).",STRONG,"Joint model beat additive in 5/5 folds (unanimous), incremental R^2=0.0547."
FIC_ET_R_f_tn_2,ANODE_ET_Probe_Number,D_tree_path_cooccurrence,2.2096,2.1461,2.873,0.033,0.0867,0.0537,0.00034,0.0718,5/5,"FIC_ET_R_f_tn_2 in [89.67, +inf] AND ANODE_ET_Probe_Number in [-inf, 1.953]","FIC_ET_R_f_tn_2 in [-inf, 85.22] AND ANODE_ET_Probe_Number in [-inf, 1.953]","Effect of FIC_ET_R_f_tn_2 (low->high) on Yield: when ANODE_ET_Probe_Number is low = +1.854 pt, medium = +0.490 pt, high = +0.755 pt. The effect of FIC_ET_R_f_tn_2 is largest when ANODE_ET_Probe_Number is low (an increase of 1.854 pt) and smallest when ANODE_ET_Probe_Number is medium (0.490 pt).",STRONG,"Joint model beat additive in 5/5 folds (unanimous), incremental R^2=0.0537."
TOPSIN_ET_lkg_C450pf,THIN_ET_Rc_TF_AB_2,A_top_score1_nonadditivity,1.9558,1.8823,3.756,0.2306,0.2841,0.0535,1e-05,0.0006,5/5,"TOPSIN_ET_lkg_C450pf in [-inf, 0.04826] AND THIN_ET_Rc_TF_AB_2 in [0.2023, 0.2193]","TOPSIN_ET_lkg_C450pf in [0.1248, +inf] AND THIN_ET_Rc_TF_AB_2 in [0.2388, +inf]","Effect of TOPSIN_ET_lkg_C450pf (low->high) on Yield: when THIN_ET_Rc_TF_AB_2 is low = -2.095 pt, medium = -1.521 pt, high = -2.812 pt. The effect of TOPSIN_ET_lkg_C450pf is largest when THIN_ET_Rc_TF_AB_2 is high (a decrease of 2.812 pt) and smallest when THIN_ET_Rc_TF_AB_2 is medium (1.521 pt).",STRONG,"Joint model beat additive in 5/5 folds (unanimous), incremental R^2=0.0535."
MEASURE_ET_Rcat_cn_2,TOPSIN_ET_DC_PIV_Drain_Lag_1,A_top_score1_nonadditivity,1.9057,1.8359,3.66,0.2824,0.3354,0.053,0.00091,0.1173,5/5,"MEASURE_ET_Rcat_cn_2 in [0.2026, 0.2216] AND TOPSIN_ET_DC_PIV_Drain_Lag_1 in [6.137, 6.999]","MEASURE_ET_Rcat_cn_2 in [0.2426, +inf] AND TOPSIN_ET_DC_PIV_Drain_Lag_1 in [8.053, +inf]","Effect of MEASURE_ET_Rcat_cn_2 (low->high) on Yield: when TOPSIN_ET_DC_PIV_Drain_Lag_1 is low = -0.262 pt, medium = +0.130 pt, high = -0.555 pt. The effect of MEASURE_ET_Rcat_cn_2 is largest when TOPSIN_ET_DC_PIV_Drain_Lag_1 is high (a decrease of 0.555 pt) and smallest when TOPSIN_ET_DC_PIV_Drain_Lag_1 is medium (0.130 pt).",STRONG,"Joint model beat additive in 5/5 folds (unanimous), incremental R^2=0.0530."
THIN_ET_lkg_100_at20V,MEASURE_ET_Rcat_cn_3,A_top_score1_nonadditivity,1.9589,1.8948,3.27,0.2307,0.2836,0.0529,0.0,0.0003,5/5,"THIN_ET_lkg_100_at20V in [0.04549, 0.06038] AND MEASURE_ET_Rcat_cn_3 in [-inf, 0.1865]","THIN_ET_lkg_100_at20V in [0.1194, +inf] AND MEASURE_ET_Rcat_cn_3 in [0.2407, +inf]","Effect of THIN_ET_lkg_100_at20V (low->high) on Yield: when MEASURE_ET_Rcat_cn_3 is low = -2.292 pt, medium = -0.834 pt, high = -3.102 pt. The effect of THIN_ET_lkg_100_at20V is largest when MEASURE_ET_Rcat_cn_3 is high (a decrease of 3.102 pt) and smallest when MEASURE_ET_Rcat_cn_3 is medium (0.834 pt).",STRONG,"Joint model beat additive in 5/5 folds (unanimous), incremental R^2=0.0529."
MEASURE_ET_DC_SEC_S_Id_mA_mm_at_Vg3_SD3p5,MEASURE_ET_ABVIETCH,B_existing_shap_interaction+C_existing_h_statistic,2.1528,2.0889,2.969,0.0819,0.1327,0.0508,0.00243,0.0448,5/5,"MEASURE_ET_DC_SEC_S_Id_mA_mm_at_Vg3_SD3p5 in [12.02, +inf] AND MEASURE_ET_ABVIETCH in [25.13, 26.26]","MEASURE_ET_DC_SEC_S_Id_mA_mm_at_Vg3_SD3p5 in [-inf, 8.947] AND MEASURE_ET_ABVIETCH in [-inf, 22.84]","Effect of MEASURE_ET_DC_SEC_S_Id_mA_mm_at_Vg3_SD3p5 (low->high) on Yield: when MEASURE_ET_ABVIETCH is low = +0.981 pt, medium = -1.215 pt, high = -0.491 pt. The effect of MEASURE_ET_DC_SEC_S_Id_mA_mm_at_Vg3_SD3p5 is largest when MEASURE_ET_ABVIETCH is medium (a decrease of 1.215 pt) and smallest when MEASURE_ET_ABVIETCH is high (0.491 pt).",STRONG,"Joint model beat additive in 5/5 folds (unanimous), incremental R^2=0.0508."
THIN_ET_lkg_100_at20V,OHMIC_ET_Rc_an_ct2,A_top_score1_nonadditivity,1.8965,1.8339,3.301,0.2822,0.3321,0.0498,0.0,0.0,5/5,"THIN_ET_lkg_100_at20V in [0.04549, 0.06038] AND OHMIC_ET_Rc_an_ct2 in [0.2066, 0.2217]","THIN_ET_lkg_100_at20V in [0.1194, +inf] AND OHMIC_ET_Rc_an_ct2 in [0.2401, +inf]","Effect of THIN_ET_lkg_100_at20V (low->high) on Yield: when OHMIC_ET_Rc_an_ct2 is low = -2.072 pt, medium = -1.713 pt, high = -2.620 pt. The effect of THIN_ET_lkg_100_at20V is largest when OHMIC_ET_Rc_an_ct2 is high (a decrease of 2.620 pt) and smallest when OHMIC_ET_Rc_an_ct2 is medium (1.713 pt).",STRONG,"Joint model beat additive in 5/5 folds (unanimous), incremental R^2=0.0498."
TOPSIN_ET_C100Cap1pf,MEASURE_ET_DC_RF2_S22dB_26GHz,D_tree_path_cooccurrence,2.1354,2.0737,2.89,0.1066,0.1563,0.0498,0.00508,0.1559,5/5,"TOPSIN_ET_C100Cap1pf in [0.6956, 0.7786] AND MEASURE_ET_DC_RF2_S22dB_26GHz in [-inf, -13.82]","TOPSIN_ET_C100Cap1pf in [0.8836, +inf] AND MEASURE_ET_DC_RF2_S22dB_26GHz in [-10.63, +inf]","Effect of TOPSIN_ET_C100Cap1pf (low->high) on Yield: when MEASURE_ET_DC_RF2_S22dB_26GHz is low = -0.766 pt, medium = -0.631 pt, high = -1.915 pt. The effect of TOPSIN_ET_C100Cap1pf is largest when MEASURE_ET_DC_RF2_S22dB_26GHz is high (a decrease of 1.915 pt) and smallest when MEASURE_ET_DC_RF2_S22dB_26GHz is medium (0.631 pt).",STRONG,"Joint model beat additive in 5/5 folds (unanimous), incremental R^2=0.0498."
MEASURE_ET_DC_RF_CF_S12_Mag_L1002,THIN_ET_Ran_con_2,D_tree_path_cooccurrence,2.1993,2.143,2.559,0.0448,0.094,0.0492,0.00081,0.0312,5/5,"MEASURE_ET_DC_RF_CF_S12_Mag_L1002 in [15.89, +inf] AND THIN_ET_Ran_con_2 in [30.47, +inf]","MEASURE_ET_DC_RF_CF_S12_Mag_L1002 in [14.09, 14.65] AND THIN_ET_Ran_con_2 in [29.13, 30.47]","Effect of MEASURE_ET_DC_RF_CF_S12_Mag_L1002 (low->high) on Yield: when THIN_ET_Ran_con_2 is low = +0.872 pt, medium = +0.992 pt, high = +1.688 pt. The effect of MEASURE_ET_DC_RF_CF_S12_Mag_L1002 is largest when THIN_ET_Ran_con_2 is high (an increase of 1.688 pt) and smallest when THIN_ET_Ran_con_2 is low (0.872 pt).",STRONG,"Joint model beat additive in 5/5 folds (unanimous), incremental R^2=0.0492."
TOPSIN_ET_C100Cap1pf,MEASURE_ET_DC_SEC_X_Ig_cut1_mAmm_pos,D_tree_path_cooccurrence,2.1839,2.1254,2.682,0.057,0.1041,0.0472,0.00015,0.0029,5/5,"TOPSIN_ET_C100Cap1pf in [0.7786, 0.8364] AND MEASURE_ET_DC_SEC_X_Ig_cut1_mAmm_pos in [12.24, +inf]","TOPSIN_ET_C100Cap1pf in [0.8836, +inf] AND MEASURE_ET_DC_SEC_X_Ig_cut1_mAmm_pos in [12.24, +inf]","Effect of TOPSIN_ET_C100Cap1pf (low->high) on Yield: when MEASURE_ET_DC_SEC_X_Ig_cut1_mAmm_pos is low = -0.956 pt, medium = -1.451 pt, high = -0.695 pt. The effect of TOPSIN_ET_C100Cap1pf is largest when MEASURE_ET_DC_SEC_X_Ig_cut1_mAmm_pos is medium (a decrease of 1.451 pt) and smallest when MEASURE_ET_DC_SEC_X_Ig_cut1_mAmm_pos is high (0.695 pt).",STRONG,"Joint model beat additive in 5/5 folds (unanimous), incremental R^2=0.0472."
MEASURE_ET_DC_SEC_S_Vp_1_mA_mm_first_SD3p5,TOPSIN_ET_DC_PIV_Drain_Lag_1,A_top_score1_nonadditivity,2.0408,1.9798,2.991,0.1769,0.2226,0.0456,0.0,0.0,5/5,"MEASURE_ET_DC_SEC_S_Vp_1_mA_mm_first_SD3p5 in [-1.066, -0.9866] AND TOPSIN_ET_DC_PIV_Drain_Lag_1 in [-inf, 5.168]","MEASURE_ET_DC_SEC_S_Vp_1_mA_mm_first_SD3p5 in [-0.9866, -0.8974] AND TOPSIN_ET_DC_PIV_Drain_Lag_1 in [8.053, +inf]","Effect of MEASURE_ET_DC_SEC_S_Vp_1_mA_mm_first_SD3p5 (low->high) on Yield: when TOPSIN_ET_DC_PIV_Drain_Lag_1 is low = +0.284 pt, medium = -0.183 pt, high = +1.268 pt. The effect of MEASURE_ET_DC_SEC_S_Vp_1_mA_mm_first_SD3p5 is largest when TOPSIN_ET_DC_PIV_Drain_Lag_1 is high (an increase of 1.268 pt) and smallest when TOPSIN_ET_DC_PIV_Drain_Lag_1 is medium (0.183 pt).",STRONG,"Joint model beat additive in 5/5 folds (unanimous), incremental R^2=0.0456."
TOPSIN_ET_lkg_C450pf,MEASURE_ET_CapPARCAP,C_existing_h_statistic,1.9925,1.9344,2.915,0.2085,0.2526,0.0442,0.00016,0.0057,5/5,"TOPSIN_ET_lkg_C450pf in [-inf, 0.04826] AND MEASURE_ET_CapPARCAP in [0.2036, 0.2235]","TOPSIN_ET_lkg_C450pf in [0.1248, +inf] AND MEASURE_ET_CapPARCAP in [0.2235, 0.2426]","Effect of TOPSIN_ET_lkg_C450pf (low->high) on Yield: when MEASURE_ET_CapPARCAP is low = -2.353 pt, medium = -2.187 pt, high = -2.065 pt. The effect of TOPSIN_ET_lkg_C450pf is largest when MEASURE_ET_CapPARCAP is low (a decrease of 2.353 pt) and smallest when MEASURE_ET_CapPARCAP is high (2.065 pt).",STRONG,"Joint model beat additive in 5/5 folds (unanimous), incremental R^2=0.0442."
THIN_ET_DC_RF_Vg_optt3,TOPSIN_ET_C100Cap1pf,D_tree_path_cooccurrence,2.1667,2.1169,2.301,0.0722,0.116,0.0438,4e-05,0.0005,5/5,"THIN_ET_DC_RF_Vg_optt3 in [4.638, 5.636] AND TOPSIN_ET_C100Cap1pf in [0.6956, 0.7786]","THIN_ET_DC_RF_Vg_optt3 in [6.574, 7.823] AND TOPSIN_ET_C100Cap1pf in [0.8836, +inf]","Effect of THIN_ET_DC_RF_Vg_optt3 (low->high) on Yield: when TOPSIN_ET_C100Cap1pf is low = +0.027 pt, medium = -0.363 pt, high = -0.279 pt. The effect of THIN_ET_DC_RF_Vg_optt3 is largest when TOPSIN_ET_C100Cap1pf is medium (a decrease of 0.363 pt) and smallest when TOPSIN_ET_C100Cap1pf is low (0.027 pt).",STRONG,"Joint model beat additive in 5/5 folds (unanimous), incremental R^2=0.0438."
TFRP_ET_Rc_TF_AB_2,TOPSIN_ET_DC_PIV_Drain_Lag_1,A_top_score1_nonadditivity,2.0173,1.9645,2.621,0.1946,0.2382,0.0436,0.0,0.0,5/5,"TFRP_ET_Rc_TF_AB_2 in [0.1986, 0.2224] AND TOPSIN_ET_DC_PIV_Drain_Lag_1 in [6.137, 6.999]","TFRP_ET_Rc_TF_AB_2 in [0.2465, +inf] AND TOPSIN_ET_DC_PIV_Drain_Lag_1 in [8.053, +inf]","Effect of TFRP_ET_Rc_TF_AB_2 (low->high) on Yield: when TOPSIN_ET_DC_PIV_Drain_Lag_1 is low = -0.597 pt, medium = -0.646 pt, high = -2.025 pt. The effect of TFRP_ET_Rc_TF_AB_2 is largest when TOPSIN_ET_DC_PIV_Drain_Lag_1 is high (a decrease of 2.025 pt) and smallest when TOPSIN_ET_DC_PIV_Drain_Lag_1 is low (0.597 pt).",STRONG,"Joint model beat additive in 5/5 folds (unanimous), incremental R^2=0.0436."
OHMIC_ET_Rsh_an_ct2,TOPSIN_ET_DC_PIV_Drain_Lag_0,D_tree_path_cooccurrence,1.951,1.8947,2.887,0.256,0.2986,0.0426,0.00262,0.0569,5/5,"OHMIC_ET_Rsh_an_ct2 in [118.3, 122.4] AND TOPSIN_ET_DC_PIV_Drain_Lag_0 in [-inf, 5.052]","OHMIC_ET_Rsh_an_ct2 in [122.4, 127.7] AND TOPSIN_ET_DC_PIV_Drain_Lag_0 in [8.204, +inf]","Effect of OHMIC_ET_Rsh_an_ct2 (low->high) on Yield: when TOPSIN_ET_DC_PIV_Drain_Lag_0 is low = -0.269 pt, medium = -1.051 pt, high = -1.336 pt. The effect of OHMIC_ET_Rsh_an_ct2 is largest when TOPSIN_ET_DC_PIV_Drain_Lag_0 is high (a decrease of 1.336 pt) and smallest when TOPSIN_ET_DC_PIV_Drain_Lag_0 is low (0.269 pt).",STRONG,"Joint model beat additive in 5/5 folds (unanimous), incremental R^2=0.0426."
TOPSIN_ET_C100Cap1pf,TOPSIN_ET_C300,D_tree_path_cooccurrence,2.2154,2.1648,2.285,0.0371,0.0787,0.0416,0.00042,0.0051,5/5,"TOPSIN_ET_C100Cap1pf in [-inf, 0.6956] AND TOPSIN_ET_C300 in [0.8278, 0.8994]","TOPSIN_ET_C100Cap1pf in [0.8836, +inf] AND TOPSIN_ET_C300 in [0.8994, +inf]","Effect of TOPSIN_ET_C100Cap1pf (low->high) on Yield: when TOPSIN_ET_C300 is low = -1.227 pt, medium = -0.994 pt, high = -1.979 pt. The effect of TOPSIN_ET_C100Cap1pf is largest when TOPSIN_ET_C300 is high (a decrease of 1.979 pt) and smallest when TOPSIN_ET_C300 is medium (0.994 pt).",STRONG,"Joint model beat additive in 5/5 folds (unanimous), incremental R^2=0.0416."
CATHODE_ET_Rcat_cn_2,TOPSIN_ET_DC_PIV_Drain_Lag_1,A_top_score1_nonadditivity,1.9421,1.8873,2.822,0.2569,0.2976,0.0406,0.0005,0.0387,5/5,"CATHODE_ET_Rcat_cn_2 in [-inf, 0.1765] AND TOPSIN_ET_DC_PIV_Drain_Lag_1 in [6.137, 6.999]","CATHODE_ET_Rcat_cn_2 in [0.2447, +inf] AND TOPSIN_ET_DC_PIV_Drain_Lag_1 in [8.053, +inf]","Effect of CATHODE_ET_Rcat_cn_2 (low->high) on Yield: when TOPSIN_ET_DC_PIV_Drain_Lag_1 is low = -0.706 pt, medium = -1.793 pt, high = -1.537 pt. The effect of CATHODE_ET_Rcat_cn_2 is largest when TOPSIN_ET_DC_PIV_Drain_Lag_1 is medium (a decrease of 1.793 pt) and smallest when TOPSIN_ET_DC_PIV_Drain_Lag_1 is low (0.706 pt).",STRONG,"Joint model beat additive in 5/5 folds (unanimous), incremental R^2=0.0406."
THIN_ET_lkg_100_at20V,FIC_ET_Rc_f_tn_23,A_top_score1_nonadditivity,1.9627,1.9148,2.442,0.2308,0.2699,0.0392,0.0,0.0007,5/5,"THIN_ET_lkg_100_at20V in [0.04549, 0.06038] AND FIC_ET_Rc_f_tn_23 in [-inf, 0.1809]","THIN_ET_lkg_100_at20V in [0.1194, +inf] AND FIC_ET_Rc_f_tn_23 in [0.2411, +inf]","Effect of THIN_ET_lkg_100_at20V (low->high) on Yield: when FIC_ET_Rc_f_tn_23 is low = -1.714 pt, medium = -2.139 pt, high = -2.433 pt. The effect of THIN_ET_lkg_100_at20V is largest when FIC_ET_Rc_f_tn_23 is high (a decrease of 2.433 pt) and smallest when FIC_ET_Rc_f_tn_23 is low (1.714 pt).",STRONG,"Joint model beat additive in 5/5 folds (unanimous), incremental R^2=0.0392."
MEASURE_ET_DC_SEC_X_Ig_cut1_mAmm_pos,MEASURE_ET_DC_RF2_MAG_26GHz,D_tree_path_cooccurrence,2.1782,2.1333,2.063,0.0621,0.1009,0.0388,9e-05,0.0051,5/5,"MEASURE_ET_DC_SEC_X_Ig_cut1_mAmm_pos in [12.24, +inf] AND MEASURE_ET_DC_RF2_MAG_26GHz in [15.66, +inf]","MEASURE_ET_DC_SEC_X_Ig_cut1_mAmm_pos in [10.16, 11.19] AND MEASURE_ET_DC_RF2_MAG_26GHz in [14.06, 14.62]","Effect of MEASURE_ET_DC_SEC_X_Ig_cut1_mAmm_pos (low->high) on Yield: when MEASURE_ET_DC_RF2_MAG_26GHz is low = +0.556 pt, medium = +0.527 pt, high = +1.004 pt. The effect of MEASURE_ET_DC_SEC_X_Ig_cut1_mAmm_pos is largest when MEASURE_ET_DC_RF2_MAG_26GHz is high (an increase of 1.004 pt) and smallest when MEASURE_ET_DC_RF2_MAG_26GHz is medium (0.527 pt).",STRONG,"Joint model beat additive in 5/5 folds (unanimous), incremental R^2=0.0388."
FIC_ET_Bad_Gates,TOPSIN_ET_DC_PIV_Drain_Lag_1,B_existing_shap_interaction+C_existing_h_statistic,2.0045,1.9562,2.408,0.2083,0.2462,0.0379,7e-05,0.0084,5/5,"FIC_ET_Bad_Gates in [-inf, 13.87] AND TOPSIN_ET_DC_PIV_Drain_Lag_1 in [-inf, 5.168]","FIC_ET_Bad_Gates in [16.29, 17.12] AND TOPSIN_ET_DC_PIV_Drain_Lag_1 in [8.053, +inf]","Effect of FIC_ET_Bad_Gates (low->high) on Yield: when TOPSIN_ET_DC_PIV_Drain_Lag_1 is low = +0.585 pt, medium = -0.002 pt, high = +1.072 pt. The effect of FIC_ET_Bad_Gates is largest when TOPSIN_ET_DC_PIV_Drain_Lag_1 is high (an increase of 1.072 pt) and smallest when TOPSIN_ET_DC_PIV_Drain_Lag_1 is medium (0.002 pt).",STRONG,"Joint model beat additive in 5/5 folds (unanimous), incremental R^2=0.0379."
MEASURE_ET_RF_Modeling_Mag_d,TOPSIN_ET_Cap3pf_0,C_existing_h_statistic,2.1804,2.1377,1.957,0.066,0.1026,0.0366,0.00541,0.2485,5/5,"MEASURE_ET_RF_Modeling_Mag_d in [15.38, 16.01] AND TOPSIN_ET_Cap3pf_0 in [-inf, 0.7187]","MEASURE_ET_RF_Modeling_Mag_d in [14.11, 14.71] AND TOPSIN_ET_Cap3pf_0 in [0.8925, +inf]","Effect of MEASURE_ET_RF_Modeling_Mag_d (low->high) on Yield: when TOPSIN_ET_Cap3pf_0 is low = +0.278 pt, medium = +0.083 pt, high = +0.755 pt. The effect of MEASURE_ET_RF_Modeling_Mag_d is largest when TOPSIN_ET_Cap3pf_0 is high (an increase of 0.755 pt) and smallest when TOPSIN_ET_Cap3pf_0 is medium (0.083 pt).",STRONG,"Joint model beat additive in 5/5 folds (unanimous), incremental R^2=0.0366."
TOPSIN_ET_lkg_C450pf,OHMIC_ET_Rc_an_ct2,A_top_score1_nonadditivity,1.9206,1.8718,2.542,0.2645,0.2992,0.0347,0.0,0.0,5/5,"TOPSIN_ET_lkg_C450pf in [-inf, 0.04826] AND OHMIC_ET_Rc_an_ct2 in [0.2066, 0.2217]","TOPSIN_ET_lkg_C450pf in [0.1248, +inf] AND OHMIC_ET_Rc_an_ct2 in [0.2401, +inf]","Effect of TOPSIN_ET_lkg_C450pf (low->high) on Yield: when OHMIC_ET_Rc_an_ct2 is low = -2.303 pt, medium = -1.910 pt, high = -2.469 pt. The effect of TOPSIN_ET_lkg_C450pf is largest when OHMIC_ET_Rc_an_ct2 is high (a decrease of 2.469 pt) and smallest when OHMIC_ET_Rc_an_ct2 is medium (1.910 pt).",STRONG,"Joint model beat additive in 5/5 folds (unanimous), incremental R^2=0.0347."
MEASURE_ET_DC_SEC_X_Ig_cut1_mAmm_pos_FPSD3p2,TOPSIN_ET_C100Cap1pf,D_tree_path_cooccurrence,2.1166,2.076,1.918,0.118,0.1526,0.0346,0.0001,0.0022,5/5,"MEASURE_ET_DC_SEC_X_Ig_cut1_mAmm_pos_FPSD3p2 in [26.8, +inf] AND TOPSIN_ET_C100Cap1pf in [0.6956, 0.7786]","MEASURE_ET_DC_SEC_X_Ig_cut1_mAmm_pos_FPSD3p2 in [-inf, 23.64] AND TOPSIN_ET_C100Cap1pf in [0.8836, +inf]","Effect of MEASURE_ET_DC_SEC_X_Ig_cut1_mAmm_pos_FPSD3p2 (low->high) on Yield: when TOPSIN_ET_C100Cap1pf is low = +1.122 pt, medium = +1.426 pt, high = +1.257 pt. The effect of MEASURE_ET_DC_SEC_X_Ig_cut1_mAmm_pos_FPSD3p2 is largest when TOPSIN_ET_C100Cap1pf is medium (an increase of 1.426 pt) and smallest when TOPSIN_ET_C100Cap1pf is low (1.122 pt).",STRONG,"Joint model beat additive in 5/5 folds (unanimous), incremental R^2=0.0346."
MEASURE_ET_lkg_50_at20V,MEASURE_ET_DC_RF_K_W,D_tree_path_cooccurrence,2.0264,1.9799,2.292,0.1854,0.2196,0.0342,0.00233,0.0197,5/5,"MEASURE_ET_lkg_50_at20V in [0.04449, 0.06443] AND MEASURE_ET_DC_RF_K_W in [10.99, 12.13]","MEASURE_ET_lkg_50_at20V in [0.1274, +inf] AND MEASURE_ET_DC_RF_K_W in [-inf, 8.783]","Effect of MEASURE_ET_lkg_50_at20V (low->high) on Yield: when MEASURE_ET_DC_RF_K_W is low = -1.408 pt, medium = -1.663 pt, high = -2.433 pt. The effect of MEASURE_ET_lkg_50_at20V is largest when MEASURE_ET_DC_RF_K_W is high (a decrease of 2.433 pt) and smallest when MEASURE_ET_DC_RF_K_W is low (1.408 pt).",STRONG,"Joint model beat additive in 5/5 folds (unanimous), incremental R^2=0.0342."
TOPSIN_ET_C100Cap1pf,MEASURE_ET_DC_RF_K_W,B_existing_shap_interaction,2.1555,2.1139,1.931,0.0834,0.1175,0.0341,0.00571,0.0885,5/5,"TOPSIN_ET_C100Cap1pf in [0.7786, 0.8364] AND MEASURE_ET_DC_RF_K_W in [10.99, 12.13]","TOPSIN_ET_C100Cap1pf in [0.8364, 0.8836] AND MEASURE_ET_DC_RF_K_W in [-inf, 8.783]","Effect of TOPSIN_ET_C100Cap1pf (low->high) on Yield: when MEASURE_ET_DC_RF_K_W is low = -1.583 pt, medium = -0.758 pt, high = -0.807 pt. The effect of TOPSIN_ET_C100Cap1pf is largest when MEASURE_ET_DC_RF_K_W is low (a decrease of 1.583 pt) and smallest when MEASURE_ET_DC_RF_K_W is medium (0.758 pt).",STRONG,"Joint model beat additive in 5/5 folds (unanimous), incremental R^2=0.0341."
MEASURE_ET_DC_SEC_Ids_min_ON,MEASURE_ET_lkg_50_at20V,B_existing_shap_interaction,2.0409,2.0008,1.964,0.1721,0.2048,0.0327,0.00922,0.0663,5/5,"MEASURE_ET_DC_SEC_Ids_min_ON in [43.73, +inf] AND MEASURE_ET_lkg_50_at20V in [-inf, 0.04449]","MEASURE_ET_DC_SEC_Ids_min_ON in [40.26, 41.51] AND MEASURE_ET_lkg_50_at20V in [0.1274, +inf]","Effect of MEASURE_ET_DC_SEC_Ids_min_ON (low->high) on Yield: when MEASURE_ET_lkg_50_at20V is low = +0.742 pt, medium = +0.993 pt, high = +1.432 pt. The effect of MEASURE_ET_DC_SEC_Ids_min_ON is largest when MEASURE_ET_lkg_50_at20V is high (an increase of 1.432 pt) and smallest when MEASURE_ET_lkg_50_at20V is low (0.742 pt).",STRONG,"Joint model beat additive in 5/5 folds (unanimous), incremental R^2=0.0327."
FIC_ET_R_f_tn_2,THIN_ET_C200_0,D_tree_path_cooccurrence,2.2271,2.1885,1.732,0.0204,0.0517,0.0313,0.00053,0.1397,5/5,"FIC_ET_R_f_tn_2 in [89.67, +inf] AND THIN_ET_C200_0 in [-inf, 0.7112]","FIC_ET_R_f_tn_2 in [-inf, 85.22] AND THIN_ET_C200_0 in [-inf, 0.7112]","Effect of FIC_ET_R_f_tn_2 (low->high) on Yield: when THIN_ET_C200_0 is low = +1.214 pt, medium = +0.555 pt, high = +1.663 pt. The effect of FIC_ET_R_f_tn_2 is largest when THIN_ET_C200_0 is high (an increase of 1.663 pt) and smallest when THIN_ET_C200_0 is medium (0.555 pt).",STRONG,"Joint model beat additive in 5/5 folds (unanimous), incremental R^2=0.0313."
TOPSIN_ET_DC_SMALL_Vdg_max,TOPSIN_ET_DC_PIV_Drain_Lag_1,B_existing_shap_interaction+C_existing_h_statistic,2.0135,1.9769,1.815,0.1996,0.2289,0.0293,2e-05,0.003,5/5,"TOPSIN_ET_DC_SMALL_Vdg_max in [-inf, 28.59] AND TOPSIN_ET_DC_PIV_Drain_Lag_1 in [-inf, 5.168]","TOPSIN_ET_DC_SMALL_Vdg_max in [32.05, +inf] AND TOPSIN_ET_DC_PIV_Drain_Lag_1 in [8.053, +inf]","Effect of TOPSIN_ET_DC_SMALL_Vdg_max (low->high) on Yield: when TOPSIN_ET_DC_PIV_Drain_Lag_1 is low = -0.038 pt, medium = -1.285 pt, high = -0.682 pt. The effect of TOPSIN_ET_DC_SMALL_Vdg_max is largest when TOPSIN_ET_DC_PIV_Drain_Lag_1 is medium (a decrease of 1.285 pt) and smallest when TOPSIN_ET_DC_PIV_Drain_Lag_1 is low (0.038 pt).",STRONG,"Joint model beat additive in 5/5 folds (unanimous), incremental R^2=0.0293."
MEASURE_ET_DC_SEC_Ids_min_ON,TOPSIN_ET_C100Cap1pf,D_tree_path_cooccurrence,2.1522,2.1179,1.595,0.0892,0.1174,0.0282,0.00451,0.0611,5/5,"MEASURE_ET_DC_SEC_Ids_min_ON in [41.51, 42.57] AND TOPSIN_ET_C100Cap1pf in [0.6956, 0.7786]","MEASURE_ET_DC_SEC_Ids_min_ON in [-inf, 40.26] AND TOPSIN_ET_C100Cap1pf in [0.8836, +inf]","Effect of MEASURE_ET_DC_SEC_Ids_min_ON (low->high) on Yield: when TOPSIN_ET_C100Cap1pf is low = +1.069 pt, medium = +0.689 pt, high = +1.010 pt. The effect of MEASURE_ET_DC_SEC_Ids_min_ON is largest when TOPSIN_ET_C100Cap1pf is low (an increase of 1.069 pt) and smallest when TOPSIN_ET_C100Cap1pf is medium (0.689 pt).",STRONG,"Joint model beat additive in 5/5 folds (unanimous), incremental R^2=0.0282."
THIN_ET_lkg_100_at20V,MEASURE_ET_DC_RF2_S22dB_26GHz,B_existing_shap_interaction+C_existing_h_statistic,1.9455,1.9058,2.038,0.2511,0.2785,0.0274,0.0011,0.0693,5/5,"THIN_ET_lkg_100_at20V in [-inf, 0.04549] AND MEASURE_ET_DC_RF2_S22dB_26GHz in [-inf, -13.82]","THIN_ET_lkg_100_at20V in [0.1194, +inf] AND MEASURE_ET_DC_RF2_S22dB_26GHz in [-12.7, -11.83]","Effect of THIN_ET_lkg_100_at20V (low->high) on Yield: when MEASURE_ET_DC_RF2_S22dB_26GHz is low = -2.030 pt, medium = -2.069 pt, high = -2.105 pt. The effect of THIN_ET_lkg_100_at20V is largest when MEASURE_ET_DC_RF2_S22dB_26GHz is high (a decrease of 2.105 pt) and smallest when MEASURE_ET_DC_RF2_S22dB_26GHz is low (2.030 pt).",STRONG,"Joint model beat additive in 5/5 folds (unanimous), incremental R^2=0.0274."
MEASURE_ET_Rc_an_ct2_OW_CR,MEASURE_ET_DC_RF_CF_S12_Mag_L1002,B_existing_shap_interaction+C_existing_h_statistic,2.0598,2.0291,1.492,0.1651,0.1884,0.0233,0.00309,0.0817,5/5,"MEASURE_ET_Rc_an_ct2_OW_CR in [0.1984, 0.2197] AND MEASURE_ET_DC_RF_CF_S12_Mag_L1002 in [15.89, +inf]","MEASURE_ET_Rc_an_ct2_OW_CR in [0.24, +inf] AND MEASURE_ET_DC_RF_CF_S12_Mag_L1002 in [-inf, 14.09]","Effect of MEASURE_ET_Rc_an_ct2_OW_CR (low->high) on Yield: when MEASURE_ET_DC_RF_CF_S12_Mag_L1002 is low = -1.133 pt, medium = -1.112 pt, high = -1.725 pt. The effect of MEASURE_ET_Rc_an_ct2_OW_CR is largest when MEASURE_ET_DC_RF_CF_S12_Mag_L1002 is high (a decrease of 1.725 pt) and smallest when MEASURE_ET_DC_RF_CF_S12_Mag_L1002 is medium (1.112 pt).",STRONG,"Joint model beat additive in 5/5 folds (unanimous), incremental R^2=0.0233."
TOPSIN_ET_C100Cap1pf,SIN_GATE_ET_Ran_con_2,D_tree_path_cooccurrence,2.1767,2.1524,1.118,0.0682,0.0892,0.021,0.00016,0.0023,5/5,"TOPSIN_ET_C100Cap1pf in [0.6956, 0.7786] AND SIN_GATE_ET_Ran_con_2 in [96.17, 97.57]","TOPSIN_ET_C100Cap1pf in [0.8836, +inf] AND SIN_GATE_ET_Ran_con_2 in [-inf, 94.13]","Effect of TOPSIN_ET_C100Cap1pf (low->high) on Yield: when SIN_GATE_ET_Ran_con_2 is low = -0.857 pt, medium = -1.436 pt, high = -0.636 pt. The effect of TOPSIN_ET_C100Cap1pf is largest when SIN_GATE_ET_Ran_con_2 is medium (a decrease of 1.436 pt) and smallest when SIN_GATE_ET_Ran_con_2 is high (0.636 pt).",STRONG,"Joint model beat additive in 5/5 folds (unanimous), incremental R^2=0.0210."
THIN_ET_lkg_100_at20V,MEASURE_ET_lkg_Cap_USV,A_top_score2_nonadditivity,2.1192,1.9031,10.2,0.0734,0.2745,0.2011,1e-05,0.001,4/5,"THIN_ET_lkg_100_at20V in [0.06038, 0.08743] AND MEASURE_ET_lkg_Cap_USV in [-inf, 0.04586]","THIN_ET_lkg_100_at20V in [0.1194, +inf] AND MEASURE_ET_lkg_Cap_USV in [0.1352, +inf]","Effect of THIN_ET_lkg_100_at20V (low->high) on Yield: when MEASURE_ET_lkg_Cap_USV is low = -1.481 pt, medium = -0.950 pt, high = -1.300 pt. The effect of THIN_ET_lkg_100_at20V is largest when MEASURE_ET_lkg_Cap_USV is low (a decrease of 1.481 pt) and smallest when MEASURE_ET_lkg_Cap_USV is medium (0.950 pt).",MODERATE,"Joint model beat additive in 4/5 folds, incremental R^2=0.2011."
TOPSIN_ET_DC_PIV_Drain_Lag_0,MEASURE_ET_DC_SMALL_Ids_m0p2,D_tree_path_cooccurrence,1.9527,1.8429,5.624,0.2532,0.3297,0.0765,0.00249,0.0549,4/5,"TOPSIN_ET_DC_PIV_Drain_Lag_0 in [-inf, 5.052] AND MEASURE_ET_DC_SMALL_Ids_m0p2 in [-inf, 0.311]","TOPSIN_ET_DC_PIV_Drain_Lag_0 in [8.204, +inf] AND MEASURE_ET_DC_SMALL_Ids_m0p2 in [2.026, 3.421]","Effect of TOPSIN_ET_DC_PIV_Drain_Lag_0 (low->high) on Yield: when MEASURE_ET_DC_SMALL_Ids_m0p2 is low = -2.766 pt, medium = -1.012 pt, high = -1.951 pt. The effect of TOPSIN_ET_DC_PIV_Drain_Lag_0 is largest when MEASURE_ET_DC_SMALL_Ids_m0p2 is low (a decrease of 2.766 pt) and smallest when MEASURE_ET_DC_SMALL_Ids_m0p2 is medium (1.012 pt).",MODERATE,"Joint model beat additive in 4/5 folds, incremental R^2=0.0765."
TOPSIN_ET_C100Cap1pf,MEASURE_ET_DC_RF_Vg_Vbon_min,D_tree_path_cooccurrence,2.1843,2.1043,3.664,0.0623,0.1232,0.0609,0.0001,0.0011,3/5,"TOPSIN_ET_C100Cap1pf in [-inf, 0.6956] AND MEASURE_ET_DC_RF_Vg_Vbon_min in [44.84, 46.19]","TOPSIN_ET_C100Cap1pf in [0.8836, +inf] AND MEASURE_ET_DC_RF_Vg_Vbon_min in [-inf, 42.06]","Effect of TOPSIN_ET_C100Cap1pf (low->high) on Yield: when MEASURE_ET_DC_RF_Vg_Vbon_min is low = -0.901 pt, medium = -1.701 pt, high = -0.676 pt. The effect of TOPSIN_ET_C100Cap1pf is largest when MEASURE_ET_DC_RF_Vg_Vbon_min is medium (a decrease of 1.701 pt) and smallest when MEASURE_ET_DC_RF_Vg_Vbon_min is high (0.676 pt).",MODERATE,Joint model beat additive in 3/5 folds with incremental R^2=0.0609 -- majority but not unanimous.
TOPSIN_ET_R_f_hr_3,ANODE_ET_Rc_an_ct2_OW_CR,B_existing_shap_interaction+C_existing_h_statistic,2.1817,2.1092,3.324,0.0589,0.1164,0.0576,0.00472,0.2121,4/5,"TOPSIN_ET_R_f_hr_3 in [5.751, 6.682] AND ANODE_ET_Rc_an_ct2_OW_CR in [0.1869, 0.2048]","TOPSIN_ET_R_f_hr_3 in [6.682, 8.087] AND ANODE_ET_Rc_an_ct2_OW_CR in [0.225, 0.2444]","Effect of TOPSIN_ET_R_f_hr_3 (low->high) on Yield: when ANODE_ET_Rc_an_ct2_OW_CR is low = -0.244 pt, medium = +0.121 pt, high = -0.663 pt. The effect of TOPSIN_ET_R_f_hr_3 is largest when ANODE_ET_Rc_an_ct2_OW_CR is high (a decrease of 0.663 pt) and smallest when ANODE_ET_Rc_an_ct2_OW_CR is medium (0.121 pt).",MODERATE,"Joint model beat additive in 4/5 folds, incremental R^2=0.0576."
TOPSIN_ET_C100Cap1pf,ANODE_ET_Probe_Number,D_tree_path_cooccurrence,2.1696,2.0949,3.444,0.0724,0.1291,0.0568,0.00014,0.0023,4/5,"TOPSIN_ET_C100Cap1pf in [0.6956, 0.7786] AND ANODE_ET_Probe_Number in [2.033, 3.075]","TOPSIN_ET_C100Cap1pf in [0.8836, +inf] AND ANODE_ET_Probe_Number in [-inf, 1.953]","Effect of TOPSIN_ET_C100Cap1pf (low->high) on Yield: when ANODE_ET_Probe_Number is low = -2.358 pt, medium = -1.551 pt, high = +0.616 pt. The effect of TOPSIN_ET_C100Cap1pf is largest when ANODE_ET_Probe_Number is low (a decrease of 2.358 pt) and smallest when ANODE_ET_Probe_Number is high (0.616 pt).",MODERATE,"Joint model beat additive in 4/5 folds, incremental R^2=0.0568."
THIN_ET_lkg_100_at20V,THIN_ET_Rcat_cn_1,B_existing_shap_interaction+C_existing_h_statistic,1.9263,1.86,3.441,0.2631,0.3172,0.0541,0.00031,0.0349,4/5,"THIN_ET_lkg_100_at20V in [-inf, 0.04549] AND THIN_ET_Rcat_cn_1 in [0.2049, 0.2235]","THIN_ET_lkg_100_at20V in [0.1194, +inf] AND THIN_ET_Rcat_cn_1 in [0.249, +inf]","Effect of THIN_ET_lkg_100_at20V (low->high) on Yield: when THIN_ET_Rcat_cn_1 is low = -1.642 pt, medium = -2.658 pt, high = -1.790 pt. The effect of THIN_ET_lkg_100_at20V is largest when THIN_ET_Rcat_cn_1 is medium (a decrease of 2.658 pt) and smallest when THIN_ET_Rcat_cn_1 is low (1.642 pt).",MODERATE,"Joint model beat additive in 4/5 folds, incremental R^2=0.0541."
TOPSIN_ET_lkg_C450pf,THIN_ET_Rcat_cn_3,B_existing_shap_interaction+C_existing_h_statistic,1.9395,1.8703,3.569,0.2477,0.3018,0.0541,0.0042,0.2058,4/5,"TOPSIN_ET_lkg_C450pf in [-inf, 0.04826] AND THIN_ET_Rcat_cn_3 in [0.2033, 0.2206]","TOPSIN_ET_lkg_C450pf in [0.1248, +inf] AND THIN_ET_Rcat_cn_3 in [0.2206, 0.2449]","Effect of TOPSIN_ET_lkg_C450pf (low->high) on Yield: when THIN_ET_Rcat_cn_3 is low = -1.731 pt, medium = -2.614 pt, high = -2.069 pt. The effect of TOPSIN_ET_lkg_C450pf is largest when THIN_ET_Rcat_cn_3 is medium (a decrease of 2.614 pt) and smallest when THIN_ET_Rcat_cn_3 is low (1.731 pt).",MODERATE,"Joint model beat additive in 4/5 folds, incremental R^2=0.0541."
THIN_ET_lkg_100_at20V,MaskSetSupplyChipsCount,B_existing_shap_interaction+C_existing_h_statistic,1.961,1.8842,3.915,0.2334,0.2864,0.053,0.00018,0.0039,4/5,"THIN_ET_lkg_100_at20V in [0.06038, 0.08743] AND MaskSetSupplyChipsCount in [1509, +inf]","THIN_ET_lkg_100_at20V in [0.1194, +inf] AND MaskSetSupplyChipsCount in [1362, 1436]","Effect of THIN_ET_lkg_100_at20V (low->high) on Yield: when MaskSetSupplyChipsCount is low = -1.618 pt, medium = -3.735 pt, high = -0.959 pt. The effect of THIN_ET_lkg_100_at20V is largest when MaskSetSupplyChipsCount is medium (a decrease of 3.735 pt) and smallest when MaskSetSupplyChipsCount is high (0.959 pt).",MODERATE,"Joint model beat additive in 4/5 folds, incremental R^2=0.0530."
TOPSIN_ET_C100Cap1pf,TOPSIN_ET_DC_SMALL_Vbgs1,D_tree_path_cooccurrence,2.104,2.0365,3.21,0.129,0.1801,0.0511,0.00045,0.0082,4/5,"TOPSIN_ET_C100Cap1pf in [-inf, 0.6956] AND TOPSIN_ET_DC_SMALL_Vbgs1 in [30.26, +inf]","TOPSIN_ET_C100Cap1pf in [-inf, 0.6956] AND TOPSIN_ET_DC_SMALL_Vbgs1 in [-inf, 24.15]","Effect of TOPSIN_ET_C100Cap1pf (low->high) on Yield: when TOPSIN_ET_DC_SMALL_Vbgs1 is low = +0.040 pt, medium = -1.629 pt, high = -1.376 pt. The effect of TOPSIN_ET_C100Cap1pf is largest when TOPSIN_ET_DC_SMALL_Vbgs1 is medium (a decrease of 1.629 pt) and smallest when TOPSIN_ET_DC_SMALL_Vbgs1 is low (0.040 pt).",MODERATE,"Joint model beat additive in 4/5 folds, incremental R^2=0.0511."
TOPSIN_ET_C100Cap1pf,MEASURE_ET_RF_Modeling_Gm,D_tree_path_cooccurrence,2.1985,2.1343,2.918,0.0488,0.0997,0.0509,9e-05,0.0004,4/5,"TOPSIN_ET_C100Cap1pf in [0.6956, 0.7786] AND MEASURE_ET_RF_Modeling_Gm in [533.7, 576.3]","TOPSIN_ET_C100Cap1pf in [0.8836, +inf] AND MEASURE_ET_RF_Modeling_Gm in [533.7, 576.3]","Effect of TOPSIN_ET_C100Cap1pf (low->high) on Yield: when MEASURE_ET_RF_Modeling_Gm is low = -0.203 pt, medium = -1.573 pt, high = -1.343 pt. The effect of TOPSIN_ET_C100Cap1pf is largest when MEASURE_ET_RF_Modeling_Gm is medium (a decrease of 1.573 pt) and smallest when MEASURE_ET_RF_Modeling_Gm is low (0.203 pt).",MODERATE,"Joint model beat additive in 4/5 folds, incremental R^2=0.0509."
TOPSIN_ET_CapPARCAP,TOPSIN_ET_DC_PIV_Drain_Lag_1,A_top_score1_nonadditivity,1.997,1.9335,3.18,0.2125,0.2613,0.0488,0.0,0.0,4/5,"TOPSIN_ET_CapPARCAP in [0.1838, 0.2066] AND TOPSIN_ET_DC_PIV_Drain_Lag_1 in [-inf, 5.168]","TOPSIN_ET_CapPARCAP in [0.2404, +inf] AND TOPSIN_ET_DC_PIV_Drain_Lag_1 in [8.053, +inf]","Effect of TOPSIN_ET_CapPARCAP (low->high) on Yield: when TOPSIN_ET_DC_PIV_Drain_Lag_1 is low = -0.559 pt, medium = -0.596 pt, high = -1.622 pt. The effect of TOPSIN_ET_CapPARCAP is largest when TOPSIN_ET_DC_PIV_Drain_Lag_1 is high (a decrease of 1.622 pt) and smallest when TOPSIN_ET_DC_PIV_Drain_Lag_1 is low (0.559 pt).",MODERATE,"Joint model beat additive in 4/5 folds, incremental R^2=0.0488."
MEASURE_ET_DC_SEC_X_Ig_cut1_mAmm_pos_FPSD3p2,FIC_ET_R_f_tn_2,D_tree_path_cooccurrence,2.1274,2.0704,2.68,0.1046,0.1516,0.047,0.00113,0.0999,4/5,"MEASURE_ET_DC_SEC_X_Ig_cut1_mAmm_pos_FPSD3p2 in [26.8, +inf] AND FIC_ET_R_f_tn_2 in [-inf, 85.22]","MEASURE_ET_DC_SEC_X_Ig_cut1_mAmm_pos_FPSD3p2 in [-inf, 23.64] AND FIC_ET_R_f_tn_2 in [-inf, 85.22]","Effect of MEASURE_ET_DC_SEC_X_Ig_cut1_mAmm_pos_FPSD3p2 (low->high) on Yield: when FIC_ET_R_f_tn_2 is low = +2.152 pt, medium = +1.055 pt, high = +0.673 pt. The effect of MEASURE_ET_DC_SEC_X_Ig_cut1_mAmm_pos_FPSD3p2 is largest when FIC_ET_R_f_tn_2 is low (an increase of 2.152 pt) and smallest when FIC_ET_R_f_tn_2 is high (0.673 pt).",MODERATE,"Joint model beat additive in 4/5 folds, incremental R^2=0.0470."
MEASURE_ET_DC_SEC_S_Ig_cut1_mAmm_neg_SD3p5,TOPSIN_ET_DC_PIV_Drain_Lag_1,C_existing_h_statistic,1.9897,1.9338,2.808,0.2188,0.2596,0.0407,0.0,0.0,4/5,"MEASURE_ET_DC_SEC_S_Ig_cut1_mAmm_neg_SD3p5 in [37.46, 38.73] AND TOPSIN_ET_DC_PIV_Drain_Lag_1 in [6.137, 6.999]","MEASURE_ET_DC_SEC_S_Ig_cut1_mAmm_neg_SD3p5 in [38.73, +inf] AND TOPSIN_ET_DC_PIV_Drain_Lag_1 in [8.053, +inf]","Effect of MEASURE_ET_DC_SEC_S_Ig_cut1_mAmm_neg_SD3p5 (low->high) on Yield: when TOPSIN_ET_DC_PIV_Drain_Lag_1 is low = +0.403 pt, medium = +1.364 pt, high = -0.738 pt. The effect of MEASURE_ET_DC_SEC_S_Ig_cut1_mAmm_neg_SD3p5 is largest when TOPSIN_ET_DC_PIV_Drain_Lag_1 is medium (an increase of 1.364 pt) and smallest when TOPSIN_ET_DC_PIV_Drain_Lag_1 is low (0.403 pt).",MODERATE,"Joint model beat additive in 4/5 folds, incremental R^2=0.0407."
TOPSIN_ET_lkg_C450pf,MEASURE_ET_DC_RF2_S22dB_26GHz,C_existing_h_statistic,1.9836,1.9305,2.678,0.2198,0.2589,0.0391,0.00034,0.0119,4/5,"TOPSIN_ET_lkg_C450pf in [-inf, 0.04826] AND MEASURE_ET_DC_RF2_S22dB_26GHz in [-inf, -13.82]","TOPSIN_ET_lkg_C450pf in [0.1248, +inf] AND MEASURE_ET_DC_RF2_S22dB_26GHz in [-inf, -13.82]","Effect of TOPSIN_ET_lkg_C450pf (low->high) on Yield: when MEASURE_ET_DC_RF2_S22dB_26GHz is low = -2.450 pt, medium = -2.830 pt, high = -1.463 pt. The effect of TOPSIN_ET_lkg_C450pf is largest when MEASURE_ET_DC_RF2_S22dB_26GHz is medium (a decrease of 2.830 pt) and smallest when MEASURE_ET_DC_RF2_S22dB_26GHz is high (1.463 pt).",MODERATE,"Joint model beat additive in 4/5 folds, incremental R^2=0.0391."
TOPSIN_ET_C100Cap1pf,MEASURE_ET_Vbkdn_Cap100,D_tree_path_cooccurrence,2.2141,2.1711,1.939,0.0348,0.0688,0.0339,0.00032,0.0034,3/5,"TOPSIN_ET_C100Cap1pf in [0.7786, 0.8364] AND MEASURE_ET_Vbkdn_Cap100 in [0.8856, +inf]","TOPSIN_ET_C100Cap1pf in [0.8364, 0.8836] AND MEASURE_ET_Vbkdn_Cap100 in [0.7768, 0.828]","Effect of TOPSIN_ET_C100Cap1pf (low->high) on Yield: when MEASURE_ET_Vbkdn_Cap100 is low = -1.448 pt, medium = -0.742 pt, high = -0.842 pt. The effect of TOPSIN_ET_C100Cap1pf is largest when MEASURE_ET_Vbkdn_Cap100 is low (a decrease of 1.448 pt) and smallest when MEASURE_ET_Vbkdn_Cap100 is medium (0.742 pt).",MODERATE,Joint model beat additive in 3/5 folds with incremental R^2=0.0339 -- majority but not unanimous.
MEASURE_ET_DC_RF_Min_S21_Freq_L1018,MEASURE_ET_ABVIETCH,B_existing_shap_interaction+C_existing_h_statistic,2.1506,2.1134,1.727,0.0824,0.1119,0.0295,0.00168,0.0426,4/5,"MEASURE_ET_DC_RF_Min_S21_Freq_L1018 in [15.91, +inf] AND MEASURE_ET_ABVIETCH in [26.26, +inf]","MEASURE_ET_DC_RF_Min_S21_Freq_L1018 in [-inf, 14.07] AND MEASURE_ET_ABVIETCH in [22.84, 24.23]","Effect of MEASURE_ET_DC_RF_Min_S21_Freq_L1018 (low->high) on Yield: when MEASURE_ET_ABVIETCH is low = +0.885 pt, medium = +0.546 pt, high = +0.796 pt. The effect of MEASURE_ET_DC_RF_Min_S21_Freq_L1018 is largest when MEASURE_ET_ABVIETCH is low (an increase of 0.885 pt) and smallest when MEASURE_ET_ABVIETCH is medium (0.546 pt).",MODERATE,"Joint model beat additive in 4/5 folds, incremental R^2=0.0295."
TOPSIN_ET_C100Cap1pf,MEASURE_ET_DC_SEC_X_Vg_at_I3_pos,D_tree_path_cooccurrence,2.1261,2.0913,1.637,0.1145,0.1439,0.0294,0.00157,0.0207,4/5,"TOPSIN_ET_C100Cap1pf in [0.6956, 0.7786] AND MEASURE_ET_DC_SEC_X_Vg_at_I3_pos in [41.13, 42.28]","TOPSIN_ET_C100Cap1pf in [-inf, 0.6956] AND MEASURE_ET_DC_SEC_X_Vg_at_I3_pos in [-inf, 38.86]","Effect of TOPSIN_ET_C100Cap1pf (low->high) on Yield: when MEASURE_ET_DC_SEC_X_Vg_at_I3_pos is low = -0.094 pt, medium = -1.050 pt, high = -1.840 pt. The effect of TOPSIN_ET_C100Cap1pf is largest when MEASURE_ET_DC_SEC_X_Vg_at_I3_pos is high (a decrease of 1.840 pt) and smallest when MEASURE_ET_DC_SEC_X_Vg_at_I3_pos is low (0.094 pt).",MODERATE,"Joint model beat additive in 4/5 folds, incremental R^2=0.0294."
TOPSIN_ET_C100Cap1pf,FIC_ET_G_per_25,B_existing_shap_interaction+C_existing_h_statistic,2.1044,2.0686,1.697,0.1302,0.1568,0.0266,0.01122,0.2551,4/5,"TOPSIN_ET_C100Cap1pf in [0.6956, 0.7786] AND FIC_ET_G_per_25 in [59.18, +inf]","TOPSIN_ET_C100Cap1pf in [0.8836, +inf] AND FIC_ET_G_per_25 in [-inf, 55.09]","Effect of TOPSIN_ET_C100Cap1pf (low->high) on Yield: when FIC_ET_G_per_25 is low = -0.944 pt, medium = -1.029 pt, high = -0.659 pt. The effect of TOPSIN_ET_C100Cap1pf is largest when FIC_ET_G_per_25 is medium (a decrease of 1.029 pt) and smallest when FIC_ET_G_per_25 is high (0.659 pt).",MODERATE,"Joint model beat additive in 4/5 folds, incremental R^2=0.0266."
MEASURE_ET_Rcat_cn_1_OW_ST,TOPSIN_ET_DC_PIV_Drain_Lag_1,A_top_score1_nonadditivity,1.9883,1.9576,1.543,0.2192,0.2454,0.0262,0.0,0.0,4/5,"MEASURE_ET_Rcat_cn_1_OW_ST in [0.2058, 0.2228] AND TOPSIN_ET_DC_PIV_Drain_Lag_1 in [-inf, 5.168]","MEASURE_ET_Rcat_cn_1_OW_ST in [0.2228, 0.2423] AND TOPSIN_ET_DC_PIV_Drain_Lag_1 in [8.053, +inf]","Effect of MEASURE_ET_Rcat_cn_1_OW_ST (low->high) on Yield: when TOPSIN_ET_DC_PIV_Drain_Lag_1 is low = -0.590 pt, medium = -0.913 pt, high = -1.462 pt. The effect of MEASURE_ET_Rcat_cn_1_OW_ST is largest when TOPSIN_ET_DC_PIV_Drain_Lag_1 is high (a decrease of 1.462 pt) and smallest when TOPSIN_ET_DC_PIV_Drain_Lag_1 is low (0.590 pt).",MODERATE,"Joint model beat additive in 4/5 folds, incremental R^2=0.0262."
TOPSIN_ET_C100Cap1pf,MEASURE_ET_RF_Modeling_Ls,D_tree_path_cooccurrence,2.1293,2.0964,1.543,0.1042,0.1266,0.0223,0.00844,0.0956,4/5,"TOPSIN_ET_C100Cap1pf in [0.6956, 0.7786] AND MEASURE_ET_RF_Modeling_Ls in [89.49, 90.65]","TOPSIN_ET_C100Cap1pf in [-inf, 0.6956] AND MEASURE_ET_RF_Modeling_Ls in [-inf, 88.12]","Effect of TOPSIN_ET_C100Cap1pf (low->high) on Yield: when MEASURE_ET_RF_Modeling_Ls is low = -0.979 pt, medium = -1.102 pt, high = -0.628 pt. The effect of TOPSIN_ET_C100Cap1pf is largest when MEASURE_ET_RF_Modeling_Ls is medium (a decrease of 1.102 pt) and smallest when MEASURE_ET_RF_Modeling_Ls is high (0.628 pt).",MODERATE,"Joint model beat additive in 4/5 folds, incremental R^2=0.0223."
MEASURE_ET_lkg_50_at20V,MEASURE_ET_R_f_hr_3,B_existing_shap_interaction,2.0931,2.0624,1.466,0.132,0.1535,0.0214,0.00176,0.0126,4/5,"MEASURE_ET_lkg_50_at20V in [-inf, 0.04449] AND MEASURE_ET_R_f_hr_3 in [49.49, 50.67]","MEASURE_ET_lkg_50_at20V in [0.1274, +inf] AND MEASURE_ET_R_f_hr_3 in [53.25, +inf]","Effect of MEASURE_ET_lkg_50_at20V (low->high) on Yield: when MEASURE_ET_R_f_hr_3 is low = -1.551 pt, medium = -1.883 pt, high = -2.129 pt. The effect of MEASURE_ET_lkg_50_at20V is largest when MEASURE_ET_R_f_hr_3 is high (a decrease of 2.129 pt) and smallest when MEASURE_ET_R_f_hr_3 is low (1.551 pt).",MODERATE,"Joint model beat additive in 4/5 folds, incremental R^2=0.0214."
TOPSIN_ET_DC_PIV_Drain_Lag_0,FIC_ET_Probe_Number,D_tree_path_cooccurrence,2.0359,2.0046,1.539,0.1876,0.2075,0.0199,0.00225,0.0292,3/5,"TOPSIN_ET_DC_PIV_Drain_Lag_0 in [-inf, 5.052] AND FIC_ET_Probe_Number in [3.947, 4.905]","TOPSIN_ET_DC_PIV_Drain_Lag_0 in [8.204, +inf] AND FIC_ET_Probe_Number in [4.905, +inf]","Effect of TOPSIN_ET_DC_PIV_Drain_Lag_0 (low->high) on Yield: when FIC_ET_Probe_Number is low = -1.182 pt, medium = -2.082 pt, high = -2.507 pt. The effect of TOPSIN_ET_DC_PIV_Drain_Lag_0 is largest when FIC_ET_Probe_Number is high (a decrease of 2.507 pt) and smallest when FIC_ET_Probe_Number is low (1.182 pt).",MODERATE,Joint model beat additive in 3/5 folds with incremental R^2=0.0199 -- majority but not unanimous.
MEASURE_ET_CapPARCAP,TOPSIN_ET_DC_PIV_Drain_Lag_1,A_top_score1_nonadditivity,1.9803,1.9573,1.164,0.2273,0.2457,0.0184,0.0,0.0,4/5,"MEASURE_ET_CapPARCAP in [-inf, 0.1773] AND TOPSIN_ET_DC_PIV_Drain_Lag_1 in [-inf, 5.168]","MEASURE_ET_CapPARCAP in [0.2426, +inf] AND TOPSIN_ET_DC_PIV_Drain_Lag_1 in [8.053, +inf]","Effect of MEASURE_ET_CapPARCAP (low->high) on Yield: when TOPSIN_ET_DC_PIV_Drain_Lag_1 is low = -0.343 pt, medium = -1.313 pt, high = -0.914 pt. The effect of MEASURE_ET_CapPARCAP is largest when TOPSIN_ET_DC_PIV_Drain_Lag_1 is medium (a decrease of 1.313 pt) and smallest when TOPSIN_ET_DC_PIV_Drain_Lag_1 is low (0.343 pt).",MODERATE,"Joint model beat additive in 4/5 folds, incremental R^2=0.0184."
TOPSIN_ET_C100Cap1pf,MEASURE_ET_DC_SEC_X_Ig_mAmm_at_Vg_cond_neg,D_tree_path_cooccurrence,2.1046,2.0786,1.232,0.1308,0.1475,0.0167,0.00028,0.0046,3/5,"TOPSIN_ET_C100Cap1pf in [0.6956, 0.7786] AND MEASURE_ET_DC_SEC_X_Ig_mAmm_at_Vg_cond_neg in [52.28, +inf]","TOPSIN_ET_C100Cap1pf in [0.8364, 0.8836] AND MEASURE_ET_DC_SEC_X_Ig_mAmm_at_Vg_cond_neg in [-inf, 48.67]","Effect of TOPSIN_ET_C100Cap1pf (low->high) on Yield: when MEASURE_ET_DC_SEC_X_Ig_mAmm_at_Vg_cond_neg is low = -1.244 pt, medium = -0.759 pt, high = -1.319 pt. The effect of TOPSIN_ET_C100Cap1pf is largest when MEASURE_ET_DC_SEC_X_Ig_mAmm_at_Vg_cond_neg is high (a decrease of 1.319 pt) and smallest when MEASURE_ET_DC_SEC_X_Ig_mAmm_at_Vg_cond_neg is medium (0.759 pt).",MODERATE,Joint model beat additive in 3/5 folds with incremental R^2=0.0167 -- majority but not unanimous.
GATE2_CD_358nm_Gate_Leg_Length,TOPSIN_ET_DC_PIV_Drain_Lag_1,F_score_disagreement,2.0337,2.0127,1.029,0.1838,0.2001,0.0163,0.0,0.006,4/5,"GATE2_CD_358nm_Gate_Leg_Length in [0.3609, 0.3655] AND TOPSIN_ET_DC_PIV_Drain_Lag_1 in [6.137, 6.999]","GATE2_CD_358nm_Gate_Leg_Length in [0.3609, 0.3655] AND TOPSIN_ET_DC_PIV_Drain_Lag_1 in [8.053, +inf]","Effect of GATE2_CD_358nm_Gate_Leg_Length (low->high) on Yield: when TOPSIN_ET_DC_PIV_Drain_Lag_1 is low = +0.432 pt, medium = +0.310 pt, high = -0.224 pt. The effect of GATE2_CD_358nm_Gate_Leg_Length is largest when TOPSIN_ET_DC_PIV_Drain_Lag_1 is low (an increase of 0.432 pt) and smallest when TOPSIN_ET_DC_PIV_Drain_Lag_1 is high (0.224 pt).",MODERATE,"Joint model beat additive in 4/5 folds, incremental R^2=0.0163."
SIN_GATE_ET_OHMC,THIN_ET_lkg_100_at20V,F_score_disagreement,1.965,1.9397,1.285,0.2265,0.2426,0.0161,1e-05,0.0022,3/5,"SIN_GATE_ET_OHMC in [67.38, +inf] AND THIN_ET_lkg_100_at20V in [0.06038, 0.08743]","SIN_GATE_ET_OHMC in [64.63, 66.03] AND THIN_ET_lkg_100_at20V in [0.1194, +inf]","Effect of SIN_GATE_ET_OHMC (low->high) on Yield: when THIN_ET_lkg_100_at20V is low = +0.969 pt, medium = +1.081 pt, high = +0.793 pt. The effect of SIN_GATE_ET_OHMC is largest when THIN_ET_lkg_100_at20V is medium (an increase of 1.081 pt) and smallest when THIN_ET_lkg_100_at20V is high (0.793 pt).",MODERATE,Joint model beat additive in 3/5 folds with incremental R^2=0.0161 -- majority but not unanimous.
SIN_GATE_ET_RGAN2,MEASURE_ET_DC_RF2_MAG_26GHz,D_tree_path_cooccurrence,2.108,2.0916,0.776,0.1246,0.1382,0.0136,0.00557,0.1643,3/5,"SIN_GATE_ET_RGAN2 in [100.3, +inf] AND MEASURE_ET_DC_RF2_MAG_26GHz in [15.07, 15.66]","SIN_GATE_ET_RGAN2 in [-inf, 96.02] AND MEASURE_ET_DC_RF2_MAG_26GHz in [14.06, 14.62]","Effect of SIN_GATE_ET_RGAN2 (low->high) on Yield: when MEASURE_ET_DC_RF2_MAG_26GHz is low = +0.106 pt, medium = +1.947 pt, high = +1.905 pt. The effect of SIN_GATE_ET_RGAN2 is largest when MEASURE_ET_DC_RF2_MAG_26GHz is medium (an increase of 1.947 pt) and smallest when MEASURE_ET_DC_RF2_MAG_26GHz is low (0.106 pt).",MODERATE,Joint model beat additive in 3/5 folds with incremental R^2=0.0136 -- majority but not unanimous.
MEASURE_ET_DC_RF_K_W,MEASURE_ET_DC_RF2_MAG_26GHz,B_existing_shap_interaction+C_existing_h_statistic,2.1471,2.132,0.705,0.091,0.1037,0.0127,0.00729,0.1558,4/5,"MEASURE_ET_DC_RF_K_W in [10.99, 12.13] AND MEASURE_ET_DC_RF2_MAG_26GHz in [15.66, +inf]","MEASURE_ET_DC_RF_K_W in [-inf, 8.783] AND MEASURE_ET_DC_RF2_MAG_26GHz in [14.62, 15.07]","Effect of MEASURE_ET_DC_RF_K_W (low->high) on Yield: when MEASURE_ET_DC_RF2_MAG_26GHz is low = +1.280 pt, medium = +0.523 pt, high = +0.620 pt. The effect of MEASURE_ET_DC_RF_K_W is largest when MEASURE_ET_DC_RF2_MAG_26GHz is low (an increase of 1.280 pt) and smallest when MEASURE_ET_DC_RF2_MAG_26GHz is medium (0.523 pt).",MODERATE,"Joint model beat additive in 4/5 folds, incremental R^2=0.0127."
TOPSIN_ET_C100Cap1pf,OHMIC_ET_Rsh_an_ct2,B_existing_shap_interaction,2.09,2.0732,0.802,0.1435,0.156,0.0125,0.00789,0.0995,4/5,"TOPSIN_ET_C100Cap1pf in [-inf, 0.6956] AND OHMIC_ET_Rsh_an_ct2 in [118.3, 122.4]","TOPSIN_ET_C100Cap1pf in [0.8364, 0.8836] AND OHMIC_ET_Rsh_an_ct2 in [127.7, +inf]","Effect of TOPSIN_ET_C100Cap1pf (low->high) on Yield: when OHMIC_ET_Rsh_an_ct2 is low = -1.309 pt, medium = -1.657 pt, high = -1.027 pt. The effect of TOPSIN_ET_C100Cap1pf is largest when OHMIC_ET_Rsh_an_ct2 is medium (a decrease of 1.657 pt) and smallest when OHMIC_ET_Rsh_an_ct2 is high (1.027 pt).",MODERATE,"Joint model beat additive in 4/5 folds, incremental R^2=0.0125."
MEASURE_ET_Rc_an_ct2_OW_CR,SIN_ET_DC_RF_Vbin_gs,B_existing_shap_interaction+C_existing_h_statistic,1.9986,1.9831,0.777,0.2062,0.2172,0.011,0.00398,0.1222,3/5,"MEASURE_ET_Rc_an_ct2_OW_CR in [0.1984, 0.2197] AND SIN_ET_DC_RF_Vbin_gs in [27.95, 30.63]","MEASURE_ET_Rc_an_ct2_OW_CR in [0.24, +inf] AND SIN_ET_DC_RF_Vbin_gs in [-inf, 24.13]","Effect of MEASURE_ET_Rc_an_ct2_OW_CR (low->high) on Yield: when SIN_ET_DC_RF_Vbin_gs is low = -1.501 pt, medium = -1.491 pt, high = -0.631 pt. The effect of MEASURE_ET_Rc_an_ct2_OW_CR is largest when SIN_ET_DC_RF_Vbin_gs is low (a decrease of 1.501 pt) and smallest when SIN_ET_DC_RF_Vbin_gs is high (0.631 pt).",MODERATE,Joint model beat additive in 3/5 folds with incremental R^2=0.0110 -- majority but not unanimous.
TOPSIN_ET_C100Cap1pf,MEASURE_ET_RF_Modeling_S21_25G_Before,D_tree_path_cooccurrence,2.1703,2.1468,1.085,0.0762,0.0933,0.0171,0.01821,0.3402,2/5,"TOPSIN_ET_C100Cap1pf in [0.7786, 0.8364] AND MEASURE_ET_RF_Modeling_S21_25G_Before in [15.64, +inf]","TOPSIN_ET_C100Cap1pf in [0.8836, +inf] AND MEASURE_ET_RF_Modeling_S21_25G_Before in [-inf, 13.99]",,WEAK,"Joint model beat additive in only 2/5 folds, incremental R^2=0.0171 -- inconsistent."
MEASURE_ET_DC_SEC_X_Ig_cut1_mAmm_pos,TOPSIN_ET_C100Cap2pf,D_tree_path_cooccurrence,2.1955,2.1767,0.857,0.0489,0.0584,0.0095,0.0,0.0,3/5,"MEASURE_ET_DC_SEC_X_Ig_cut1_mAmm_pos in [12.24, +inf] AND TOPSIN_ET_C100Cap2pf in [-inf, 0.7117]","MEASURE_ET_DC_SEC_X_Ig_cut1_mAmm_pos in [-inf, 9.146] AND TOPSIN_ET_C100Cap2pf in [0.8934, +inf]",,WEAK,"Joint model beat additive in only 3/5 folds, incremental R^2=0.0095 -- inconsistent."
TOPSIN_ET_C100Cap1pf,MEASURE_ET_DC_RF_CF_S12_Mag_L1002,B_existing_shap_interaction+C_existing_h_statistic+D_tree_path_cooccurrence,2.1484,2.1348,0.631,0.0919,0.101,0.0091,0.00494,0.0674,3/5,"TOPSIN_ET_C100Cap1pf in [-inf, 0.6956] AND MEASURE_ET_DC_RF_CF_S12_Mag_L1002 in [15.89, +inf]","TOPSIN_ET_C100Cap1pf in [0.8836, +inf] AND MEASURE_ET_DC_RF_CF_S12_Mag_L1002 in [-inf, 14.09]",,WEAK,"Joint model beat additive in only 3/5 folds, incremental R^2=0.0091 -- inconsistent."
THIN_ET_lkg_100_at20V,BRIDGE_METAL_CD_BRGM_Final_metal_CD,F_score_disagreement,1.9859,1.9747,0.565,0.2131,0.2205,0.0074,2e-05,0.0022,3/5,"THIN_ET_lkg_100_at20V in [0.06038, 0.08743] AND BRIDGE_METAL_CD_BRGM_Final_metal_CD in [0.8739, +inf]","THIN_ET_lkg_100_at20V in [0.1194, +inf] AND BRIDGE_METAL_CD_BRGM_Final_metal_CD in [0.8528, 0.8627]",,WEAK,"Joint model beat additive in only 3/5 folds, incremental R^2=0.0074 -- inconsistent."
MEASURE_ET_DC_SEC_X_Ig_cut1_mAmm_pos,MEASURE_ET_DC_SEC_Vgs_0p5V,D_tree_path_cooccurrence,2.2127,2.2065,0.279,0.034,0.04,0.006,1e-05,0.0007,4/5,"MEASURE_ET_DC_SEC_X_Ig_cut1_mAmm_pos in [10.16, 11.19] AND MEASURE_ET_DC_SEC_Vgs_0p5V in [91.17, +inf]","MEASURE_ET_DC_SEC_X_Ig_cut1_mAmm_pos in [9.146, 10.16] AND MEASURE_ET_DC_SEC_Vgs_0p5V in [-inf, 87.27]",,WEAK,"Joint model beat additive in only 4/5 folds, incremental R^2=0.0060 -- inconsistent."
MEASURE_ET_DC_SEC_X_Vboff_Id,MEASURE_ET_DC_SEC_X_Vg_at_I3_pos,D_tree_path_cooccurrence,2.1652,2.1578,0.343,0.0803,0.0853,0.005,0.0,0.0,3/5,"MEASURE_ET_DC_SEC_X_Vboff_Id in [95.47, 96.75] AND MEASURE_ET_DC_SEC_X_Vg_at_I3_pos in [41.13, 42.28]","MEASURE_ET_DC_SEC_X_Vboff_Id in [-inf, 93.96] AND MEASURE_ET_DC_SEC_X_Vg_at_I3_pos in [42.28, +inf]",,WEAK,"Joint model beat additive in only 3/5 folds, incremental R^2=0.0050 -- inconsistent."
SIN_GATE_ET_RGAN2,ANODE_ET_Probe_Number,D_tree_path_cooccurrence,2.1515,2.1455,0.28,0.0845,0.0865,0.002,7e-05,0.006,3/5,"SIN_GATE_ET_RGAN2 in [100.3, +inf] AND ANODE_ET_Probe_Number in [1.953, 2.033]","SIN_GATE_ET_RGAN2 in [-inf, 96.02] AND ANODE_ET_Probe_Number in [-inf, 1.953]",,WEAK,"Joint model beat additive in only 3/5 folds, incremental R^2=0.0020 -- inconsistent."
TOPSIN_ET_C100Cap1pf,TOPSIN_ET_Load_Pull_P.A.E_Last,D_tree_path_cooccurrence,2.1225,2.1205,0.097,0.1101,0.1096,-0.0005,0.00011,0.0012,2/5,"TOPSIN_ET_C100Cap1pf in [0.7786, 0.8364] AND TOPSIN_ET_Load_Pull_P.A.E_Last in [58.19, +inf]","TOPSIN_ET_C100Cap1pf in [0.8836, +inf] AND TOPSIN_ET_Load_Pull_P.A.E_Last in [-inf, 54.51]",,WEAK,"Joint model beat additive in only 2/5 folds, incremental R^2=-0.0005 -- inconsistent."
GATE2_CD_358nm_Gate_Win_Length,TOPSIN_ET_DC_PIV_Drain_Lag_1,F_score_disagreement,2.0315,2.0322,-0.036,0.1851,0.1846,-0.0005,1e-05,0.0152,2/5,"GATE2_CD_358nm_Gate_Win_Length in [0.5482, 0.5559] AND TOPSIN_ET_DC_PIV_Drain_Lag_1 in [6.137, 6.999]","GATE2_CD_358nm_Gate_Win_Length in [-inf, 0.5397] AND TOPSIN_ET_DC_PIV_Drain_Lag_1 in [8.053, +inf]",,WEAK,"Joint model beat additive in only 2/5 folds, incremental R^2=-0.0005 -- inconsistent."
TOPSIN_ET_lkg_C450pf,SIN_Thickness2_RefractiveIndex,F_score_disagreement,2.0425,2.0513,-0.433,0.1676,0.1581,-0.0095,1e-05,0.0007,2/5,"TOPSIN_ET_lkg_C450pf in [-inf, 0.04826] AND SIN_Thickness2_RefractiveIndex in [1.942, 1.956]","TOPSIN_ET_lkg_C450pf in [0.1248, +inf] AND SIN_Thickness2_RefractiveIndex in [1.942, 1.956]",,WEAK,"Joint model beat additive in only 2/5 folds, incremental R^2=-0.0095 -- inconsistent."
TOPSIN_ET_DC_RF_Vt_gd,SIN_GATE_ET_Ran_con_2,D_tree_path_cooccurrence,2.2213,2.2322,-0.489,0.0287,0.0185,-0.0102,2e-05,0.0045,1/5,"TOPSIN_ET_DC_RF_Vt_gd in [60.13, +inf] AND SIN_GATE_ET_Ran_con_2 in [96.17, 97.57]","TOPSIN_ET_DC_RF_Vt_gd in [-inf, 56.6] AND SIN_GATE_ET_Ran_con_2 in [96.17, 97.57]",,INCONCLUSIVE,"Joint model did not reproducibly beat additive (1/5 folds, incremental R^2=-0.0102)."
MEASURE_ET_DC_SEC_S_Ig_mAmm_at_Vg_cond_pos,TOPSIN_ET_DC_PIV_Drain_Lag_1,F_score_disagreement,2.0337,2.0469,-0.652,0.184,0.1729,-0.0111,0.0,0.0,1/5,"MEASURE_ET_DC_SEC_S_Ig_mAmm_at_Vg_cond_pos in [-inf, 70.19] AND TOPSIN_ET_DC_PIV_Drain_Lag_1 in [6.137, 6.999]","MEASURE_ET_DC_SEC_S_Ig_mAmm_at_Vg_cond_pos in [74.06, +inf] AND TOPSIN_ET_DC_PIV_Drain_Lag_1 in [8.053, +inf]",,INCONCLUSIVE,"Joint model did not reproducibly beat additive (1/5 folds, incremental R^2=-0.0111)."
THIN_ET_lkg_100_at20V,MEASURE_ET_Load_Pull_Id_ord,F_score_disagreement,1.9936,2.0083,-0.738,0.207,0.1956,-0.0115,4e-05,0.0024,0/5,"THIN_ET_lkg_100_at20V in [0.06038, 0.08743] AND MEASURE_ET_Load_Pull_Id_ord in [101.2, +inf]","THIN_ET_lkg_100_at20V in [0.1194, +inf] AND MEASURE_ET_Load_Pull_Id_ord in [101.2, +inf]",,INCONCLUSIVE,"Joint model did not reproducibly beat additive (0/5 folds, incremental R^2=-0.0115)."
