raw_csv_parameter_name,spline_evidence_label,spline_relationship_class,spline_nonlinear_advantage,v2_univariate_evidence_label,v2_univariate_shape,shap_percentile,gain_percentile,permutation_percentile,method_agreement,v3_broadscreen_best_rank,v3_confirmed_strong_count,v3_confirmed_moderate_count,v3_confirmed_best_incremental_r2,v3_tree_path_cooccurrence,cross_stage_best_evidence_label,n_independent_methods_supporting,is_marginal_evidence,is_nonlinear_evidence,is_conditional_evidence,is_interaction_related_evidence,is_cross_stage_evidence,evidence_tier
MaskSetSupplyChipsCount,STRONG,COMPLEX_NONLINEAR,True,INCONCLUSIVE,complex_nonmonotonic,97.61,98.95,98.18,high_agreement,178.0,1,1,0.0728,False,no_evidence,5,True,True,True,True,False,HIGH_EVIDENCE
ANODE_ET_C_AN_2,STRONG,U_SHAPED,True,INCONCLUSIVE,U_shape,25.33,30.39,46.81,moderate_agreement,,0,0,,False,STRONG,2,True,True,False,False,True,MEDIUM_EVIDENCE
ANODE_ET_C_AN_2_OW_CR,INCONCLUSIVE,FLAT,False,WEAK,threshold,24.42,16.0,37.89,moderate_agreement,,0,0,,False,INCONCLUSIVE,0,False,True,False,False,False,UNSUPPORTED
ANODE_ET_Probe_Number,STRONG,THRESHOLD,True,STRONG,threshold,91.72,96.0,95.23,high_agreement,,1,1,0.0568,True,no_evidence,6,True,True,True,True,False,HIGH_EVIDENCE
ANODE_ET_Ran_con_1,STRONG,SATURATION,False,STRONG,complex_nonmonotonic,97.4,96.07,96.28,high_agreement,,0,0,,False,MODERATE,5,True,True,False,False,True,HIGH_EVIDENCE
ANODE_ET_Ran_con_1_OW_CR,INCONCLUSIVE,FLAT,False,MODERATE,threshold,63.51,47.16,47.3,moderate_agreement,,0,0,,False,INCONCLUSIVE,1,True,True,False,False,False,LOW_EVIDENCE
ANODE_ET_Ran_con_2,INCONCLUSIVE,FLAT,False,INCONCLUSIVE,threshold,62.67,43.16,47.02,moderate_agreement,,0,0,,False,MODERATE,1,False,True,False,False,True,LOW_EVIDENCE
ANODE_ET_Ran_con_2_OW_CR,INCONCLUSIVE,FLAT,False,INCONCLUSIVE,monotonic,87.23,83.86,87.44,high_agreement,,0,0,,False,MODERATE,1,False,False,False,False,True,LOW_EVIDENCE
ANODE_ET_Ran_con_3,WEAK,THRESHOLD,False,INCONCLUSIVE,threshold,93.47,94.74,89.68,high_agreement,,0,0,,False,INCONCLUSIVE,1,True,True,False,False,False,LOW_EVIDENCE
ANODE_ET_Ran_con_3_OW_CR,WEAK,PROCESS_WINDOW,False,INCONCLUSIVE,complex_nonmonotonic,29.54,31.51,11.09,moderate_agreement,,0,0,,False,STRONG,1,False,True,False,False,True,LOW_EVIDENCE
ANODE_ET_Rc_an_ct2,STRONG,PROCESS_WINDOW,True,INCONCLUSIVE,inverted_U,96.42,95.23,95.79,high_agreement,,0,0,,False,INCONCLUSIVE,3,True,True,False,False,False,HIGH_EVIDENCE
ANODE_ET_Rc_an_ct2_OW_CR,STRONG,SATURATION,True,INCONCLUSIVE,complex_nonmonotonic,99.16,98.88,99.37,high_agreement,231.0,1,1,0.1846,True,INCONCLUSIVE,6,True,True,True,True,False,HIGH_EVIDENCE
ANODE_ET_Rsh_an_ct2,INCONCLUSIVE,FLAT,False,INCONCLUSIVE,inverted_U,62.6,65.61,63.79,high_agreement,60.0,0,0,,False,STRONG,2,False,True,False,True,True,MEDIUM_EVIDENCE
ANODE_ET_Rsh_an_ct2_OW_CR,STRONG,INVERTED_U,False,INCONCLUSIVE,inverted_U,56.56,50.11,47.09,high_agreement,,0,0,,False,MODERATE,2,True,True,False,False,True,MEDIUM_EVIDENCE
BRGM_ET_ABVIETCH,STRONG,COMPLEX_NONLINEAR,True,WEAK,complex_nonmonotonic,10.32,10.32,31.16,moderate_agreement,,0,0,,False,WEAK,1,True,True,False,False,False,LOW_EVIDENCE
BRGM_ET_C100,STRONG,COMPLEX_NONLINEAR,True,INCONCLUSIVE,complex_nonmonotonic,24.84,17.75,34.39,moderate_agreement,,0,0,,False,MODERATE,2,True,True,False,False,True,MEDIUM_EVIDENCE
BRGM_ET_C200,STRONG,COMPLEX_NONLINEAR,True,INCONCLUSIVE,complex_nonmonotonic,10.32,10.32,31.16,moderate_agreement,283.0,0,0,,False,INCONCLUSIVE,2,True,True,False,True,False,MEDIUM_EVIDENCE
BRGM_ET_C200_0,MODERATE,U_SHAPED,True,WEAK,complex_nonmonotonic,10.32,10.32,31.16,moderate_agreement,,0,0,,False,WEAK,1,True,True,False,False,False,LOW_EVIDENCE
BRGM_ET_C300,STRONG,COMPLEX_NONLINEAR,True,WEAK,complex_nonmonotonic,54.6,62.88,63.37,high_agreement,,0,0,,False,INCONCLUSIVE,1,True,True,False,False,False,LOW_EVIDENCE
BRGM_ET_C300_0,MODERATE,PROCESS_WINDOW,True,INCONCLUSIVE,complex_nonmonotonic,15.72,16.07,10.53,high_agreement,,0,0,,False,INCONCLUSIVE,1,True,True,False,False,False,LOW_EVIDENCE
BRGM_ET_Cap_C300,WEAK,U_SHAPED,False,INCONCLUSIVE,complex_nonmonotonic,10.32,10.32,31.16,moderate_agreement,,0,0,,False,INCONCLUSIVE,0,False,True,False,False,False,UNSUPPORTED
BRGM_ET_F_AB,MODERATE,COMPLEX_NONLINEAR,True,MODERATE,complex_nonmonotonic,67.93,74.74,74.74,high_agreement,,0,0,,False,INCONCLUSIVE,2,True,True,False,False,False,MEDIUM_EVIDENCE
BRGM_ET_i5021_1,MODERATE,SATURATION,True,INCONCLUSIVE,complex_nonmonotonic,10.32,10.32,31.16,moderate_agreement,,0,0,,False,STRONG,2,True,True,False,False,True,MEDIUM_EVIDENCE
BRGM_ET_i5021_2,WEAK,SATURATION,True,INCONCLUSIVE,complex_nonmonotonic,71.65,87.72,82.18,moderate_agreement,,0,0,,False,INCONCLUSIVE,0,False,True,False,False,False,UNSUPPORTED
BRGM_ET_i5021_3,MODERATE,COMPLEX_NONLINEAR,False,WEAK,complex_nonmonotonic,19.02,18.39,13.82,high_agreement,,0,0,,False,MODERATE,2,True,True,False,False,True,MEDIUM_EVIDENCE
BRGM_ET_KLV_F_AB_4u,STRONG,COMPLEX_NONLINEAR,True,MODERATE,complex_nonmonotonic,10.32,10.32,31.16,moderate_agreement,,0,0,,False,STRONG,3,True,True,False,False,True,HIGH_EVIDENCE
BRGM_ET_KLV_F_M1_4u,STRONG,U_SHAPED,True,MODERATE,complex_nonmonotonic,10.32,10.32,31.16,moderate_agreement,,0,0,,False,WEAK,2,True,True,False,False,False,MEDIUM_EVIDENCE
BRGM_ET_lkg_C200,WEAK,THRESHOLD,False,WEAK,threshold,10.32,10.32,31.16,moderate_agreement,281.0,0,0,,False,INCONCLUSIVE,1,False,True,False,True,False,LOW_EVIDENCE
BRGM_ET_lkg_C300,STRONG,COMPLEX_NONLINEAR,True,WEAK,complex_nonmonotonic,10.32,10.32,31.16,moderate_agreement,,0,0,,False,INCONCLUSIVE,1,True,True,False,False,False,LOW_EVIDENCE
BRGM_ET_lkg_SY07_10,STRONG,COMPLEX_NONLINEAR,True,MODERATE,complex_nonmonotonic,28.0,32.14,39.79,high_agreement,,0,0,,False,INCONCLUSIVE,2,True,True,False,False,False,MEDIUM_EVIDENCE
BRGM_ET_lkg_SY8_80,STRONG,COMPLEX_NONLINEAR,True,MODERATE,complex_nonmonotonic,10.32,10.32,31.16,moderate_agreement,80.0,0,0,,False,INCONCLUSIVE,3,True,True,False,True,False,HIGH_EVIDENCE
BRGM_ET_Probe_Number,INCONCLUSIVE,FLAT,False,MODERATE,monotonic,70.74,72.91,76.07,high_agreement,95.0,0,0,,False,no_evidence,2,True,False,False,True,False,MEDIUM_EVIDENCE
BRGM_ET_Rc_F_AB_2,STRONG,COMPLEX_NONLINEAR,True,STRONG,complex_nonmonotonic,15.23,19.09,40.77,moderate_agreement,,0,0,,False,INCONCLUSIVE,2,True,True,False,False,False,MEDIUM_EVIDENCE
BRGM_ET_Rsh_F_AB_2,STRONG,COMPLEX_NONLINEAR,True,MODERATE,complex_nonmonotonic,12.63,13.4,19.86,high_agreement,248.0,0,0,,False,MODERATE,4,True,True,False,True,True,HIGH_EVIDENCE
BRGM_ET_TR_1F,STRONG,COMPLEX_NONLINEAR,True,STRONG,complex_nonmonotonic,10.32,10.32,31.16,moderate_agreement,,0,0,,False,INCONCLUSIVE,2,True,True,False,False,False,MEDIUM_EVIDENCE
CATHODE_ET_C_CAT_2,WEAK,SATURATION,False,INCONCLUSIVE,complex_nonmonotonic,26.67,37.96,38.32,high_agreement,,0,0,,False,MODERATE,1,False,True,False,False,True,LOW_EVIDENCE
CATHODE_ET_C_CAT_2_OW_ST,MODERATE,U_SHAPED,True,INCONCLUSIVE,U_shape,35.44,41.54,43.37,high_agreement,,0,0,,False,MODERATE,2,True,True,False,False,True,MEDIUM_EVIDENCE
CATHODE_ET_Probe_Number,MODERATE,COMPLEX_NONLINEAR,True,INCONCLUSIVE,complex_nonmonotonic,42.18,37.47,18.81,moderate_agreement,,0,0,,False,no_evidence,1,True,True,False,False,False,LOW_EVIDENCE
CATHODE_ET_Rc_cat_ct2,MODERATE,THRESHOLD,False,STRONG,complex_nonmonotonic,75.58,74.6,62.25,moderate_agreement,,0,0,,False,MODERATE,3,True,True,False,False,True,HIGH_EVIDENCE
CATHODE_ET_Rc_cat_ct2_OW_ST,STRONG,SATURATION,False,INCONCLUSIVE,complex_nonmonotonic,69.89,68.28,74.39,high_agreement,53.0,0,0,,False,INCONCLUSIVE,2,True,True,False,True,False,MEDIUM_EVIDENCE
CATHODE_ET_Rcat_cn_1,STRONG,COMPLEX_NONLINEAR,True,MODERATE,complex_nonmonotonic,73.54,80.77,77.19,high_agreement,126.0,0,0,,False,WEAK,3,True,True,False,True,False,HIGH_EVIDENCE
CATHODE_ET_Rcat_cn_1_OW_ST,MODERATE,PROCESS_WINDOW,True,INCONCLUSIVE,complex_nonmonotonic,11.79,14.11,19.37,high_agreement,,0,0,,False,MODERATE,2,True,True,False,False,True,MEDIUM_EVIDENCE
CATHODE_ET_Rcat_cn_2,STRONG,THRESHOLD,True,INCONCLUSIVE,complex_nonmonotonic,97.75,96.91,97.54,high_agreement,3.0,2,0,0.0561,False,INCONCLUSIVE,5,True,True,True,True,False,HIGH_EVIDENCE
CATHODE_ET_Rcat_cn_2_OW_ST,STRONG,THRESHOLD,False,INCONCLUSIVE,complex_nonmonotonic,70.11,68.84,55.09,moderate_agreement,122.0,0,0,,False,INCONCLUSIVE,2,True,True,False,True,False,MEDIUM_EVIDENCE
CATHODE_ET_Rcat_cn_3,STRONG,THRESHOLD,True,INCONCLUSIVE,complex_nonmonotonic,25.96,44.84,48.77,moderate_agreement,127.0,0,0,,False,INCONCLUSIVE,2,True,True,False,True,False,MEDIUM_EVIDENCE
CATHODE_ET_Rcat_cn_3_OW_ST,MODERATE,SATURATION,True,WEAK,complex_nonmonotonic,80.0,73.96,72.98,high_agreement,40.0,2,0,0.1222,False,INCONCLUSIVE,3,True,True,True,True,False,HIGH_EVIDENCE
CATHODE_ET_Rsh_cat_c2,STRONG,SATURATION,True,STRONG,threshold,11.72,14.67,32.56,moderate_agreement,138.0,0,0,,False,MODERATE,4,True,True,False,True,True,HIGH_EVIDENCE
CATHODE_ET_Rsh_cat_c2_OW_ST,MODERATE,SATURATION,False,MODERATE,threshold,39.72,36.07,55.79,moderate_agreement,,0,0,,False,INCONCLUSIVE,2,True,True,False,False,False,MEDIUM_EVIDENCE
FIC_ET_Bad_Gates,WEAK,SATURATION,True,MODERATE,complex_nonmonotonic,96.21,89.12,96.35,high_agreement,90.0,1,0,0.0379,False,no_evidence,5,True,True,True,True,False,HIGH_EVIDENCE
FIC_ET_C100S1,MODERATE,THRESHOLD,True,WEAK,complex_nonmonotonic,15.58,12.63,19.44,high_agreement,188.0,0,0,,False,no_evidence,2,True,True,False,True,False,MEDIUM_EVIDENCE
FIC_ET_C200_0S1,STRONG,SATURATION,False,MODERATE,complex_nonmonotonic,48.49,58.81,54.25,high_agreement,,0,0,,False,no_evidence,2,True,True,False,False,False,MEDIUM_EVIDENCE
FIC_ET_C200S1,MODERATE,PROCESS_WINDOW,True,MODERATE,complex_nonmonotonic,22.88,18.04,42.25,moderate_agreement,,0,0,,False,no_evidence,2,True,True,False,False,False,MEDIUM_EVIDENCE
FIC_ET_FC_lin_4,MODERATE,THRESHOLD,False,INCONCLUSIVE,complex_nonmonotonic,43.79,40.21,4.42,low_agreement,,0,0,,False,no_evidence,1,True,True,False,False,False,LOW_EVIDENCE
FIC_ET_G_per_15,STRONG,THRESHOLD,True,STRONG,threshold,53.82,48.84,5.54,low_agreement,,0,0,,False,no_evidence,2,True,True,False,False,False,MEDIUM_EVIDENCE
FIC_ET_G_per_25,MODERATE,SATURATION,False,MODERATE,monotonic,97.89,99.23,98.88,high_agreement,,0,1,0.0266,False,no_evidence,5,True,False,True,True,False,HIGH_EVIDENCE
FIC_ET_G_per_2p75K,STRONG,SATURATION,False,INCONCLUSIVE,complex_nonmonotonic,61.68,66.6,69.05,high_agreement,,0,0,,False,no_evidence,1,True,True,False,False,False,LOW_EVIDENCE
FIC_ET_G_per_6K,STRONG,SATURATION,False,INCONCLUSIVE,complex_nonmonotonic,64.56,72.98,77.26,moderate_agreement,,0,0,,False,MODERATE,2,True,True,False,False,True,MEDIUM_EVIDENCE
FIC_ET_G2_per_6K,INCONCLUSIVE,FLAT,False,WEAK,threshold,28.07,34.74,6.32,moderate_agreement,,0,0,,False,INCONCLUSIVE,0,False,True,False,False,False,UNSUPPORTED
FIC_ET_Gate_res,MODERATE,THRESHOLD,False,INCONCLUSIVE,complex_nonmonotonic,74.74,77.26,77.68,high_agreement,195.0,0,0,,False,INCONCLUSIVE,2,True,True,False,True,False,MEDIUM_EVIDENCE
FIC_ET_Gm_m2,STRONG,COMPLEX_NONLINEAR,True,WEAK,complex_nonmonotonic,84.42,94.04,89.26,high_agreement,263.0,0,0,,False,MODERATE,3,True,True,False,True,True,HIGH_EVIDENCE
FIC_ET_Gm_max,STRONG,COMPLEX_NONLINEAR,True,MODERATE,complex_nonmonotonic,96.91,98.6,97.82,high_agreement,,0,0,,False,STRONG,5,True,True,False,False,True,HIGH_EVIDENCE
FIC_ET_GT_lin25,STRONG,THRESHOLD,False,MODERATE,monotonic,69.68,59.44,69.54,moderate_agreement,,0,0,,False,no_evidence,2,True,False,False,False,False,MEDIUM_EVIDENCE
FIC_ET_HIRS,STRONG,SATURATION,False,STRONG,threshold,70.6,64.77,67.93,high_agreement,,0,0,,False,MODERATE,3,True,True,False,False,True,HIGH_EVIDENCE
FIC_ET_Id_mAmm_at_Vd_cond,MODERATE,SATURATION,False,STRONG,threshold,21.12,17.61,33.96,moderate_agreement,,0,0,,False,no_evidence,2,True,True,False,False,False,MEDIUM_EVIDENCE
FIC_ET_Ids_m2,INCONCLUSIVE,FLAT,False,MODERATE,threshold,30.04,35.51,47.65,moderate_agreement,,0,0,,False,WEAK,1,True,True,False,False,False,LOW_EVIDENCE
FIC_ET_Ig_mAmm_at_Vd_cond,WEAK,INVERTED_U,True,INCONCLUSIVE,inverted_U,36.49,53.54,42.53,moderate_agreement,,0,0,,False,no_evidence,0,False,True,False,False,False,UNSUPPORTED
FIC_ET_lkg_5,STRONG,THRESHOLD,True,INCONCLUSIVE,complex_nonmonotonic,83.44,87.51,82.74,high_agreement,284.0,0,0,,False,STRONG,3,True,True,False,True,True,HIGH_EVIDENCE
FIC_ET_lkg_SY07_10,STRONG,THRESHOLD,True,STRONG,complex_nonmonotonic,12.35,12.35,19.58,high_agreement,10.0,1,0,0.1492,False,STRONG,5,True,True,True,True,True,HIGH_EVIDENCE
FIC_ET_lkg_SY8_80,STRONG,SATURATION,True,MODERATE,complex_nonmonotonic,96.98,96.84,96.49,high_agreement,87.0,0,0,,False,INCONCLUSIVE,5,True,True,False,True,False,HIGH_EVIDENCE
FIC_ET_OHMC,WEAK,PROCESS_WINDOW,True,INCONCLUSIVE,complex_nonmonotonic,10.32,10.32,31.16,moderate_agreement,197.0,0,0,,False,STRONG,2,False,True,False,True,True,MEDIUM_EVIDENCE
FIC_ET_Probe_Number,WEAK,SATURATION,False,MODERATE,threshold,96.56,83.02,96.56,moderate_agreement,130.0,0,1,0.0199,True,no_evidence,6,True,True,True,True,False,HIGH_EVIDENCE
FIC_ET_R_f_hr_1,STRONG,COMPLEX_NONLINEAR,True,INCONCLUSIVE,complex_nonmonotonic,21.54,21.96,10.32,high_agreement,,0,0,,False,MODERATE,2,True,True,False,False,True,MEDIUM_EVIDENCE
FIC_ET_R_f_hr_2,STRONG,THRESHOLD,False,MODERATE,threshold,31.23,32.7,46.74,moderate_agreement,,0,0,,False,MODERATE,3,True,True,False,False,True,HIGH_EVIDENCE
FIC_ET_R_f_hr_3,STRONG,THRESHOLD,False,MODERATE,monotonic,68.7,49.75,36.14,moderate_agreement,,0,0,,False,MODERATE,3,True,False,False,False,True,HIGH_EVIDENCE
FIC_ET_R_f_tn_1,MODERATE,COMPLEX_NONLINEAR,False,MODERATE,threshold,81.47,84.14,81.4,high_agreement,,0,0,,False,MODERATE,3,True,True,False,False,True,HIGH_EVIDENCE
FIC_ET_R_f_tn_2,STRONG,SATURATION,False,MODERATE,monotonic,92.77,69.75,93.26,moderate_agreement,,2,1,0.0537,True,MODERATE,7,True,False,True,True,True,HIGH_EVIDENCE
FIC_ET_R_f_tn_3,MODERATE,THRESHOLD,False,INCONCLUSIVE,U_shape,23.37,27.86,9.4,moderate_agreement,,0,0,,False,MODERATE,2,True,True,False,False,True,MEDIUM_EVIDENCE
FIC_ET_R114,STRONG,COMPLEX_NONLINEAR,True,WEAK,complex_nonmonotonic,75.51,76.35,70.53,high_agreement,,0,0,,False,WEAK,1,True,True,False,False,False,LOW_EVIDENCE
FIC_ET_R214,STRONG,COMPLEX_NONLINEAR,True,STRONG,threshold,27.44,27.3,10.25,moderate_agreement,,0,0,,False,WEAK,2,True,True,False,False,False,MEDIUM_EVIDENCE
FIC_ET_R314,INCONCLUSIVE,FLAT,False,INCONCLUSIVE,complex_nonmonotonic,67.16,73.19,73.82,high_agreement,,0,0,,False,MODERATE,1,False,True,False,False,True,LOW_EVIDENCE
FIC_ET_Rc_f_hr_23,MODERATE,THRESHOLD,True,WEAK,complex_nonmonotonic,82.6,86.04,74.04,moderate_agreement,39.0,2,0,0.1018,False,INCONCLUSIVE,3,True,True,True,True,False,HIGH_EVIDENCE
FIC_ET_Rc_f_tn_23,STRONG,THRESHOLD,False,INCONCLUSIVE,complex_nonmonotonic,10.32,10.32,31.16,moderate_agreement,27.0,2,0,0.0759,False,WEAK,3,True,True,True,True,False,HIGH_EVIDENCE
FIC_ET_Rc_OG142,STRONG,SATURATION,False,INCONCLUSIVE,threshold,12.49,13.82,12.84,high_agreement,110.0,0,0,,False,STRONG,3,True,True,False,True,True,HIGH_EVIDENCE
FIC_ET_sh_f_hr_23,STRONG,THRESHOLD,True,INCONCLUSIVE,U_shape,24.49,28.49,6.04,moderate_agreement,,0,0,,False,STRONG,2,True,True,False,False,True,MEDIUM_EVIDENCE
FIC_ET_sh_f_tn_23,INCONCLUSIVE,FLAT,False,MODERATE,threshold,96.07,88.28,93.54,high_agreement,295.0,0,0,,False,INCONCLUSIVE,4,True,True,False,True,False,HIGH_EVIDENCE
FIC_ET_sh_GA142,STRONG,COMPLEX_NONLINEAR,True,INCONCLUSIVE,complex_nonmonotonic,66.6,78.04,67.58,moderate_agreement,,0,0,,False,WEAK,1,True,True,False,False,False,LOW_EVIDENCE
FIC_ET_TANR,INCONCLUSIVE,FLAT,False,INCONCLUSIVE,complex_nonmonotonic,19.23,21.19,34.53,moderate_agreement,,0,0,,False,WEAK,0,False,True,False,False,False,UNSUPPORTED
FIC_ET_TR_1F,STRONG,U_SHAPED,True,INCONCLUSIVE,U_shape,69.05,71.86,71.58,high_agreement,,0,0,,False,STRONG,2,True,True,False,False,True,MEDIUM_EVIDENCE
FIC_ET_Vd_at_Id_cut_cond,STRONG,THRESHOLD,False,MODERATE,threshold,50.39,43.93,31.86,moderate_agreement,,0,0,,False,no_evidence,2,True,True,False,False,False,MEDIUM_EVIDENCE
FIC_ET_Vdg_max,STRONG,THRESHOLD,True,INCONCLUSIVE,complex_nonmonotonic,34.88,40.0,38.6,high_agreement,,0,0,,False,MODERATE,2,True,True,False,False,True,MEDIUM_EVIDENCE
FIC_ET_Vds_max,STRONG,THRESHOLD,False,MODERATE,monotonic,80.42,73.82,74.6,high_agreement,,0,0,,False,STRONG,3,True,False,False,False,True,HIGH_EVIDENCE
FIC_ET_Vg_gm_max,WEAK,THRESHOLD,False,INCONCLUSIVE,complex_nonmonotonic,10.32,10.32,31.16,moderate_agreement,,0,0,,False,STRONG,1,False,True,False,False,True,LOW_EVIDENCE
FIC_ET_Vg_Vds_max,STRONG,THRESHOLD,False,INCONCLUSIVE,complex_nonmonotonic,60.63,72.77,75.37,moderate_agreement,,0,0,,False,WEAK,1,True,True,False,False,False,LOW_EVIDENCE
FIC_ET_Vp_1,STRONG,PROCESS_WINDOW,True,INCONCLUSIVE,complex_nonmonotonic,64.0,70.53,75.58,moderate_agreement,203.0,0,0,,False,MODERATE,3,True,True,False,True,True,HIGH_EVIDENCE
FIC_ET_DC_PIV_Drain_Lag_0,WEAK,PROCESS_WINDOW,True,MODERATE,threshold,79.93,89.68,82.67,high_agreement,,0,0,,False,INCONCLUSIVE,1,True,True,False,False,False,LOW_EVIDENCE
FIC_ET_DC_PIV_Drain_Lag_1,STRONG,INVERTED_U,True,INCONCLUSIVE,complex_nonmonotonic,92.7,97.12,91.51,high_agreement,,0,0,,False,STRONG,4,True,True,False,False,True,HIGH_EVIDENCE
FIC_ET_DC_PIV_Gate_Lag_0,STRONG,THRESHOLD,True,MODERATE,monotonic,73.68,68.42,0.56,low_agreement,,0,0,,False,MODERATE,3,True,True,False,False,True,HIGH_EVIDENCE
FIC_ET_DC_PIV_Gate_Lag_1,STRONG,PROCESS_WINDOW,True,INCONCLUSIVE,complex_nonmonotonic,86.25,82.46,88.77,high_agreement,168.0,0,0,,False,INCONCLUSIVE,2,True,True,False,True,False,MEDIUM_EVIDENCE
FIC_ET_DC_PIV_Ids0_QP1,INCONCLUSIVE,FLAT,False,WEAK,monotonic,49.68,43.3,2.32,low_agreement,,0,0,,False,INCONCLUSIVE,0,False,False,False,False,False,UNSUPPORTED
FIC_ET_DC_PIV_Ids0_QP2,WEAK,U_SHAPED,True,INCONCLUSIVE,complex_nonmonotonic,71.3,76.84,69.33,high_agreement,,0,0,,False,MODERATE,1,False,True,False,False,True,LOW_EVIDENCE
FIC_ET_DC_PIV_Ids0_QP3,WEAK,SATURATION,False,STRONG,threshold,48.0,49.96,3.79,low_agreement,,0,0,,False,MODERATE,2,True,True,False,False,True,MEDIUM_EVIDENCE
FIC_ET_DC_PIV_Ids1_QP1,STRONG,COMPLEX_NONLINEAR,True,MODERATE,threshold,48.56,62.46,12.42,low_agreement,,0,0,,False,INCONCLUSIVE,2,True,True,False,False,False,MEDIUM_EVIDENCE
FIC_ET_DC_PIV_Ids1_QP2,INCONCLUSIVE,FLAT,False,WEAK,threshold,61.33,64.56,1.26,low_agreement,,0,0,,False,WEAK,0,False,True,False,False,False,UNSUPPORTED
FIC_ET_DC_PIV_Ids1_QP3,STRONG,U_SHAPED,False,INCONCLUSIVE,complex_nonmonotonic,84.14,84.28,88.49,high_agreement,,0,0,,False,INCONCLUSIVE,1,True,True,False,False,False,LOW_EVIDENCE
FIC_ET_DC_RF_Gm_0,STRONG,COMPLEX_NONLINEAR,False,WEAK,complex_nonmonotonic,46.04,49.68,56.42,high_agreement,,0,0,,False,STRONG,2,True,True,False,False,True,MEDIUM_EVIDENCE
FIC_ET_DC_RF_Gm_m0p2,STRONG,COMPLEX_NONLINEAR,True,WEAK,complex_nonmonotonic,25.47,24.21,14.81,high_agreement,,0,0,,False,INCONCLUSIVE,1,True,True,False,False,False,LOW_EVIDENCE
FIC_ET_DC_RF_Gm_max,MODERATE,U_SHAPED,False,WEAK,complex_nonmonotonic,10.32,10.32,31.16,moderate_agreement,,0,0,,False,STRONG,2,True,True,False,False,True,MEDIUM_EVIDENCE
FIC_ET_DC_RF_Id_gm_max,STRONG,COMPLEX_NONLINEAR,True,INCONCLUSIVE,complex_nonmonotonic,29.05,18.18,7.79,moderate_agreement,127.0,0,0,,False,MODERATE,3,True,True,False,True,True,HIGH_EVIDENCE
FIC_ET_DC_RF_Ids_m0p2,STRONG,SATURATION,False,MODERATE,complex_nonmonotonic,10.32,10.32,31.16,moderate_agreement,58.0,0,0,,False,STRONG,4,True,True,False,True,True,HIGH_EVIDENCE
FIC_ET_DC_RF_Idss,STRONG,COMPLEX_NONLINEAR,False,INCONCLUSIVE,complex_nonmonotonic,10.32,10.32,31.16,moderate_agreement,,0,0,,False,STRONG,2,True,True,False,False,True,MEDIUM_EVIDENCE
FIC_ET_DC_RF_Imax,STRONG,COMPLEX_NONLINEAR,True,MODERATE,complex_nonmonotonic,31.37,46.74,52.7,moderate_agreement,,0,0,,False,STRONG,3,True,True,False,False,True,HIGH_EVIDENCE
FIC_ET_DC_RF_n_gd,MODERATE,THRESHOLD,True,INCONCLUSIVE,inverted_U,48.98,40.98,52.56,high_agreement,,0,0,,False,MODERATE,2,True,True,False,False,True,MEDIUM_EVIDENCE
FIC_ET_DC_RF_n_gs,STRONG,U_SHAPED,True,INCONCLUSIVE,U_shape,69.54,67.23,72.14,high_agreement,,0,0,,False,MODERATE,2,True,True,False,False,True,MEDIUM_EVIDENCE
FIC_ET_DC_RF_Vbgd_0p01,STRONG,THRESHOLD,False,INCONCLUSIVE,complex_nonmonotonic,48.21,43.09,55.93,high_agreement,,0,0,,False,MODERATE,2,True,True,False,False,True,MEDIUM_EVIDENCE
FIC_ET_DC_RF_Vbgd_0p1,MODERATE,SATURATION,False,WEAK,monotonic,59.86,72.49,53.89,moderate_agreement,,0,0,,False,STRONG,2,True,False,False,False,True,MEDIUM_EVIDENCE
FIC_ET_DC_RF_Vbgd1,STRONG,COMPLEX_NONLINEAR,True,MODERATE,threshold,55.65,59.58,55.44,high_agreement,,0,0,,False,INCONCLUSIVE,2,True,True,False,False,False,MEDIUM_EVIDENCE
FIC_ET_DC_RF_Vbgs_0p01,STRONG,THRESHOLD,True,INCONCLUSIVE,complex_nonmonotonic,99.3,99.16,99.3,high_agreement,,1,0,0.0847,False,STRONG,5,True,True,True,True,True,HIGH_EVIDENCE
FIC_ET_DC_RF_Vbgs_0p1,STRONG,SATURATION,True,INCONCLUSIVE,complex_nonmonotonic,91.09,79.51,92.77,moderate_agreement,,0,0,,False,STRONG,4,True,True,False,False,True,HIGH_EVIDENCE
FIC_ET_DC_RF_Vbgs1,WEAK,THRESHOLD,False,INCONCLUSIVE,complex_nonmonotonic,94.88,92.35,94.53,high_agreement,184.0,0,0,,False,STRONG,4,True,True,False,True,True,HIGH_EVIDENCE
FIC_ET_DC_RF_Vbin_gd,WEAK,PROCESS_WINDOW,False,MODERATE,complex_nonmonotonic,59.51,70.04,58.32,moderate_agreement,,0,0,,False,STRONG,2,True,True,False,False,True,MEDIUM_EVIDENCE
FIC_ET_DC_RF_Vbin_gs,INCONCLUSIVE,FLAT,True,MODERATE,monotonic,72.56,82.32,82.11,high_agreement,,0,0,,False,STRONG,2,True,True,False,False,True,MEDIUM_EVIDENCE
FIC_ET_DC_RF_Vboff,STRONG,THRESHOLD,False,INCONCLUSIVE,complex_nonmonotonic,36.14,42.6,49.19,high_agreement,,0,0,,False,WEAK,1,True,True,False,False,False,LOW_EVIDENCE
FIC_ET_DC_RF_Vdg_max,INCONCLUSIVE,FLAT,False,INCONCLUSIVE,flat,78.74,78.95,65.33,moderate_agreement,,0,0,,False,STRONG,1,False,False,False,False,True,LOW_EVIDENCE
FIC_ET_DC_RF_Vdg_max_0p1,WEAK,U_SHAPED,True,INCONCLUSIVE,U_shape,51.3,51.93,56.14,high_agreement,,0,0,,False,MODERATE,1,False,True,False,False,True,LOW_EVIDENCE
FIC_ET_DC_RF_Vdg_max_0p1mA,INCONCLUSIVE,FLAT,True,MODERATE,threshold,10.32,10.32,31.16,moderate_agreement,79.0,0,0,,False,MODERATE,3,True,True,False,True,True,HIGH_EVIDENCE
FIC_ET_DC_RF_Vds_max,STRONG,COMPLEX_NONLINEAR,True,INCONCLUSIVE,complex_nonmonotonic,30.81,27.51,46.46,moderate_agreement,214.0,0,0,,False,MODERATE,3,True,True,False,True,True,HIGH_EVIDENCE
FIC_ET_DC_RF_Vds_max_0p1,STRONG,THRESHOLD,True,INCONCLUSIVE,complex_nonmonotonic,85.4,84.91,88.42,high_agreement,,0,0,,False,MODERATE,2,True,True,False,False,True,MEDIUM_EVIDENCE
FIC_ET_DC_RF_Vds_max_0p1mA,INCONCLUSIVE,FLAT,False,WEAK,monotonic,36.63,40.49,4.0,low_agreement,,0,0,,False,MODERATE,1,False,False,False,False,True,LOW_EVIDENCE
FIC_ET_DC_RF_Vg_gm_max,WEAK,COMPLEX_NONLINEAR,True,MODERATE,complex_nonmonotonic,13.33,14.6,15.09,high_agreement,,0,0,,False,MODERATE,2,True,True,False,False,True,MEDIUM_EVIDENCE
FIC_ET_DC_RF_Vg_max_Vd,WEAK,SATURATION,False,STRONG,complex_nonmonotonic,91.65,94.95,94.81,high_agreement,253.0,0,0,,False,MODERATE,5,True,True,False,True,True,HIGH_EVIDENCE
FIC_ET_DC_RF_Vg_max_Vd_0p1,INCONCLUSIVE,FLAT,False,WEAK,monotonic,49.54,41.68,41.61,high_agreement,,0,0,,False,INCONCLUSIVE,0,False,False,False,False,False,UNSUPPORTED
FIC_ET_DC_RF_Vg_max_Vd_0p1mA,MODERATE,U_SHAPED,False,MODERATE,complex_nonmonotonic,67.86,61.68,74.53,moderate_agreement,,0,0,,False,STRONG,3,True,True,False,False,True,HIGH_EVIDENCE
FIC_ET_DC_RF_Vg_optt,MODERATE,SATURATION,True,MODERATE,threshold,76.63,75.02,86.04,moderate_agreement,,0,0,,False,STRONG,3,True,True,False,False,True,HIGH_EVIDENCE
FIC_ET_DC_RF_Vg_optt1,STRONG,THRESHOLD,False,INCONCLUSIVE,complex_nonmonotonic,13.4,17.47,17.82,high_agreement,,0,0,,False,MODERATE,2,True,True,False,False,True,MEDIUM_EVIDENCE
FIC_ET_DC_RF_Vg_optt2,INCONCLUSIVE,FLAT,False,WEAK,threshold,10.32,10.32,31.16,moderate_agreement,,0,0,,False,MODERATE,1,False,True,False,False,True,LOW_EVIDENCE
FIC_ET_DC_RF_Vg_optt3,INCONCLUSIVE,FLAT,False,WEAK,threshold,28.56,17.82,47.37,moderate_agreement,,0,0,,False,STRONG,1,False,True,False,False,True,LOW_EVIDENCE
FIC_ET_DC_RF_Vp_01,INCONCLUSIVE,FLAT,False,MODERATE,complex_nonmonotonic,56.0,59.86,57.47,high_agreement,152.0,0,0,,False,MODERATE,3,True,True,False,True,True,HIGH_EVIDENCE
FIC_ET_DC_RF_Vp_1,WEAK,COMPLEX_NONLINEAR,True,MODERATE,threshold,33.96,35.58,7.51,moderate_agreement,121.0,0,0,,False,MODERATE,3,True,True,False,True,True,HIGH_EVIDENCE
FIC_ET_DC_RF_Vt_gd,STRONG,THRESHOLD,True,STRONG,threshold,64.07,63.93,56.28,high_agreement,,0,0,,False,STRONG,3,True,True,False,False,True,HIGH_EVIDENCE
FIC_ET_DC_RF_Vt_gs,STRONG,THRESHOLD,False,INCONCLUSIVE,U_shape,42.74,52.84,47.16,high_agreement,,0,0,,False,MODERATE,2,True,True,False,False,True,MEDIUM_EVIDENCE
FMESA_ET_Probe_Number,INCONCLUSIVE,FLAT,False,WEAK,monotonic,62.88,65.05,41.82,moderate_agreement,,0,0,,False,no_evidence,0,False,False,False,False,False,UNSUPPORTED
FMESA_ET_Vbkd,STRONG,COMPLEX_NONLINEAR,True,INCONCLUSIVE,complex_nonmonotonic,61.05,65.26,68.84,high_agreement,,0,0,,False,STRONG,2,True,True,False,False,True,MEDIUM_EVIDENCE
MEASURE_ET_ABVIETCH,STRONG,THRESHOLD,True,MODERATE,monotonic,99.65,99.51,99.51,high_agreement,,6,1,0.1132,True,no_evidence,6,True,True,True,True,False,HIGH_EVIDENCE
MEASURE_ET_C_AN_2,INCONCLUSIVE,FLAT,False,INCONCLUSIVE,flat,19.37,25.75,33.05,high_agreement,,0,0,,False,no_evidence,0,False,False,False,False,False,UNSUPPORTED
MEASURE_ET_C_AN_2_OW_CR,MODERATE,COMPLEX_NONLINEAR,True,INCONCLUSIVE,complex_nonmonotonic,81.61,77.19,78.39,high_agreement,,0,0,,False,no_evidence,1,True,True,False,False,False,LOW_EVIDENCE
MEASURE_ET_C_CAT_2,STRONG,COMPLEX_NONLINEAR,True,INCONCLUSIVE,complex_nonmonotonic,91.93,92.56,90.39,high_agreement,,0,0,,False,no_evidence,3,True,True,False,False,False,HIGH_EVIDENCE
MEASURE_ET_C_CAT_2_OW_ST,MODERATE,THRESHOLD,False,MODERATE,threshold,66.04,56.28,0.28,low_agreement,,0,0,,False,no_evidence,2,True,True,False,False,False,MEDIUM_EVIDENCE
MEASURE_ET_C100,STRONG,THRESHOLD,True,MODERATE,complex_nonmonotonic,57.68,59.37,60.0,high_agreement,277.0,0,0,,False,no_evidence,3,True,True,False,True,False,HIGH_EVIDENCE
MEASURE_ET_C100C175pf,STRONG,SATURATION,True,MODERATE,complex_nonmonotonic,45.05,53.61,52.21,high_agreement,80.0,0,0,,False,no_evidence,3,True,True,False,True,False,HIGH_EVIDENCE
MEASURE_ET_C100C300pf,INCONCLUSIVE,FLAT,False,WEAK,complex_nonmonotonic,78.32,75.65,75.65,high_agreement,12.0,1,0,0.1953,False,no_evidence,2,False,True,True,True,False,HIGH_EVIDENCE
MEASURE_ET_C100C385pf,INCONCLUSIVE,FLAT,False,MODERATE,threshold,28.84,28.35,45.47,moderate_agreement,,0,0,,False,no_evidence,1,True,True,False,False,False,LOW_EVIDENCE
MEASURE_ET_C100C500pf,STRONG,COMPLEX_NONLINEAR,True,MODERATE,complex_nonmonotonic,13.89,10.88,35.79,moderate_agreement,,0,0,,False,no_evidence,2,True,True,False,False,False,MEDIUM_EVIDENCE
MEASURE_ET_C100Cap1pf,STRONG,COMPLEX_NONLINEAR,True,WEAK,complex_nonmonotonic,62.18,70.6,70.74,high_agreement,,0,0,,False,no_evidence,1,True,True,False,False,False,LOW_EVIDENCE
MEASURE_ET_C100Cap2pf,STRONG,PROCESS_WINDOW,True,WEAK,complex_nonmonotonic,71.44,80.98,80.7,high_agreement,,0,0,,False,no_evidence,1,True,True,False,False,False,LOW_EVIDENCE
MEASURE_ET_C100Cap3pf,STRONG,PROCESS_WINDOW,True,INCONCLUSIVE,inverted_U,10.32,10.32,31.16,moderate_agreement,297.0,0,0,,False,no_evidence,2,True,True,False,True,False,MEDIUM_EVIDENCE
MEASURE_ET_C100CapFICBRGM,STRONG,COMPLEX_NONLINEAR,True,MODERATE,complex_nonmonotonic,85.05,93.61,89.4,high_agreement,,0,0,,False,no_evidence,2,True,True,False,False,False,MEDIUM_EVIDENCE
MEASURE_ET_C100CapFICM1,INCONCLUSIVE,FLAT,True,INCONCLUSIVE,inverted_U,25.54,26.67,6.11,moderate_agreement,82.0,0,0,,False,no_evidence,1,False,True,False,True,False,LOW_EVIDENCE
MEASURE_ET_C100CapM1BRGM,STRONG,COMPLEX_NONLINEAR,True,WEAK,complex_nonmonotonic,10.95,12.21,35.16,moderate_agreement,,0,0,,False,no_evidence,1,True,True,False,False,False,LOW_EVIDENCE
MEASURE_ET_C100CapPARCAP,STRONG,SATURATION,True,WEAK,complex_nonmonotonic,94.18,96.21,95.93,high_agreement,16.0,2,0,0.0893,False,no_evidence,5,True,True,True,True,False,HIGH_EVIDENCE
MEASURE_ET_C100CapUSV,INCONCLUSIVE,FLAT,False,WEAK,complex_nonmonotonic,51.58,67.51,65.75,moderate_agreement,,0,0,,False,no_evidence,0,False,True,False,False,False,UNSUPPORTED
MEASURE_ET_C100USV_Cappf,INCONCLUSIVE,FLAT,True,MODERATE,complex_nonmonotonic,65.33,75.16,74.25,high_agreement,2.0,1,0,0.2584,False,no_evidence,3,True,True,True,True,False,HIGH_EVIDENCE
MEASURE_ET_C175pf,WEAK,U_SHAPED,False,MODERATE,monotonic,55.93,34.67,0.07,low_agreement,,0,0,,False,no_evidence,1,True,False,False,False,False,LOW_EVIDENCE
MEASURE_ET_C175pf_0,INCONCLUSIVE,FLAT,False,MODERATE,threshold,36.07,24.14,3.65,moderate_agreement,,0,0,,False,no_evidence,1,True,True,False,False,False,LOW_EVIDENCE
MEASURE_ET_C20,MODERATE,U_SHAPED,False,INCONCLUSIVE,U_shape,45.61,46.25,49.82,high_agreement,,0,0,,False,no_evidence,1,True,True,False,False,False,LOW_EVIDENCE
MEASURE_ET_C20_0,STRONG,PROCESS_WINDOW,True,INCONCLUSIVE,complex_nonmonotonic,89.05,93.54,94.95,high_agreement,226.0,0,0,,False,no_evidence,3,True,True,False,True,False,HIGH_EVIDENCE
MEASURE_ET_C200,STRONG,THRESHOLD,True,WEAK,complex_nonmonotonic,10.32,10.32,31.16,moderate_agreement,,0,0,,False,no_evidence,1,True,True,False,False,False,LOW_EVIDENCE
MEASURE_ET_C200_0,WEAK,THRESHOLD,True,STRONG,complex_nonmonotonic,98.74,99.44,99.16,high_agreement,139.0,0,0,,False,no_evidence,4,True,True,False,True,False,HIGH_EVIDENCE
MEASURE_ET_C300,STRONG,SATURATION,True,INCONCLUSIVE,complex_nonmonotonic,95.72,97.96,96.98,high_agreement,78.0,0,0,,False,no_evidence,4,True,True,False,True,False,HIGH_EVIDENCE
MEASURE_ET_C300_0,MODERATE,SATURATION,True,WEAK,threshold,88.49,80.7,85.4,high_agreement,162.0,0,0,,False,no_evidence,2,True,True,False,True,False,MEDIUM_EVIDENCE
MEASURE_ET_C300FB,WEAK,PROCESS_WINDOW,False,INCONCLUSIVE,complex_nonmonotonic,33.33,28.14,39.16,high_agreement,51.0,0,0,,False,no_evidence,1,False,True,False,True,False,LOW_EVIDENCE
MEASURE_ET_C300FB_0,STRONG,PROCESS_WINDOW,True,WEAK,complex_nonmonotonic,77.47,79.3,80.98,high_agreement,37.0,2,0,0.2254,False,no_evidence,3,True,True,True,True,False,HIGH_EVIDENCE
MEASURE_ET_C300FM1,STRONG,SATURATION,True,MODERATE,threshold,86.81,93.12,91.65,high_agreement,,0,0,,False,no_evidence,3,True,True,False,False,False,HIGH_EVIDENCE
MEASURE_ET_C300FM1_0,STRONG,THRESHOLD,True,INCONCLUSIVE,complex_nonmonotonic,75.93,81.54,80.56,high_agreement,,0,0,,False,no_evidence,1,True,True,False,False,False,LOW_EVIDENCE
MEASURE_ET_C300M1B,MODERATE,COMPLEX_NONLINEAR,True,INCONCLUSIVE,complex_nonmonotonic,20.14,17.68,9.54,high_agreement,141.0,0,0,,False,no_evidence,2,True,True,False,True,False,MEDIUM_EVIDENCE
MEASURE_ET_C300M1B_0,STRONG,COMPLEX_NONLINEAR,True,INCONCLUSIVE,complex_nonmonotonic,81.82,82.88,76.91,high_agreement,79.0,1,0,0.1381,False,no_evidence,3,True,True,True,True,False,HIGH_EVIDENCE
MEASURE_ET_C300pf,INCONCLUSIVE,FLAT,True,INCONCLUSIVE,complex_nonmonotonic,64.63,65.47,70.11,high_agreement,23.0,2,0,0.252,False,no_evidence,2,False,True,True,True,False,HIGH_EVIDENCE
MEASURE_ET_C300pf_0,MODERATE,THRESHOLD,True,INCONCLUSIVE,complex_nonmonotonic,80.28,86.74,86.18,high_agreement,226.0,0,0,,False,no_evidence,2,True,True,False,True,False,MEDIUM_EVIDENCE
MEASURE_ET_C385pf,STRONG,SATURATION,False,WEAK,threshold,92.63,85.89,93.96,high_agreement,,0,0,,False,no_evidence,3,True,True,False,False,False,HIGH_EVIDENCE
MEASURE_ET_C385pf_0,MODERATE,SATURATION,False,MODERATE,monotonic,67.37,77.68,77.12,moderate_agreement,,0,0,,False,no_evidence,2,True,False,False,False,False,MEDIUM_EVIDENCE
MEASURE_ET_C500pf,STRONG,COMPLEX_NONLINEAR,False,INCONCLUSIVE,complex_nonmonotonic,66.39,71.3,71.09,high_agreement,,0,0,,False,no_evidence,1,True,True,False,False,False,LOW_EVIDENCE
MEASURE_ET_C500pf_0,WEAK,THRESHOLD,False,INCONCLUSIVE,complex_nonmonotonic,13.96,13.47,35.23,moderate_agreement,,0,0,,False,no_evidence,0,False,True,False,False,False,UNSUPPORTED
MEASURE_ET_Cap_C300,STRONG,SATURATION,True,WEAK,complex_nonmonotonic,77.61,77.54,78.6,high_agreement,,0,0,,False,no_evidence,1,True,True,False,False,False,LOW_EVIDENCE
MEASURE_ET_Cap_C300FB,INCONCLUSIVE,FLAT,False,INCONCLUSIVE,complex_nonmonotonic,67.51,74.88,61.33,moderate_agreement,123.0,0,0,,False,no_evidence,1,False,True,False,True,False,LOW_EVIDENCE
MEASURE_ET_Cap_C300FM1,MODERATE,COMPLEX_NONLINEAR,True,INCONCLUSIVE,complex_nonmonotonic,20.0,12.77,20.56,high_agreement,108.0,0,0,,False,no_evidence,2,True,True,False,True,False,MEDIUM_EVIDENCE
MEASURE_ET_Cap_C300M1B,STRONG,THRESHOLD,False,INCONCLUSIVE,complex_nonmonotonic,50.67,48.35,60.98,high_agreement,,0,0,,False,no_evidence,1,True,True,False,False,False,LOW_EVIDENCE
MEASURE_ET_Cap_USV,INCONCLUSIVE,FLAT,False,INCONCLUSIVE,inverted_U,10.32,10.32,31.16,moderate_agreement,,0,0,,False,no_evidence,0,False,True,False,False,False,UNSUPPORTED
MEASURE_ET_Cap1pf,INCONCLUSIVE,FLAT,False,WEAK,complex_nonmonotonic,77.33,74.81,71.3,high_agreement,276.0,0,0,,False,no_evidence,1,False,True,False,True,False,LOW_EVIDENCE
MEASURE_ET_Cap1pf_0,STRONG,SATURATION,True,INCONCLUSIVE,complex_nonmonotonic,75.86,75.72,82.39,high_agreement,213.0,0,0,,False,no_evidence,2,True,True,False,True,False,MEDIUM_EVIDENCE
MEASURE_ET_Cap20,STRONG,THRESHOLD,True,INCONCLUSIVE,complex_nonmonotonic,52.35,58.6,51.44,high_agreement,116.0,0,0,,False,no_evidence,2,True,True,False,True,False,MEDIUM_EVIDENCE
MEASURE_ET_Cap2pf,WEAK,PROCESS_WINDOW,False,STRONG,threshold,40.14,52.49,61.19,moderate_agreement,27.0,1,0,0.2383,False,no_evidence,3,True,True,True,True,False,HIGH_EVIDENCE
MEASURE_ET_Cap2pf_0,STRONG,SATURATION,False,MODERATE,complex_nonmonotonic,82.11,81.33,77.89,high_agreement,182.0,0,0,,False,no_evidence,3,True,True,False,True,False,HIGH_EVIDENCE
MEASURE_ET_Cap3pf,WEAK,SATURATION,False,INCONCLUSIVE,complex_nonmonotonic,54.95,65.54,64.07,moderate_agreement,81.0,0,0,,False,no_evidence,1,False,True,False,True,False,LOW_EVIDENCE
MEASURE_ET_Cap3pf_0,MODERATE,SATURATION,True,INCONCLUSIVE,complex_nonmonotonic,96.49,94.88,96.14,high_agreement,183.0,0,0,,False,no_evidence,4,True,True,False,True,False,HIGH_EVIDENCE
MEASURE_ET_CapFICBRGM,MODERATE,COMPLEX_NONLINEAR,True,STRONG,threshold,10.32,10.32,31.16,moderate_agreement,,0,0,,False,no_evidence,2,True,True,False,False,False,MEDIUM_EVIDENCE
MEASURE_ET_CapFICBRGM_0,MODERATE,THRESHOLD,True,WEAK,complex_nonmonotonic,10.32,10.32,31.16,moderate_agreement,,0,0,,False,no_evidence,1,True,True,False,False,False,LOW_EVIDENCE
MEASURE_ET_CapFICM1,STRONG,THRESHOLD,True,INCONCLUSIVE,inverted_U,13.61,10.74,36.7,moderate_agreement,170.0,0,0,,False,no_evidence,2,True,True,False,True,False,MEDIUM_EVIDENCE
MEASURE_ET_CapFICM1_0,STRONG,COMPLEX_NONLINEAR,True,MODERATE,complex_nonmonotonic,69.82,67.16,66.04,high_agreement,,0,0,,False,no_evidence,2,True,True,False,False,False,MEDIUM_EVIDENCE
MEASURE_ET_CapM1BRGM,STRONG,COMPLEX_NONLINEAR,True,STRONG,complex_nonmonotonic,10.32,10.32,31.16,moderate_agreement,,0,0,,False,no_evidence,2,True,True,False,False,False,MEDIUM_EVIDENCE
MEASURE_ET_CapM1BRGM_0,WEAK,COMPLEX_NONLINEAR,False,INCONCLUSIVE,U_shape,10.32,10.32,31.16,moderate_agreement,,0,0,,False,no_evidence,0,False,True,False,False,False,UNSUPPORTED
MEASURE_ET_CapPARCAP,MODERATE,SATURATION,True,INCONCLUSIVE,complex_nonmonotonic,64.42,67.72,59.58,high_agreement,29.0,1,1,0.0442,False,no_evidence,3,True,True,True,True,False,HIGH_EVIDENCE
MEASURE_ET_CapPARCAP_0,STRONG,THRESHOLD,True,INCONCLUSIVE,complex_nonmonotonic,98.95,98.81,98.74,high_agreement,129.0,1,0,0.121,False,no_evidence,5,True,True,True,True,False,HIGH_EVIDENCE
MEASURE_ET_CapUSV,WEAK,PROCESS_WINDOW,True,WEAK,complex_nonmonotonic,76.42,72.7,75.51,high_agreement,77.0,0,0,,False,no_evidence,1,False,True,False,True,False,LOW_EVIDENCE
MEASURE_ET_CapUSV_0,STRONG,THRESHOLD,True,INCONCLUSIVE,complex_nonmonotonic,10.32,10.32,31.16,moderate_agreement,,0,0,,False,no_evidence,1,True,True,False,False,False,LOW_EVIDENCE
MEASURE_ET_Er,MODERATE,SATURATION,True,STRONG,threshold,59.3,63.37,68.21,high_agreement,,0,0,,False,no_evidence,2,True,True,False,False,False,MEDIUM_EVIDENCE
MEASURE_ET_F_AB,INCONCLUSIVE,FLAT,False,MODERATE,threshold,35.51,36.56,45.54,high_agreement,,0,0,,False,no_evidence,1,True,True,False,False,False,LOW_EVIDENCE
MEASURE_ET_G_per_6K,INCONCLUSIVE,FLAT,False,MODERATE,threshold,56.7,58.18,58.6,high_agreement,,0,0,,False,no_evidence,1,True,True,False,False,False,LOW_EVIDENCE
MEASURE_ET_G2_per_6K,INCONCLUSIVE,FLAT,False,MODERATE,threshold,55.79,41.12,54.32,high_agreement,,0,0,,False,no_evidence,1,True,True,False,False,False,LOW_EVIDENCE
MEASURE_ET_Gate_res,STRONG,THRESHOLD,False,INCONCLUSIVE,U_shape,57.96,53.75,5.19,low_agreement,,0,0,,False,no_evidence,1,True,True,False,False,False,LOW_EVIDENCE
MEASURE_ET_Gm_m2,MODERATE,COMPLEX_NONLINEAR,True,INCONCLUSIVE,complex_nonmonotonic,11.37,13.12,33.19,moderate_agreement,,0,0,,False,no_evidence,1,True,True,False,False,False,LOW_EVIDENCE
MEASURE_ET_Gm_max,WEAK,THRESHOLD,True,INCONCLUSIVE,complex_nonmonotonic,10.32,10.32,31.16,moderate_agreement,,0,0,,False,no_evidence,0,False,True,False,False,False,UNSUPPORTED
MEASURE_ET_HIRS,STRONG,COMPLEX_NONLINEAR,True,INCONCLUSIVE,complex_nonmonotonic,95.65,90.04,95.37,high_agreement,,0,0,,False,no_evidence,3,True,True,False,False,False,HIGH_EVIDENCE
MEASURE_ET_I_5,STRONG,THRESHOLD,True,INCONCLUSIVE,U_shape,60.14,62.39,61.26,high_agreement,,0,0,,False,no_evidence,1,True,True,False,False,False,LOW_EVIDENCE
MEASURE_ET_i5021_1,STRONG,THRESHOLD,False,WEAK,complex_nonmonotonic,47.86,56.42,63.02,moderate_agreement,,0,0,,False,no_evidence,1,True,True,False,False,False,LOW_EVIDENCE
MEASURE_ET_i5021_2,INCONCLUSIVE,FLAT,False,MODERATE,threshold,12.14,13.96,15.58,high_agreement,,0,0,,False,no_evidence,1,True,True,False,False,False,LOW_EVIDENCE
MEASURE_ET_i5021_3,STRONG,THRESHOLD,True,INCONCLUSIVE,complex_nonmonotonic,82.25,88.63,87.72,high_agreement,,0,0,,False,no_evidence,1,True,True,False,False,False,LOW_EVIDENCE
MEASURE_ET_Ids_m2,WEAK,SATURATION,False,INCONCLUSIVE,complex_nonmonotonic,26.18,30.11,38.46,high_agreement,,0,0,,False,no_evidence,0,False,True,False,False,False,UNSUPPORTED
MEASURE_ET_KLV_F_AB_4u,MODERATE,SATURATION,True,MODERATE,monotonic,17.33,20.21,36.84,moderate_agreement,,0,0,,False,no_evidence,2,True,True,False,False,False,MEDIUM_EVIDENCE
MEASURE_ET_lkg_10,STRONG,THRESHOLD,False,INCONCLUSIVE,complex_nonmonotonic,16.98,21.75,12.0,high_agreement,43.0,1,0,0.1945,False,no_evidence,3,True,True,True,True,False,HIGH_EVIDENCE
MEASURE_ET_lkg_100,STRONG,THRESHOLD,False,MODERATE,complex_nonmonotonic,16.56,17.19,14.95,high_agreement,38.0,1,0,0.1536,False,no_evidence,4,True,True,True,True,False,HIGH_EVIDENCE
MEASURE_ET_lkg_100_at20V,STRONG,SATURATION,True,INCONCLUSIVE,complex_nonmonotonic,13.75,15.79,33.82,moderate_agreement,16.0,1,0,0.1498,False,no_evidence,3,True,True,True,True,False,HIGH_EVIDENCE
MEASURE_ET_lkg_5,STRONG,THRESHOLD,False,INCONCLUSIVE,complex_nonmonotonic,23.93,24.56,45.12,moderate_agreement,6.0,1,0,0.1442,False,no_evidence,3,True,True,True,True,False,HIGH_EVIDENCE
MEASURE_ET_lkg_50,STRONG,SATURATION,True,STRONG,complex_nonmonotonic,72.77,76.77,72.42,high_agreement,33.0,1,0,0.1847,False,no_evidence,4,True,True,True,True,False,HIGH_EVIDENCE
MEASURE_ET_lkg_50_at20V,STRONG,SATURATION,True,INCONCLUSIVE,complex_nonmonotonic,100.0,100.0,100.0,high_agreement,63.0,7,1,0.1032,True,no_evidence,6,True,True,True,True,False,HIGH_EVIDENCE
MEASURE_ET_lkg_70,STRONG,SATURATION,True,MODERATE,complex_nonmonotonic,62.81,77.12,73.4,moderate_agreement,13.0,1,0,0.1475,False,no_evidence,4,True,True,True,True,False,HIGH_EVIDENCE
MEASURE_ET_lkg_70_at20V,STRONG,SATURATION,True,MODERATE,monotonic,10.32,10.32,31.16,moderate_agreement,49.0,1,0,0.1412,False,no_evidence,4,True,True,True,True,False,HIGH_EVIDENCE
MEASURE_ET_lkg_C175pf,STRONG,SATURATION,True,INCONCLUSIVE,complex_nonmonotonic,72.98,86.81,72.07,moderate_agreement,243.0,0,0,,False,no_evidence,2,True,True,False,True,False,MEDIUM_EVIDENCE
MEASURE_ET_lkg_C20,MODERATE,THRESHOLD,True,MODERATE,monotonic,49.19,50.32,45.75,high_agreement,,0,0,,False,no_evidence,2,True,True,False,False,False,MEDIUM_EVIDENCE
MEASURE_ET_lkg_C200,STRONG,THRESHOLD,True,INCONCLUSIVE,complex_nonmonotonic,36.42,48.42,60.14,moderate_agreement,,0,0,,False,no_evidence,1,True,True,False,False,False,LOW_EVIDENCE
MEASURE_ET_lkg_C300,STRONG,THRESHOLD,True,INCONCLUSIVE,complex_nonmonotonic,82.53,88.56,76.42,moderate_agreement,18.0,1,0,0.182,False,no_evidence,3,True,True,True,True,False,HIGH_EVIDENCE
MEASURE_ET_lkg_C300FB,STRONG,SATURATION,True,INCONCLUSIVE,complex_nonmonotonic,18.53,25.19,42.11,moderate_agreement,97.0,0,0,,False,no_evidence,2,True,True,False,True,False,MEDIUM_EVIDENCE
MEASURE_ET_lkg_C300FM1,WEAK,THRESHOLD,True,INCONCLUSIVE,inverted_U,10.32,10.32,31.16,moderate_agreement,264.0,0,0,,False,no_evidence,1,False,True,False,True,False,LOW_EVIDENCE
MEASURE_ET_lkg_C300M1B,STRONG,COMPLEX_NONLINEAR,True,INCONCLUSIVE,complex_nonmonotonic,34.81,28.91,17.26,moderate_agreement,66.0,0,0,,False,no_evidence,2,True,True,False,True,False,MEDIUM_EVIDENCE
MEASURE_ET_lkg_C300pf,STRONG,THRESHOLD,True,INCONCLUSIVE,complex_nonmonotonic,10.32,10.32,31.16,moderate_agreement,9.0,1,0,0.1913,False,no_evidence,3,True,True,True,True,False,HIGH_EVIDENCE
MEASURE_ET_lkg_C385pf,STRONG,MONOTONIC_NEGATIVE,True,MODERATE,threshold,20.77,19.86,43.02,moderate_agreement,100.0,0,0,,False,no_evidence,3,True,True,False,True,False,HIGH_EVIDENCE
MEASURE_ET_lkg_C500pf,WEAK,SATURATION,False,INCONCLUSIVE,complex_nonmonotonic,85.47,83.72,83.16,high_agreement,154.0,0,0,,False,no_evidence,1,False,True,False,True,False,LOW_EVIDENCE
MEASURE_ET_lkg_Cap_USV,STRONG,THRESHOLD,True,MODERATE,complex_nonmonotonic,70.04,75.3,57.54,moderate_agreement,25.0,1,1,0.2011,False,no_evidence,4,True,True,True,True,False,HIGH_EVIDENCE
MEASURE_ET_lkg_Cap1,STRONG,THRESHOLD,False,INCONCLUSIVE,complex_nonmonotonic,10.32,10.32,31.16,moderate_agreement,17.0,1,0,0.1266,False,no_evidence,3,True,True,True,True,False,HIGH_EVIDENCE
MEASURE_ET_lkg_Cap2,STRONG,THRESHOLD,True,WEAK,complex_nonmonotonic,65.68,82.67,80.49,moderate_agreement,104.0,0,0,,False,no_evidence,2,True,True,False,True,False,MEDIUM_EVIDENCE
MEASURE_ET_lkg_Cap3,STRONG,THRESHOLD,False,WEAK,complex_nonmonotonic,22.53,14.88,35.37,moderate_agreement,,0,0,,False,no_evidence,1,True,True,False,False,False,LOW_EVIDENCE
MEASURE_ET_lkg_CapFICBRGM,MODERATE,COMPLEX_NONLINEAR,True,WEAK,complex_nonmonotonic,93.89,87.86,92.35,high_agreement,243.0,0,0,,False,no_evidence,4,True,True,False,True,False,HIGH_EVIDENCE
MEASURE_ET_lkg_CapFICM1,MODERATE,U_SHAPED,True,INCONCLUSIVE,inverted_U,64.28,68.07,54.04,moderate_agreement,50.0,1,0,0.1283,False,no_evidence,3,True,True,True,True,False,HIGH_EVIDENCE
MEASURE_ET_lkg_CapM1BRGM,STRONG,COMPLEX_NONLINEAR,True,INCONCLUSIVE,complex_nonmonotonic,28.14,36.49,15.44,moderate_agreement,,0,0,,False,no_evidence,1,True,True,False,False,False,LOW_EVIDENCE
MEASURE_ET_lkg_CapPARCAP,STRONG,THRESHOLD,True,MODERATE,monotonic,10.32,10.32,31.16,moderate_agreement,71.0,0,0,,False,no_evidence,3,True,True,False,True,False,HIGH_EVIDENCE
MEASURE_ET_lkg_CapUSV,WEAK,THRESHOLD,True,INCONCLUSIVE,complex_nonmonotonic,12.0,12.56,38.74,moderate_agreement,146.0,0,0,,False,no_evidence,1,False,True,False,True,False,LOW_EVIDENCE
MEASURE_ET_lkg_PAD_10,STRONG,THRESHOLD,True,INCONCLUSIVE,complex_nonmonotonic,10.32,10.32,31.16,moderate_agreement,7.0,1,0,0.1652,False,no_evidence,3,True,True,True,True,False,HIGH_EVIDENCE
MEASURE_ET_lkg_SY07_10,STRONG,THRESHOLD,True,WEAK,complex_nonmonotonic,74.39,75.09,68.91,high_agreement,218.0,0,0,,False,no_evidence,2,True,True,False,True,False,MEDIUM_EVIDENCE
MEASURE_ET_lkg_SY8_80,MODERATE,COMPLEX_NONLINEAR,True,INCONCLUSIVE,complex_nonmonotonic,67.79,70.74,76.84,high_agreement,82.0,0,0,,False,no_evidence,2,True,True,False,True,False,MEDIUM_EVIDENCE
MEASURE_ET_lkg_USV_Cap,STRONG,COMPLEX_NONLINEAR,True,MODERATE,monotonic,10.32,10.32,31.16,moderate_agreement,4.0,1,0,0.171,False,no_evidence,4,True,True,True,True,False,HIGH_EVIDENCE
MEASURE_ET_OHMC,INCONCLUSIVE,SATURATION,False,INCONCLUSIVE,threshold,69.26,71.72,71.02,high_agreement,,0,0,,False,no_evidence,0,False,True,False,False,False,UNSUPPORTED
MEASURE_ET_OHMC_GN,WEAK,THRESHOLD,True,INCONCLUSIVE,complex_nonmonotonic,73.61,62.67,79.93,moderate_agreement,,0,0,,False,no_evidence,0,False,True,False,False,False,UNSUPPORTED
MEASURE_ET_Probe_Number,INCONCLUSIVE,FLAT,False,STRONG,threshold,59.72,57.4,59.37,high_agreement,,0,0,,False,no_evidence,1,True,True,False,False,False,LOW_EVIDENCE
MEASURE_ET_R_400_HOR,STRONG,SATURATION,False,WEAK,threshold,16.91,21.68,17.4,high_agreement,,0,0,,False,no_evidence,1,True,True,False,False,False,LOW_EVIDENCE
MEASURE_ET_R_400_VER,MODERATE,PROCESS_WINDOW,True,STRONG,threshold,16.0,15.3,44.84,moderate_agreement,,0,0,,False,no_evidence,2,True,True,False,False,False,MEDIUM_EVIDENCE
MEASURE_ET_R_4000_HOR,INCONCLUSIVE,FLAT,False,INCONCLUSIVE,complex_nonmonotonic,74.81,74.95,74.46,high_agreement,,0,0,,False,no_evidence,0,False,True,False,False,False,UNSUPPORTED
MEASURE_ET_R_4000_VER,INCONCLUSIVE,FLAT,False,WEAK,complex_nonmonotonic,64.98,63.72,68.35,high_agreement,,0,0,,False,no_evidence,0,False,True,False,False,False,UNSUPPORTED
MEASURE_ET_R_660_HOR,STRONG,COMPLEX_NONLINEAR,True,STRONG,threshold,10.32,10.32,31.16,moderate_agreement,,0,0,,False,no_evidence,2,True,True,False,False,False,MEDIUM_EVIDENCE
MEASURE_ET_R_660_VER,STRONG,COMPLEX_NONLINEAR,True,WEAK,complex_nonmonotonic,49.61,57.54,55.72,high_agreement,,0,0,,False,no_evidence,1,True,True,False,False,False,LOW_EVIDENCE
MEASURE_ET_R_f_hr_1,INCONCLUSIVE,FLAT,False,INCONCLUSIVE,complex_nonmonotonic,53.54,39.16,58.18,moderate_agreement,,0,0,,False,no_evidence,0,False,True,False,False,False,UNSUPPORTED
MEASURE_ET_R_f_hr_2,STRONG,COMPLEX_NONLINEAR,True,INCONCLUSIVE,complex_nonmonotonic,82.32,85.54,77.54,high_agreement,,0,0,,False,no_evidence,1,True,True,False,False,False,LOW_EVIDENCE
MEASURE_ET_R_f_hr_3,MODERATE,SATURATION,False,WEAK,threshold,93.4,97.75,92.49,high_agreement,,0,1,0.0214,False,no_evidence,4,True,True,True,True,False,HIGH_EVIDENCE
MEASURE_ET_R_f_tn_1,STRONG,COMPLEX_NONLINEAR,False,STRONG,complex_nonmonotonic,89.96,76.07,88.98,moderate_agreement,,0,0,,False,no_evidence,2,True,True,False,False,False,MEDIUM_EVIDENCE
MEASURE_ET_R_f_tn_2,INCONCLUSIVE,FLAT,False,STRONG,threshold,10.32,10.32,31.16,moderate_agreement,,0,0,,False,no_evidence,1,True,True,False,False,False,LOW_EVIDENCE
MEASURE_ET_R_f_tn_3,MODERATE,INVERTED_U,True,INCONCLUSIVE,inverted_U,69.47,59.23,60.56,moderate_agreement,,0,0,,False,no_evidence,1,True,True,False,False,False,LOW_EVIDENCE
MEASURE_ET_R114,MODERATE,SATURATION,False,INCONCLUSIVE,complex_nonmonotonic,18.81,20.56,6.39,high_agreement,,0,0,,False,no_evidence,1,True,True,False,False,False,LOW_EVIDENCE
MEASURE_ET_R214,STRONG,THRESHOLD,True,WEAK,complex_nonmonotonic,59.37,58.39,63.72,high_agreement,234.0,0,0,,False,no_evidence,2,True,True,False,True,False,MEDIUM_EVIDENCE
MEASURE_ET_R314,STRONG,SATURATION,False,MODERATE,monotonic,49.26,51.79,57.26,high_agreement,,0,0,,False,no_evidence,2,True,False,False,False,False,MEDIUM_EVIDENCE
MEASURE_ET_R414,STRONG,SATURATION,True,INCONCLUSIVE,complex_nonmonotonic,93.05,92.42,92.21,high_agreement,,0,0,,False,no_evidence,3,True,True,False,False,False,HIGH_EVIDENCE
MEASURE_ET_R514,INCONCLUSIVE,FLAT,False,MODERATE,threshold,18.67,20.77,31.79,high_agreement,,0,0,,False,no_evidence,1,True,True,False,False,False,LOW_EVIDENCE
MEASURE_ET_Ran_con_1,MODERATE,THRESHOLD,False,INCONCLUSIVE,U_shape,71.86,72.07,73.75,high_agreement,,0,0,,False,no_evidence,1,True,True,False,False,False,LOW_EVIDENCE
MEASURE_ET_Ran_con_1_OW_CR,MODERATE,THRESHOLD,False,MODERATE,monotonic,28.63,22.95,40.98,moderate_agreement,,0,0,,False,no_evidence,2,True,False,False,False,False,MEDIUM_EVIDENCE
MEASURE_ET_Ran_con_2,MODERATE,THRESHOLD,False,WEAK,threshold,52.07,44.0,13.05,low_agreement,,0,0,,False,no_evidence,1,True,True,False,False,False,LOW_EVIDENCE
MEASURE_ET_Ran_con_2_OW_CR,STRONG,THRESHOLD,False,INCONCLUSIVE,complex_nonmonotonic,35.02,40.14,58.74,moderate_agreement,,0,0,,False,no_evidence,1,True,True,False,False,False,LOW_EVIDENCE
MEASURE_ET_Ran_con_3,INCONCLUSIVE,FLAT,False,INCONCLUSIVE,flat,65.12,41.82,62.95,moderate_agreement,116.0,0,0,,False,no_evidence,1,False,False,False,True,False,LOW_EVIDENCE
MEASURE_ET_Ran_con_3_OW_CR,STRONG,SATURATION,False,INCONCLUSIVE,complex_nonmonotonic,29.12,27.65,3.37,moderate_agreement,,0,0,,False,no_evidence,1,True,True,False,False,False,LOW_EVIDENCE
MEASURE_ET_Rc_an_ct2,MODERATE,SATURATION,False,INCONCLUSIVE,U_shape,20.21,26.46,13.33,high_agreement,21.0,2,0,0.096,False,no_evidence,3,True,True,True,True,False,HIGH_EVIDENCE
MEASURE_ET_Rc_an_ct2_OW_CR,STRONG,COMPLEX_NONLINEAR,True,INCONCLUSIVE,inverted_U,98.88,99.37,99.02,high_agreement,228.0,1,1,0.0233,False,no_evidence,5,True,True,True,True,False,HIGH_EVIDENCE
MEASURE_ET_Rc_cat_ct2,STRONG,PROCESS_WINDOW,True,INCONCLUSIVE,complex_nonmonotonic,85.33,81.47,86.53,high_agreement,57.0,0,0,,False,no_evidence,2,True,True,False,True,False,MEDIUM_EVIDENCE
MEASURE_ET_Rc_cat_ct2_OW_ST,STRONG,THRESHOLD,True,INCONCLUSIVE,inverted_U,86.18,88.91,81.89,high_agreement,19.0,2,0,0.0919,False,no_evidence,3,True,True,True,True,False,HIGH_EVIDENCE
MEASURE_ET_Rc_F_AB_2,STRONG,THRESHOLD,True,INCONCLUSIVE,complex_nonmonotonic,57.33,65.68,47.51,moderate_agreement,93.0,0,0,,False,no_evidence,2,True,True,False,True,False,MEDIUM_EVIDENCE
MEASURE_ET_Rc_f_hr_23,INCONCLUSIVE,FLAT,False,INCONCLUSIVE,complex_nonmonotonic,78.39,87.44,76.77,moderate_agreement,265.0,0,0,,False,no_evidence,1,False,True,False,True,False,LOW_EVIDENCE
MEASURE_ET_Rc_f_tn_23,WEAK,U_SHAPED,True,WEAK,complex_nonmonotonic,20.42,24.49,9.19,moderate_agreement,35.0,1,0,0.1334,False,no_evidence,2,False,True,True,True,False,HIGH_EVIDENCE
MEASURE_ET_Rc_OG142,STRONG,COMPLEX_NONLINEAR,True,WEAK,complex_nonmonotonic,23.02,22.88,17.05,high_agreement,160.0,0,0,,False,no_evidence,2,True,True,False,True,False,MEDIUM_EVIDENCE
MEASURE_ET_Rc_OG142_GN,STRONG,THRESHOLD,True,INCONCLUSIVE,inverted_U,93.12,95.16,91.23,high_agreement,4.0,3,0,0.1443,False,no_evidence,5,True,True,True,True,False,HIGH_EVIDENCE
MEASURE_ET_Rc_OG144,STRONG,COMPLEX_NONLINEAR,True,INCONCLUSIVE,complex_nonmonotonic,46.6,49.61,54.81,high_agreement,70.0,1,0,0.0826,False,no_evidence,3,True,True,True,True,False,HIGH_EVIDENCE
MEASURE_ET_Rc_TF_AB_2,STRONG,INVERTED_U,False,INCONCLUSIVE,complex_nonmonotonic,69.61,64.21,64.42,high_agreement,53.0,0,0,,False,no_evidence,2,True,True,False,True,False,MEDIUM_EVIDENCE
MEASURE_ET_Rcat_cn_1,INCONCLUSIVE,FLAT,False,MODERATE,complex_nonmonotonic,10.32,10.32,31.16,moderate_agreement,81.0,0,0,,False,no_evidence,2,True,True,False,True,False,MEDIUM_EVIDENCE
MEASURE_ET_Rcat_cn_1_OW_ST,STRONG,PROCESS_WINDOW,False,INCONCLUSIVE,complex_nonmonotonic,28.7,45.89,8.49,low_agreement,18.0,0,1,0.0262,False,no_evidence,3,True,True,True,True,False,HIGH_EVIDENCE
MEASURE_ET_Rcat_cn_2,STRONG,PROCESS_WINDOW,True,MODERATE,complex_nonmonotonic,78.46,77.33,79.86,high_agreement,11.0,3,0,0.0979,False,no_evidence,4,True,True,True,True,False,HIGH_EVIDENCE
MEASURE_ET_Rcat_cn_2_OW_ST,STRONG,COMPLEX_NONLINEAR,True,WEAK,complex_nonmonotonic,76.07,73.68,77.96,high_agreement,152.0,0,0,,False,no_evidence,2,True,True,False,True,False,MEDIUM_EVIDENCE
MEASURE_ET_Rcat_cn_3,MODERATE,SATURATION,False,INCONCLUSIVE,inverted_U,88.35,84.35,81.54,high_agreement,49.0,1,0,0.0529,False,no_evidence,3,True,True,True,True,False,HIGH_EVIDENCE
MEASURE_ET_Rcat_cn_3_OW_ST,WEAK,COMPLEX_NONLINEAR,False,WEAK,complex_nonmonotonic,77.26,82.39,83.58,high_agreement,282.0,0,0,,False,no_evidence,1,False,True,False,True,False,LOW_EVIDENCE
MEASURE_ET_RGAN1,STRONG,THRESHOLD,False,INCONCLUSIVE,complex_nonmonotonic,95.23,95.72,93.12,high_agreement,,0,0,,False,no_evidence,3,True,True,False,False,False,HIGH_EVIDENCE
MEASURE_ET_RGAN2,MODERATE,SATURATION,True,INCONCLUSIVE,complex_nonmonotonic,94.04,91.09,94.04,high_agreement,230.0,0,0,,False,no_evidence,4,True,True,False,True,False,HIGH_EVIDENCE
MEASURE_ET_RGAN3,WEAK,THRESHOLD,False,MODERATE,threshold,41.96,49.89,52.42,high_agreement,,0,0,,False,no_evidence,1,True,True,False,False,False,LOW_EVIDENCE
MEASURE_ET_Rsh_an_ct2,MODERATE,U_SHAPED,True,INCONCLUSIVE,U_shape,70.39,69.33,68.28,high_agreement,,0,0,,False,no_evidence,1,True,True,False,False,False,LOW_EVIDENCE
MEASURE_ET_Rsh_an_ct2_OW_CR,INCONCLUSIVE,FLAT,False,STRONG,threshold,56.28,57.47,57.96,high_agreement,,0,0,,False,no_evidence,1,True,True,False,False,False,LOW_EVIDENCE
MEASURE_ET_Rsh_cat_c2,STRONG,U_SHAPED,False,INCONCLUSIVE,complex_nonmonotonic,16.77,20.7,40.56,moderate_agreement,139.0,0,0,,False,no_evidence,2,True,True,False,True,False,MEDIUM_EVIDENCE
MEASURE_ET_Rsh_cat_c2_OW_ST,INCONCLUSIVE,FLAT,False,INCONCLUSIVE,complex_nonmonotonic,30.53,43.02,3.09,low_agreement,,0,0,,False,no_evidence,0,False,True,False,False,False,UNSUPPORTED
MEASURE_ET_Rsh_F_AB_2,STRONG,COMPLEX_NONLINEAR,True,STRONG,threshold,40.91,34.39,48.98,high_agreement,,0,0,,False,no_evidence,2,True,True,False,False,False,MEDIUM_EVIDENCE
MEASURE_ET_Rsh_TF_AB2,STRONG,SATURATION,True,INCONCLUSIVE,complex_nonmonotonic,17.82,24.07,12.63,high_agreement,,0,0,,False,no_evidence,1,True,True,False,False,False,LOW_EVIDENCE
MEASURE_ET_sh_f_hr_23,INCONCLUSIVE,FLAT,False,MODERATE,threshold,68.91,75.58,74.11,high_agreement,,0,0,,False,no_evidence,1,True,True,False,False,False,LOW_EVIDENCE
MEASURE_ET_sh_f_tn_23,INCONCLUSIVE,FLAT,False,INCONCLUSIVE,U_shape,21.05,27.44,16.35,high_agreement,,0,0,,False,no_evidence,0,False,True,False,False,False,UNSUPPORTED
MEASURE_ET_sh_GA142,STRONG,THRESHOLD,True,INCONCLUSIVE,U_shape,57.54,39.65,59.23,moderate_agreement,,0,0,,False,no_evidence,1,True,True,False,False,False,LOW_EVIDENCE
MEASURE_ET_sh_GA142_GN,STRONG,THRESHOLD,True,MODERATE,monotonic,41.26,36.28,10.18,moderate_agreement,,0,0,,False,no_evidence,2,True,True,False,False,False,MEDIUM_EVIDENCE
MEASURE_ET_sh_GA144,STRONG,SATURATION,False,WEAK,threshold,73.19,78.88,78.18,high_agreement,,0,0,,False,no_evidence,1,True,True,False,False,False,LOW_EVIDENCE
MEASURE_ET_TANR,WEAK,SATURATION,False,MODERATE,monotonic,10.88,11.09,20.0,high_agreement,,0,0,,False,no_evidence,1,True,False,False,False,False,LOW_EVIDENCE
MEASURE_ET_TF_AB_1,MODERATE,THRESHOLD,False,WEAK,threshold,37.61,22.04,4.77,moderate_agreement,,0,0,,False,no_evidence,1,True,True,False,False,False,LOW_EVIDENCE
MEASURE_ET_TF_AB_2,STRONG,THRESHOLD,False,MODERATE,complex_nonmonotonic,84.84,89.05,83.51,high_agreement,,0,0,,False,no_evidence,2,True,True,False,False,False,MEDIUM_EVIDENCE
MEASURE_ET_TF_AB_3,STRONG,THRESHOLD,False,INCONCLUSIVE,complex_nonmonotonic,74.67,55.65,12.77,low_agreement,,0,0,,False,no_evidence,1,True,True,False,False,False,LOW_EVIDENCE
MEASURE_ET_TFR_AB,STRONG,SATURATION,False,MODERATE,monotonic,37.82,44.14,50.88,high_agreement,,0,0,,False,no_evidence,2,True,False,False,False,False,MEDIUM_EVIDENCE
MEASURE_ET_TR_1F,MODERATE,THRESHOLD,False,MODERATE,monotonic,30.32,42.81,50.67,moderate_agreement,,0,0,,False,no_evidence,2,True,False,False,False,False,MEDIUM_EVIDENCE
MEASURE_ET_USV_Cappf,STRONG,COMPLEX_NONLINEAR,True,INCONCLUSIVE,complex_nonmonotonic,95.09,87.93,95.02,high_agreement,113.0,1,0,0.1263,False,no_evidence,5,True,True,True,True,False,HIGH_EVIDENCE
MEASURE_ET_USV_Cappf_0,STRONG,PROCESS_WINDOW,False,MODERATE,complex_nonmonotonic,46.74,49.05,56.07,high_agreement,148.0,0,0,,False,no_evidence,3,True,True,False,True,False,HIGH_EVIDENCE
MEASURE_ET_Vbkdn_C300pf,STRONG,THRESHOLD,True,INCONCLUSIVE,complex_nonmonotonic,39.86,40.07,40.42,high_agreement,,0,0,,False,no_evidence,1,True,True,False,False,False,LOW_EVIDENCE
MEASURE_ET_Vbkdn_C385pf,INCONCLUSIVE,FLAT,False,INCONCLUSIVE,complex_nonmonotonic,28.28,30.53,45.26,moderate_agreement,,0,0,,False,no_evidence,0,False,True,False,False,False,UNSUPPORTED
MEASURE_ET_Vbkdn_Cap100,STRONG,COMPLEX_NONLINEAR,True,MODERATE,threshold,93.96,93.4,94.39,high_agreement,,0,1,0.0339,True,no_evidence,6,True,True,True,True,False,HIGH_EVIDENCE
MEASURE_ET_Vbkdn_Cap100_Long,WEAK,PROCESS_WINDOW,True,WEAK,complex_nonmonotonic,92.56,97.68,95.44,high_agreement,112.0,0,0,,False,no_evidence,3,True,True,False,True,False,HIGH_EVIDENCE
MEASURE_ET_Vbkdn_CapBig,STRONG,COMPLEX_NONLINEAR,False,WEAK,complex_nonmonotonic,59.65,50.88,52.84,high_agreement,247.0,0,0,,False,no_evidence,2,True,True,False,True,False,MEDIUM_EVIDENCE
MEASURE_ET_Vbpin,STRONG,THRESHOLD,False,MODERATE,complex_nonmonotonic,93.75,96.56,95.16,high_agreement,,0,0,,False,no_evidence,4,True,True,False,False,False,HIGH_EVIDENCE
MEASURE_ET_Vbpin_D60,STRONG,THRESHOLD,True,INCONCLUSIVE,complex_nonmonotonic,14.32,15.16,41.33,moderate_agreement,,0,0,,False,no_evidence,1,True,True,False,False,False,LOW_EVIDENCE
MEASURE_ET_Vg_gm_max,STRONG,COMPLEX_NONLINEAR,False,WEAK,complex_nonmonotonic,10.32,10.32,31.16,moderate_agreement,,0,0,,False,no_evidence,1,True,True,False,False,False,LOW_EVIDENCE
MEASURE_ET_VIA_KLV,STRONG,SATURATION,False,MODERATE,complex_nonmonotonic,98.11,98.18,98.11,high_agreement,,1,0,0.0674,False,no_evidence,5,True,True,True,True,False,HIGH_EVIDENCE
MEASURE_ET_VIA_KLV_2,MODERATE,THRESHOLD,False,WEAK,complex_nonmonotonic,24.77,40.63,54.11,moderate_agreement,67.0,0,0,,False,no_evidence,2,True,True,False,True,False,MEDIUM_EVIDENCE
MEASURE_ET_VIA_KLV_8p5,MODERATE,THRESHOLD,False,WEAK,complex_nonmonotonic,55.16,53.26,59.65,high_agreement,,0,0,,False,no_evidence,1,True,True,False,False,False,LOW_EVIDENCE
MEASURE_ET_Vk,STRONG,SATURATION,False,WEAK,complex_nonmonotonic,42.04,48.07,40.07,high_agreement,,0,0,,False,no_evidence,1,True,True,False,False,False,LOW_EVIDENCE
MEASURE_ET_Vp_1,STRONG,COMPLEX_NONLINEAR,True,INCONCLUSIVE,complex_nonmonotonic,10.32,10.32,31.16,moderate_agreement,,0,0,,False,no_evidence,1,True,True,False,False,False,LOW_EVIDENCE
MEASURE_ET_DC_Big_Ft,INCONCLUSIVE,FLAT,False,STRONG,threshold,47.37,39.72,42.18,high_agreement,,0,0,,False,no_evidence,1,True,True,False,False,False,LOW_EVIDENCE
MEASURE_ET_DC_Big_Gm_0,STRONG,COMPLEX_NONLINEAR,True,INCONCLUSIVE,complex_nonmonotonic,10.32,10.32,31.16,moderate_agreement,,0,0,,False,no_evidence,1,True,True,False,False,False,LOW_EVIDENCE
MEASURE_ET_DC_Big_Gm_m0p2,STRONG,COMPLEX_NONLINEAR,True,INCONCLUSIVE,complex_nonmonotonic,42.32,55.09,58.11,moderate_agreement,,0,0,,False,no_evidence,1,True,True,False,False,False,LOW_EVIDENCE
MEASURE_ET_DC_Big_Gm_max,STRONG,COMPLEX_NONLINEAR,True,INCONCLUSIVE,complex_nonmonotonic,10.32,10.32,31.16,moderate_agreement,,0,0,,False,no_evidence,1,True,True,False,False,False,LOW_EVIDENCE
MEASURE_ET_DC_Big_Id_gm_max,WEAK,THRESHOLD,False,INCONCLUSIVE,complex_nonmonotonic,16.63,25.33,31.58,high_agreement,,0,0,,False,no_evidence,0,False,True,False,False,False,UNSUPPORTED
MEASURE_ET_DC_Big_Ids_m0p2,WEAK,THRESHOLD,False,WEAK,threshold,24.63,25.61,38.39,high_agreement,,0,0,,False,no_evidence,0,False,True,False,False,False,UNSUPPORTED
MEASURE_ET_DC_Big_Idss,STRONG,COMPLEX_NONLINEAR,True,STRONG,complex_nonmonotonic,10.32,10.32,31.16,moderate_agreement,,0,0,,False,no_evidence,2,True,True,False,False,False,MEDIUM_EVIDENCE
MEASURE_ET_DC_Big_Imax,STRONG,COMPLEX_NONLINEAR,True,STRONG,complex_nonmonotonic,13.12,10.46,14.6,high_agreement,,0,0,,False,no_evidence,2,True,True,False,False,False,MEDIUM_EVIDENCE
MEASURE_ET_DC_Big_K,INCONCLUSIVE,FLAT,False,INCONCLUSIVE,complex_nonmonotonic,35.65,38.39,15.23,moderate_agreement,,0,0,,False,no_evidence,0,False,True,False,False,False,UNSUPPORTED
MEASURE_ET_DC_Big_MAG_10GHz,STRONG,COMPLEX_NONLINEAR,False,INCONCLUSIVE,complex_nonmonotonic,88.21,91.93,84.84,high_agreement,,0,0,,False,no_evidence,1,True,True,False,False,False,LOW_EVIDENCE
MEASURE_ET_DC_Big_MAG_18GHz,WEAK,U_SHAPED,False,INCONCLUSIVE,complex_nonmonotonic,10.32,10.32,31.16,moderate_agreement,,0,0,,False,no_evidence,0,False,True,False,False,False,UNSUPPORTED
MEASURE_ET_DC_Big_S11ang_10GHz,STRONG,SATURATION,True,WEAK,complex_nonmonotonic,11.02,12.07,15.79,high_agreement,104.0,0,0,,False,no_evidence,2,True,True,False,True,False,MEDIUM_EVIDENCE
MEASURE_ET_DC_Big_S11dB_10GHz,WEAK,SATURATION,False,WEAK,complex_nonmonotonic,85.82,92.49,73.33,moderate_agreement,137.0,0,0,,False,no_evidence,1,False,True,False,True,False,LOW_EVIDENCE
MEASURE_ET_DC_Big_S12ang_10GHz,WEAK,COMPLEX_NONLINEAR,True,STRONG,complex_nonmonotonic,87.09,81.96,85.82,high_agreement,,0,0,,False,no_evidence,1,True,True,False,False,False,LOW_EVIDENCE
MEASURE_ET_DC_Big_S12dB_10GHz,MODERATE,COMPLEX_NONLINEAR,True,WEAK,inverted_U,99.51,99.58,99.44,high_agreement,,5,0,0.1102,True,no_evidence,5,True,True,True,True,False,HIGH_EVIDENCE
MEASURE_ET_DC_Big_S21ang_10GHz,STRONG,COMPLEX_NONLINEAR,True,WEAK,complex_nonmonotonic,73.05,69.4,79.58,moderate_agreement,,0,0,,False,no_evidence,1,True,True,False,False,False,LOW_EVIDENCE
MEASURE_ET_DC_Big_S21dB_10GHz,WEAK,THRESHOLD,False,INCONCLUSIVE,complex_nonmonotonic,32.42,38.04,32.28,high_agreement,,0,0,,False,no_evidence,0,False,True,False,False,False,UNSUPPORTED
MEASURE_ET_DC_Big_S22ang_10GHz,MODERATE,THRESHOLD,False,MODERATE,complex_nonmonotonic,80.49,80.07,80.63,high_agreement,,0,0,,False,no_evidence,2,True,True,False,False,False,MEDIUM_EVIDENCE
MEASURE_ET_DC_Big_S22dB_10GHz,STRONG,THRESHOLD,True,INCONCLUSIVE,complex_nonmonotonic,34.11,47.23,1.96,low_agreement,,0,0,,False,no_evidence,1,True,True,False,False,False,LOW_EVIDENCE
MEASURE_ET_DC_Big_Vdg_max,STRONG,COMPLEX_NONLINEAR,True,MODERATE,threshold,24.28,26.81,36.56,high_agreement,,0,0,,False,no_evidence,2,True,True,False,False,False,MEDIUM_EVIDENCE
MEASURE_ET_DC_Big_Vdg_max_0p1mA,INCONCLUSIVE,FLAT,False,INCONCLUSIVE,complex_nonmonotonic,41.75,39.79,57.33,moderate_agreement,,0,0,,False,no_evidence,0,False,True,False,False,False,UNSUPPORTED
MEASURE_ET_DC_Big_Vds_max,STRONG,THRESHOLD,False,STRONG,threshold,34.6,33.89,54.67,moderate_agreement,,0,0,,False,no_evidence,2,True,True,False,False,False,MEDIUM_EVIDENCE
MEASURE_ET_DC_Big_Vds_max_0p1mA,WEAK,THRESHOLD,False,INCONCLUSIVE,complex_nonmonotonic,10.46,12.7,18.53,high_agreement,,0,0,,False,no_evidence,0,False,True,False,False,False,UNSUPPORTED
MEASURE_ET_DC_Big_Vg_gm_max,WEAK,U_SHAPED,False,INCONCLUSIVE,U_shape,32.49,49.33,54.6,moderate_agreement,290.0,0,0,,False,no_evidence,1,False,True,False,True,False,LOW_EVIDENCE
MEASURE_ET_DC_Big_Vg_max_Vd,STRONG,SATURATION,False,WEAK,complex_nonmonotonic,88.7,86.39,90.32,high_agreement,,0,0,,False,no_evidence,2,True,True,False,False,False,MEDIUM_EVIDENCE
MEASURE_ET_DC_Big_Vg_max_Vd_0p1mA,STRONG,COMPLEX_NONLINEAR,True,INCONCLUSIVE,complex_nonmonotonic,79.51,77.75,79.09,high_agreement,,0,0,,False,no_evidence,1,True,True,False,False,False,LOW_EVIDENCE
MEASURE_ET_DC_Big_Vg_optt1,STRONG,THRESHOLD,False,MODERATE,monotonic,69.33,65.19,71.44,high_agreement,,0,0,,False,no_evidence,2,True,False,False,False,False,MEDIUM_EVIDENCE
MEASURE_ET_DC_Big_Vg_optt2,MODERATE,U_SHAPED,True,INCONCLUSIVE,complex_nonmonotonic,98.25,97.82,98.25,high_agreement,,0,0,,False,no_evidence,3,True,True,False,False,False,HIGH_EVIDENCE
MEASURE_ET_DC_Big_Vg_optt3,STRONG,THRESHOLD,True,INCONCLUSIVE,complex_nonmonotonic,34.39,54.95,44.35,moderate_agreement,,0,0,,False,no_evidence,1,True,True,False,False,False,LOW_EVIDENCE
MEASURE_ET_DC_Big_Vp_01,INCONCLUSIVE,FLAT,False,WEAK,complex_nonmonotonic,13.26,11.65,18.46,high_agreement,,0,0,,False,no_evidence,0,False,True,False,False,False,UNSUPPORTED
MEASURE_ET_DC_Big_Vp_1,WEAK,THRESHOLD,False,INCONCLUSIVE,complex_nonmonotonic,15.65,16.28,31.65,moderate_agreement,,0,0,,False,no_evidence,0,False,True,False,False,False,UNSUPPORTED
MEASURE_ET_DC_Diode_D_leak_65V,STRONG,THRESHOLD,True,INCONCLUSIVE,complex_nonmonotonic,18.25,18.11,14.11,high_agreement,,0,0,,False,no_evidence,1,True,True,False,False,False,LOW_EVIDENCE
MEASURE_ET_DC_Diode_Rs,INCONCLUSIVE,FLAT,False,WEAK,threshold,77.82,84.07,66.81,moderate_agreement,,0,0,,False,no_evidence,0,False,True,False,False,False,UNSUPPORTED
MEASURE_ET_DC_Diode_Rs_9p5,STRONG,COMPLEX_NONLINEAR,True,WEAK,complex_nonmonotonic,97.12,92.98,96.63,high_agreement,,0,0,,False,no_evidence,3,True,True,False,False,False,HIGH_EVIDENCE
MEASURE_ET_DC_Diode_S11_dB_forw,INCONCLUSIVE,FLAT,False,STRONG,threshold,97.19,88.7,97.47,high_agreement,,0,0,,False,no_evidence,3,True,True,False,False,False,HIGH_EVIDENCE
MEASURE_ET_DC_Diode_S11_dB_forw_9p5,WEAK,COMPLEX_NONLINEAR,True,INCONCLUSIVE,inverted_U,78.67,78.46,73.61,high_agreement,,0,0,,False,no_evidence,0,False,True,False,False,False,UNSUPPORTED
MEASURE_ET_DC_Diode_S11_dB_rev,STRONG,SATURATION,True,WEAK,complex_nonmonotonic,84.07,80.56,84.21,high_agreement,,0,0,,False,no_evidence,1,True,True,False,False,False,LOW_EVIDENCE
MEASURE_ET_DC_Diode_S11_dB_rev_9p5,INCONCLUSIVE,SATURATION,False,INCONCLUSIVE,complex_nonmonotonic,55.58,68.49,67.44,moderate_agreement,161.0,0,0,,False,no_evidence,1,False,True,False,True,False,LOW_EVIDENCE
MEASURE_ET_DC_Diode_S21_dB_forw,WEAK,SATURATION,False,INCONCLUSIVE,complex_nonmonotonic,13.05,15.51,18.11,high_agreement,,0,0,,False,no_evidence,0,False,True,False,False,False,UNSUPPORTED
MEASURE_ET_DC_Diode_S21_dB_forw_9p5,INCONCLUSIVE,FLAT,False,INCONCLUSIVE,complex_nonmonotonic,86.39,87.02,85.12,high_agreement,,0,0,,False,no_evidence,0,False,True,False,False,False,UNSUPPORTED
MEASURE_ET_DC_Diode_S21_dB_rev,STRONG,INVERTED_U,False,MODERATE,threshold,81.96,86.67,86.32,high_agreement,,0,0,,False,no_evidence,2,True,True,False,False,False,MEDIUM_EVIDENCE
MEASURE_ET_DC_Diode_S21_dB_rev_9p5,INCONCLUSIVE,FLAT,False,MODERATE,threshold,29.26,33.75,37.26,high_agreement,,0,0,,False,no_evidence,1,True,True,False,False,False,LOW_EVIDENCE
MEASURE_ET_DC_Diode_Vbpin,WEAK,SATURATION,True,WEAK,complex_nonmonotonic,60.49,64.35,6.95,low_agreement,120.0,0,0,,False,no_evidence,1,False,True,False,True,False,LOW_EVIDENCE
MEASURE_ET_DC_PIV_Drain_Lag_0,STRONG,PROCESS_WINDOW,True,MODERATE,monotonic,14.74,20.0,15.02,high_agreement,293.0,0,0,,False,no_evidence,3,True,True,False,True,False,HIGH_EVIDENCE
MEASURE_ET_DC_PIV_Drain_Lag_1,MODERATE,THRESHOLD,True,INCONCLUSIVE,complex_nonmonotonic,35.79,39.09,48.07,high_agreement,,0,0,,False,no_evidence,1,True,True,False,False,False,LOW_EVIDENCE
MEASURE_ET_DC_PIV_Drain_Lag_Idss,STRONG,COMPLEX_NONLINEAR,True,INCONCLUSIVE,U_shape,72.91,81.61,81.75,high_agreement,,0,0,,False,no_evidence,1,True,True,False,False,False,LOW_EVIDENCE
MEASURE_ET_DC_PIV_Drain_Lag_Imax,STRONG,COMPLEX_NONLINEAR,True,STRONG,complex_nonmonotonic,18.46,21.05,19.09,high_agreement,,0,0,,False,no_evidence,2,True,True,False,False,False,MEDIUM_EVIDENCE
MEASURE_ET_DC_PIV_Gate_Lag_0,STRONG,PROCESS_WINDOW,True,WEAK,complex_nonmonotonic,10.32,10.32,31.16,moderate_agreement,,0,0,,False,no_evidence,1,True,True,False,False,False,LOW_EVIDENCE
MEASURE_ET_DC_PIV_Gate_Lag_1,WEAK,U_SHAPED,True,INCONCLUSIVE,complex_nonmonotonic,58.88,60.63,49.4,high_agreement,,0,0,,False,no_evidence,0,False,True,False,False,False,UNSUPPORTED
MEASURE_ET_DC_PIV_Gate_Lag_Idss,MODERATE,THRESHOLD,True,INCONCLUSIVE,complex_nonmonotonic,37.4,33.54,49.05,moderate_agreement,,0,0,,False,no_evidence,1,True,True,False,False,False,LOW_EVIDENCE
MEASURE_ET_DC_PIV_Gate_Lag_Imax,STRONG,COMPLEX_NONLINEAR,True,INCONCLUSIVE,U_shape,23.51,23.93,7.86,moderate_agreement,,0,0,,False,no_evidence,1,True,True,False,False,False,LOW_EVIDENCE
MEASURE_ET_DC_PIV_Ids0_QP1,STRONG,COMPLEX_NONLINEAR,True,MODERATE,threshold,92.42,95.51,91.58,high_agreement,60.0,0,0,,False,no_evidence,5,True,True,False,True,False,HIGH_EVIDENCE
MEASURE_ET_DC_PIV_Ids0_QP2,WEAK,SATURATION,False,INCONCLUSIVE,U_shape,25.19,24.28,8.84,moderate_agreement,,0,0,,False,no_evidence,0,False,True,False,False,False,UNSUPPORTED
MEASURE_ET_DC_PIV_Ids0_QP3,WEAK,THRESHOLD,False,INCONCLUSIVE,complex_nonmonotonic,50.81,48.63,52.77,high_agreement,,0,0,,False,no_evidence,0,False,True,False,False,False,UNSUPPORTED
MEASURE_ET_DC_PIV_Ids1_QP1,STRONG,COMPLEX_NONLINEAR,False,INCONCLUSIVE,complex_nonmonotonic,29.75,29.12,11.37,moderate_agreement,,0,0,,False,no_evidence,1,True,True,False,False,False,LOW_EVIDENCE
MEASURE_ET_DC_PIV_Ids1_QP2,STRONG,THRESHOLD,False,MODERATE,monotonic,47.02,29.89,61.96,moderate_agreement,,0,0,,False,no_evidence,2,True,False,False,False,False,MEDIUM_EVIDENCE
MEASURE_ET_DC_PIV_Ids1_QP3,INCONCLUSIVE,FLAT,False,WEAK,threshold,57.61,45.4,16.49,low_agreement,,0,0,,False,no_evidence,0,False,True,False,False,False,UNSUPPORTED
MEASURE_ET_DC_PIV_Idss_QP1,STRONG,COMPLEX_NONLINEAR,True,INCONCLUSIVE,complex_nonmonotonic,10.32,10.32,31.16,moderate_agreement,,0,0,,False,no_evidence,1,True,True,False,False,False,LOW_EVIDENCE
MEASURE_ET_DC_PIV_Idss_QP2,STRONG,COMPLEX_NONLINEAR,True,MODERATE,threshold,12.84,12.49,19.79,high_agreement,,0,0,,False,no_evidence,2,True,True,False,False,False,MEDIUM_EVIDENCE
MEASURE_ET_DC_PIV_Idss_QP3,STRONG,COMPLEX_NONLINEAR,True,MODERATE,complex_nonmonotonic,10.32,10.32,31.16,moderate_agreement,,0,0,,False,no_evidence,2,True,True,False,False,False,MEDIUM_EVIDENCE
MEASURE_ET_DC_PIV_Imax_QP1,STRONG,COMPLEX_NONLINEAR,True,INCONCLUSIVE,complex_nonmonotonic,10.32,10.32,31.16,moderate_agreement,,0,0,,False,no_evidence,1,True,True,False,False,False,LOW_EVIDENCE
MEASURE_ET_DC_PIV_Imax_QP2,STRONG,COMPLEX_NONLINEAR,True,STRONG,complex_nonmonotonic,10.32,10.32,31.16,moderate_agreement,,0,0,,False,no_evidence,2,True,True,False,False,False,MEDIUM_EVIDENCE
MEASURE_ET_DC_PIV_Imax_QP3,STRONG,COMPLEX_NONLINEAR,True,STRONG,complex_nonmonotonic,10.32,10.32,31.16,moderate_agreement,,0,0,,False,no_evidence,2,True,True,False,False,False,MEDIUM_EVIDENCE
MEASURE_ET_DC_RD_Ft,STRONG,COMPLEX_NONLINEAR,True,STRONG,threshold,79.79,80.28,72.77,high_agreement,,0,0,,False,no_evidence,2,True,True,False,False,False,MEDIUM_EVIDENCE
MEASURE_ET_DC_RD_Id_Vbon_max,INCONCLUSIVE,FLAT,False,STRONG,threshold,47.16,63.51,11.58,low_agreement,,0,0,,False,no_evidence,1,True,True,False,False,False,LOW_EVIDENCE
MEASURE_ET_DC_RD_Id_Vbon_min,INCONCLUSIVE,FLAT,False,MODERATE,monotonic,47.3,34.25,42.88,high_agreement,,0,0,,False,no_evidence,1,True,False,False,False,False,LOW_EVIDENCE
MEASURE_ET_DC_RD_K,STRONG,U_SHAPED,True,INCONCLUSIVE,complex_nonmonotonic,91.02,85.75,92.7,high_agreement,,0,0,,False,no_evidence,3,True,True,False,False,False,HIGH_EVIDENCE
MEASURE_ET_DC_RD_MSG_18GHz,INCONCLUSIVE,FLAT,False,WEAK,complex_nonmonotonic,56.42,61.26,67.09,moderate_agreement,,0,0,,False,no_evidence,0,False,True,False,False,False,UNSUPPORTED
MEASURE_ET_DC_RD_MSG_35GHz,INCONCLUSIVE,FLAT,False,INCONCLUSIVE,complex_nonmonotonic,77.68,71.37,71.72,high_agreement,,0,0,,False,no_evidence,0,False,True,False,False,False,UNSUPPORTED
MEASURE_ET_DC_RD_S11ang_18GHz,STRONG,COMPLEX_NONLINEAR,True,MODERATE,complex_nonmonotonic,66.11,70.67,67.51,high_agreement,,0,0,,False,no_evidence,2,True,True,False,False,False,MEDIUM_EVIDENCE
MEASURE_ET_DC_RD_S11dB_18GHz,STRONG,COMPLEX_NONLINEAR,True,MODERATE,complex_nonmonotonic,69.4,77.47,73.19,high_agreement,,0,0,,False,no_evidence,2,True,True,False,False,False,MEDIUM_EVIDENCE
MEASURE_ET_DC_RD_S12ang_18GHz,WEAK,SATURATION,False,INCONCLUSIVE,complex_nonmonotonic,35.3,39.93,42.39,high_agreement,,0,0,,False,no_evidence,0,False,True,False,False,False,UNSUPPORTED
MEASURE_ET_DC_RD_S12dB_18GHz,WEAK,SATURATION,False,INCONCLUSIVE,complex_nonmonotonic,62.32,64.28,16.77,low_agreement,224.0,0,0,,False,no_evidence,1,False,True,False,True,False,LOW_EVIDENCE
MEASURE_ET_DC_RD_S21ang_18GHz,INCONCLUSIVE,FLAT,False,MODERATE,threshold,71.16,77.96,66.32,moderate_agreement,,0,0,,False,no_evidence,1,True,True,False,False,False,LOW_EVIDENCE
MEASURE_ET_DC_RD_S21dB_18GHz,STRONG,THRESHOLD,True,INCONCLUSIVE,complex_nonmonotonic,38.6,43.72,56.63,moderate_agreement,,0,0,,False,no_evidence,1,True,True,False,False,False,LOW_EVIDENCE
MEASURE_ET_DC_RD_S22ang_18GHz,STRONG,SATURATION,False,INCONCLUSIVE,complex_nonmonotonic,87.86,72.42,87.93,moderate_agreement,,0,0,,False,no_evidence,1,True,True,False,False,False,LOW_EVIDENCE
MEASURE_ET_DC_RD_S22dB_18GHz,INCONCLUSIVE,FLAT,False,INCONCLUSIVE,complex_nonmonotonic,82.81,80.63,72.7,moderate_agreement,,0,0,,False,no_evidence,0,False,True,False,False,False,UNSUPPORTED
MEASURE_ET_DC_RD_Vboff,WEAK,THRESHOLD,False,INCONCLUSIVE,complex_nonmonotonic,17.61,17.12,13.4,high_agreement,254.0,0,0,,False,no_evidence,1,False,True,False,True,False,LOW_EVIDENCE
MEASURE_ET_DC_RD_Vboff_ON,INCONCLUSIVE,FLAT,False,WEAK,complex_nonmonotonic,14.18,15.72,34.04,moderate_agreement,,0,0,,False,no_evidence,0,False,True,False,False,False,UNSUPPORTED
MEASURE_ET_DC_RD_Vbon_max,MODERATE,THRESHOLD,False,INCONCLUSIVE,complex_nonmonotonic,61.54,66.81,73.12,moderate_agreement,109.0,0,0,,False,no_evidence,2,True,True,False,True,False,MEDIUM_EVIDENCE
MEASURE_ET_DC_RD_Vbon_min,STRONG,THRESHOLD,False,WEAK,complex_nonmonotonic,23.72,25.12,7.37,moderate_agreement,,0,0,,False,no_evidence,1,True,True,False,False,False,LOW_EVIDENCE
MEASURE_ET_DC_RD_Vg_Vbon_max,WEAK,THRESHOLD,False,INCONCLUSIVE,U_shape,30.74,32.42,43.86,high_agreement,,0,0,,False,no_evidence,0,False,True,False,False,False,UNSUPPORTED
MEASURE_ET_DC_RD_Vg_Vbon_min,INCONCLUSIVE,FLAT,False,MODERATE,threshold,92.91,88.98,70.88,moderate_agreement,,0,0,,False,no_evidence,2,True,True,False,False,False,MEDIUM_EVIDENCE
MEASURE_ET_DC_RF_CF_S11_Mag_L1002,WEAK,SATURATION,False,WEAK,threshold,10.74,14.39,19.65,high_agreement,,0,0,,False,no_evidence,0,False,True,False,False,False,UNSUPPORTED
MEASURE_ET_DC_RF_CF_S11_Mag_L1018,WEAK,THRESHOLD,False,MODERATE,complex_nonmonotonic,65.47,63.23,59.51,high_agreement,,0,0,,False,no_evidence,1,True,True,False,False,False,LOW_EVIDENCE
MEASURE_ET_DC_RF_CF_S11_Mag_L2180,STRONG,U_SHAPED,True,INCONCLUSIVE,U_shape,85.54,92.7,83.65,high_agreement,,0,0,,False,no_evidence,1,True,True,False,False,False,LOW_EVIDENCE
MEASURE_ET_DC_RF_CF_S11_Ph_L1002,WEAK,SATURATION,True,WEAK,complex_nonmonotonic,92.28,93.75,91.72,high_agreement,242.0,0,0,,False,no_evidence,3,True,True,False,True,False,HIGH_EVIDENCE
MEASURE_ET_DC_RF_CF_S11_Ph_L1018,STRONG,COMPLEX_NONLINEAR,True,STRONG,complex_nonmonotonic,69.75,68.7,67.86,high_agreement,,0,0,,False,no_evidence,2,True,True,False,False,False,MEDIUM_EVIDENCE
MEASURE_ET_DC_RF_CF_S11_Ph_L2180,WEAK,COMPLEX_NONLINEAR,True,INCONCLUSIVE,complex_nonmonotonic,96.35,91.51,94.74,high_agreement,,0,0,,False,no_evidence,2,True,True,False,False,False,MEDIUM_EVIDENCE
MEASURE_ET_DC_RF_CF_S12_Mag_L1002,MODERATE,THRESHOLD,False,MODERATE,monotonic,98.46,97.61,97.89,high_agreement,,2,0,0.0492,True,no_evidence,6,True,False,True,True,False,HIGH_EVIDENCE
MEASURE_ET_DC_RF_CF_S12_Mag_L1018,STRONG,THRESHOLD,True,INCONCLUSIVE,complex_nonmonotonic,14.6,16.42,13.54,high_agreement,,0,0,,False,no_evidence,1,True,True,False,False,False,LOW_EVIDENCE
MEASURE_ET_DC_RF_CF_S12_Mag_L2180,STRONG,THRESHOLD,True,WEAK,complex_nonmonotonic,81.12,82.25,84.28,high_agreement,,0,0,,False,no_evidence,1,True,True,False,False,False,LOW_EVIDENCE
MEASURE_ET_DC_RF_CF_S12_Ph_L1002,WEAK,SATURATION,False,INCONCLUSIVE,complex_nonmonotonic,13.54,19.65,43.79,moderate_agreement,,0,0,,False,no_evidence,0,False,True,False,False,False,UNSUPPORTED
MEASURE_ET_DC_RF_CF_S12_Ph_L1018,STRONG,THRESHOLD,False,INCONCLUSIVE,complex_nonmonotonic,78.18,77.61,80.84,high_agreement,103.0,0,0,,False,no_evidence,2,True,True,False,True,False,MEDIUM_EVIDENCE
MEASURE_ET_DC_RF_CF_S12_Ph_L2180,MODERATE,SATURATION,False,INCONCLUSIVE,complex_nonmonotonic,18.88,16.63,43.65,moderate_agreement,,0,0,,False,no_evidence,1,True,True,False,False,False,LOW_EVIDENCE
MEASURE_ET_DC_RF_CF_S21_Mag_L1002,INCONCLUSIVE,FLAT,False,INCONCLUSIVE,complex_nonmonotonic,87.02,91.23,83.86,high_agreement,,0,0,,False,no_evidence,0,False,True,False,False,False,UNSUPPORTED
MEASURE_ET_DC_RF_CF_S21_Mag_L1018,STRONG,THRESHOLD,True,STRONG,threshold,90.39,91.86,89.19,high_agreement,,0,0,,False,no_evidence,3,True,True,False,False,False,HIGH_EVIDENCE
MEASURE_ET_DC_RF_CF_S21_Mag_L2180,WEAK,THRESHOLD,False,MODERATE,threshold,36.84,44.63,59.79,moderate_agreement,,0,0,,False,no_evidence,1,True,True,False,False,False,LOW_EVIDENCE
MEASURE_ET_DC_RF_CF_S21_Ph_L1002,INCONCLUSIVE,FLAT,False,INCONCLUSIVE,complex_nonmonotonic,83.09,91.72,90.04,high_agreement,,0,0,,False,no_evidence,1,True,True,False,False,False,LOW_EVIDENCE
MEASURE_ET_DC_RF_CF_S21_Ph_L1018,WEAK,THRESHOLD,False,INCONCLUSIVE,complex_nonmonotonic,43.44,52.21,55.37,high_agreement,,0,0,,False,no_evidence,0,False,True,False,False,False,UNSUPPORTED
MEASURE_ET_DC_RF_CF_S21_Ph_L2180,STRONG,THRESHOLD,False,INCONCLUSIVE,complex_nonmonotonic,17.54,27.23,16.21,high_agreement,,0,0,,False,no_evidence,1,True,True,False,False,False,LOW_EVIDENCE
MEASURE_ET_DC_RF_CF_S22_Mag_L1002,STRONG,COMPLEX_NONLINEAR,False,MODERATE,threshold,15.02,15.86,33.75,moderate_agreement,,0,0,,False,no_evidence,2,True,True,False,False,False,MEDIUM_EVIDENCE
MEASURE_ET_DC_RF_CF_S22_Mag_L1018,STRONG,THRESHOLD,True,INCONCLUSIVE,complex_nonmonotonic,43.86,26.39,5.75,low_agreement,,0,0,,False,no_evidence,1,True,True,False,False,False,LOW_EVIDENCE
MEASURE_ET_DC_RF_CF_S22_Mag_L2180,MODERATE,PROCESS_WINDOW,False,INCONCLUSIVE,complex_nonmonotonic,71.72,68.63,70.32,high_agreement,,0,0,,False,no_evidence,1,True,True,False,False,False,LOW_EVIDENCE
MEASURE_ET_DC_RF_CF_S22_Ph_L1002,STRONG,COMPLEX_NONLINEAR,False,INCONCLUSIVE,U_shape,84.0,89.89,78.74,moderate_agreement,187.0,0,0,,False,no_evidence,2,True,True,False,True,False,MEDIUM_EVIDENCE
MEASURE_ET_DC_RF_CF_S22_Ph_L1018,WEAK,THRESHOLD,False,STRONG,threshold,86.46,90.46,88.56,high_agreement,123.0,3,0,0.1573,False,no_evidence,3,True,True,True,True,False,HIGH_EVIDENCE
MEASURE_ET_DC_RF_CF_S22_Ph_L2180,STRONG,SATURATION,False,MODERATE,threshold,63.65,64.91,70.39,high_agreement,92.0,0,0,,False,no_evidence,3,True,True,False,True,False,HIGH_EVIDENCE
MEASURE_ET_DC_RF_Freq_cut_L1002,WEAK,THRESHOLD,True,INCONCLUSIVE,inverted_U,17.75,19.16,33.54,moderate_agreement,,0,0,,False,no_evidence,0,False,True,False,False,False,UNSUPPORTED
MEASURE_ET_DC_RF_Freq_cut_L1018,MODERATE,COMPLEX_NONLINEAR,True,INCONCLUSIVE,complex_nonmonotonic,34.25,47.65,49.61,moderate_agreement,300.0,0,0,,False,no_evidence,2,True,True,False,True,False,MEDIUM_EVIDENCE
MEASURE_ET_DC_RF_Freq_cut_L2180,STRONG,THRESHOLD,False,MODERATE,threshold,63.02,53.82,64.98,moderate_agreement,,0,0,,False,no_evidence,2,True,True,False,False,False,MEDIUM_EVIDENCE
MEASURE_ET_DC_RF_Ft,WEAK,THRESHOLD,False,WEAK,complex_nonmonotonic,38.32,39.58,39.86,high_agreement,240.0,0,0,,False,no_evidence,1,False,True,False,True,False,LOW_EVIDENCE
MEASURE_ET_DC_RF_Ft_W,STRONG,COMPLEX_NONLINEAR,True,INCONCLUSIVE,complex_nonmonotonic,50.88,34.95,48.0,moderate_agreement,,0,0,,False,no_evidence,1,True,True,False,False,False,LOW_EVIDENCE
MEASURE_ET_DC_RF_Gm_0,STRONG,COMPLEX_NONLINEAR,True,INCONCLUSIVE,complex_nonmonotonic,10.32,10.32,31.16,moderate_agreement,,0,0,,False,no_evidence,1,True,True,False,False,False,LOW_EVIDENCE
MEASURE_ET_DC_RF_Gm_0_W,STRONG,SATURATION,True,INCONCLUSIVE,complex_nonmonotonic,23.58,21.54,38.67,moderate_agreement,,0,0,,False,no_evidence,1,True,True,False,False,False,LOW_EVIDENCE
MEASURE_ET_DC_RF_Gm_m0p2,STRONG,COMPLEX_NONLINEAR,True,WEAK,complex_nonmonotonic,61.82,66.39,60.35,high_agreement,114.0,0,0,,False,no_evidence,2,True,True,False,True,False,MEDIUM_EVIDENCE
MEASURE_ET_DC_RF_Gm_m0p2_W,STRONG,COMPLEX_NONLINEAR,True,STRONG,complex_nonmonotonic,25.61,13.75,16.84,high_agreement,198.0,0,0,,False,no_evidence,3,True,True,False,True,False,HIGH_EVIDENCE
MEASURE_ET_DC_RF_Gm_max,STRONG,COMPLEX_NONLINEAR,True,MODERATE,complex_nonmonotonic,26.25,26.18,41.26,moderate_agreement,,0,0,,False,no_evidence,2,True,True,False,False,False,MEDIUM_EVIDENCE
MEASURE_ET_DC_RF_Gm_max_W,STRONG,COMPLEX_NONLINEAR,True,WEAK,complex_nonmonotonic,88.63,94.11,80.14,moderate_agreement,,0,0,,False,no_evidence,1,True,True,False,False,False,LOW_EVIDENCE
MEASURE_ET_DC_RF_Id_gm_max,STRONG,COMPLEX_NONLINEAR,True,STRONG,complex_nonmonotonic,25.82,19.3,13.68,high_agreement,,0,0,,False,no_evidence,2,True,True,False,False,False,MEDIUM_EVIDENCE
MEASURE_ET_DC_RF_Id_gm_max_W,STRONG,SATURATION,False,INCONCLUSIVE,complex_nonmonotonic,44.7,59.3,39.09,moderate_agreement,,0,0,,False,no_evidence,1,True,True,False,False,False,LOW_EVIDENCE
MEASURE_ET_DC_RF_Id_Vbon_max,INCONCLUSIVE,FLAT,False,MODERATE,threshold,53.19,47.3,56.0,high_agreement,,0,0,,False,no_evidence,1,True,True,False,False,False,LOW_EVIDENCE
MEASURE_ET_DC_RF_Id_Vbon_min,STRONG,THRESHOLD,True,INCONCLUSIVE,complex_nonmonotonic,78.81,84.42,85.33,high_agreement,131.0,1,0,0.0624,False,no_evidence,3,True,True,True,True,False,HIGH_EVIDENCE
MEASURE_ET_DC_RF_Ids_m0p2,INCONCLUSIVE,FLAT,True,STRONG,threshold,51.09,45.19,36.28,high_agreement,,0,0,,False,no_evidence,1,True,True,False,False,False,LOW_EVIDENCE
MEASURE_ET_DC_RF_ids_m0p2_W,WEAK,PROCESS_WINDOW,False,INCONCLUSIVE,complex_nonmonotonic,51.72,51.86,4.7,low_agreement,,0,0,,False,no_evidence,0,False,True,False,False,False,UNSUPPORTED
MEASURE_ET_DC_RF_Idss,STRONG,COMPLEX_NONLINEAR,True,WEAK,complex_nonmonotonic,20.98,28.07,14.32,high_agreement,,0,0,,False,no_evidence,1,True,True,False,False,False,LOW_EVIDENCE
MEASURE_ET_DC_RF_Idss_W,STRONG,COMPLEX_NONLINEAR,True,STRONG,complex_nonmonotonic,80.21,84.21,78.25,high_agreement,52.0,0,0,,False,no_evidence,3,True,True,False,True,False,HIGH_EVIDENCE
MEASURE_ET_DC_RF_Imax,STRONG,COMPLEX_NONLINEAR,True,INCONCLUSIVE,complex_nonmonotonic,10.32,10.32,31.16,moderate_agreement,233.0,0,0,,False,no_evidence,2,True,True,False,True,False,MEDIUM_EVIDENCE
MEASURE_ET_DC_RF_Imax_W,STRONG,COMPLEX_NONLINEAR,True,MODERATE,complex_nonmonotonic,10.32,10.32,31.16,moderate_agreement,189.0,0,0,,False,no_evidence,3,True,True,False,True,False,HIGH_EVIDENCE
MEASURE_ET_DC_RF_K,STRONG,SATURATION,True,WEAK,complex_nonmonotonic,71.09,56.49,60.07,moderate_agreement,,0,0,,False,no_evidence,1,True,True,False,False,False,LOW_EVIDENCE
MEASURE_ET_DC_RF_K_W,STRONG,COMPLEX_NONLINEAR,True,WEAK,complex_nonmonotonic,98.6,97.33,98.32,high_agreement,,3,1,0.0728,True,no_evidence,5,True,True,True,True,False,HIGH_EVIDENCE
MEASURE_ET_DC_RF_MAG_26GHz,MODERATE,COMPLEX_NONLINEAR,False,INCONCLUSIVE,complex_nonmonotonic,66.95,72.14,50.53,moderate_agreement,,0,0,,False,no_evidence,1,True,True,False,False,False,LOW_EVIDENCE
MEASURE_ET_DC_RF_MAG_26GHz_W,INCONCLUSIVE,FLAT,True,MODERATE,complex_nonmonotonic,22.39,19.58,18.39,high_agreement,,0,0,,False,no_evidence,1,True,True,False,False,False,LOW_EVIDENCE
MEASURE_ET_DC_RF_MAG_35GHz,STRONG,SATURATION,False,INCONCLUSIVE,complex_nonmonotonic,22.74,17.4,6.53,moderate_agreement,,0,0,,False,no_evidence,1,True,True,False,False,False,LOW_EVIDENCE
MEASURE_ET_DC_RF_MAG_35GHz_W,STRONG,SATURATION,False,STRONG,threshold,39.3,41.19,49.96,high_agreement,,0,0,,False,no_evidence,2,True,True,False,False,False,MEDIUM_EVIDENCE
MEASURE_ET_DC_RF_Max_S11_Freq_L1002,STRONG,COMPLEX_NONLINEAR,True,INCONCLUSIVE,complex_nonmonotonic,34.74,51.23,52.63,moderate_agreement,,1,0,0.0946,False,no_evidence,2,True,True,True,True,False,HIGH_EVIDENCE
MEASURE_ET_DC_RF_Max_S11_Freq_L1018,WEAK,COMPLEX_NONLINEAR,False,WEAK,complex_nonmonotonic,75.72,76.98,82.53,high_agreement,35.0,2,0,0.1381,False,no_evidence,2,False,True,True,True,False,HIGH_EVIDENCE
MEASURE_ET_DC_RF_Max_S11_Freq_L2180,MODERATE,THRESHOLD,True,WEAK,complex_nonmonotonic,91.79,83.65,89.61,high_agreement,259.0,0,0,,False,no_evidence,3,True,True,False,True,False,HIGH_EVIDENCE
MEASURE_ET_DC_RF_Max_S11_Mag_L1002,STRONG,SATURATION,False,INCONCLUSIVE,complex_nonmonotonic,56.21,63.09,44.0,moderate_agreement,,0,0,,False,no_evidence,1,True,True,False,False,False,LOW_EVIDENCE
MEASURE_ET_DC_RF_Max_S11_Mag_L1018,INCONCLUSIVE,FLAT,False,INCONCLUSIVE,complex_nonmonotonic,78.88,93.96,89.82,moderate_agreement,,0,0,,False,no_evidence,0,False,True,False,False,False,UNSUPPORTED
MEASURE_ET_DC_RF_Max_S11_Mag_L2180,STRONG,SATURATION,False,STRONG,threshold,50.53,52.7,44.28,high_agreement,,0,0,,False,no_evidence,2,True,True,False,False,False,MEDIUM_EVIDENCE
MEASURE_ET_DC_RF_Max_S11_Ph_L1002,STRONG,THRESHOLD,True,INCONCLUSIVE,complex_nonmonotonic,82.95,73.61,84.35,moderate_agreement,,0,0,,False,no_evidence,1,True,True,False,False,False,LOW_EVIDENCE
MEASURE_ET_DC_RF_Max_S11_Ph_L1018,INCONCLUSIVE,FLAT,False,WEAK,complex_nonmonotonic,91.51,94.81,90.88,high_agreement,,0,0,,False,no_evidence,2,True,True,False,False,False,MEDIUM_EVIDENCE
MEASURE_ET_DC_RF_Max_S11_Ph_L2180,WEAK,COMPLEX_NONLINEAR,True,INCONCLUSIVE,complex_nonmonotonic,97.33,95.86,97.19,high_agreement,27.0,1,0,0.2383,False,no_evidence,4,True,True,True,True,False,HIGH_EVIDENCE
MEASURE_ET_DC_RF_Min_S21_Freq_L1002,STRONG,SATURATION,False,INCONCLUSIVE,complex_nonmonotonic,59.79,59.16,55.02,high_agreement,,0,0,,False,no_evidence,1,True,True,False,False,False,LOW_EVIDENCE
MEASURE_ET_DC_RF_Min_S21_Freq_L1018,STRONG,SATURATION,True,MODERATE,threshold,98.04,97.05,97.61,high_agreement,214.0,1,1,0.0585,False,no_evidence,6,True,True,True,True,False,HIGH_EVIDENCE
MEASURE_ET_DC_RF_Min_S21_Freq_L2180,MODERATE,U_SHAPED,False,WEAK,complex_nonmonotonic,16.35,13.05,20.77,high_agreement,,0,0,,False,no_evidence,1,True,True,False,False,False,LOW_EVIDENCE
MEASURE_ET_DC_RF_Min_S21_Mag_L1002,STRONG,U_SHAPED,True,INCONCLUSIVE,complex_nonmonotonic,41.12,53.33,2.95,low_agreement,,0,0,,False,no_evidence,1,True,True,False,False,False,LOW_EVIDENCE
MEASURE_ET_DC_RF_Min_S21_Mag_L1018,WEAK,SATURATION,False,INCONCLUSIVE,complex_nonmonotonic,23.23,24.91,41.89,moderate_agreement,,0,0,,False,no_evidence,0,False,True,False,False,False,UNSUPPORTED
MEASURE_ET_DC_RF_Min_S21_Mag_L2180,STRONG,SATURATION,False,INCONCLUSIVE,complex_nonmonotonic,42.88,36.35,8.98,moderate_agreement,,0,0,,False,no_evidence,1,True,True,False,False,False,LOW_EVIDENCE
MEASURE_ET_DC_RF_Min_S21_Ph_L1002,STRONG,COMPLEX_NONLINEAR,True,INCONCLUSIVE,complex_nonmonotonic,83.79,83.09,81.47,high_agreement,,0,0,,False,no_evidence,1,True,True,False,False,False,LOW_EVIDENCE
MEASURE_ET_DC_RF_Min_S21_Ph_L1018,STRONG,U_SHAPED,True,INCONCLUSIVE,threshold,32.63,42.46,15.72,moderate_agreement,,0,0,,False,no_evidence,1,True,True,False,False,False,LOW_EVIDENCE
MEASURE_ET_DC_RF_Min_S21_Ph_L2180,WEAK,COMPLEX_NONLINEAR,False,MODERATE,complex_nonmonotonic,46.88,50.95,60.7,high_agreement,,0,0,,False,no_evidence,1,True,True,False,False,False,LOW_EVIDENCE
MEASURE_ET_DC_RF_MSG_10GHz,INCONCLUSIVE,FLAT,False,WEAK,complex_nonmonotonic,16.7,16.98,41.4,moderate_agreement,,0,0,,False,no_evidence,0,False,True,False,False,False,UNSUPPORTED
MEASURE_ET_DC_RF_MSG_18GHz,STRONG,MONOTONIC_POSITIVE,True,INCONCLUSIVE,complex_nonmonotonic,57.82,64.63,61.68,high_agreement,,0,0,,False,no_evidence,1,True,True,False,False,False,LOW_EVIDENCE
MEASURE_ET_DC_RF_n_gd,STRONG,THRESHOLD,True,INCONCLUSIVE,inverted_U,50.11,57.82,63.65,moderate_agreement,,0,0,,False,no_evidence,1,True,True,False,False,False,LOW_EVIDENCE
MEASURE_ET_DC_RF_n_gs,STRONG,THRESHOLD,False,WEAK,monotonic,42.46,43.23,2.04,low_agreement,,0,0,,False,no_evidence,1,True,False,False,False,False,LOW_EVIDENCE
MEASURE_ET_DC_RF_S11ang_10GHz,STRONG,COMPLEX_NONLINEAR,True,MODERATE,threshold,74.53,80.84,79.72,high_agreement,83.0,1,0,0.1404,False,no_evidence,4,True,True,True,True,False,HIGH_EVIDENCE
MEASURE_ET_DC_RF_S11ang_26GHz,INCONCLUSIVE,FLAT,False,WEAK,complex_nonmonotonic,92.0,94.53,93.68,high_agreement,,0,0,,False,no_evidence,2,True,True,False,False,False,MEDIUM_EVIDENCE
MEASURE_ET_DC_RF_S11ang_26GHz_W,STRONG,COMPLEX_NONLINEAR,True,INCONCLUSIVE,complex_nonmonotonic,75.65,76.42,81.12,high_agreement,107.0,0,0,,False,no_evidence,2,True,True,False,True,False,MEDIUM_EVIDENCE
MEASURE_ET_DC_RF_S11dB_10GHz,STRONG,INVERTED_U,True,STRONG,complex_nonmonotonic,91.58,90.95,93.75,high_agreement,124.0,0,0,,False,no_evidence,5,True,True,False,True,False,HIGH_EVIDENCE
MEASURE_ET_DC_RF_S11dB_26GHz,STRONG,SATURATION,False,INCONCLUSIVE,complex_nonmonotonic,88.84,93.19,94.88,high_agreement,60.0,0,0,,False,no_evidence,3,True,True,False,True,False,HIGH_EVIDENCE
MEASURE_ET_DC_RF_S11dB_26GHz_W,STRONG,THRESHOLD,True,INCONCLUSIVE,complex_nonmonotonic,87.79,87.23,88.07,high_agreement,,0,0,,False,no_evidence,1,True,True,False,False,False,LOW_EVIDENCE
MEASURE_ET_DC_RF_S12ang_10GHz,WEAK,COMPLEX_NONLINEAR,True,INCONCLUSIVE,complex_nonmonotonic,83.23,74.18,87.37,moderate_agreement,,0,0,,False,no_evidence,0,False,True,False,False,False,UNSUPPORTED
MEASURE_ET_DC_RF_S12ang_26GHz,MODERATE,SATURATION,False,INCONCLUSIVE,complex_nonmonotonic,61.61,66.25,71.37,high_agreement,,0,0,,False,no_evidence,1,True,True,False,False,False,LOW_EVIDENCE
MEASURE_ET_DC_RF_S12ang_26GHz_W,STRONG,SATURATION,True,INCONCLUSIVE,complex_nonmonotonic,66.74,74.04,65.47,high_agreement,,0,0,,False,no_evidence,1,True,True,False,False,False,LOW_EVIDENCE
MEASURE_ET_DC_RF_S12dB_10GHz,WEAK,U_SHAPED,False,STRONG,threshold,88.28,79.65,87.16,high_agreement,,0,0,,False,no_evidence,1,True,True,False,False,False,LOW_EVIDENCE
MEASURE_ET_DC_RF_S12dB_26GHz,WEAK,THRESHOLD,True,STRONG,complex_nonmonotonic,12.98,14.32,20.14,high_agreement,,0,0,,False,no_evidence,1,True,True,False,False,False,LOW_EVIDENCE
MEASURE_ET_DC_RF_S12dB_26GHz_W,INCONCLUSIVE,FLAT,True,INCONCLUSIVE,complex_nonmonotonic,84.21,88.84,75.02,moderate_agreement,,0,0,,False,no_evidence,0,False,True,False,False,False,UNSUPPORTED
MEASURE_ET_DC_RF_S21ang_10GHz,STRONG,SATURATION,True,INCONCLUSIVE,complex_nonmonotonic,28.49,47.44,13.12,moderate_agreement,,0,0,,False,no_evidence,1,True,True,False,False,False,LOW_EVIDENCE
MEASURE_ET_DC_RF_S21ang_26GHz,WEAK,COMPLEX_NONLINEAR,False,INCONCLUSIVE,complex_nonmonotonic,10.32,10.32,31.16,moderate_agreement,,0,0,,False,no_evidence,0,False,True,False,False,False,UNSUPPORTED
MEASURE_ET_DC_RF_S21ang_26GHz_W,STRONG,COMPLEX_NONLINEAR,True,INCONCLUSIVE,U_shape,10.32,10.32,31.16,moderate_agreement,,0,0,,False,no_evidence,1,True,True,False,False,False,LOW_EVIDENCE
MEASURE_ET_DC_RF_S21dB_10GHz,STRONG,THRESHOLD,False,INCONCLUSIVE,U_shape,57.75,64.42,62.32,high_agreement,,0,0,,False,no_evidence,1,True,True,False,False,False,LOW_EVIDENCE
MEASURE_ET_DC_RF_S21dB_26GHz,STRONG,PROCESS_WINDOW,True,WEAK,complex_nonmonotonic,62.04,62.6,64.14,high_agreement,,0,0,,False,no_evidence,1,True,True,False,False,False,LOW_EVIDENCE
MEASURE_ET_DC_RF_S21dB_26GHz_W,WEAK,PROCESS_WINDOW,True,STRONG,threshold,35.72,38.11,12.98,moderate_agreement,,0,0,,False,no_evidence,1,True,True,False,False,False,LOW_EVIDENCE
MEASURE_ET_DC_RF_S22ang_10GHz,MODERATE,COMPLEX_NONLINEAR,True,WEAK,threshold,63.23,67.86,64.56,high_agreement,204.0,0,0,,False,no_evidence,2,True,True,False,True,False,MEDIUM_EVIDENCE
MEASURE_ET_DC_RF_S22ang_26GHz,STRONG,SATURATION,False,INCONCLUSIVE,complex_nonmonotonic,70.95,71.16,69.82,high_agreement,,0,0,,False,no_evidence,1,True,True,False,False,False,LOW_EVIDENCE
MEASURE_ET_DC_RF_S22ang_26GHz_W,WEAK,SATURATION,False,MODERATE,threshold,10.32,10.32,31.16,moderate_agreement,,0,0,,False,no_evidence,1,True,True,False,False,False,LOW_EVIDENCE
MEASURE_ET_DC_RF_S22dB_10GHz,STRONG,COMPLEX_NONLINEAR,True,INCONCLUSIVE,complex_nonmonotonic,73.75,72.35,69.12,high_agreement,,0,0,,False,no_evidence,1,True,True,False,False,False,LOW_EVIDENCE
MEASURE_ET_DC_RF_S22dB_26GHz,MODERATE,COMPLEX_NONLINEAR,True,WEAK,complex_nonmonotonic,70.46,69.96,66.25,high_agreement,188.0,0,0,,False,no_evidence,2,True,True,False,True,False,MEDIUM_EVIDENCE
MEASURE_ET_DC_RF_S22dB_26GHz_W,MODERATE,PROCESS_WINDOW,True,STRONG,complex_nonmonotonic,88.0,81.75,90.18,high_agreement,140.0,0,0,,False,no_evidence,4,True,True,False,True,False,HIGH_EVIDENCE
MEASURE_ET_DC_RF_Vbgd_0p01,STRONG,THRESHOLD,False,INCONCLUSIVE,inverted_U,53.68,51.58,9.75,low_agreement,,0,0,,False,no_evidence,1,True,True,False,False,False,LOW_EVIDENCE
MEASURE_ET_DC_RF_Vbgd_0p1,MODERATE,COMPLEX_NONLINEAR,True,STRONG,threshold,52.21,62.81,62.67,moderate_agreement,,0,0,,False,no_evidence,2,True,True,False,False,False,MEDIUM_EVIDENCE
MEASURE_ET_DC_RF_Vbgd1,MODERATE,MONOTONIC_POSITIVE,False,INCONCLUSIVE,complex_nonmonotonic,27.16,38.67,12.91,moderate_agreement,,0,0,,False,no_evidence,1,True,True,False,False,False,LOW_EVIDENCE
MEASURE_ET_DC_RF_Vbgs_0p01,WEAK,THRESHOLD,True,INCONCLUSIVE,complex_nonmonotonic,84.28,76.63,87.51,moderate_agreement,,0,0,,False,no_evidence,0,False,True,False,False,False,UNSUPPORTED
MEASURE_ET_DC_RF_Vbgs_0p1,STRONG,COMPLEX_NONLINEAR,True,INCONCLUSIVE,complex_nonmonotonic,93.33,95.79,91.44,high_agreement,203.0,0,0,,False,no_evidence,4,True,True,False,True,False,HIGH_EVIDENCE
MEASURE_ET_DC_RF_Vbgs1,WEAK,COMPLEX_NONLINEAR,False,MODERATE,monotonic,89.12,88.21,81.26,high_agreement,,0,0,,False,no_evidence,1,True,False,False,False,False,LOW_EVIDENCE
MEASURE_ET_DC_RF_Vbin_gd,STRONG,SATURATION,False,INCONCLUSIVE,complex_nonmonotonic,76.0,72.84,79.02,high_agreement,133.0,0,0,,False,no_evidence,2,True,True,False,True,False,MEDIUM_EVIDENCE
MEASURE_ET_DC_RF_Vbin_gs,INCONCLUSIVE,FLAT,True,INCONCLUSIVE,complex_nonmonotonic,74.88,71.23,80.77,high_agreement,36.0,1,0,0.1872,False,no_evidence,2,False,True,True,True,False,HIGH_EVIDENCE
MEASURE_ET_DC_RF_Vboff,STRONG,COMPLEX_NONLINEAR,True,INCONCLUSIVE,complex_nonmonotonic,92.21,80.91,90.81,moderate_agreement,,0,0,,False,no_evidence,3,True,True,False,False,False,HIGH_EVIDENCE
MEASURE_ET_DC_RF_Vboff_ON,STRONG,SATURATION,False,INCONCLUSIVE,complex_nonmonotonic,58.11,57.33,68.14,moderate_agreement,,0,0,,False,no_evidence,1,True,True,False,False,False,LOW_EVIDENCE
MEASURE_ET_DC_RF_Vbon_max,MODERATE,U_SHAPED,False,MODERATE,threshold,43.09,28.42,53.05,moderate_agreement,,0,0,,False,no_evidence,2,True,True,False,False,False,MEDIUM_EVIDENCE
MEASURE_ET_DC_RF_Vbon_min,WEAK,COMPLEX_NONLINEAR,False,MODERATE,threshold,96.7,84.56,95.86,moderate_agreement,294.0,0,0,,False,no_evidence,4,True,True,False,True,False,HIGH_EVIDENCE
MEASURE_ET_DC_RF_Vdg_max,MODERATE,THRESHOLD,False,MODERATE,monotonic,79.37,84.7,79.65,high_agreement,,0,0,,False,no_evidence,2,True,False,False,False,False,MEDIUM_EVIDENCE
MEASURE_ET_DC_RF_Vdg_max_0p1,STRONG,THRESHOLD,True,MODERATE,threshold,40.98,35.37,45.05,high_agreement,,0,0,,False,no_evidence,2,True,True,False,False,False,MEDIUM_EVIDENCE
MEASURE_ET_DC_RF_Vdg_max_0p1mA,MODERATE,THRESHOLD,True,INCONCLUSIVE,complex_nonmonotonic,15.86,15.37,14.74,high_agreement,,0,0,,False,no_evidence,1,True,True,False,False,False,LOW_EVIDENCE
MEASURE_ET_DC_RF_Vds_max,STRONG,THRESHOLD,True,STRONG,threshold,52.56,49.47,52.28,high_agreement,,0,0,,False,no_evidence,2,True,True,False,False,False,MEDIUM_EVIDENCE
MEASURE_ET_DC_RF_Vds_max_0p1,STRONG,SATURATION,False,MODERATE,complex_nonmonotonic,27.09,29.19,10.6,moderate_agreement,,0,0,,False,no_evidence,2,True,True,False,False,False,MEDIUM_EVIDENCE
MEASURE_ET_DC_RF_Vds_max_0p1mA,INCONCLUSIVE,FLAT,True,WEAK,complex_nonmonotonic,37.33,40.77,4.98,low_agreement,,0,0,,False,no_evidence,0,False,True,False,False,False,UNSUPPORTED
MEASURE_ET_DC_RF_Vg_gm_max,STRONG,COMPLEX_NONLINEAR,True,INCONCLUSIVE,complex_nonmonotonic,28.91,27.16,15.86,high_agreement,,0,0,,False,no_evidence,1,True,True,False,False,False,LOW_EVIDENCE
MEASURE_ET_DC_RF_Vg_gm_max_W,WEAK,THRESHOLD,False,STRONG,complex_nonmonotonic,21.75,23.86,34.25,high_agreement,,0,0,,False,no_evidence,1,True,True,False,False,False,LOW_EVIDENCE
MEASURE_ET_DC_RF_Vg_max_Vd,STRONG,THRESHOLD,False,MODERATE,monotonic,71.23,69.54,76.56,high_agreement,,0,0,,False,no_evidence,2,True,False,False,False,False,MEDIUM_EVIDENCE
MEASURE_ET_DC_RF_Vg_max_Vd_0p1,STRONG,MONOTONIC_POSITIVE,False,STRONG,monotonic,60.77,54.25,67.02,moderate_agreement,,0,0,,False,no_evidence,2,True,False,False,False,False,MEDIUM_EVIDENCE
MEASURE_ET_DC_RF_Vg_max_Vd_0p1mA,STRONG,COMPLEX_NONLINEAR,True,INCONCLUSIVE,complex_nonmonotonic,44.49,59.02,66.39,moderate_agreement,,0,0,,False,no_evidence,1,True,True,False,False,False,LOW_EVIDENCE
MEASURE_ET_DC_RF_Vg_optt,STRONG,SATURATION,False,INCONCLUSIVE,complex_nonmonotonic,19.79,24.35,36.98,moderate_agreement,,0,0,,False,no_evidence,1,True,True,False,False,False,LOW_EVIDENCE
MEASURE_ET_DC_RF_Vg_Vbon_max,STRONG,PROCESS_WINDOW,False,STRONG,threshold,84.49,60.35,69.4,moderate_agreement,,0,0,,False,no_evidence,2,True,True,False,False,False,MEDIUM_EVIDENCE
MEASURE_ET_DC_RF_Vg_Vbon_min,INCONCLUSIVE,FLAT,False,MODERATE,threshold,89.89,85.47,86.25,high_agreement,,0,1,0.0609,True,no_evidence,3,True,True,True,True,False,HIGH_EVIDENCE
MEASURE_ET_DC_RF_Vp_01,MODERATE,THRESHOLD,False,WEAK,complex_nonmonotonic,58.67,69.68,0.49,low_agreement,,0,0,,False,no_evidence,1,True,True,False,False,False,LOW_EVIDENCE
MEASURE_ET_DC_RF_Vp_01_W,WEAK,THRESHOLD,False,INCONCLUSIVE,U_shape,22.46,24.84,45.4,moderate_agreement,202.0,0,0,,False,no_evidence,1,False,True,False,True,False,LOW_EVIDENCE
MEASURE_ET_DC_RF_Vp_1,MODERATE,SATURATION,False,INCONCLUSIVE,complex_nonmonotonic,28.42,35.16,8.14,moderate_agreement,,0,0,,False,no_evidence,1,True,True,False,False,False,LOW_EVIDENCE
MEASURE_ET_DC_RF_Vp_1_W,MODERATE,THRESHOLD,True,INCONCLUSIVE,complex_nonmonotonic,10.32,10.32,31.16,moderate_agreement,175.0,0,0,,False,no_evidence,2,True,True,False,True,False,MEDIUM_EVIDENCE
MEASURE_ET_DC_RF_Vt_gd,INCONCLUSIVE,FLAT,False,STRONG,complex_nonmonotonic,89.61,85.05,88.84,high_agreement,36.0,3,0,0.1872,False,no_evidence,3,True,True,True,True,False,HIGH_EVIDENCE
MEASURE_ET_DC_RF_Vt_gs,STRONG,COMPLEX_NONLINEAR,True,WEAK,complex_nonmonotonic,75.09,78.32,78.81,high_agreement,227.0,0,0,,False,no_evidence,2,True,True,False,True,False,MEDIUM_EVIDENCE
MEASURE_ET_DC_RF2_Ft,MODERATE,SATURATION,True,INCONCLUSIVE,inverted_U,87.58,66.11,84.49,moderate_agreement,,0,0,,False,no_evidence,1,True,True,False,False,False,LOW_EVIDENCE
MEASURE_ET_DC_RF2_K,STRONG,SATURATION,True,WEAK,complex_nonmonotonic,53.12,44.28,33.26,moderate_agreement,,0,0,,False,no_evidence,1,True,True,False,False,False,LOW_EVIDENCE
MEASURE_ET_DC_RF2_MAG_26GHz,STRONG,U_SHAPED,False,INCONCLUSIVE,U_shape,99.37,98.53,98.95,high_agreement,,4,2,0.0801,True,no_evidence,5,True,True,True,True,False,HIGH_EVIDENCE
MEASURE_ET_DC_RF2_MAG_35GHz,STRONG,THRESHOLD,True,INCONCLUSIVE,complex_nonmonotonic,26.81,23.58,17.89,high_agreement,,0,0,,False,no_evidence,1,True,True,False,False,False,LOW_EVIDENCE
MEASURE_ET_DC_RF2_S11ang_26GHz,MODERATE,COMPLEX_NONLINEAR,True,WEAK,complex_nonmonotonic,85.26,78.74,85.05,high_agreement,101.0,1,0,0.1266,False,no_evidence,3,True,True,True,True,False,HIGH_EVIDENCE
MEASURE_ET_DC_RF2_S11dB_26GHz,STRONG,SATURATION,True,STRONG,complex_nonmonotonic,89.75,97.26,90.67,high_agreement,,0,0,,False,no_evidence,3,True,True,False,False,False,HIGH_EVIDENCE
MEASURE_ET_DC_RF2_S12ang_26GHz,INCONCLUSIVE,FLAT,False,INCONCLUSIVE,complex_nonmonotonic,40.21,44.98,51.86,high_agreement,,0,0,,False,no_evidence,0,False,True,False,False,False,UNSUPPORTED
MEASURE_ET_DC_RF2_S12dB_26GHz,STRONG,THRESHOLD,True,WEAK,complex_nonmonotonic,72.49,87.3,83.02,moderate_agreement,,0,0,,False,no_evidence,1,True,True,False,False,False,LOW_EVIDENCE
MEASURE_ET_DC_RF2_S21ang_26GHz,STRONG,THRESHOLD,False,INCONCLUSIVE,threshold,98.18,97.89,98.04,high_agreement,,1,0,0.0797,True,no_evidence,5,True,True,True,True,False,HIGH_EVIDENCE
MEASURE_ET_DC_RF2_S21dB_26GHz,WEAK,THRESHOLD,False,INCONCLUSIVE,complex_nonmonotonic,72.84,81.12,78.32,high_agreement,,0,0,,False,no_evidence,0,False,True,False,False,False,UNSUPPORTED
MEASURE_ET_DC_RF2_S22ang_26GHz,MODERATE,U_SHAPED,True,STRONG,complex_nonmonotonic,64.35,67.3,62.81,high_agreement,85.0,0,0,,False,no_evidence,3,True,True,False,True,False,HIGH_EVIDENCE
MEASURE_ET_DC_RF2_S22dB_26GHz,MODERATE,U_SHAPED,True,INCONCLUSIVE,U_shape,99.23,99.09,99.23,high_agreement,76.0,3,1,0.0628,True,no_evidence,6,True,True,True,True,False,HIGH_EVIDENCE
MEASURE_ET_DC_SEC_Gm_0,WEAK,U_SHAPED,False,WEAK,complex_nonmonotonic,17.4,15.65,14.53,high_agreement,182.0,0,0,,False,no_evidence,1,False,True,False,True,False,LOW_EVIDENCE
MEASURE_ET_DC_SEC_Gm_m0p2,MODERATE,THRESHOLD,True,MODERATE,complex_nonmonotonic,48.28,56.21,57.82,high_agreement,,0,0,,False,no_evidence,2,True,True,False,False,False,MEDIUM_EVIDENCE
MEASURE_ET_DC_SEC_Gm_max,STRONG,COMPLEX_NONLINEAR,True,MODERATE,complex_nonmonotonic,10.32,10.32,31.16,moderate_agreement,,0,0,,False,no_evidence,2,True,True,False,False,False,MEDIUM_EVIDENCE
MEASURE_ET_DC_SEC_Id_gm_max,STRONG,U_SHAPED,True,WEAK,complex_nonmonotonic,90.53,87.37,89.75,high_agreement,,0,0,,False,no_evidence,2,True,True,False,False,False,MEDIUM_EVIDENCE
MEASURE_ET_DC_SEC_Ids_m0p2,STRONG,THRESHOLD,False,INCONCLUSIVE,complex_nonmonotonic,44.91,44.42,49.89,high_agreement,,0,0,,False,no_evidence,1,True,True,False,False,False,LOW_EVIDENCE
MEASURE_ET_DC_SEC_Ids_max_ON,MODERATE,THRESHOLD,False,INCONCLUSIVE,complex_nonmonotonic,53.61,52.35,61.4,high_agreement,68.0,0,0,,False,no_evidence,2,True,True,False,True,False,MEDIUM_EVIDENCE
MEASURE_ET_DC_SEC_Ids_min_ON,STRONG,THRESHOLD,True,WEAK,threshold,94.74,97.19,95.51,high_agreement,,2,0,0.0327,True,no_evidence,5,True,True,True,True,False,HIGH_EVIDENCE
MEASURE_ET_DC_SEC_Idss,STRONG,COMPLEX_NONLINEAR,True,INCONCLUSIVE,U_shape,68.28,78.18,0.14,low_agreement,190.0,0,0,,False,no_evidence,2,True,True,False,True,False,MEDIUM_EVIDENCE
MEASURE_ET_DC_SEC_Imax,STRONG,COMPLEX_NONLINEAR,True,STRONG,complex_nonmonotonic,21.47,20.91,19.3,high_agreement,,0,0,,False,no_evidence,2,True,True,False,False,False,MEDIUM_EVIDENCE
MEASURE_ET_DC_SEC_Imax_6V,STRONG,COMPLEX_NONLINEAR,True,WEAK,complex_nonmonotonic,10.32,10.32,31.16,moderate_agreement,,0,0,,False,no_evidence,1,True,True,False,False,False,LOW_EVIDENCE
MEASURE_ET_DC_SEC_Imax_7V,MODERATE,COMPLEX_NONLINEAR,True,INCONCLUSIVE,complex_nonmonotonic,10.32,10.32,31.16,moderate_agreement,,0,0,,False,no_evidence,1,True,True,False,False,False,LOW_EVIDENCE
MEASURE_ET_DC_SEC_n_gs,STRONG,SATURATION,True,WEAK,complex_nonmonotonic,72.21,76.28,72.84,high_agreement,,0,0,,False,no_evidence,1,True,True,False,False,False,LOW_EVIDENCE
MEASURE_ET_DC_SEC_Vbin_gs,STRONG,COMPLEX_NONLINEAR,True,INCONCLUSIVE,complex_nonmonotonic,44.63,55.86,60.49,moderate_agreement,26.0,1,0,0.1626,False,no_evidence,3,True,True,True,True,False,HIGH_EVIDENCE
MEASURE_ET_DC_SEC_Vboff_1,STRONG,PROCESS_WINDOW,False,INCONCLUSIVE,complex_nonmonotonic,40.42,34.53,4.91,low_agreement,,0,0,,False,no_evidence,1,True,True,False,False,False,LOW_EVIDENCE
MEASURE_ET_DC_SEC_Vboff_2_1,STRONG,THRESHOLD,True,INCONCLUSIVE,complex_nonmonotonic,87.72,88.42,91.37,high_agreement,,0,0,,False,no_evidence,2,True,True,False,False,False,MEDIUM_EVIDENCE
MEASURE_ET_DC_SEC_Vboff_Vds_min_ON,MODERATE,COMPLEX_NONLINEAR,False,INCONCLUSIVE,complex_nonmonotonic,65.19,68.91,80.35,moderate_agreement,,0,0,,False,no_evidence,1,True,True,False,False,False,LOW_EVIDENCE
MEASURE_ET_DC_SEC_Vds_max_ON,MODERATE,SATURATION,True,INCONCLUSIVE,complex_nonmonotonic,25.75,26.74,5.89,moderate_agreement,,0,0,,False,no_evidence,1,True,True,False,False,False,LOW_EVIDENCE
MEASURE_ET_DC_SEC_Vds_min_ON,STRONG,U_SHAPED,True,INCONCLUSIVE,complex_nonmonotonic,81.54,91.37,86.67,high_agreement,,0,0,,False,no_evidence,1,True,True,False,False,False,LOW_EVIDENCE
MEASURE_ET_DC_SEC_Vg_gm_max,STRONG,THRESHOLD,True,MODERATE,complex_nonmonotonic,10.32,10.32,31.16,moderate_agreement,,0,0,,False,no_evidence,2,True,True,False,False,False,MEDIUM_EVIDENCE
MEASURE_ET_DC_SEC_Vg_max_ON,STRONG,THRESHOLD,False,MODERATE,threshold,63.3,49.82,67.65,moderate_agreement,,0,0,,False,no_evidence,2,True,True,False,False,False,MEDIUM_EVIDENCE
MEASURE_ET_DC_SEC_Vg_min_ON,STRONG,THRESHOLD,False,STRONG,threshold,29.4,37.54,43.3,high_agreement,,0,0,,False,no_evidence,2,True,True,False,False,False,MEDIUM_EVIDENCE
MEASURE_ET_DC_SEC_Vgs_0p1V,STRONG,SATURATION,False,STRONG,threshold,92.84,85.12,91.79,high_agreement,156.0,0,0,,False,no_evidence,5,True,True,False,True,False,HIGH_EVIDENCE
MEASURE_ET_DC_SEC_Vgs_0p5V,INCONCLUSIVE,FLAT,False,MODERATE,monotonic,93.54,93.89,92.56,high_agreement,,0,0,0.006,True,no_evidence,4,True,False,False,True,False,HIGH_EVIDENCE
MEASURE_ET_DC_SEC_Vgs_1V,INCONCLUSIVE,FLAT,False,INCONCLUSIVE,inverted_U,68.63,70.81,76.63,high_agreement,,0,0,,False,no_evidence,0,False,True,False,False,False,UNSUPPORTED
MEASURE_ET_DC_SEC_Vgs_back_0p1V,STRONG,THRESHOLD,False,MODERATE,threshold,48.07,44.56,35.3,high_agreement,,0,0,,False,no_evidence,2,True,True,False,False,False,MEDIUM_EVIDENCE
MEASURE_ET_DC_SEC_Vgs_back_0p5V,STRONG,COMPLEX_NONLINEAR,True,INCONCLUSIVE,complex_nonmonotonic,76.56,78.53,75.44,high_agreement,223.0,0,0,,False,no_evidence,2,True,True,False,True,False,MEDIUM_EVIDENCE
MEASURE_ET_DC_SEC_Vgs_back_1V,STRONG,THRESHOLD,True,WEAK,threshold,14.81,12.98,36.63,moderate_agreement,,0,0,,False,no_evidence,1,True,True,False,False,False,LOW_EVIDENCE
MEASURE_ET_DC_SEC_Vp_10mA,INCONCLUSIVE,FLAT,False,INCONCLUSIVE,complex_nonmonotonic,80.91,83.44,82.04,high_agreement,,0,0,,False,no_evidence,0,False,True,False,False,False,UNSUPPORTED
MEASURE_ET_DC_SEC_Vp_1mA,INCONCLUSIVE,THRESHOLD,False,MODERATE,complex_nonmonotonic,12.28,15.02,17.75,high_agreement,1.0,12,0,0.1815,False,no_evidence,3,True,True,True,True,False,HIGH_EVIDENCE
MEASURE_ET_DC_SEC_Vt_gs,INCONCLUSIVE,FLAT,False,WEAK,complex_nonmonotonic,50.25,40.7,42.81,high_agreement,,0,0,,False,no_evidence,0,False,True,False,False,False,UNSUPPORTED
MEASURE_ET_DC_SEC_S_Bin,INCONCLUSIVE,FLAT,False,STRONG,threshold,56.35,38.88,11.02,low_agreement,,0,0,,False,no_evidence,1,True,True,False,False,False,LOW_EVIDENCE
MEASURE_ET_DC_SEC_S_Bin_FPSD3p2,STRONG,SATURATION,False,MODERATE,monotonic,33.19,29.33,47.58,moderate_agreement,,0,0,,False,no_evidence,2,True,False,False,False,False,MEDIUM_EVIDENCE
MEASURE_ET_DC_SEC_S_Bin_SD3p5,STRONG,U_SHAPED,True,STRONG,threshold,35.37,25.26,11.51,moderate_agreement,,0,0,,False,no_evidence,2,True,True,False,False,False,MEDIUM_EVIDENCE
MEASURE_ET_DC_SEC_S_ChipStatus,STRONG,SATURATION,False,INCONCLUSIVE,complex_nonmonotonic,32.7,33.19,38.25,high_agreement,,0,0,,False,no_evidence,1,True,True,False,False,False,LOW_EVIDENCE
MEASURE_ET_DC_SEC_S_Id_at_Vboff_mA_mm,MODERATE,SATURATION,False,MODERATE,monotonic,26.95,27.09,46.18,moderate_agreement,,0,0,,False,no_evidence,2,True,False,False,False,False,MEDIUM_EVIDENCE
MEASURE_ET_DC_SEC_S_Id_at_Vboff_mA_mm_FPSD3p2,STRONG,SATURATION,True,STRONG,threshold,76.98,66.46,79.37,moderate_agreement,,0,0,,False,no_evidence,2,True,True,False,False,False,MEDIUM_EVIDENCE
MEASURE_ET_DC_SEC_S_Id_at_Vboff_mA_mm_SD3p5,STRONG,COMPLEX_NONLINEAR,True,INCONCLUSIVE,complex_nonmonotonic,11.16,13.61,32.14,moderate_agreement,208.0,0,0,,False,no_evidence,2,True,True,False,True,False,MEDIUM_EVIDENCE
MEASURE_ET_DC_SEC_S_Id_mA_mm_at_Vg1,STRONG,THRESHOLD,False,STRONG,threshold,35.16,27.02,19.93,moderate_agreement,,0,0,,False,no_evidence,2,True,True,False,False,False,MEDIUM_EVIDENCE
MEASURE_ET_DC_SEC_S_Id_mA_mm_at_Vg1_FPSD3p2,STRONG,MONOTONIC_POSITIVE,False,MODERATE,monotonic,85.89,75.44,88.35,moderate_agreement,,0,0,,False,no_evidence,2,True,False,False,False,False,MEDIUM_EVIDENCE
MEASURE_ET_DC_SEC_S_Id_mA_mm_at_Vg1_SD3p5,INCONCLUSIVE,FLAT,False,WEAK,monotonic,38.53,39.3,5.61,moderate_agreement,,0,0,,False,no_evidence,0,False,False,False,False,False,UNSUPPORTED
MEASURE_ET_DC_SEC_S_Id_mA_mm_at_Vg2,INCONCLUSIVE,FLAT,False,MODERATE,threshold,42.67,46.88,50.74,high_agreement,,0,0,,False,no_evidence,1,True,True,False,False,False,LOW_EVIDENCE
MEASURE_ET_DC_SEC_S_Id_mA_mm_at_Vg2_FPSD3p2,INCONCLUSIVE,FLAT,False,STRONG,threshold,10.32,10.32,31.16,moderate_agreement,,0,0,,False,no_evidence,1,True,True,False,False,False,LOW_EVIDENCE
MEASURE_ET_DC_SEC_S_Id_mA_mm_at_Vg2_SD3p5,INCONCLUSIVE,FLAT,False,MODERATE,threshold,65.75,64.98,13.19,low_agreement,,0,0,,False,no_evidence,1,True,True,False,False,False,LOW_EVIDENCE
MEASURE_ET_DC_SEC_S_Id_mA_mm_at_Vg3,WEAK,THRESHOLD,False,STRONG,threshold,45.47,54.11,13.61,low_agreement,,0,0,,False,no_evidence,1,True,True,False,False,False,LOW_EVIDENCE
MEASURE_ET_DC_SEC_S_Id_mA_mm_at_Vg3_FPSD3p2,MODERATE,COMPLEX_NONLINEAR,True,INCONCLUSIVE,complex_nonmonotonic,94.67,96.77,96.21,high_agreement,44.0,1,0,0.1702,False,no_evidence,5,True,True,True,True,False,HIGH_EVIDENCE
MEASURE_ET_DC_SEC_S_Id_mA_mm_at_Vg3_SD3p5,STRONG,THRESHOLD,True,MODERATE,complex_nonmonotonic,90.6,94.67,95.3,high_agreement,,1,0,0.0508,False,no_evidence,5,True,True,True,True,False,HIGH_EVIDENCE
MEASURE_ET_DC_SEC_S_Id_plus_Ig_at_Vboff_mA_mm,INCONCLUSIVE,FLAT,False,INCONCLUSIVE,complex_nonmonotonic,52.42,35.93,51.93,moderate_agreement,,0,0,,False,no_evidence,0,False,True,False,False,False,UNSUPPORTED
MEASURE_ET_DC_SEC_S_Id_plus_Ig_at_Vboff_mA_mm_FPSD3p2,STRONG,THRESHOLD,False,MODERATE,threshold,33.61,34.04,37.05,high_agreement,,0,0,,False,no_evidence,2,True,True,False,False,False,MEDIUM_EVIDENCE
MEASURE_ET_DC_SEC_S_Id_plus_Ig_at_Vboff_mA_mm_SD3p5,STRONG,SATURATION,True,STRONG,threshold,34.32,33.05,31.51,high_agreement,,0,0,,False,no_evidence,2,True,True,False,False,False,MEDIUM_EVIDENCE
MEASURE_ET_DC_SEC_S_Ids_max,STRONG,SATURATION,True,INCONCLUSIVE,complex_nonmonotonic,62.46,66.67,66.53,high_agreement,,0,0,,False,no_evidence,1,True,True,False,False,False,LOW_EVIDENCE
MEASURE_ET_DC_SEC_S_Ids_max_FPSD3p2,STRONG,THRESHOLD,False,MODERATE,monotonic,16.42,22.6,20.63,high_agreement,,0,0,,False,no_evidence,2,True,False,False,False,False,MEDIUM_EVIDENCE
MEASURE_ET_DC_SEC_S_Ids_max_norm,MODERATE,COMPLEX_NONLINEAR,True,WEAK,threshold,79.65,79.09,77.47,high_agreement,,0,0,,False,no_evidence,1,True,True,False,False,False,LOW_EVIDENCE
MEASURE_ET_DC_SEC_S_Ids_max_norm_FPSD3p2,STRONG,SATURATION,False,MODERATE,monotonic,44.28,50.46,59.44,moderate_agreement,,0,0,,False,no_evidence,2,True,False,False,False,False,MEDIUM_EVIDENCE
MEASURE_ET_DC_SEC_S_Ids_max_norm_SD3p5,INCONCLUSIVE,FLAT,False,MODERATE,threshold,35.86,36.7,47.86,high_agreement,,0,0,,False,no_evidence,1,True,True,False,False,False,LOW_EVIDENCE
MEASURE_ET_DC_SEC_S_Ids_max_SD3p5,INCONCLUSIVE,FLAT,False,WEAK,complex_nonmonotonic,30.46,33.12,48.91,moderate_agreement,257.0,0,0,,False,no_evidence,1,False,True,False,True,False,LOW_EVIDENCE
MEASURE_ET_DC_SEC_S_Ig_cut1_mAmm_neg,STRONG,THRESHOLD,False,INCONCLUSIVE,complex_nonmonotonic,67.58,78.6,77.4,moderate_agreement,,0,0,,False,no_evidence,1,True,True,False,False,False,LOW_EVIDENCE
MEASURE_ET_DC_SEC_S_Ig_cut1_mAmm_neg_FPSD3p2,STRONG,COMPLEX_NONLINEAR,True,STRONG,complex_nonmonotonic,82.46,79.02,82.88,high_agreement,,0,0,,False,no_evidence,2,True,True,False,False,False,MEDIUM_EVIDENCE
MEASURE_ET_DC_SEC_S_Ig_cut1_mAmm_neg_SD3p5,STRONG,U_SHAPED,False,INCONCLUSIVE,complex_nonmonotonic,82.74,78.25,75.09,high_agreement,72.0,0,1,0.0407,False,no_evidence,3,True,True,True,True,False,HIGH_EVIDENCE
MEASURE_ET_DC_SEC_S_Ig_cut1_mAmm_pos,MODERATE,THRESHOLD,False,INCONCLUSIVE,U_shape,33.12,29.68,4.07,moderate_agreement,,0,0,,False,no_evidence,1,True,True,False,False,False,LOW_EVIDENCE
MEASURE_ET_DC_SEC_S_Ig_cut1_mAmm_pos_FPSD3p2,INCONCLUSIVE,FLAT,False,MODERATE,monotonic,18.04,22.32,36.49,moderate_agreement,,0,0,,False,no_evidence,1,True,False,False,False,False,LOW_EVIDENCE
MEASURE_ET_DC_SEC_S_Ig_cut1_mAmm_pos_SD3p5,INCONCLUSIVE,FLAT,False,INCONCLUSIVE,complex_nonmonotonic,35.23,38.25,49.54,high_agreement,,0,0,,False,no_evidence,0,False,True,False,False,False,UNSUPPORTED
MEASURE_ET_DC_SEC_S_Ig_cut2_mAmm_neg,STRONG,THRESHOLD,False,INCONCLUSIVE,U_shape,49.33,46.67,5.33,low_agreement,,0,0,,False,no_evidence,1,True,True,False,False,False,LOW_EVIDENCE
MEASURE_ET_DC_SEC_S_Ig_cut2_mAmm_neg_FPSD3p2,STRONG,COMPLEX_NONLINEAR,True,INCONCLUSIVE,U_shape,70.25,72.0,6.46,low_agreement,265.0,0,0,,False,no_evidence,2,True,True,False,True,False,MEDIUM_EVIDENCE
MEASURE_ET_DC_SEC_S_Ig_cut2_mAmm_neg_SD3p5,MODERATE,U_SHAPED,False,WEAK,complex_nonmonotonic,74.6,76.0,84.07,high_agreement,,0,0,,False,no_evidence,1,True,True,False,False,False,LOW_EVIDENCE
MEASURE_ET_DC_SEC_S_Ig_cut2_mAmm_pos,STRONG,THRESHOLD,False,MODERATE,monotonic,36.0,41.47,41.12,high_agreement,,0,0,,False,no_evidence,2,True,False,False,False,False,MEDIUM_EVIDENCE
MEASURE_ET_DC_SEC_S_Ig_cut2_mAmm_pos_FPSD3p2,WEAK,PROCESS_WINDOW,True,STRONG,threshold,39.23,37.33,8.63,moderate_agreement,,0,0,,False,no_evidence,1,True,True,False,False,False,LOW_EVIDENCE
MEASURE_ET_DC_SEC_S_Ig_cut2_mAmm_pos_SD3p5,INCONCLUSIVE,FLAT,False,WEAK,complex_nonmonotonic,69.12,81.05,75.86,moderate_agreement,225.0,0,0,,False,no_evidence,1,False,True,False,True,False,LOW_EVIDENCE
MEASURE_ET_DC_SEC_S_Ig_cut3_mAmm_neg,INCONCLUSIVE,FLAT,False,INCONCLUSIVE,complex_nonmonotonic,54.18,38.74,50.32,moderate_agreement,,0,0,,False,no_evidence,0,False,True,False,False,False,UNSUPPORTED
MEASURE_ET_DC_SEC_S_Ig_cut3_mAmm_neg_FPSD3p2,WEAK,PROCESS_WINDOW,False,MODERATE,complex_nonmonotonic,24.0,25.4,12.56,high_agreement,,0,0,,False,no_evidence,1,True,True,False,False,False,LOW_EVIDENCE
MEASURE_ET_DC_SEC_S_Ig_cut3_mAmm_neg_SD3p5,STRONG,THRESHOLD,True,INCONCLUSIVE,U_shape,84.91,91.44,82.46,high_agreement,,0,0,,False,no_evidence,1,True,True,False,False,False,LOW_EVIDENCE
MEASURE_ET_DC_SEC_S_Ig_cut3_mAmm_pos,STRONG,THRESHOLD,False,STRONG,threshold,39.09,43.44,2.46,low_agreement,,0,0,,False,no_evidence,2,True,True,False,False,False,MEDIUM_EVIDENCE
MEASURE_ET_DC_SEC_S_Ig_cut3_mAmm_pos_FPSD3p2,STRONG,THRESHOLD,True,MODERATE,threshold,71.51,58.67,66.11,moderate_agreement,,0,0,,False,no_evidence,2,True,True,False,False,False,MEDIUM_EVIDENCE
MEASURE_ET_DC_SEC_S_Ig_cut3_mAmm_pos_SD3p5,STRONG,THRESHOLD,True,INCONCLUSIVE,U_shape,27.93,24.98,13.75,high_agreement,,0,0,,False,no_evidence,1,True,True,False,False,False,LOW_EVIDENCE
MEASURE_ET_DC_SEC_S_Ig_mAmm_at_Vg_cond_neg,STRONG,MONOTONIC_POSITIVE,False,INCONCLUSIVE,complex_nonmonotonic,28.35,30.46,32.98,high_agreement,,0,0,,False,no_evidence,1,True,True,False,False,False,LOW_EVIDENCE
MEASURE_ET_DC_SEC_S_Ig_mAmm_at_Vg_cond_neg_FPSD3p2,STRONG,SATURATION,False,WEAK,U_shape,61.26,67.09,61.54,high_agreement,263.0,0,0,,False,no_evidence,2,True,True,False,True,False,MEDIUM_EVIDENCE
MEASURE_ET_DC_SEC_S_Ig_mAmm_at_Vg_cond_neg_SD3p5,STRONG,U_SHAPED,True,INCONCLUSIVE,complex_nonmonotonic,12.21,11.58,33.33,moderate_agreement,138.0,0,0,,False,no_evidence,2,True,True,False,True,False,MEDIUM_EVIDENCE
MEASURE_ET_DC_SEC_S_Ig_mAmm_at_Vg_cond_pos,INCONCLUSIVE,FLAT,False,WEAK,threshold,32.84,28.56,45.61,moderate_agreement,,0,0,-0.0111,False,no_evidence,0,False,True,False,False,False,UNSUPPORTED
MEASURE_ET_DC_SEC_S_Ig_mAmm_at_Vg_cond_pos_FPSD3p2,WEAK,THRESHOLD,True,STRONG,threshold,67.3,67.79,66.67,high_agreement,,0,0,,False,no_evidence,1,True,True,False,False,False,LOW_EVIDENCE
MEASURE_ET_DC_SEC_S_Ig_mAmm_at_Vg_cond_pos_SD3p5,INCONCLUSIVE,FLAT,False,INCONCLUSIVE,complex_nonmonotonic,89.4,95.93,91.93,high_agreement,,0,0,,False,no_evidence,1,True,True,False,False,False,LOW_EVIDENCE
MEASURE_ET_DC_SEC_S_Ron,STRONG,SATURATION,True,INCONCLUSIVE,complex_nonmonotonic,24.98,20.07,37.75,moderate_agreement,,0,0,,False,no_evidence,1,True,True,False,False,False,LOW_EVIDENCE
MEASURE_ET_DC_SEC_S_Ron_FPSD3p2,STRONG,THRESHOLD,False,INCONCLUSIVE,complex_nonmonotonic,64.21,67.65,76.28,moderate_agreement,,0,0,,False,no_evidence,1,True,True,False,False,False,LOW_EVIDENCE
MEASURE_ET_DC_SEC_S_Ron_SD3p5,WEAK,PROCESS_WINDOW,False,STRONG,threshold,83.3,79.93,73.47,high_agreement,,0,0,,False,no_evidence,1,True,True,False,False,False,LOW_EVIDENCE
MEASURE_ET_DC_SEC_S_Vboff_Id,STRONG,THRESHOLD,False,INCONCLUSIVE,complex_nonmonotonic,39.16,43.79,3.44,low_agreement,,0,0,,False,no_evidence,1,True,True,False,False,False,LOW_EVIDENCE
MEASURE_ET_DC_SEC_S_Vboff_Id_FPSD3p2,INCONCLUSIVE,FLAT,False,INCONCLUSIVE,flat,61.12,48.49,32.0,moderate_agreement,,0,0,,False,no_evidence,0,False,False,False,False,False,UNSUPPORTED
MEASURE_ET_DC_SEC_S_Vboff_Id_plus_Ig,INCONCLUSIVE,FLAT,False,MODERATE,threshold,43.02,54.04,47.44,high_agreement,,0,0,,False,no_evidence,1,True,True,False,False,False,LOW_EVIDENCE
MEASURE_ET_DC_SEC_S_Vboff_Id_plus_Ig_FPSD3p2,WEAK,THRESHOLD,False,MODERATE,complex_nonmonotonic,81.75,84.0,86.81,high_agreement,,0,0,,False,no_evidence,1,True,True,False,False,False,LOW_EVIDENCE
MEASURE_ET_DC_SEC_S_Vboff_Id_plus_Ig_SD3p5,WEAK,SATURATION,False,MODERATE,complex_nonmonotonic,10.32,10.32,31.16,moderate_agreement,,0,0,,False,no_evidence,1,True,True,False,False,False,LOW_EVIDENCE
MEASURE_ET_DC_SEC_S_Vboff_Id_SD3p5,INCONCLUSIVE,FLAT,False,MODERATE,threshold,68.77,65.82,70.95,high_agreement,,0,0,,False,no_evidence,1,True,True,False,False,False,LOW_EVIDENCE
MEASURE_ET_DC_SEC_S_Vg_at_I1_neg,MODERATE,PROCESS_WINDOW,False,STRONG,threshold,70.81,74.46,67.23,high_agreement,106.0,0,0,,False,no_evidence,3,True,True,False,True,False,HIGH_EVIDENCE
MEASURE_ET_DC_SEC_S_Vg_at_I1_neg_FPSD3p2,INCONCLUSIVE,FLAT,False,INCONCLUSIVE,threshold,52.28,57.89,62.88,moderate_agreement,,0,0,,False,no_evidence,0,False,True,False,False,False,UNSUPPORTED
MEASURE_ET_DC_SEC_S_Vg_at_I1_neg_SD3p5,WEAK,SATURATION,False,INCONCLUSIVE,U_shape,74.46,73.54,72.91,high_agreement,98.0,0,0,,False,no_evidence,1,False,True,False,True,False,LOW_EVIDENCE
MEASURE_ET_DC_SEC_S_Vg_at_I1_pos,INCONCLUSIVE,FLAT,False,WEAK,threshold,48.14,45.47,0.7,low_agreement,,0,0,,False,no_evidence,0,False,True,False,False,False,UNSUPPORTED
MEASURE_ET_DC_SEC_S_Vg_at_I1_pos_FPSD3p2,MODERATE,THRESHOLD,False,INCONCLUSIVE,complex_nonmonotonic,41.68,37.82,38.88,high_agreement,,0,0,,False,no_evidence,1,True,True,False,False,False,LOW_EVIDENCE
MEASURE_ET_DC_SEC_S_Vg_at_I1_pos_SD3p5,WEAK,THRESHOLD,True,STRONG,threshold,19.86,19.93,10.74,high_agreement,79.0,0,0,,False,no_evidence,2,True,True,False,True,False,MEDIUM_EVIDENCE
MEASURE_ET_DC_SEC_S_Vg_at_I2_neg,INCONCLUSIVE,FLAT,False,INCONCLUSIVE,complex_nonmonotonic,27.3,37.68,9.33,moderate_agreement,,0,0,,False,no_evidence,0,False,True,False,False,False,UNSUPPORTED
MEASURE_ET_DC_SEC_S_Vg_at_I2_neg_FPSD3p2,STRONG,SATURATION,False,INCONCLUSIVE,complex_nonmonotonic,29.89,36.98,13.89,moderate_agreement,,0,0,,False,no_evidence,1,True,True,False,False,False,LOW_EVIDENCE
MEASURE_ET_DC_SEC_S_Vg_at_I2_neg_SD3p5,STRONG,U_SHAPED,True,WEAK,complex_nonmonotonic,45.75,57.19,55.51,high_agreement,,0,0,,False,no_evidence,1,True,True,False,False,False,LOW_EVIDENCE
MEASURE_ET_DC_SEC_S_Vg_at_I2_pos,MODERATE,INVERTED_U,True,INCONCLUSIVE,complex_nonmonotonic,23.79,32.63,8.35,moderate_agreement,,0,0,,False,no_evidence,1,True,True,False,False,False,LOW_EVIDENCE
MEASURE_ET_DC_SEC_S_Vg_at_I2_pos_FPSD3p2,INCONCLUSIVE,FLAT,False,WEAK,complex_nonmonotonic,52.49,44.91,56.84,high_agreement,,0,0,,False,no_evidence,0,False,True,False,False,False,UNSUPPORTED
MEASURE_ET_DC_SEC_S_Vg_at_I2_pos_SD3p5,INCONCLUSIVE,FLAT,False,INCONCLUSIVE,complex_nonmonotonic,41.4,54.6,47.23,high_agreement,,0,0,,False,no_evidence,0,False,True,False,False,False,UNSUPPORTED
MEASURE_ET_DC_SEC_S_Vg_at_I3_neg,MODERATE,THRESHOLD,False,INCONCLUSIVE,monotonic,53.96,54.46,55.65,high_agreement,,0,0,,False,no_evidence,1,True,False,False,False,False,LOW_EVIDENCE
MEASURE_ET_DC_SEC_S_Vg_at_I3_neg_FPSD3p2,WEAK,THRESHOLD,False,MODERATE,threshold,56.49,59.09,1.05,low_agreement,,0,0,,False,no_evidence,1,True,True,False,False,False,LOW_EVIDENCE
MEASURE_ET_DC_SEC_S_Vg_at_I3_neg_SD3p5,WEAK,THRESHOLD,False,MODERATE,threshold,23.09,21.33,9.89,high_agreement,,0,0,,False,no_evidence,1,True,True,False,False,False,LOW_EVIDENCE
MEASURE_ET_DC_SEC_S_Vg_at_I3_pos,INCONCLUSIVE,FLAT,False,MODERATE,monotonic,77.96,72.28,73.68,high_agreement,,0,0,,False,no_evidence,1,True,False,False,False,False,LOW_EVIDENCE
MEASURE_ET_DC_SEC_S_Vg_at_I3_pos_FPSD3p2,STRONG,THRESHOLD,False,WEAK,threshold,52.77,62.04,72.0,moderate_agreement,,0,0,,False,no_evidence,1,True,True,False,False,False,LOW_EVIDENCE
MEASURE_ET_DC_SEC_S_Vg_at_I3_pos_SD3p5,STRONG,SATURATION,True,INCONCLUSIVE,complex_nonmonotonic,32.28,25.89,38.04,high_agreement,,0,0,,False,no_evidence,1,True,True,False,False,False,LOW_EVIDENCE
MEASURE_ET_DC_SEC_S_Vp_0p7_mA_mm,MODERATE,COMPLEX_NONLINEAR,False,INCONCLUSIVE,complex_nonmonotonic,10.67,11.72,34.46,moderate_agreement,,0,0,,False,no_evidence,1,True,True,False,False,False,LOW_EVIDENCE
MEASURE_ET_DC_SEC_S_Vp_1_mA_mm,WEAK,THRESHOLD,True,MODERATE,threshold,13.47,11.51,31.44,moderate_agreement,,0,0,,False,no_evidence,1,True,True,False,False,False,LOW_EVIDENCE
MEASURE_ET_DC_SEC_S_Vp_1_mA_mm_first,STRONG,THRESHOLD,True,INCONCLUSIVE,complex_nonmonotonic,12.56,13.89,16.63,high_agreement,,0,0,,False,no_evidence,1,True,True,False,False,False,LOW_EVIDENCE
MEASURE_ET_DC_SEC_S_Vp_1_mA_mm_first_FPSD3p2,INCONCLUSIVE,FLAT,False,WEAK,monotonic,10.32,10.32,31.16,moderate_agreement,,0,0,,False,no_evidence,0,False,False,False,False,False,UNSUPPORTED
MEASURE_ET_DC_SEC_S_Vp_1_mA_mm_first_SD3p5,STRONG,SATURATION,False,MODERATE,complex_nonmonotonic,74.04,75.23,78.88,high_agreement,42.0,1,0,0.0456,False,no_evidence,4,True,True,True,True,False,HIGH_EVIDENCE
MEASURE_ET_DC_SEC_S_Vp_1_mA_mm_second,STRONG,THRESHOLD,False,WEAK,complex_nonmonotonic,10.32,10.32,31.16,moderate_agreement,,0,0,,False,no_evidence,1,True,True,False,False,False,LOW_EVIDENCE
MEASURE_ET_DC_SEC_S_Vp_1_mA_mm_second_FPSD3p2,WEAK,SATURATION,True,WEAK,threshold,52.98,55.79,62.11,high_agreement,52.0,0,0,,False,no_evidence,1,False,True,False,True,False,LOW_EVIDENCE
MEASURE_ET_DC_SEC_S_Vp_1_mA_mm_second_SD3p5,INCONCLUSIVE,FLAT,False,INCONCLUSIVE,complex_nonmonotonic,74.11,82.74,70.6,moderate_agreement,236.0,0,0,,False,no_evidence,1,False,True,False,True,False,LOW_EVIDENCE
MEASURE_ET_DC_SEC_X_Bin,STRONG,THRESHOLD,False,WEAK,complex_nonmonotonic,57.26,63.3,68.42,moderate_agreement,106.0,1,0,0.1242,False,no_evidence,3,True,True,True,True,False,HIGH_EVIDENCE
MEASURE_ET_DC_SEC_X_Bin_FPSD3p2,STRONG,SATURATION,True,INCONCLUSIVE,U_shape,41.82,34.81,2.67,low_agreement,,0,0,,False,no_evidence,1,True,True,False,False,False,LOW_EVIDENCE
MEASURE_ET_DC_SEC_X_Bin_SD3p5,INCONCLUSIVE,FLAT,False,WEAK,threshold,60.56,56.77,64.0,high_agreement,,0,0,,False,no_evidence,0,False,True,False,False,False,UNSUPPORTED
MEASURE_ET_DC_SEC_X_ChipStatus,INCONCLUSIVE,FLAT,False,INCONCLUSIVE,flat,25.26,29.61,12.28,moderate_agreement,,0,0,,False,no_evidence,0,False,False,False,False,False,UNSUPPORTED
MEASURE_ET_DC_SEC_X_Id_at_Vboff_mA_mm,STRONG,THRESHOLD,False,MODERATE,threshold,60.21,55.3,33.61,moderate_agreement,,0,0,,False,no_evidence,2,True,True,False,False,False,MEDIUM_EVIDENCE
MEASURE_ET_DC_SEC_X_Id_at_Vboff_mA_mm_FPSD3p2,STRONG,THRESHOLD,False,MODERATE,monotonic,61.75,45.82,66.88,moderate_agreement,,0,0,,False,no_evidence,2,True,False,False,False,False,MEDIUM_EVIDENCE
MEASURE_ET_DC_SEC_X_Id_at_Vboff_mA_mm_SD3p5,STRONG,COMPLEX_NONLINEAR,True,INCONCLUSIVE,complex_nonmonotonic,95.86,95.3,96.42,high_agreement,147.0,0,0,,False,no_evidence,4,True,True,False,True,False,HIGH_EVIDENCE
MEASURE_ET_DC_SEC_X_Id_mA_mm_at_Vg1,STRONG,COMPLEX_NONLINEAR,True,STRONG,complex_nonmonotonic,20.35,17.05,39.93,moderate_agreement,,0,0,,False,no_evidence,2,True,True,False,False,False,MEDIUM_EVIDENCE
MEASURE_ET_DC_SEC_X_Id_mA_mm_at_Vg1_FPSD3p2,WEAK,THRESHOLD,False,WEAK,threshold,58.74,43.65,53.54,moderate_agreement,,0,0,,False,no_evidence,0,False,True,False,False,False,UNSUPPORTED
MEASURE_ET_DC_SEC_X_Id_mA_mm_at_Vg1_SD3p5,INCONCLUSIVE,FLAT,False,WEAK,threshold,16.14,12.14,16.42,high_agreement,,0,0,,False,no_evidence,0,False,True,False,False,False,UNSUPPORTED
MEASURE_ET_DC_SEC_X_Id_mA_mm_at_Vg2,INCONCLUSIVE,FLAT,False,INCONCLUSIVE,inverted_U,39.37,47.86,52.91,high_agreement,,0,0,,False,no_evidence,0,False,True,False,False,False,UNSUPPORTED
MEASURE_ET_DC_SEC_X_Id_mA_mm_at_Vg2_FPSD3p2,WEAK,SATURATION,False,INCONCLUSIVE,threshold,74.95,72.21,69.89,high_agreement,,0,0,,False,no_evidence,0,False,True,False,False,False,UNSUPPORTED
MEASURE_ET_DC_SEC_X_Id_mA_mm_at_Vg2_SD3p5,MODERATE,THRESHOLD,False,INCONCLUSIVE,U_shape,58.04,61.96,62.39,high_agreement,,0,0,,False,no_evidence,1,True,True,False,False,False,LOW_EVIDENCE
MEASURE_ET_DC_SEC_X_Id_mA_mm_at_Vg3,WEAK,THRESHOLD,False,MODERATE,threshold,29.61,38.32,46.11,moderate_agreement,,0,0,,False,no_evidence,1,True,True,False,False,False,LOW_EVIDENCE
MEASURE_ET_DC_SEC_X_Id_mA_mm_at_Vg3_FPSD3p2,MODERATE,THRESHOLD,True,INCONCLUSIVE,complex_nonmonotonic,88.98,90.88,87.86,high_agreement,,0,0,,False,no_evidence,1,True,True,False,False,False,LOW_EVIDENCE
MEASURE_ET_DC_SEC_X_Id_mA_mm_at_Vg3_SD3p5,STRONG,U_SHAPED,True,MODERATE,complex_nonmonotonic,70.88,73.12,71.16,high_agreement,,0,0,,False,no_evidence,2,True,True,False,False,False,MEDIUM_EVIDENCE
MEASURE_ET_DC_SEC_X_Id_plus_Ig_at_Vboff_mA_mm,STRONG,SATURATION,False,INCONCLUSIVE,complex_nonmonotonic,86.88,87.16,84.42,high_agreement,,0,0,,False,no_evidence,1,True,True,False,False,False,LOW_EVIDENCE
MEASURE_ET_DC_SEC_X_Id_plus_Ig_at_Vboff_mA_mm_FPSD3p2,INCONCLUSIVE,FLAT,False,INCONCLUSIVE,complex_nonmonotonic,94.6,96.63,96.0,high_agreement,158.0,0,0,,False,no_evidence,3,True,True,False,True,False,HIGH_EVIDENCE
MEASURE_ET_DC_SEC_X_Id_plus_Ig_at_Vboff_mA_mm_SD3p5,STRONG,COMPLEX_NONLINEAR,True,WEAK,complex_nonmonotonic,68.07,72.63,71.51,high_agreement,,0,0,,False,no_evidence,1,True,True,False,False,False,LOW_EVIDENCE
MEASURE_ET_DC_SEC_X_Ids_max,WEAK,PROCESS_WINDOW,False,STRONG,threshold,49.4,49.12,60.28,high_agreement,,0,0,,False,no_evidence,1,True,True,False,False,False,LOW_EVIDENCE
MEASURE_ET_DC_SEC_X_Ids_max_FPSD3p2,MODERATE,THRESHOLD,True,STRONG,threshold,73.82,69.61,73.96,high_agreement,,0,0,,False,no_evidence,2,True,True,False,False,False,MEDIUM_EVIDENCE
MEASURE_ET_DC_SEC_X_Ids_max_norm,STRONG,THRESHOLD,False,WEAK,threshold,49.89,44.07,52.0,high_agreement,,0,0,,False,no_evidence,1,True,True,False,False,False,LOW_EVIDENCE
MEASURE_ET_DC_SEC_X_Ids_max_norm_FPSD3p2,MODERATE,PROCESS_WINDOW,True,INCONCLUSIVE,complex_nonmonotonic,90.04,90.25,89.96,high_agreement,133.0,0,0,,False,no_evidence,3,True,True,False,True,False,HIGH_EVIDENCE
MEASURE_ET_DC_SEC_X_Ids_max_norm_SD3p5,STRONG,SATURATION,False,WEAK,complex_nonmonotonic,86.67,90.32,83.93,high_agreement,109.0,0,0,,False,no_evidence,2,True,True,False,True,False,MEDIUM_EVIDENCE
MEASURE_ET_DC_SEC_X_Ids_max_SD3p5,STRONG,PROCESS_WINDOW,False,INCONCLUSIVE,inverted_U,34.53,39.02,8.07,moderate_agreement,,0,0,,False,no_evidence,1,True,True,False,False,False,LOW_EVIDENCE
MEASURE_ET_DC_SEC_X_Ig_cut1_mAmm_neg,STRONG,SATURATION,False,STRONG,complex_nonmonotonic,86.53,85.82,85.96,high_agreement,,0,0,,False,no_evidence,2,True,True,False,False,False,MEDIUM_EVIDENCE
MEASURE_ET_DC_SEC_X_Ig_cut1_mAmm_neg_FPSD3p2,STRONG,SATURATION,False,WEAK,monotonic,50.32,30.04,2.39,low_agreement,,0,0,,False,no_evidence,1,True,False,False,False,False,LOW_EVIDENCE
MEASURE_ET_DC_SEC_X_Ig_cut1_mAmm_neg_SD3p5,STRONG,U_SHAPED,False,INCONCLUSIVE,U_shape,44.0,44.35,48.14,high_agreement,,0,0,,False,no_evidence,1,True,True,False,False,False,LOW_EVIDENCE
MEASURE_ET_DC_SEC_X_Ig_cut1_mAmm_pos,INCONCLUSIVE,FLAT,False,WEAK,complex_nonmonotonic,96.84,94.6,97.12,high_agreement,,2,0,0.0472,True,no_evidence,4,True,True,True,True,False,HIGH_EVIDENCE
MEASURE_ET_DC_SEC_X_Ig_cut1_mAmm_pos_FPSD3p2,STRONG,SATURATION,True,WEAK,complex_nonmonotonic,95.02,86.25,93.61,high_agreement,90.0,2,1,0.1434,True,no_evidence,6,True,True,True,True,False,HIGH_EVIDENCE
MEASURE_ET_DC_SEC_X_Ig_cut1_mAmm_pos_SD3p5,STRONG,THRESHOLD,False,INCONCLUSIVE,complex_nonmonotonic,88.77,88.35,85.68,high_agreement,,0,0,,False,no_evidence,1,True,True,False,False,False,LOW_EVIDENCE
MEASURE_ET_DC_SEC_X_Ig_cut2_mAmm_neg,INCONCLUSIVE,FLAT,False,INCONCLUSIVE,complex_nonmonotonic,93.26,95.02,93.82,high_agreement,,0,0,,False,no_evidence,2,True,True,False,False,False,MEDIUM_EVIDENCE
MEASURE_ET_DC_SEC_X_Ig_cut2_mAmm_neg_FPSD3p2,STRONG,U_SHAPED,True,MODERATE,threshold,15.51,16.56,10.81,high_agreement,,0,0,,False,no_evidence,2,True,True,False,False,False,MEDIUM_EVIDENCE
MEASURE_ET_DC_SEC_X_Ig_cut2_mAmm_neg_SD3p5,STRONG,SATURATION,True,STRONG,threshold,48.7,52.0,11.72,low_agreement,,0,0,,False,no_evidence,2,True,True,False,False,False,MEDIUM_EVIDENCE
MEASURE_ET_DC_SEC_X_Ig_cut2_mAmm_pos,MODERATE,THRESHOLD,False,MODERATE,threshold,62.74,54.81,55.16,high_agreement,,0,0,,False,no_evidence,2,True,True,False,False,False,MEDIUM_EVIDENCE
MEASURE_ET_DC_SEC_X_Ig_cut2_mAmm_pos_FPSD3p2,INCONCLUSIVE,FLAT,False,STRONG,threshold,45.96,36.14,39.58,high_agreement,,0,0,,False,no_evidence,1,True,True,False,False,False,LOW_EVIDENCE
MEASURE_ET_DC_SEC_X_Ig_cut2_mAmm_pos_SD3p5,MODERATE,U_SHAPED,True,INCONCLUSIVE,complex_nonmonotonic,57.4,61.61,61.12,high_agreement,,0,0,,False,no_evidence,1,True,True,False,False,False,LOW_EVIDENCE
MEASURE_ET_DC_SEC_X_Ig_cut3_mAmm_neg,WEAK,U_SHAPED,False,STRONG,threshold,56.84,67.02,66.74,moderate_agreement,,0,0,,False,no_evidence,1,True,True,False,False,False,LOW_EVIDENCE
MEASURE_ET_DC_SEC_X_Ig_cut3_mAmm_neg_FPSD3p2,STRONG,PROCESS_WINDOW,True,STRONG,threshold,76.91,78.81,68.49,moderate_agreement,232.0,0,0,,False,no_evidence,3,True,True,False,True,False,HIGH_EVIDENCE
MEASURE_ET_DC_SEC_X_Ig_cut3_mAmm_neg_SD3p5,WEAK,SATURATION,False,INCONCLUSIVE,complex_nonmonotonic,59.93,67.58,63.09,high_agreement,,0,0,,False,no_evidence,0,False,True,False,False,False,UNSUPPORTED
MEASURE_ET_DC_SEC_X_Ig_cut3_mAmm_pos,INCONCLUSIVE,FLAT,False,MODERATE,threshold,52.84,57.96,50.46,high_agreement,265.0,0,0,,False,no_evidence,2,True,True,False,True,False,MEDIUM_EVIDENCE
MEASURE_ET_DC_SEC_X_Ig_cut3_mAmm_pos_FPSD3p2,STRONG,COMPLEX_NONLINEAR,True,INCONCLUSIVE,complex_nonmonotonic,74.32,69.47,81.19,moderate_agreement,,0,0,,False,no_evidence,1,True,True,False,False,False,LOW_EVIDENCE
MEASURE_ET_DC_SEC_X_Ig_cut3_mAmm_pos_SD3p5,STRONG,SATURATION,False,INCONCLUSIVE,complex_nonmonotonic,61.19,63.02,1.68,low_agreement,244.0,0,0,,False,no_evidence,2,True,True,False,True,False,MEDIUM_EVIDENCE
MEASURE_ET_DC_SEC_X_Ig_mAmm_at_Vg_cond_neg,MODERATE,MONOTONIC_POSITIVE,False,MODERATE,monotonic,95.44,91.16,93.89,high_agreement,,0,1,0.0167,True,no_evidence,6,True,False,True,True,False,HIGH_EVIDENCE
MEASURE_ET_DC_SEC_X_Ig_mAmm_at_Vg_cond_neg_FPSD3p2,INCONCLUSIVE,FLAT,False,STRONG,threshold,31.65,26.88,34.18,high_agreement,,0,0,,False,no_evidence,1,True,True,False,False,False,LOW_EVIDENCE
MEASURE_ET_DC_SEC_X_Ig_mAmm_at_Vg_cond_neg_SD3p5,INCONCLUSIVE,FLAT,True,STRONG,threshold,36.56,34.18,48.7,high_agreement,,0,0,,False,no_evidence,1,True,True,False,False,False,LOW_EVIDENCE
MEASURE_ET_DC_SEC_X_Ig_mAmm_at_Vg_cond_pos,INCONCLUSIVE,FLAT,False,INCONCLUSIVE,complex_nonmonotonic,56.98,66.88,45.68,moderate_agreement,,0,0,,False,no_evidence,0,False,True,False,False,False,UNSUPPORTED
MEASURE_ET_DC_SEC_X_Ig_mAmm_at_Vg_cond_pos_FPSD3p2,INCONCLUSIVE,FLAT,False,WEAK,monotonic,40.07,51.65,9.05,low_agreement,,0,0,,False,no_evidence,0,False,False,False,False,False,UNSUPPORTED
MEASURE_ET_DC_SEC_X_Ig_mAmm_at_Vg_cond_pos_SD3p5,STRONG,THRESHOLD,False,WEAK,complex_nonmonotonic,38.88,33.61,3.86,low_agreement,,0,0,,False,no_evidence,1,True,True,False,False,False,LOW_EVIDENCE
MEASURE_ET_DC_SEC_X_Ron,STRONG,SATURATION,False,MODERATE,threshold,56.63,55.58,68.98,moderate_agreement,,0,0,,False,no_evidence,2,True,True,False,False,False,MEDIUM_EVIDENCE
MEASURE_ET_DC_SEC_X_Ron_FPSD3p2,INCONCLUSIVE,FLAT,True,STRONG,complex_nonmonotonic,46.25,58.25,55.23,high_agreement,,0,0,,False,no_evidence,1,True,True,False,False,False,LOW_EVIDENCE
MEASURE_ET_DC_SEC_X_Ron_SD3p5,STRONG,THRESHOLD,False,INCONCLUSIVE,complex_nonmonotonic,52.7,59.72,8.7,low_agreement,,0,0,,False,no_evidence,1,True,True,False,False,False,LOW_EVIDENCE
MEASURE_ET_DC_SEC_X_Vboff_Id,WEAK,THRESHOLD,False,STRONG,threshold,90.11,79.23,88.21,moderate_agreement,,0,0,0.005,True,no_evidence,3,True,True,False,True,False,HIGH_EVIDENCE
MEASURE_ET_DC_SEC_X_Vboff_Id_FPSD3p2,STRONG,THRESHOLD,True,INCONCLUSIVE,inverted_U,82.18,61.05,71.86,moderate_agreement,,0,0,,False,no_evidence,1,True,True,False,False,False,LOW_EVIDENCE
MEASURE_ET_DC_SEC_X_Vboff_Id_plus_Ig,MODERATE,U_SHAPED,True,INCONCLUSIVE,U_shape,25.05,23.51,39.23,moderate_agreement,,0,0,,False,no_evidence,1,True,True,False,False,False,LOW_EVIDENCE
MEASURE_ET_DC_SEC_X_Vboff_Id_plus_Ig_FPSD3p2,STRONG,PROCESS_WINDOW,True,STRONG,threshold,37.96,32.49,52.98,moderate_agreement,,0,0,,False,no_evidence,2,True,True,False,False,False,MEDIUM_EVIDENCE
MEASURE_ET_DC_SEC_X_Vboff_Id_plus_Ig_SD3p5,STRONG,THRESHOLD,False,MODERATE,monotonic,14.67,17.33,44.77,moderate_agreement,,0,0,,False,no_evidence,2,True,False,False,False,False,MEDIUM_EVIDENCE
MEASURE_ET_DC_SEC_X_Vboff_Id_SD3p5,STRONG,SATURATION,False,WEAK,complex_nonmonotonic,27.65,32.77,40.21,high_agreement,,0,0,,False,no_evidence,1,True,True,False,False,False,LOW_EVIDENCE
MEASURE_ET_DC_SEC_X_Vg_at_I1_neg,MODERATE,THRESHOLD,False,INCONCLUSIVE,threshold,31.02,25.05,43.44,moderate_agreement,,0,0,,False,no_evidence,1,True,True,False,False,False,LOW_EVIDENCE
MEASURE_ET_DC_SEC_X_Vg_at_I1_neg_FPSD3p2,INCONCLUSIVE,FLAT,False,MODERATE,threshold,19.65,13.33,31.93,moderate_agreement,,0,0,,False,no_evidence,1,True,True,False,False,False,LOW_EVIDENCE
MEASURE_ET_DC_SEC_X_Vg_at_I1_neg_SD3p5,STRONG,U_SHAPED,True,WEAK,U_shape,64.77,67.93,63.44,high_agreement,,0,0,,False,no_evidence,1,True,True,False,False,False,LOW_EVIDENCE
MEASURE_ET_DC_SEC_X_Vg_at_I1_pos,INCONCLUSIVE,FLAT,False,MODERATE,monotonic,51.51,60.7,59.3,high_agreement,,0,0,,False,no_evidence,1,True,False,False,False,False,LOW_EVIDENCE
MEASURE_ET_DC_SEC_X_Vg_at_I1_pos_FPSD3p2,STRONG,INVERTED_U,True,INCONCLUSIVE,threshold,71.37,77.89,81.82,moderate_agreement,273.0,0,0,,False,no_evidence,2,True,True,False,True,False,MEDIUM_EVIDENCE
MEASURE_ET_DC_SEC_X_Vg_at_I1_pos_SD3p5,STRONG,SATURATION,True,STRONG,threshold,96.63,96.7,96.84,high_agreement,,0,0,,False,no_evidence,4,True,True,False,False,False,HIGH_EVIDENCE
MEASURE_ET_DC_SEC_X_Vg_at_I2_neg,WEAK,THRESHOLD,False,INCONCLUSIVE,complex_nonmonotonic,68.49,64.0,62.18,high_agreement,201.0,0,0,,False,no_evidence,1,False,True,False,True,False,LOW_EVIDENCE
MEASURE_ET_DC_SEC_X_Vg_at_I2_neg_FPSD3p2,STRONG,THRESHOLD,False,MODERATE,threshold,73.26,58.95,69.75,moderate_agreement,,0,0,,False,no_evidence,2,True,True,False,False,False,MEDIUM_EVIDENCE
MEASURE_ET_DC_SEC_X_Vg_at_I2_neg_SD3p5,STRONG,SATURATION,True,MODERATE,threshold,60.7,63.86,65.61,high_agreement,,0,0,,False,no_evidence,2,True,True,False,False,False,MEDIUM_EVIDENCE
MEASURE_ET_DC_SEC_X_Vg_at_I2_pos,STRONG,SATURATION,True,INCONCLUSIVE,U_shape,22.6,42.04,41.75,moderate_agreement,142.0,0,0,,False,no_evidence,2,True,True,False,True,False,MEDIUM_EVIDENCE
MEASURE_ET_DC_SEC_X_Vg_at_I2_pos_FPSD3p2,STRONG,COMPLEX_NONLINEAR,True,STRONG,complex_nonmonotonic,33.89,27.93,48.42,moderate_agreement,,0,0,,False,no_evidence,2,True,True,False,False,False,MEDIUM_EVIDENCE
MEASURE_ET_DC_SEC_X_Vg_at_I2_pos_SD3p5,STRONG,SATURATION,False,INCONCLUSIVE,complex_nonmonotonic,44.21,40.42,40.14,high_agreement,,0,0,,False,no_evidence,1,True,True,False,False,False,LOW_EVIDENCE
MEASURE_ET_DC_SEC_X_Vg_at_I3_neg,WEAK,THRESHOLD,True,MODERATE,complex_nonmonotonic,44.98,48.91,8.77,low_agreement,,0,0,,False,no_evidence,1,True,True,False,False,False,LOW_EVIDENCE
MEASURE_ET_DC_SEC_X_Vg_at_I3_neg_FPSD3p2,INCONCLUSIVE,FLAT,False,MODERATE,threshold,53.33,52.98,37.12,moderate_agreement,,0,0,,False,no_evidence,1,True,True,False,False,False,LOW_EVIDENCE
MEASURE_ET_DC_SEC_X_Vg_at_I3_neg_SD3p5,STRONG,COMPLEX_NONLINEAR,True,WEAK,complex_nonmonotonic,66.88,50.6,56.7,moderate_agreement,,0,0,,False,no_evidence,1,True,True,False,False,False,LOW_EVIDENCE
MEASURE_ET_DC_SEC_X_Vg_at_I3_pos,STRONG,U_SHAPED,True,INCONCLUSIVE,complex_nonmonotonic,92.07,82.53,90.11,high_agreement,,0,1,0.0294,True,no_evidence,5,True,True,True,True,False,HIGH_EVIDENCE
MEASURE_ET_DC_SEC_X_Vg_at_I3_pos_FPSD3p2,STRONG,U_SHAPED,True,INCONCLUSIVE,U_shape,10.32,10.32,31.16,moderate_agreement,,0,0,,False,no_evidence,1,True,True,False,False,False,LOW_EVIDENCE
MEASURE_ET_DC_SEC_X_Vg_at_I3_pos_SD3p5,WEAK,THRESHOLD,False,MODERATE,threshold,40.28,36.0,4.35,low_agreement,,0,0,,False,no_evidence,1,True,True,False,False,False,LOW_EVIDENCE
MEASURE_ET_DC_SEC_X_Vp_0p7_mA_mm,STRONG,THRESHOLD,False,WEAK,complex_nonmonotonic,23.65,24.0,18.25,high_agreement,,0,0,,False,no_evidence,1,True,True,False,False,False,LOW_EVIDENCE
MEASURE_ET_DC_SEC_X_Vp_1_mA_mm,STRONG,SATURATION,False,WEAK,complex_nonmonotonic,10.32,10.32,31.16,moderate_agreement,28.0,1,0,0.1536,False,no_evidence,3,True,True,True,True,False,HIGH_EVIDENCE
MEASURE_ET_DC_SEC_X_Vp_1_mA_mm_first,STRONG,U_SHAPED,True,STRONG,complex_nonmonotonic,10.32,10.32,31.16,moderate_agreement,,0,0,,False,no_evidence,2,True,True,False,False,False,MEDIUM_EVIDENCE
MEASURE_ET_DC_SEC_X_Vp_1_mA_mm_first_FPSD3p2,MODERATE,THRESHOLD,False,INCONCLUSIVE,complex_nonmonotonic,15.09,11.02,18.32,high_agreement,194.0,0,0,,False,no_evidence,2,True,True,False,True,False,MEDIUM_EVIDENCE
MEASURE_ET_DC_SEC_X_Vp_1_mA_mm_first_SD3p5,STRONG,THRESHOLD,False,INCONCLUSIVE,complex_nonmonotonic,15.93,16.14,16.98,high_agreement,171.0,0,0,,False,no_evidence,2,True,True,False,True,False,MEDIUM_EVIDENCE
MEASURE_ET_DC_SEC_X_Vp_1_mA_mm_second,MODERATE,THRESHOLD,False,INCONCLUSIVE,complex_nonmonotonic,10.32,10.32,31.16,moderate_agreement,,0,0,,False,no_evidence,1,True,True,False,False,False,LOW_EVIDENCE
MEASURE_ET_DC_SEC_X_Vp_1_mA_mm_second_FPSD3p2,INCONCLUSIVE,FLAT,False,WEAK,complex_nonmonotonic,10.32,10.32,31.16,moderate_agreement,255.0,0,0,,False,no_evidence,1,False,True,False,True,False,LOW_EVIDENCE
MEASURE_ET_DC_SEC_X_Vp_1_mA_mm_second_SD3p5,MODERATE,THRESHOLD,False,INCONCLUSIVE,U_shape,28.21,47.79,44.56,moderate_agreement,,0,0,,False,no_evidence,1,True,True,False,False,False,LOW_EVIDENCE
MEASURE_ET_DC_SMALL_Gm_0,STRONG,THRESHOLD,True,MODERATE,complex_nonmonotonic,10.32,10.32,31.16,moderate_agreement,,0,0,,False,no_evidence,2,True,True,False,False,False,MEDIUM_EVIDENCE
MEASURE_ET_DC_SMALL_Gm_m0p2,STRONG,SATURATION,True,WEAK,complex_nonmonotonic,76.35,83.79,84.91,high_agreement,,0,0,,False,no_evidence,1,True,True,False,False,False,LOW_EVIDENCE
MEASURE_ET_DC_SMALL_Gm_max,STRONG,COMPLEX_NONLINEAR,True,MODERATE,complex_nonmonotonic,58.18,62.74,64.28,high_agreement,,0,0,,False,no_evidence,2,True,True,False,False,False,MEDIUM_EVIDENCE
MEASURE_ET_DC_SMALL_Id_gm_max,STRONG,COMPLEX_NONLINEAR,True,WEAK,complex_nonmonotonic,23.86,22.46,34.32,high_agreement,,0,0,,False,no_evidence,1,True,True,False,False,False,LOW_EVIDENCE
MEASURE_ET_DC_SMALL_Ids_m0p2,STRONG,COMPLEX_NONLINEAR,True,INCONCLUSIVE,complex_nonmonotonic,99.09,98.74,99.09,high_agreement,96.0,4,1,0.1213,True,no_evidence,6,True,True,True,True,False,HIGH_EVIDENCE
MEASURE_ET_DC_SMALL_Idss,STRONG,COMPLEX_NONLINEAR,True,STRONG,complex_nonmonotonic,26.74,28.63,10.46,moderate_agreement,,0,0,,False,no_evidence,2,True,True,False,False,False,MEDIUM_EVIDENCE
MEASURE_ET_DC_SMALL_Imax,STRONG,COMPLEX_NONLINEAR,True,MODERATE,complex_nonmonotonic,10.32,10.32,31.16,moderate_agreement,249.0,0,0,,False,no_evidence,3,True,True,False,True,False,HIGH_EVIDENCE
MEASURE_ET_DC_SMALL_n_gd,INCONCLUSIVE,FLAT,False,STRONG,threshold,40.77,48.14,46.95,high_agreement,,0,0,,False,no_evidence,1,True,True,False,False,False,LOW_EVIDENCE
MEASURE_ET_DC_SMALL_n_gs,STRONG,THRESHOLD,False,MODERATE,threshold,54.04,59.79,66.18,moderate_agreement,,0,0,,False,no_evidence,2,True,True,False,False,False,MEDIUM_EVIDENCE
MEASURE_ET_DC_SMALL_Vbgd_0p01,STRONG,U_SHAPED,True,INCONCLUSIVE,complex_nonmonotonic,40.49,47.51,44.98,high_agreement,,0,0,,False,no_evidence,1,True,True,False,False,False,LOW_EVIDENCE
MEASURE_ET_DC_SMALL_Vbgd_0p1,STRONG,INVERTED_U,True,WEAK,complex_nonmonotonic,40.0,28.77,53.19,moderate_agreement,,0,0,,False,no_evidence,1,True,True,False,False,False,LOW_EVIDENCE
MEASURE_ET_DC_SMALL_Vbgd1,STRONG,U_SHAPED,True,WEAK,complex_nonmonotonic,77.4,89.4,71.93,moderate_agreement,,0,0,,False,no_evidence,1,True,True,False,False,False,LOW_EVIDENCE
MEASURE_ET_DC_SMALL_Vbgs_0p01,STRONG,SATURATION,True,INCONCLUSIVE,complex_nonmonotonic,92.35,90.74,90.25,high_agreement,,0,0,,False,no_evidence,3,True,True,False,False,False,HIGH_EVIDENCE
MEASURE_ET_DC_SMALL_Vbgs_0p1,MODERATE,SATURATION,False,INCONCLUSIVE,complex_nonmonotonic,80.7,79.79,86.11,high_agreement,155.0,0,0,,False,no_evidence,2,True,True,False,True,False,MEDIUM_EVIDENCE
MEASURE_ET_DC_SMALL_Vbgs1,MODERATE,SATURATION,False,MODERATE,threshold,46.39,44.21,64.35,moderate_agreement,,0,0,,False,no_evidence,2,True,True,False,False,False,MEDIUM_EVIDENCE
MEASURE_ET_DC_SMALL_Vbin_gd,MODERATE,THRESHOLD,True,INCONCLUSIVE,complex_nonmonotonic,55.72,60.91,67.16,moderate_agreement,96.0,0,0,,False,no_evidence,2,True,True,False,True,False,MEDIUM_EVIDENCE
MEASURE_ET_DC_SMALL_Vbin_gs,WEAK,SATURATION,False,WEAK,complex_nonmonotonic,78.25,77.05,71.79,high_agreement,295.0,0,0,,False,no_evidence,1,False,True,False,True,False,LOW_EVIDENCE
MEASURE_ET_DC_SMALL_Vboff,MODERATE,U_SHAPED,True,WEAK,complex_nonmonotonic,62.95,62.11,61.47,high_agreement,,0,0,,False,no_evidence,1,True,True,False,False,False,LOW_EVIDENCE
MEASURE_ET_DC_SMALL_Vdg_max,MODERATE,SATURATION,False,STRONG,threshold,39.65,40.28,58.95,moderate_agreement,,0,0,,False,no_evidence,2,True,True,False,False,False,MEDIUM_EVIDENCE
MEASURE_ET_DC_SMALL_Vdg_max_0p1,WEAK,THRESHOLD,False,STRONG,complex_nonmonotonic,89.54,91.65,90.6,high_agreement,298.0,0,0,,False,no_evidence,3,True,True,False,True,False,HIGH_EVIDENCE
MEASURE_ET_DC_SMALL_Vds_max,MODERATE,SATURATION,False,WEAK,threshold,82.67,86.53,77.75,high_agreement,,0,0,,False,no_evidence,1,True,True,False,False,False,LOW_EVIDENCE
MEASURE_ET_DC_SMALL_Vds_max_0p1,STRONG,SATURATION,False,INCONCLUSIVE,U_shape,24.56,14.74,14.04,high_agreement,,0,0,,False,no_evidence,1,True,True,False,False,False,LOW_EVIDENCE
MEASURE_ET_DC_SMALL_Vg_gm_max,WEAK,COMPLEX_NONLINEAR,True,STRONG,complex_nonmonotonic,64.14,75.37,70.81,moderate_agreement,200.0,1,0,0.09,False,no_evidence,3,True,True,True,True,False,HIGH_EVIDENCE
MEASURE_ET_DC_SMALL_Vg_max_Vd,STRONG,COMPLEX_NONLINEAR,True,STRONG,complex_nonmonotonic,53.89,56.98,60.63,high_agreement,186.0,0,0,,False,no_evidence,3,True,True,False,True,False,HIGH_EVIDENCE
MEASURE_ET_DC_SMALL_Vg_max_Vd_0p1,INCONCLUSIVE,FLAT,False,MODERATE,threshold,54.46,47.58,9.47,low_agreement,,0,0,,False,no_evidence,1,True,True,False,False,False,LOW_EVIDENCE
MEASURE_ET_DC_SMALL_Vg_optt,INCONCLUSIVE,FLAT,False,MODERATE,threshold,39.58,50.53,58.04,moderate_agreement,,0,0,,False,no_evidence,1,True,True,False,False,False,LOW_EVIDENCE
MEASURE_ET_DC_SMALL_Vp_01,WEAK,SATURATION,False,STRONG,complex_nonmonotonic,82.04,82.81,74.18,high_agreement,77.0,0,0,,False,no_evidence,2,True,True,False,True,False,MEDIUM_EVIDENCE
MEASURE_ET_DC_SMALL_Vp_1,STRONG,THRESHOLD,True,INCONCLUSIVE,complex_nonmonotonic,75.44,74.32,72.21,high_agreement,84.0,0,0,,False,no_evidence,2,True,True,False,True,False,MEDIUM_EVIDENCE
MEASURE_ET_DC_SMALL_Vt_gd,STRONG,THRESHOLD,False,INCONCLUSIVE,complex_nonmonotonic,47.51,38.18,57.4,moderate_agreement,,0,0,,False,no_evidence,1,True,True,False,False,False,LOW_EVIDENCE
MEASURE_ET_DC_SMALL_Vt_gs,MODERATE,SATURATION,False,WEAK,complex_nonmonotonic,58.25,58.53,57.61,high_agreement,,0,0,,False,no_evidence,1,True,True,False,False,False,LOW_EVIDENCE
MEASURE_ET_DC_Stress_Gm_max_after,STRONG,COMPLEX_NONLINEAR,True,MODERATE,complex_nonmonotonic,43.65,43.51,35.51,high_agreement,,0,0,,False,no_evidence,2,True,True,False,False,False,MEDIUM_EVIDENCE
MEASURE_ET_DC_Stress_Gm_max_before,STRONG,COMPLEX_NONLINEAR,True,MODERATE,complex_nonmonotonic,76.77,83.37,80.21,high_agreement,,0,0,,False,no_evidence,2,True,True,False,False,False,MEDIUM_EVIDENCE
MEASURE_ET_DC_Stress_Id_gm_max_after,STRONG,COMPLEX_NONLINEAR,True,STRONG,complex_nonmonotonic,38.74,41.4,2.88,low_agreement,,0,0,,False,no_evidence,2,True,True,False,False,False,MEDIUM_EVIDENCE
MEASURE_ET_DC_Stress_Id_gm_max_before,STRONG,COMPLEX_NONLINEAR,True,INCONCLUSIVE,complex_nonmonotonic,72.14,84.49,76.98,moderate_agreement,,0,0,,False,no_evidence,1,True,True,False,False,False,LOW_EVIDENCE
MEASURE_ET_DC_Stress_Id_max_Ig_after,STRONG,COMPLEX_NONLINEAR,True,MODERATE,complex_nonmonotonic,95.51,96.98,96.7,high_agreement,,0,0,,False,no_evidence,4,True,True,False,False,False,HIGH_EVIDENCE
MEASURE_ET_DC_Stress_Id_max_Ig_before,WEAK,SATURATION,True,STRONG,threshold,55.37,64.84,16.56,low_agreement,,0,0,,False,no_evidence,1,True,True,False,False,False,LOW_EVIDENCE
MEASURE_ET_DC_Stress_Id_stress_after,STRONG,SATURATION,True,MODERATE,threshold,49.75,42.95,50.04,high_agreement,216.0,0,0,,False,no_evidence,3,True,True,False,True,False,HIGH_EVIDENCE
MEASURE_ET_DC_Stress_Id_stress_before,STRONG,SATURATION,True,STRONG,complex_nonmonotonic,99.93,99.79,99.93,high_agreement,204.0,7,0,0.1218,True,no_evidence,7,True,True,True,True,False,HIGH_EVIDENCE
MEASURE_ET_DC_Stress_Idss_after,MODERATE,COMPLEX_NONLINEAR,True,MODERATE,complex_nonmonotonic,38.67,42.25,17.12,moderate_agreement,,0,0,,False,no_evidence,2,True,True,False,False,False,MEDIUM_EVIDENCE
MEASURE_ET_DC_Stress_Idss_before,STRONG,COMPLEX_NONLINEAR,True,INCONCLUSIVE,U_shape,10.32,10.32,31.16,moderate_agreement,201.0,0,0,,False,no_evidence,2,True,True,False,True,False,MEDIUM_EVIDENCE
MEASURE_ET_DC_Stress_Ig_max_after,STRONG,COMPLEX_NONLINEAR,True,INCONCLUSIVE,U_shape,65.89,64.14,66.6,high_agreement,,0,0,,False,no_evidence,1,True,True,False,False,False,LOW_EVIDENCE
MEASURE_ET_DC_Stress_Ig_max_before,INCONCLUSIVE,FLAT,False,WEAK,threshold,18.39,17.96,15.37,high_agreement,,0,0,,False,no_evidence,0,False,True,False,False,False,UNSUPPORTED
MEASURE_ET_DC_Stress_Stress_time,WEAK,THRESHOLD,False,MODERATE,monotonic,54.53,42.67,59.72,moderate_agreement,,0,0,,False,no_evidence,1,True,False,False,False,False,LOW_EVIDENCE
MEASURE_ET_DC_Stress_Vd_stress,STRONG,SATURATION,False,STRONG,complex_nonmonotonic,74.18,76.14,77.05,high_agreement,,0,0,,False,no_evidence,2,True,True,False,False,False,MEDIUM_EVIDENCE
MEASURE_ET_DC_Stress_Vg_gm_max_after,STRONG,COMPLEX_NONLINEAR,True,MODERATE,complex_nonmonotonic,10.32,10.32,31.16,moderate_agreement,,0,0,,False,no_evidence,2,True,True,False,False,False,MEDIUM_EVIDENCE
MEASURE_ET_DC_Stress_Vg_gm_max_before,STRONG,COMPLEX_NONLINEAR,True,STRONG,complex_nonmonotonic,10.39,10.53,36.42,moderate_agreement,,0,0,,False,no_evidence,2,True,True,False,False,False,MEDIUM_EVIDENCE
MEASURE_ET_DC_Stress_Vg_max_Ig_after,MODERATE,THRESHOLD,False,MODERATE,monotonic,43.72,49.19,3.3,low_agreement,,0,0,,False,no_evidence,2,True,False,False,False,False,MEDIUM_EVIDENCE
MEASURE_ET_DC_Stress_Vg_max_Ig_before,INCONCLUSIVE,FLAT,False,INCONCLUSIVE,complex_nonmonotonic,45.33,51.02,40.91,high_agreement,,0,0,,False,no_evidence,0,False,True,False,False,False,UNSUPPORTED
MEASURE_ET_DC_Stress_Vp_after,STRONG,SATURATION,False,MODERATE,complex_nonmonotonic,89.19,91.58,92.14,high_agreement,269.0,1,0,0.1885,False,no_evidence,5,True,True,True,True,False,HIGH_EVIDENCE
MEASURE_ET_DC_Stress_Vp_before,STRONG,COMPLEX_NONLINEAR,True,INCONCLUSIVE,complex_nonmonotonic,23.16,22.18,34.74,high_agreement,284.0,0,0,,False,no_evidence,2,True,True,False,True,False,MEDIUM_EVIDENCE
MEASURE_ET_DC_Stress_Vp_delta,MODERATE,COMPLEX_NONLINEAR,True,INCONCLUSIVE,complex_nonmonotonic,19.16,15.44,16.14,high_agreement,,0,0,,False,no_evidence,1,True,True,False,False,False,LOW_EVIDENCE
MEASURE_ET_Load_Pull_Freq,STRONG,THRESHOLD,False,MODERATE,threshold,36.35,46.95,4.14,low_agreement,,0,0,,False,no_evidence,2,True,True,False,False,False,MEDIUM_EVIDENCE
MEASURE_ET_Load_Pull_Gain_comp_Last,STRONG,SATURATION,False,INCONCLUSIVE,complex_nonmonotonic,58.53,57.05,57.05,high_agreement,,0,0,,False,no_evidence,1,True,True,False,False,False,LOW_EVIDENCE
MEASURE_ET_Load_Pull_GL_meas,WEAK,THRESHOLD,False,INCONCLUSIVE,complex_nonmonotonic,48.42,48.56,54.53,high_agreement,,0,0,,False,no_evidence,0,False,True,False,False,False,UNSUPPORTED
MEASURE_ET_Load_Pull_GL_set,MODERATE,COMPLEX_NONLINEAR,True,INCONCLUSIVE,complex_nonmonotonic,93.68,92.84,94.6,high_agreement,94.0,1,0,0.0985,False,no_evidence,5,True,True,True,True,False,HIGH_EVIDENCE
MEASURE_ET_Load_Pull_Gss,STRONG,COMPLEX_NONLINEAR,True,WEAK,complex_nonmonotonic,92.14,83.23,88.63,high_agreement,199.0,0,0,,False,no_evidence,3,True,True,False,True,False,HIGH_EVIDENCE
MEASURE_ET_Load_Pull_ID_comp_Last_mA,STRONG,U_SHAPED,False,STRONG,complex_nonmonotonic,76.28,84.84,81.61,high_agreement,,0,0,,False,no_evidence,2,True,True,False,False,False,MEDIUM_EVIDENCE
MEASURE_ET_Load_Pull_Id_ini,INCONCLUSIVE,FLAT,False,MODERATE,threshold,63.93,70.25,0.21,low_agreement,,0,0,,False,no_evidence,1,True,True,False,False,False,LOW_EVIDENCE
MEASURE_ET_Load_Pull_Id_ord,STRONG,SATURATION,False,INCONCLUSIVE,complex_nonmonotonic,36.98,41.05,49.26,high_agreement,,0,0,-0.0115,False,no_evidence,1,True,True,False,False,False,LOW_EVIDENCE
MEASURE_ET_Load_Pull_Id_SS,INCONCLUSIVE,FLAT,False,INCONCLUSIVE,monotonic,47.44,29.26,44.42,moderate_agreement,,0,0,,False,no_evidence,0,False,False,False,False,False,UNSUPPORTED
MEASURE_ET_Load_Pull_IG_comp_Last_uA,STRONG,THRESHOLD,False,WEAK,threshold,32.35,27.79,41.47,high_agreement,,0,0,,False,no_evidence,1,True,True,False,False,False,LOW_EVIDENCE
MEASURE_ET_Load_Pull_P.A.E_Last,INCONCLUSIVE,FLAT,False,INCONCLUSIVE,complex_nonmonotonic,37.19,43.37,7.16,low_agreement,,0,0,,False,no_evidence,0,False,True,False,False,False,UNSUPPORTED
MEASURE_ET_Load_Pull_PhL_meas,STRONG,THRESHOLD,False,STRONG,threshold,20.91,30.32,16.7,high_agreement,,0,0,,False,no_evidence,2,True,True,False,False,False,MEDIUM_EVIDENCE
MEASURE_ET_Load_Pull_PhL_set,INCONCLUSIVE,FLAT,False,INCONCLUSIVE,complex_nonmonotonic,82.39,82.18,88.14,high_agreement,,0,0,,False,no_evidence,0,False,True,False,False,False,UNSUPPORTED
MEASURE_ET_Load_Pull_Pin_Cut,INCONCLUSIVE,FLAT,False,INCONCLUSIVE,monotonic,55.23,49.4,50.81,high_agreement,,0,0,,False,no_evidence,0,False,False,False,False,False,UNSUPPORTED
MEASURE_ET_Load_Pull_Pin_Last,WEAK,THRESHOLD,False,INCONCLUSIVE,complex_nonmonotonic,77.05,82.11,81.05,high_agreement,,0,0,,False,no_evidence,0,False,True,False,False,False,UNSUPPORTED
MEASURE_ET_Load_Pull_Pout_Last,INCONCLUSIVE,FLAT,False,MODERATE,threshold,36.21,42.18,1.4,low_agreement,,0,0,,False,no_evidence,1,True,True,False,False,False,LOW_EVIDENCE
MEASURE_ET_Load_Pull_Pout_W_last,MODERATE,THRESHOLD,False,MODERATE,threshold,46.81,29.96,1.54,low_agreement,246.0,0,0,,False,no_evidence,3,True,True,False,True,False,HIGH_EVIDENCE
MEASURE_ET_Load_Pull_Pout_W_mm_last,STRONG,THRESHOLD,False,INCONCLUSIVE,U_shape,94.46,90.18,91.86,high_agreement,,0,0,,False,no_evidence,3,True,True,False,False,False,HIGH_EVIDENCE
MEASURE_ET_Load_Pull_Vg,MODERATE,SATURATION,True,INCONCLUSIVE,complex_nonmonotonic,31.58,35.02,51.65,moderate_agreement,130.0,0,0,,False,no_evidence,2,True,True,False,True,False,MEDIUM_EVIDENCE
MEASURE_ET_LT_SEC_ChipStatus,STRONG,COMPLEX_NONLINEAR,True,STRONG,threshold,42.39,41.75,54.18,high_agreement,,0,0,,False,no_evidence,2,True,True,False,False,False,MEDIUM_EVIDENCE
MEASURE_ET_LT_SEC_Id_min_mA_mm,STRONG,THRESHOLD,True,MODERATE,complex_nonmonotonic,91.23,86.6,90.46,high_agreement,,0,0,,False,no_evidence,4,True,True,False,False,False,HIGH_EVIDENCE
MEASURE_ET_LT_SEC_Id_min_mA_mm_Vd3,INCONCLUSIVE,FLAT,False,INCONCLUSIVE,complex_nonmonotonic,26.53,33.68,43.93,moderate_agreement,,0,0,,False,no_evidence,0,False,True,False,False,False,UNSUPPORTED
MEASURE_ET_LT_SEC_Id_min_mA_mm_Vd7,STRONG,THRESHOLD,False,INCONCLUSIVE,complex_nonmonotonic,30.39,30.74,42.04,high_agreement,,0,0,,False,no_evidence,1,True,True,False,False,False,LOW_EVIDENCE
MEASURE_ET_LT_SEC_Id_min_mA_mm_Vd8,STRONG,COMPLEX_NONLINEAR,True,INCONCLUSIVE,complex_nonmonotonic,38.25,47.72,50.6,high_agreement,,0,0,,False,no_evidence,1,True,True,False,False,False,LOW_EVIDENCE
MEASURE_ET_LT_SEC_Ig_Id_min_mA_mm,INCONCLUSIVE,FLAT,True,INCONCLUSIVE,U_shape,20.84,23.02,6.25,moderate_agreement,,0,0,,False,no_evidence,0,False,True,False,False,False,UNSUPPORTED
MEASURE_ET_LT_SEC_Ig_Id_min_mA_mm_Vd3,STRONG,SATURATION,False,INCONCLUSIVE,complex_nonmonotonic,44.42,48.21,53.26,high_agreement,,0,0,,False,no_evidence,1,True,True,False,False,False,LOW_EVIDENCE
MEASURE_ET_LT_SEC_Ig_Id_min_mA_mm_Vd7,STRONG,THRESHOLD,False,MODERATE,monotonic,72.28,60.07,75.79,moderate_agreement,,0,0,,False,no_evidence,2,True,False,False,False,False,MEDIUM_EVIDENCE
MEASURE_ET_LT_SEC_Ig_Id_min_mA_mm_Vd8,INCONCLUSIVE,FLAT,False,INCONCLUSIVE,U_shape,52.91,42.39,55.86,high_agreement,,0,0,,False,no_evidence,0,False,True,False,False,False,UNSUPPORTED
MEASURE_ET_LT_SEC_Ileak_m10p5V_mA_mm,STRONG,THRESHOLD,True,WEAK,complex_nonmonotonic,98.39,98.39,98.67,high_agreement,88.0,0,0,,False,no_evidence,4,True,True,False,True,False,HIGH_EVIDENCE
MEASURE_ET_LT_SEC_Ileak_m10V_mA_mm,STRONG,THRESHOLD,False,INCONCLUSIVE,complex_nonmonotonic,10.32,10.32,31.16,moderate_agreement,,0,0,,False,no_evidence,1,True,True,False,False,False,LOW_EVIDENCE
MEASURE_ET_LT_SEC_Ileak_m12p5V_mA_mm,STRONG,THRESHOLD,True,MODERATE,complex_nonmonotonic,79.72,81.4,76.7,high_agreement,102.0,0,0,,False,no_evidence,3,True,True,False,True,False,HIGH_EVIDENCE
MEASURE_ET_LT_SEC_Ileak_m16p5V_mA_mm,STRONG,SATURATION,True,MODERATE,monotonic,45.68,52.77,51.72,high_agreement,37.0,1,0,0.175,False,no_evidence,4,True,True,True,True,False,HIGH_EVIDENCE
MEASURE_ET_LT_SEC_Ileak_m5p5V_mA_mm,STRONG,MONOTONIC_NEGATIVE,True,INCONCLUSIVE,complex_nonmonotonic,99.58,99.86,99.65,high_agreement,39.0,1,0,0.2175,False,no_evidence,5,True,True,True,True,False,HIGH_EVIDENCE
MEASURE_ET_LT_SEC_Ileak_m5V_mA_mm,STRONG,COMPLEX_NONLINEAR,True,INCONCLUSIVE,complex_nonmonotonic,10.32,10.32,31.16,moderate_agreement,,0,0,,False,no_evidence,1,True,True,False,False,False,LOW_EVIDENCE
MEASURE_ET_LT_SEC_Ileak_m7V_mA_mm,INCONCLUSIVE,FLAT,False,STRONG,complex_nonmonotonic,17.12,22.25,15.65,high_agreement,3.0,1,0,0.2358,False,no_evidence,3,True,True,True,True,False,HIGH_EVIDENCE
MEASURE_ET_LT_SEC_Ileak_m9p5V_mA_mm,WEAK,THRESHOLD,False,INCONCLUSIVE,inverted_U,54.74,61.82,62.04,high_agreement,137.0,0,0,,False,no_evidence,1,False,True,False,True,False,LOW_EVIDENCE
MEASURE_ET_LT_SEC_Ileak_m9V_mA_mm,STRONG,PROCESS_WINDOW,False,MODERATE,inverted_U,57.05,62.25,48.84,high_agreement,,0,0,,False,no_evidence,2,True,True,False,False,False,MEDIUM_EVIDENCE
MEASURE_ET_LT_SEC_Vbgd1,WEAK,U_SHAPED,True,INCONCLUSIVE,complex_nonmonotonic,10.32,10.32,31.16,moderate_agreement,,0,0,,False,no_evidence,0,False,True,False,False,False,UNSUPPORTED
MEASURE_ET_LT_SEC_Vbgd1_Vd3,STRONG,COMPLEX_NONLINEAR,True,MODERATE,threshold,58.6,60.98,65.26,high_agreement,227.0,0,0,,False,no_evidence,3,True,True,False,True,False,HIGH_EVIDENCE
MEASURE_ET_LT_SEC_Vbgd1_Vd7,WEAK,U_SHAPED,True,WEAK,complex_nonmonotonic,94.81,96.14,95.65,high_agreement,,0,0,,False,no_evidence,2,True,True,False,False,False,MEDIUM_EVIDENCE
MEASURE_ET_LT_SEC_Vbgd1_Vd8,INCONCLUSIVE,FLAT,False,INCONCLUSIVE,U_shape,88.07,92.21,88.7,high_agreement,,0,0,,False,no_evidence,0,False,True,False,False,False,UNSUPPORTED
MEASURE_ET_LT_SEC_Vd_Id_min,STRONG,THRESHOLD,True,WEAK,threshold,87.16,74.11,87.65,moderate_agreement,,0,0,,False,no_evidence,1,True,True,False,False,False,LOW_EVIDENCE
MEASURE_ET_LT_SEC_Vd_Id_min_Vd3,INCONCLUSIVE,FLAT,False,INCONCLUSIVE,U_shape,79.09,65.33,79.79,moderate_agreement,,0,0,,False,no_evidence,0,False,True,False,False,False,UNSUPPORTED
MEASURE_ET_LT_SEC_Vd_Id_min_Vd7,STRONG,COMPLEX_NONLINEAR,True,INCONCLUSIVE,U_shape,83.37,73.05,85.75,moderate_agreement,,0,0,,False,no_evidence,1,True,True,False,False,False,LOW_EVIDENCE
MEASURE_ET_LT_SEC_Vd_Id_min_Vd8,WEAK,THRESHOLD,True,INCONCLUSIVE,complex_nonmonotonic,64.84,70.88,65.12,high_agreement,,0,0,,False,no_evidence,0,False,True,False,False,False,UNSUPPORTED
MEASURE_ET_LT_SEC_Vg_Id_min,STRONG,THRESHOLD,True,STRONG,complex_nonmonotonic,75.16,83.93,85.61,moderate_agreement,128.0,0,0,,False,no_evidence,3,True,True,False,True,False,HIGH_EVIDENCE
MEASURE_ET_LT_SEC_Vg_Id_min_Vd3,STRONG,SATURATION,False,MODERATE,monotonic,17.89,26.25,17.54,high_agreement,,0,0,,False,no_evidence,2,True,False,False,False,False,MEDIUM_EVIDENCE
MEASURE_ET_LT_SEC_Vg_Id_min_Vd7,INCONCLUSIVE,FLAT,False,INCONCLUSIVE,flat,48.77,32.21,53.61,moderate_agreement,,0,0,,False,no_evidence,0,False,False,False,False,False,UNSUPPORTED
MEASURE_ET_LT_SEC_Vg_Id_min_Vd8,MODERATE,THRESHOLD,False,MODERATE,threshold,51.16,55.93,5.26,low_agreement,,0,0,,False,no_evidence,2,True,True,False,False,False,MEDIUM_EVIDENCE
MEASURE_ET_RF_Modeling_Cds,WEAK,INVERTED_U,False,STRONG,threshold,76.49,76.21,76.14,high_agreement,,0,0,,False,no_evidence,1,True,True,False,False,False,LOW_EVIDENCE
MEASURE_ET_RF_Modeling_Cds_err,INCONCLUSIVE,FLAT,False,WEAK,threshold,34.04,39.86,38.81,high_agreement,,0,0,,False,no_evidence,0,False,True,False,False,False,UNSUPPORTED
MEASURE_ET_RF_Modeling_Cgd,STRONG,THRESHOLD,True,MODERATE,monotonic,14.46,14.53,31.72,moderate_agreement,,0,0,,False,no_evidence,2,True,True,False,False,False,MEDIUM_EVIDENCE
MEASURE_ET_RF_Modeling_Cgd_err,STRONG,THRESHOLD,True,WEAK,threshold,96.14,94.32,95.58,high_agreement,,0,0,,False,no_evidence,3,True,True,False,False,False,HIGH_EVIDENCE
MEASURE_ET_RF_Modeling_Cgs,MODERATE,SATURATION,False,STRONG,threshold,59.58,51.09,1.12,low_agreement,,0,0,,False,no_evidence,2,True,True,False,False,False,MEDIUM_EVIDENCE
MEASURE_ET_RF_Modeling_Cgs_err,WEAK,SATURATION,False,MODERATE,threshold,41.19,36.84,1.75,low_agreement,,0,0,,False,no_evidence,1,True,True,False,False,False,LOW_EVIDENCE
MEASURE_ET_RF_Modeling_Delta_MAG_19G,STRONG,THRESHOLD,True,MODERATE,monotonic,38.11,37.12,41.68,high_agreement,,0,0,,False,no_evidence,2,True,True,False,False,False,MEDIUM_EVIDENCE
MEASURE_ET_RF_Modeling_Delta_MAG_25G,INCONCLUSIVE,FLAT,False,INCONCLUSIVE,complex_nonmonotonic,15.3,12.91,13.96,high_agreement,,0,0,,False,no_evidence,0,False,True,False,False,False,UNSUPPORTED
MEASURE_ET_RF_Modeling_Delta_S21_19G,MODERATE,THRESHOLD,False,MODERATE,monotonic,68.98,62.53,68.56,high_agreement,,0,0,,False,no_evidence,2,True,False,False,False,False,MEDIUM_EVIDENCE
MEASURE_ET_RF_Modeling_Delta_S21_25G,MODERATE,COMPLEX_NONLINEAR,True,INCONCLUSIVE,complex_nonmonotonic,21.89,28.21,6.67,moderate_agreement,,0,0,,False,no_evidence,1,True,True,False,False,False,LOW_EVIDENCE
MEASURE_ET_RF_Modeling_Fmax,STRONG,SATURATION,True,WEAK,complex_nonmonotonic,89.68,95.09,93.33,high_agreement,114.0,0,0,,False,no_evidence,3,True,True,False,True,False,HIGH_EVIDENCE
MEASURE_ET_RF_Modeling_Fmax_ext,STRONG,U_SHAPED,True,INCONCLUSIVE,U_shape,63.79,70.95,64.21,high_agreement,,0,0,,False,no_evidence,1,True,True,False,False,False,LOW_EVIDENCE
MEASURE_ET_RF_Modeling_Fmax_int,WEAK,THRESHOLD,False,STRONG,threshold,27.86,33.82,17.47,moderate_agreement,,0,0,,False,no_evidence,1,True,True,False,False,False,LOW_EVIDENCE
MEASURE_ET_RF_Modeling_Ft,STRONG,COMPLEX_NONLINEAR,True,INCONCLUSIVE,complex_nonmonotonic,95.16,89.47,92.42,high_agreement,44.0,1,0,0.1702,False,no_evidence,5,True,True,True,True,False,HIGH_EVIDENCE
MEASURE_ET_RF_Modeling_Ft_ext,STRONG,THRESHOLD,False,INCONCLUSIVE,complex_nonmonotonic,27.37,45.96,53.82,moderate_agreement,,0,0,,False,no_evidence,1,True,True,False,False,False,LOW_EVIDENCE
MEASURE_ET_RF_Modeling_Ft_int,WEAK,SATURATION,False,MODERATE,threshold,70.53,58.74,65.96,moderate_agreement,,0,0,,False,no_evidence,1,True,True,False,False,False,LOW_EVIDENCE
MEASURE_ET_RF_Modeling_Gds,MODERATE,SATURATION,False,MODERATE,threshold,19.72,22.74,14.46,high_agreement,,0,0,,False,no_evidence,2,True,True,False,False,False,MEDIUM_EVIDENCE
MEASURE_ET_RF_Modeling_Gds_err,INCONCLUSIVE,FLAT,False,STRONG,threshold,40.7,46.04,46.88,high_agreement,,0,0,,False,no_evidence,1,True,True,False,False,False,LOW_EVIDENCE
MEASURE_ET_RF_Modeling_Gm,MODERATE,THRESHOLD,False,INCONCLUSIVE,complex_nonmonotonic,95.37,94.18,93.4,high_agreement,,0,1,0.0509,True,no_evidence,5,True,True,True,True,False,HIGH_EVIDENCE
MEASURE_ET_RF_Modeling_Gm_0_W,STRONG,COMPLEX_NONLINEAR,True,WEAK,complex_nonmonotonic,10.32,10.32,31.16,moderate_agreement,,0,0,,False,no_evidence,1,True,True,False,False,False,LOW_EVIDENCE
MEASURE_ET_RF_Modeling_Gm_err,STRONG,THRESHOLD,False,MODERATE,monotonic,10.32,10.32,31.16,moderate_agreement,,0,0,,False,no_evidence,2,True,False,False,False,False,MEDIUM_EVIDENCE
MEASURE_ET_RF_Modeling_Gm_m0p2_W,STRONG,COMPLEX_NONLINEAR,True,STRONG,complex_nonmonotonic,40.84,42.32,45.96,high_agreement,,0,0,,False,no_evidence,2,True,True,False,False,False,MEDIUM_EVIDENCE
MEASURE_ET_RF_Modeling_Gm_max_W,MODERATE,COMPLEX_NONLINEAR,True,INCONCLUSIVE,complex_nonmonotonic,10.32,10.32,31.16,moderate_agreement,200.0,0,0,,False,no_evidence,2,True,True,False,True,False,MEDIUM_EVIDENCE
MEASURE_ET_RF_Modeling_Id_gm_max_W,STRONG,SATURATION,False,MODERATE,complex_nonmonotonic,12.07,12.28,32.21,moderate_agreement,,0,0,,False,no_evidence,2,True,True,False,False,False,MEDIUM_EVIDENCE
MEASURE_ET_RF_Modeling_Id_search,STRONG,COMPLEX_NONLINEAR,False,WEAK,complex_nonmonotonic,10.32,10.32,31.16,moderate_agreement,86.0,0,0,,False,no_evidence,2,True,True,False,True,False,MEDIUM_EVIDENCE
MEASURE_ET_RF_Modeling_ids_m0p2_W,STRONG,SATURATION,True,WEAK,threshold,11.58,14.46,35.58,moderate_agreement,73.0,0,0,,False,no_evidence,2,True,True,False,True,False,MEDIUM_EVIDENCE
MEASURE_ET_RF_Modeling_Idss_W,STRONG,COMPLEX_NONLINEAR,True,STRONG,threshold,30.18,34.32,20.42,high_agreement,,0,0,,False,no_evidence,2,True,True,False,False,False,MEDIUM_EVIDENCE
MEASURE_ET_RF_Modeling_K,INCONCLUSIVE,THRESHOLD,False,WEAK,complex_nonmonotonic,65.82,65.4,64.91,high_agreement,95.0,2,0,0.1263,False,no_evidence,2,False,True,True,True,False,HIGH_EVIDENCE
MEASURE_ET_RF_Modeling_L_Gd,STRONG,SATURATION,False,MODERATE,monotonic,44.56,54.67,57.68,high_agreement,,0,0,,False,no_evidence,2,True,False,False,False,False,MEDIUM_EVIDENCE
MEASURE_ET_RF_Modeling_L_Gg,INCONCLUSIVE,FLAT,False,INCONCLUSIVE,U_shape,24.35,18.32,36.21,moderate_agreement,,0,0,,False,no_evidence,0,False,True,False,False,False,UNSUPPORTED
MEASURE_ET_RF_Modeling_L_Gs,STRONG,SATURATION,True,INCONCLUSIVE,threshold,41.54,47.09,53.4,high_agreement,,0,0,,False,no_evidence,1,True,True,False,False,False,LOW_EVIDENCE
MEASURE_ET_RF_Modeling_Ld,STRONG,U_SHAPED,False,INCONCLUSIVE,complex_nonmonotonic,80.63,79.72,74.95,high_agreement,,0,0,,False,no_evidence,1,True,True,False,False,False,LOW_EVIDENCE
MEASURE_ET_RF_Modeling_Lg,STRONG,U_SHAPED,True,STRONG,threshold,66.25,71.65,63.58,high_agreement,,0,0,,False,no_evidence,2,True,True,False,False,False,MEDIUM_EVIDENCE
MEASURE_ET_RF_Modeling_Ls,STRONG,THRESHOLD,False,WEAK,monotonic,90.32,91.02,85.54,high_agreement,,0,1,0.0223,True,no_evidence,4,True,False,True,True,False,HIGH_EVIDENCE
MEASURE_ET_RF_Modeling_MAG_18,STRONG,THRESHOLD,False,WEAK,complex_nonmonotonic,15.37,20.98,20.49,high_agreement,,0,0,,False,no_evidence,1,True,True,False,False,False,LOW_EVIDENCE
MEASURE_ET_RF_Modeling_MAG_19G_After,MODERATE,THRESHOLD,False,INCONCLUSIVE,complex_nonmonotonic,57.47,62.32,2.74,low_agreement,,0,0,,False,no_evidence,1,True,True,False,False,False,LOW_EVIDENCE
MEASURE_ET_RF_Modeling_MAG_19G_Before,STRONG,SATURATION,False,WEAK,monotonic,86.32,85.33,80.42,high_agreement,,0,0,,False,no_evidence,1,True,False,False,False,False,LOW_EVIDENCE
MEASURE_ET_RF_Modeling_MAG_25G_After,INCONCLUSIVE,FLAT,False,INCONCLUSIVE,complex_nonmonotonic,42.6,55.23,47.79,high_agreement,,0,0,,False,no_evidence,0,False,True,False,False,False,UNSUPPORTED
MEASURE_ET_RF_Modeling_MAG_25G_Before,WEAK,SATURATION,False,INCONCLUSIVE,complex_nonmonotonic,11.51,14.04,17.33,high_agreement,,0,0,,False,no_evidence,0,False,True,False,False,False,UNSUPPORTED
MEASURE_ET_RF_Modeling_Mag_d,STRONG,COMPLEX_NONLINEAR,True,INCONCLUSIVE,U_shape,91.86,94.25,86.6,high_agreement,187.0,1,0,0.0366,False,no_evidence,4,True,True,True,True,False,HIGH_EVIDENCE
MEASURE_ET_RF_Modeling_Mag_i,STRONG,SATURATION,False,INCONCLUSIVE,complex_nonmonotonic,24.07,24.42,9.82,high_agreement,,0,0,,False,no_evidence,1,True,True,False,False,False,LOW_EVIDENCE
MEASURE_ET_RF_Modeling_Mag_m,INCONCLUSIVE,FLAT,False,INCONCLUSIVE,complex_nonmonotonic,71.02,69.12,63.23,high_agreement,,0,0,,False,no_evidence,0,False,True,False,False,False,UNSUPPORTED
MEASURE_ET_RF_Modeling_R_Gd,STRONG,SATURATION,False,INCONCLUSIVE,complex_nonmonotonic,55.86,40.35,7.65,low_agreement,,0,0,,False,no_evidence,1,True,True,False,False,False,LOW_EVIDENCE
MEASURE_ET_RF_Modeling_R_Gg,WEAK,SATURATION,False,WEAK,monotonic,16.28,19.79,40.49,moderate_agreement,,0,0,,False,no_evidence,0,False,False,False,False,False,UNSUPPORTED
MEASURE_ET_RF_Modeling_R_Gs,WEAK,THRESHOLD,False,MODERATE,monotonic,88.14,67.44,89.33,moderate_agreement,,0,0,,False,no_evidence,1,True,False,False,False,False,LOW_EVIDENCE
MEASURE_ET_RF_Modeling_Rd,STRONG,THRESHOLD,False,MODERATE,monotonic,84.7,85.4,80.0,high_agreement,,0,0,,False,no_evidence,2,True,False,False,False,False,MEDIUM_EVIDENCE
MEASURE_ET_RF_Modeling_Rg,MODERATE,COMPLEX_NONLINEAR,True,INCONCLUSIVE,complex_nonmonotonic,36.91,41.89,33.12,high_agreement,,0,0,,False,no_evidence,1,True,True,False,False,False,LOW_EVIDENCE
MEASURE_ET_RF_Modeling_Rgd,INCONCLUSIVE,FLAT,False,MODERATE,threshold,16.49,22.11,12.07,high_agreement,,0,0,,False,no_evidence,1,True,True,False,False,False,LOW_EVIDENCE
MEASURE_ET_RF_Modeling_Rgd_err,STRONG,THRESHOLD,False,MODERATE,monotonic,23.44,22.67,36.35,high_agreement,,0,0,,False,no_evidence,2,True,False,False,False,False,MEDIUM_EVIDENCE
MEASURE_ET_RF_Modeling_Rgs,STRONG,SATURATION,False,MODERATE,threshold,19.3,18.81,34.95,moderate_agreement,,0,0,,False,no_evidence,2,True,True,False,False,False,MEDIUM_EVIDENCE
MEASURE_ET_RF_Modeling_Rgs_err,STRONG,SATURATION,True,MODERATE,complex_nonmonotonic,79.86,54.39,69.96,low_agreement,,0,0,,False,no_evidence,2,True,True,False,False,False,MEDIUM_EVIDENCE
MEASURE_ET_RF_Modeling_Rs,INCONCLUSIVE,INVERTED_U,False,INCONCLUSIVE,inverted_U,52.63,55.16,53.12,high_agreement,196.0,0,0,,False,no_evidence,1,False,True,False,True,False,LOW_EVIDENCE
MEASURE_ET_RF_Modeling_S11ang_10GHz,STRONG,COMPLEX_NONLINEAR,False,INCONCLUSIVE,complex_nonmonotonic,84.63,84.63,88.91,high_agreement,72.0,0,0,,False,no_evidence,2,True,True,False,True,False,MEDIUM_EVIDENCE
MEASURE_ET_RF_Modeling_S11dB_10GHz,STRONG,U_SHAPED,True,INCONCLUSIVE,complex_nonmonotonic,79.3,76.49,79.23,high_agreement,220.0,0,0,,False,no_evidence,2,True,True,False,True,False,MEDIUM_EVIDENCE
MEASURE_ET_RF_Modeling_S12ang_10GHz,INCONCLUSIVE,FLAT,False,WEAK,complex_nonmonotonic,95.58,89.33,95.72,high_agreement,,1,0,0.0788,True,no_evidence,4,True,True,True,True,False,HIGH_EVIDENCE
MEASURE_ET_RF_Modeling_S12dB_10GHz,STRONG,SATURATION,True,STRONG,threshold,61.47,61.19,58.46,high_agreement,,0,0,,False,no_evidence,2,True,True,False,False,False,MEDIUM_EVIDENCE
MEASURE_ET_RF_Modeling_S21_19G_After,INCONCLUSIVE,FLAT,False,WEAK,monotonic,94.53,92.63,94.11,high_agreement,,0,0,,False,no_evidence,2,True,False,False,False,False,MEDIUM_EVIDENCE
MEASURE_ET_RF_Modeling_S21_19G_Before,STRONG,THRESHOLD,False,WEAK,complex_nonmonotonic,38.95,18.46,46.67,moderate_agreement,,0,0,,False,no_evidence,1,True,True,False,False,False,LOW_EVIDENCE
MEASURE_ET_RF_Modeling_S21_25G_After,WEAK,U_SHAPED,False,STRONG,threshold,49.05,51.37,64.84,moderate_agreement,,0,0,,False,no_evidence,1,True,True,False,False,False,LOW_EVIDENCE
MEASURE_ET_RF_Modeling_S21_25G_Before,INCONCLUSIVE,FLAT,False,INCONCLUSIVE,monotonic,97.26,95.44,97.26,high_agreement,,1,0,0.0943,True,no_evidence,4,True,False,True,True,False,HIGH_EVIDENCE
MEASURE_ET_RF_Modeling_S21ang_10GHz,WEAK,THRESHOLD,False,WEAK,complex_nonmonotonic,10.32,10.32,31.16,moderate_agreement,,0,0,,False,no_evidence,0,False,True,False,False,False,UNSUPPORTED
MEASURE_ET_RF_Modeling_S21dB_10GHz,WEAK,INVERTED_U,True,INCONCLUSIVE,complex_nonmonotonic,13.82,11.86,19.23,high_agreement,286.0,0,0,,False,no_evidence,1,False,True,False,True,False,LOW_EVIDENCE
MEASURE_ET_RF_Modeling_S22ang_10GHz,STRONG,SATURATION,True,MODERATE,complex_nonmonotonic,90.81,85.19,94.46,high_agreement,,0,0,,False,no_evidence,4,True,True,False,False,False,HIGH_EVIDENCE
MEASURE_ET_RF_Modeling_S22dB_10GHz,STRONG,COMPLEX_NONLINEAR,True,MODERATE,complex_nonmonotonic,10.32,10.32,31.16,moderate_agreement,164.0,0,0,,False,no_evidence,3,True,True,False,True,False,HIGH_EVIDENCE
MEASURE_ET_RF_Modeling_Stress_time,STRONG,SATURATION,False,MODERATE,threshold,25.12,19.44,42.95,moderate_agreement,,0,0,,False,no_evidence,2,True,True,False,False,False,MEDIUM_EVIDENCE
MEASURE_ET_RF_Modeling_Tau,STRONG,THRESHOLD,True,STRONG,complex_nonmonotonic,76.84,82.04,77.33,high_agreement,,0,0,,False,no_evidence,2,True,True,False,False,False,MEDIUM_EVIDENCE
MEASURE_ET_RF_Modeling_Tau_err,MODERATE,COMPLEX_NONLINEAR,False,INCONCLUSIVE,complex_nonmonotonic,85.96,81.26,79.3,high_agreement,,0,0,,False,no_evidence,1,True,True,False,False,False,LOW_EVIDENCE
MEASURE_ET_RF_Modeling_Vd_set,STRONG,SATURATION,False,INCONCLUSIVE,complex_nonmonotonic,68.14,67.37,3.58,low_agreement,,0,0,,False,no_evidence,1,True,True,False,False,False,LOW_EVIDENCE
MEASURE_ET_RF_Modeling_Vd_stress,STRONG,THRESHOLD,False,MODERATE,monotonic,33.54,30.6,3.16,moderate_agreement,,0,0,,False,no_evidence,2,True,False,False,False,False,MEDIUM_EVIDENCE
MEASURE_ET_RF_Modeling_Vg_gm_max_W,STRONG,COMPLEX_NONLINEAR,True,MODERATE,complex_nonmonotonic,10.32,10.32,31.16,moderate_agreement,,0,0,,False,no_evidence,2,True,True,False,False,False,MEDIUM_EVIDENCE
MEASURE_ET_RF_Modeling_Vg_Stress,INCONCLUSIVE,FLAT,False,MODERATE,threshold,24.7,15.93,35.44,moderate_agreement,,0,0,,False,no_evidence,1,True,True,False,False,False,LOW_EVIDENCE
MEASURE_ET_RF_Modeling_Vp_01_W,WEAK,SATURATION,False,INCONCLUSIVE,complex_nonmonotonic,26.88,32.0,4.56,moderate_agreement,240.0,0,0,,False,no_evidence,1,False,True,False,True,False,LOW_EVIDENCE
MEASURE_ET_RF_Modeling_Vp_1_W,WEAK,SATURATION,False,INCONCLUSIVE,complex_nonmonotonic,22.67,18.6,34.6,moderate_agreement,,0,0,,False,no_evidence,0,False,True,False,False,False,UNSUPPORTED
MEASURE_ET_RF_Modeling_Vth,STRONG,SATURATION,True,STRONG,complex_nonmonotonic,75.79,73.4,75.23,high_agreement,282.0,0,0,,False,no_evidence,3,True,True,False,True,False,HIGH_EVIDENCE
MESA_ET_Probe_Number,WEAK,THRESHOLD,True,INCONCLUSIVE,U_shape,80.14,80.35,78.04,high_agreement,52.0,0,0,,False,no_evidence,1,False,True,False,True,False,LOW_EVIDENCE
MESA_ET_Vbkd,STRONG,THRESHOLD,True,MODERATE,threshold,17.96,23.65,32.91,high_agreement,,0,0,,False,STRONG,3,True,True,False,False,True,HIGH_EVIDENCE
OHMIC_ET_lkg_5,STRONG,THRESHOLD,False,MODERATE,threshold,15.16,17.26,39.72,moderate_agreement,,0,0,,False,STRONG,3,True,True,False,False,True,HIGH_EVIDENCE
OHMIC_ET_OHMC,MODERATE,THRESHOLD,False,WEAK,complex_nonmonotonic,81.68,68.0,78.46,moderate_agreement,36.0,1,0,0.0608,False,STRONG,4,True,True,True,True,True,HIGH_EVIDENCE
OHMIC_ET_OHMIC_conc,WEAK,THRESHOLD,True,WEAK,complex_nonmonotonic,36.7,32.35,8.42,moderate_agreement,,0,0,,False,no_evidence,0,False,True,False,False,False,UNSUPPORTED
OHMIC_ET_Probe_Number,WEAK,SATURATION,False,INCONCLUSIVE,inverted_U,42.25,37.75,14.18,moderate_agreement,,0,0,,False,no_evidence,0,False,True,False,False,False,UNSUPPORTED
OHMIC_ET_R114,STRONG,COMPLEX_NONLINEAR,True,STRONG,threshold,75.02,73.89,75.72,high_agreement,,0,0,,False,STRONG,3,True,True,False,False,True,HIGH_EVIDENCE
OHMIC_ET_R214,INCONCLUSIVE,FLAT,False,INCONCLUSIVE,inverted_U,40.63,23.16,39.65,moderate_agreement,,0,0,,False,WEAK,0,False,True,False,False,False,UNSUPPORTED
OHMIC_ET_R314,STRONG,THRESHOLD,False,MODERATE,threshold,27.51,35.3,11.23,moderate_agreement,,0,0,,False,STRONG,3,True,True,False,False,True,HIGH_EVIDENCE
OHMIC_ET_Ran_con_1,STRONG,THRESHOLD,True,MODERATE,monotonic,63.72,45.75,65.82,moderate_agreement,,0,0,,False,STRONG,3,True,True,False,False,True,HIGH_EVIDENCE
OHMIC_ET_Ran_con_2,STRONG,U_SHAPED,False,INCONCLUSIVE,complex_nonmonotonic,29.47,29.47,37.54,high_agreement,,0,0,,False,WEAK,1,True,True,False,False,False,LOW_EVIDENCE
OHMIC_ET_Ran_con_3,STRONG,MONOTONIC_POSITIVE,True,MODERATE,threshold,31.3,27.37,40.35,high_agreement,,0,0,,False,MODERATE,3,True,True,False,False,True,HIGH_EVIDENCE
OHMIC_ET_Rc_an_ct2,STRONG,COMPLEX_NONLINEAR,True,INCONCLUSIVE,inverted_U,10.32,10.32,31.16,moderate_agreement,14.0,2,0,0.0498,False,INCONCLUSIVE,3,True,True,True,True,False,HIGH_EVIDENCE
OHMIC_ET_Rc_OG142,MODERATE,COMPLEX_NONLINEAR,True,WEAK,complex_nonmonotonic,10.32,10.32,31.16,moderate_agreement,237.0,0,0,,False,STRONG,3,True,True,False,True,True,HIGH_EVIDENCE
OHMIC_ET_Rsh_an_ct2,STRONG,INVERTED_U,True,MODERATE,inverted_U,99.02,96.42,98.81,high_agreement,174.0,1,1,0.0426,True,STRONG,8,True,True,True,True,True,HIGH_EVIDENCE
OHMIC_ET_sh_GA142,MODERATE,SATURATION,False,MODERATE,monotonic,60.0,56.91,63.3,high_agreement,,0,0,,False,STRONG,3,True,False,False,False,True,HIGH_EVIDENCE
SIN_ET_lkg_SY07_10,WEAK,PROCESS_WINDOW,True,WEAK,complex_nonmonotonic,97.05,99.3,96.07,high_agreement,136.0,0,0,,False,STRONG,4,True,True,False,True,True,HIGH_EVIDENCE
SIN_ET_lkg_SY8_80,STRONG,THRESHOLD,False,INCONCLUSIVE,complex_nonmonotonic,10.32,10.32,31.16,moderate_agreement,13.0,1,0,0.1475,False,INCONCLUSIVE,3,True,True,True,True,False,HIGH_EVIDENCE
SIN_ET_Probe_Number,STRONG,COMPLEX_NONLINEAR,True,STRONG,complex_nonmonotonic,84.77,93.82,92.07,high_agreement,162.0,0,0,,False,no_evidence,4,True,True,False,True,False,HIGH_EVIDENCE
SIN_ET_TR_1F,STRONG,SATURATION,True,MODERATE,threshold,45.19,48.28,49.47,high_agreement,,0,0,,False,MODERATE,3,True,True,False,False,True,HIGH_EVIDENCE
SIN_ET_DC_PIV_Drain_Lag_Idss,STRONG,COMPLEX_NONLINEAR,True,WEAK,complex_nonmonotonic,10.32,10.32,31.16,moderate_agreement,,0,0,,False,no_evidence,1,True,True,False,False,False,LOW_EVIDENCE
SIN_ET_DC_PIV_Drain_Lag_Imax,STRONG,COMPLEX_NONLINEAR,True,WEAK,complex_nonmonotonic,10.32,10.32,31.16,moderate_agreement,,0,0,,False,no_evidence,1,True,True,False,False,False,LOW_EVIDENCE
SIN_ET_DC_PIV_Gate_Lag_Idss,STRONG,COMPLEX_NONLINEAR,True,MODERATE,complex_nonmonotonic,18.11,19.72,11.93,high_agreement,,0,0,,False,no_evidence,2,True,True,False,False,False,MEDIUM_EVIDENCE
SIN_ET_DC_PIV_Gate_Lag_Imax,STRONG,COMPLEX_NONLINEAR,True,WEAK,complex_nonmonotonic,10.32,10.32,31.16,moderate_agreement,,0,0,,False,no_evidence,1,True,True,False,False,False,LOW_EVIDENCE
SIN_ET_DC_PIV_Idss_QP1,STRONG,COMPLEX_NONLINEAR,True,INCONCLUSIVE,complex_nonmonotonic,43.93,36.77,58.88,moderate_agreement,107.0,0,0,,False,no_evidence,2,True,True,False,True,False,MEDIUM_EVIDENCE
SIN_ET_DC_PIV_Idss_QP2,STRONG,COMPLEX_NONLINEAR,True,WEAK,complex_nonmonotonic,58.95,63.79,60.21,high_agreement,96.0,0,0,,False,no_evidence,2,True,True,False,True,False,MEDIUM_EVIDENCE
SIN_ET_DC_PIV_Idss_QP3,STRONG,COMPLEX_NONLINEAR,True,WEAK,complex_nonmonotonic,48.91,31.93,52.35,moderate_agreement,,0,0,,False,no_evidence,1,True,True,False,False,False,LOW_EVIDENCE
SIN_ET_DC_PIV_Imax_QP1,STRONG,COMPLEX_NONLINEAR,True,WEAK,complex_nonmonotonic,12.77,10.81,31.3,moderate_agreement,,0,0,,False,no_evidence,1,True,True,False,False,False,LOW_EVIDENCE
SIN_ET_DC_PIV_Imax_QP2,STRONG,COMPLEX_NONLINEAR,True,MODERATE,complex_nonmonotonic,10.32,10.32,31.16,moderate_agreement,,0,0,,False,no_evidence,2,True,True,False,False,False,MEDIUM_EVIDENCE
SIN_ET_DC_PIV_Imax_QP3,WEAK,THRESHOLD,True,INCONCLUSIVE,complex_nonmonotonic,10.32,10.32,31.16,moderate_agreement,,0,0,,False,no_evidence,0,False,True,False,False,False,UNSUPPORTED
SIN_ET_DC_RF_Gm_0,STRONG,COMPLEX_NONLINEAR,True,INCONCLUSIVE,complex_nonmonotonic,10.32,10.32,31.16,moderate_agreement,239.0,0,0,,False,STRONG,3,True,True,False,True,True,HIGH_EVIDENCE
SIN_ET_DC_RF_Gm_m0p2,STRONG,THRESHOLD,False,INCONCLUSIVE,complex_nonmonotonic,51.37,63.65,1.82,low_agreement,,0,0,,False,INCONCLUSIVE,1,True,True,False,False,False,LOW_EVIDENCE
SIN_ET_DC_RF_Gm_max,MODERATE,PROCESS_WINDOW,True,INCONCLUSIVE,complex_nonmonotonic,81.89,79.16,78.95,high_agreement,,0,0,,False,STRONG,2,True,True,False,False,True,MEDIUM_EVIDENCE
SIN_ET_DC_RF_Id_gm_max,INCONCLUSIVE,FLAT,False,MODERATE,complex_nonmonotonic,26.04,21.26,35.02,high_agreement,,0,0,,False,INCONCLUSIVE,1,True,True,False,False,False,LOW_EVIDENCE
SIN_ET_DC_RF_Ids_m0p2,STRONG,THRESHOLD,True,MODERATE,threshold,46.53,28.7,59.93,moderate_agreement,,0,0,,False,STRONG,3,True,True,False,False,True,HIGH_EVIDENCE
SIN_ET_DC_RF_Idss,STRONG,COMPLEX_NONLINEAR,True,MODERATE,complex_nonmonotonic,67.09,76.91,0.84,low_agreement,,0,0,,False,MODERATE,3,True,True,False,False,True,HIGH_EVIDENCE
SIN_ET_DC_RF_Imax,STRONG,COMPLEX_NONLINEAR,True,STRONG,complex_nonmonotonic,10.32,10.32,31.16,moderate_agreement,,0,0,,False,WEAK,2,True,True,False,False,False,MEDIUM_EVIDENCE
SIN_ET_DC_RF_n_gd,INCONCLUSIVE,FLAT,False,MODERATE,threshold,73.47,74.67,67.72,high_agreement,,0,0,,False,MODERATE,2,True,True,False,False,True,MEDIUM_EVIDENCE
SIN_ET_DC_RF_n_gs,STRONG,COMPLEX_NONLINEAR,True,INCONCLUSIVE,complex_nonmonotonic,55.09,51.44,60.42,high_agreement,72.0,0,0,,False,INCONCLUSIVE,2,True,True,False,True,False,MEDIUM_EVIDENCE
SIN_ET_DC_RF_Vbgd_0p01,STRONG,SATURATION,False,INCONCLUSIVE,complex_nonmonotonic,31.16,46.81,40.0,moderate_agreement,,0,0,,False,MODERATE,2,True,True,False,False,True,MEDIUM_EVIDENCE
SIN_ET_DC_RF_Vbgd_0p1,STRONG,COMPLEX_NONLINEAR,True,MODERATE,threshold,21.19,20.35,35.65,moderate_agreement,,0,0,,False,STRONG,3,True,True,False,False,True,HIGH_EVIDENCE
SIN_ET_DC_RF_Vbgd1,STRONG,SATURATION,False,WEAK,threshold,60.84,65.75,44.63,moderate_agreement,111.0,0,0,,False,INCONCLUSIVE,2,True,True,False,True,False,MEDIUM_EVIDENCE
SIN_ET_DC_RF_Vbgs_0p01,STRONG,U_SHAPED,True,MODERATE,complex_nonmonotonic,80.77,79.37,36.07,low_agreement,,0,0,,False,STRONG,3,True,True,False,False,True,HIGH_EVIDENCE
SIN_ET_DC_RF_Vbgs_0p1,WEAK,SATURATION,False,MODERATE,complex_nonmonotonic,11.93,14.18,7.72,high_agreement,180.0,0,0,,False,WEAK,2,True,True,False,True,False,MEDIUM_EVIDENCE
SIN_ET_DC_RF_Vbgs1,STRONG,THRESHOLD,False,WEAK,threshold,86.11,88.0,89.05,high_agreement,,0,0,,False,MODERATE,2,True,True,False,False,True,MEDIUM_EVIDENCE
SIN_ET_DC_RF_Vbin_gd,STRONG,COMPLEX_NONLINEAR,True,MODERATE,complex_nonmonotonic,39.51,29.54,44.49,high_agreement,155.0,0,0,,False,STRONG,4,True,True,False,True,True,HIGH_EVIDENCE
SIN_ET_DC_RF_Vbin_gs,STRONG,SATURATION,True,STRONG,complex_nonmonotonic,98.53,98.46,98.6,high_agreement,,0,1,0.011,False,STRONG,6,True,True,True,True,True,HIGH_EVIDENCE
SIN_ET_DC_RF_Vboff,STRONG,THRESHOLD,False,INCONCLUSIVE,complex_nonmonotonic,37.54,45.68,1.47,low_agreement,,0,0,,False,MODERATE,2,True,True,False,False,True,MEDIUM_EVIDENCE
SIN_ET_DC_RF_Vdg_max,INCONCLUSIVE,FLAT,False,MODERATE,threshold,25.4,26.32,32.07,high_agreement,,0,0,,False,INCONCLUSIVE,1,True,True,False,False,False,LOW_EVIDENCE
SIN_ET_DC_RF_Vdg_max_0p1,STRONG,THRESHOLD,False,MODERATE,threshold,53.4,57.68,48.21,high_agreement,,0,0,,False,MODERATE,3,True,True,False,False,True,HIGH_EVIDENCE
SIN_ET_DC_RF_Vdg_max_0p1mA,STRONG,THRESHOLD,False,MODERATE,threshold,31.72,31.09,45.82,high_agreement,,0,0,,False,MODERATE,3,True,True,False,False,True,HIGH_EVIDENCE
SIN_ET_DC_RF_Vds_max,WEAK,THRESHOLD,False,INCONCLUSIVE,U_shape,62.11,61.89,65.05,high_agreement,,0,0,,False,STRONG,1,False,True,False,False,True,LOW_EVIDENCE
SIN_ET_DC_RF_Vds_max_0p1,MODERATE,THRESHOLD,False,WEAK,monotonic,67.65,69.05,53.33,moderate_agreement,,0,0,,False,INCONCLUSIVE,1,True,False,False,False,False,LOW_EVIDENCE
SIN_ET_DC_RF_Vds_max_0p1mA,STRONG,SATURATION,True,INCONCLUSIVE,complex_nonmonotonic,48.63,50.74,45.19,high_agreement,,0,0,,False,MODERATE,2,True,True,False,False,True,MEDIUM_EVIDENCE
SIN_ET_DC_RF_Vg_gm_max,STRONG,COMPLEX_NONLINEAR,True,STRONG,complex_nonmonotonic,10.32,10.32,31.16,moderate_agreement,,0,0,,False,MODERATE,3,True,True,False,False,True,HIGH_EVIDENCE
SIN_ET_DC_RF_Vg_max_Vd,WEAK,MONOTONIC_POSITIVE,False,STRONG,threshold,43.51,52.63,63.86,moderate_agreement,232.0,0,0,,False,STRONG,3,True,True,False,True,True,HIGH_EVIDENCE
SIN_ET_DC_RF_Vg_max_Vd_0p1,STRONG,SATURATION,True,MODERATE,threshold,61.4,58.32,67.37,high_agreement,,0,0,,False,STRONG,3,True,True,False,False,True,HIGH_EVIDENCE
SIN_ET_DC_RF_Vg_max_Vd_0p1mA,INCONCLUSIVE,FLAT,False,INCONCLUSIVE,complex_nonmonotonic,36.28,29.05,18.18,moderate_agreement,,0,0,,False,STRONG,1,False,True,False,False,True,LOW_EVIDENCE
SIN_ET_DC_RF_Vg_optt,STRONG,SATURATION,False,INCONCLUSIVE,complex_nonmonotonic,71.79,45.54,0.98,low_agreement,,0,0,,False,MODERATE,2,True,True,False,False,True,MEDIUM_EVIDENCE
SIN_ET_DC_RF_Vg_optt1,STRONG,THRESHOLD,False,MODERATE,monotonic,66.46,55.02,59.09,moderate_agreement,,0,0,,False,MODERATE,3,True,False,False,False,True,HIGH_EVIDENCE
SIN_ET_DC_RF_Vg_optt2,STRONG,THRESHOLD,True,WEAK,complex_nonmonotonic,87.93,90.67,87.3,high_agreement,,0,0,,False,MODERATE,2,True,True,False,False,True,MEDIUM_EVIDENCE
SIN_ET_DC_RF_Vg_optt3,STRONG,THRESHOLD,True,INCONCLUSIVE,complex_nonmonotonic,78.53,85.61,88.0,high_agreement,180.0,0,0,,False,INCONCLUSIVE,2,True,True,False,True,False,MEDIUM_EVIDENCE
SIN_ET_DC_RF_Vp_01,MODERATE,THRESHOLD,True,INCONCLUSIVE,complex_nonmonotonic,10.32,10.32,31.16,moderate_agreement,,0,0,,False,STRONG,2,True,True,False,False,True,MEDIUM_EVIDENCE
SIN_ET_DC_RF_Vp_1,STRONG,THRESHOLD,False,MODERATE,complex_nonmonotonic,94.11,93.47,93.47,high_agreement,259.0,0,0,,False,MODERATE,6,True,True,False,True,True,HIGH_EVIDENCE
SIN_ET_DC_RF_Vt_gd,STRONG,COMPLEX_NONLINEAR,True,MODERATE,complex_nonmonotonic,50.6,60.49,56.91,high_agreement,130.0,0,0,,False,STRONG,4,True,True,False,True,True,HIGH_EVIDENCE
SIN_ET_DC_RF_Vt_gs,INCONCLUSIVE,FLAT,False,MODERATE,threshold,66.53,69.26,75.16,high_agreement,,0,0,,False,STRONG,2,True,True,False,False,True,MEDIUM_EVIDENCE
SIN_GATE_ET_I_5,STRONG,THRESHOLD,False,MODERATE,threshold,31.93,43.58,15.51,moderate_agreement,,0,0,,False,no_evidence,2,True,True,False,False,False,MEDIUM_EVIDENCE
SIN_GATE_ET_lkg_5,STRONG,SATURATION,True,MODERATE,complex_nonmonotonic,83.93,86.95,62.6,moderate_agreement,118.0,0,0,,False,no_evidence,3,True,True,False,True,False,HIGH_EVIDENCE
SIN_GATE_ET_lkg_SY07_10,STRONG,THRESHOLD,False,INCONCLUSIVE,complex_nonmonotonic,10.81,11.3,20.07,high_agreement,65.0,0,0,,False,no_evidence,2,True,True,False,True,False,MEDIUM_EVIDENCE
SIN_GATE_ET_lkg_SY8_80,STRONG,SATURATION,True,MODERATE,complex_nonmonotonic,66.81,75.79,46.32,moderate_agreement,43.0,3,0,0.1404,False,no_evidence,4,True,True,True,True,False,HIGH_EVIDENCE
SIN_GATE_ET_OHMC,WEAK,SATURATION,False,INCONCLUSIVE,monotonic,45.26,44.77,54.88,high_agreement,,0,1,0.0161,False,no_evidence,1,False,False,True,True,False,MEDIUM_EVIDENCE
SIN_GATE_ET_OHMC_GN,MODERATE,THRESHOLD,True,WEAK,U_shape,33.82,34.88,44.91,high_agreement,,0,0,,False,no_evidence,1,True,True,False,False,False,LOW_EVIDENCE
SIN_GATE_ET_OHMIC_conc,STRONG,THRESHOLD,False,MODERATE,threshold,44.35,44.7,6.18,low_agreement,,0,0,,False,no_evidence,2,True,True,False,False,False,MEDIUM_EVIDENCE
SIN_GATE_ET_Probe_Number,WEAK,SATURATION,True,INCONCLUSIVE,U_shape,51.79,53.47,6.88,low_agreement,,0,0,,False,no_evidence,0,False,True,False,False,False,UNSUPPORTED
SIN_GATE_ET_R114,MODERATE,SATURATION,False,WEAK,threshold,54.25,50.25,44.7,high_agreement,,0,0,,False,no_evidence,1,True,True,False,False,False,LOW_EVIDENCE
SIN_GATE_ET_R214,STRONG,SATURATION,False,MODERATE,threshold,32.07,31.3,2.81,moderate_agreement,,0,0,,False,no_evidence,2,True,True,False,False,False,MEDIUM_EVIDENCE
SIN_GATE_ET_R314,STRONG,SATURATION,False,MODERATE,threshold,43.16,28.84,7.02,low_agreement,,0,0,,False,no_evidence,2,True,True,False,False,False,MEDIUM_EVIDENCE
SIN_GATE_ET_R414,WEAK,THRESHOLD,False,INCONCLUSIVE,complex_nonmonotonic,46.18,33.4,12.7,moderate_agreement,,0,0,,False,no_evidence,0,False,True,False,False,False,UNSUPPORTED
SIN_GATE_ET_R514,STRONG,THRESHOLD,False,INCONCLUSIVE,complex_nonmonotonic,21.26,16.91,32.42,moderate_agreement,,0,0,,False,no_evidence,1,True,True,False,False,False,LOW_EVIDENCE
SIN_GATE_ET_Ran_con_1,INCONCLUSIVE,FLAT,False,STRONG,threshold,33.75,30.81,43.09,high_agreement,,0,0,,False,no_evidence,1,True,True,False,False,False,LOW_EVIDENCE
SIN_GATE_ET_Ran_con_2,INCONCLUSIVE,FLAT,False,MODERATE,threshold,96.0,95.37,94.32,high_agreement,,1,0,0.021,True,no_evidence,5,True,True,True,True,False,HIGH_EVIDENCE
SIN_GATE_ET_Ran_con_3,INCONCLUSIVE,FLAT,False,MODERATE,threshold,32.56,27.58,3.51,moderate_agreement,,0,0,,False,no_evidence,1,True,True,False,False,False,LOW_EVIDENCE
SIN_GATE_ET_Rc_an_ct2,WEAK,MONOTONIC_NEGATIVE,True,WEAK,complex_nonmonotonic,94.25,86.32,91.02,high_agreement,1.0,3,0,0.1019,False,no_evidence,4,True,True,True,True,False,HIGH_EVIDENCE
SIN_GATE_ET_Rc_OG142_GN,STRONG,THRESHOLD,True,MODERATE,U_shape,60.91,69.19,63.16,high_agreement,31.0,2,0,0.0827,False,no_evidence,4,True,True,True,True,False,HIGH_EVIDENCE
SIN_GATE_ET_Rc_OG144,STRONG,COMPLEX_NONLINEAR,True,STRONG,complex_nonmonotonic,10.32,10.32,31.16,moderate_agreement,,0,0,,False,no_evidence,2,True,True,False,False,False,MEDIUM_EVIDENCE
SIN_GATE_ET_RGAN1,STRONG,COMPLEX_NONLINEAR,True,INCONCLUSIVE,complex_nonmonotonic,32.0,30.25,34.81,high_agreement,,0,0,,False,no_evidence,1,True,True,False,False,False,LOW_EVIDENCE
SIN_GATE_ET_RGAN2,STRONG,THRESHOLD,True,MODERATE,monotonic,90.67,90.81,87.23,high_agreement,,0,1,0.0136,True,no_evidence,5,True,True,True,True,False,HIGH_EVIDENCE
SIN_GATE_ET_RGAN3,INCONCLUSIVE,FLAT,False,INCONCLUSIVE,flat,72.63,56.07,61.61,moderate_agreement,,0,0,,False,no_evidence,0,False,False,False,False,False,UNSUPPORTED
SIN_GATE_ET_Rsh_an_ct2,INCONCLUSIVE,FLAT,False,STRONG,threshold,19.09,18.25,37.4,moderate_agreement,,0,0,,False,no_evidence,1,True,True,False,False,False,LOW_EVIDENCE
SIN_GATE_ET_sh_GA142_GN,INCONCLUSIVE,FLAT,False,INCONCLUSIVE,flat,50.18,46.6,51.09,high_agreement,,0,0,,False,no_evidence,0,False,False,False,False,False,UNSUPPORTED
SIN_GATE_ET_sh_GA144,WEAK,THRESHOLD,True,INCONCLUSIVE,monotonic,91.44,83.58,89.12,high_agreement,,0,0,,False,no_evidence,1,True,True,False,False,False,LOW_EVIDENCE
SIN_GATE_ET_TR_1F,STRONG,THRESHOLD,False,INCONCLUSIVE,complex_nonmonotonic,33.05,31.72,45.89,high_agreement,,0,0,,False,no_evidence,1,True,True,False,False,False,LOW_EVIDENCE
TFRP_ET_Probe_Number,WEAK,COMPLEX_NONLINEAR,False,INCONCLUSIVE,threshold,55.02,51.16,2.25,low_agreement,,0,0,,False,no_evidence,0,False,True,False,False,False,UNSUPPORTED
TFRP_ET_Rc_TF_AB_2,STRONG,THRESHOLD,True,STRONG,threshold,90.25,81.89,85.47,high_agreement,23.0,2,0,0.0975,False,STRONG,6,True,True,True,True,True,HIGH_EVIDENCE
TFRP_ET_Rsh_TFR2,STRONG,COMPLEX_NONLINEAR,True,WEAK,complex_nonmonotonic,87.3,89.19,90.74,high_agreement,185.0,0,0,,False,no_evidence,3,True,True,False,True,False,HIGH_EVIDENCE
TFRP_ET_TF_AB_1,WEAK,SATURATION,False,MODERATE,threshold,34.18,30.95,39.02,high_agreement,,0,0,,False,INCONCLUSIVE,1,True,True,False,False,False,LOW_EVIDENCE
TFRP_ET_TF_AB_2,STRONG,THRESHOLD,True,WEAK,threshold,51.02,33.33,51.3,moderate_agreement,,0,0,,False,STRONG,2,True,True,False,False,True,MEDIUM_EVIDENCE
TFRP_ET_TF_AB_3,INCONCLUSIVE,FLAT,False,MODERATE,threshold,37.89,46.39,51.79,high_agreement,,0,0,,False,INCONCLUSIVE,1,True,True,False,False,False,LOW_EVIDENCE
TFRP_ET_TFRP,STRONG,THRESHOLD,False,MODERATE,threshold,54.67,57.26,60.91,high_agreement,,0,0,,False,no_evidence,2,True,True,False,False,False,MEDIUM_EVIDENCE
THIN_ET_C_AN_2,STRONG,COMPLEX_NONLINEAR,True,INCONCLUSIVE,inverted_U,93.82,92.77,94.25,high_agreement,113.0,0,0,,False,STRONG,5,True,True,False,True,True,HIGH_EVIDENCE
THIN_ET_C_AN_2_OW_CR,MODERATE,COMPLEX_NONLINEAR,True,INCONCLUSIVE,complex_nonmonotonic,49.47,56.56,56.56,high_agreement,190.0,0,0,,False,INCONCLUSIVE,2,True,True,False,True,False,MEDIUM_EVIDENCE
THIN_ET_C_CAT_2,STRONG,PROCESS_WINDOW,False,WEAK,threshold,29.33,26.95,12.14,moderate_agreement,,0,0,,False,MODERATE,2,True,True,False,False,True,MEDIUM_EVIDENCE
THIN_ET_C_CAT_2_OW_ST,INCONCLUSIVE,FLAT,False,WEAK,complex_nonmonotonic,56.91,64.7,53.96,moderate_agreement,,0,0,,False,MODERATE,1,False,True,False,False,True,LOW_EVIDENCE
THIN_ET_C100,MODERATE,PROCESS_WINDOW,False,INCONCLUSIVE,complex_nonmonotonic,12.91,11.93,16.0,high_agreement,280.0,0,0,,False,MODERATE,3,True,True,False,True,True,HIGH_EVIDENCE
THIN_ET_C20,STRONG,SATURATION,True,INCONCLUSIVE,inverted_U,53.75,61.47,8.91,low_agreement,,0,0,,False,no_evidence,1,True,True,False,False,False,LOW_EVIDENCE
THIN_ET_C20_0,MODERATE,PROCESS_WINDOW,True,INCONCLUSIVE,complex_nonmonotonic,68.21,66.74,68.07,high_agreement,26.0,1,0,0.1626,False,no_evidence,3,True,True,True,True,False,HIGH_EVIDENCE
THIN_ET_C200,STRONG,SATURATION,True,INCONCLUSIVE,inverted_U,81.4,77.4,83.09,high_agreement,53.0,0,0,,False,INCONCLUSIVE,2,True,True,False,True,False,MEDIUM_EVIDENCE
THIN_ET_C200_0,INCONCLUSIVE,FLAT,True,INCONCLUSIVE,complex_nonmonotonic,85.61,92.07,92.0,high_agreement,11.0,2,0,0.1961,True,WEAK,4,True,True,True,True,False,HIGH_EVIDENCE
THIN_ET_C300,STRONG,THRESHOLD,True,INCONCLUSIVE,inverted_U,58.81,60.77,43.23,moderate_agreement,,0,0,,False,INCONCLUSIVE,1,True,True,False,False,False,LOW_EVIDENCE
THIN_ET_C300_0,STRONG,COMPLEX_NONLINEAR,True,WEAK,complex_nonmonotonic,43.58,55.44,57.89,high_agreement,,0,0,,False,INCONCLUSIVE,1,True,True,False,False,False,LOW_EVIDENCE
THIN_ET_Cap_C300,STRONG,COMPLEX_NONLINEAR,True,INCONCLUSIVE,complex_nonmonotonic,38.18,37.05,32.77,high_agreement,98.0,0,0,,False,INCONCLUSIVE,2,True,True,False,True,False,MEDIUM_EVIDENCE
THIN_ET_Cap20,INCONCLUSIVE,FLAT,True,WEAK,complex_nonmonotonic,81.05,71.93,83.79,moderate_agreement,,0,0,,False,no_evidence,0,False,True,False,False,False,UNSUPPORTED
THIN_ET_Er,WEAK,INVERTED_U,False,MODERATE,threshold,55.44,44.49,34.11,moderate_agreement,,0,0,,False,no_evidence,1,True,True,False,False,False,LOW_EVIDENCE
THIN_ET_F_AB,STRONG,U_SHAPED,True,MODERATE,monotonic,30.95,23.3,43.16,moderate_agreement,,0,0,,False,INCONCLUSIVE,2,True,True,False,False,False,MEDIUM_EVIDENCE
THIN_ET_HIRS,STRONG,THRESHOLD,True,MODERATE,threshold,24.21,29.75,47.93,moderate_agreement,,0,0,,False,MODERATE,3,True,True,False,False,True,HIGH_EVIDENCE
THIN_ET_i5021_1,STRONG,THRESHOLD,False,MODERATE,monotonic,79.58,70.18,78.67,high_agreement,,0,0,,False,STRONG,3,True,False,False,False,True,HIGH_EVIDENCE
THIN_ET_i5021_2,INCONCLUSIVE,FLAT,False,INCONCLUSIVE,complex_nonmonotonic,94.39,95.58,93.05,high_agreement,,0,0,,False,INCONCLUSIVE,2,True,True,False,False,False,MEDIUM_EVIDENCE
THIN_ET_i5021_3,MODERATE,PROCESS_WINDOW,False,STRONG,threshold,42.81,56.84,42.74,high_agreement,,0,0,,False,MODERATE,3,True,True,False,False,True,HIGH_EVIDENCE
THIN_ET_KLV_F_AB_4u,STRONG,SATURATION,True,STRONG,threshold,79.44,90.6,86.39,moderate_agreement,,0,0,,False,STRONG,3,True,True,False,False,True,HIGH_EVIDENCE
THIN_ET_lkg_10,STRONG,THRESHOLD,True,WEAK,complex_nonmonotonic,99.79,99.93,99.86,high_agreement,69.0,0,0,,False,no_evidence,4,True,True,False,True,False,HIGH_EVIDENCE
THIN_ET_lkg_100_at20V,MODERATE,MONOTONIC_NEGATIVE,True,INCONCLUSIVE,inverted_U,97.68,97.47,97.75,high_agreement,2.0,25,4,0.2299,False,no_evidence,5,True,True,True,True,False,HIGH_EVIDENCE
THIN_ET_lkg_5,STRONG,THRESHOLD,False,MODERATE,inverted_U,62.25,63.16,63.93,high_agreement,1.0,2,0,0.2404,False,STRONG,5,True,True,True,True,True,HIGH_EVIDENCE
THIN_ET_lkg_50_at20V,STRONG,THRESHOLD,False,WEAK,complex_nonmonotonic,10.32,10.32,31.16,moderate_agreement,261.0,0,0,,False,no_evidence,2,True,True,False,True,False,MEDIUM_EVIDENCE
THIN_ET_lkg_70_at20V,STRONG,THRESHOLD,True,INCONCLUSIVE,complex_nonmonotonic,20.63,26.04,41.05,moderate_agreement,,0,0,,False,no_evidence,1,True,True,False,False,False,LOW_EVIDENCE
THIN_ET_lkg_C20,STRONG,THRESHOLD,True,INCONCLUSIVE,complex_nonmonotonic,63.37,68.77,63.51,high_agreement,,0,0,,False,no_evidence,1,True,True,False,False,False,LOW_EVIDENCE
THIN_ET_lkg_C200,MODERATE,SATURATION,True,INCONCLUSIVE,complex_nonmonotonic,10.32,10.32,31.16,moderate_agreement,31.0,1,0,0.1472,False,INCONCLUSIVE,3,True,True,True,True,False,HIGH_EVIDENCE
THIN_ET_lkg_C300,STRONG,MONOTONIC_NEGATIVE,False,INCONCLUSIVE,complex_nonmonotonic,30.11,39.51,42.6,high_agreement,145.0,0,0,,False,INCONCLUSIVE,2,True,True,False,True,False,MEDIUM_EVIDENCE
THIN_ET_lkg_PAD_10,STRONG,MONOTONIC_NEGATIVE,True,INCONCLUSIVE,complex_nonmonotonic,10.32,10.32,31.16,moderate_agreement,19.0,1,0,0.1691,False,no_evidence,3,True,True,True,True,False,HIGH_EVIDENCE
THIN_ET_OHMC,STRONG,COMPLEX_NONLINEAR,True,INCONCLUSIVE,U_shape,51.44,45.12,53.75,high_agreement,,0,0,,False,WEAK,1,True,True,False,False,False,LOW_EVIDENCE
THIN_ET_Probe_Number,STRONG,THRESHOLD,False,INCONCLUSIVE,U_shape,75.37,73.33,79.16,high_agreement,,0,0,,False,no_evidence,1,True,True,False,False,False,LOW_EVIDENCE
THIN_ET_R_400_HOR,STRONG,THRESHOLD,False,MODERATE,threshold,37.47,35.44,46.04,high_agreement,,0,0,,False,no_evidence,2,True,True,False,False,False,MEDIUM_EVIDENCE
THIN_ET_R_400_VER,STRONG,THRESHOLD,True,INCONCLUSIVE,inverted_U,83.72,82.95,84.0,high_agreement,195.0,0,0,,False,no_evidence,2,True,True,False,True,False,MEDIUM_EVIDENCE
THIN_ET_R_4000_HOR,STRONG,SATURATION,True,WEAK,threshold,91.37,88.14,84.7,high_agreement,,1,0,0.0576,True,no_evidence,4,True,True,True,True,False,HIGH_EVIDENCE
THIN_ET_R_4000_VER,STRONG,THRESHOLD,False,INCONCLUSIVE,complex_nonmonotonic,37.26,29.82,5.68,moderate_agreement,,0,0,,False,no_evidence,1,True,True,False,False,False,LOW_EVIDENCE
THIN_ET_R_660_HOR,INCONCLUSIVE,FLAT,False,INCONCLUSIVE,complex_nonmonotonic,31.51,47.02,43.51,moderate_agreement,,0,0,,False,no_evidence,0,False,True,False,False,False,UNSUPPORTED
THIN_ET_R_660_VER,STRONG,THRESHOLD,False,INCONCLUSIVE,complex_nonmonotonic,33.47,23.44,39.37,moderate_agreement,,0,0,,False,no_evidence,1,True,True,False,False,False,LOW_EVIDENCE
THIN_ET_R_f_hr_1,STRONG,SATURATION,False,STRONG,threshold,63.44,57.61,10.04,low_agreement,,0,0,,False,MODERATE,3,True,True,False,False,True,HIGH_EVIDENCE
THIN_ET_R_f_hr_2,WEAK,SATURATION,False,INCONCLUSIVE,complex_nonmonotonic,61.89,63.44,73.26,moderate_agreement,,0,0,,False,MODERATE,1,False,True,False,False,True,LOW_EVIDENCE
THIN_ET_R_f_hr_3,STRONG,THRESHOLD,False,MODERATE,threshold,34.46,46.18,55.3,moderate_agreement,,0,0,,False,MODERATE,3,True,True,False,False,True,HIGH_EVIDENCE
THIN_ET_R_f_tn_1,WEAK,SATURATION,False,INCONCLUSIVE,complex_nonmonotonic,76.21,74.39,62.46,moderate_agreement,268.0,0,0,,False,STRONG,2,False,True,False,True,True,MEDIUM_EVIDENCE
THIN_ET_R_f_tn_2,WEAK,THRESHOLD,False,MODERATE,threshold,60.07,65.12,61.89,high_agreement,,0,0,,False,MODERATE,2,True,True,False,False,True,MEDIUM_EVIDENCE
THIN_ET_R_f_tn_3,INCONCLUSIVE,FLAT,False,MODERATE,monotonic,52.14,46.11,0.35,low_agreement,,0,0,,False,MODERATE,2,True,False,False,False,True,MEDIUM_EVIDENCE
THIN_ET_R114,MODERATE,THRESHOLD,True,MODERATE,threshold,35.09,28.28,14.88,moderate_agreement,,0,0,,False,WEAK,2,True,True,False,False,False,MEDIUM_EVIDENCE
THIN_ET_R214,STRONG,THRESHOLD,False,WEAK,threshold,61.96,53.05,61.05,high_agreement,,0,0,,False,INCONCLUSIVE,1,True,True,False,False,False,LOW_EVIDENCE
THIN_ET_R314,STRONG,THRESHOLD,True,INCONCLUSIVE,complex_nonmonotonic,57.19,61.75,54.95,high_agreement,88.0,0,0,,False,MODERATE,3,True,True,False,True,True,HIGH_EVIDENCE
THIN_ET_Ran_con_1,STRONG,THRESHOLD,False,STRONG,threshold,42.11,42.11,5.47,low_agreement,239.0,0,0,,False,STRONG,4,True,True,False,True,True,HIGH_EVIDENCE
THIN_ET_Ran_con_1_OW_CR,STRONG,SATURATION,False,INCONCLUSIVE,complex_nonmonotonic,29.82,35.86,42.32,high_agreement,212.0,0,0,,False,INCONCLUSIVE,2,True,True,False,True,False,MEDIUM_EVIDENCE
THIN_ET_Ran_con_2,STRONG,SATURATION,True,STRONG,complex_nonmonotonic,71.93,70.11,78.53,high_agreement,28.0,2,0,0.1536,True,MODERATE,6,True,True,True,True,True,HIGH_EVIDENCE
THIN_ET_Ran_con_2_OW_CR,STRONG,SATURATION,False,MODERATE,complex_nonmonotonic,52.0,50.04,49.12,high_agreement,,0,0,,False,MODERATE,3,True,True,False,False,True,HIGH_EVIDENCE
THIN_ET_Ran_con_3,WEAK,THRESHOLD,False,MODERATE,threshold,62.39,53.68,50.18,moderate_agreement,,0,0,,False,MODERATE,2,True,True,False,False,True,MEDIUM_EVIDENCE
THIN_ET_Ran_con_3_OW_CR,STRONG,THRESHOLD,False,MODERATE,threshold,78.95,73.75,72.63,high_agreement,,0,0,,False,STRONG,3,True,True,False,False,True,HIGH_EVIDENCE
THIN_ET_Rc_an_ct2,MODERATE,THRESHOLD,False,INCONCLUSIVE,complex_nonmonotonic,24.14,25.54,9.61,moderate_agreement,,0,0,,False,INCONCLUSIVE,1,True,True,False,False,False,LOW_EVIDENCE
THIN_ET_Rc_an_ct2_OW_CR,STRONG,INVERTED_U,True,MODERATE,complex_nonmonotonic,91.3,89.82,91.09,high_agreement,,0,0,,False,INCONCLUSIVE,4,True,True,False,False,False,HIGH_EVIDENCE
THIN_ET_Rc_cat_ct2,MODERATE,PROCESS_WINDOW,False,WEAK,complex_nonmonotonic,64.49,68.56,1.89,low_agreement,2.0,4,0,0.0938,False,MODERATE,4,True,True,True,True,True,HIGH_EVIDENCE
THIN_ET_Rc_cat_ct2_OW_ST,STRONG,PROCESS_WINDOW,True,WEAK,threshold,10.32,10.32,31.16,moderate_agreement,,0,0,,False,INCONCLUSIVE,1,True,True,False,False,False,LOW_EVIDENCE
THIN_ET_Rc_F_AB_2,MODERATE,SATURATION,True,WEAK,complex_nonmonotonic,45.89,58.88,55.58,high_agreement,144.0,0,0,,False,INCONCLUSIVE,2,True,True,False,True,False,MEDIUM_EVIDENCE
THIN_ET_Rc_f_hr_23,STRONG,SATURATION,True,INCONCLUSIVE,complex_nonmonotonic,82.88,88.07,72.35,moderate_agreement,24.0,2,0,0.1239,False,INCONCLUSIVE,3,True,True,True,True,False,HIGH_EVIDENCE
THIN_ET_Rc_f_tn_23,STRONG,THRESHOLD,True,INCONCLUSIVE,complex_nonmonotonic,75.3,59.65,69.61,moderate_agreement,193.0,0,0,,False,WEAK,2,True,True,False,True,False,MEDIUM_EVIDENCE
THIN_ET_Rc_OG142,STRONG,PROCESS_WINDOW,True,INCONCLUSIVE,complex_nonmonotonic,96.77,94.39,96.91,high_agreement,20.0,2,0,0.1031,False,INCONCLUSIVE,5,True,True,True,True,False,HIGH_EVIDENCE
THIN_ET_Rc_TF_AB_2,STRONG,COMPLEX_NONLINEAR,True,WEAK,complex_nonmonotonic,21.82,21.89,38.53,moderate_agreement,15.0,4,0,0.175,False,STRONG,4,True,True,True,True,True,HIGH_EVIDENCE
THIN_ET_Rcat_cn_1,STRONG,SATURATION,True,INCONCLUSIVE,complex_nonmonotonic,97.54,96.28,97.4,high_agreement,89.0,0,1,0.0541,False,WEAK,5,True,True,True,True,False,HIGH_EVIDENCE
THIN_ET_Rcat_cn_1_OW_ST,STRONG,COMPLEX_NONLINEAR,True,INCONCLUSIVE,complex_nonmonotonic,89.47,89.26,89.54,high_agreement,125.0,0,0,,False,MODERATE,3,True,True,False,True,True,HIGH_EVIDENCE
THIN_ET_Rcat_cn_2,STRONG,THRESHOLD,False,INCONCLUSIVE,complex_nonmonotonic,41.05,47.93,37.82,high_agreement,226.0,0,0,,False,INCONCLUSIVE,2,True,True,False,True,False,MEDIUM_EVIDENCE
THIN_ET_Rcat_cn_2_OW_ST,STRONG,SATURATION,True,WEAK,complex_nonmonotonic,10.32,10.32,31.16,moderate_agreement,56.0,0,0,,False,INCONCLUSIVE,2,True,True,False,True,False,MEDIUM_EVIDENCE
THIN_ET_Rcat_cn_3,WEAK,SATURATION,True,MODERATE,inverted_U,70.32,68.35,69.68,high_agreement,37.0,2,1,0.0919,False,INCONCLUSIVE,3,True,True,True,True,False,HIGH_EVIDENCE
THIN_ET_Rcat_cn_3_OW_ST,STRONG,PROCESS_WINDOW,True,STRONG,complex_nonmonotonic,10.32,10.32,31.16,moderate_agreement,,0,0,,False,INCONCLUSIVE,2,True,True,False,False,False,MEDIUM_EVIDENCE
THIN_ET_Rsh_an_ct2,MODERATE,THRESHOLD,False,WEAK,complex_nonmonotonic,67.02,62.95,67.3,high_agreement,65.0,0,0,,False,MODERATE,3,True,True,False,True,True,HIGH_EVIDENCE
THIN_ET_Rsh_an_ct2_OW_CR,INCONCLUSIVE,FLAT,False,INCONCLUSIVE,inverted_U,21.68,17.54,35.86,moderate_agreement,223.0,0,0,,False,MODERATE,2,False,True,False,True,True,MEDIUM_EVIDENCE
THIN_ET_Rsh_cat_c2,INCONCLUSIVE,FLAT,False,MODERATE,threshold,13.68,14.81,15.16,high_agreement,233.0,0,0,,False,MODERATE,3,True,True,False,True,True,HIGH_EVIDENCE
THIN_ET_Rsh_cat_c2_OW_ST,INCONCLUSIVE,FLAT,False,INCONCLUSIVE,complex_nonmonotonic,10.53,10.67,19.72,high_agreement,274.0,0,0,,False,INCONCLUSIVE,1,False,True,False,True,False,LOW_EVIDENCE
THIN_ET_Rsh_F_AB_2,STRONG,SATURATION,False,INCONCLUSIVE,complex_nonmonotonic,66.18,65.96,68.77,high_agreement,,0,0,,False,MODERATE,2,True,True,False,False,True,MEDIUM_EVIDENCE
THIN_ET_Rsh_TF_AB2,INCONCLUSIVE,FLAT,False,STRONG,threshold,83.16,83.16,76.35,high_agreement,,0,0,,False,no_evidence,1,True,True,False,False,False,LOW_EVIDENCE
THIN_ET_sh_f_hr_23,STRONG,COMPLEX_NONLINEAR,True,STRONG,complex_nonmonotonic,90.88,85.96,87.79,high_agreement,184.0,1,0,0.068,False,STRONG,6,True,True,True,True,True,HIGH_EVIDENCE
THIN_ET_sh_f_tn_23,STRONG,SATURATION,False,INCONCLUSIVE,complex_nonmonotonic,22.18,21.4,36.77,moderate_agreement,,0,0,,False,WEAK,1,True,True,False,False,False,LOW_EVIDENCE
THIN_ET_sh_GA142,INCONCLUSIVE,FLAT,False,INCONCLUSIVE,complex_nonmonotonic,48.35,59.51,5.12,low_agreement,,0,0,,False,STRONG,1,False,True,False,False,True,LOW_EVIDENCE
THIN_ET_TANR,STRONG,THRESHOLD,False,MODERATE,threshold,33.68,37.4,8.28,moderate_agreement,,0,0,,False,MODERATE,3,True,True,False,False,True,HIGH_EVIDENCE
THIN_ET_TF_AB_1,STRONG,THRESHOLD,True,INCONCLUSIVE,complex_nonmonotonic,97.47,97.4,97.33,high_agreement,195.0,1,0,0.0809,True,INCONCLUSIVE,6,True,True,True,True,False,HIGH_EVIDENCE
THIN_ET_TF_AB_2,MODERATE,THRESHOLD,True,INCONCLUSIVE,inverted_U,80.56,81.19,86.88,high_agreement,3.0,10,0,0.2404,False,STRONG,4,True,True,True,True,True,HIGH_EVIDENCE
THIN_ET_TF_AB_3,STRONG,THRESHOLD,True,INCONCLUSIVE,complex_nonmonotonic,30.25,25.96,32.35,high_agreement,,0,0,,False,INCONCLUSIVE,1,True,True,False,False,False,LOW_EVIDENCE
THIN_ET_TFR_AB,STRONG,SATURATION,False,MODERATE,monotonic,39.02,35.09,12.35,moderate_agreement,,0,0,,False,no_evidence,2,True,False,False,False,False,MEDIUM_EVIDENCE
THIN_ET_Vbpin,STRONG,THRESHOLD,True,INCONCLUSIVE,complex_nonmonotonic,67.72,66.53,75.3,high_agreement,,0,0,,False,no_evidence,1,True,True,False,False,False,LOW_EVIDENCE
THIN_ET_Vbpin_D60,STRONG,COMPLEX_NONLINEAR,True,INCONCLUSIVE,complex_nonmonotonic,74.25,73.26,80.28,high_agreement,,0,0,,False,no_evidence,1,True,True,False,False,False,LOW_EVIDENCE
THIN_ET_Vk,INCONCLUSIVE,FLAT,False,INCONCLUSIVE,flat,29.68,18.53,42.67,moderate_agreement,128.0,0,0,,False,no_evidence,1,False,False,False,True,False,LOW_EVIDENCE
THIN_ET_DC_RD_Vboff,WEAK,SATURATION,True,STRONG,threshold,47.23,37.19,4.84,low_agreement,,0,0,,False,no_evidence,1,True,True,False,False,False,LOW_EVIDENCE
THIN_ET_DC_RF_Gm_0,STRONG,COMPLEX_NONLINEAR,True,WEAK,complex_nonmonotonic,33.26,19.23,54.39,low_agreement,,0,0,,False,MODERATE,2,True,True,False,False,True,MEDIUM_EVIDENCE
THIN_ET_DC_RF_Gm_m0p2,STRONG,COMPLEX_NONLINEAR,True,WEAK,complex_nonmonotonic,43.37,49.54,51.37,high_agreement,,0,0,,False,INCONCLUSIVE,1,True,True,False,False,False,LOW_EVIDENCE
THIN_ET_DC_RF_Gm_max,MODERATE,COMPLEX_NONLINEAR,True,INCONCLUSIVE,complex_nonmonotonic,10.32,10.32,31.16,moderate_agreement,159.0,0,0,,False,MODERATE,3,True,True,False,True,True,HIGH_EVIDENCE
THIN_ET_DC_RF_Id_gm_max,STRONG,COMPLEX_NONLINEAR,True,STRONG,complex_nonmonotonic,17.68,26.11,52.49,moderate_agreement,,0,0,,False,STRONG,3,True,True,False,False,True,HIGH_EVIDENCE
THIN_ET_DC_RF_Ids_m0p2,INCONCLUSIVE,FLAT,False,MODERATE,monotonic,55.51,38.53,59.16,moderate_agreement,,0,0,,False,STRONG,2,True,False,False,False,True,MEDIUM_EVIDENCE
THIN_ET_DC_RF_Idss,STRONG,COMPLEX_NONLINEAR,True,STRONG,complex_nonmonotonic,11.65,13.26,17.96,high_agreement,,0,0,,False,INCONCLUSIVE,2,True,True,False,False,False,MEDIUM_EVIDENCE
THIN_ET_DC_RF_Imax,STRONG,COMPLEX_NONLINEAR,True,MODERATE,complex_nonmonotonic,31.86,31.86,4.21,moderate_agreement,,0,0,,False,STRONG,3,True,True,False,False,True,HIGH_EVIDENCE
THIN_ET_DC_RF_n_gd,STRONG,THRESHOLD,True,STRONG,threshold,35.93,40.91,48.63,high_agreement,,0,0,,False,MODERATE,3,True,True,False,False,True,HIGH_EVIDENCE
THIN_ET_DC_RF_n_gs,STRONG,THRESHOLD,True,STRONG,threshold,21.33,24.63,40.63,moderate_agreement,,0,0,,False,MODERATE,3,True,True,False,False,True,HIGH_EVIDENCE
THIN_ET_DC_RF_Vbgd_0p01,STRONG,SATURATION,False,INCONCLUSIVE,complex_nonmonotonic,65.4,66.95,53.68,moderate_agreement,,0,0,,False,MODERATE,2,True,True,False,False,True,MEDIUM_EVIDENCE
THIN_ET_DC_RF_Vbgd_0p1,MODERATE,SATURATION,True,INCONCLUSIVE,complex_nonmonotonic,51.93,54.88,0.77,low_agreement,,0,0,,False,STRONG,2,True,True,False,False,True,MEDIUM_EVIDENCE
THIN_ET_DC_RF_Vbgd1,STRONG,THRESHOLD,True,INCONCLUSIVE,complex_nonmonotonic,10.32,10.32,31.16,moderate_agreement,,0,0,,False,STRONG,2,True,True,False,False,True,MEDIUM_EVIDENCE
THIN_ET_DC_RF_Vbgs_0p01,STRONG,THRESHOLD,False,INCONCLUSIVE,complex_nonmonotonic,89.26,94.46,92.28,high_agreement,,0,0,,False,WEAK,2,True,True,False,False,False,MEDIUM_EVIDENCE
THIN_ET_DC_RF_Vbgs_0p1,STRONG,THRESHOLD,True,STRONG,threshold,81.33,86.18,81.68,high_agreement,58.0,0,0,,False,MODERATE,4,True,True,False,True,True,HIGH_EVIDENCE
THIN_ET_DC_RF_Vbgs1,STRONG,U_SHAPED,True,WEAK,complex_nonmonotonic,70.67,78.67,37.33,low_agreement,171.0,0,0,,False,STRONG,3,True,True,False,True,True,HIGH_EVIDENCE
THIN_ET_DC_RF_Vbin_gd,MODERATE,THRESHOLD,True,WEAK,U_shape,72.42,71.09,67.79,high_agreement,,0,0,,False,MODERATE,2,True,True,False,False,True,MEDIUM_EVIDENCE
THIN_ET_DC_RF_Vbin_gs,STRONG,SATURATION,False,INCONCLUSIVE,complex_nonmonotonic,41.89,37.26,51.02,high_agreement,,0,0,,False,MODERATE,2,True,True,False,False,True,MEDIUM_EVIDENCE
THIN_ET_DC_RF_Vdg_max,STRONG,SATURATION,False,MODERATE,threshold,34.95,25.47,51.58,moderate_agreement,,0,0,,False,MODERATE,3,True,True,False,False,True,HIGH_EVIDENCE
THIN_ET_DC_RF_Vdg_max_0p1mA,STRONG,THRESHOLD,True,STRONG,complex_nonmonotonic,17.19,16.84,35.09,moderate_agreement,,0,0,,False,INCONCLUSIVE,2,True,True,False,False,False,MEDIUM_EVIDENCE
THIN_ET_DC_RF_Vds_max,STRONG,THRESHOLD,False,INCONCLUSIVE,complex_nonmonotonic,31.09,23.23,7.44,moderate_agreement,,0,0,,False,STRONG,2,True,True,False,False,True,MEDIUM_EVIDENCE
THIN_ET_DC_RF_Vds_max_0p1mA,MODERATE,SATURATION,False,WEAK,complex_nonmonotonic,77.54,70.39,75.93,high_agreement,133.0,0,0,,False,WEAK,2,True,True,False,True,False,MEDIUM_EVIDENCE
THIN_ET_DC_RF_Vg_gm_max,STRONG,COMPLEX_NONLINEAR,True,WEAK,complex_nonmonotonic,51.86,50.81,60.77,high_agreement,,0,0,,False,STRONG,2,True,True,False,False,True,MEDIUM_EVIDENCE
THIN_ET_DC_RF_Vg_max_Vd,STRONG,COMPLEX_NONLINEAR,True,MODERATE,complex_nonmonotonic,58.39,64.49,68.7,moderate_agreement,,0,0,,False,STRONG,3,True,True,False,False,True,HIGH_EVIDENCE
THIN_ET_DC_RF_Vg_max_Vd_0p1mA,STRONG,U_SHAPED,False,STRONG,threshold,21.96,34.46,20.84,high_agreement,,0,0,,False,STRONG,3,True,True,False,False,True,HIGH_EVIDENCE
THIN_ET_DC_RF_Vg_optt1,STRONG,COMPLEX_NONLINEAR,True,WEAK,complex_nonmonotonic,91.16,91.3,92.63,high_agreement,172.0,0,0,,False,MODERATE,5,True,True,False,True,True,HIGH_EVIDENCE
THIN_ET_DC_RF_Vg_optt2,STRONG,THRESHOLD,True,STRONG,threshold,87.44,90.39,91.16,high_agreement,108.0,0,0,,False,MODERATE,5,True,True,False,True,True,HIGH_EVIDENCE
THIN_ET_DC_RF_Vg_optt3,STRONG,COMPLEX_NONLINEAR,False,STRONG,complex_nonmonotonic,86.04,87.09,88.28,high_agreement,21.0,4,0,0.1762,True,STRONG,6,True,True,True,True,True,HIGH_EVIDENCE
THIN_ET_DC_RF_Vp_01,WEAK,SATURATION,False,WEAK,complex_nonmonotonic,31.44,20.84,10.95,moderate_agreement,252.0,0,0,,False,STRONG,2,False,True,False,True,True,MEDIUM_EVIDENCE
THIN_ET_DC_RF_Vp_1,STRONG,COMPLEX_NONLINEAR,True,INCONCLUSIVE,complex_nonmonotonic,22.81,33.47,13.26,moderate_agreement,,1,0,0.1885,False,MODERATE,3,True,True,True,True,True,HIGH_EVIDENCE
THIN_ET_DC_RF_Vt_gd,INCONCLUSIVE,FLAT,False,WEAK,monotonic,58.46,54.32,62.74,high_agreement,,0,0,,False,STRONG,1,False,False,False,False,True,LOW_EVIDENCE
THIN_ET_DC_RF_Vt_gs,INCONCLUSIVE,FLAT,False,INCONCLUSIVE,U_shape,14.53,10.95,35.72,moderate_agreement,,0,0,,False,MODERATE,1,False,True,False,False,True,LOW_EVIDENCE
TOPSIN_ET_ABVIETCH,STRONG,SATURATION,True,MODERATE,threshold,67.44,57.75,65.68,high_agreement,,0,0,,False,WEAK,2,True,True,False,False,False,MEDIUM_EVIDENCE
TOPSIN_ET_C100C175pf,MODERATE,PROCESS_WINDOW,False,INCONCLUSIVE,complex_nonmonotonic,19.93,24.7,8.0,moderate_agreement,,0,0,,False,no_evidence,1,True,True,False,False,False,LOW_EVIDENCE
TOPSIN_ET_C100C300pf,MODERATE,INVERTED_U,True,MODERATE,threshold,59.02,66.18,66.46,high_agreement,,0,0,,False,no_evidence,2,True,True,False,False,False,MEDIUM_EVIDENCE
TOPSIN_ET_C100C385pf,INCONCLUSIVE,FLAT,False,MODERATE,complex_nonmonotonic,26.39,28.98,11.16,moderate_agreement,,0,0,,False,no_evidence,1,True,True,False,False,False,LOW_EVIDENCE
TOPSIN_ET_C100C450pf,INCONCLUSIVE,FLAT,True,WEAK,threshold,10.32,10.32,31.16,moderate_agreement,124.0,0,0,,False,no_evidence,1,False,True,False,True,False,LOW_EVIDENCE
TOPSIN_ET_C100C500pf,STRONG,THRESHOLD,False,MODERATE,complex_nonmonotonic,77.19,72.56,82.25,high_agreement,,0,0,,False,no_evidence,2,True,True,False,False,False,MEDIUM_EVIDENCE
TOPSIN_ET_C100Cap1pf,STRONG,INVERTED_U,True,INCONCLUSIVE,complex_nonmonotonic,99.86,99.65,99.72,high_agreement,157.0,18,10,0.1846,True,no_evidence,6,True,True,True,True,False,HIGH_EVIDENCE
TOPSIN_ET_C100Cap2pf,STRONG,SATURATION,True,MODERATE,complex_nonmonotonic,98.81,98.67,98.39,high_agreement,93.0,0,0,0.0095,True,no_evidence,6,True,True,False,True,False,HIGH_EVIDENCE
TOPSIN_ET_C100Cap3pf,INCONCLUSIVE,FLAT,True,INCONCLUSIVE,complex_nonmonotonic,77.75,75.93,80.07,high_agreement,74.0,0,0,,False,no_evidence,1,False,True,False,True,False,LOW_EVIDENCE
TOPSIN_ET_C100CapFICBRGM,WEAK,THRESHOLD,True,INCONCLUSIVE,complex_nonmonotonic,10.32,10.32,31.16,moderate_agreement,,0,0,,False,no_evidence,0,False,True,False,False,False,UNSUPPORTED
TOPSIN_ET_C100CapFICM1,MODERATE,THRESHOLD,False,INCONCLUSIVE,inverted_U,31.79,39.23,50.39,moderate_agreement,48.0,2,0,0.2009,False,no_evidence,3,True,True,True,True,False,HIGH_EVIDENCE
TOPSIN_ET_C100CapM1BRGM,STRONG,COMPLEX_NONLINEAR,True,STRONG,complex_nonmonotonic,14.04,13.68,20.35,high_agreement,,0,0,,False,no_evidence,2,True,True,False,False,False,MEDIUM_EVIDENCE
TOPSIN_ET_C100CapPARCAP,STRONG,SATURATION,True,INCONCLUSIVE,complex_nonmonotonic,90.46,83.3,89.47,high_agreement,153.0,0,0,,False,no_evidence,3,True,True,False,True,False,HIGH_EVIDENCE
TOPSIN_ET_C100CapUSV,STRONG,COMPLEX_NONLINEAR,True,STRONG,complex_nonmonotonic,63.86,74.53,72.28,moderate_agreement,40.0,1,0,0.271,False,no_evidence,4,True,True,True,True,False,HIGH_EVIDENCE
TOPSIN_ET_C175pf,STRONG,COMPLEX_NONLINEAR,True,INCONCLUSIVE,U_shape,90.74,80.14,84.56,moderate_agreement,,0,0,,False,no_evidence,2,True,True,False,False,False,MEDIUM_EVIDENCE
TOPSIN_ET_C175pf_0,STRONG,THRESHOLD,False,WEAK,threshold,40.56,53.12,34.88,moderate_agreement,,0,0,,False,no_evidence,1,True,True,False,False,False,LOW_EVIDENCE
TOPSIN_ET_C300,INCONCLUSIVE,FLAT,True,INCONCLUSIVE,complex_nonmonotonic,10.32,10.32,31.16,moderate_agreement,34.0,2,0,0.1954,True,INCONCLUSIVE,3,False,True,True,True,False,HIGH_EVIDENCE
TOPSIN_ET_C300_0,WEAK,THRESHOLD,True,INCONCLUSIVE,complex_nonmonotonic,87.51,89.61,91.3,high_agreement,215.0,0,0,,False,INCONCLUSIVE,2,True,True,False,True,False,MEDIUM_EVIDENCE
TOPSIN_ET_C300pf,STRONG,COMPLEX_NONLINEAR,True,MODERATE,complex_nonmonotonic,14.11,16.49,33.89,moderate_agreement,87.0,1,0,0.1457,False,no_evidence,4,True,True,True,True,False,HIGH_EVIDENCE
TOPSIN_ET_C300pf_0,STRONG,COMPLEX_NONLINEAR,True,INCONCLUSIVE,inverted_U,70.18,68.14,66.95,high_agreement,,0,0,,False,no_evidence,1,True,True,False,False,False,LOW_EVIDENCE
TOPSIN_ET_C385pf,INCONCLUSIVE,FLAT,False,MODERATE,threshold,10.32,10.32,31.16,moderate_agreement,,0,0,,False,no_evidence,1,True,True,False,False,False,LOW_EVIDENCE
TOPSIN_ET_C385pf_0,WEAK,SATURATION,False,WEAK,monotonic,37.68,37.89,10.67,moderate_agreement,,0,0,,False,no_evidence,0,False,False,False,False,False,UNSUPPORTED
TOPSIN_ET_C450pf,INCONCLUSIVE,FLAT,False,WEAK,threshold,30.67,31.65,18.04,high_agreement,,0,0,,False,no_evidence,0,False,True,False,False,False,UNSUPPORTED
TOPSIN_ET_C450pf_0,STRONG,THRESHOLD,True,STRONG,threshold,39.44,52.14,4.63,low_agreement,,0,0,,False,no_evidence,2,True,True,False,False,False,MEDIUM_EVIDENCE
TOPSIN_ET_C500pf,STRONG,COMPLEX_NONLINEAR,True,WEAK,complex_nonmonotonic,80.98,70.32,79.44,moderate_agreement,,0,0,,False,no_evidence,1,True,True,False,False,False,LOW_EVIDENCE
TOPSIN_ET_C500pf_0,STRONG,COMPLEX_NONLINEAR,True,INCONCLUSIVE,complex_nonmonotonic,85.19,82.6,86.95,high_agreement,,0,0,,False,no_evidence,1,True,True,False,False,False,LOW_EVIDENCE
TOPSIN_ET_Cap_C300,STRONG,COMPLEX_NONLINEAR,True,WEAK,complex_nonmonotonic,86.74,90.53,87.58,high_agreement,101.0,1,0,0.1456,False,INCONCLUSIVE,3,True,True,True,True,False,HIGH_EVIDENCE
TOPSIN_ET_Cap_USV,STRONG,SATURATION,False,MODERATE,monotonic,16.84,11.16,16.91,high_agreement,224.0,0,0,,False,no_evidence,3,True,False,False,True,False,HIGH_EVIDENCE
TOPSIN_ET_Cap1pf,WEAK,INVERTED_U,True,WEAK,complex_nonmonotonic,20.56,22.53,18.95,high_agreement,42.0,1,0,0.175,False,no_evidence,2,False,True,True,True,False,HIGH_EVIDENCE
TOPSIN_ET_Cap1pf_0,INCONCLUSIVE,FLAT,False,INCONCLUSIVE,complex_nonmonotonic,89.33,89.75,84.14,high_agreement,160.0,0,0,,False,no_evidence,1,False,True,False,True,False,LOW_EVIDENCE
TOPSIN_ET_Cap2pf,STRONG,U_SHAPED,True,WEAK,complex_nonmonotonic,24.91,26.6,32.63,high_agreement,,1,0,0.1501,False,no_evidence,2,True,True,True,True,False,HIGH_EVIDENCE
TOPSIN_ET_Cap2pf_0,STRONG,SATURATION,True,INCONCLUSIVE,complex_nonmonotonic,19.51,22.81,35.93,moderate_agreement,206.0,0,0,,False,no_evidence,2,True,True,False,True,False,MEDIUM_EVIDENCE
TOPSIN_ET_Cap3pf,MODERATE,COMPLEX_NONLINEAR,True,INCONCLUSIVE,complex_nonmonotonic,97.82,98.11,97.68,high_agreement,24.0,1,0,0.1964,False,no_evidence,5,True,True,True,True,False,HIGH_EVIDENCE
TOPSIN_ET_Cap3pf_0,STRONG,COMPLEX_NONLINEAR,True,WEAK,complex_nonmonotonic,98.32,98.04,97.96,high_agreement,199.0,1,0,0.0366,False,no_evidence,5,True,True,True,True,False,HIGH_EVIDENCE
TOPSIN_ET_CapFICBRGM,MODERATE,COMPLEX_NONLINEAR,True,MODERATE,complex_nonmonotonic,10.32,10.32,31.16,moderate_agreement,,1,0,0.09,False,no_evidence,3,True,True,True,True,False,HIGH_EVIDENCE
TOPSIN_ET_CapFICBRGM_0,STRONG,COMPLEX_NONLINEAR,True,WEAK,complex_nonmonotonic,72.0,75.86,65.54,moderate_agreement,,0,0,,False,no_evidence,1,True,True,False,False,False,LOW_EVIDENCE
TOPSIN_ET_CapFICM1,WEAK,INVERTED_U,True,WEAK,inverted_U,80.07,71.51,72.56,high_agreement,13.0,3,0,0.2428,False,no_evidence,2,False,True,True,True,False,HIGH_EVIDENCE
TOPSIN_ET_CapFICM1_0,STRONG,SATURATION,True,INCONCLUSIVE,complex_nonmonotonic,17.47,12.42,14.39,high_agreement,8.0,2,0,0.2156,False,no_evidence,3,True,True,True,True,False,HIGH_EVIDENCE
TOPSIN_ET_CapM1BRGM,STRONG,COMPLEX_NONLINEAR,True,INCONCLUSIVE,complex_nonmonotonic,22.04,20.42,10.39,high_agreement,,0,0,,False,no_evidence,1,True,True,False,False,False,LOW_EVIDENCE
TOPSIN_ET_CapM1BRGM_0,STRONG,COMPLEX_NONLINEAR,True,INCONCLUSIVE,complex_nonmonotonic,18.18,19.51,44.14,moderate_agreement,,0,0,,False,no_evidence,1,True,True,False,False,False,LOW_EVIDENCE
TOPSIN_ET_CapPARCAP,STRONG,COMPLEX_NONLINEAR,False,INCONCLUSIVE,complex_nonmonotonic,47.65,42.88,57.19,high_agreement,47.0,0,1,0.0488,False,no_evidence,3,True,True,True,True,False,HIGH_EVIDENCE
TOPSIN_ET_CapPARCAP_0,STRONG,COMPLEX_NONLINEAR,True,INCONCLUSIVE,complex_nonmonotonic,93.61,93.26,89.89,high_agreement,6.0,3,0,0.1049,False,no_evidence,4,True,True,True,True,False,HIGH_EVIDENCE
TOPSIN_ET_CapUSV_0,STRONG,THRESHOLD,True,WEAK,inverted_U,93.19,96.49,92.98,high_agreement,207.0,0,0,,False,no_evidence,4,True,True,False,True,False,HIGH_EVIDENCE
TOPSIN_ET_G_per_6K,INCONCLUSIVE,FLAT,False,INCONCLUSIVE,flat,63.09,49.26,43.72,moderate_agreement,,0,0,,False,MODERATE,1,False,False,False,False,True,LOW_EVIDENCE
TOPSIN_ET_G2_per_6K,WEAK,SATURATION,False,INCONCLUSIVE,complex_nonmonotonic,67.23,71.79,70.18,high_agreement,,0,0,,False,INCONCLUSIVE,0,False,True,False,False,False,UNSUPPORTED
TOPSIN_ET_Gate_res,WEAK,PROCESS_WINDOW,True,INCONCLUSIVE,complex_nonmonotonic,42.53,61.54,58.53,moderate_agreement,45.0,1,0,0.187,False,INCONCLUSIVE,2,False,True,True,True,False,HIGH_EVIDENCE
TOPSIN_ET_GC_Igs,MODERATE,THRESHOLD,False,STRONG,threshold,32.77,29.4,50.11,moderate_agreement,,0,0,,False,no_evidence,2,True,True,False,False,False,MEDIUM_EVIDENCE
TOPSIN_ET_Gm_m2,STRONG,SATURATION,False,WEAK,complex_nonmonotonic,32.21,38.6,18.67,moderate_agreement,151.0,0,0,,False,MODERATE,3,True,True,False,True,True,HIGH_EVIDENCE
TOPSIN_ET_Gm_max,MODERATE,COMPLEX_NONLINEAR,True,WEAK,complex_nonmonotonic,10.32,10.32,31.16,moderate_agreement,62.0,0,0,,False,STRONG,3,True,True,False,True,True,HIGH_EVIDENCE
TOPSIN_ET_HIRS,STRONG,COMPLEX_NONLINEAR,False,INCONCLUSIVE,complex_nonmonotonic,83.58,87.58,87.02,high_agreement,,0,0,,False,MODERATE,2,True,True,False,False,True,MEDIUM_EVIDENCE
TOPSIN_ET_I_5,MODERATE,THRESHOLD,True,STRONG,threshold,17.05,16.35,11.44,high_agreement,135.0,0,0,,False,no_evidence,3,True,True,False,True,False,HIGH_EVIDENCE
TOPSIN_ET_Ids_m2,STRONG,PROCESS_WINDOW,True,INCONCLUSIVE,complex_nonmonotonic,87.37,89.96,84.63,high_agreement,284.0,0,0,,False,WEAK,2,True,True,False,True,False,MEDIUM_EVIDENCE
TOPSIN_ET_KLV_F_AB_4u,INCONCLUSIVE,FLAT,False,MODERATE,complex_nonmonotonic,58.32,62.18,64.7,high_agreement,281.0,0,0,,False,STRONG,3,True,True,False,True,True,HIGH_EVIDENCE
TOPSIN_ET_KLV_F_AB_4u_FEMSO,INCONCLUSIVE,FLAT,False,STRONG,threshold,60.28,34.6,43.58,moderate_agreement,,0,0,,False,no_evidence,1,True,True,False,False,False,LOW_EVIDENCE
TOPSIN_ET_KLV_F_M1_4u,STRONG,SATURATION,False,MODERATE,threshold,45.54,47.37,57.75,high_agreement,,0,0,,False,WEAK,2,True,True,False,False,False,MEDIUM_EVIDENCE
TOPSIN_ET_lkg_5,STRONG,THRESHOLD,True,INCONCLUSIVE,complex_nonmonotonic,98.67,93.68,98.53,high_agreement,150.0,1,0,0.1434,False,STRONG,6,True,True,True,True,True,HIGH_EVIDENCE
TOPSIN_ET_lkg_C175pf,STRONG,COMPLEX_NONLINEAR,True,MODERATE,inverted_U,50.95,53.4,58.39,high_agreement,,0,0,,False,no_evidence,2,True,True,False,False,False,MEDIUM_EVIDENCE
TOPSIN_ET_lkg_C300,STRONG,COMPLEX_NONLINEAR,True,WEAK,complex_nonmonotonic,10.32,10.32,31.16,moderate_agreement,85.0,0,0,,False,INCONCLUSIVE,2,True,True,False,True,False,MEDIUM_EVIDENCE
TOPSIN_ET_lkg_C300pf,STRONG,THRESHOLD,False,MODERATE,monotonic,78.04,75.51,82.6,high_agreement,68.0,0,0,,False,no_evidence,3,True,False,False,True,False,HIGH_EVIDENCE
TOPSIN_ET_lkg_C385pf,WEAK,THRESHOLD,True,INCONCLUSIVE,complex_nonmonotonic,78.11,81.68,82.95,high_agreement,54.0,0,0,,False,no_evidence,1,False,True,False,True,False,LOW_EVIDENCE
TOPSIN_ET_lkg_C450pf,MODERATE,U_SHAPED,True,WEAK,threshold,85.75,84.98,80.91,high_agreement,5.0,21,2,0.1831,False,no_evidence,3,True,True,True,True,False,HIGH_EVIDENCE
TOPSIN_ET_lkg_C500pf,STRONG,PROCESS_WINDOW,False,INCONCLUSIVE,complex_nonmonotonic,10.32,10.32,31.16,moderate_agreement,,0,0,,False,no_evidence,1,True,True,False,False,False,LOW_EVIDENCE
TOPSIN_ET_lkg_Cap_USV,STRONG,THRESHOLD,False,MODERATE,complex_nonmonotonic,59.16,61.12,61.75,high_agreement,5.0,1,0,0.1488,False,no_evidence,4,True,True,True,True,False,HIGH_EVIDENCE
TOPSIN_ET_lkg_Cap1,STRONG,THRESHOLD,False,INCONCLUSIVE,complex_nonmonotonic,10.32,10.32,31.16,moderate_agreement,274.0,0,0,,False,no_evidence,2,True,True,False,True,False,MEDIUM_EVIDENCE
TOPSIN_ET_lkg_Cap2,STRONG,THRESHOLD,False,MODERATE,threshold,15.44,16.21,17.19,high_agreement,149.0,0,0,,False,no_evidence,3,True,True,False,True,False,HIGH_EVIDENCE
TOPSIN_ET_lkg_Cap3,STRONG,SATURATION,True,WEAK,complex_nonmonotonic,10.32,10.32,31.16,moderate_agreement,15.0,2,0,0.2299,False,no_evidence,3,True,True,True,True,False,HIGH_EVIDENCE
TOPSIN_ET_lkg_CapFICBRGM,MODERATE,SATURATION,False,STRONG,complex_nonmonotonic,10.32,10.32,31.16,moderate_agreement,,0,0,,False,no_evidence,2,True,True,False,False,False,MEDIUM_EVIDENCE
TOPSIN_ET_lkg_CapFICM1,STRONG,THRESHOLD,False,INCONCLUSIVE,complex_nonmonotonic,46.46,60.42,58.25,high_agreement,2.0,9,0,0.271,False,no_evidence,3,True,True,True,True,False,HIGH_EVIDENCE
TOPSIN_ET_lkg_CapM1BRGM,STRONG,COMPLEX_NONLINEAR,True,WEAK,complex_nonmonotonic,10.32,10.32,31.16,moderate_agreement,,0,0,,False,no_evidence,1,True,True,False,False,False,LOW_EVIDENCE
TOPSIN_ET_lkg_CapPARCAP,WEAK,THRESHOLD,True,INCONCLUSIVE,complex_nonmonotonic,10.32,10.32,31.16,moderate_agreement,30.0,1,0,0.1181,False,no_evidence,2,False,True,True,True,False,HIGH_EVIDENCE
TOPSIN_ET_lkg_SY07_10,WEAK,SATURATION,True,INCONCLUSIVE,inverted_U,59.23,60.84,71.65,moderate_agreement,47.0,1,0,0.2277,False,INCONCLUSIVE,2,False,True,True,True,False,HIGH_EVIDENCE
TOPSIN_ET_lkg_SY8_80,STRONG,THRESHOLD,True,INCONCLUSIVE,complex_nonmonotonic,11.44,15.58,16.07,high_agreement,32.0,1,0,0.2238,False,INCONCLUSIVE,3,True,True,True,True,False,HIGH_EVIDENCE
TOPSIN_ET_OHMC,STRONG,THRESHOLD,False,INCONCLUSIVE,inverted_U,65.26,71.44,70.25,high_agreement,112.0,0,0,,False,STRONG,3,True,True,False,True,True,HIGH_EVIDENCE
TOPSIN_ET_OHMC_GN,INCONCLUSIVE,FLAT,False,MODERATE,threshold,26.11,27.72,36.0,high_agreement,,0,0,,False,no_evidence,1,True,True,False,False,False,LOW_EVIDENCE
TOPSIN_ET_Probe_Number,STRONG,COMPLEX_NONLINEAR,False,WEAK,complex_nonmonotonic,79.16,79.86,73.05,high_agreement,,0,0,,False,no_evidence,1,True,True,False,False,False,LOW_EVIDENCE
TOPSIN_ET_R_f_hr_1,STRONG,THRESHOLD,False,INCONCLUSIVE,U_shape,48.84,54.74,2.6,low_agreement,,0,0,,False,MODERATE,2,True,True,False,False,True,MEDIUM_EVIDENCE
TOPSIN_ET_R_f_hr_2,INCONCLUSIVE,FLAT,False,INCONCLUSIVE,complex_nonmonotonic,90.18,90.11,90.53,high_agreement,94.0,0,0,,False,MODERATE,4,True,True,False,True,True,HIGH_EVIDENCE
TOPSIN_ET_R_f_hr_3,WEAK,SATURATION,True,INCONCLUSIVE,complex_nonmonotonic,97.96,98.25,98.46,high_agreement,,1,1,0.1217,False,MODERATE,4,True,True,True,True,True,HIGH_EVIDENCE
TOPSIN_ET_R_f_tn_1,STRONG,THRESHOLD,False,STRONG,threshold,73.4,56.14,74.67,moderate_agreement,,0,0,,False,STRONG,3,True,True,False,False,True,HIGH_EVIDENCE
TOPSIN_ET_R_f_tn_2,WEAK,THRESHOLD,False,INCONCLUSIVE,complex_nonmonotonic,29.96,26.53,12.21,moderate_agreement,,0,0,,False,MODERATE,1,False,True,False,False,True,LOW_EVIDENCE
TOPSIN_ET_R_f_tn_3,INCONCLUSIVE,FLAT,False,INCONCLUSIVE,complex_nonmonotonic,54.32,52.07,59.02,high_agreement,,0,0,,False,INCONCLUSIVE,0,False,True,False,False,False,UNSUPPORTED
TOPSIN_ET_R114,STRONG,U_SHAPED,True,MODERATE,complex_nonmonotonic,16.21,22.39,20.28,high_agreement,,0,0,,False,STRONG,3,True,True,False,False,True,HIGH_EVIDENCE
TOPSIN_ET_R214,MODERATE,THRESHOLD,False,INCONCLUSIVE,complex_nonmonotonic,20.7,20.14,5.4,moderate_agreement,,0,0,,False,INCONCLUSIVE,1,True,True,False,False,False,LOW_EVIDENCE
TOPSIN_ET_R314,STRONG,THRESHOLD,True,INCONCLUSIVE,inverted_U,17.26,20.28,11.65,high_agreement,,0,0,,False,STRONG,2,True,True,False,False,True,MEDIUM_EVIDENCE
TOPSIN_ET_R414,INCONCLUSIVE,FLAT,True,STRONG,threshold,95.79,97.54,97.05,high_agreement,,0,0,,False,no_evidence,3,True,True,False,False,False,HIGH_EVIDENCE
TOPSIN_ET_R514,STRONG,PROCESS_WINDOW,True,STRONG,complex_nonmonotonic,10.32,10.32,31.16,moderate_agreement,56.0,3,0,0.1457,False,no_evidence,4,True,True,True,True,False,HIGH_EVIDENCE
TOPSIN_ET_Rc_f_hr_23,STRONG,COMPLEX_NONLINEAR,True,STRONG,complex_nonmonotonic,10.32,10.32,31.16,moderate_agreement,,0,0,,False,INCONCLUSIVE,2,True,True,False,False,False,MEDIUM_EVIDENCE
TOPSIN_ET_Rc_f_tn_23,STRONG,SATURATION,True,MODERATE,complex_nonmonotonic,99.44,99.72,99.79,high_agreement,,1,0,0.1218,True,INCONCLUSIVE,6,True,True,True,True,False,HIGH_EVIDENCE
TOPSIN_ET_Rc_OG142_GN,MODERATE,SATURATION,True,INCONCLUSIVE,complex_nonmonotonic,15.79,12.84,37.96,moderate_agreement,181.0,0,0,,False,no_evidence,2,True,True,False,True,False,MEDIUM_EVIDENCE
TOPSIN_ET_Rc_OG144,STRONG,SATURATION,True,WEAK,complex_nonmonotonic,84.98,89.54,83.23,high_agreement,17.0,1,0,0.0553,False,no_evidence,3,True,True,True,True,False,HIGH_EVIDENCE
TOPSIN_ET_RGAN1,STRONG,U_SHAPED,True,INCONCLUSIVE,U_shape,22.95,23.09,18.6,high_agreement,,0,0,,False,no_evidence,1,True,True,False,False,False,LOW_EVIDENCE
TOPSIN_ET_RGAN2,STRONG,THRESHOLD,True,INCONCLUSIVE,complex_nonmonotonic,64.7,64.07,68.63,high_agreement,,0,0,,False,no_evidence,1,True,True,False,False,False,LOW_EVIDENCE
TOPSIN_ET_RGAN3,STRONG,THRESHOLD,False,INCONCLUSIVE,complex_nonmonotonic,12.7,14.95,14.67,high_agreement,,0,0,,False,no_evidence,1,True,True,False,False,False,LOW_EVIDENCE
TOPSIN_ET_sh_f_hr_23,INCONCLUSIVE,FLAT,True,INCONCLUSIVE,complex_nonmonotonic,27.02,33.96,38.18,high_agreement,,0,0,,False,MODERATE,1,False,True,False,False,True,LOW_EVIDENCE
TOPSIN_ET_sh_f_tn_23,MODERATE,SATURATION,True,WEAK,complex_nonmonotonic,94.95,98.32,96.77,high_agreement,,0,0,,False,WEAK,3,True,True,False,False,False,HIGH_EVIDENCE
TOPSIN_ET_sh_GA142_GN,STRONG,INVERTED_U,True,INCONCLUSIVE,complex_nonmonotonic,72.07,80.21,54.74,low_agreement,,0,0,,False,no_evidence,1,True,True,False,False,False,LOW_EVIDENCE
TOPSIN_ET_sh_GA144,STRONG,THRESHOLD,True,MODERATE,threshold,80.35,79.44,77.82,high_agreement,251.0,0,0,,False,no_evidence,3,True,True,False,True,False,HIGH_EVIDENCE
TOPSIN_ET_TANR,WEAK,SATURATION,False,WEAK,threshold,79.23,69.82,84.98,moderate_agreement,,0,0,,False,MODERATE,1,False,True,False,False,True,LOW_EVIDENCE
TOPSIN_ET_TR_1F,STRONG,THRESHOLD,False,INCONCLUSIVE,complex_nonmonotonic,77.12,68.21,70.67,high_agreement,232.0,0,0,,False,STRONG,3,True,True,False,True,True,HIGH_EVIDENCE
TOPSIN_ET_Vdg_max,STRONG,THRESHOLD,False,MODERATE,monotonic,76.14,55.37,76.0,moderate_agreement,,0,0,,False,MODERATE,3,True,False,False,False,True,HIGH_EVIDENCE
TOPSIN_ET_Vds_max,STRONG,SATURATION,False,MODERATE,complex_nonmonotonic,88.42,74.25,86.46,moderate_agreement,,0,0,,False,STRONG,3,True,True,False,False,True,HIGH_EVIDENCE
TOPSIN_ET_Vg_gm_max,STRONG,COMPLEX_NONLINEAR,True,MODERATE,complex_nonmonotonic,26.32,31.37,7.3,moderate_agreement,,0,0,,False,STRONG,3,True,True,False,False,True,HIGH_EVIDENCE
TOPSIN_ET_Vg_Vds_max,WEAK,INVERTED_U,False,INCONCLUSIVE,inverted_U,49.96,34.11,57.12,moderate_agreement,,0,0,,False,WEAK,0,False,True,False,False,False,UNSUPPORTED
TOPSIN_ET_Vp_1,STRONG,SATURATION,False,INCONCLUSIVE,complex_nonmonotonic,12.42,11.79,32.49,moderate_agreement,,0,0,,False,MODERATE,2,True,True,False,False,True,MEDIUM_EVIDENCE
TOPSIN_ET_DC_PIV_Drain_Lag_0,MODERATE,INVERTED_U,True,WEAK,complex_nonmonotonic,99.72,99.02,99.58,high_agreement,253.0,3,2,0.1217,True,INCONCLUSIVE,6,True,True,True,True,False,HIGH_EVIDENCE
TOPSIN_ET_DC_PIV_Drain_Lag_1,STRONG,THRESHOLD,True,INCONCLUSIVE,inverted_U,41.33,45.33,40.7,high_agreement,1.0,22,5,0.139,False,STRONG,4,True,True,True,True,True,HIGH_EVIDENCE
TOPSIN_ET_DC_PIV_Gate_Lag_0,STRONG,THRESHOLD,False,INCONCLUSIVE,complex_nonmonotonic,23.3,30.67,46.39,moderate_agreement,,0,0,,False,MODERATE,2,True,True,False,False,True,MEDIUM_EVIDENCE
TOPSIN_ET_DC_PIV_Gate_Lag_1,STRONG,SATURATION,True,WEAK,complex_nonmonotonic,65.96,69.89,64.77,high_agreement,55.0,0,0,,False,INCONCLUSIVE,2,True,True,False,True,False,MEDIUM_EVIDENCE
TOPSIN_ET_DC_PIV_Ids0_QP1,INCONCLUSIVE,FLAT,False,INCONCLUSIVE,complex_nonmonotonic,72.7,65.89,69.26,high_agreement,,0,0,,False,INCONCLUSIVE,0,False,True,False,False,False,UNSUPPORTED
TOPSIN_ET_DC_PIV_Ids0_QP2,INCONCLUSIVE,FLAT,False,INCONCLUSIVE,complex_nonmonotonic,18.95,15.09,19.02,high_agreement,,0,0,,False,MODERATE,1,False,True,False,False,True,LOW_EVIDENCE
TOPSIN_ET_DC_PIV_Ids0_QP3,STRONG,PROCESS_WINDOW,True,INCONCLUSIVE,inverted_U,77.89,86.11,82.32,high_agreement,198.0,1,0,0.1695,False,MODERATE,4,True,True,True,True,True,HIGH_EVIDENCE
TOPSIN_ET_DC_PIV_Ids1_QP1,STRONG,COMPLEX_NONLINEAR,False,STRONG,complex_nonmonotonic,73.12,76.56,73.54,high_agreement,45.0,1,0,0.187,False,INCONCLUSIVE,4,True,True,True,True,False,HIGH_EVIDENCE
TOPSIN_ET_DC_PIV_Ids1_QP2,INCONCLUSIVE,FLAT,False,MODERATE,threshold,45.82,56.35,0.42,low_agreement,,0,0,,False,WEAK,1,True,True,False,False,False,LOW_EVIDENCE
TOPSIN_ET_DC_PIV_Ids1_QP3,WEAK,THRESHOLD,False,WEAK,complex_nonmonotonic,83.51,85.26,85.26,high_agreement,,0,0,,False,INCONCLUSIVE,0,False,True,False,False,False,UNSUPPORTED
TOPSIN_ET_DC_RF_Gm_0,STRONG,COMPLEX_NONLINEAR,True,INCONCLUSIVE,complex_nonmonotonic,10.32,10.32,31.16,moderate_agreement,,0,0,,False,INCONCLUSIVE,1,True,True,False,False,False,LOW_EVIDENCE
TOPSIN_ET_DC_RF_Gm_m0p2,STRONG,COMPLEX_NONLINEAR,True,STRONG,complex_nonmonotonic,73.96,81.82,74.32,high_agreement,,0,0,,False,INCONCLUSIVE,2,True,True,False,False,False,MEDIUM_EVIDENCE
TOPSIN_ET_DC_RF_Gm_max,STRONG,COMPLEX_NONLINEAR,True,WEAK,complex_nonmonotonic,85.12,85.68,76.49,high_agreement,,0,0,,False,STRONG,2,True,True,False,False,True,MEDIUM_EVIDENCE
TOPSIN_ET_DC_RF_Id_gm_max,STRONG,COMPLEX_NONLINEAR,True,WEAK,complex_nonmonotonic,10.32,10.32,31.16,moderate_agreement,,0,0,,False,STRONG,2,True,True,False,False,True,MEDIUM_EVIDENCE
TOPSIN_ET_DC_RF_Ids_m0p2,STRONG,SATURATION,False,WEAK,complex_nonmonotonic,29.19,31.58,8.56,moderate_agreement,,0,0,,False,MODERATE,2,True,True,False,False,True,MEDIUM_EVIDENCE
TOPSIN_ET_DC_RF_Idss,STRONG,COMPLEX_NONLINEAR,False,WEAK,complex_nonmonotonic,86.95,93.33,92.84,high_agreement,57.0,0,0,,False,STRONG,4,True,True,False,True,True,HIGH_EVIDENCE
TOPSIN_ET_DC_RF_Imax,STRONG,COMPLEX_NONLINEAR,True,STRONG,complex_nonmonotonic,34.67,48.98,12.49,low_agreement,,0,0,,False,STRONG,3,True,True,False,False,True,HIGH_EVIDENCE
TOPSIN_ET_DC_RF_n_gd,WEAK,U_SHAPED,False,WEAK,complex_nonmonotonic,35.58,32.07,44.21,high_agreement,,0,0,,False,MODERATE,1,False,True,False,False,True,LOW_EVIDENCE
TOPSIN_ET_DC_RF_n_gs,WEAK,COMPLEX_NONLINEAR,True,MODERATE,complex_nonmonotonic,39.79,56.7,5.82,low_agreement,134.0,0,0,,False,MODERATE,3,True,True,False,True,True,HIGH_EVIDENCE
TOPSIN_ET_DC_RF_Vbgd_0p01,WEAK,COMPLEX_NONLINEAR,False,INCONCLUSIVE,complex_nonmonotonic,57.12,61.4,50.25,moderate_agreement,,0,0,,False,MODERATE,1,False,True,False,False,True,LOW_EVIDENCE
TOPSIN_ET_DC_RF_Vbgd_0p1,STRONG,SATURATION,True,INCONCLUSIVE,complex_nonmonotonic,44.84,57.12,56.49,high_agreement,,0,0,,False,INCONCLUSIVE,1,True,True,False,False,False,LOW_EVIDENCE
TOPSIN_ET_DC_RF_Vbgd1,MODERATE,THRESHOLD,True,MODERATE,threshold,18.6,16.77,39.44,moderate_agreement,,0,0,,False,STRONG,3,True,True,False,False,True,HIGH_EVIDENCE
TOPSIN_ET_DC_RF_Vbgs_0p01,MODERATE,SATURATION,True,MODERATE,threshold,69.19,78.39,70.46,high_agreement,,0,0,,False,WEAK,2,True,True,False,False,False,MEDIUM_EVIDENCE
TOPSIN_ET_DC_RF_Vbgs_0p1,STRONG,THRESHOLD,False,STRONG,complex_nonmonotonic,14.95,14.25,11.86,high_agreement,,0,0,,False,STRONG,3,True,True,False,False,True,HIGH_EVIDENCE
TOPSIN_ET_DC_RF_Vbgs1,MODERATE,THRESHOLD,True,INCONCLUSIVE,U_shape,86.6,92.28,85.19,high_agreement,91.0,0,0,,False,MODERATE,3,True,True,False,True,True,HIGH_EVIDENCE
TOPSIN_ET_DC_RF_Vbin_gd,MODERATE,SATURATION,True,INCONCLUSIVE,complex_nonmonotonic,49.12,60.21,52.07,high_agreement,,0,0,,False,MODERATE,2,True,True,False,False,True,MEDIUM_EVIDENCE
TOPSIN_ET_DC_RF_Vbin_gs,STRONG,SATURATION,False,WEAK,complex_nonmonotonic,81.19,77.82,78.11,high_agreement,,0,0,,False,MODERATE,2,True,True,False,False,True,MEDIUM_EVIDENCE
TOPSIN_ET_DC_RF_Vboff,MODERATE,SATURATION,False,STRONG,threshold,42.95,23.79,48.49,moderate_agreement,,0,0,,False,MODERATE,3,True,True,False,False,True,HIGH_EVIDENCE
TOPSIN_ET_DC_RF_Vdg_max,INCONCLUSIVE,FLAT,False,INCONCLUSIVE,complex_nonmonotonic,25.68,40.84,51.23,moderate_agreement,,0,0,,False,STRONG,1,False,True,False,False,True,LOW_EVIDENCE
TOPSIN_ET_DC_RF_Vdg_max_0p1,WEAK,PROCESS_WINDOW,False,STRONG,threshold,73.89,70.46,72.49,high_agreement,,0,0,,False,MODERATE,2,True,True,False,False,True,MEDIUM_EVIDENCE
TOPSIN_ET_DC_RF_Vds_max,STRONG,COMPLEX_NONLINEAR,True,STRONG,complex_nonmonotonic,95.3,96.35,94.18,high_agreement,268.0,0,0,,False,INCONCLUSIVE,5,True,True,False,True,False,HIGH_EVIDENCE
TOPSIN_ET_DC_RF_Vds_max_0p1,INCONCLUSIVE,FLAT,False,INCONCLUSIVE,flat,60.42,45.61,4.28,low_agreement,,0,0,,False,MODERATE,1,False,False,False,False,True,LOW_EVIDENCE
TOPSIN_ET_DC_RF_Vg_gm_max,STRONG,COMPLEX_NONLINEAR,True,INCONCLUSIVE,U_shape,11.86,10.39,18.74,high_agreement,80.0,0,0,,False,STRONG,3,True,True,False,True,True,HIGH_EVIDENCE
TOPSIN_ET_DC_RF_Vg_max_Vd,STRONG,THRESHOLD,True,STRONG,complex_nonmonotonic,87.65,86.46,83.44,high_agreement,91.0,0,0,,False,MODERATE,4,True,True,False,True,True,HIGH_EVIDENCE
TOPSIN_ET_DC_RF_Vg_max_Vd_0p1,WEAK,THRESHOLD,False,STRONG,threshold,32.98,24.77,5.96,moderate_agreement,,0,0,,False,STRONG,2,True,True,False,False,True,MEDIUM_EVIDENCE
TOPSIN_ET_DC_RF_Vg_optt,STRONG,THRESHOLD,False,STRONG,threshold,45.4,39.37,7.09,low_agreement,,0,0,,False,STRONG,3,True,True,False,False,True,HIGH_EVIDENCE
TOPSIN_ET_DC_RF_Vp_01,STRONG,COMPLEX_NONLINEAR,True,MODERATE,complex_nonmonotonic,14.25,12.0,20.21,high_agreement,252.0,0,0,,False,STRONG,4,True,True,False,True,True,HIGH_EVIDENCE
TOPSIN_ET_DC_RF_Vp_1,WEAK,THRESHOLD,True,MODERATE,complex_nonmonotonic,10.32,10.32,31.16,moderate_agreement,,0,0,,False,MODERATE,2,True,True,False,False,True,MEDIUM_EVIDENCE
TOPSIN_ET_DC_RF_Vt_gd,STRONG,U_SHAPED,False,INCONCLUSIVE,monotonic,89.82,88.49,84.77,high_agreement,,0,0,-0.0102,True,STRONG,3,True,False,False,True,True,HIGH_EVIDENCE
TOPSIN_ET_DC_RF_Vt_gs,INCONCLUSIVE,FLAT,False,INCONCLUSIVE,complex_nonmonotonic,36.77,38.81,2.18,low_agreement,,0,0,,False,STRONG,1,False,True,False,False,True,LOW_EVIDENCE
TOPSIN_ET_DC_SMALL_Gm_0,STRONG,COMPLEX_NONLINEAR,True,WEAK,complex_nonmonotonic,10.32,10.32,31.16,moderate_agreement,,0,0,,False,no_evidence,1,True,True,False,False,False,LOW_EVIDENCE
TOPSIN_ET_DC_SMALL_Gm_m0p2,STRONG,COMPLEX_NONLINEAR,True,INCONCLUSIVE,complex_nonmonotonic,21.4,23.37,48.35,moderate_agreement,,0,0,,False,no_evidence,1,True,True,False,False,False,LOW_EVIDENCE
TOPSIN_ET_DC_SMALL_Gm_max,STRONG,THRESHOLD,False,STRONG,threshold,19.44,20.49,44.07,moderate_agreement,,0,0,,False,no_evidence,2,True,True,False,False,False,MEDIUM_EVIDENCE
TOPSIN_ET_DC_SMALL_Id_gm_max,STRONG,COMPLEX_NONLINEAR,True,INCONCLUSIVE,complex_nonmonotonic,14.39,15.23,7.93,high_agreement,,0,0,,False,no_evidence,1,True,True,False,False,False,LOW_EVIDENCE
TOPSIN_ET_DC_SMALL_Ids_m0p2,MODERATE,THRESHOLD,False,MODERATE,threshold,44.14,38.46,41.19,high_agreement,,0,0,,False,no_evidence,2,True,True,False,False,False,MEDIUM_EVIDENCE
TOPSIN_ET_DC_SMALL_Idss,STRONG,COMPLEX_NONLINEAR,True,INCONCLUSIVE,complex_nonmonotonic,46.32,46.46,53.47,high_agreement,275.0,0,0,,False,no_evidence,2,True,True,False,True,False,MEDIUM_EVIDENCE
TOPSIN_ET_DC_SMALL_Imax,STRONG,COMPLEX_NONLINEAR,True,MODERATE,complex_nonmonotonic,11.09,11.44,19.51,high_agreement,,0,0,,False,no_evidence,2,True,True,False,False,False,MEDIUM_EVIDENCE
TOPSIN_ET_DC_SMALL_n_gd,STRONG,U_SHAPED,True,INCONCLUSIVE,U_shape,78.6,53.96,69.47,moderate_agreement,,0,0,,False,no_evidence,1,True,True,False,False,False,LOW_EVIDENCE
TOPSIN_ET_DC_SMALL_n_gs,INCONCLUSIVE,FLAT,False,INCONCLUSIVE,complex_nonmonotonic,54.39,58.04,61.82,high_agreement,242.0,0,0,,False,no_evidence,1,False,True,False,True,False,LOW_EVIDENCE
TOPSIN_ET_DC_SMALL_Vbgd_0p01,MODERATE,THRESHOLD,False,WEAK,complex_nonmonotonic,27.72,18.88,40.28,moderate_agreement,,0,0,,False,no_evidence,1,True,True,False,False,False,LOW_EVIDENCE
TOPSIN_ET_DC_SMALL_Vbgd_0p1,MODERATE,SATURATION,True,WEAK,complex_nonmonotonic,95.93,95.65,95.09,high_agreement,,1,0,0.0741,True,no_evidence,5,True,True,True,True,False,HIGH_EVIDENCE
TOPSIN_ET_DC_SMALL_Vbgd1,STRONG,THRESHOLD,False,INCONCLUSIVE,U_shape,11.23,13.19,33.47,moderate_agreement,21.0,1,0,0.1722,False,no_evidence,3,True,True,True,True,False,HIGH_EVIDENCE
TOPSIN_ET_DC_SMALL_Vbgs_0p01,MODERATE,COMPLEX_NONLINEAR,False,WEAK,complex_nonmonotonic,50.04,60.0,16.28,low_agreement,147.0,0,0,,False,no_evidence,2,True,True,False,True,False,MEDIUM_EVIDENCE
TOPSIN_ET_DC_SMALL_Vbgs_0p1,WEAK,SATURATION,False,MODERATE,monotonic,85.68,87.65,82.81,high_agreement,144.0,0,0,,False,no_evidence,2,True,False,False,True,False,MEDIUM_EVIDENCE
TOPSIN_ET_DC_SMALL_Vbgs1,INCONCLUSIVE,FLAT,False,WEAK,complex_nonmonotonic,90.95,91.79,90.95,high_agreement,298.0,0,1,0.0511,True,no_evidence,5,True,True,True,True,False,HIGH_EVIDENCE
TOPSIN_ET_DC_SMALL_Vbin_gd,STRONG,THRESHOLD,False,STRONG,monotonic,84.56,86.88,83.37,high_agreement,,0,0,,False,no_evidence,2,True,False,False,False,False,MEDIUM_EVIDENCE
TOPSIN_ET_DC_SMALL_Vbin_gs,INCONCLUSIVE,FLAT,False,MODERATE,threshold,46.95,61.33,65.4,moderate_agreement,,0,0,,False,no_evidence,1,True,True,False,False,False,LOW_EVIDENCE
TOPSIN_ET_DC_SMALL_Vboff,STRONG,THRESHOLD,False,MODERATE,monotonic,59.09,52.56,1.19,low_agreement,,0,0,,False,no_evidence,2,True,False,False,False,False,MEDIUM_EVIDENCE
TOPSIN_ET_DC_SMALL_Vdg_max,MODERATE,INVERTED_U,False,WEAK,complex_nonmonotonic,73.33,71.02,81.96,moderate_agreement,180.0,2,0,0.0599,False,no_evidence,3,True,True,True,True,False,HIGH_EVIDENCE
TOPSIN_ET_DC_SMALL_Vdg_max_0p1,STRONG,THRESHOLD,False,MODERATE,monotonic,68.56,53.89,71.23,moderate_agreement,,0,0,,False,no_evidence,2,True,False,False,False,False,MEDIUM_EVIDENCE
TOPSIN_ET_DC_SMALL_Vds_max,WEAK,THRESHOLD,False,WEAK,complex_nonmonotonic,84.35,84.77,85.89,high_agreement,,0,0,,False,no_evidence,0,False,True,False,False,False,UNSUPPORTED
TOPSIN_ET_DC_SMALL_Vds_max_0p1,STRONG,COMPLEX_NONLINEAR,True,INCONCLUSIVE,complex_nonmonotonic,26.6,23.72,15.93,high_agreement,,0,0,,False,no_evidence,1,True,True,False,False,False,LOW_EVIDENCE
TOPSIN_ET_DC_SMALL_Vg_gm_max,STRONG,COMPLEX_NONLINEAR,True,STRONG,complex_nonmonotonic,10.32,10.32,31.16,moderate_agreement,119.0,0,0,,False,no_evidence,3,True,True,False,True,False,HIGH_EVIDENCE
TOPSIN_ET_DC_SMALL_Vg_max_Vd,INCONCLUSIVE,THRESHOLD,False,WEAK,threshold,68.42,71.58,56.21,moderate_agreement,,0,0,,False,no_evidence,0,False,True,False,False,False,UNSUPPORTED
TOPSIN_ET_DC_SMALL_Vg_max_Vd_0p1,INCONCLUSIVE,FLAT,False,WEAK,complex_nonmonotonic,32.14,30.18,5.05,moderate_agreement,,0,0,,False,no_evidence,0,False,True,False,False,False,UNSUPPORTED
TOPSIN_ET_DC_SMALL_Vg_optt,INCONCLUSIVE,FLAT,False,MODERATE,monotonic,46.67,31.02,6.6,low_agreement,,0,0,,False,no_evidence,1,True,False,False,False,False,LOW_EVIDENCE
TOPSIN_ET_DC_SMALL_Vp_01,WEAK,COMPLEX_NONLINEAR,False,WEAK,complex_nonmonotonic,10.32,10.32,31.16,moderate_agreement,116.0,0,0,,False,no_evidence,1,False,True,False,True,False,LOW_EVIDENCE
TOPSIN_ET_DC_SMALL_Vp_1,INCONCLUSIVE,THRESHOLD,False,MODERATE,threshold,10.32,10.32,31.16,moderate_agreement,97.0,0,0,,False,no_evidence,2,True,True,False,True,False,MEDIUM_EVIDENCE
TOPSIN_ET_DC_SMALL_Vt_gd,STRONG,THRESHOLD,True,MODERATE,complex_nonmonotonic,25.89,25.68,38.11,high_agreement,,0,0,,False,no_evidence,2,True,True,False,False,False,MEDIUM_EVIDENCE
TOPSIN_ET_DC_SMALL_Vt_gs,STRONG,COMPLEX_NONLINEAR,False,WEAK,inverted_U,94.32,92.91,87.09,high_agreement,,0,0,,False,no_evidence,2,True,True,False,False,False,MEDIUM_EVIDENCE
TOPSIN_ET_Load_Pull_Freq,STRONG,THRESHOLD,True,STRONG,threshold,11.3,10.6,31.23,moderate_agreement,,0,0,,False,no_evidence,2,True,True,False,False,False,MEDIUM_EVIDENCE
TOPSIN_ET_Load_Pull_Gain_comp_Last,STRONG,U_SHAPED,False,INCONCLUSIVE,complex_nonmonotonic,88.56,88.77,86.74,high_agreement,177.0,0,0,,False,no_evidence,2,True,True,False,True,False,MEDIUM_EVIDENCE
TOPSIN_ET_Load_Pull_GL_meas,INCONCLUSIVE,FLAT,True,MODERATE,threshold,56.14,45.26,58.67,high_agreement,,0,0,,False,no_evidence,1,True,True,False,False,False,LOW_EVIDENCE
TOPSIN_ET_Load_Pull_GL_set,INCONCLUSIVE,FLAT,False,INCONCLUSIVE,monotonic,53.47,53.19,17.68,low_agreement,,0,0,,False,no_evidence,0,False,False,False,False,False,UNSUPPORTED
TOPSIN_ET_Load_Pull_Gss,MODERATE,THRESHOLD,True,STRONG,threshold,54.11,56.63,64.63,moderate_agreement,,0,0,,False,no_evidence,2,True,True,False,False,False,MEDIUM_EVIDENCE
TOPSIN_ET_Load_Pull_ID_comp_Last_mA,WEAK,COMPLEX_NONLINEAR,False,INCONCLUSIVE,U_shape,38.39,32.91,10.88,moderate_agreement,,0,0,,False,no_evidence,0,False,True,False,False,False,UNSUPPORTED
TOPSIN_ET_Load_Pull_Id_ini,WEAK,SATURATION,False,INCONCLUSIVE,U_shape,30.6,41.26,49.68,moderate_agreement,20.0,3,0,0.2408,False,no_evidence,2,False,True,True,True,False,HIGH_EVIDENCE
TOPSIN_ET_Load_Pull_Id_ord,MODERATE,THRESHOLD,False,MODERATE,threshold,60.98,63.58,68.0,high_agreement,,0,0,,False,no_evidence,2,True,True,False,False,False,MEDIUM_EVIDENCE
TOPSIN_ET_Load_Pull_Id_SS,INCONCLUSIVE,FLAT,False,MODERATE,threshold,13.19,18.67,33.4,moderate_agreement,,0,0,,False,no_evidence,1,True,True,False,False,False,LOW_EVIDENCE
TOPSIN_ET_Load_Pull_IG_comp_Last_uA,STRONG,THRESHOLD,False,STRONG,monotonic,66.67,66.32,65.89,high_agreement,,0,0,,False,no_evidence,2,True,False,False,False,False,MEDIUM_EVIDENCE
TOPSIN_ET_Load_Pull_P.A.E_Last,MODERATE,U_SHAPED,False,INCONCLUSIVE,U_shape,96.28,92.14,94.67,high_agreement,,0,0,-0.0005,True,no_evidence,4,True,True,False,True,False,HIGH_EVIDENCE
TOPSIN_ET_Load_Pull_PhL_meas,MODERATE,U_SHAPED,False,MODERATE,threshold,76.7,73.47,74.88,high_agreement,,0,0,,False,no_evidence,2,True,True,False,False,False,MEDIUM_EVIDENCE
TOPSIN_ET_Load_Pull_PhL_set,WEAK,COMPLEX_NONLINEAR,False,WEAK,complex_nonmonotonic,72.35,66.04,70.04,high_agreement,,0,0,,False,no_evidence,0,False,True,False,False,False,UNSUPPORTED
TOPSIN_ET_Load_Pull_Pin_Cut,WEAK,THRESHOLD,False,WEAK,threshold,27.23,31.16,9.26,moderate_agreement,,0,0,,False,no_evidence,0,False,True,False,False,False,UNSUPPORTED
TOPSIN_ET_Load_Pull_Pin_Last,STRONG,THRESHOLD,True,INCONCLUSIVE,monotonic,68.35,68.98,0.63,low_agreement,,0,0,,False,no_evidence,1,True,True,False,False,False,LOW_EVIDENCE
TOPSIN_ET_Load_Pull_Pout_Last,INCONCLUSIVE,FLAT,False,MODERATE,threshold,22.11,19.02,31.37,high_agreement,,0,0,,False,no_evidence,1,True,True,False,False,False,LOW_EVIDENCE
TOPSIN_ET_Load_Pull_Pout_W_last,MODERATE,SATURATION,False,MODERATE,threshold,14.88,13.54,13.47,high_agreement,,0,0,,False,no_evidence,2,True,True,False,False,False,MEDIUM_EVIDENCE
TOPSIN_ET_Load_Pull_Pout_W_mm_last,INCONCLUSIVE,FLAT,False,INCONCLUSIVE,complex_nonmonotonic,83.86,80.0,6.81,low_agreement,,0,0,,False,no_evidence,0,False,True,False,False,False,UNSUPPORTED
TOPSIN_ET_Load_Pull_Vg,STRONG,THRESHOLD,False,MODERATE,monotonic,64.91,51.3,48.28,moderate_agreement,,0,0,,False,no_evidence,2,True,False,False,False,False,MEDIUM_EVIDENCE
ABVIA_CD_AB_VIA_litho,WEAK,THRESHOLD,False,INCONCLUSIVE,complex_nonmonotonic,68.0,48.0,56.77,moderate_agreement,,0,0,,False,no_evidence,0,False,True,False,False,False,UNSUPPORTED
ANODE_CD_Anode_CD_litho,INCONCLUSIVE,FLAT,False,INCONCLUSIVE,complex_nonmonotonic,28.98,32.56,17.61,high_agreement,,0,0,,False,no_evidence,0,False,True,False,False,False,UNSUPPORTED
BFIC_Height_FIC_metal_thickness,MODERATE,THRESHOLD,False,INCONCLUSIVE,U_shape,16.07,11.37,39.3,moderate_agreement,278.0,0,0,,False,no_evidence,2,True,True,False,True,False,MEDIUM_EVIDENCE
BMETAL1_Height_Metal1_metal_thickness,STRONG,THRESHOLD,False,INCONCLUSIVE,complex_nonmonotonic,47.09,45.05,51.16,high_agreement,149.0,0,0,,False,no_evidence,2,True,True,False,True,False,MEDIUM_EVIDENCE
BPLATE_Height_BPLATE_metal_thickness,WEAK,COMPLEX_NONLINEAR,False,WEAK,threshold,18.74,16.7,14.25,high_agreement,,0,0,,False,no_evidence,0,False,True,False,False,False,UNSUPPORTED
BRGM_Cd_Litho_BRGM_litho_CD,INCONCLUSIVE,FLAT,False,WEAK,threshold,66.32,52.28,60.84,moderate_agreement,,0,0,,False,no_evidence,0,False,True,False,False,False,UNSUPPORTED
BRGM_Cd_Metal_BRGM_Final_metal_CD,INCONCLUSIVE,FLAT,False,MODERATE,threshold,22.25,17.89,41.54,moderate_agreement,,0,0,,False,no_evidence,1,True,True,False,False,False,LOW_EVIDENCE
BRGM_Height2_BRGM_Height2,INCONCLUSIVE,FLAT,False,INCONCLUSIVE,complex_nonmonotonic,55.3,52.91,0.91,low_agreement,295.0,0,0,,False,no_evidence,1,False,True,False,True,False,LOW_EVIDENCE
BRGM_Height3_TOP_metal_thickness,WEAK,THRESHOLD,False,INCONCLUSIVE,inverted_U,56.07,55.51,50.95,high_agreement,261.0,0,0,,False,no_evidence,1,False,True,False,True,False,LOW_EVIDENCE
BRIDGE_METAL_CD_BRGM_Final_metal_CD,INCONCLUSIVE,FLAT,False,INCONCLUSIVE,complex_nonmonotonic,46.11,41.33,41.96,high_agreement,,0,0,0.0074,False,no_evidence,0,False,True,False,False,False,UNSUPPORTED
BRIDGE_METAL_Height_Final_TOP_metal_thickness,STRONG,PROCESS_WINDOW,False,MODERATE,complex_nonmonotonic,71.58,80.42,73.89,high_agreement,168.0,0,0,,False,no_evidence,3,True,True,False,True,False,HIGH_EVIDENCE
BRIDGE_METAL_Height2_BRGM_Height2,WEAK,THRESHOLD,False,MODERATE,monotonic,40.35,42.74,54.46,high_agreement,,0,0,,False,no_evidence,1,True,False,False,False,False,LOW_EVIDENCE
CHRE_Ali_Litho_Channel_to_Ohmic_Alignment,STRONG,INVERTED_U,True,INCONCLUSIVE,complex_nonmonotonic,79.02,79.58,83.3,high_agreement,,0,0,,False,no_evidence,1,True,True,False,False,False,LOW_EVIDENCE
CHRE_CD_Channel_recess_CD,INCONCLUSIVE,FLAT,False,INCONCLUSIVE,complex_nonmonotonic,50.74,36.63,46.25,high_agreement,,0,0,,False,no_evidence,0,False,True,False,False,False,UNSUPPORTED
CHRE_CD_2_Channel_recess_CD_Etch,INCONCLUSIVE,FLAT,False,INCONCLUSIVE,complex_nonmonotonic,44.07,54.53,59.86,moderate_agreement,,0,0,,False,no_evidence,0,False,True,False,False,False,UNSUPPORTED
CHRE_ET_Ids_Channel_recess_current,INCONCLUSIVE,FLAT,False,WEAK,threshold,57.89,60.14,3.93,low_agreement,,0,0,,False,no_evidence,0,False,True,False,False,False,UNSUPPORTED
EBCR2_Ali_Litho_Gate_to_ohmic_alignment,STRONG,COMPLEX_NONLINEAR,True,STRONG,threshold,10.6,11.23,32.7,moderate_agreement,46.0,2,0,0.1831,False,no_evidence,4,True,True,True,True,False,HIGH_EVIDENCE
EBCR2_CD_Gate_Leg_Length,STRONG,COMPLEX_NONLINEAR,True,INCONCLUSIVE,complex_nonmonotonic,83.02,87.79,69.19,moderate_agreement,,0,0,,False,no_evidence,1,True,True,False,False,False,LOW_EVIDENCE
EBCR2_CD_2_EBCR_cd_etch,INCONCLUSIVE,FLAT,False,INCONCLUSIVE,flat,39.93,37.61,18.88,moderate_agreement,,0,0,,False,no_evidence,0,False,False,False,False,False,UNSUPPORTED
EBCR2_ET_Ids_EBCR_recess_current,STRONG,THRESHOLD,False,MODERATE,monotonic,81.26,60.28,77.61,moderate_agreement,,0,0,,False,no_evidence,2,True,False,False,False,False,MEDIUM_EVIDENCE
FIC_Height_FIC_metal_thickness,STRONG,SATURATION,False,STRONG,threshold,43.3,54.18,45.33,high_agreement,,0,0,,False,no_evidence,2,True,True,False,False,False,MEDIUM_EVIDENCE
FIN_CD1_CD_PL_FIN,INCONCLUSIVE,FLAT,False,WEAK,threshold,65.05,51.51,62.53,moderate_agreement,,0,0,,False,no_evidence,0,False,True,False,False,False,UNSUPPORTED
FIN_CD2_CD_etch_FIN,STRONG,SATURATION,False,INCONCLUSIVE,complex_nonmonotonic,68.84,56.0,46.6,moderate_agreement,,0,0,,False,no_evidence,1,True,True,False,False,False,LOW_EVIDENCE
FIN_Etch_Hard_Bias,WEAK,THRESHOLD,False,INCONCLUSIVE,complex_nonmonotonic,20.49,20.63,38.95,moderate_agreement,,0,0,,False,no_evidence,0,False,True,False,False,False,UNSUPPORTED
FIN_Etch_Soft_Bias,STRONG,THRESHOLD,False,INCONCLUSIVE,complex_nonmonotonic,47.72,35.72,1.61,low_agreement,,0,0,,False,no_evidence,1,True,True,False,False,False,LOW_EVIDENCE
FIN_FIN_Alignment_FIN_to_ohmic_alignment,STRONG,THRESHOLD,True,WEAK,threshold,92.49,93.05,92.91,high_agreement,,0,0,,False,no_evidence,3,True,True,False,False,False,HIGH_EVIDENCE
FMESA_Height_Fmesa_Height,STRONG,SATURATION,False,INCONCLUSIVE,complex_nonmonotonic,27.58,21.82,37.68,moderate_agreement,,0,0,,False,no_evidence,1,True,True,False,False,False,LOW_EVIDENCE
FP2_Height1_FP2_Height1,WEAK,THRESHOLD,False,INCONCLUSIVE,complex_nonmonotonic,54.88,39.44,47.72,moderate_agreement,,0,0,,False,no_evidence,0,False,True,False,False,False,UNSUPPORTED
FP2_Height2_FP2_Height2,STRONG,THRESHOLD,True,INCONCLUSIVE,U_shape,20.07,18.95,34.67,moderate_agreement,,0,0,,False,no_evidence,1,True,True,False,False,False,LOW_EVIDENCE
GATE1_Thickness1_Triple_E-beam_thickness,MODERATE,SATURATION,False,INCONCLUSIVE,complex_nonmonotonic,41.47,42.53,51.51,high_agreement,,0,0,,False,no_evidence,1,True,True,False,False,False,LOW_EVIDENCE
GATE2_Ali_Litho_Gate_to_recess_alignment,MODERATE,COMPLEX_NONLINEAR,True,INCONCLUSIVE,complex_nonmonotonic,75.23,80.49,76.21,high_agreement,,0,0,,False,no_evidence,1,True,True,False,False,False,LOW_EVIDENCE
GATE2_Ali_Litho2_Gate_to_ohmic_alignment,STRONG,SATURATION,True,WEAK,complex_nonmonotonic,10.32,10.32,31.16,moderate_agreement,,0,0,,False,no_evidence,1,True,True,False,False,False,LOW_EVIDENCE
GATE2_CD_Gate_Leg_Length,STRONG,COMPLEX_NONLINEAR,True,MODERATE,complex_nonmonotonic,10.32,10.32,31.16,moderate_agreement,,0,0,,False,no_evidence,2,True,True,False,False,False,MEDIUM_EVIDENCE
GATE2_CD_Gate_Win_Length,INCONCLUSIVE,FLAT,False,WEAK,threshold,50.46,38.95,10.11,low_agreement,,0,0,,False,no_evidence,0,False,True,False,False,False,UNSUPPORTED
GATE2_CD_310nm_Gate_Leg_Length,INCONCLUSIVE,FLAT,False,INCONCLUSIVE,inverted_U,26.46,25.82,37.19,high_agreement,,0,0,,False,no_evidence,0,False,True,False,False,False,UNSUPPORTED
GATE2_CD_310nm_Gate_Win_Length,INCONCLUSIVE,FLAT,False,MODERATE,threshold,63.58,60.56,65.19,high_agreement,,0,0,,False,no_evidence,1,True,True,False,False,False,LOW_EVIDENCE
GATE2_CD_330nm_Gate_Leg_Length,INCONCLUSIVE,FLAT,False,WEAK,threshold,59.44,32.98,2.11,low_agreement,,0,0,,False,no_evidence,0,False,True,False,False,False,UNSUPPORTED
GATE2_CD_330nm_Gate_Win_Length,WEAK,SATURATION,False,INCONCLUSIVE,complex_nonmonotonic,65.61,55.72,48.56,moderate_agreement,,0,0,,False,no_evidence,0,False,True,False,False,False,UNSUPPORTED
GATE2_CD_358nm_Gate_Leg_Length,INCONCLUSIVE,FLAT,False,INCONCLUSIVE,flat,62.53,48.77,11.3,low_agreement,,0,1,0.0163,False,no_evidence,1,False,False,True,True,False,MEDIUM_EVIDENCE
GATE2_CD_358nm_Gate_Win_Length,INCONCLUSIVE,FLAT,False,STRONG,threshold,51.65,46.53,7.58,low_agreement,,0,0,-0.0005,False,no_evidence,1,True,True,False,False,False,LOW_EVIDENCE
GATE2_CD_HPA_CB_Gate_Win_Length,INCONCLUSIVE,FLAT,False,INCONCLUSIVE,flat,33.4,41.61,3.02,low_agreement,,0,0,,False,no_evidence,0,False,False,False,False,False,UNSUPPORTED
GATE2_ET_Ids2_Gate_recess_current,MODERATE,THRESHOLD,False,INCONCLUSIVE,complex_nonmonotonic,37.05,50.39,8.21,low_agreement,175.0,0,0,,False,no_evidence,2,True,True,False,True,False,MEDIUM_EVIDENCE
GATE2_Thickness4_PMMA_PR_etch_thickness,STRONG,THRESHOLD,False,WEAK,monotonic,19.58,21.12,9.96,high_agreement,,0,0,,False,no_evidence,1,True,False,False,False,False,LOW_EVIDENCE
HIRS_M_Gauge_P_E_MoSi,WEAK,PROCESS_WINDOW,True,INCONCLUSIVE,inverted_U,51.23,58.46,56.35,high_agreement,,0,0,,False,no_evidence,0,False,True,False,False,False,UNSUPPORTED
MESA_CD_Mesa_CD_Radius,WEAK,THRESHOLD,False,WEAK,threshold,63.16,58.11,64.49,high_agreement,,0,0,,False,no_evidence,0,False,True,False,False,False,UNSUPPORTED
MESA_Height_Mesa_Height,WEAK,SATURATION,False,MODERATE,threshold,80.84,83.51,79.51,high_agreement,,0,0,,False,no_evidence,1,True,True,False,False,False,LOW_EVIDENCE
METAL1_Height_Metal1_metal_thickness,STRONG,SATURATION,False,INCONCLUSIVE,complex_nonmonotonic,38.46,33.26,2.53,low_agreement,229.0,0,0,,False,no_evidence,2,True,True,False,True,False,MEDIUM_EVIDENCE
OHMIC_CD_Ohmic_CD_litho,INCONCLUSIVE,FLAT,False,INCONCLUSIVE,flat,54.81,50.67,46.53,high_agreement,,0,0,,False,no_evidence,0,False,False,False,False,False,UNSUPPORTED
OHMIC_Thickness_SiN_Thickness,INCONCLUSIVE,FLAT,True,WEAK,complex_nonmonotonic,88.91,78.11,81.33,moderate_agreement,,0,0,,False,no_evidence,0,False,True,False,False,False,UNSUPPORTED
SIN_Thickness_RefractiveIndex,INCONCLUSIVE,FLAT,False,WEAK,threshold,49.82,31.23,1.33,low_agreement,,0,0,,False,no_evidence,0,False,True,False,False,False,UNSUPPORTED
SIN_Thickness_SiN_Thickness,STRONG,THRESHOLD,True,INCONCLUSIVE,inverted_U,53.26,52.42,58.81,high_agreement,212.0,0,0,,False,no_evidence,2,True,True,False,True,False,MEDIUM_EVIDENCE
SIN_Thickness1_RefractiveIndex,WEAK,THRESHOLD,False,STRONG,threshold,38.81,35.79,3.23,low_agreement,,0,0,,False,no_evidence,1,True,True,False,False,False,LOW_EVIDENCE
SIN_Thickness1_SiN_Thickness_1st,INCONCLUSIVE,FLAT,False,MODERATE,threshold,18.32,19.37,19.16,high_agreement,,0,0,,False,no_evidence,1,True,True,False,False,False,LOW_EVIDENCE
SIN_Thickness2_RefractiveIndex,WEAK,SATURATION,False,INCONCLUSIVE,threshold,44.77,43.86,36.91,high_agreement,,0,0,-0.0095,False,no_evidence,0,False,True,False,False,False,UNSUPPORTED
SIN_Thickness2_SiN_Thickness,INCONCLUSIVE,FLAT,False,INCONCLUSIVE,monotonic,38.04,32.84,56.98,moderate_agreement,,0,0,,False,no_evidence,0,False,False,False,False,False,UNSUPPORTED
SIN_ThicknessGN2_RefractiveIndex,INCONCLUSIVE,FLAT,False,INCONCLUSIVE,complex_nonmonotonic,65.54,51.72,39.51,moderate_agreement,,0,0,,False,no_evidence,0,False,True,False,False,False,UNSUPPORTED
SIN_ThicknessGN2_SiN_Thickness,INCONCLUSIVE,FLAT,False,INCONCLUSIVE,flat,47.58,31.79,11.79,low_agreement,,0,0,,False,no_evidence,0,False,False,False,False,False,UNSUPPORTED
SIN_CAPACITOR_ThicknessGN1_RefractiveIndex,INCONCLUSIVE,FLAT,False,INCONCLUSIVE,flat,60.35,41.96,4.49,low_agreement,,0,0,,False,no_evidence,0,False,False,False,False,False,UNSUPPORTED
SIN_CAPACITOR_ThicknessGN1_SiN_Thickness,MODERATE,THRESHOLD,True,INCONCLUSIVE,inverted_U,47.79,35.23,3.72,low_agreement,20.0,1,0,0.2076,False,no_evidence,3,True,True,True,True,False,HIGH_EVIDENCE
STREETS_Height_Backside_metal_thickness,MODERATE,THRESHOLD,True,INCONCLUSIVE,complex_nonmonotonic,21.61,21.47,20.7,high_agreement,,0,0,,False,no_evidence,1,True,True,False,False,False,LOW_EVIDENCE
TANR_M_Gauge_P_E_TaN,INCONCLUSIVE,FLAT,False,INCONCLUSIVE,U_shape,45.12,32.28,15.3,moderate_agreement,,0,0,,False,no_evidence,0,False,True,False,False,False,UNSUPPORTED
TFRP_M_Gauge_P_E_Resistors,STRONG,COMPLEX_NONLINEAR,False,WEAK,complex_nonmonotonic,41.61,30.88,52.14,moderate_agreement,,0,0,,False,no_evidence,1,True,True,False,False,False,LOW_EVIDENCE
THIN_Measure1_Glue_thickness,WEAK,SATURATION,True,INCONCLUSIVE,inverted_U,69.96,59.93,74.81,moderate_agreement,,0,0,,False,no_evidence,0,False,True,False,False,False,UNSUPPORTED
THIN_Measure1GN_Thickness_after_bonding,INCONCLUSIVE,FLAT,False,WEAK,threshold,22.32,18.74,37.47,moderate_agreement,,0,0,,False,no_evidence,0,False,True,False,False,False,UNSUPPORTED
THIN_Measure2_Thickness_after_grinding,INCONCLUSIVE,FLAT,False,MODERATE,threshold,30.88,36.91,6.74,moderate_agreement,171.0,0,0,,False,no_evidence,2,True,True,False,True,False,MEDIUM_EVIDENCE
THIN_Measure2GN_Thickness_after_grinding,WEAK,THRESHOLD,False,WEAK,threshold,53.05,48.7,49.33,high_agreement,,0,0,,False,no_evidence,0,False,True,False,False,False,UNSUPPORTED
THIN_Measure3GN_Thickness_after_etchback,INCONCLUSIVE,FLAT,False,MODERATE,threshold,27.79,28.0,9.68,moderate_agreement,,0,0,,False,no_evidence,1,True,True,False,False,False,LOW_EVIDENCE
THIN_Measure4_Wafer_thickness_final,INCONCLUSIVE,FLAT,False,MODERATE,threshold,32.91,36.21,42.46,high_agreement,,0,0,,False,no_evidence,1,True,True,False,False,False,LOW_EVIDENCE
TOPSIN_ThicknessGN_RefractiveIndex,INCONCLUSIVE,FLAT,False,WEAK,threshold,56.77,46.32,49.75,high_agreement,,0,0,,False,no_evidence,0,False,True,False,False,False,UNSUPPORTED
TOPSIN_ThicknessGN_SiN_Thickness,INCONCLUSIVE,FLAT,False,INCONCLUSIVE,complex_nonmonotonic,43.23,50.18,7.23,low_agreement,,0,0,,False,no_evidence,0,False,True,False,False,False,UNSUPPORTED
VIA_Etch_Via_etch_end_point_time,WEAK,THRESHOLD,False,INCONCLUSIVE,U_shape,37.12,35.65,33.68,high_agreement,,0,0,,False,no_evidence,0,False,True,False,False,False,UNSUPPORTED
VIA_GaN_Height_Ni_height,INCONCLUSIVE,FLAT,False,MODERATE,threshold,37.75,36.42,40.84,high_agreement,,0,0,,False,no_evidence,1,True,True,False,False,False,LOW_EVIDENCE
VIA_GaN_Measure4GN_Final_GaN_thickness,INCONCLUSIVE,FLAT,False,MODERATE,threshold,20.28,21.61,32.84,high_agreement,,0,0,,False,no_evidence,1,True,True,False,False,False,LOW_EVIDENCE
WIN_CD_WIN_CD,INCONCLUSIVE,FLAT,False,MODERATE,threshold,47.93,40.56,9.12,low_agreement,,0,0,,False,no_evidence,1,True,True,False,False,False,LOW_EVIDENCE
WIN_WIN_Alignment_WIN_to_FIN_Alignment,STRONG,SATURATION,True,INCONCLUSIVE,complex_nonmonotonic,28.77,31.44,37.61,high_agreement,,0,0,,False,no_evidence,1,True,True,False,False,False,LOW_EVIDENCE
